Date,Close
1980-03-17,0.9835349917411804
1980-03-18,1.0341161489486694
1980-03-19,1.0284963846206665
1980-03-20,1.0228761434555054
1980-03-21,1.0341161489486694
1980-03-24,1.0172561407089233
1980-03-25,1.0060161352157593
1980-03-26,1.0003951787948608
1980-03-27,1.0003951787948608
1980-03-28,1.0172561407089233
1980-03-31,1.0341161489486694
1980-04-01,1.0341161489486694
1980-04-02,1.0341161489486694
1980-04-03,1.0341161489486694
1980-04-07,1.0228761434555054
1980-04-08,0.9947746992111206
1980-04-09,1.0060161352157593
1980-04-10,1.0116357803344727
1980-04-11,1.0172561407089233
1980-04-14,1.0116357803344727
1980-04-15,1.0453566312789917
1980-04-16,1.0341161489486694
1980-04-17,1.0003951787948608
1980-04-18,0.9891549348831177
1980-04-21,0.9947746992111206
1980-04-22,1.0228761434555054
1980-04-23,1.0172561407089233
1980-04-24,1.0341161489486694
1980-04-25,1.0341161489486694
1980-04-28,1.0116357803344727
1980-04-29,1.0116357803344727
1980-04-30,1.0228761434555054
1980-05-01,1.0341161489486694
1980-05-02,1.0228761434555054
1980-05-05,1.0228761434555054
1980-05-06,1.0341161489486694
1980-05-07,1.050978422164917
1980-05-08,1.0790784358978271
1980-05-09,1.0790784358978271
1980-05-12,1.0678377151489258
1980-05-13,1.0734583139419556
1980-05-14,1.084699034690857
1980-05-15,1.0678377151489258
1980-05-16,1.0622175931930542
1980-05-19,1.0734583139419556
1980-05-20,1.0622175931930542
1980-05-21,1.0734583139419556
1980-05-22,1.0790784358978271
1980-05-23,1.107179045677185
1980-05-27,1.1465206146240234
1980-05-28,1.1465206146240234
1980-05-29,1.1465206146240234
1980-05-30,1.1577609777450562
1980-06-02,1.1577609777450562
1980-06-03,1.1465206146240234
1980-06-04,1.1296595335006714
1980-06-05,1.1633812189102173
1980-06-06,1.1633812189102173
1980-06-09,1.1465206146240234
1980-06-10,1.1296595335006714
1980-06-11,1.1296595335006714
1980-06-12,1.1352804899215698
1980-06-13,1.1352804899215698
1980-06-16,1.140899896621704
1980-06-17,1.140899896621704
1980-06-18,1.1971023082733154
1980-06-19,1.1858619451522827
1980-06-20,1.174621820449829
1980-06-23,1.1971023082733154
1980-06-24,1.1971023082733154
1980-06-25,1.1971023082733154
1980-06-26,1.1971023082733154
1980-06-27,1.1914821863174438
1980-06-30,1.1914821863174438
1980-07-01,1.2083426713943481
1980-07-02,1.1914821863174438
1980-07-03,1.1914821863174438
1980-07-07,1.2027225494384766
1980-07-08,1.2083426713943481
1980-07-09,1.1914821863174438
1980-07-10,1.2083426713943481
1980-07-11,1.1914821863174438
1980-07-14,1.2083426713943481
1980-07-15,1.2027225494384766
1980-07-16,1.1971023082733154
1980-07-17,1.2083426713943481
1980-07-18,1.2027225494384766
1980-07-21,1.2083426713943481
1980-07-22,1.2083426713943481
1980-07-23,1.2195838689804077
1980-07-24,1.2364429235458374
1980-07-25,1.2364429235458374
1980-07-28,1.2420635223388672
1980-07-29,1.2589244842529297
1980-07-30,1.270163893699646
1980-07-31,1.2757848501205444
1980-08-01,1.2926464080810547
1980-08-04,1.2814052104949951
1980-08-05,1.2757848501205444
1980-08-06,1.2870254516601562
1980-08-07,1.3376073837280273
1980-08-08,1.3657079935073853
1980-08-11,1.3488479852676392
1980-08-12,1.3600877523422241
1980-08-13,1.3600877523422241
1980-08-14,1.371328592300415
1980-08-15,1.3825695514678955
1980-08-18,1.4050498008728027
1980-08-19,1.371328592300415
1980-08-20,1.3544690608978271
1980-08-21,1.388189435005188
1980-08-22,1.421910047531128
1980-08-25,1.4275304079055786
1980-08-26,1.4612520933151245
1980-08-27,1.4724926948547363
1980-08-28,1.4724926948547363
1980-08-29,1.494972825050354
1980-09-02,1.4893522262573242
1980-09-03,1.523073434829712
1980-09-04,1.523073434829712
1980-09-05,1.5567950010299683
1980-09-08,1.5511747598648071
1980-09-09,1.596136212348938
1980-09-10,1.6017581224441528
1980-09-11,1.596136212348938
1980-09-12,1.6017581224441528
1980-09-15,1.6129982471466064
1980-09-16,1.596136212348938
1980-09-17,1.5624157190322876
1980-09-18,1.5174543857574463
1980-09-19,1.523073434829712
1980-09-22,1.5174543857574463
1980-09-23,1.523073434829712
1980-09-24,1.5455543994903564
1980-09-25,1.5343146324157715
1980-09-26,1.528693437576294
1980-09-29,1.528693437576294
1980-09-30,1.528693437576294
1980-10-01,1.539933443069458
1980-10-02,1.5174543857574463
1980-10-03,1.539933443069458
1980-10-06,1.5343146324157715
1980-10-07,1.5455543994903564
1980-10-08,1.5343146324157715
1980-10-09,1.5343146324157715
1980-10-10,1.539933443069458
1980-10-13,1.5680357217788696
1980-10-14,1.5343146324157715
1980-10-15,1.5343146324157715
1980-10-16,1.5343146324157715
1980-10-17,1.5343146324157715
1980-10-20,1.528693437576294
1980-10-21,1.528693437576294
1980-10-22,1.528693437576294
1980-10-23,1.539933443069458
1980-10-24,1.539933443069458
1980-10-27,1.5455543994903564
1980-10-28,1.5455543994903564
1980-10-29,1.5343146324157715
1980-10-30,1.539933443069458
1980-10-31,1.5343146324157715
1980-11-03,1.539933443069458
1980-11-05,1.539933443069458
1980-11-06,1.5343146324157715
1980-11-07,1.5343146324157715
1980-11-10,1.539933443069458
1980-11-11,1.5343146324157715
1980-11-12,1.5343146324157715
1980-11-13,1.5343146324157715
1980-11-14,1.5343146324157715
1980-11-17,1.5511747598648071
1980-11-18,1.5567950010299683
1980-11-19,1.539933443069458
1980-11-20,1.5343146324157715
1980-11-21,1.5343146324157715
1980-11-24,1.539933443069458
1980-11-25,1.5343146324157715
1980-11-26,1.539933443069458
1980-11-28,1.5455543994903564
1980-12-01,1.5343146324157715
1980-12-02,1.528693437576294
1980-12-03,1.528693437576294
1980-12-04,1.528693437576294
1980-12-05,1.528693437576294
1980-12-08,1.528693437576294
1980-12-09,1.494972825050354
1980-12-10,1.4500114917755127
1980-12-11,1.3376073837280273
1980-12-12,1.2926464080810547
1980-12-15,1.3600877523422241
1980-12-16,1.3376073837280273
1980-12-17,1.3488479852676392
1980-12-18,1.371328592300415
1980-12-19,1.3825695514678955
1980-12-22,1.3938093185424805
1980-12-23,1.3600877523422241
1980-12-24,1.303885579109192
1980-12-26,1.3151262998580933
1980-12-29,1.3151262998580933
1980-12-30,1.3376073837280273
1980-12-31,1.3938093185424805
1981-01-02,1.4050498008728027
1981-01-05,1.4106695652008057
1981-01-06,1.4106695652008057
1981-01-07,1.371328592300415
1981-01-08,1.3544690608978271
1981-01-09,1.3544690608978271
1981-01-12,1.3544690608978271
1981-01-13,1.3544690608978271
1981-01-14,1.3600877523422241
1981-01-15,1.3544690608978271
1981-01-16,1.3657079935073853
1981-01-19,1.371328592300415
1981-01-20,1.3825695514678955
1981-01-21,1.4050498008728027
1981-01-22,1.4387705326080322
1981-01-23,1.4387705326080322
1981-01-26,1.3938093185424805
1981-01-27,1.4162904024124146
1981-01-28,1.3994293212890625
1981-01-29,1.3938093185424805
1981-01-30,1.3938093185424805
1981-02-02,1.3994293212890625
1981-02-03,1.4275304079055786
1981-02-04,1.3825695514678955
1981-02-05,1.3825695514678955
1981-02-06,1.388189435005188
1981-02-09,1.3825695514678955
1981-02-10,1.371328592300415
1981-02-11,1.3657079935073853
1981-02-12,1.3600877523422241
1981-02-13,1.3488479852676392
1981-02-17,1.3600877523422241
1981-02-18,1.3825695514678955
1981-02-19,1.376948356628418
1981-02-20,1.3657079935073853
1981-02-23,1.3657079935073853
1981-02-24,1.376948356628418
1981-02-25,1.4275304079055786
1981-02-26,1.4275304079055786
1981-02-27,1.4612520933151245
1981-03-02,1.494972825050354
1981-03-03,1.494972825050354
1981-03-04,1.528693437576294
1981-03-05,1.528693437576294
1981-03-06,1.506212830543518
1981-03-09,1.506212830543518
1981-03-10,1.4443907737731934
1981-03-11,1.4556317329406738
1981-03-12,1.5005933046340942
1981-03-13,1.523073434829712
1981-03-16,1.5848966836929321
1981-03-17,1.5624157190322876
1981-03-18,1.5848966836929321
1981-03-19,1.573655128479004
1981-03-20,1.573655128479004
1981-03-23,1.5511747598648071
1981-03-24,1.5567950010299683
1981-03-25,1.5680357217788696
1981-03-26,1.657959222793579
1981-03-27,1.6129982471466064
1981-03-30,1.6354784965515137
1981-03-31,1.6691993474960327
1981-04-01,1.6860603094100952
1981-04-02,1.7422621250152588
1981-04-03,1.7254012823104858
1981-04-06,1.6635786294937134
1981-04-07,1.6410977840423584
1981-04-08,1.618617057800293
1981-04-09,1.6410977840423584
1981-04-10,1.6298571825027466
1981-04-13,1.6242377758026123
1981-04-14,1.6242377758026123
1981-04-15,1.652338981628418
1981-04-16,1.6635786294937134
1981-04-20,1.6748201847076416
1981-04-21,1.7029211521148682
1981-04-22,1.7029211521148682
1981-04-23,1.708540916442871
1981-04-24,1.708540916442871
1981-04-27,1.6973003149032593
1981-04-28,1.652338981628418
1981-04-29,1.6242377758026123
1981-04-30,1.6242377758026123
1981-05-01,1.6298571825027466
1981-05-04,1.618617057800293
1981-05-05,1.5905163288116455
1981-05-06,1.596136212348938
1981-05-07,1.596136212348938
1981-05-08,1.6129982471466064
1981-05-11,1.6017581224441528
1981-05-12,1.5567950010299683
1981-05-13,1.539933443069458
1981-05-14,1.523073434829712
1981-05-15,1.5174543857574463
1981-05-18,1.528693437576294
1981-05-19,1.528693437576294
1981-05-20,1.5455543994903564
1981-05-21,1.5455543994903564
1981-05-22,1.6298571825027466
1981-05-26,1.657959222793579
1981-05-27,1.7535022497177124
1981-05-28,1.7703615427017212
1981-05-29,1.7928428649902344
1981-06-01,1.8209447860717773
1981-06-02,1.8771477937698364
1981-06-03,1.888387680053711
1981-06-04,1.8996272087097168
1981-06-05,1.9333490133285522
1981-06-08,1.944588541984558
1981-06-09,1.9333490133285522
1981-06-10,1.9277275800704956
1981-06-11,1.9558296203613281
1981-06-12,1.9783105850219727
1981-06-15,1.9951695203781128
1981-06-16,1.9895493984222412
1981-06-17,1.961449146270752
1981-06-18,1.8602861166000366
1981-06-19,1.916488528251648
1981-06-22,1.8771477937698364
1981-06-23,1.888387680053711
1981-06-24,1.888387680053711
1981-06-25,1.8602861166000366
1981-06-26,1.7816039323806763
1981-06-29,1.8378047943115234
1981-06-30,1.8490458726882935
1981-07-01,1.832184910774231
1981-07-02,1.7197818756103516
1981-07-06,1.7703615427017212
1981-07-07,1.8040841817855835
1981-07-08,1.7872234582901
1981-07-09,1.8040841817855835
1981-07-10,1.7872234582901
1981-07-13,1.8462352752685547
1981-07-14,1.8715263605117798
1981-07-15,1.9221090078353882
1981-07-16,1.9052475690841675
1981-07-17,1.9052475690841675
1981-07-20,1.8715263605117798
1981-07-21,1.8293753862380981
1981-07-22,1.8040841817855835
1981-07-23,1.7956537008285522
1981-07-24,1.8125147819519043
1981-07-27,1.8630965948104858
1981-07-28,1.9052475690841675
1981-07-29,1.9052475690841675
1981-07-30,1.8968168497085571
1981-07-31,1.91367769241333
1981-08-03,1.8968168497085571
1981-08-04,1.91367769241333
1981-08-05,1.8968168497085571
1981-08-06,1.91367769241333
1981-08-07,1.9052475690841675
1981-08-10,1.8968168497085571
1981-08-11,1.9221090078353882
1981-08-12,1.9305390119552612
1981-08-13,1.9389686584472656
1981-08-14,2.006411552429199
1981-08-17,1.981119990348816
1981-08-18,1.9558296203613281
1981-08-19,1.9726895093917847
1981-08-20,1.9558296203613281
1981-08-21,1.9473984241485596
1981-08-24,1.8968168497085571
1981-08-25,1.8125147819519043
1981-08-26,1.8040841817855835
1981-08-27,1.8125147819519043
1981-08-28,1.8462352752685547
1981-08-31,1.7956537008285522
1981-09-01,1.8040841817855835
1981-09-02,1.8968168497085571
1981-09-03,1.8715263605117798
1981-09-04,1.8462352752685547
1981-09-08,1.7619330883026123
1981-09-09,1.7113502025604248
1981-09-10,1.6944900751113892
1981-09-11,1.7366409301757812
1981-09-14,1.7703615427017212
1981-09-15,1.8040841817855835
1981-09-16,1.7535022497177124
1981-09-17,1.7872234582901
1981-09-18,1.7197818756103516
1981-09-21,1.7619330883026123
1981-09-22,1.7872234582901
1981-09-23,1.7956537008285522
1981-09-24,1.8968168497085571
1981-09-25,1.888387680053711
1981-09-28,1.8715263605117798
1981-09-29,1.9642587900161743
1981-09-30,1.888387680053711
1981-10-01,1.8799562454223633
1981-10-02,1.9052475690841675
1981-10-05,1.9558296203613281
1981-10-06,1.9473984241485596
1981-10-07,1.9726895093917847
1981-10-08,1.9895493984222412
1981-10-09,1.9979815483093262
1981-10-12,2.0822834968566895
1981-10-13,2.056992769241333
1981-10-14,2.0485620498657227
1981-10-15,2.0232715606689453
1981-10-16,2.0317020416259766
1981-10-19,1.9979815483093262
1981-10-20,2.0232715606689453
1981-10-21,2.040132761001587
1981-10-22,1.9642587900161743
1981-10-23,1.9895493984222412
1981-10-26,1.981119990348816
1981-10-27,2.0148401260375977
1981-10-28,1.9979815483093262
1981-10-29,1.9642587900161743
1981-10-30,1.981119990348816
1981-11-02,2.056992769241333
1981-11-03,2.056992769241333
1981-11-04,2.0907137393951416
1981-11-05,2.0738539695739746
1981-11-06,2.0232715606689453
1981-11-09,1.9558296203613281
1981-11-10,1.9726895093917847
1981-11-11,1.9558296203613281
1981-11-12,1.9558296203613281
1981-11-13,1.9642587900161743
1981-11-16,1.9052475690841675
1981-11-17,1.9895493984222412
1981-11-18,1.9895493984222412
1981-11-19,1.9389686584472656
1981-11-20,2.0232715606689453
1981-11-23,1.9726895093917847
1981-11-24,1.9558296203613281
1981-11-25,1.9389686584472656
1981-11-27,1.9305390119552612
1981-11-30,1.9895493984222412
1981-12-01,1.981119990348816
1981-12-02,2.0148401260375977
1981-12-03,1.9726895093917847
1981-12-04,1.9895493984222412
1981-12-07,1.9895493984222412
1981-12-08,2.006411552429199
1981-12-09,1.981119990348816
1981-12-10,1.981119990348816
1981-12-11,1.9726895093917847
1981-12-14,1.8630965948104858
1981-12-15,1.91367769241333
1981-12-16,1.9558296203613281
1981-12-17,1.9558296203613281
1981-12-18,1.9305390119552612
1981-12-21,1.9221090078353882
1981-12-22,1.9473984241485596
1981-12-23,1.9221090078353882
1981-12-24,1.91367769241333
1981-12-28,1.8715263605117798
1981-12-29,1.888387680053711
1981-12-30,1.8799562454223633
1981-12-31,1.91367769241333
1982-01-04,1.9389686584472656
1982-01-05,1.8968168497085571
1982-01-06,1.8630965948104858
1982-01-07,1.8546645641326904
1982-01-08,1.8378047943115234
1982-01-11,1.8040841817855835
1982-01-12,1.7956537008285522
1982-01-13,1.8209447860717773
1982-01-14,1.8378047943115234
1982-01-15,1.8715263605117798
1982-01-18,1.8799562454223633
1982-01-19,1.7872234582901
1982-01-20,1.8209447860717773
1982-01-21,1.8462352752685547
1982-01-22,1.8546645641326904
1982-01-25,1.8546645641326904
1982-01-26,1.8968168497085571
1982-01-27,1.91367769241333
1982-01-28,1.8968168497085571
1982-01-29,1.888387680053711
1982-02-01,1.8293753862380981
1982-02-02,1.8546645641326904
1982-02-03,1.8293753862380981
1982-02-04,1.8462352752685547
1982-02-05,1.8462352752685547
1982-02-08,1.8209447860717773
1982-02-09,1.8378047943115234
1982-02-10,1.8546645641326904
1982-02-11,1.9052475690841675
1982-02-12,1.9052475690841675
1982-02-16,1.8968168497085571
1982-02-17,1.8968168497085571
1982-02-18,1.8968168497085571
1982-02-19,1.9221090078353882
1982-02-22,1.8968168497085571
1982-02-23,1.8462352752685547
1982-02-24,1.8125147819519043
1982-02-25,1.8209447860717773
1982-02-26,1.8715263605117798
1982-03-01,1.9052475690841675
1982-03-02,1.8715263605117798
1982-03-03,1.8209447860717773
1982-03-04,1.8209447860717773
1982-03-05,1.8040841817855835
1982-03-08,1.8209447860717773
1982-03-09,1.7956537008285522
1982-03-10,1.8125147819519043
1982-03-11,1.8209447860717773
1982-03-12,1.8630965948104858
1982-03-15,1.8209447860717773
1982-03-16,1.8715263605117798
1982-03-17,1.91367769241333
1982-03-18,1.9221090078353882
1982-03-19,1.9052475690841675
1982-03-22,1.9221090078353882
1982-03-23,1.9389686584472656
1982-03-24,1.9305390119552612
1982-03-25,1.91367769241333
1982-03-26,1.8546645641326904
1982-03-29,1.8546645641326904
1982-03-30,1.8209447860717773
1982-03-31,1.8209447860717773
1982-04-01,1.9221090078353882
1982-04-02,1.8715263605117798
1982-04-05,1.888387680053711
1982-04-06,1.9389686584472656
1982-04-07,1.91367769241333
1982-04-08,1.981119990348816
1982-04-12,1.981119990348816
1982-04-13,1.9642587900161743
1982-04-14,1.9726895093917847
1982-04-15,2.0232715606689453
1982-04-16,2.0232715606689453
1982-04-19,2.0317020416259766
1982-04-20,2.0317020416259766
1982-04-21,2.0738539695739746
1982-04-22,2.0485620498657227
1982-04-23,2.1075732707977295
1982-04-26,2.099144458770752
1982-04-27,2.1244351863861084
1982-04-28,2.1328654289245605
1982-04-29,2.158156394958496
1982-04-30,2.1328654289245605
1982-05-03,2.225599527359009
1982-05-04,2.2171688079833984
1982-05-05,2.276179552078247
1982-05-06,2.225599527359009
1982-05-07,2.276179552078247
1982-05-10,2.2340285778045654
1982-05-11,2.2677507400512695
1982-05-12,2.284611940383911
1982-05-13,2.2677507400512695
1982-05-14,2.276179552078247
1982-05-17,2.284611940383911
1982-05-18,2.1834466457366943
1982-05-19,2.208738088607788
1982-05-20,2.2508902549743652
1982-05-21,2.2508902549743652
1982-05-24,2.225599527359009
1982-05-25,2.2424607276916504
1982-05-26,2.208738088607788
1982-05-27,2.2593190670013428
1982-05-28,2.2171688079833984
1982-06-01,2.2424607276916504
1982-06-02,2.200307607650757
1982-06-03,2.1750175952911377
1982-06-04,2.16658616065979
1982-06-07,2.1497251987457275
1982-06-08,2.158156394958496
1982-06-09,2.0907137393951416
1982-06-10,2.1244351863861084
1982-06-11,2.158156394958496
1982-06-14,2.1750175952911377
1982-06-15,2.208738088607788
1982-06-16,2.2171688079833984
1982-06-17,2.208738088607788
1982-06-18,2.158156394958496
1982-06-21,2.099144458770752
1982-06-22,2.0738539695739746
1982-06-23,2.099144458770752
1982-06-24,2.208738088607788
1982-06-25,2.2593190670013428
1982-06-28,2.3267629146575928
1982-06-29,2.3773436546325684
1982-06-30,2.4110653400421143
1982-07-01,2.4110653400421143
1982-07-02,2.4110653400421143
1982-07-06,2.3773436546325684
1982-07-07,2.368912935256958
1982-07-08,2.368912935256958
1982-07-09,2.419496536254883
1982-07-12,2.4279255867004395
1982-07-13,2.394204616546631
1982-07-14,2.4363551139831543
1982-07-15,2.4869372844696045
1982-07-16,2.4532158374786377
1982-07-19,2.4532158374786377
1982-07-20,2.4532158374786377
1982-07-21,2.4869372844696045
1982-07-22,2.478508472442627
1982-07-23,2.4700779914855957
1982-07-26,2.503798007965088
1982-07-27,2.4700779914855957
1982-07-28,2.5290887355804443
1982-07-29,2.579671621322632
1982-07-30,2.5628104209899902
1982-08-02,2.520659923553467
1982-08-03,2.520659923553467
1982-08-04,2.520659923553467
1982-08-05,2.478508472442627
1982-08-06,2.3267629146575928
1982-08-09,2.2340285778045654
1982-08-10,2.2424607276916504
1982-08-11,2.3267629146575928
1982-08-12,2.3267629146575928
1982-08-13,2.3604843616485596
1982-08-16,2.4110653400421143
1982-08-17,2.444786310195923
1982-08-18,2.4953672885894775
1982-08-19,2.4869372844696045
1982-08-20,2.5290887355804443
1982-08-23,2.5459506511688232
1982-08-24,2.5628104209899902
1982-08-25,2.5290887355804443
1982-08-26,2.5290887355804443
1982-08-27,2.4616479873657227
1982-08-30,2.520659923553467
1982-08-31,2.4953672885894775
1982-09-01,2.5628104209899902
1982-09-02,2.537520170211792
1982-09-03,2.5543816089630127
1982-09-07,2.6302525997161865
1982-09-08,2.6639742851257324
1982-09-09,2.7398455142974854
1982-09-10,2.714556932449341
1982-09-13,2.765138864517212
1982-09-14,2.790428400039673
1982-09-15,2.849440097808838
1982-09-16,2.975896120071411
1982-09-17,2.942174196243286
1982-09-20,2.87473201751709
1982-09-21,2.942174196243286
1982-09-22,2.8831632137298584
1982-09-23,2.8915929794311523
1982-09-24,2.95060396194458
1982-09-27,2.942174196243286
1982-09-28,2.925313711166382
1982-09-29,2.9168848991394043
1982-09-30,2.8915929794311523
1982-10-01,2.933743715286255
1982-10-04,2.933743715286255
1982-10-05,2.975896120071411
1982-10-06,3.077059030532837
1982-10-07,3.2119414806365967
1982-10-08,3.2962465286254883
1982-10-11,3.3636889457702637
1982-10-12,3.3468284606933594
1982-10-13,3.3974106311798096
1982-10-14,3.3636889457702637
1982-10-15,3.3721203804016113
1982-10-18,3.279386520385742
1982-10-19,3.329965353012085
1982-10-20,3.2709569931030273
1982-10-21,3.313107967376709
1982-10-22,3.4564201831817627
1982-10-25,3.4311318397521973
1982-10-26,3.321535110473633
1982-10-27,3.3889801502227783
1982-10-28,3.3721203804016113
1982-10-29,3.4564201831817627
1982-11-01,3.675609588623047
1982-11-02,3.7261931896209717
1982-11-03,3.709329128265381
1982-11-04,3.751481771469116
1982-11-05,3.7261931896209717
1982-11-08,3.776775360107422
1982-11-09,3.8442184925079346
1982-11-10,3.675609588623047
1982-11-11,3.818922758102417
1982-11-12,3.8610780239105225
1982-11-15,3.7936336994171143
1982-11-16,3.7009005546569824
1982-11-17,3.751481771469116
1982-11-18,3.776775360107422
1982-11-19,3.82735538482666
1982-11-22,3.684040069580078
1982-11-23,3.5913074016571045
1982-11-24,3.6334588527679443
1982-11-26,3.5744469165802
1982-11-29,3.61659836769104
1982-11-30,3.709329128265381
1982-12-01,3.810495138168335
1982-12-02,3.9285175800323486
1982-12-03,4.029680252075195
1982-12-06,4.113985538482666
1982-12-07,4.080265522003174
1982-12-08,4.147708415985107
1982-12-09,3.9706711769104004
1982-12-10,3.979098320007324
1982-12-13,3.9453790187835693
1982-12-14,3.9453790187835693
1982-12-15,3.8863673210144043
1982-12-16,3.8610780239105225
1982-12-17,3.9285175800323486
1982-12-20,3.920088768005371
1982-12-21,3.9116597175598145
1982-12-22,3.9116597175598145
1982-12-23,3.9453790187835693
1982-12-27,3.8779373168945312
1982-12-28,3.8526458740234375
1982-12-29,3.8357882499694824
1982-12-30,3.7599124908447266
1982-12-31,3.776775360107422
1983-01-03,3.7936336994171143
1983-01-04,3.7009005546569824
1983-01-05,3.717759370803833
1983-01-06,3.7599124908447266
1983-01-07,3.7261931896209717
1983-01-10,3.6418895721435547
1983-01-11,3.5744469165802
1983-01-12,3.61659836769104
1983-01-13,3.675609588623047
1983-01-14,3.717759370803833
1983-01-17,3.7430527210235596
1983-01-18,3.7430527210235596
1983-01-19,3.768343687057495
1983-01-20,3.7430527210235596
1983-01-21,3.709329128265381
1983-01-24,3.5744469165802
1983-01-25,3.5238661766052246
1983-01-26,3.5407230854034424
1983-01-27,3.6587507724761963
1983-01-28,3.709329128265381
1983-01-31,3.6924705505371094
1983-02-01,3.7261931896209717
1983-02-02,3.734624147415161
1983-02-03,3.7936336994171143
1983-02-04,3.82735538482666
1983-02-07,3.776775360107422
1983-02-08,3.810495138168335
1983-02-09,3.776775360107422
1983-02-10,3.894796848297119
1983-02-11,3.979098320007324
1983-02-14,3.9369518756866455
1983-02-15,3.9453790187835693
1983-02-16,3.9369518756866455
1983-02-17,3.9285175800323486
1983-02-18,3.9453790187835693
1983-02-22,3.8610780239105225
1983-02-23,4.012823104858398
1983-02-24,4.113985538482666
1983-02-25,4.029680252075195
1983-02-28,3.979098320007324
1983-03-01,4.164566993713379
1983-03-02,4.451200008392334
1983-03-03,4.493351936340332
1983-03-04,4.417476177215576
1983-03-07,4.400615215301514
1983-03-08,4.265730857849121
1983-03-09,4.299450397491455
1983-03-10,4.434337615966797
1983-03-11,4.366893291473389
1983-03-14,4.417476177215576
1983-03-15,4.442768096923828
1983-03-16,4.451200008392334
1983-03-17,4.543931007385254
1983-03-18,4.518639087677002
1983-03-21,4.569223880767822
1983-03-22,4.5017805099487305
1983-03-23,4.451200008392334
1983-03-24,4.636666297912598
1983-03-25,4.60294246673584
1983-03-28,4.720968723297119
1983-03-29,4.737825870513916
1983-03-30,4.805271148681641
1983-03-31,4.822131156921387
1983-04-04,4.788409233093262
1983-04-05,4.788409233093262
1983-04-06,4.670385360717773
1983-04-07,4.788409233093262
1983-04-08,4.720968723297119
1983-04-11,4.704107284545898
1983-04-12,4.805271148681641
1983-04-13,4.805271148681641
1983-04-14,4.872710227966309
1983-04-15,5.024456977844238
1983-04-18,5.0919013023376465
1983-04-19,5.041319370269775
1983-04-20,5.0919013023376465
1983-04-21,5.2267842292785645
1983-04-22,5.2267842292785645
1983-04-25,4.957016944885254
1983-04-26,5.007596015930176
1983-04-27,4.914865970611572
1983-04-28,4.906431674957275
1983-04-29,5.024456977844238
1983-05-02,5.041319370269775
1983-05-03,4.923295974731445
1983-05-04,4.957016944885254
1983-05-05,5.041319370269775
1983-05-06,5.100332260131836
1983-05-09,5.125621318817139
1983-05-10,5.327948570251465
1983-05-11,5.2267842292785645
1983-05-12,5.007596015930176
1983-05-13,4.957016944885254
1983-05-16,4.8895721435546875
1983-05-17,4.8895721435546875
1983-05-18,5.024456977844238
1983-05-19,5.075040340423584
1983-05-20,4.923295974731445
1983-05-23,4.923295974731445
1983-05-24,5.024456977844238
1983-05-25,4.973875045776367
1983-05-26,4.931723594665527
1983-05-27,5.041319370269775
1983-05-31,5.016027927398682
1983-06-01,5.016027927398682
1983-06-02,5.058178901672363
1983-06-03,5.23521614074707
1983-06-06,5.209924697875977
1983-06-07,5.142479419708252
1983-06-08,5.04974889755249
1983-06-09,4.999165058135986
1983-06-10,5.024456977844238
1983-06-13,5.0919013023376465
1983-06-14,5.209924697875977
1983-06-15,5.260505199432373
1983-06-16,5.30265998840332
1983-06-17,5.353238582611084
1983-06-20,5.277365684509277
1983-06-21,5.26893949508667
1983-06-22,5.167774677276611
1983-06-23,5.209924697875977
1983-06-24,5.2014970779418945
1983-06-27,5.2014970779418945
1983-06-28,5.125621318817139
1983-06-29,5.083470344543457
1983-06-30,5.125621318817139
1983-07-01,5.294231414794922
1983-07-05,5.294231414794922
1983-07-06,5.142479419708252
1983-07-07,5.125621318817139
1983-07-08,5.125621318817139
1983-07-11,5.125621318817139
1983-07-12,5.024456977844238
1983-07-13,5.125621318817139
1983-07-14,5.041319370269775
1983-07-15,4.957016944885254
1983-07-18,4.973875045776367
1983-07-19,4.906431674957275
1983-07-20,5.058178901672363
1983-07-21,5.024456977844238
1983-07-22,5.024456977844238
1983-07-25,4.990734577178955
1983-07-26,4.973875045776367
1983-07-27,4.906431674957275
1983-07-28,4.822131156921387
1983-07-29,4.720968723297119
1983-08-01,4.619804859161377
1983-08-02,4.434337615966797
1983-08-03,4.282589912414551
1983-08-04,4.113985538482666
1983-08-05,4.299450397491455
1983-08-08,4.265730857849121
1983-08-09,3.9959630966186523
1983-08-10,4.130845546722412
1983-08-11,4.181427478790283
1983-08-12,4.299450397491455
1983-08-15,4.316312789916992
1983-08-16,4.316312789916992
1983-08-17,4.417476177215576
1983-08-18,4.468057155609131
1983-08-19,4.535501480102539
1983-08-22,4.282589912414551
1983-08-23,4.265730857849121
1983-08-24,4.248870372772217
1983-08-25,4.400615215301514
1983-08-26,4.484921455383301
1983-08-29,4.518639087677002
1983-08-30,4.451200008392334
1983-08-31,4.619804859161377
1983-09-01,4.586082458496094
1983-09-02,4.535501480102539
1983-09-06,4.5017805099487305
1983-09-07,4.535501480102539
1983-09-08,4.451200008392334
1983-09-09,4.451200008392334
1983-09-12,4.417476177215576
1983-09-13,4.282589912414551
1983-09-14,4.383756637573242
1983-09-15,4.451200008392334
1983-09-16,4.383756637573242
1983-09-19,4.383756637573242
1983-09-20,4.484921455383301
1983-09-21,4.299450397491455
1983-09-22,4.316312789916992
1983-09-23,4.282589912414551
1983-09-26,4.265730857849121
1983-09-27,4.299450397491455
1983-09-28,4.248870372772217
1983-09-29,4.248870372772217
1983-09-30,4.248870372772217
1983-10-03,4.265730857849121
1983-10-04,4.2320122718811035
1983-10-05,4.164566993713379
1983-10-06,4.316312789916992
1983-10-07,4.518639087677002
1983-10-10,4.451200008392334
1983-10-11,4.383756637573242
1983-10-12,4.417476177215576
1983-10-13,4.417476177215576
1983-10-14,4.400615215301514
1983-10-17,4.400615215301514
1983-10-18,4.383756637573242
1983-10-19,4.400615215301514
1983-10-20,4.451200008392334
1983-10-21,4.535501480102539
1983-10-24,4.518639087677002
1983-10-25,4.60294246673584
1983-10-26,4.518639087677002
1983-10-27,4.434337615966797
1983-10-28,4.400615215301514
1983-10-31,4.417476177215576
1983-11-01,4.130845546722412
1983-11-02,4.265730857849121
1983-11-03,4.299450397491455
1983-11-04,4.350035190582275
1983-11-07,4.366893291473389
1983-11-08,4.265730857849121
1983-11-09,4.248870372772217
1983-11-10,4.164566993713379
1983-11-11,4.265730857849121
1983-11-14,4.535501480102539
1983-11-15,4.417476177215576
1983-11-16,4.434337615966797
1983-11-17,4.350035190582275
1983-11-18,4.33317232131958
1983-11-21,4.451200008392334
1983-11-22,4.535501480102539
1983-11-23,4.451200008392334
1983-11-25,4.434337615966797
1983-11-28,4.451200008392334
1983-11-29,4.350035190582275
1983-11-30,4.316312789916992
1983-12-01,4.299450397491455
1983-12-02,4.181427478790283
1983-12-05,4.113985538482666
1983-12-06,4.113985538482666
1983-12-07,4.130845546722412
1983-12-08,3.962239980697632
1983-12-09,4.063404083251953
1983-12-12,4.080265522003174
1983-12-13,4.063404083251953
1983-12-14,4.063404083251953
1983-12-15,3.776775360107422
1983-12-16,3.9116597175598145
1983-12-19,3.962239980697632
1983-12-20,4.012823104858398
1983-12-21,4.029680252075195
1983-12-22,4.029680252075195
1983-12-23,4.046543121337891
1983-12-27,4.130845546722412
1983-12-28,4.130845546722412
1983-12-29,4.248870372772217
1983-12-30,4.299450397491455
1984-01-03,4.215147018432617
1984-01-04,4.316312789916992
1984-01-05,4.316312789916992
1984-01-06,4.181427478790283
1984-01-09,4.215147018432617
1984-01-10,4.130845546722412
1984-01-11,4.181427478790283
1984-01-12,4.164566993713379
1984-01-13,4.097124099731445
1984-01-16,4.080265522003174
1984-01-17,4.130845546722412
1984-01-18,4.215147018432617
1984-01-19,4.2320122718811035
1984-01-20,4.147708415985107
1984-01-23,4.063404083251953
1984-01-24,4.046543121337891
1984-01-25,4.012823104858398
1984-01-26,3.9959630966186523
1984-01-27,3.9453790187835693
1984-01-30,3.962239980697632
1984-01-31,4.046543121337891
1984-02-01,4.046543121337891
1984-02-02,4.012823104858398
1984-02-03,3.9959630966186523
1984-02-06,3.979098320007324
1984-02-07,3.979098320007324
1984-02-08,3.9959630966186523
1984-02-09,3.9116597175598145
1984-02-10,3.9959630966186523
1984-02-13,3.9116597175598145
1984-02-14,3.894796848297119
1984-02-15,3.9959630966186523
1984-02-16,3.894796848297119
1984-02-17,3.894796848297119
1984-02-21,3.82735538482666
1984-02-22,3.8610780239105225
1984-02-23,3.9285175800323486
1984-02-24,3.9959630966186523
1984-02-27,4.147708415985107
1984-02-28,4.147708415985107
1984-02-29,4.2320122718811035
1984-03-01,4.282589912414551
1984-03-02,4.316312789916992
1984-03-05,4.113985538482666
1984-03-06,4.046543121337891
1984-03-07,3.8779373168945312
1984-03-08,3.9453790187835693
1984-03-09,3.894796848297119
1984-03-12,3.9959630966186523
1984-03-13,4.046543121337891
1984-03-14,4.012823104858398
1984-03-15,3.979098320007324
1984-03-16,3.979098320007324
1984-03-19,3.9453790187835693
1984-03-20,4.046543121337891
1984-03-21,3.9959630966186523
1984-03-22,3.9959630966186523
1984-03-23,3.9959630966186523
1984-03-26,3.9959630966186523
1984-03-27,3.9959630966186523
1984-03-28,3.9453790187835693
1984-03-29,4.012823104858398
1984-03-30,3.9959630966186523
1984-04-02,4.012823104858398
1984-04-03,3.9959630966186523
1984-04-04,4.012823104858398
1984-04-05,3.9285175800323486
1984-04-06,3.9453790187835693
1984-04-09,3.962239980697632
1984-04-10,3.979098320007324
1984-04-11,3.8610780239105225
1984-04-12,3.8779373168945312
1984-04-13,3.894796848297119
1984-04-16,4.012823104858398
1984-04-17,4.029680252075195
1984-04-18,3.9453790187835693
1984-04-19,3.962239980697632
1984-04-23,3.8610780239105225
1984-04-24,3.8610780239105225
1984-04-25,3.8610780239105225
1984-04-26,3.9116597175598145
1984-04-27,3.9285175800323486
1984-04-30,3.9285175800323486
1984-05-01,3.979098320007324
1984-05-02,4.012823104858398
1984-05-03,4.029680252075195
1984-05-04,4.012823104858398
1984-05-07,4.029680252075195
1984-05-08,4.012823104858398
1984-05-09,4.029680252075195
1984-05-10,4.012823104858398
1984-05-11,3.7936336994171143
1984-05-14,3.776775360107422
1984-05-15,3.6924705505371094
1984-05-16,3.675609588623047
1984-05-17,3.675609588623047
1984-05-18,3.675609588623047
1984-05-21,3.557586431503296
1984-05-22,3.4564201831817627
1984-05-23,3.4227004051208496
1984-05-24,3.2203752994537354
1984-05-25,3.3383986949920654
1984-05-29,3.3721203804016113
1984-05-30,3.4732818603515625
1984-05-31,3.5407230854034424
1984-06-01,3.6924705505371094
1984-06-04,3.709329128265381
1984-06-05,3.6418895721435547
1984-06-06,3.557586431503296
1984-06-07,3.4901440143585205
1984-06-08,3.5407230854034424
1984-06-11,3.5407230854034424
1984-06-12,3.5407230854034424
1984-06-13,3.557586431503296
1984-06-14,3.5407230854034424
1984-06-15,3.5407230854034424
1984-06-18,3.507004499435425
1984-06-19,3.5407230854034424
1984-06-20,3.5238661766052246
1984-06-21,3.4564201831817627
1984-06-22,3.507004499435425
1984-06-25,3.4732818603515625
1984-06-26,3.507004499435425
1984-06-27,3.4901440143585205
1984-06-28,3.4901440143585205
1984-06-29,3.5744469165802
1984-07-02,3.608168363571167
1984-07-03,3.6418895721435547
1984-07-05,3.5238661766052246
1984-07-06,3.5407230854034424
1984-07-09,3.557586431503296
1984-07-10,3.557586431503296
1984-07-11,3.5238661766052246
1984-07-12,3.4732818603515625
1984-07-13,3.4901440143585205
1984-07-16,3.4732818603515625
1984-07-17,3.5744469165802
1984-07-18,3.608168363571167
1984-07-19,3.4901440143585205
1984-07-20,3.4732818603515625
1984-07-23,3.507004499435425
1984-07-24,3.5238661766052246
1984-07-25,3.5238661766052246
1984-07-26,3.507004499435425
1984-07-27,3.5238661766052246
1984-07-30,3.439563274383545
1984-07-31,3.4058423042297363
1984-08-01,3.4901440143585205
1984-08-02,3.507004499435425
1984-08-03,3.237234115600586
1984-08-06,3.1697933673858643
1984-08-07,3.1697933673858643
1984-08-08,3.1529321670532227
1984-08-09,3.237234115600586
1984-08-10,3.237234115600586
1984-08-13,3.2035162448883057
1984-08-14,3.1023495197296143
1984-08-15,3.085489273071289
1984-08-16,3.1866533756256104
1984-08-17,3.2203752994537354
1984-08-20,3.2709569931030273
1984-08-21,3.3383986949920654
1984-08-22,3.3383986949920654
1984-08-23,3.321535110473633
1984-08-24,3.304677963256836
1984-08-27,3.2709569931030273
1984-08-28,3.2709569931030273
1984-08-29,3.4227004051208496
1984-08-30,3.439563274383545
1984-08-31,3.439563274383545
1984-09-04,3.3889801502227783
1984-09-05,3.304677963256836
1984-09-06,3.3383986949920654
1984-09-07,3.304677963256836
1984-09-10,3.3383986949920654
1984-09-11,3.2709569931030273
1984-09-12,3.237234115600586
1984-09-13,3.2203752994537354
1984-09-14,3.2709569931030273
1984-09-17,3.3383986949920654
1984-09-18,3.3383986949920654
1984-09-19,3.355257987976074
1984-09-20,3.321535110473633
1984-09-21,3.2878174781799316
1984-09-24,3.321535110473633
1984-09-25,3.2878174781799316
1984-09-26,3.321535110473633
1984-09-27,3.4227004051208496
1984-09-28,3.3889801502227783
1984-10-01,3.4058423042297363
1984-10-02,3.439563274383545
1984-10-03,3.4732818603515625
1984-10-04,3.4058423042297363
1984-10-05,3.4058423042297363
1984-10-08,3.4732818603515625
1984-10-09,3.4227004051208496
1984-10-10,3.3721203804016113
1984-10-11,3.3889801502227783
1984-10-12,3.3889801502227783
1984-10-15,3.4901440143585205
1984-10-16,3.439563274383545
1984-10-17,3.507004499435425
1984-10-18,3.5744469165802
1984-10-19,3.4732818603515625
1984-10-22,3.439563274383545
1984-10-23,3.4564201831817627
1984-10-24,3.4564201831817627
1984-10-25,3.4732818603515625
1984-10-26,3.4901440143585205
1984-10-29,3.4901440143585205
1984-10-30,3.5744469165802
1984-10-31,3.5238661766052246
1984-11-01,3.4901440143585205
1984-11-02,3.5407230854034424
1984-11-05,3.507004499435425
1984-11-06,3.507004499435425
1984-11-07,3.5407230854034424
1984-11-08,3.6418895721435547
1984-11-09,3.5238661766052246
1984-11-12,3.6418895721435547
1984-11-13,3.5744469165802
1984-11-14,3.5913074016571045
1984-11-15,3.6250295639038086
1984-11-16,3.5744469165802
1984-11-19,3.6250295639038086
1984-11-20,3.5913074016571045
1984-11-21,3.608168363571167
1984-11-23,3.6250295639038086
1984-11-26,3.439563274383545
1984-11-27,3.4564201831817627
1984-11-28,3.507004499435425
1984-11-29,3.5238661766052246
1984-11-30,3.557586431503296
1984-12-03,3.5407230854034424
1984-12-04,3.4732818603515625
1984-12-05,3.439563274383545
1984-12-06,3.5913074016571045
1984-12-07,3.507004499435425
1984-12-10,3.5238661766052246
1984-12-11,3.5238661766052246
1984-12-12,3.507004499435425
1984-12-13,3.507004499435425
1984-12-14,3.507004499435425
1984-12-17,3.5407230854034424
1984-12-18,3.5407230854034424
1984-12-19,3.557586431503296
1984-12-20,3.5913074016571045
1984-12-21,3.5913074016571045
1984-12-24,3.608168363571167
1984-12-26,3.608168363571167
1984-12-27,3.6250295639038086
1984-12-28,3.6250295639038086
1984-12-31,3.6924705505371094
1985-01-02,3.6250295639038086
1985-01-03,3.6250295639038086
1985-01-04,3.6924705505371094
1985-01-07,3.709329128265381
1985-01-08,3.608168363571167
1985-01-09,3.6418895721435547
1985-01-10,3.6587507724761963
1985-01-11,3.6924705505371094
1985-01-14,3.7261931896209717
1985-01-15,3.7430527210235596
1985-01-16,3.7599124908447266
1985-01-17,3.7936336994171143
1985-01-18,3.8779373168945312
1985-01-21,3.82735538482666
1985-01-22,3.8442184925079346
1985-01-23,3.8610780239105225
1985-01-24,3.894796848297119
1985-01-25,3.8442184925079346
1985-01-28,3.8442184925079346
1985-01-29,3.8610780239105225
1985-01-30,3.9116597175598145
1985-01-31,3.9453790187835693
1985-02-01,3.9453790187835693
1985-02-04,3.9453790187835693
1985-02-05,3.9453790187835693
1985-02-06,4.012823104858398
1985-02-07,3.9116597175598145
1985-02-08,3.979098320007324
1985-02-11,3.8442184925079346
1985-02-12,3.8442184925079346
1985-02-13,3.979098320007324
1985-02-14,3.979098320007324
1985-02-15,4.012823104858398
1985-02-19,3.9285175800323486
1985-02-20,3.8779373168945312
1985-02-21,3.82735538482666
1985-02-22,3.82735538482666
1985-02-25,3.776775360107422
1985-02-26,3.709329128265381
1985-02-27,3.776775360107422
1985-02-28,3.7936336994171143
1985-03-01,3.810495138168335
1985-03-04,3.810495138168335
1985-03-05,3.8779373168945312
1985-03-06,3.8610780239105225
1985-03-07,3.8442184925079346
1985-03-08,3.7261931896209717
1985-03-11,3.709329128265381
1985-03-12,3.7386932373046875
1985-03-13,3.7045509815216064
1985-03-14,3.7045509815216064
1985-03-15,3.6533384323120117
1985-03-18,3.5850489139556885
1985-03-19,3.567979574203491
1985-03-20,3.5850489139556885
1985-03-21,3.550905704498291
1985-03-22,3.5850489139556885
1985-03-25,3.5850489139556885
1985-03-26,3.670408248901367
1985-03-27,3.7386932373046875
1985-03-28,3.824052333831787
1985-03-29,3.824052333831787
1985-04-01,3.6874794960021973
1985-04-02,3.465547561645508
1985-04-03,3.414335250854492
1985-04-04,3.465547561645508
1985-04-08,3.4826207160949707
1985-04-09,3.4314045906066895
1985-04-10,3.4826207160949707
1985-04-11,3.567979574203491
1985-04-12,3.619192600250244
1985-04-15,3.619192600250244
1985-04-16,3.6021225452423096
1985-04-17,3.5850489139556885
1985-04-18,3.567979574203491
1985-04-19,3.567979574203491
1985-04-22,3.5850489139556885
1985-04-23,3.567979574203491
1985-04-24,3.619192600250244
1985-04-25,3.619192600250244
1985-04-26,3.6021225452423096
1985-04-29,3.550905704498291
1985-04-30,3.550905704498291
1985-05-01,3.619192600250244
1985-05-02,3.670408248901367
1985-05-03,3.7045509815216064
1985-05-06,3.7045509815216064
1985-05-07,3.670408248901367
1985-05-08,3.670408248901367
1985-05-09,3.670408248901367
1985-05-10,3.721623182296753
1985-05-13,3.619192600250244
1985-05-14,3.6362648010253906
1985-05-15,3.6874794960021973
1985-05-16,3.721623182296753
1985-05-17,3.6874794960021973
1985-05-20,3.858196496963501
1985-05-21,3.8923404216766357
1985-05-22,3.8752682209014893
1985-05-23,3.8923404216766357
1985-05-24,3.9947707653045654
1985-05-28,3.960625648498535
1985-05-29,3.8752682209014893
1985-05-30,3.8752682209014893
1985-05-31,3.960625648498535
1985-06-03,3.909407138824463
1985-06-04,3.8923404216766357
1985-06-05,3.9264843463897705
1985-06-06,4.063055515289307
1985-06-07,3.9435553550720215
1985-06-10,3.9264843463897705
1985-06-11,3.9389219284057617
1985-06-12,3.904369354248047
1985-06-13,3.9216468334198
1985-06-14,3.990750551223755
1985-06-17,4.025300025939941
1985-06-18,4.059853553771973
1985-06-19,4.059853553771973
1985-06-20,3.9389219284057617
1985-06-21,4.1116814613342285
1985-06-24,4.008026123046875
1985-06-25,4.008026123046875
1985-06-26,4.025300025939941
1985-06-27,4.025300025939941
1985-06-28,4.059853553771973
1985-07-01,4.025300025939941
1985-07-02,4.025300025939941
1985-07-03,4.04257869720459
1985-07-05,4.025300025939941
1985-07-08,4.025300025939941
1985-07-09,4.025300025939941
1985-07-10,4.07712984085083
1985-07-11,4.07712984085083
1985-07-12,4.025300025939941
1985-07-15,4.04257869720459
1985-07-16,4.094405651092529
1985-07-17,4.1116814613342285
1985-07-18,4.128958702087402
1985-07-19,4.215339183807373
1985-07-22,4.094405651092529
1985-07-23,4.059853553771973
1985-07-24,4.16350793838501
1985-07-25,4.198061943054199
1985-07-26,4.198061943054199
1985-07-29,4.094405651092529
1985-07-30,4.1807861328125
1985-07-31,4.128958702087402
1985-08-01,4.198061943054199
1985-08-02,4.198061943054199
1985-08-05,4.16350793838501
1985-08-06,4.04257869720459
1985-08-07,4.04257869720459
1985-08-08,4.249889850616455
1985-08-09,4.284442901611328
1985-08-12,4.284442901611328
1985-08-13,4.249889850616455
1985-08-14,4.3535475730896
1985-08-15,4.3535475730896
1985-08-16,4.284442901611328
1985-08-19,4.267166614532471
1985-08-20,4.215339183807373
1985-08-21,4.284442901611328
1985-08-22,4.284442901611328
1985-08-23,4.2326154708862305
1985-08-26,4.284442901611328
1985-08-27,4.301717758178711
1985-08-28,4.336267948150635
1985-08-29,4.405372142791748
1985-08-30,4.457202911376953
1985-09-03,4.3535475730896
1985-09-04,4.249889850616455
1985-09-05,4.249889850616455
1985-09-06,4.318991661071777
1985-09-09,4.370820999145508
1985-09-10,4.435787200927734
1985-09-11,4.453248023986816
1985-09-12,4.383393287658691
1985-09-13,4.34846830368042
1985-09-16,4.313542366027832
1985-09-17,4.278613567352295
1985-09-18,4.261147499084473
1985-09-19,4.296076774597168
1985-09-20,4.243686676025391
1985-09-23,4.261147499084473
1985-09-24,4.243686676025391
1985-09-25,4.261147499084473
1985-09-26,4.278613567352295
1985-09-30,4.261147499084473
1985-10-01,4.261147499084473
1985-10-02,4.121438503265381
1985-10-03,4.278613567352295
1985-10-04,4.243686676025391
1985-10-07,4.296076774597168
1985-10-08,4.243686676025391
1985-10-09,4.226223468780518
1985-10-10,4.2087578773498535
1985-10-11,4.1389031410217285
1985-10-14,4.173831462860107
1985-10-15,4.156367301940918
1985-10-16,4.156367301940918
1985-10-17,4.121438503265381
1985-10-18,4.121438503265381
1985-10-21,4.156367301940918
1985-10-22,4.121438503265381
1985-10-23,4.1389031410217285
1985-10-24,4.121438503265381
1985-10-25,4.191293716430664
1985-10-28,4.173831462860107
1985-10-29,4.191293716430664
1985-10-30,4.191293716430664
1985-10-31,4.191293716430664
1985-11-01,4.313542366027832
1985-11-04,4.296076774597168
1985-11-05,4.418323993682861
1985-11-06,4.505642890930176
1985-11-07,4.57549524307251
1985-11-08,4.48817777633667
1985-11-11,4.5405683517456055
1985-11-12,4.680278778076172
1985-11-13,4.785060405731201
1985-11-14,4.889843463897705
1985-11-15,5.029550552368164
1985-11-18,4.750131607055664
1985-11-19,4.732670307159424
1985-11-20,4.715202808380127
1985-11-21,4.680278778076172
1985-11-22,4.66281795501709
1985-11-25,4.453248023986816
1985-11-26,4.505642890930176
1985-11-27,4.645350456237793
1985-11-29,4.66281795501709
1985-12-02,4.645350456237793
1985-12-03,4.732670307159424
1985-12-04,4.69774055480957
1985-12-05,4.750131607055664
1985-12-06,4.69774055480957
1985-12-09,4.767597675323486
1985-12-10,4.871377944946289
1985-12-11,4.8360772132873535
1985-12-12,4.8537278175354
1985-12-13,4.871377944946289
1985-12-16,4.8537278175354
1985-12-17,4.8184285163879395
1985-12-18,4.871377944946289
1985-12-19,4.889030933380127
1985-12-20,4.941979885101318
1985-12-23,4.941979885101318
1985-12-24,4.871377944946289
1985-12-26,4.924328804016113
1985-12-27,4.871377944946289
1985-12-30,4.8184285163879395
1985-12-31,4.765477657318115
1986-01-02,4.606627941131592
1986-01-03,4.624279975891113
1986-01-06,4.588980674743652
1986-01-07,4.694878578186035
1986-01-08,4.765477657318115
1986-01-09,4.712531089782715
1986-01-10,4.694878578186035
1986-01-13,4.677229881286621
1986-01-14,4.765477657318115
1986-01-15,4.677229881286621
1986-01-16,4.6419291496276855
1986-01-17,4.606627941131592
1986-01-20,4.606627941131592
1986-01-21,4.5360307693481445
1986-01-22,4.518380165100098
1986-01-23,4.465431213378906
1986-01-24,4.483081817626953
1986-01-27,4.588980674743652
1986-01-28,4.518380165100098
1986-01-29,4.483081817626953
1986-01-30,4.588980674743652
1986-01-31,4.8184285163879395
1986-02-03,4.8184285163879395
1986-02-04,4.924328804016113
1986-02-05,4.941979885101318
1986-02-06,4.924328804016113
1986-02-07,4.924328804016113
1986-02-10,4.977280139923096
1986-02-11,4.924328804016113
1986-02-12,5.030228137969971
1986-02-13,4.906676769256592
1986-02-14,4.924328804016113
1986-02-18,4.994928359985352
1986-02-19,4.941979885101318
1986-02-20,4.941979885101318
1986-02-21,4.941979885101318
1986-02-24,4.977280139923096
1986-02-25,4.994928359985352
1986-02-26,5.065528869628906
1986-02-27,5.189076900482178
1986-02-28,5.08317756652832
1986-03-03,5.047879219055176
1986-03-04,5.065528869628906
1986-03-05,5.189076900482178
1986-03-06,5.259677886962891
1986-03-07,5.365575790405273
1986-03-10,5.189076900482178
1986-03-11,5.400831699371338
1986-03-12,5.293882846832275
1986-03-13,5.347354888916016
1986-03-14,5.38300895690918
1986-03-17,5.311710834503174
1986-03-18,5.38300895690918
1986-03-19,5.400831699371338
1986-03-20,5.436480522155762
1986-03-21,5.454306602478027
1986-03-24,5.507778644561768
1986-03-25,5.579079627990723
1986-03-26,5.703853130340576
1986-03-27,5.721671104431152
1986-03-31,5.686023712158203
1986-04-01,5.6503777503967285
1986-04-02,5.6147260665893555
1986-04-03,5.579079627990723
1986-04-04,5.38300895690918
1986-04-07,5.400831699371338
1986-04-08,5.66819953918457
1986-04-09,5.632551670074463
1986-04-10,5.66819953918457
1986-04-11,5.757324695587158
1986-04-14,5.917744159698486
1986-04-15,6.042515277862549
1986-04-16,6.167285442352295
1986-04-17,6.167285442352295
1986-04-18,6.006865978240967
1986-04-21,6.024685859680176
1986-04-22,5.899918079376221
1986-04-23,5.703853130340576
1986-04-24,5.703853130340576
1986-04-25,5.703853130340576
1986-04-28,5.864267349243164
1986-04-29,5.703853130340576
1986-04-30,5.5969014167785645
1986-05-01,5.579079627990723
1986-05-02,5.66819953918457
1986-05-05,5.81079626083374
1986-05-06,5.757324695587158
1986-05-07,5.739499092102051
1986-05-08,5.828623294830322
1986-05-09,5.757324695587158
1986-05-12,5.8820929527282715
1986-05-13,5.846444129943848
1986-05-14,5.775147438049316
1986-05-15,5.81079626083374
1986-05-16,5.989044666290283
1986-05-19,5.846444129943848
1986-05-20,5.917744159698486
1986-05-21,5.917744159698486
1986-05-22,6.024685859680176
1986-05-23,6.024685859680176
1986-05-27,5.989044666290283
1986-05-28,5.8820929527282715
1986-05-29,6.024685859680176
1986-05-30,5.757324695587158
1986-06-02,5.703853130340576
1986-06-03,5.561254501342773
1986-06-04,5.418656349182129
1986-06-05,5.632551670074463
1986-06-06,5.5969014167785645
1986-06-09,5.543428897857666
1986-06-10,5.541269779205322
1986-06-11,5.541269779205322
1986-06-12,5.739171028137207
1986-06-13,5.721179962158203
1986-06-16,5.595242977142334
1986-06-17,5.397336483001709
1986-06-18,5.397336483001709
1986-06-19,5.505288124084473
1986-06-20,5.649216175079346
1986-06-23,5.667206287384033
1986-06-24,5.667206287384033
1986-06-25,5.703191757202148
1986-06-26,5.685199737548828
1986-06-27,5.649216175079346
1986-06-30,5.487296104431152
1986-07-01,5.57725191116333
1986-07-02,5.631227493286133
1986-07-03,5.685199737548828
1986-07-07,5.613234996795654
1986-07-08,5.613234996795654
1986-07-09,5.595242977142334
1986-07-10,5.57725191116333
1986-07-11,5.3613600730896
1986-07-14,5.1814446449279785
1986-07-15,4.947563171386719
1986-07-16,5.055508136749268
1986-07-17,5.127474784851074
1986-07-18,5.1814446449279785
1986-07-21,5.3073835372924805
1986-07-22,5.469305038452148
1986-07-23,5.487296104431152
1986-07-24,5.505288124084473
1986-07-25,5.505288124084473
1986-07-28,5.469305038452148
1986-07-29,5.397336483001709
1986-07-30,5.397336483001709
1986-07-31,5.4153289794921875
1986-08-01,5.4153289794921875
1986-08-04,5.397336483001709
1986-08-05,5.397336483001709
1986-08-06,5.379349231719971
1986-08-07,5.271405220031738
1986-08-08,5.1814446449279785
1986-08-11,5.163456916809082
1986-08-12,5.217430591583252
1986-08-13,5.289391994476318
1986-08-14,5.1814446449279785
1986-08-15,5.163456916809082
1986-08-18,5.127474784851074
1986-08-19,5.109480857849121
1986-08-20,5.0734992027282715
1986-08-21,5.03751802444458
1986-08-22,5.03751802444458
1986-08-25,5.03751802444458
1986-08-26,5.055508136749268
1986-08-27,5.055508136749268
1986-08-28,5.14546537399292
1986-08-29,5.055508136749268
1986-09-02,4.875598430633545
1986-09-03,5.03751802444458
1986-09-04,5.14546537399292
1986-09-05,5.127474784851074
1986-09-08,5.1814446449279785
1986-09-09,5.1610918045043945
1986-09-10,5.1610918045043945
1986-09-11,4.97936487197876
1986-09-12,4.706772327423096
1986-09-15,4.652252674102783
1986-09-16,4.652252674102783
1986-09-17,4.652252674102783
1986-09-18,4.652252674102783
1986-09-19,4.706772327423096
1986-09-22,4.670426368713379
1986-09-23,4.634078025817871
1986-09-24,4.634078025817871
1986-09-25,4.615909576416016
1986-09-26,4.615909576416016
1986-09-29,4.543215274810791
1986-09-30,4.525044918060303
1986-10-01,4.543215274810791
1986-10-02,4.688599586486816
1986-10-03,4.7249436378479
1986-10-06,4.706772327423096
1986-10-07,4.652252674102783
1986-10-08,4.7249436378479
1986-10-09,4.652252674102783
1986-10-10,4.688599586486816
1986-10-13,4.688599586486816
1986-10-14,4.706772327423096
1986-10-15,4.7249436378479
1986-10-16,4.7249436378479
1986-10-17,4.7249436378479
1986-10-20,4.688599586486816
1986-10-21,4.688599586486816
1986-10-22,4.634078025817871
1986-10-23,4.761290073394775
1986-10-24,4.688599586486816
1986-10-27,4.706772327423096
1986-10-28,4.761290073394775
1986-10-29,4.779463768005371
1986-10-30,4.761290073394775
1986-10-31,4.7249436378479
1986-11-03,4.8158087730407715
1986-11-04,4.7249436378479
1986-11-05,4.88850212097168
1986-11-06,4.943017959594727
1986-11-07,4.88850212097168
1986-11-10,4.943017959594727
1986-11-11,5.015710353851318
1986-11-12,4.97936487197876
1986-11-13,4.97936487197876
1986-11-14,5.015710353851318
1986-11-17,4.9611921310424805
1986-11-18,4.9611921310424805
1986-11-19,4.924847602844238
1986-11-20,4.9611921310424805
1986-11-21,4.997538089752197
1986-11-24,4.997538089752197
1986-11-25,5.033885478973389
1986-11-26,5.015710353851318
1986-11-28,5.015710353851318
1986-12-01,5.015710353851318
1986-12-02,5.015710353851318
1986-12-03,5.070229530334473
1986-12-04,5.1065754890441895
1986-12-05,5.142920017242432
1986-12-08,5.197439670562744
1986-12-09,5.142342567443848
1986-12-10,5.142342567443848
1986-12-11,5.105611324310303
1986-12-12,5.105611324310303
1986-12-15,5.087247848510742
1986-12-16,5.105611324310303
1986-12-17,5.087247848510742
1986-12-18,5.087247848510742
1986-12-19,5.087247848510742
1986-12-22,5.105611324310303
1986-12-23,5.087247848510742
1986-12-24,5.013782501220703
1986-12-26,5.013782501220703
1986-12-29,5.050512313842773
1986-12-30,5.050512313842773
1986-12-31,5.068881034851074
1987-01-02,5.179073333740234
1987-01-05,5.3994598388671875
1987-01-06,5.3994598388671875
1987-01-07,5.325994968414307
1987-01-08,5.252538681030273
1987-01-09,5.252538681030273
1987-01-12,5.3994598388671875
1987-01-13,5.325994968414307
1987-01-14,5.307629585266113
1987-01-15,5.436190605163574
1987-01-16,5.546385288238525
1987-01-19,5.509652137756348
1987-01-20,5.436190605163574
1987-01-21,5.436190605163574
1987-01-22,5.693305015563965
1987-01-23,5.730038166046143
1987-01-26,5.656575679779053
1987-01-27,5.656575679779053
1987-01-28,5.564749717712402
1987-01-29,5.546385288238525
1987-01-30,5.436190605163574
1987-02-02,5.362730503082275
1987-02-03,5.362730503082275
1987-02-04,5.528016090393066
1987-02-05,5.509652137756348
1987-02-06,5.601476192474365
1987-02-09,5.693305015563965
1987-02-10,5.693305015563965
1987-02-11,5.674938201904297
1987-02-12,5.436190605163574
1987-02-13,5.730038166046143
1987-02-17,5.76677131652832
1987-02-18,5.730038166046143
1987-02-19,5.913694858551025
1987-02-20,5.803500652313232
1987-02-23,5.840234279632568
1987-02-24,5.858598709106445
1987-02-25,5.803500652313232
1987-02-26,5.821865081787109
1987-02-27,5.785135269165039
1987-03-02,5.711674690246582
1987-03-03,5.601476192474365
1987-03-04,5.711674690246582
1987-03-05,5.711674690246582
1987-03-06,5.803500652313232
1987-03-09,5.913694858551025
1987-03-10,5.858078479766846
1987-03-11,5.821005344390869
1987-03-12,5.728308200836182
1987-03-13,5.598545074462891
1987-03-16,5.561465740203857
1987-03-17,5.598545074462891
1987-03-18,5.635618686676025
1987-03-19,5.728308200836182
1987-03-20,5.895157814025879
1987-03-23,5.9136962890625
1987-03-24,5.858078479766846
1987-03-25,5.932233810424805
1987-03-26,5.821005344390869
1987-03-27,5.709773063659668
1987-03-30,5.6912360191345215
1987-03-31,5.709773063659668
1987-04-01,5.709773063659668
1987-04-02,5.746848106384277
1987-04-03,5.895157814025879
1987-04-06,5.839541435241699
1987-04-07,5.783925533294678
1987-04-08,5.765390872955322
1987-04-09,5.746848106384277
1987-04-10,5.783925533294678
1987-04-13,5.728308200836182
1987-04-14,5.431701183319092
1987-04-15,5.450239658355713
1987-04-16,5.635618686676025
1987-04-20,5.598545074462891
1987-04-21,5.783925533294678
1987-04-22,5.61708402633667
1987-04-23,5.65415620803833
1987-04-24,5.635618686676025
1987-04-27,5.783925533294678
1987-04-28,5.709773063659668
1987-04-29,5.635618686676025
1987-04-30,5.821005344390869
1987-05-01,5.783925533294678
1987-05-04,5.876617908477783
1987-05-05,5.9136962890625
1987-05-06,5.839541435241699
1987-05-07,5.821005344390869
1987-05-08,5.746848106384277
1987-05-11,5.783925533294678
1987-05-12,5.839541435241699
1987-05-13,5.783925533294678
1987-05-14,5.765390872955322
1987-05-15,5.6912360191345215
1987-05-18,5.746848106384277
1987-05-19,5.61708402633667
1987-05-20,5.450239658355713
1987-05-21,5.41316556930542
1987-05-22,5.487313747406006
1987-05-26,5.635618686676025
1987-05-27,5.728308200836182
1987-05-28,5.672697067260742
1987-05-29,5.598545074462891
1987-06-01,5.598545074462891
1987-06-02,5.61708402633667
1987-06-03,5.6912360191345215
1987-06-04,5.6912360191345215
1987-06-05,5.746848106384277
1987-06-08,5.802464008331299
1987-06-09,5.839899063110352
1987-06-10,5.87733793258667
1987-06-11,5.952208995819092
1987-06-12,6.120666980743408
1987-06-15,6.363994121551514
1987-06-16,6.382709980010986
1987-06-17,6.345273971557617
1987-06-18,6.588606834411621
1987-06-19,6.607324123382568
1987-06-22,6.626043319702148
1987-06-23,6.588606834411621
1987-06-24,6.588606834411621
1987-06-25,6.626043319702148
1987-06-26,6.532451152801514
1987-06-29,6.626043319702148
1987-06-30,6.401431083679199
1987-07-01,6.307834625244141
1987-07-02,6.251688480377197
1987-07-06,6.476298809051514
1987-07-07,6.382709980010986
1987-07-08,6.363994121551514
1987-07-09,6.513734340667725
1987-07-10,6.457582950592041
1987-07-13,6.457582950592041
1987-07-14,6.476298809051514
1987-07-15,6.532451152801514
1987-07-16,6.513734340667725
1987-07-17,6.55116605758667
1987-07-20,6.326554775238037
1987-07-21,6.476298809051514
1987-07-22,6.42014741897583
1987-07-23,6.307834625244141
1987-07-24,6.401431083679199
1987-07-27,6.363994121551514
1987-07-28,6.307834625244141
1987-07-29,6.438863277435303
1987-07-30,6.438863277435303
1987-07-31,6.401431083679199
1987-08-03,6.363994121551514
1987-08-04,6.401431083679199
1987-08-05,6.42014741897583
1987-08-06,6.438863277435303
1987-08-07,6.476298809051514
1987-08-10,6.513734340667725
1987-08-11,6.513734340667725
1987-08-12,6.495018005371094
1987-08-13,6.513734340667725
1987-08-14,6.495018005371094
1987-08-17,6.569887638092041
1987-08-18,6.55116605758667
1987-08-19,6.513734340667725
1987-08-20,6.55116605758667
1987-08-21,6.55116605758667
1987-08-24,6.532451152801514
1987-08-25,6.55116605758667
1987-08-26,6.532451152801514
1987-08-27,6.513734340667725
1987-08-28,6.401431083679199
1987-08-31,6.495018005371094
1987-09-01,6.382709980010986
1987-09-02,6.2142534255981445
1987-09-03,6.158102989196777
1987-09-04,6.139382362365723
1987-09-08,6.177161693572998
1987-09-09,6.082712650299072
1987-09-10,6.007151126861572
1987-09-11,6.120493412017822
1987-09-14,6.177161693572998
1987-09-15,6.158271312713623
1987-09-16,6.1016035079956055
1987-09-17,6.02603816986084
1987-09-18,5.969371795654297
1987-09-21,5.931586265563965
1987-09-22,5.950479507446289
1987-09-23,5.893805503845215
1987-09-24,5.931586265563965
1987-09-25,5.931586265563965
1987-09-28,5.969371795654297
1987-09-29,6.120493412017822
1987-09-30,6.290505409240723
1987-10-01,6.4416303634643555
1987-10-02,6.4605183601379395
1987-10-05,6.422741413116455
1987-10-06,6.158271312713623
1987-10-07,6.196052074432373
1987-10-08,6.139380931854248
1987-10-09,6.158271312713623
1987-10-12,6.082712650299072
1987-10-13,6.007151126861572
1987-10-14,5.893805503845215
1987-10-15,5.7993574142456055
1987-10-16,5.5159993171691895
1987-10-19,4.45813512802124
1987-10-20,4.30701208114624
1987-10-21,4.609259128570557
1987-10-22,4.51480770111084
1987-10-23,4.495918273925781
1987-10-26,4.288121700286865
1987-10-27,4.26923131942749
1987-10-28,4.061438083648682
1987-10-29,4.080329418182373
1987-10-30,4.17478084564209
1987-11-02,4.382571697235107
1987-11-03,4.533695697784424
1987-11-04,4.628150939941406
1987-11-05,4.949284553527832
1987-11-06,4.987067699432373
1987-11-09,4.817052364349365
1987-11-10,4.533695697784424
1987-11-11,4.647041320800781
1987-11-12,4.74149227142334
1987-11-13,4.665928840637207
1987-11-16,4.590372085571289
1987-11-17,4.477027416229248
1987-11-18,4.609259128570557
1987-11-19,4.325903415679932
1987-11-20,4.382571697235107
1987-11-23,4.51480770111084
1987-11-24,4.533695697784424
1987-11-25,4.590372085571289
1987-11-27,4.533695697784424
1987-11-30,4.51480770111084
1987-12-01,4.495918273925781
1987-12-02,4.439246654510498
1987-12-03,4.420352935791016
1987-12-04,4.325903415679932
1987-12-07,4.439246654510498
1987-12-08,4.460687637329102
1987-12-09,4.4415411949157715
1987-12-10,4.288388252258301
1987-12-11,4.3841094970703125
1987-12-14,4.460687637329102
1987-12-15,4.422398567199707
1987-12-16,4.3841094970703125
1987-12-17,4.288388252258301
1987-12-18,4.479833126068115
1987-12-21,4.364964008331299
1987-12-22,4.49897575378418
1987-12-23,4.652133464813232
1987-12-24,4.709566593170166
1987-12-28,4.652133464813232
1987-12-29,4.671279430389404
1987-12-30,4.843581199645996
1987-12-31,5.0158796310424805
1988-01-04,5.092461109161377
1988-01-05,5.1881842613220215
1988-01-06,5.207326889038086
1988-01-07,5.360481262207031
1988-01-08,5.207326889038086
1988-01-11,5.1881842613220215
1988-01-12,5.28390645980835
1988-01-13,5.28390645980835
1988-01-14,5.3987717628479
1988-01-15,5.5519280433654785
1988-01-18,5.513642311096191
1988-01-19,5.45620584487915
1988-01-20,5.43705940246582
1988-01-21,5.43705940246582
1988-01-22,5.34133768081665
1988-01-25,5.379626750946045
1988-01-26,5.360481262207031
1988-01-27,5.34133768081665
1988-01-28,5.34133768081665
1988-01-29,5.417915344238281
1988-02-01,5.417915344238281
1988-02-02,5.417915344238281
1988-02-03,5.360481262207031
1988-02-04,5.303049564361572
1988-02-05,5.264759540557861
1988-02-08,5.245615482330322
1988-02-09,5.245615482330322
1988-02-10,5.32219123840332
1988-02-11,5.360481262207031
1988-02-12,5.417915344238281
1988-02-16,5.417915344238281
1988-02-17,5.32219123840332
1988-02-18,5.28390645980835
1988-02-19,5.360481262207031
1988-02-22,5.43705940246582
1988-02-23,5.666795253753662
1988-02-24,5.705084800720215
1988-02-25,5.5519280433654785
1988-02-26,5.647652626037598
1988-02-29,5.877386093139648
1988-03-01,5.743374824523926
1988-03-02,5.685939788818359
1988-03-03,5.724228382110596
1988-03-04,5.705084800720215
1988-03-07,5.705084800720215
1988-03-08,5.649365425109863
1988-03-09,5.726753234863281
1988-03-10,5.726753234863281
1988-03-11,5.726753234863281
1988-03-14,5.7074079513549805
1988-03-15,5.591326713562012
1988-03-16,5.533282279968262
1988-03-17,5.571977615356445
1988-03-18,5.591326713562012
1988-03-21,5.610671043395996
1988-03-22,5.552628040313721
1988-03-23,5.533282279968262
1988-03-24,5.359158039093018
1988-03-25,5.37850284576416
1988-03-28,5.41719913482666
1988-03-29,5.436546802520752
1988-03-30,5.436546802520752
1988-03-31,5.37850284576416
1988-04-04,5.301117420196533
1988-04-05,5.223728656768799
1988-04-06,5.41719913482666
1988-04-07,5.41719913482666
1988-04-08,5.494585990905762
1988-04-11,5.668712139129639
1988-04-12,5.862185955047607
1988-04-13,5.881530284881592
1988-04-14,5.7074079513549805
1988-04-15,5.668712139129639
1988-04-18,5.649365425109863
1988-04-19,5.668712139129639
1988-04-20,5.630021095275879
1988-04-21,5.649365425109863
1988-04-22,5.7074079513549805
1988-04-25,5.746099472045898
1988-04-26,5.726753234863281
1988-04-27,5.726753234863281
1988-04-28,5.688059329986572
1988-04-29,5.649365425109863
1988-05-02,5.649365425109863
1988-05-03,5.649365425109863
1988-05-04,5.668712139129639
1988-05-05,5.649365425109863
1988-05-06,5.571977615356445
1988-05-09,5.610671043395996
1988-05-10,5.571977615356445
1988-05-11,5.455891132354736
1988-05-12,5.41719913482666
1988-05-13,5.455891132354736
1988-05-16,5.571977615356445
1988-05-17,5.533282279968262
1988-05-18,5.494585990905762
1988-05-19,5.455891132354736
1988-05-20,5.455891132354736
1988-05-23,5.359158039093018
1988-05-24,5.359158039093018
1988-05-25,5.301117420196533
1988-05-26,5.301117420196533
1988-05-27,5.223728656768799
1988-05-31,5.41719913482666
1988-06-01,5.37850284576416
1988-06-02,5.339810848236084
1988-06-03,5.320465087890625
1988-06-06,5.301117420196533
1988-06-07,5.303464412689209
1988-06-08,5.420881748199463
1988-06-09,5.401314735412598
1988-06-10,5.401314735412598
1988-06-13,5.420881748199463
1988-06-14,5.362176418304443
1988-06-15,5.323035717010498
1988-06-16,5.16647481918335
1988-06-17,5.049055576324463
1988-06-20,5.107765197753906
1988-06-21,5.16647481918335
1988-06-22,5.186045169830322
1988-06-23,5.186045169830322
1988-06-24,5.107765197753906
1988-06-27,4.970773696899414
1988-06-28,5.009915351867676
1988-06-29,4.853353977203369
1988-06-30,4.931636333465576
1988-07-01,5.088192939758301
1988-07-05,5.244753837585449
1988-07-06,5.146904945373535
1988-07-07,5.0686211585998535
1988-07-08,5.0686211585998535
1988-07-11,5.186045169830322
1988-07-12,5.009915351867676
1988-07-13,4.990344524383545
1988-07-14,4.931636333465576
1988-07-15,4.970773696899414
1988-07-18,5.088192939758301
1988-07-19,5.0686211585998535
1988-07-20,5.12733268737793
1988-07-21,5.049055576324463
1988-07-22,4.970773696899414
1988-07-25,4.990344524383545
1988-07-26,4.931636333465576
1988-07-27,4.912062644958496
1988-07-28,5.009915351867676
1988-07-29,5.244753837585449
1988-08-01,5.186045169830322
1988-08-02,5.20561408996582
1988-08-03,5.16647481918335
1988-08-04,5.107765197753906
1988-08-05,5.16647481918335
1988-08-08,5.186045169830322
1988-08-09,5.186045169830322
1988-08-10,5.107765197753906
1988-08-11,4.970773696899414
1988-08-12,4.931636333465576
1988-08-15,5.029484272003174
1988-08-16,5.088192939758301
1988-08-17,5.186045169830322
1988-08-18,5.186045169830322
1988-08-19,5.16647481918335
1988-08-22,5.186045169830322
1988-08-23,5.107765197753906
1988-08-24,5.146904945373535
1988-08-25,5.088192939758301
1988-08-26,4.990344524383545
1988-08-29,5.029484272003174
1988-08-30,5.16647481918335
1988-08-31,5.088192939758301
1988-09-01,4.853353977203369
1988-09-02,5.146904945373535
1988-09-06,5.16647481918335
1988-09-07,5.16647481918335
1988-09-08,5.16647481918335
1988-09-09,5.12733268737793
1988-09-12,5.107765197753906
1988-09-13,5.268598556518555
1988-09-14,5.644924163818359
1988-09-15,5.526077747344971
1988-09-16,5.664733409881592
1988-09-19,5.585504531860352
1988-09-20,5.625118255615234
1988-09-21,5.763762950897217
1988-09-22,5.724153518676758
1988-09-23,5.724153518676758
1988-09-26,5.743957042694092
1988-09-27,5.724153518676758
1988-09-28,5.724153518676758
1988-09-29,5.743957042694092
1988-09-30,5.78357458114624
1988-10-03,5.803378105163574
1988-10-04,5.724153518676758
1988-10-05,5.803378105163574
1988-10-06,5.724153518676758
1988-10-07,5.763762950897217
1988-10-10,5.763762950897217
1988-10-11,5.78357458114624
1988-10-12,5.724153518676758
1988-10-13,5.704345703125
1988-10-14,5.763762950897217
1988-10-17,5.763762950897217
1988-10-18,5.78357458114624
1988-10-19,5.78357458114624
1988-10-20,5.842992305755615
1988-10-21,5.763762950897217
1988-10-24,5.684538841247559
1988-10-25,5.664733409881592
1988-10-26,5.684538841247559
1988-10-27,5.545888900756836
1988-10-28,5.506278038024902
1988-10-31,5.44685697555542
1988-11-01,5.44685697555542
1988-11-02,5.466663837432861
1988-11-03,5.44685697555542
1988-11-04,5.387438774108887
1988-11-07,5.328016757965088
1988-11-08,5.328016757965088
1988-11-09,5.288402080535889
1988-11-10,5.268598556518555
1988-11-11,5.090333938598633
1988-11-14,5.050721645355225
1988-11-15,5.030915260314941
1988-11-16,5.050721645355225
1988-11-17,5.050721645355225
1988-11-18,5.129948139190674
1988-11-21,5.149755001068115
1988-11-22,5.149755001068115
1988-11-23,5.070526599884033
1988-11-25,5.050721645355225
1988-11-28,5.011109352111816
1988-11-29,4.991304397583008
1988-11-30,5.030915260314941
1988-12-01,5.011109352111816
1988-12-02,5.030915260314941
1988-12-05,5.030915260314941
1988-12-06,5.133584976196289
1988-12-07,5.053373336791992
1988-12-08,4.973160743713379
1988-12-09,5.073428153991699
1988-12-12,5.093480110168457
1988-12-13,5.01326847076416
1988-12-14,5.073428153991699
1988-12-15,5.033322334289551
1988-12-16,5.133584976196289
1988-12-19,5.133584976196289
1988-12-20,5.113532543182373
1988-12-21,5.053373336791992
1988-12-22,5.17369270324707
1988-12-23,5.17369270324707
1988-12-27,5.17369270324707
1988-12-28,5.113532543182373
1988-12-29,5.153636932373047
1988-12-30,5.033322334289551
1989-01-03,5.113532543182373
1989-01-04,5.093480110168457
1989-01-05,5.17369270324707
1989-01-06,5.193746089935303
1989-01-09,5.25390625
1989-01-10,5.233851432800293
1989-01-11,5.25390625
1989-01-12,5.334115028381348
1989-01-13,5.374221324920654
1989-01-16,5.354169845581055
1989-01-17,5.334115028381348
1989-01-18,5.41433048248291
1989-01-19,5.434385776519775
1989-01-20,5.434385776519775
1989-01-23,5.474490642547607
1989-01-24,5.434385776519775
1989-01-25,5.434385776519775
1989-01-26,5.41433048248291
1989-01-27,5.434385776519775
1989-01-30,5.474490642547607
1989-01-31,5.494545936584473
1989-02-01,5.494545936584473
1989-02-02,5.434385776519775
1989-02-03,5.334115028381348
1989-02-06,5.334115028381348
1989-02-07,5.454434871673584
1989-02-08,5.554703712463379
1989-02-09,5.454434871673584
1989-02-10,5.494545936584473
1989-02-13,5.5747551918029785
1989-02-14,5.474490642547607
1989-02-15,5.494545936584473
1989-02-16,5.5747551918029785
1989-02-17,5.594809532165527
1989-02-21,5.65496826171875
1989-02-22,5.594809532165527
1989-02-23,5.594809532165527
1989-02-24,5.494545936584473
1989-02-27,5.454434871673584
1989-02-28,5.534646511077881
1989-03-01,5.514594078063965
1989-03-02,5.494545936584473
1989-03-03,5.494545936584473
1989-03-06,5.514594078063965
1989-03-07,5.538943290710449
1989-03-08,5.538943290710449
1989-03-09,5.51865291595459
1989-03-10,5.396917343139648
1989-03-13,5.437495708465576
1989-03-14,5.356341361999512
1989-03-15,5.396917343139648
1989-03-16,5.417208671569824
1989-03-17,5.315762042999268
1989-03-20,5.254892826080322
1989-03-21,5.275182247161865
1989-03-22,5.356341361999512
1989-03-23,5.417208671569824
1989-03-27,5.4780755043029785
1989-03-28,5.55923318862915
1989-03-29,5.51865291595459
1989-03-30,5.538943290710449
1989-03-31,5.51865291595459
1989-04-03,5.640388488769531
1989-04-04,5.72154426574707
1989-04-05,5.660677433013916
1989-04-06,5.640388488769531
1989-04-07,5.640388488769531
1989-04-10,5.70125675201416
1989-04-11,5.660677433013916
1989-04-12,5.640388488769531
1989-04-13,5.579520225524902
1989-04-14,5.5998077392578125
1989-04-17,5.51865291595459
1989-04-18,5.51865291595459
1989-04-19,5.55923318862915
1989-04-20,5.680966377258301
1989-04-21,5.70125675201416
1989-04-24,5.741832256317139
1989-04-25,5.72154426574707
1989-04-26,5.660677433013916
1989-04-27,5.640388488769531
1989-04-28,5.640388488769531
1989-05-01,5.579520225524902
1989-05-02,5.51865291595459
1989-05-03,5.55923318862915
1989-05-04,5.620096683502197
1989-05-05,5.620096683502197
1989-05-08,5.620096683502197
1989-05-09,5.5998077392578125
1989-05-10,5.620096683502197
1989-05-11,5.5998077392578125
1989-05-12,5.5998077392578125
1989-05-15,5.5998077392578125
1989-05-16,5.579520225524902
1989-05-17,5.579520225524902
1989-05-18,5.579520225524902
1989-05-19,5.5998077392578125
1989-05-22,5.5998077392578125
1989-05-23,5.538943290710449
1989-05-24,5.5998077392578125
1989-05-25,5.579520225524902
1989-05-26,5.579520225524902
1989-05-30,5.55923318862915
1989-05-31,5.579520225524902
1989-06-01,5.579520225524902
1989-06-02,5.5998077392578125
1989-06-05,5.55923318862915
1989-06-06,5.604394435882568
1989-06-07,5.604394435882568
1989-06-08,5.686507701873779
1989-06-09,5.7480974197387695
1989-06-12,5.707038402557373
1989-06-13,5.665979862213135
1989-06-14,5.645452976226807
1989-06-15,5.686507701873779
1989-06-16,5.707038402557373
1989-06-19,5.707038402557373
1989-06-20,5.686507701873779
1989-06-21,5.707038402557373
1989-06-22,5.686507701873779
1989-06-23,5.7480974197387695
1989-06-26,5.707038402557373
1989-06-27,5.72756814956665
1989-06-28,5.686507701873779
1989-06-29,5.62492561340332
1989-06-30,5.542807579040527
1989-07-03,5.522278785705566
1989-07-05,5.501749038696289
1989-07-06,5.522278785705566
1989-07-07,5.522278785705566
1989-07-10,5.542807579040527
1989-07-11,5.501749038696289
1989-07-12,5.522278785705566
1989-07-13,5.501749038696289
1989-07-14,5.563338279724121
1989-07-17,5.583863735198975
1989-07-18,5.583863735198975
1989-07-19,5.62492561340332
1989-07-20,5.542807579040527
1989-07-21,5.604394435882568
1989-07-24,5.563338279724121
1989-07-25,5.542807579040527
1989-07-26,5.583863735198975
1989-07-27,5.604394435882568
1989-07-28,5.583863735198975
1989-07-31,5.665979862213135
1989-08-01,5.665979862213135
1989-08-02,5.645452976226807
1989-08-03,5.665979862213135
1989-08-04,5.62492561340332
1989-08-07,5.665979862213135
1989-08-08,5.645452976226807
1989-08-09,5.583863735198975
1989-08-10,5.604394435882568
1989-08-11,5.522278785705566
1989-08-14,5.604394435882568
1989-08-15,5.62492561340332
1989-08-16,5.7480974197387695
1989-08-17,5.665979862213135
1989-08-18,5.645452976226807
1989-08-21,5.378578186035156
1989-08-22,5.337518692016602
1989-08-23,5.501749038696289
1989-08-24,5.665979862213135
1989-08-25,5.665979862213135
1989-08-28,5.604394435882568
1989-08-29,5.563338279724121
1989-08-30,5.563338279724121
1989-08-31,5.665979862213135
1989-09-01,5.7480974197387695
1989-09-05,5.604394435882568
1989-09-06,5.542807579040527
1989-09-07,5.583863735198975
1989-09-08,5.604394435882568
1989-09-11,5.604394435882568
1989-09-12,5.686507701873779
1989-09-13,5.583863735198975
1989-09-14,5.583863735198975
1989-09-15,5.542807579040527
1989-09-18,5.62492561340332
1989-09-19,5.629079341888428
1989-09-20,5.649848461151123
1989-09-21,5.649848461151123
1989-09-22,5.6706223487854
1989-09-25,5.6706223487854
1989-09-26,5.649848461151123
1989-09-27,5.649848461151123
1989-09-28,5.691397666931152
1989-09-29,5.774479389190674
1989-10-02,5.7121663093566895
1989-10-03,5.691397666931152
1989-10-04,5.732933521270752
1989-10-05,5.649848461151123
1989-10-06,5.649848461151123
1989-10-09,5.649848461151123
1989-10-10,5.732933521270752
1989-10-11,5.732933521270752
1989-10-12,5.691397666931152
1989-10-13,5.483680248260498
1989-10-16,5.359046936035156
1989-10-17,5.338278770446777
1989-10-18,5.359046936035156
1989-10-19,5.317502021789551
1989-10-20,5.359046936035156
1989-10-23,5.359046936035156
1989-10-24,5.359046936035156
1989-10-25,5.379819393157959
1989-10-26,5.317502021789551
1989-10-27,5.317502021789551
1989-10-30,5.317502021789551
1989-10-31,5.338278770446777
1989-11-01,5.27596378326416
1989-11-02,5.234418869018555
1989-11-03,5.213647842407227
1989-11-06,5.089019298553467
1989-11-07,5.089019298553467
1989-11-08,4.985159873962402
1989-11-09,4.8189897537231445
1989-11-10,4.735904216766357
1989-11-13,4.902076721191406
1989-11-14,4.902076721191406
1989-11-15,5.151331424713135
1989-11-16,5.089019298553467
1989-11-17,4.964389324188232
1989-11-20,4.902076721191406
1989-11-21,4.881302356719971
1989-11-22,4.922846794128418
1989-11-24,4.943617343902588
1989-11-27,4.943617343902588
1989-11-28,4.881302356719971
1989-11-29,4.777444362640381
1989-11-30,4.6528167724609375
1989-12-01,4.735904216766357
1989-12-04,4.673586845397949
1989-12-05,4.6528167724609375
1989-12-06,4.673586845397949
1989-12-07,4.673586845397949
1989-12-08,4.673586845397949
1989-12-11,4.6528167724609375
1989-12-12,4.783466815948486
1989-12-13,4.741319179534912
1989-12-14,4.762393951416016
1989-12-15,4.846683025360107
1989-12-18,4.8256120681762695
1989-12-19,4.762393951416016
1989-12-20,4.678102970123291
1989-12-21,4.720249652862549
1989-12-22,4.572744369506836
1989-12-26,4.530595779418945
1989-12-27,4.551671028137207
1989-12-28,4.551671028137207
1989-12-29,4.572744369506836
1990-01-02,4.678102970123291
1990-01-03,4.888830661773682
1990-01-04,4.804541110992432
1990-01-05,4.783466815948486
1990-01-08,4.8256120681762695
1990-01-09,4.804541110992432
1990-01-10,4.783466815948486
1990-01-11,4.804541110992432
1990-01-12,4.720249652862549
1990-01-15,4.678102970123291
1990-01-16,4.635956764221191
1990-01-17,4.614887714385986
1990-01-18,4.614887714385986
1990-01-19,4.572744369506836
1990-01-22,4.551671028137207
1990-01-23,4.530595779418945
1990-01-24,4.467379570007324
1990-01-25,4.362016677856445
1990-01-26,4.214509010314941
1990-01-29,4.0670013427734375
1990-01-30,3.8562769889831543
1990-01-31,3.8773481845855713
1990-02-01,3.8773481845855713
1990-02-02,3.9194939136505127
1990-02-05,3.940565824508667
1990-02-06,3.9194939136505127
1990-02-07,3.940565824508667
1990-02-08,3.898421049118042
1990-02-09,3.940565824508667
1990-02-12,3.9616379737854004
1990-02-13,3.940565824508667
1990-02-14,4.003785133361816
1990-02-15,4.04592752456665
1990-02-16,4.088072776794434
1990-02-20,4.003785133361816
1990-02-21,3.9827098846435547
1990-02-22,4.04592752456665
1990-02-23,4.109147548675537
1990-02-26,4.130218505859375
1990-02-27,4.088072776794434
1990-02-28,4.172364234924316
1990-03-01,4.130218505859375
1990-03-02,4.0670013427734375
1990-03-05,4.1512908935546875
1990-03-06,4.176999092102051
1990-03-07,4.134155750274658
1990-03-08,4.198416233062744
1990-03-09,4.155572891235352
1990-03-12,4.21983528137207
1990-03-13,4.198416233062744
1990-03-14,4.198416233062744
1990-03-15,4.21983528137207
1990-03-16,4.3055195808410645
1990-03-19,4.284096717834473
1990-03-20,4.326939105987549
1990-03-21,4.284096717834473
1990-03-22,4.284096717834473
1990-03-23,4.2626800537109375
1990-03-26,4.241258144378662
1990-03-27,4.2626800537109375
1990-03-28,4.284096717834473
1990-03-29,4.241258144378662
1990-03-30,4.21983528137207
1990-04-02,4.21983528137207
1990-04-03,4.241258144378662
1990-04-04,4.176999092102051
1990-04-05,4.21983528137207
1990-04-06,4.2626800537109375
1990-04-09,4.49830436706543
1990-04-10,4.476884365081787
1990-04-11,4.49830436706543
1990-04-12,4.455463886260986
1990-04-16,4.326939105987549
1990-04-17,4.369780540466309
1990-04-18,4.369780540466309
1990-04-19,4.455463886260986
1990-04-20,4.434043884277344
1990-04-23,4.455463886260986
1990-04-24,4.412621974945068
1990-04-25,4.369780540466309
1990-04-26,4.326939105987549
1990-04-27,4.2626800537109375
1990-04-30,4.198416233062744
1990-05-01,4.155572891235352
1990-05-02,4.0698957443237305
1990-05-03,4.027050495147705
1990-05-04,4.0698957443237305
1990-05-07,4.091314792633057
1990-05-08,4.155572891235352
1990-05-09,4.198416233062744
1990-05-10,4.155572891235352
1990-05-11,4.241258144378662
1990-05-14,4.21983528137207
1990-05-15,4.284096717834473
1990-05-16,4.3055195808410645
1990-05-17,4.155572891235352
1990-05-18,4.198416233062744
1990-05-21,4.2626800537109375
1990-05-22,4.198416233062744
1990-05-23,4.241258144378662
1990-05-24,4.2626800537109375
1990-05-25,4.21983528137207
1990-05-29,4.241258144378662
1990-05-30,4.21983528137207
1990-05-31,4.648244380950928
1990-06-01,4.883871078491211
1990-06-04,4.905288219451904
1990-06-05,4.953084945678711
1990-06-06,4.909640789031982
1990-06-07,4.953084945678711
1990-06-08,4.953084945678711
1990-06-11,5.018261432647705
1990-06-12,5.170327186584473
1990-06-13,5.170327186584473
1990-06-14,5.148601055145264
1990-06-15,4.953084945678711
1990-06-18,4.909640789031982
1990-06-19,4.9748101234436035
1990-06-20,4.931361675262451
1990-06-21,4.996532440185547
1990-06-22,4.931361675262451
1990-06-25,4.714122772216797
1990-06-26,4.801016807556152
1990-06-27,4.822741508483887
1990-06-28,4.822741508483887
1990-06-29,4.801016807556152
1990-07-02,4.801016807556152
1990-07-03,4.887913703918457
1990-07-05,4.909640789031982
1990-07-06,4.931361675262451
1990-07-09,4.931361675262451
1990-07-10,4.909640789031982
1990-07-11,5.018261432647705
1990-07-12,5.19205379486084
1990-07-13,5.126880168914795
1990-07-16,5.061704635620117
1990-07-17,5.061704635620117
1990-07-18,4.9748101234436035
1990-07-19,4.996532440185547
1990-07-20,4.909640789031982
1990-07-23,4.887913703918457
1990-07-24,4.909640789031982
1990-07-25,4.909640789031982
1990-07-26,4.887913703918457
1990-07-27,4.887913703918457
1990-07-30,4.887913703918457
1990-07-31,4.953084945678711
1990-08-01,5.018261432647705
1990-08-02,4.953084945678711
1990-08-03,4.801016807556152
1990-08-06,4.67067289352417
1990-08-07,4.67067289352417
1990-08-08,4.692396640777588
1990-08-09,4.648951530456543
1990-08-10,4.56205415725708
1990-08-13,4.605502128601074
1990-08-14,4.627225399017334
1990-08-15,4.627225399017334
1990-08-16,4.648951530456543
1990-08-17,4.605502128601074
1990-08-20,4.540327548980713
1990-08-21,4.453432083129883
1990-08-22,4.409981727600098
1990-08-23,4.409981727600098
1990-08-24,4.3665361404418945
1990-08-27,4.431707859039307
1990-08-28,4.3882598876953125
1990-08-29,4.3882598876953125
1990-08-30,4.257915496826172
1990-08-31,4.3230881690979
1990-09-04,4.344811916351318
1990-09-05,4.3230881690979
1990-09-06,4.279640197753906
1990-09-07,4.301363468170166
1990-09-10,4.3230881690979
1990-09-11,4.409981727600098
1990-09-12,4.627225399017334
1990-09-13,4.648951530456543
1990-09-14,4.475154876708984
1990-09-17,4.409981727600098
1990-09-18,4.414397716522217
1990-09-19,4.414397716522217
1990-09-20,4.326108932495117
1990-09-21,4.458542346954346
1990-09-24,4.370254993438721
1990-09-25,4.326108932495117
1990-09-26,4.304038047790527
1990-09-27,4.237821578979492
1990-09-28,4.237821578979492
1990-10-01,4.259893417358398
1990-10-02,4.281968116760254
1990-10-03,4.259893417358398
1990-10-04,4.237821578979492
1990-10-05,4.281968116760254
1990-10-08,4.259893417358398
1990-10-09,4.237821578979492
1990-10-10,4.083317756652832
1990-10-11,3.9508869647979736
1990-10-12,3.9950308799743652
1990-10-15,3.884672164916992
1990-10-16,3.8625967502593994
1990-10-17,3.884672164916992
1990-10-18,3.884672164916992
1990-10-19,3.884672164916992
1990-10-22,3.8625967502593994
1990-10-23,3.884672164916992
1990-10-24,3.7963826656341553
1990-10-25,3.8405263423919678
1990-10-26,3.77431058883667
1990-10-29,3.6418771743774414
1990-10-30,3.752237319946289
1990-10-31,3.708094596862793
1990-11-01,3.7963826656341553
1990-11-02,3.7963826656341553
1990-11-05,3.884672164916992
1990-11-06,3.7963826656341553
1990-11-07,3.6860227584838867
1990-11-08,3.5094478130340576
1990-11-09,3.6639511585235596
1990-11-12,3.752237319946289
1990-11-13,3.6860227584838867
1990-11-14,3.906742572784424
1990-11-15,3.9950308799743652
1990-11-16,3.9950308799743652
1990-11-19,4.039175987243652
1990-11-20,3.972956895828247
1990-11-21,3.9508869647979736
1990-11-23,3.9508869647979736
1990-11-26,4.039175987243652
1990-11-27,4.039175987243652
1990-11-28,4.083317756652832
1990-11-29,4.149535655975342
1990-11-30,4.348181247711182
1990-12-03,4.304038047790527
1990-12-04,4.259893417358398
1990-12-05,4.171606540679932
1990-12-06,4.304038047790527
1990-12-07,4.370254993438721
1990-12-10,4.39232873916626
1990-12-11,4.2622199058532715
1990-12-12,4.307082653045654
1990-12-13,4.329514980316162
1990-12-14,4.307082653045654
1990-12-17,4.329514980316162
1990-12-18,4.307082653045654
1990-12-19,4.284648418426514
1990-12-20,4.194919109344482
1990-12-21,4.150053977966309
1990-12-24,4.037887096405029
1990-12-26,3.948159694671631
1990-12-27,3.9257237911224365
1990-12-28,3.9257237911224365
1990-12-31,3.970590353012085
1991-01-02,4.015456676483154
1991-01-03,4.150053977966309
1991-01-04,4.307082653045654
1991-01-07,4.284648418426514
1991-01-08,4.284648418426514
1991-01-09,4.217350959777832
1991-01-10,4.194919109344482
1991-01-11,4.172485828399658
1991-01-14,4.150053977966309
1991-01-15,4.172485828399658
1991-01-16,4.150053977966309
1991-01-17,4.127620697021484
1991-01-18,4.127620697021484
1991-01-21,4.150053977966309
1991-01-22,4.172485828399658
1991-01-23,4.2622199058532715
1991-01-24,4.351950168609619
1991-01-25,4.351950168609619
1991-01-28,4.441679954528809
1991-01-29,4.374382972717285
1991-01-30,4.307082653045654
1991-01-31,4.396814823150635
1991-02-01,4.464112281799316
1991-02-04,4.53140926361084
1991-02-05,4.800604820251465
1991-02-06,4.867903709411621
1991-02-07,4.845471382141113
1991-02-08,4.890334129333496
1991-02-11,5.002496719360352
1991-02-12,5.002496719360352
1991-02-13,4.845471382141113
1991-02-14,4.733304500579834
1991-02-15,4.890334129333496
1991-02-19,4.823035717010498
1991-02-20,4.755733966827393
1991-02-21,4.823035717010498
1991-02-22,4.890334129333496
1991-02-25,4.867903709411621
1991-02-26,4.823035717010498
1991-02-27,4.890334129333496
1991-02-28,4.867903709411621
1991-03-01,4.845471382141113
1991-03-04,4.890334129333496
1991-03-05,4.935198783874512
1991-03-06,4.912765026092529
1991-03-07,4.845471382141113
1991-03-08,4.845471382141113
1991-03-11,4.867903709411621
1991-03-12,4.735841751098633
1991-03-13,4.872454643249512
1991-03-14,4.849685192108154
1991-03-15,4.826916694641113
1991-03-18,4.781380653381348
1991-03-19,4.826916694641113
1991-03-20,4.826916694641113
1991-03-21,4.849685192108154
1991-03-22,4.940759658813477
1991-03-25,4.986296653747559
1991-03-26,4.940759658813477
1991-03-27,4.826916694641113
1991-03-28,4.826916694641113
1991-04-01,4.826916694641113
1991-04-02,5.077371120452881
1991-04-03,5.009064197540283
1991-04-04,4.940759658813477
1991-04-05,4.872454643249512
1991-04-08,4.872454643249512
1991-04-09,4.872454643249512
1991-04-10,4.940759658813477
1991-04-11,4.963528156280518
1991-04-12,4.940759658813477
1991-04-15,4.940759658813477
1991-04-16,5.031835079193115
1991-04-17,5.031835079193115
1991-04-18,5.009064197540283
1991-04-19,4.940759658813477
1991-04-22,4.826916694641113
1991-04-23,4.622000694274902
1991-04-24,4.5992326736450195
1991-04-25,4.530929088592529
1991-04-26,4.508159637451172
1991-04-29,4.41708517074585
1991-04-30,4.462623119354248
1991-05-01,4.781380653381348
1991-05-02,4.735841751098633
1991-05-03,4.826916694641113
1991-05-06,4.917994976043701
1991-05-07,4.963528156280518
1991-05-08,4.917994976043701
1991-05-09,4.917994976043701
1991-05-10,4.804150104522705
1991-05-13,4.758610248565674
1991-05-14,4.735841751098633
1991-05-15,4.690303802490234
1991-05-16,4.667539119720459
1991-05-17,4.826916694641113
1991-05-20,4.735841751098633
1991-05-21,4.826916694641113
1991-05-22,4.895223140716553
1991-05-23,4.667539119720459
1991-05-24,4.622000694274902
1991-05-28,4.696028232574463
1991-05-29,4.696028232574463
1991-05-30,4.788561820983887
1991-05-31,4.8116912841796875
1991-06-03,4.857960224151611
1991-06-04,4.765425205230713
1991-06-05,4.67289400100708
1991-06-06,4.67289400100708
1991-06-07,4.626629829406738
1991-06-10,4.626629829406738
1991-06-11,4.580362319946289
1991-06-12,4.487829685211182
1991-06-13,4.487829685211182
1991-06-14,4.441561698913574
1991-06-17,4.37216329574585
1991-06-18,4.30276346206665
1991-06-19,4.233364105224609
1991-06-20,4.04829740524292
1991-06-21,4.3258957862854
1991-06-24,4.163962364196777
1991-06-25,4.210231304168701
1991-06-26,4.30276346206665
1991-06-27,4.37216329574585
1991-06-28,4.349031925201416
1991-07-01,4.418429851531982
1991-07-02,4.487829685211182
1991-07-03,4.487829685211182
1991-07-05,4.534095764160156
1991-07-08,4.534095764160156
1991-07-09,4.557228088378906
1991-07-10,4.510961055755615
1991-07-11,4.534095764160156
1991-07-12,4.557228088378906
1991-07-15,4.626629829406738
1991-07-16,4.603496074676514
1991-07-17,4.580362319946289
1991-07-18,4.626629829406738
1991-07-19,4.649762153625488
1991-07-22,4.67289400100708
1991-07-23,4.649762153625488
1991-07-24,4.626629829406738
1991-07-25,4.626629829406738
1991-07-26,4.603496074676514
1991-07-29,4.580362319946289
1991-07-30,4.649762153625488
1991-07-31,4.696028232574463
1991-08-01,4.649762153625488
1991-08-02,4.649762153625488
1991-08-05,4.719161033630371
1991-08-06,4.765425205230713
1991-08-07,4.904223918914795
1991-08-08,4.904223918914795
1991-08-09,4.857960224151611
1991-08-12,4.881093502044678
1991-08-13,4.973623275756836
1991-08-14,4.996762752532959
1991-08-15,5.019891738891602
1991-08-16,5.019891738891602
1991-08-19,4.9504923820495605
1991-08-20,4.973623275756836
1991-08-21,4.996762752532959
1991-08-22,4.996762752532959
1991-08-23,5.251224040985107
1991-08-26,5.135557174682617
1991-08-27,5.112424850463867
1991-08-28,5.158690929412842
1991-08-29,5.181822299957275
1991-08-30,5.135557174682617
1991-09-03,5.112424850463867
1991-09-04,5.089291572570801
1991-09-05,4.996762752532959
1991-09-06,4.881093502044678
1991-09-09,4.788561820983887
1991-09-10,4.765425205230713
1991-09-11,4.742291450500488
1991-09-12,4.719161033630371
1991-09-13,4.719161033630371
1991-09-16,4.904223918914795
1991-09-17,4.83482551574707
1991-09-18,4.881093502044678
1991-09-19,4.881093502044678
1991-09-20,4.904223918914795
1991-09-23,4.767997741699219
1991-09-24,4.721024036407471
1991-09-25,4.791484832763672
1991-09-26,4.83845853805542
1991-09-27,4.932409286499023
1991-09-30,5.002871990203857
1991-10-01,5.002871990203857
1991-10-02,5.026364326477051
1991-10-03,5.002871990203857
1991-10-04,4.885434150695801
1991-10-07,4.90892219543457
1991-10-08,4.9559006690979
1991-10-09,4.83845853805542
1991-10-10,4.90892219543457
1991-10-11,4.861948013305664
1991-10-14,4.83845853805542
1991-10-15,4.979384899139404
1991-10-16,5.002871990203857
1991-10-17,5.002871990203857
1991-10-18,4.979384899139404
1991-10-21,5.026364326477051
1991-10-22,5.026364326477051
1991-10-23,5.049848556518555
1991-10-24,5.026364326477051
1991-10-25,5.026364326477051
1991-10-28,5.049848556518555
1991-10-29,5.026364326477051
1991-10-30,5.049848556518555
1991-10-31,5.096822738647461
1991-11-01,5.049848556518555
1991-11-04,5.0733418464660645
1991-11-05,4.979384899139404
1991-11-06,5.049848556518555
1991-11-07,5.0733418464660645
1991-11-08,5.0733418464660645
1991-11-11,5.120314121246338
1991-11-12,5.23775053024292
1991-11-13,5.214260578155518
1991-11-14,5.120314121246338
1991-11-15,5.0733418464660645
1991-11-18,5.002871990203857
1991-11-19,4.979384899139404
1991-11-20,4.9559006690979
1991-11-21,4.979384899139404
1991-11-22,4.932409286499023
1991-11-25,4.979384899139404
1991-11-26,5.002871990203857
1991-11-27,4.979384899139404
1991-11-29,4.932409286499023
1991-12-02,4.979384899139404
1991-12-03,4.885434150695801
1991-12-04,4.861948013305664
1991-12-05,4.767997741699219
1991-12-06,4.721024036407471
1991-12-09,4.90892219543457
1991-12-10,5.080662250518799
1991-12-11,5.080662250518799
1991-12-12,5.080662250518799
1991-12-13,5.080662250518799
1991-12-16,5.080662250518799
1991-12-17,5.009105682373047
1991-12-18,4.913691997528076
1991-12-19,4.69901704788208
1991-12-20,4.579753398895264
1991-12-23,4.603603839874268
1991-12-24,4.627460479736328
1991-12-26,4.818281650543213
1991-12-27,4.865987300872803
1991-12-30,4.913691997528076
1991-12-31,4.84213399887085
1992-01-02,5.1283698081970215
1992-01-03,5.1283698081970215
1992-01-06,5.009105682373047
1992-01-07,4.937546730041504
1992-01-08,5.009105682373047
1992-01-09,5.009105682373047
1992-01-10,5.1283698081970215
1992-01-13,5.152228355407715
1992-01-14,5.390751838684082
1992-01-15,5.390751838684082
1992-01-16,5.343044757843018
1992-01-17,5.366897106170654
1992-01-20,5.319192409515381
1992-01-21,5.343044757843018
1992-01-22,5.414605617523193
1992-01-23,5.390751838684082
1992-01-24,5.414605617523193
1992-01-27,5.390751838684082
1992-01-28,5.366897106170654
1992-01-29,5.19992733001709
1992-01-30,4.865987300872803
1992-01-31,4.985250473022461
1992-02-03,5.152228355407715
1992-02-04,5.223781108856201
1992-02-05,5.1283698081970215
1992-02-06,5.104518890380859
1992-02-07,5.104518890380859
1992-02-10,5.080662250518799
1992-02-11,5.032957077026367
1992-02-12,4.985250473022461
1992-02-13,4.865987300872803
1992-02-14,5.009105682373047
1992-02-18,4.913691997528076
1992-02-19,4.96139669418335
1992-02-20,5.009105682373047
1992-02-21,5.009105682373047
1992-02-24,5.009105682373047
1992-02-25,4.985250473022461
1992-02-26,5.104518890380859
1992-02-27,5.104518890380859
1992-02-28,5.080662250518799
1992-03-02,5.080662250518799
1992-03-03,5.056808948516846
1992-03-04,4.937546730041504
1992-03-05,4.7705769538879395
1992-03-06,4.818281650543213
1992-03-09,4.937546730041504
1992-03-10,5.160436153411865
1992-03-11,5.13621187210083
1992-03-12,5.2088942527771
1992-03-13,5.233119010925293
1992-03-16,5.2088942527771
1992-03-17,5.2088942527771
1992-03-18,5.2088942527771
1992-03-19,5.233119010925293
1992-03-20,5.18466854095459
1992-03-23,5.13621187210083
1992-03-24,5.039304733276367
1992-03-25,4.966617584228516
1992-03-26,5.039304733276367
1992-03-27,4.966617584228516
1992-03-30,4.966617584228516
1992-03-31,5.01507568359375
1992-04-01,4.966617584228516
1992-04-02,4.8697099685668945
1992-04-03,4.918160438537598
1992-04-06,4.845480442047119
1992-04-07,4.724346160888672
1992-04-08,4.482069492340088
1992-04-09,4.651663303375244
1992-04-10,4.797026634216309
1992-04-13,4.821255207061768
1992-04-14,4.966617584228516
1992-04-15,5.01507568359375
1992-04-16,5.01507568359375
1992-04-20,4.893937587738037
1992-04-21,4.772802829742432
1992-04-22,4.700117588043213
1992-04-23,4.797026634216309
1992-04-24,4.797026634216309
1992-04-27,4.748574733734131
1992-04-28,4.772802829742432
1992-04-29,4.821255207061768
1992-04-30,4.821255207061768
1992-05-01,4.700117588043213
1992-05-04,4.748574733734131
1992-05-05,4.627433776855469
1992-05-06,4.627433776855469
1992-05-07,4.67588996887207
1992-05-08,4.627433776855469
1992-05-11,4.748574733734131
1992-05-12,4.67588996887207
1992-05-13,4.748574733734131
1992-05-14,4.67588996887207
1992-05-15,4.627433776855469
1992-05-18,4.5789794921875
1992-05-19,4.554751873016357
1992-05-20,4.482069492340088
1992-05-21,4.4578423500061035
1992-05-22,4.433618545532227
1992-05-26,4.409389972686768
1992-05-27,4.288252353668213
1992-05-28,4.385162830352783
1992-05-29,4.385162830352783
1992-06-01,4.409389972686768
1992-06-02,4.4389824867248535
1992-06-03,4.414320468902588
1992-06-04,4.414320468902588
1992-06-05,4.4389824867248535
1992-06-08,4.364999771118164
1992-06-09,4.315676212310791
1992-06-10,4.364999771118164
1992-06-11,4.315676212310791
1992-06-12,4.340336322784424
1992-06-15,4.315676212310791
1992-06-16,4.315676212310791
1992-06-17,4.291016578674316
1992-06-18,4.291016578674316
1992-06-19,4.315676212310791
1992-06-22,4.192370414733887
1992-06-23,4.241695404052734
1992-06-24,4.340336322784424
1992-06-25,4.340336322784424
1992-06-26,4.340336322784424
1992-06-29,4.562286853790283
1992-06-30,4.488304615020752
1992-07-01,4.537625789642334
1992-07-02,4.463644981384277
1992-07-06,4.537625789642334
1992-07-07,4.488304615020752
1992-07-08,4.414320468902588
1992-07-09,4.463644981384277
1992-07-10,4.4389824867248535
1992-07-13,4.488304615020752
1992-07-14,4.512967109680176
1992-07-15,4.512967109680176
1992-07-16,4.537625789642334
1992-07-17,4.562286853790283
1992-07-20,4.586949348449707
1992-07-21,4.611611843109131
1992-07-22,4.586949348449707
1992-07-23,4.586949348449707
1992-07-24,4.586949348449707
1992-07-27,4.586949348449707
1992-07-28,4.562286853790283
1992-07-29,4.586949348449707
1992-07-30,4.66093111038208
1992-07-31,4.685591220855713
1992-08-03,4.734915733337402
1992-08-04,4.784236907958984
1992-08-05,4.759573459625244
1992-08-06,4.685591220855713
1992-08-07,4.759573459625244
1992-08-10,4.784236907958984
1992-08-11,4.734915733337402
1992-08-12,4.784236907958984
1992-08-13,4.759573459625244
1992-08-14,4.833558082580566
1992-08-17,4.759573459625244
1992-08-18,4.784236907958984
1992-08-19,4.808896064758301
1992-08-20,4.808896064758301
1992-08-21,4.784236907958984
1992-08-24,4.759573459625244
1992-08-25,4.66093111038208
1992-08-26,4.833558082580566
1992-08-27,4.833558082580566
1992-08-28,4.932201862335205
1992-08-31,4.932201862335205
1992-09-01,4.932201862335205
1992-09-02,5.03084659576416
1992-09-03,5.03084659576416
1992-09-04,5.03084659576416
1992-09-08,5.006183624267578
1992-09-09,5.006183624267578
1992-09-10,5.03084659576416
1992-09-11,5.129493236541748
1992-09-14,5.277458667755127
1992-09-15,5.307499408721924
1992-09-16,5.307499408721924
1992-09-17,5.157285213470459
1992-09-18,5.207359313964844
1992-09-21,5.207359313964844
1992-09-22,5.257428169250488
1992-09-23,5.18232536315918
1992-09-24,5.207359313964844
1992-09-25,5.232394218444824
1992-09-28,5.257428169250488
1992-09-29,5.207359313964844
1992-09-30,5.232394218444824
1992-10-01,5.282464027404785
1992-10-02,5.257428169250488
1992-10-05,5.232394218444824
1992-10-06,5.232394218444824
1992-10-07,5.207359313964844
1992-10-08,5.232394218444824
1992-10-09,5.13224983215332
1992-10-12,5.18232536315918
1992-10-13,5.207359313964844
1992-10-14,5.18232536315918
1992-10-15,5.13224983215332
1992-10-16,5.18232536315918
1992-10-19,5.157285213470459
1992-10-20,5.207359313964844
1992-10-21,5.207359313964844
1992-10-22,5.232394218444824
1992-10-23,5.207359313964844
1992-10-26,5.257428169250488
1992-10-27,5.282464027404785
1992-10-28,5.307499408721924
1992-10-29,5.282464027404785
1992-10-30,5.357571125030518
1992-11-02,5.357571125030518
1992-11-03,5.232394218444824
1992-11-04,5.257428169250488
1992-11-05,5.257428169250488
1992-11-06,5.157285213470459
1992-11-09,5.057145118713379
1992-11-10,5.057145118713379
1992-11-11,5.082179546356201
1992-11-12,4.982038974761963
1992-11-13,5.007074356079102
1992-11-16,4.957003116607666
1992-11-17,4.931970596313477
1992-11-18,4.957003116607666
1992-11-19,4.982038974761963
1992-11-20,5.057145118713379
1992-11-23,5.232394218444824
1992-11-24,5.557847023010254
1992-11-25,5.5077805519104
1992-11-27,5.557847023010254
1992-11-30,5.520299911499023
1992-12-01,5.6830315589904785
1992-12-02,5.6079230308532715
1992-12-03,5.6329569816589355
1992-12-04,5.657997131347656
1992-12-07,5.7831711769104
1992-12-08,5.686700344085693
1992-12-09,5.737476825714111
1992-12-10,5.635920524597168
1992-12-11,5.635920524597168
1992-12-14,5.597845554351807
1992-12-15,5.737476825714111
1992-12-16,5.686700344085693
1992-12-17,5.788249492645264
1992-12-18,5.83902645111084
1992-12-21,5.686700344085693
1992-12-22,5.712085723876953
1992-12-23,5.635920524597168
1992-12-24,5.737476825714111
1992-12-28,5.661316394805908
1992-12-29,5.661316394805908
1992-12-30,5.661316394805908
1992-12-31,5.737476825714111
1993-01-04,5.813633441925049
1993-01-05,5.889795780181885
1993-01-06,5.915185928344727
1993-01-07,5.788249492645264
1993-01-08,5.83902645111084
1993-01-11,5.889795780181885
1993-01-12,5.889795780181885
1993-01-13,5.965959072113037
1993-01-14,5.915185928344727
1993-01-15,5.864409446716309
1993-01-18,5.83902645111084
1993-01-19,5.83902645111084
1993-01-20,5.864409446716309
1993-01-21,5.864409446716309
1993-01-22,5.813633441925049
1993-01-25,5.889795780181885
1993-01-26,6.042117595672607
1993-01-27,5.940572261810303
1993-01-28,5.940572261810303
1993-01-29,5.940572261810303
1993-02-01,5.965959072113037
1993-02-02,6.042117595672607
1993-02-03,6.092896938323975
1993-02-04,6.143665790557861
1993-02-05,6.169055461883545
1993-02-08,6.092896938323975
1993-02-09,6.118281841278076
1993-02-10,6.143665790557861
1993-02-11,6.092896938323975
1993-02-12,6.042117595672607
1993-02-16,6.016732215881348
1993-02-17,6.016732215881348
1993-02-18,5.915185928344727
1993-02-19,5.991344451904297
1993-02-22,6.169055461883545
1993-02-23,6.169055461883545
1993-02-24,6.245214462280273
1993-02-25,6.219825267791748
1993-02-26,6.219825267791748
1993-03-01,6.194444179534912
1993-03-02,6.397542476654053
1993-03-03,6.600632667541504
1993-03-04,6.372152805328369
1993-03-05,6.4737019538879395
1993-03-08,6.499082565307617
1993-03-09,6.401393413543701
1993-03-10,6.47852087020874
1993-03-11,6.47852087020874
1993-03-12,6.452810764312744
1993-03-15,6.47852087020874
1993-03-16,6.47852087020874
1993-03-17,6.427103042602539
1993-03-18,6.555642604827881
1993-03-19,6.581350803375244
1993-03-22,6.581350803375244
1993-03-23,6.529939651489258
1993-03-24,6.529939651489258
1993-03-25,6.504227161407471
1993-03-26,6.529939651489258
1993-03-29,6.632772445678711
1993-03-30,6.735602855682373
1993-03-31,6.6584792137146
1993-04-01,6.581350803375244
1993-04-02,6.555642604827881
1993-04-05,6.581350803375244
1993-04-06,6.632772445678711
1993-04-07,6.6584792137146
1993-04-08,6.607062816619873
1993-04-12,6.838438034057617
1993-04-13,6.864145755767822
1993-04-14,6.76131010055542
1993-04-15,6.941274642944336
1993-04-16,6.8898515701293945
1993-04-19,6.812727928161621
1993-04-20,6.76131010055542
1993-04-21,6.735602855682373
1993-04-22,6.812727928161621
1993-04-23,6.684184551239014
1993-04-26,6.684184551239014
1993-04-27,6.735602855682373
1993-04-28,6.684184551239014
1993-04-29,6.684184551239014
1993-04-30,6.632772445678711
1993-05-03,6.684184551239014
1993-05-04,6.76131010055542
1993-05-05,6.735602855682373
1993-05-06,6.709893703460693
1993-05-07,6.581350803375244
1993-05-10,6.632772445678711
1993-05-11,6.607062816619873
1993-05-12,6.6584792137146
1993-05-13,6.581350803375244
1993-05-14,6.76131010055542
1993-05-17,6.6584792137146
1993-05-18,6.6584792137146
1993-05-19,6.735602855682373
1993-05-20,6.787023544311523
1993-05-21,6.632772445678711
1993-05-24,6.735602855682373
1993-05-25,6.735602855682373
1993-05-26,6.812727928161621
1993-05-27,6.787023544311523
1993-05-28,6.76131010055542
1993-06-01,6.740492343902588
1993-06-02,6.740492343902588
1993-06-03,6.7144694328308105
1993-06-04,6.79254150390625
1993-06-07,6.766514301300049
1993-06-08,6.766514301300049
1993-06-09,6.818566799163818
1993-06-10,6.8706207275390625
1993-06-11,6.818566799163818
1993-06-14,6.79254150390625
1993-06-15,6.740492343902588
1993-06-16,6.84459114074707
1993-06-17,6.818566799163818
1993-06-18,6.688443183898926
1993-06-21,6.688443183898926
1993-06-22,6.5843400955200195
1993-06-23,6.558317184448242
1993-06-24,6.454218864440918
1993-06-25,6.480240345001221
1993-06-28,6.454218864440918
1993-06-29,6.454218864440918
1993-06-30,6.506267547607422
1993-07-01,6.506267547607422
1993-07-02,6.428191661834717
1993-07-06,6.219988822937012
1993-07-07,6.2460150718688965
1993-07-08,6.219988822937012
1993-07-09,6.376141548156738
1993-07-12,6.402164936065674
1993-07-13,6.402164936065674
1993-07-14,6.532291889190674
1993-07-15,6.610369682312012
1993-07-16,6.558317184448242
1993-07-19,6.5843400955200195
1993-07-20,6.610369682312012
1993-07-21,6.5843400955200195
1993-07-22,6.5843400955200195
1993-07-23,6.636390686035156
1993-07-26,6.610369682312012
1993-07-27,6.610369682312012
1993-07-28,6.7144694328308105
1993-07-29,6.766514301300049
1993-07-30,6.84459114074707
1993-08-02,6.8706207275390625
1993-08-03,6.79254150390625
1993-08-04,6.79254150390625
1993-08-05,6.766514301300049
1993-08-06,6.766514301300049
1993-08-09,6.79254150390625
1993-08-10,6.84459114074707
1993-08-11,6.896641731262207
1993-08-12,6.7144694328308105
1993-08-13,6.7144694328308105
1993-08-16,6.740492343902588
1993-08-17,6.8706207275390625
1993-08-18,6.818566799163818
1993-08-19,6.84459114074707
1993-08-20,6.7144694328308105
1993-08-23,6.818566799163818
1993-08-24,6.766514301300049
1993-08-25,7.052793025970459
1993-08-26,6.79254150390625
1993-08-27,6.766514301300049
1993-08-30,6.740492343902588
1993-08-31,6.766514301300049
1993-09-01,6.766514301300049
1993-09-02,6.740492343902588
1993-09-03,6.818566799163818
1993-09-07,6.79254150390625
1993-09-08,6.7144694328308105
1993-09-09,6.740492343902588
1993-09-10,6.818566799163818
1993-09-13,6.8706207275390625
1993-09-14,6.902227401733398
1993-09-15,6.875884532928467
1993-09-16,6.823197841644287
1993-09-17,6.84954309463501
1993-09-20,6.84954309463501
1993-09-21,6.902227401733398
1993-09-22,6.954921245574951
1993-09-23,6.928576469421387
1993-09-24,6.875884532928467
1993-09-27,7.007606029510498
1993-09-28,7.060298442840576
1993-09-29,7.192020893096924
1993-09-30,7.218367099761963
1993-10-01,7.323739528656006
1993-10-04,7.534495830535889
1993-10-05,7.271050453186035
1993-10-06,7.192020893096924
1993-10-07,7.060298442840576
1993-10-08,7.060298442840576
1993-10-11,7.1393327713012695
1993-10-12,7.007606029510498
1993-10-13,7.007606029510498
1993-10-14,7.060298442840576
1993-10-15,7.112986087799072
1993-10-18,7.165673732757568
1993-10-19,7.1393327713012695
1993-10-20,7.1393327713012695
1993-10-21,7.1393327713012695
1993-10-22,7.1393327713012695
1993-10-25,7.24470853805542
1993-10-26,7.192020893096924
1993-10-27,7.24470853805542
1993-10-28,7.218367099761963
1993-10-29,7.165673732757568
1993-11-01,7.24470853805542
1993-11-02,7.218367099761963
1993-11-03,7.192020893096924
1993-11-04,7.1393327713012695
1993-11-05,7.112986087799072
1993-11-08,7.112986087799072
1993-11-09,7.1393327713012695
1993-11-10,7.165673732757568
1993-11-11,7.192020893096924
1993-11-12,7.086639881134033
1993-11-15,7.033955097198486
1993-11-16,7.007606029510498
1993-11-17,6.981264591217041
1993-11-18,6.928576469421387
1993-11-19,6.928576469421387
1993-11-22,6.954921245574951
1993-11-23,6.902227401733398
1993-11-24,6.875884532928467
1993-11-26,6.928576469421387
1993-11-29,6.902227401733398
1993-11-30,6.954921245574951
1993-12-01,6.928576469421387
1993-12-02,7.033955097198486
1993-12-03,7.112986087799072
1993-12-06,7.218367099761963
1993-12-07,7.410284996032715
1993-12-08,7.356971740722656
1993-12-09,7.330316543579102
1993-12-10,7.3036627769470215
1993-12-13,7.330316543579102
1993-12-14,7.356971740722656
1993-12-15,7.25034761428833
1993-12-16,7.170387268066406
1993-12-17,7.330316543579102
1993-12-20,7.223694801330566
1993-12-21,7.3036627769470215
1993-12-22,7.330316543579102
1993-12-23,7.25034761428833
1993-12-27,7.25034761428833
1993-12-28,7.410284996032715
1993-12-29,7.570223331451416
1993-12-30,7.490250110626221
1993-12-31,7.38362979888916
1994-01-03,7.38362979888916
1994-01-04,7.330316543579102
1994-01-05,7.330316543579102
1994-01-06,7.3036627769470215
1994-01-07,7.463597774505615
1994-01-10,7.676844596862793
1994-01-11,7.5435638427734375
1994-01-12,7.570223331451416
1994-01-13,7.38362979888916
1994-01-14,7.197038173675537
1994-01-17,7.170387268066406
1994-01-18,7.25034761428833
1994-01-19,7.223694801330566
1994-01-20,7.223694801330566
1994-01-21,7.25034761428833
1994-01-24,7.410284996032715
1994-01-25,7.463597774505615
1994-01-26,7.436944007873535
1994-01-27,7.356971740722656
1994-01-28,7.38362979888916
1994-01-31,7.490250110626221
1994-02-01,7.463597774505615
1994-02-02,7.490250110626221
1994-02-03,7.490250110626221
1994-02-04,7.38362979888916
1994-02-07,7.410284996032715
1994-02-08,7.463597774505615
1994-02-09,7.516907215118408
1994-02-10,7.436944007873535
1994-02-11,7.38362979888916
1994-02-14,7.330316543579102
1994-02-15,7.410284996032715
1994-02-16,7.463597774505615
1994-02-17,7.410284996032715
1994-02-18,7.410284996032715
1994-02-22,7.356971740722656
1994-02-23,7.463597774505615
1994-02-24,7.410284996032715
1994-02-25,7.463597774505615
1994-02-28,7.490250110626221
1994-03-01,7.490250110626221
1994-03-02,7.410284996032715
1994-03-03,7.463597774505615
1994-03-04,7.490250110626221
1994-03-07,7.676844596862793
1994-03-08,7.763101577758789
1994-03-09,7.736144065856934
1994-03-10,7.79005241394043
1994-03-11,7.817007541656494
1994-03-14,7.897879123687744
1994-03-15,7.924832344055176
1994-03-16,7.870920181274414
1994-03-17,8.08655834197998
1994-03-18,8.113512992858887
1994-03-21,8.113512992858887
1994-03-22,8.140469551086426
1994-03-23,8.08655834197998
1994-03-24,8.113512992858887
1994-03-25,8.08655834197998
1994-03-28,8.08655834197998
1994-03-29,7.951789855957031
1994-03-30,7.79005241394043
1994-03-31,7.897879123687744
1994-04-04,7.978741645812988
1994-04-05,8.005699157714844
1994-04-06,7.924832344055176
1994-04-07,8.005699157714844
1994-04-08,7.951789855957031
1994-04-11,8.03265380859375
1994-04-12,8.19438362121582
1994-04-13,8.275249481201172
1994-04-14,8.275249481201172
1994-04-15,8.302201271057129
1994-04-18,8.08655834197998
1994-04-19,8.167428016662598
1994-04-20,8.113512992858887
1994-04-21,8.08655834197998
1994-04-22,8.059609413146973
1994-04-25,8.113512992858887
1994-04-26,8.140469551086426
1994-04-28,8.113512992858887
1994-04-29,8.113512992858887
1994-05-02,8.167428016662598
1994-05-03,8.19438362121582
1994-05-04,8.167428016662598
1994-05-05,8.302201271057129
1994-05-06,8.302201271057129
1994-05-09,8.19438362121582
1994-05-10,8.221336364746094
1994-05-11,8.19438362121582
1994-05-12,8.19438362121582
1994-05-13,8.19438362121582
1994-05-16,8.302201271057129
1994-05-17,8.302201271057129
1994-05-18,8.140469551086426
1994-05-19,8.005699157714844
1994-05-20,7.978741645812988
1994-05-23,8.08655834197998
1994-05-24,8.221336364746094
1994-05-25,8.140469551086426
1994-05-26,8.19438362121582
1994-05-27,8.248292922973633
1994-05-31,8.253740310668945
1994-06-01,8.28097915649414
1994-06-02,8.308219909667969
1994-06-03,8.253740310668945
1994-06-06,8.172022819519043
1994-06-07,8.22650146484375
1994-06-08,8.28097915649414
1994-06-09,8.28097915649414
1994-06-10,8.253740310668945
1994-06-13,8.22650146484375
1994-06-14,8.253740310668945
1994-06-15,8.199258804321289
1994-06-16,8.253740310668945
1994-06-17,8.22650146484375
1994-06-20,8.335457801818848
1994-06-21,8.28097915649414
1994-06-22,8.28097915649414
1994-06-23,8.308219909667969
1994-06-24,8.253740310668945
1994-06-27,8.253740310668945
1994-06-28,8.199258804321289
1994-06-29,8.22650146484375
1994-06-30,8.199258804321289
1994-07-01,8.22650146484375
1994-07-05,8.063060760498047
1994-07-06,8.063060760498047
1994-07-07,7.954097270965576
1994-07-08,7.763420104980469
1994-07-11,7.73617696762085
1994-07-12,7.681697845458984
1994-07-13,7.681697845458984
1994-07-14,7.627223014831543
1994-07-15,7.518256187438965
1994-07-18,7.382059574127197
1994-07-19,7.3548197746276855
1994-07-20,7.627223014831543
1994-07-21,7.70893669128418
1994-07-22,7.763420104980469
1994-07-25,7.763420104980469
1994-07-26,7.572740077972412
1994-07-27,7.518256187438965
1994-07-28,7.681697845458984
1994-07-29,7.73617696762085
1994-08-01,7.817898750305176
1994-08-02,7.763420104980469
1994-08-03,7.872377872467041
1994-08-04,7.763420104980469
1994-08-05,7.763420104980469
1994-08-08,7.981339454650879
1994-08-09,7.954097270965576
1994-08-10,8.03581714630127
1994-08-11,8.063060760498047
1994-08-12,8.090299606323242
1994-08-15,8.090299606323242
1994-08-16,8.063060760498047
1994-08-17,8.008581161499023
1994-08-18,7.899615287780762
1994-08-19,7.899615287780762
1994-08-22,7.845141410827637
1994-08-23,7.845141410827637
1994-08-24,7.7906575202941895
1994-08-25,8.144781112670898
1994-08-26,8.253740310668945
1994-08-29,8.199258804321289
1994-08-30,8.199258804321289
1994-08-31,8.117542266845703
1994-09-01,8.22650146484375
1994-09-02,8.090299606323242
1994-09-06,8.063060760498047
1994-09-07,8.063060760498047
1994-09-08,8.144781112670898
1994-09-09,8.063060760498047
1994-09-12,8.063060760498047
1994-09-13,8.04102611541748
1994-09-14,8.013493537902832
1994-09-15,7.985949993133545
1994-09-16,7.9033403396606445
1994-09-19,7.848267078399658
1994-09-20,7.765651226043701
1994-09-21,7.7105817794799805
1994-09-22,7.765651226043701
1994-09-23,7.765651226043701
1994-09-26,7.683043003082275
1994-09-27,7.545354843139648
1994-09-28,7.6004228591918945
1994-09-29,7.462738513946533
1994-09-30,7.407662868499756
1994-10-03,7.380123615264893
1994-10-04,7.462738513946533
1994-10-05,7.407662868499756
1994-10-06,7.380123615264893
1994-10-07,7.352583408355713
1994-10-10,7.380123615264893
1994-10-11,7.51781702041626
1994-10-12,7.62796688079834
1994-10-13,7.62796688079834
1994-10-14,7.62796688079834
1994-10-17,7.6004228591918945
1994-10-18,7.51781702041626
1994-10-19,7.490273952484131
1994-10-20,7.572884559631348
1994-10-21,7.545354843139648
1994-10-24,7.462738513946533
1994-10-25,7.545354843139648
1994-10-26,7.490273952484131
1994-10-27,7.380123615264893
1994-10-28,7.435200214385986
1994-10-31,7.462738513946533
1994-11-01,7.380123615264893
1994-11-02,7.352583408355713
1994-11-03,7.325049877166748
1994-11-04,7.187356948852539
1994-11-07,7.214897632598877
1994-11-08,7.269972801208496
1994-11-09,7.187356948852539
1994-11-10,7.159821033477783
1994-11-11,7.132285118103027
1994-11-14,7.159821033477783
1994-11-15,7.132285118103027
1994-11-16,7.077207088470459
1994-11-17,7.077207088470459
1994-11-18,7.104746341705322
1994-11-21,7.049670696258545
1994-11-22,6.9670562744140625
1994-11-23,6.911981105804443
1994-11-25,6.994594573974609
1994-11-28,7.0221333503723145
1994-11-29,6.994594573974609
1994-11-30,6.994594573974609
1994-12-01,6.939515590667725
1994-12-02,6.9670562744140625
1994-12-05,7.049670696258545
1994-12-06,7.083133697509766
1994-12-07,7.111020088195801
1994-12-08,7.055247783660889
1994-12-09,7.083133697509766
1994-12-12,7.083133697509766
1994-12-13,7.083133697509766
1994-12-14,7.166791915893555
1994-12-15,7.111020088195801
1994-12-16,7.111020088195801
1994-12-19,7.138907432556152
1994-12-20,7.138907432556152
1994-12-21,7.083133697509766
1994-12-22,7.055247783660889
1994-12-23,6.999474048614502
1994-12-27,7.027358055114746
1994-12-28,6.971588134765625
1994-12-29,6.832155704498291
1994-12-30,7.138907432556152
1995-01-03,7.083133697509766
1995-01-04,7.027358055114746
1995-01-05,7.027358055114746
1995-01-06,6.8879289627075195
1995-01-09,6.748498439788818
1995-01-10,6.748498439788818
1995-01-11,6.664838790893555
1995-01-12,6.720614433288574
1995-01-13,6.748498439788818
1995-01-16,6.748498439788818
1995-01-17,6.748498439788818
1995-01-18,6.720614433288574
1995-01-19,6.832155704498291
1995-01-20,6.7763848304748535
1995-01-23,6.7763848304748535
1995-01-24,6.748498439788818
1995-01-25,6.860043525695801
1995-01-26,6.999474048614502
1995-01-27,7.055247783660889
1995-01-30,7.055247783660889
1995-01-31,7.111020088195801
1995-02-01,7.111020088195801
1995-02-02,7.083133697509766
1995-02-03,7.111020088195801
1995-02-06,7.19467830657959
1995-02-07,7.250452041625977
1995-02-08,7.278336048126221
1995-02-09,7.19467830657959
1995-02-10,7.250452041625977
1995-02-13,7.361997604370117
1995-02-14,7.361997604370117
1995-02-15,7.417771816253662
1995-02-16,7.334112644195557
1995-02-17,7.278336048126221
1995-02-21,7.334112644195557
1995-02-22,7.250452041625977
1995-02-23,7.222568035125732
1995-02-24,7.278336048126221
1995-02-27,7.19467830657959
1995-02-28,7.19467830657959
1995-03-01,7.138907432556152
1995-03-02,6.860043525695801
1995-03-03,6.832155704498291
1995-03-06,6.720614433288574
1995-03-07,6.613215446472168
1995-03-08,6.782787799835205
1995-03-09,6.698004245758057
1995-03-10,6.782787799835205
1995-03-13,6.726263523101807
1995-03-14,6.698004245758057
1995-03-15,6.698004245758057
1995-03-16,6.698004245758057
1995-03-17,6.698004245758057
1995-03-20,6.669740676879883
1995-03-21,6.669740676879883
1995-03-22,6.584958076477051
1995-03-23,6.556694030761719
1995-03-24,6.556694030761719
1995-03-27,6.584958076477051
1995-03-28,6.556694030761719
1995-03-29,6.556694030761719
1995-03-30,6.556694030761719
1995-03-31,6.556694030761719
1995-04-03,6.669740676879883
1995-04-04,6.669740676879883
1995-04-05,6.6414794921875
1995-04-06,6.613215446472168
1995-04-07,6.584958076477051
1995-04-10,6.613215446472168
1995-04-11,6.613215446472168
1995-04-12,6.6414794921875
1995-04-13,6.613215446472168
1995-04-17,6.556694030761719
1995-04-18,6.500167369842529
1995-04-19,6.500167369842529
1995-04-20,6.471907138824463
1995-04-21,6.471907138824463
1995-04-24,6.500167369842529
1995-04-25,6.443647384643555
1995-04-26,6.415386199951172
1995-04-27,6.38712739944458
1995-04-28,6.274077892303467
1995-05-01,6.076245307922363
1995-05-02,6.019720077514648
1995-05-03,6.047985553741455
1995-05-04,5.963197708129883
1995-05-05,5.708847999572754
1995-05-08,5.765368938446045
1995-05-09,5.765368938446045
1995-05-10,5.737107753753662
1995-05-11,5.765368938446045
1995-05-12,5.821892261505127
1995-05-15,5.87841796875
1995-05-16,5.765368938446045
1995-05-17,5.765368938446045
1995-05-18,5.737107753753662
1995-05-19,5.652322769165039
1995-05-22,5.595798015594482
1995-05-23,5.567539215087891
1995-05-24,5.539277076721191
1995-05-25,5.171874046325684
1995-05-26,5.143614768981934
1995-05-30,5.149364948272705
1995-05-31,5.034298896789551
1995-06-01,5.005528450012207
1995-06-02,4.9767632484436035
1995-06-05,5.206902503967285
1995-06-06,5.206902503967285
1995-06-07,5.206902503967285
1995-06-08,5.235669136047363
1995-06-09,5.293202877044678
1995-06-12,5.379505157470703
1995-06-13,5.408273220062256
1995-06-14,5.379505157470703
1995-06-15,5.264437675476074
1995-06-16,5.235669136047363
1995-06-19,5.264437675476074
1995-06-20,5.264437675476074
1995-06-21,5.206902503967285
1995-06-22,5.235669136047363
1995-06-23,5.264437675476074
1995-06-26,5.235669136047363
1995-06-27,5.293202877044678
1995-06-28,5.235669136047363
1995-06-29,5.178131580352783
1995-06-30,5.235669136047363
1995-07-03,5.465810298919678
1995-07-05,5.293202877044678
1995-07-06,5.235669136047363
1995-07-07,5.321972846984863
1995-07-10,5.293202877044678
1995-07-11,5.408273220062256
1995-07-12,5.321972846984863
1995-07-13,5.321972846984863
1995-07-14,5.3507399559021
1995-07-17,5.465810298919678
1995-07-18,5.523342132568359
1995-07-19,5.552106857299805
1995-07-20,5.69594669342041
1995-07-21,5.58087682723999
1995-07-24,5.552106857299805
1995-07-25,5.58087682723999
1995-07-26,5.69594669342041
1995-07-27,5.69594669342041
1995-07-28,5.69594669342041
1995-07-31,5.724715232849121
1995-08-01,5.811019420623779
1995-08-02,5.926087856292725
1995-08-03,5.724715232849121
1995-08-04,5.753483295440674
1995-08-07,5.782248020172119
1995-08-08,5.839785575866699
1995-08-09,5.69594669342041
1995-08-10,5.724715232849121
1995-08-11,5.6384124755859375
1995-08-14,5.58087682723999
1995-08-15,5.609649181365967
1995-08-16,5.609649181365967
1995-08-17,5.6384124755859375
1995-08-18,5.6384124755859375
1995-08-21,5.58087682723999
1995-08-22,5.609649181365967
1995-08-23,5.552106857299805
1995-08-24,5.523342132568359
1995-08-25,5.552106857299805
1995-08-28,5.552106857299805
1995-08-29,5.552106857299805
1995-08-30,4.430182456970215
1995-08-31,4.200042724609375
1995-09-01,4.142508506774902
1995-09-05,3.9411351680755615
1995-09-06,3.9699037075042725
1995-09-07,4.142508506774902
1995-09-08,4.401413440704346
1995-09-11,4.3438801765441895
1995-09-12,4.372645378112793
1995-09-13,4.315112590789795
1995-09-14,4.285956859588623
1995-09-15,4.256799221038818
1995-09-18,4.373423099517822
1995-09-19,4.227643013000488
1995-09-20,4.344266891479492
1995-09-21,4.315112113952637
1995-09-22,4.344266891479492
1995-09-25,4.285956859588623
1995-09-26,4.315112113952637
1995-09-27,4.256799221038818
1995-09-28,4.402580738067627
1995-09-29,4.285956859588623
1995-10-02,4.373423099517822
1995-10-03,4.344266891479492
1995-10-04,4.315112113952637
1995-10-05,4.285956859588623
1995-10-06,4.256799221038818
1995-10-09,4.256799221038818
1995-10-10,4.198486328125
1995-10-11,4.198486328125
1995-10-12,4.111022472381592
1995-10-13,4.023551940917969
1995-10-16,3.9943947792053223
1995-10-17,3.8777682781219482
1995-10-18,3.8194572925567627
1995-10-19,3.673677682876587
1995-10-20,3.49873948097229
1995-10-23,3.4695823192596436
1995-10-24,3.323802947998047
1995-10-25,3.382114887237549
1995-10-26,3.2071783542633057
1995-10-27,3.265489101409912
1995-10-30,3.2071783542633057
1995-10-31,3.2071783542633057
1995-11-01,3.1780223846435547
1995-11-02,3.2946460247039795
1995-11-03,3.2071783542633057
1995-11-06,3.1780223846435547
1995-11-07,3.265489101409912
1995-11-08,3.2363345623016357
1995-11-09,3.1780223846435547
1995-11-10,3.1780223846435547
1995-11-13,3.0322418212890625
1995-11-14,2.973928451538086
1995-11-15,3.003082752227783
1995-11-16,3.0322418212890625
1995-11-17,3.265489101409912
1995-11-20,3.148866653442383
1995-11-21,3.411271333694458
1995-11-22,3.440427541732788
1995-11-24,3.382114887237549
1995-11-27,3.4695823192596436
1995-11-28,3.382114887237549
1995-11-29,3.2946460247039795
1995-11-30,3.265489101409912
1995-12-01,3.55705189704895
1995-12-04,3.411271333694458
1995-12-05,3.3529579639434814
1995-12-06,3.49873948097229
1995-12-07,3.382114887237549
1995-12-08,3.440427541732788
1995-12-11,3.3529579639434814
1995-12-12,3.3529579639434814
1995-12-13,3.440427541732788
1995-12-14,3.4997446537017822
1995-12-15,3.7073535919189453
1995-12-18,3.4997446537017822
1995-12-19,3.41076922416687
1995-12-20,3.44042706489563
1995-12-21,3.4700849056243896
1995-12-22,3.44042706489563
1995-12-26,3.41076922416687
1995-12-27,3.4997446537017822
1995-12-28,3.44042706489563
1995-12-29,3.3811092376708984
1996-01-02,3.559063196182251
1996-01-03,3.588721990585327
1996-01-04,3.4997446537017822
1996-01-05,3.44042706489563
1996-01-08,3.44042706489563
1996-01-09,3.529404401779175
1996-01-10,3.44042706489563
1996-01-11,3.41076922416687
1996-01-12,3.2921323776245117
1996-01-15,3.3217921257019043
1996-01-16,3.3217921257019043
1996-01-17,3.2328174114227295
1996-01-18,3.173496961593628
1996-01-19,3.173496961593628
1996-01-22,3.173496961593628
1996-01-23,3.1438381671905518
1996-01-24,3.2328174114227295
1996-01-25,3.173496961593628
1996-01-26,3.1438381671905518
1996-01-29,3.1438381671905518
1996-01-30,3.1438381671905518
1996-01-31,3.2624738216400146
1996-02-01,3.173496961593628
1996-02-02,3.1438381671905518
1996-02-05,3.173496961593628
1996-02-06,3.173496961593628
1996-02-07,3.1438381671905518
1996-02-08,3.0845212936401367
1996-02-09,3.1141796112060547
1996-02-12,3.0845212936401367
1996-02-13,3.054861545562744
1996-02-14,3.0845212936401367
1996-02-15,3.054861545562744
1996-02-16,3.1438381671905518
1996-02-20,3.0252041816711426
1996-02-21,2.995544195175171
1996-02-22,2.995544195175171
1996-02-23,2.995544195175171
1996-02-26,2.9658854007720947
1996-02-27,2.9658854007720947
1996-02-28,2.9065661430358887
1996-02-29,2.9362263679504395
1996-03-01,3.0252041816711426
1996-03-04,3.2624738216400146
1996-03-05,3.44042706489563
1996-03-06,3.3811092376708984
1996-03-07,3.2921323776245117
1996-03-08,3.173496961593628
1996-03-11,3.0845212936401367
1996-03-12,3.0845212936401367
1996-03-13,3.1438381671905518
1996-03-14,3.204296350479126
1996-03-15,3.204296350479126
1996-03-18,3.294985771179199
1996-03-19,3.2647557258605957
1996-03-20,3.2647557258605957
1996-03-21,3.4763598442077637
1996-03-22,3.4763598442077637
1996-03-25,3.385671854019165
1996-03-26,3.385671854019165
1996-03-27,3.294985771179199
1996-03-28,3.385671854019165
1996-03-29,3.2647557258605957
1996-04-01,3.294985771179199
1996-04-02,3.325211524963379
1996-04-03,3.4461307525634766
1996-04-04,3.536818027496338
1996-04-08,3.4763598442077637
1996-04-09,3.4159011840820312
1996-04-10,3.325211524963379
1996-04-11,3.385671854019165
1996-04-12,3.325211524963379
1996-04-15,3.385671854019165
1996-04-16,3.4159011840820312
1996-04-17,3.4159011840820312
1996-04-18,3.385671854019165
1996-04-19,3.4461307525634766
1996-04-22,3.4763598442077637
1996-04-23,3.7484240531921387
1996-04-24,3.929799795150757
1996-04-25,3.960026979446411
1996-04-26,3.80888295173645
1996-04-29,3.839110851287842
1996-04-30,3.8693385124206543
1996-05-01,3.929799795150757
1996-05-02,3.7484240531921387
1996-05-03,3.7786498069763184
1996-05-06,3.7786498069763184
1996-05-07,3.7786498069763184
1996-05-08,3.839110851287842
1996-05-09,3.8995704650878906
1996-05-10,4.020485877990723
1996-05-13,4.141402721405029
1996-05-14,4.141402721405029
1996-05-15,4.171631813049316
1996-05-16,4.111175537109375
1996-05-17,4.080944538116455
1996-05-20,3.990255832672119
1996-05-21,4.111175537109375
1996-05-22,4.111175537109375
1996-05-23,4.020485877990723
1996-05-24,4.050715446472168
1996-05-28,4.080944538116455
1996-05-29,4.080944538116455
1996-05-30,4.172996520996094
1996-05-31,4.172996520996094
1996-06-03,4.111626625061035
1996-06-04,4.080944538116455
1996-06-05,4.142312049865723
1996-06-06,4.111626625061035
1996-06-07,4.050259113311768
1996-06-10,4.142312049865723
1996-06-11,4.203678131103516
1996-06-12,4.295731067657471
1996-06-13,4.203678131103516
1996-06-14,4.142312049865723
1996-06-17,4.203678131103516
1996-06-18,4.203678131103516
1996-06-19,4.234363079071045
1996-06-20,4.142312049865723
1996-06-21,4.080944538116455
1996-06-24,4.080944538116455
1996-06-25,4.172996520996094
1996-06-26,4.142312049865723
1996-06-27,4.203678131103516
1996-06-28,4.265047550201416
1996-07-01,4.265047550201416
1996-07-02,4.203678131103516
1996-07-03,4.172996520996094
1996-07-05,4.019577503204346
1996-07-08,3.9275262355804443
1996-07-09,4.080944538116455
1996-07-10,4.080944538116455
1996-07-11,3.988891363143921
1996-07-12,3.8354718685150146
1996-07-15,3.7434232234954834
1996-07-16,3.682055950164795
1996-07-17,3.3138504028320312
1996-07-18,3.25247859954834
1996-07-19,3.1911141872406006
1996-07-22,3.0376944541931152
1996-07-23,3.0070111751556396
1996-07-24,3.099062919616699
1996-07-25,3.1911141872406006
1996-07-26,3.3138504028320312
1996-07-29,3.283165693283081
1996-07-30,3.283165693283081
1996-07-31,3.4058997631073
1996-08-01,3.5286357402801514
1996-08-02,3.5286357402801514
1996-08-05,3.4672698974609375
1996-08-06,3.5286357402801514
1996-08-07,3.559321165084839
1996-08-08,3.651369333267212
1996-08-09,3.8354718685150146
1996-08-12,3.8661558628082275
1996-08-13,3.9275262355804443
1996-08-14,3.9275262355804443
1996-08-15,3.8968398571014404
1996-08-16,3.988891363143921
1996-08-19,4.326414585113525
1996-08-20,4.571884632110596
1996-08-21,4.725304126739502
1996-08-22,4.633251190185547
1996-08-23,4.510518550872803
1996-08-26,4.541200637817383
1996-08-27,4.541200637817383
1996-08-28,4.694620132446289
1996-08-29,4.663935661315918
1996-08-30,4.663935661315918
1996-09-03,4.663935661315918
1996-09-04,4.694620132446289
1996-09-05,4.909405708312988
1996-09-06,5.032140254974365
1996-09-09,4.970774173736572
1996-09-10,4.878724098205566
1996-09-11,5.032140254974365
1996-09-12,5.001458168029785
1996-09-13,5.032140254974365
1996-09-16,5.216243743896484
1996-09-17,5.431031703948975
1996-09-18,5.4617133140563965
1996-09-19,5.43068265914917
1996-09-20,5.492746353149414
1996-09-23,5.461712837219238
1996-09-24,5.461712837219238
1996-09-25,5.461712837219238
1996-09-26,5.647910118103027
1996-09-27,5.585843086242676
1996-09-30,5.772038459777832
1996-10-01,5.772038459777832
1996-10-02,5.585843086242676
1996-10-03,5.616878986358643
1996-10-04,5.678943157196045
1996-10-07,5.678943157196045
1996-10-08,5.461712837219238
1996-10-09,5.492746353149414
1996-10-10,5.43068265914917
1996-10-11,5.399649620056152
1996-10-14,5.244488716125488
1996-10-15,5.244488716125488
1996-10-16,5.368617057800293
1996-10-17,5.5237812995910645
1996-10-18,5.461712837219238
1996-10-21,5.399649620056152
1996-10-22,5.43068265914917
1996-10-23,5.306552410125732
1996-10-24,5.182422637939453
1996-10-25,5.182422637939453
1996-10-28,5.337584972381592
1996-10-29,5.43068265914917
1996-10-30,5.213456153869629
1996-10-31,5.120356559753418
1996-11-01,5.213456153869629
1996-11-04,5.244488716125488
1996-11-05,5.120356559753418
1996-11-06,5.058290958404541
1996-11-07,5.027259826660156
1996-11-08,4.903130531311035
1996-11-11,4.903130531311035
1996-11-12,4.903130531311035
1996-11-13,4.87209939956665
1996-11-14,4.841063022613525
1996-11-15,4.810032367706299
1996-11-18,4.810032367706299
1996-11-19,4.93416166305542
1996-11-20,4.74796724319458
1996-11-21,4.623837947845459
1996-11-22,4.654870986938477
1996-11-25,4.685902118682861
1996-11-26,4.685902118682861
1996-11-27,4.654870986938477
1996-11-29,4.716935634613037
1996-12-02,4.93416166305542
1996-12-03,4.810032367706299
1996-12-04,4.778997898101807
1996-12-05,4.74796724319458
1996-12-06,4.716935634613037
1996-12-09,4.778997898101807
1996-12-10,4.903130531311035
1996-12-11,4.87209939956665
1996-12-12,4.777797222137451
1996-12-13,4.746365547180176
1996-12-16,4.746365547180176
1996-12-17,4.652067184448242
1996-12-18,4.714932918548584
1996-12-19,4.714932918548584
1996-12-20,4.746365547180176
1996-12-23,4.4949049949646
1996-12-24,4.589202880859375
1996-12-26,4.589202880859375
1996-12-27,4.652067184448242
1996-12-30,4.589202880859375
1996-12-31,4.557767868041992
1997-01-02,4.463468551635742
1997-01-03,4.526336193084717
1997-01-06,4.3063063621521
1997-01-07,4.274873733520508
1997-01-08,4.14914083480835
1997-01-09,3.9291093349456787
1997-01-10,3.8976778984069824
1997-01-13,3.8976778984069824
1997-01-14,3.9605424404144287
1997-01-15,3.9291093349456787
1997-01-16,3.834812879562378
1997-01-17,3.834812879562378
1997-01-20,3.6933658123016357
1997-01-21,3.834812879562378
1997-01-22,3.834812879562378
1997-01-23,3.834812879562378
1997-01-24,3.8033792972564697
1997-01-27,3.834812879562378
1997-01-28,3.866246223449707
1997-01-29,3.8976778984069824
1997-01-30,3.991976022720337
1997-01-31,4.14914083480835
1997-02-03,4.14914083480835
1997-02-04,4.117709159851074
1997-02-05,4.054842948913574
1997-02-06,3.9291093349456787
1997-02-07,3.991976022720337
1997-02-10,4.086275100708008
1997-02-11,4.054842948913574
1997-02-12,4.02340841293335
1997-02-13,4.243437767028809
1997-02-14,4.337738990783691
1997-02-18,4.400604724884033
1997-02-19,4.3063063621521
1997-02-20,4.274873733520508
1997-02-21,4.243437767028809
1997-02-24,4.054842948913574
1997-02-25,4.14914083480835
1997-02-26,4.117709159851074
1997-02-27,4.117709159851074
1997-02-28,4.086275100708008
1997-03-03,4.086275100708008
1997-03-04,4.086275100708008
1997-03-05,4.117709159851074
1997-03-06,4.117709159851074
1997-03-07,4.14914083480835
1997-03-10,4.117709159851074
1997-03-11,4.243437767028809
1997-03-12,4.212004661560059
1997-03-13,4.180098533630371
1997-03-14,4.148188591003418
1997-03-17,4.243915557861328
1997-03-18,4.212006092071533
1997-03-19,4.243915557861328
1997-03-20,4.212006092071533
1997-03-21,4.180098533630371
1997-03-24,4.148188591003418
1997-03-25,4.403461933135986
1997-03-26,4.531096458435059
1997-03-27,4.371553421020508
1997-03-31,4.243915557861328
1997-04-01,4.307733058929443
1997-04-02,4.212006092071533
1997-04-03,4.243915557861328
1997-04-04,4.212006092071533
1997-04-07,4.339644432067871
1997-04-08,4.403461933135986
1997-04-09,4.339644432067871
1997-04-10,4.339644432067871
1997-04-11,4.243915557861328
1997-04-14,4.243915557861328
1997-04-15,4.403461933135986
1997-04-16,4.371553421020508
1997-04-17,4.371553421020508
1997-04-18,4.275823593139648
1997-04-21,4.116281032562256
1997-04-22,4.084371089935303
1997-04-23,4.084371089935303
1997-04-24,4.116281032562256
1997-04-25,4.052462100982666
1997-04-28,4.084371089935303
1997-04-29,4.275823593139648
1997-04-30,4.243915557861328
1997-05-01,4.243915557861328
1997-05-02,4.212006092071533
1997-05-05,4.275823593139648
1997-05-06,4.243915557861328
1997-05-07,4.180098533630371
1997-05-08,4.148188591003418
1997-05-09,4.180098533630371
1997-05-12,4.084371089935303
1997-05-13,4.148188591003418
1997-05-14,4.084371089935303
1997-05-15,4.052462100982666
1997-05-16,4.052462100982666
1997-05-19,4.052462100982666
1997-05-20,4.0205512046813965
1997-05-21,4.084371089935303
1997-05-22,4.052462100982666
1997-05-23,4.116281032562256
1997-05-27,4.275823593139648
1997-05-28,4.62682580947876
1997-05-29,4.626824855804443
1997-05-30,4.659180164337158
1997-06-02,4.723892688751221
1997-06-03,4.659180164337158
1997-06-04,4.691536903381348
1997-06-05,4.756246566772461
1997-06-06,4.723892688751221
1997-06-09,4.659180164337158
1997-06-10,4.659180164337158
1997-06-11,4.659180164337158
1997-06-12,4.529758930206299
1997-06-13,4.497402667999268
1997-06-16,4.432692527770996
1997-06-17,4.432692527770996
1997-06-18,4.432692527770996
1997-06-19,4.562114238739014
1997-06-20,4.626824855804443
1997-06-23,4.659180164337158
1997-06-24,4.675358295440674
1997-06-25,4.691536903381348
1997-06-26,4.74006986618042
1997-06-27,4.885669231414795
1997-06-30,4.8371357917785645
1997-07-01,5.063625335693359
1997-07-02,5.176868438720703
1997-07-03,5.1606903076171875
1997-07-07,5.03126859664917
1997-07-08,5.079801559448242
1997-07-09,4.982736110687256
1997-07-10,4.9180216789245605
1997-07-11,4.675358295440674
1997-07-14,4.5782952308654785
1997-07-15,4.545938968658447
1997-07-16,4.529758930206299
1997-07-17,4.432692527770996
1997-07-18,4.448869228363037
1997-07-21,4.448869228363037
1997-07-22,4.335628032684326
1997-07-23,4.465048789978027
1997-07-24,4.432692527770996
1997-07-25,4.351804733276367
1997-07-28,4.23856258392334
1997-07-29,4.367982864379883
1997-07-30,4.448869228363037
1997-07-31,4.529758930206299
1997-08-01,4.529758930206299
1997-08-04,4.529758930206299
1997-08-05,4.545938968658447
1997-08-06,4.513581275939941
1997-08-07,4.448869228363037
1997-08-08,4.416514873504639
1997-08-11,4.384162425994873
1997-08-12,4.367982864379883
1997-08-13,4.351804733276367
1997-08-14,4.4003376960754395
1997-08-15,4.4003376960754395
1997-08-18,4.351804733276367
1997-08-19,4.384162425994873
1997-08-20,4.367982864379883
1997-08-21,4.270914077758789
1997-08-22,4.351804733276367
1997-08-25,4.351804733276367
1997-08-26,4.319450855255127
1997-08-27,4.319450855255127
1997-08-28,4.3032708168029785
1997-08-29,4.319450855255127
1997-09-02,4.335628032684326
1997-09-03,4.319450855255127
1997-09-04,4.319450855255127
1997-09-05,4.4003376960754395
1997-09-08,4.432692527770996
1997-09-09,4.659180164337158
1997-09-10,4.675358295440674
1997-09-11,4.659180164337158
1997-09-12,4.659180164337158
1997-09-15,4.659180164337158
1997-09-16,4.756246566772461
1997-09-17,4.756246566772461
1997-09-18,4.7562456130981445
1997-09-19,4.78904914855957
1997-09-22,4.707045555114746
1997-09-23,4.7562456130981445
1997-09-24,4.7562456130981445
1997-09-25,4.78904914855957
1997-09-26,4.78904914855957
1997-09-29,4.838251113891602
1997-09-30,4.772648334503174
1997-10-01,4.805451393127441
1997-10-02,4.723446846008301
1997-10-03,4.739846229553223
1997-10-06,4.690643787384033
1997-10-07,4.608640193939209
1997-10-08,4.625040531158447
1997-10-09,4.395427703857422
1997-10-10,4.24782133102417
1997-10-13,4.231419086456299
1997-10-14,4.149416446685791
1997-10-15,4.182217597961426
1997-10-16,4.100212574005127
1997-10-17,3.936203956604004
1997-10-20,4.083810329437256
1997-10-21,4.067412376403809
1997-10-22,4.034610748291016
1997-10-23,3.985407590866089
1997-10-24,4.067412376403809
1997-10-27,3.9034037590026855
1997-10-28,4.051009178161621
1997-10-29,4.100212574005127
1997-10-30,3.919804811477661
1997-10-31,3.9690046310424805
1997-11-03,4.067412376403809
1997-11-04,4.018210411071777
1997-11-05,4.001810550689697
1997-11-06,4.051009178161621
1997-11-07,4.133014678955078
1997-11-10,4.116613388061523
1997-11-11,4.133014678955078
1997-11-12,4.133014678955078
1997-11-13,4.133014678955078
1997-11-14,4.133014678955078
1997-11-17,4.24782133102417
1997-11-18,4.24782133102417
1997-11-19,4.198618412017822
1997-11-20,4.198618412017822
1997-11-21,4.297025203704834
1997-11-24,4.215019226074219
1997-11-25,4.264223575592041
1997-11-26,4.264223575592041
1997-11-28,4.24782133102417
1997-12-01,4.264223575592041
1997-12-02,4.329825401306152
1997-12-03,4.198618412017822
1997-12-04,3.739394426345825
1997-12-05,3.7229950428009033
1997-12-08,3.657388687133789
1997-12-09,3.657388687133789
1997-12-10,3.6737890243530273
1997-12-11,3.7167396545410156
1997-12-12,3.7167396545410156
1997-12-15,3.7662951946258545
1997-12-16,3.7167396545410156
1997-12-17,3.6671831607818604
1997-12-18,3.584590435028076
1997-12-19,3.5019919872283936
1997-12-22,3.4689576625823975
1997-12-23,3.452439785003662
1997-12-24,3.452439785003662
1997-12-26,3.4193997383117676
1997-12-29,3.3863630294799805
1997-12-30,3.452439785003662
1997-12-31,3.5185139179229736
1998-01-02,3.650663375854492
1998-01-05,3.7167396545410156
1998-01-06,3.7002196311950684
1998-01-07,3.7993345260620117
1998-01-08,3.7167396545410156
1998-01-09,3.683701276779175
1998-01-12,3.435920000076294
1998-01-13,3.435920000076294
1998-01-14,3.435920000076294
1998-01-15,3.452439785003662
1998-01-16,3.5680713653564453
1998-01-20,3.7002196311950684
1998-01-21,3.74977707862854
1998-01-22,3.7828145027160645
1998-01-23,3.7662951946258545
1998-01-26,3.733259916305542
1998-01-27,3.7002196311950684
1998-01-28,3.7828145027160645
1998-01-29,3.8654091358184814
1998-01-30,3.8323707580566406
1998-02-02,4.030598163604736
1998-02-03,4.047117710113525
1998-02-04,4.063635349273682
1998-02-05,4.063635349273682
1998-02-06,4.063635349273682
1998-02-09,4.047117710113525
1998-02-10,4.096674919128418
1998-02-11,4.096674919128418
1998-02-12,4.096674919128418
1998-02-13,4.146230220794678
1998-02-17,4.030598163604736
1998-02-18,4.047117710113525
1998-02-19,4.047117710113525
1998-02-20,3.9645230770111084
1998-02-23,3.9314863681793213
1998-02-24,3.9149651527404785
1998-02-25,3.9314863681793213
1998-02-26,3.8323707580566406
1998-02-27,3.881927728652954
1998-03-02,3.881927728652954
1998-03-03,3.881927728652954
1998-03-04,3.848891496658325
1998-03-05,3.81585431098938
1998-03-06,3.7993345260620117
1998-03-09,3.81585431098938
1998-03-10,3.7993345260620117
1998-03-11,3.9149651527404785
1998-03-12,3.7752645015716553
1998-03-13,3.841790199279785
1998-03-16,3.9415738582611084
1998-03-17,3.908313274383545
1998-03-18,3.908313274383545
1998-03-19,3.8251585960388184
1998-03-20,3.8251585960388184
1998-03-23,3.8584187030792236
1998-03-24,3.8584187030792236
1998-03-25,3.8916819095611572
1998-03-26,3.841790199279785
1998-03-27,3.8251585960388184
1998-03-30,3.8085262775421143
1998-03-31,3.8251585960388184
1998-04-01,3.8584187030792236
1998-04-02,3.875051975250244
1998-04-03,3.841790199279785
1998-04-06,3.841790199279785
1998-04-07,3.875051975250244
1998-04-08,3.8916819095611572
1998-04-09,4.041360855102539
1998-04-13,3.9415738582611084
1998-04-14,3.974839925765991
1998-04-15,3.974839925765991
1998-04-16,3.908313274383545
1998-04-17,3.875051975250244
1998-04-20,3.8916819095611572
1998-04-21,3.9249424934387207
1998-04-22,3.8584187030792236
1998-04-23,3.7752645015716553
1998-04-24,4.0912556648254395
1998-04-27,4.107886791229248
1998-04-28,4.2076735496521
1998-04-29,4.257565975189209
1998-04-30,4.240936756134033
1998-05-01,4.257565975189209
1998-05-04,4.224304676055908
1998-05-05,4.324090480804443
1998-05-06,4.290829658508301
1998-05-07,4.373985767364502
1998-05-08,4.523665904998779
1998-05-11,4.523665904998779
1998-05-12,4.540295600891113
1998-05-13,4.540295600891113
1998-05-14,4.490401744842529
1998-05-15,4.507033824920654
1998-05-18,4.507033824920654
1998-05-19,4.590188026428223
1998-05-20,4.739870548248291
1998-05-21,4.739870548248291
1998-05-22,4.75649881362915
1998-05-26,4.689976215362549
1998-05-27,4.523665904998779
1998-05-28,4.623449325561523
1998-05-29,4.773129463195801
1998-06-01,4.723237037658691
1998-06-02,4.739870548248291
1998-06-03,4.83965539932251
1998-06-04,4.899859428405762
1998-06-05,5.0336408615112305
1998-06-08,5.133981704711914
1998-06-09,5.217595100402832
1998-06-10,5.0336408615112305
1998-06-11,4.883134841918945
1998-06-12,4.84968900680542
1998-06-15,4.899859428405762
1998-06-16,5.016921520233154
1998-06-17,5.016921520233154
1998-06-18,5.050366401672363
1998-06-19,5.067089080810547
1998-06-22,5.117258071899414
1998-06-23,5.25104284286499
1998-06-24,5.167425155639648
1998-06-25,5.150704860687256
1998-06-26,5.184151649475098
1998-06-29,5.284488677978516
1998-06-30,5.317934513092041
1998-07-01,5.217595100402832
1998-07-02,5.267765045166016
1998-07-06,5.25104284286499
1998-07-07,5.301213264465332
1998-07-08,5.217595100402832
1998-07-09,5.25104284286499
1998-07-10,5.25104284286499
1998-07-13,5.217595100402832
1998-07-14,5.284488677978516
1998-07-15,5.25104284286499
1998-07-16,5.33465576171875
1998-07-17,5.284488677978516
1998-07-20,5.234316825866699
1998-07-21,5.217595100402832
1998-07-22,4.983475685119629
1998-07-23,4.883134841918945
1998-07-24,4.682459354400635
1998-07-27,4.649012565612793
1998-07-28,4.5152268409729
1998-07-29,4.431612491607666
1998-07-30,4.565396785736084
1998-07-31,4.314550399780273
1998-08-03,4.264379978179932
1998-08-04,4.147319316864014
1998-08-05,4.147319316864014
1998-08-06,4.398168563842773
1998-08-07,4.5152268409729
1998-08-10,4.414891719818115
1998-08-11,4.1974897384643555
1998-08-12,4.38144588470459
1998-08-13,4.147319316864014
1998-08-14,4.230936527252197
1998-08-17,4.214212417602539
1998-08-18,4.097151279449463
1998-08-19,4.130597114562988
1998-08-20,4.113874435424805
1998-08-21,4.0804290771484375
1998-08-24,4.0804290771484375
1998-08-25,3.9131972789764404
1998-08-26,3.8797504901885986
1998-08-27,4.013535976409912
1998-08-28,4.0804290771484375
1998-08-31,3.9466443061828613
1998-09-01,4.063704967498779
1998-09-02,4.247659206390381
1998-09-03,4.113874435424805
1998-09-04,4.1974897384643555
1998-09-08,4.130597114562988
1998-09-09,4.113874435424805
1998-09-10,4.130597114562988
1998-09-11,4.314550399780273
1998-09-14,4.264379978179932
1998-09-15,4.247659206390381
1998-09-16,4.314550399780273
1998-09-17,4.314550399780273
1998-09-18,4.314550399780273
1998-09-21,4.2978291511535645
1998-09-22,4.364720821380615
1998-09-23,4.33127498626709
1998-09-24,4.37502384185791
1998-09-25,4.189927101135254
1998-09-28,4.13944673538208
1998-09-29,4.290889263153076
1998-09-30,4.13944673538208
1998-10-01,3.920694589614868
1998-10-02,3.8029069900512695
1998-10-05,3.6346371173858643
1998-10-06,3.6682887077331543
1998-10-07,3.701941728591919
1998-10-08,3.4831929206848145
1998-10-09,3.466362953186035
1998-10-12,3.449537754058838
1998-10-13,3.4831929206848145
1998-10-14,3.988001585006714
1998-10-15,3.9711759090423584
1998-10-16,3.9038665294647217
1998-10-19,3.9711759090423584
1998-10-20,4.189927101135254
1998-10-21,4.290889263153076
1998-10-22,4.3918538093566895
1998-10-23,4.08896541595459
1998-10-26,4.189927101135254
1998-10-27,4.3918538093566895
1998-10-28,4.3245439529418945
1998-10-29,4.240407943725586
1998-10-30,4.290889263153076
1998-11-02,4.459157466888428
1998-11-03,4.543292045593262
1998-11-04,4.492812156677246
1998-11-05,4.475986003875732
1998-11-06,4.509639263153076
1998-11-09,4.459157466888428
1998-11-10,4.5264668464660645
1998-11-11,4.475986003875732
1998-11-12,4.509639263153076
1998-11-13,4.475986003875732
1998-11-16,4.492812156677246
1998-11-17,4.560120105743408
1998-11-18,4.475986003875732
1998-11-19,4.745222091674805
1998-11-20,4.644256114959717
1998-11-23,4.576948642730713
1998-11-24,4.576948642730713
1998-11-25,4.543292045593262
1998-11-27,4.5264668464660645
1998-11-30,4.829354763031006
1998-12-01,4.87983512878418
1998-12-02,4.93031644821167
1998-12-03,4.87983512878418
1998-12-04,4.89666223526001
1998-12-07,4.87983512878418
1998-12-08,4.677911281585693
1998-12-09,4.86300802230835
1998-12-10,4.77163553237915
1998-12-11,4.77163553237915
1998-12-14,4.720871448516846
1998-12-15,4.703953742980957
1998-12-16,4.687031269073486
1998-12-17,4.602429389953613
1998-12-18,4.720871448516846
1998-12-21,4.974684715270996
1998-12-22,5.110049724578857
1998-12-23,5.076210975646973
1998-12-24,5.00852632522583
1998-12-28,4.991604804992676
1998-12-29,4.940843105316162
1998-12-30,4.754716873168945
1998-12-31,4.754716873168945
1999-01-04,4.80547571182251
1999-01-05,4.80547571182251
1999-01-06,4.80547571182251
1999-01-07,4.687031269073486
1999-01-08,4.602429389953613
1999-01-11,4.568587303161621
1999-01-12,4.602429389953613
1999-01-13,4.467062473297119
1999-01-14,4.585509300231934
1999-01-15,4.585509300231934
1999-01-19,4.568587303161621
1999-01-20,4.517824172973633
1999-01-21,4.297856330871582
1999-01-22,4.297856330871582
1999-01-25,4.433221817016602
1999-01-26,4.467062473297119
1999-01-27,4.365539073944092
1999-01-28,4.314777374267578
1999-01-29,4.348618030548096
1999-02-01,4.213252067565918
1999-02-02,4.179409980773926
1999-02-03,4.179409980773926
1999-02-04,4.314777374267578
1999-02-05,4.230175018310547
1999-02-08,4.280934810638428
1999-02-09,4.280934810638428
1999-02-10,4.1286492347717285
1999-02-11,4.162490367889404
1999-02-12,4.19633150100708
1999-02-16,4.14556884765625
1999-02-17,3.8748397827148438
1999-02-18,4.094807147979736
1999-02-19,4.19633150100708
1999-02-22,4.19633150100708
1999-02-23,4.1286492347717285
1999-02-24,4.111727714538574
1999-02-25,4.060965538024902
1999-02-26,4.230175018310547
1999-03-01,4.19633150100708
1999-03-02,4.027125358581543
1999-03-03,4.027125358581543
1999-03-04,3.9255995750427246
1999-03-05,3.8409976959228516
1999-03-08,3.8071556091308594
1999-03-09,3.7225534915924072
1999-03-10,3.9255995750427246
1999-03-11,3.9358229637145996
1999-03-12,3.9017465114593506
1999-03-15,3.83359432220459
1999-03-16,3.7824795246124268
1999-03-17,3.7824795246124268
1999-03-18,3.680248737335205
1999-03-19,3.6461753845214844
1999-03-22,3.6461753845214844
1999-03-23,3.6461753845214844
1999-03-24,3.6461753845214844
1999-03-25,3.629136323928833
1999-03-26,3.578021287918091
1999-03-29,3.578021287918091
1999-03-30,3.6461753845214844
1999-03-31,3.5950589179992676
1999-04-01,3.6461753845214844
1999-04-05,3.697291851043701
1999-04-06,3.748403787612915
1999-04-07,3.816554546356201
1999-04-08,3.9358229637145996
1999-04-09,4.123244285583496
1999-04-12,4.225473403930664
1999-04-13,4.123244285583496
1999-04-14,4.140284061431885
1999-04-15,4.0039753913879395
1999-04-16,4.089166641235352
1999-04-19,4.0039753913879395
1999-04-20,4.07213020324707
1999-04-21,4.07213020324707
1999-04-22,4.208434104919434
1999-04-23,4.276587963104248
1999-04-26,4.549198627471924
1999-04-27,4.3958563804626465
1999-04-28,4.3617777824401855
1999-04-29,4.3617777824401855
1999-04-30,4.446970462799072
1999-05-03,4.32770299911499
1999-05-04,4.242511749267578
1999-05-05,4.225473403930664
1999-05-06,4.600311279296875
1999-05-07,4.651427745819092
1999-05-10,4.70254373550415
1999-05-11,4.941079139709473
1999-05-12,5.094420909881592
1999-05-13,5.111459255218506
1999-05-14,5.1796112060546875
1999-05-17,5.128496170043945
1999-05-18,5.094420909881592
1999-05-19,5.128496170043945
1999-05-20,5.315917491912842
1999-05-21,5.588526248931885
1999-05-24,5.656684875488281
1999-05-25,5.50333833694458
1999-05-26,5.469261169433594
1999-05-27,5.435185432434082
1999-05-28,5.1796112060546875
1999-06-01,5.145535945892334
1999-06-02,5.247766971588135
1999-06-03,5.3608012199401855
1999-06-04,5.634837627410889
1999-06-07,5.686222553253174
1999-06-08,5.480693340301514
1999-06-09,5.49782133102417
1999-06-10,5.395057201385498
1999-06-11,5.240912437438965
1999-06-14,5.189533710479736
1999-06-15,5.2237868309021
1999-06-16,5.3608012199401855
1999-06-17,5.49782133102417
1999-06-18,5.412185192108154
1999-06-21,5.412185192108154
1999-06-22,5.3608012199401855
1999-06-23,5.463565826416016
1999-06-24,5.463565826416016
1999-06-25,5.53207540512085
1999-06-28,5.686222553253174
1999-06-29,5.771856307983398
1999-06-30,5.9602556228637695
1999-07-01,5.9431281089782715
1999-07-02,5.908872127532959
1999-07-06,5.806109428405762
1999-07-07,5.634837627410889
1999-07-08,5.480693340301514
1999-07-09,5.480693340301514
1999-07-12,5.463565826416016
1999-07-13,5.446438312530518
1999-07-14,5.189533710479736
1999-07-15,5.3608012199401855
1999-07-16,5.49782133102417
1999-07-19,5.514947414398193
1999-07-20,5.480693340301514
1999-07-21,5.463565826416016
1999-07-22,5.377931594848633
1999-07-23,5.377931594848633
1999-07-26,5.343674659729004
1999-07-27,5.412185192108154
1999-07-28,5.429312229156494
1999-07-29,5.377931594848633
1999-07-30,5.463565826416016
1999-08-02,5.429312229156494
1999-08-03,5.326549530029297
1999-08-04,5.395057201385498
1999-08-05,5.138150215148926
1999-08-06,5.069641590118408
1999-08-09,4.966881275177002
1999-08-10,4.74422550201416
1999-08-11,4.795608043670654
1999-08-12,4.74422550201416
1999-08-13,4.829861640930176
1999-08-16,4.795608043670654
1999-08-17,4.846988677978516
1999-08-18,4.846988677978516
1999-08-19,4.692842483520508
1999-08-20,4.692842483520508
1999-08-23,4.62433385848999
1999-08-24,4.74422550201416
1999-08-25,4.881243705749512
1999-08-26,4.881243705749512
1999-08-27,4.7613525390625
1999-08-30,4.709969520568848
1999-08-31,4.7613525390625
1999-09-01,4.7613525390625
1999-09-02,4.74422550201416
1999-09-03,4.846988677978516
1999-09-07,4.829861640930176
1999-09-08,4.846988677978516
1999-09-09,4.812735557556152
1999-09-10,4.881243705749512
1999-09-13,4.89837121963501
1999-09-14,5.001133441925049
1999-09-15,5.001133441925049
1999-09-16,5.011466026306152
1999-09-17,4.977023124694824
1999-09-20,4.890915870666504
1999-09-21,4.925357818603516
1999-09-22,4.959803104400635
1999-09-23,4.890915870666504
1999-09-24,4.787586688995361
1999-09-27,5.028687000274658
1999-09-28,5.028687000274658
1999-09-29,5.028687000274658
1999-09-30,5.045908451080322
1999-10-01,5.097571849822998
1999-10-04,5.028687000274658
1999-10-05,5.063133239746094
1999-10-06,5.287010669708252
1999-10-07,5.4247822761535645
1999-10-08,5.373117923736572
1999-10-11,5.355896472930908
1999-10-12,5.304231643676758
1999-10-13,5.287010669708252
1999-10-14,5.183681964874268
1999-10-15,5.252569198608398
1999-10-18,5.097571849822998
1999-10-19,5.166459083557129
1999-10-20,5.011466026306152
1999-10-21,4.890915870666504
1999-10-22,4.718700408935547
1999-10-25,4.942579746246338
1999-10-26,4.7703633308410645
1999-10-27,4.8392510414123535
1999-10-28,4.890915870666504
1999-10-29,4.908135414123535
1999-11-01,4.977023124694824
1999-11-02,4.890915870666504
1999-11-03,4.942579746246338
1999-11-04,4.856472492218018
1999-11-05,4.804807662963867
1999-11-08,4.684257507324219
1999-11-09,4.632591247558594
1999-11-10,4.632591247558594
1999-11-11,4.632591247558594
1999-11-12,4.563706398010254
1999-11-15,4.563706398010254
1999-11-16,4.8392510414123535
1999-11-17,4.615370750427246
1999-11-18,4.546484470367432
1999-11-19,4.322604179382324
1999-11-22,4.202054977416992
1999-11-23,3.995394468307495
1999-11-24,3.995394468307495
1999-11-26,4.1159467697143555
1999-11-29,4.184833526611328
1999-11-30,4.339827537536621
1999-12-01,4.305380344390869
1999-12-02,4.202054977416992
1999-12-03,4.167611122131348
1999-12-06,4.150387287139893
1999-12-07,4.0642828941345215
1999-12-08,4.047060012817383
1999-12-09,3.9707634449005127
1999-12-10,3.9534249305725098
1999-12-13,3.9707634449005127
1999-12-14,3.797369956970215
1999-12-15,3.7280094623565674
1999-12-16,3.7280094623565674
1999-12-17,3.5719549655914307
1999-12-20,3.606632947921753
1999-12-21,3.884068012237549
1999-12-22,4.178839206695557
1999-12-23,4.1094818115234375
1999-12-27,3.9707634449005127
1999-12-28,3.9317526817321777
1999-12-29,3.9707634449005127
1999-12-30,3.9707634449005127
1999-12-31,3.91874623298645
2000-01-03,3.866727828979492
2000-01-04,3.675992250442505
2000-01-05,3.5719549655914307
2000-01-06,3.5372750759124756
2000-01-07,3.745352268218994
2000-01-10,3.91874623298645
2000-01-11,4.126823425292969
2000-01-12,3.936086654663086
2000-01-13,3.606632947921753
2000-01-14,3.675992250442505
2000-01-18,3.589294672012329
2000-01-19,3.6413140296936035
2000-01-20,3.5546140670776367
2000-01-21,3.5546140670776367
2000-01-24,3.4158987998962402
2000-01-25,3.294520616531372
2000-01-26,3.0517678260803223
2000-01-27,3.069106340408325
2000-01-28,2.9650700092315674
2000-01-31,2.8783717155456543
2000-02-01,2.791672468185425
2000-02-02,2.8090128898620605
2000-02-03,3.1037867069244385
2000-02-04,3.1211256980895996
2000-02-07,3.1904854774475098
2000-02-08,3.1904854774475098
2000-02-09,3.0517678260803223
2000-02-10,3.1037867069244385
2000-02-11,3.1211256980895996
2000-02-14,3.1384663581848145
2000-02-15,3.3118607997894287
2000-02-16,3.294520616531372
2000-02-17,3.2598421573638916
2000-02-18,3.1211256980895996
2000-02-22,3.0864479541778564
2000-02-23,3.069106340408325
2000-02-24,3.0864479541778564
2000-02-25,2.8436927795410156
2000-02-28,2.8436927795410156
2000-02-29,2.9130501747131348
2000-03-01,2.9303905963897705
2000-03-02,2.9477298259735107
2000-03-03,2.8436927795410156
2000-03-06,2.9650700092315674
2000-03-07,3.207824230194092
2000-03-08,3.2425026893615723
2000-03-09,3.3404417037963867
2000-03-10,3.218017816543579
2000-03-13,3.3054633140563965
2000-03-14,3.252995014190674
2000-03-15,3.3229522705078125
2000-03-16,3.4628677368164062
2000-03-17,3.6377575397491455
2000-03-20,3.497844696044922
2000-03-21,3.4628677368164062
2000-03-22,3.3229522705078125
2000-03-23,3.375420331954956
2000-03-24,3.3404417037963867
2000-03-27,3.3404417037963867
2000-03-28,3.218017816543579
2000-03-29,3.3229522705078125
2000-03-30,3.4103991985321045
2000-03-31,3.3579323291778564
2000-04-03,3.4628677368164062
2000-04-04,3.392909526824951
2000-04-05,3.4628677368164062
2000-04-06,3.4278876781463623
2000-04-07,3.3579323291778564
2000-04-10,3.375420331954956
2000-04-11,3.3229522705078125
2000-04-12,3.3229522705078125
2000-04-13,3.392909526824951
2000-04-14,3.2879750728607178
2000-04-17,3.1305713653564453
2000-04-18,3.0606141090393066
2000-04-19,2.9731686115264893
2000-04-20,2.920700788497925
2000-04-24,2.640872001647949
2000-04-25,2.623385190963745
2000-04-26,2.728318929672241
2000-04-27,2.780787229537964
2000-04-28,2.8682336807250977
2000-05-01,2.8507442474365234
2000-05-02,2.69334077835083
2000-05-03,2.640872001647949
2000-05-04,2.640872001647949
2000-05-05,2.69334077835083
2000-05-08,2.6058945655822754
2000-05-09,2.8507442474365234
2000-05-10,2.903212547302246
2000-05-11,2.8507442474365234
2000-05-12,3.078104257583618
2000-05-15,3.1130831241607666
2000-05-16,3.2879750728607178
2000-05-17,3.3054633140563965
2000-05-18,3.3579323291778564
2000-05-19,3.392909526824951
2000-05-22,3.3579323291778564
2000-05-23,3.3404417037963867
2000-05-24,3.3579323291778564
2000-05-25,3.375420331954956
2000-05-26,3.4628677368164062
2000-05-30,3.4278876781463623
2000-05-31,3.3404417037963867
2000-06-01,3.3333871364593506
2000-06-02,3.4039344787597656
2000-06-05,3.439208745956421
2000-06-06,3.4215714931488037
2000-06-07,3.5979416370391846
2000-06-08,3.5273935794830322
2000-06-09,3.562668561935425
2000-06-12,3.5979416370391846
2000-06-13,3.6508536338806152
2000-06-14,3.5979416370391846
2000-06-15,3.91540789604187
2000-06-16,3.8095853328704834
2000-06-19,3.791947841644287
2000-06-20,3.774310350418091
2000-06-21,3.721402645111084
2000-06-22,3.5097575187683105
2000-06-23,3.4039344787597656
2000-06-26,3.439208745956421
2000-06-27,3.562668561935425
2000-06-28,3.668488025665283
2000-06-29,3.4215714931488037
2000-06-30,3.668488025665283
2000-07-03,3.721402645111084
2000-07-05,3.562668561935425
2000-07-06,3.6508536338806152
2000-07-07,3.615576982498169
2000-07-10,3.8095853328704834
2000-07-11,3.73903751373291
2000-07-12,3.8095853328704834
2000-07-13,3.8095853328704834
2000-07-14,3.791947841644287
2000-07-17,3.897768974304199
2000-07-18,3.91540789604187
2000-07-19,3.9683194160461426
2000-07-20,4.0388665199279785
2000-07-21,3.9859554767608643
2000-07-24,3.933044195175171
2000-07-25,4.162325382232666
2000-07-26,4.144687175750732
2000-07-27,4.0917792320251465
2000-07-28,3.9683194160461426
2000-07-31,4.003592014312744
2000-08-01,3.933044195175171
2000-08-02,3.91540789604187
2000-08-03,3.933044195175171
2000-08-04,3.897768974304199
2000-08-07,3.862497329711914
2000-08-08,3.8095853328704834
2000-08-09,3.8272221088409424
2000-08-10,3.774310350418091
2000-08-11,3.8095853328704834
2000-08-14,3.73903751373291
2000-08-15,3.6861252784729004
2000-08-16,3.5097575187683105
2000-08-17,3.439208745956421
2000-08-18,3.439208745956421
2000-08-21,3.351022958755493
2000-08-22,3.298112630844116
2000-08-23,3.157017707824707
2000-08-24,3.1217422485351562
2000-08-25,2.980647087097168
2000-08-28,2.9982855319976807
2000-08-29,3.033557653427124
2000-08-30,2.839552879333496
2000-08-31,3.033557653427124
2000-09-01,2.9630110263824463
2000-09-05,2.980647087097168
2000-09-06,2.910099983215332
2000-09-07,2.910099983215332
2000-09-08,2.8571887016296387
2000-09-11,2.8219149112701416
2000-09-12,2.8219149112701416
2000-09-13,2.910099983215332
2000-09-14,3.1217422485351562
2000-09-15,3.0511953830718994
2000-09-18,2.8571887016296387
2000-09-19,2.839552879333496
2000-09-20,2.804278612136841
2000-09-21,2.690253973007202
2000-09-22,2.7080702781677246
2000-09-25,2.6724390983581543
2000-09-26,2.6724390983581543
2000-09-27,2.4764585494995117
2000-09-28,2.4408273696899414
2000-09-29,2.6189894676208496
2000-10-02,2.494274854660034
2000-10-03,2.690253973007202
2000-10-04,2.8327853679656982
2000-10-05,2.7080702781677246
2000-10-06,2.7080702781677246
2000-10-09,2.690253973007202
2000-10-10,2.6011722087860107
2000-10-11,2.6546216011047363
2000-10-12,2.6546216011047363
2000-10-13,2.6546216011047363
2000-10-16,2.6189894676208496
2000-10-17,2.494274854660034
2000-10-18,2.6189894676208496
2000-10-19,2.5655412673950195
2000-10-20,2.512091636657715
2000-10-23,2.4230093955993652
2000-10-24,2.4230093955993652
2000-10-25,2.494274854660034
2000-10-26,2.4230093955993652
2000-10-27,2.6546216011047363
2000-10-30,2.725886344909668
2000-10-31,2.797151803970337
2000-11-01,2.7437028884887695
2000-11-02,2.6546216011047363
2000-11-03,2.5655412673950195
2000-11-06,2.512091636657715
2000-11-07,2.690253973007202
2000-11-08,2.8327853679656982
2000-11-09,2.797151803970337
2000-11-10,2.797151803970337
2000-11-13,2.8327853679656982
2000-11-14,2.886232852935791
2000-11-15,3.1000266075134277
2000-11-16,3.0465786457061768
2000-11-17,3.1178436279296875
2000-11-20,3.206925630569458
2000-11-21,3.296006441116333
2000-11-22,3.3672709465026855
2000-11-24,3.385087728500366
2000-11-27,3.3672709465026855
2000-11-28,3.3316385746002197
2000-11-29,3.135660409927368
2000-11-30,3.0465786457061768
2000-12-01,3.1891090869903564
2000-12-04,3.153475522994995
2000-12-05,3.2247416973114014
2000-12-06,3.0643951892852783
2000-12-07,3.0643951892852783
2000-12-08,3.135660409927368
2000-12-11,3.260374069213867
2000-12-12,3.296006441116333
2000-12-13,3.4385366439819336
2000-12-14,3.341524362564087
2000-12-15,3.323559284210205
2000-12-18,3.395419120788574
2000-12-19,3.5571045875549316
2000-12-20,3.5571045875549316
2000-12-21,3.5211760997772217
2000-12-22,3.6110026836395264
2000-12-26,3.5750715732574463
2000-12-27,3.718792676925659
2000-12-28,3.8804800510406494
2000-12-29,3.736754894256592
2001-01-02,3.9343760013580322
2001-01-03,3.898444175720215
2001-01-04,4.149959087371826
2001-01-05,4.096061706542969
2001-01-08,4.149959087371826
2001-01-09,4.114026069641113
2001-01-10,4.3475751876831055
2001-01-11,4.527227401733398
2001-01-12,4.7428083419799805
2001-01-16,5.030251979827881
2001-01-17,4.886528491973877
2001-01-18,4.958391189575195
2001-01-19,4.886528491973877
2001-01-22,4.886528491973877
2001-01-23,4.886528491973877
2001-01-24,4.7607741355896
2001-01-25,4.617053508758545
2001-01-26,4.455367088317871
2001-01-29,4.62495756149292
2001-01-30,4.78017520904541
2001-01-31,4.7025651931762695
2001-02-01,4.639328956604004
2001-02-02,4.716939926147461
2001-02-05,4.714064121246338
2001-02-06,4.622084140777588
2001-02-07,4.800296783447266
2001-02-08,4.872154712677002
2001-02-09,4.860659599304199
2001-02-12,5.205590724945068
2001-02-13,5.119357585906982
2001-02-14,5.102111339569092
2001-02-15,5.125107765197754
2001-02-16,4.875032901763916
2001-02-20,4.84628963470459
2001-02-21,4.771554470062256
2001-02-22,4.785924434661865
2001-02-23,5.130856513977051
2001-02-26,5.035999774932861
2001-02-27,5.035999774932861
2001-02-28,4.98713493347168
2001-03-01,4.915273666381836
2001-03-02,4.972762107849121
2001-03-05,5.176848888397217
2001-03-06,5.104988098144531
2001-03-07,5.254457473754883
2001-03-08,5.418300151824951
2001-03-09,5.481537342071533
2001-03-12,5.54764986038208
2001-03-13,5.49015998840332
2001-03-14,5.403925895690918
2001-03-15,5.403926849365234
2001-03-16,5.421266078948975
2001-03-19,5.484841346740723
2001-03-20,5.470390319824219
2001-03-21,5.44438362121582
2001-03-22,5.441492557525635
2001-03-23,5.588873863220215
2001-03-26,5.721805572509766
2001-03-27,5.375030040740967
2001-03-28,5.346132755279541
2001-03-29,5.5484161376953125
2001-03-30,5.4472737312316895
2001-04-02,5.5975446701049805
2001-04-03,5.421266078948975
2001-04-04,5.375030040740967
2001-04-05,5.418375492095947
2001-04-06,5.6062140464782715
2001-04-09,5.4906206130981445
2001-04-10,5.4906206130981445
2001-04-11,5.4472737312316895
2001-04-12,5.39525842666626
2001-04-16,5.221869468688965
2001-04-17,5.519518852233887
2001-04-18,5.470390319824219
2001-04-19,5.441492557525635
2001-04-20,5.415485858917236
2001-04-23,5.3981475830078125
2001-04-24,5.38947868347168
2001-04-25,5.3808112144470215
2001-04-26,5.360579013824463
2001-04-27,5.678460597991943
2001-04-30,5.701573848724365
2001-05-01,5.7535929679870605
2001-05-02,5.649559497833252
2001-05-03,5.4328227043151855
2001-05-04,5.415485858917236
2001-05-07,4.805736541748047
2001-05-08,5.057150840759277
2001-05-09,5.114947319030762
2001-05-10,5.0716023445129395
2001-05-11,4.912658214569092
2001-05-14,4.825965881347656
2001-05-15,4.808628082275391
2001-05-16,4.912658214569092
2001-05-17,5.060041427612305
2001-05-18,4.979126930236816
2001-05-21,5.236318111419678
2001-05-22,5.259437084197998
2001-05-23,5.155402660369873
2001-05-24,5.328794002532959
2001-05-25,5.418375492095947
2001-05-29,5.519518852233887
2001-05-30,5.808497428894043
2001-05-31,5.7939772605896
2001-06-01,5.8230204582214355
2001-06-04,5.7997846603393555
2001-06-05,5.831732273101807
2001-06-06,5.884008884429932
2001-06-07,5.788167953491211
2001-06-08,5.750414848327637
2001-06-11,5.4483723640441895
2001-06-12,5.300254821777344
2001-06-13,5.314776420593262
2001-06-14,5.314776420593262
2001-06-15,5.300254821777344
2001-06-18,5.343820095062256
2001-06-19,5.422231674194336
2001-06-20,5.445468902587891
2001-06-21,5.648766040802002
2001-06-22,5.17537260055542
2001-06-25,4.934319019317627
2001-06-26,4.76296854019165
2001-06-27,4.963362216949463
2001-06-28,5.073722839355469
2001-06-29,5.242169380187988
2001-07-02,5.082437038421631
2001-07-03,4.748446941375732
2001-07-05,4.638088226318359
2001-07-06,4.710691928863525
2001-07-09,4.713595390319824
2001-07-10,4.7281174659729
2001-07-11,4.835575103759766
2001-07-12,4.818148136138916
2001-07-13,4.678746223449707
2001-07-16,4.661319732666016
2001-07-17,4.675843715667725
2001-07-18,4.696170806884766
2001-07-19,4.62356424331665
2001-07-20,4.632279396057129
2001-07-23,4.588712215423584
2001-07-24,4.414461135864258
2001-07-25,4.53062629699707
2001-07-26,4.617758274078369
2001-07-27,4.472541332244873
2001-07-30,4.449309349060059
2001-07-31,4.420264720916748
2001-08-01,4.545151233673096
2001-08-02,4.53062629699707
2001-08-03,4.513204574584961
2001-08-06,4.327332019805908
2001-08-07,4.362184047698975
2001-08-08,4.362184047698975
2001-08-09,4.327332019805908
2001-08-10,4.385418891906738
2001-08-13,4.3563737869262695
2001-08-14,4.565480709075928
2001-08-15,4.5015869140625
2001-08-16,4.420264720916748
2001-08-17,4.4783525466918945
2001-08-20,4.440597057342529
2001-08-21,4.53062629699707
2001-08-22,4.603235244750977
2001-08-23,4.475446701049805
2001-08-24,4.516106605529785
2001-08-27,4.475446701049805
2001-08-28,4.428979873657227
2001-08-29,4.466736316680908
2001-08-30,4.350566864013672
2001-08-31,4.385418891906738
2001-09-04,4.466736316680908
2001-09-05,4.312809467315674
2001-09-06,4.182118892669678
2001-09-07,4.0369062423706055
2001-09-10,3.8829829692840576
2001-09-17,3.653545618057251
2001-09-18,3.470578193664551
2001-09-19,3.5141408443450928
2001-09-20,3.2212960720062256
2001-09-21,3.1334424018859863
2001-09-24,3.4116435050964355
2001-09-25,3.3530776500701904
2001-09-26,3.3677186965942383
2001-09-27,3.338433027267456
2001-09-28,3.323791980743408
2001-10-01,3.361863136291504
2001-10-02,3.3501474857330322
2001-10-03,3.5141401290893555
2001-10-04,3.1920108795166016
2001-10-05,3.1363720893859863
2001-10-08,3.0455892086029053
2001-10-09,3.007519006729126
2001-10-10,3.162727117538452
2001-10-11,3.162727117538452
2001-10-12,3.2212960720062256
2001-10-15,3.2212960720062256
2001-10-16,3.162727117538452
2001-10-17,3.218367099761963
2001-10-18,3.265223264694214
2001-10-19,3.303292751312256
2001-10-22,3.3091511726379395
2001-10-23,3.2535085678100586
2001-10-24,3.2886505126953125
2001-10-25,3.265223264694214
2001-10-26,3.3091511726379395
2001-10-29,3.1920108795166016
2001-10-30,3.2359397411346436
2001-10-31,3.2212960720062256
2001-11-01,3.279867172241211
2001-11-02,3.250579833984375
2001-11-05,3.3091511726379395
2001-11-06,3.315006971359253
2001-11-07,3.455571413040161
2001-11-08,3.397003173828125
2001-11-09,3.370647430419922
2001-11-12,3.4292151927948
2001-11-13,3.3530776500701904
2001-11-14,3.6137099266052246
2001-11-15,3.6927759647369385
2001-11-16,3.6166369915008545
2001-11-19,3.7484183311462402
2001-11-20,3.675206422805786
2001-11-21,3.7630608081817627
2001-11-23,3.909479856491089
2001-11-26,3.9621942043304443
2001-11-27,4.32239294052124
2001-11-28,4.10861873626709
2001-11-29,4.3048224449157715
2001-11-30,4.3048224449157715
2001-12-03,4.2462544441223145
2001-12-04,4.363391876220703
2001-12-05,4.436604976654053
2001-12-06,4.477601051330566
2001-12-07,4.451245307922363
2001-12-10,4.372176647186279
2001-12-11,4.334108352661133
2001-12-12,4.3926777839660645
2001-12-13,4.48701286315918
2001-12-14,4.422158241271973
2001-12-17,4.525341987609863
2001-12-18,4.56956148147583
2001-12-19,4.6580023765563965
2001-12-20,4.8054118156433105
2001-12-21,4.817204475402832
2001-12-24,4.69338321685791
2001-12-26,4.6580023765563965
2001-12-27,4.778878211975098
2001-12-28,5.014726638793945
2001-12-31,4.787722110748291
2002-01-02,4.711071968078613
2002-01-03,4.734658241271973
2002-01-04,4.711071968078613
2002-01-07,4.70222806930542
2002-01-08,4.71696662902832
2002-01-09,4.613785743713379
2002-01-10,4.607890605926514
2002-01-11,4.554823875427246
2002-01-14,4.274752140045166
2002-01-15,4.419209957122803
2002-01-16,4.451639652252197
2002-01-17,4.4958600997924805
2002-01-18,4.48112154006958
2002-01-22,4.50175666809082
2002-01-23,4.584303379058838
2002-01-24,4.551874160766602
2002-01-25,4.56956148147583
2002-01-28,4.646212577819824
2002-01-29,4.54008150100708
2002-01-30,4.528289794921875
2002-01-31,4.699280738830566
2002-02-01,4.4663825035095215
2002-02-04,4.451639652252197
2002-02-05,4.510599613189697
2002-02-06,4.436899662017822
2002-02-07,4.436899662017822
2002-02-08,4.634421348571777
2002-02-11,4.643265247344971
2002-02-12,4.6285247802734375
2002-02-13,4.746451377868652
2002-02-14,4.631473541259766
2002-02-15,4.672746658325195
2002-02-19,4.407417297363281
2002-02-20,4.489964008331299
2002-02-21,4.48112154006958
2002-02-22,4.54008150100708
2002-02-25,4.70222806930542
2002-02-26,4.643265247344971
2002-02-27,4.69633150100708
2002-02-28,5.100222110748291
2002-03-01,5.188663959503174
2002-03-04,5.24762487411499
2002-03-05,5.306591510772705
2002-03-06,5.324276924133301
2002-03-07,5.542435169219971
2002-03-08,5.6751017570495605
2002-03-11,5.624983787536621
2002-03-12,5.698686122894287
2002-03-13,5.680997848510742
2002-03-14,5.743230819702148
2002-03-15,5.761011600494385
2002-03-18,5.755085468292236
2002-03-19,5.838064193725586
2002-03-20,5.763974189758301
2002-03-21,5.888443946838379
2002-03-22,5.778791904449463
2002-03-25,5.704705715179443
2002-03-26,5.719523906707764
2002-03-27,5.704705715179443
2002-03-28,5.766940593719482
2002-04-01,5.639512062072754
2002-04-02,5.678036212921143
2002-04-03,5.606913089752197
2002-04-04,5.7906494140625
2002-04-05,5.763974189758301
2002-04-08,6.060322284698486
2002-04-09,6.104772567749023
2002-04-10,6.175902366638184
2002-04-11,5.672107696533203
2002-04-12,6.119593143463135
2002-04-15,5.9447503089904785
2002-04-16,5.882516384124756
2002-04-17,5.852880954742432
2002-04-18,5.897332668304443
2002-04-19,5.977344512939453
2002-04-22,5.941783428192139
2002-04-23,5.8736252784729
2002-04-24,5.86473274230957
2002-04-25,5.926965236663818
2002-04-26,5.9151153564453125
2002-04-29,5.97142219543457
2002-04-30,6.0306878089904785
2002-05-01,6.075141429901123
2002-05-02,6.104772567749023
2002-05-03,6.223315715789795
2002-05-06,6.3329620361328125
2002-05-07,6.415944576263428
2002-05-08,6.356671333312988
2002-05-09,5.906223773956299
2002-05-10,5.986240386962891
2002-05-13,5.926965236663818
2002-05-14,6.089958667755127
2002-05-15,6.149230480194092
2002-05-16,6.024761199951172
2002-05-17,5.956602096557617
2002-05-20,6.149230480194092
2002-05-21,6.119593143463135
2002-05-22,6.593751907348633
2002-05-23,6.738961696624756
2002-05-24,6.697474479675293
2002-05-28,6.9641828536987305
2002-05-29,7.00863790512085
2002-05-30,7.142558574676514
2002-05-31,7.142558574676514
2002-06-03,7.365769386291504
2002-06-04,7.574096202850342
2002-06-05,7.5592145919799805
2002-06-06,7.3598151206970215
2002-06-07,7.443146705627441
2002-06-10,7.532423973083496
2002-06-11,7.627665996551514
2002-06-12,7.532423973083496
2002-06-13,7.6068291664123535
2002-06-14,7.496713161468506
2002-06-17,7.797296047210693
2002-06-18,7.949075222015381
2002-06-19,7.648490905761719
2002-06-20,7.844912052154541
2002-06-21,7.841940402984619
2002-06-24,7.827056407928467
2002-06-25,7.850863456726074
2002-06-26,7.856820583343506
2002-06-27,8.035385131835938
2002-06-28,8.362752914428711
2002-07-01,8.169303894042969
2002-07-02,7.725870132446289
2002-07-03,7.547307014465332
2002-07-05,7.755629539489746
2002-07-08,7.859795570373535
2002-07-09,7.931221008300781
2002-07-10,7.663373947143555
2002-07-11,7.228869915008545
2002-07-12,7.321122646331787
2002-07-15,7.219939231872559
2002-07-16,7.127677917480469
2002-07-17,7.127677917480469
2002-07-18,6.981854438781738
2002-07-19,6.3985443115234375
2002-07-22,6.160457134246826
2002-07-23,5.996776580810547
2002-07-24,6.5473480224609375
2002-07-25,6.309262275695801
2002-07-26,6.696153163909912
2002-07-29,7.112802028656006
2002-07-30,6.725913047790527
2002-07-31,6.490801811218262
2002-08-01,6.39556884765625
2002-08-02,5.946181774139404
2002-08-05,5.7289299964904785
2002-08-06,5.981895446777344
2002-08-07,5.981895446777344
2002-08-08,5.975942611694336
2002-08-09,5.898565292358398
2002-08-12,5.937253475189209
2002-08-13,5.630720138549805
2002-08-14,5.928326606750488
2002-08-15,6.086056709289551
2002-08-16,6.2556939125061035
2002-08-19,6.3568806648254395
2002-08-20,6.309262275695801
2002-08-21,6.5473480224609375
2002-08-22,6.383663177490234
2002-08-23,6.100937366485596
2002-08-26,6.246766090393066
2002-08-27,6.175341606140137
2002-08-28,6.100937366485596
2002-08-29,5.877732753753662
2002-08-30,6.044392108917236
2002-09-03,5.895588397979736
2002-09-04,6.026538372039795
2002-09-05,5.9521331787109375
2002-09-06,6.0949883460998535
2002-09-09,6.219980239868164
2002-09-10,6.231884956359863
2002-09-11,6.228909969329834
2002-09-12,6.038442134857178
2002-09-13,6.157482624053955
2002-09-16,6.205101013183594
2002-09-17,6.130695343017578
2002-09-18,5.967013835906982
2002-09-19,5.844385147094727
2002-09-20,5.877285003662109
2002-09-23,5.64099645614624
2002-09-24,5.4047112464904785
2002-09-25,5.398725986480713
2002-09-26,5.688854694366455
2002-09-27,5.458548545837402
2002-09-30,5.353863716125488
2002-10-01,5.443592071533203
2002-10-02,4.994945049285889
2002-10-03,5.072710990905762
2002-10-04,4.686873912811279
2002-10-07,4.447597503662109
2002-10-08,4.576207160949707
2002-10-09,4.32795524597168
2002-10-10,4.3040266036987305
2002-10-11,4.5462965965271
2002-10-14,4.549286842346191
2002-10-15,5.009899616241455
2002-10-16,4.809502124786377
2002-10-17,5.183377742767334
2002-10-18,5.323952674865723
2002-10-21,5.461538791656494
2002-10-22,5.323952674865723
2002-10-23,5.682872295379639
2002-10-24,5.682872295379639
2002-10-25,5.635015487670898
2002-10-28,5.482473850250244
2002-10-29,5.658942699432373
2002-10-30,5.682872295379639
2002-10-31,5.7875542640686035
2002-11-01,5.967014789581299
2002-11-04,5.981969356536865
2002-11-05,5.99991512298584
2002-11-06,6.1554460525512695
2002-11-07,6.325930595397949
2002-11-08,6.3827595710754395
2002-11-11,6.017861843109131
2002-11-12,6.0926337242126465
2002-11-13,6.251157760620117
2002-11-14,6.367809772491455
2002-11-15,6.586151123046875
2002-11-18,6.714760780334473
2002-11-19,6.625032424926758
2002-11-20,7.253138542175293
2002-11-21,7.342865943908691
2002-11-22,7.235193252563477
2002-11-25,7.268091678619385
2002-11-26,7.1813554763793945
2002-11-27,7.387731075286865
2002-11-29,7.208272457122803
2002-12-02,7.417636394500732
2002-12-03,7.178365230560303
2002-12-04,7.12752103805542
2002-12-05,7.03778600692749
2002-12-06,7.178365230560303
2002-12-09,6.924129486083984
2002-12-10,7.324918746948242
2002-12-11,7.178365230560303
2002-12-12,7.298501491546631
2002-12-13,7.166348934173584
2002-12-16,7.2053985595703125
2002-12-17,7.364581108093262
2002-12-18,7.364581108093262
2002-12-19,7.746022701263428
2002-12-20,7.8090996742248535
2002-12-23,7.664930820465088
2002-12-24,7.589842796325684
2002-12-26,7.6529154777526855
2002-12-27,7.583834648132324
2002-12-30,7.157342910766602
2002-12-31,7.157342910766602
2003-01-02,7.8090996742248535
2003-01-03,7.7219953536987305
2003-01-06,7.779061317443848
2003-01-07,7.764047622680664
2003-01-08,7.5387797355651855
2003-01-09,8.259626388549805
2003-01-10,8.067401885986328
2003-01-13,8.154500961303711
2003-01-14,8.403792381286621
2003-01-15,8.650075912475586
2003-01-16,8.517919540405273
2003-01-17,8.343719482421875
2003-01-21,8.019339561462402
2003-01-22,8.148490905761719
2003-01-23,8.265628814697266
2003-01-24,8.109447479248047
2003-01-27,7.962283134460449
2003-01-28,8.130472183227539
2003-01-29,8.319689750671387
2003-01-30,8.130472183227539
2003-01-31,7.875178337097168
2003-02-03,8.06139087677002
2003-02-04,7.944255352020264
2003-02-05,8.094428062438965
2003-02-06,7.983299255371094
2003-02-07,7.845141410827637
2003-02-10,7.764047622680664
2003-02-11,7.932239055633545
2003-02-12,7.944255352020264
2003-02-13,7.8090996742248535
2003-02-14,7.923231601715088
2003-02-18,8.229588508605957
2003-02-19,8.283651351928711
2003-02-20,8.433825492858887
2003-02-21,8.346725463867188
2003-02-24,8.160507202148438
2003-02-25,8.193543434143066
2003-02-26,8.13947868347168
2003-02-27,8.271632194519043
2003-02-28,8.151495933532715
2003-03-03,8.124465942382812
2003-03-04,8.046374320983887
2003-03-05,7.905205726623535
2003-03-06,7.658917427062988
2003-03-07,8.016340255737305
2003-03-10,7.773053169250488
2003-03-11,7.758037567138672
2003-03-12,7.905205726623535
2003-03-13,8.040361404418945
2003-03-14,8.076544761657715
2003-03-17,8.109708786010742
2003-03-18,7.974041938781738
2003-03-19,8.055439949035645
2003-03-20,8.13080883026123
2003-03-21,8.812146186828613
2003-03-24,8.441329002380371
2003-03-25,8.447358131408691
2003-03-26,8.628246307373047
2003-03-27,8.546843528747559
2003-03-28,8.21522331237793
2003-03-31,8.160961151123047
2003-04-01,8.429269790649414
2003-04-02,8.480523109436035
2003-04-03,8.576993942260742
2003-04-04,8.480523109436035
2003-04-07,8.607142448425293
2003-04-08,8.546843528747559
2003-04-09,8.350885391235352
2003-04-10,8.504645347595215
2003-04-11,8.507657051086426
2003-04-14,8.806117057800293
2003-04-15,9.014134407043457
2003-04-16,9.029207229614258
2003-04-17,9.038250923156738
2003-04-21,9.026195526123047
2003-04-22,9.035237312316895
2003-04-23,9.050311088562012
2003-04-24,8.781997680664062
2003-04-25,8.667436599731445
2003-04-28,8.842291831970215
2003-04-29,8.878471374511719
2003-04-30,8.812146186828613
2003-05-01,8.938765525817871
2003-05-02,9.044279098510742
2003-05-05,9.21612548828125
2003-05-06,9.469367980957031
2003-05-07,9.463335037231445
2003-05-08,8.169999122619629
2003-05-09,7.612270355224609
2003-05-12,8.004185676574707
2003-05-13,8.182060241699219
2003-05-14,8.154928207397461
2003-05-15,8.151914596557617
2003-05-16,7.642417907714844
2003-05-19,7.772052764892578
2003-05-20,7.9288225173950195
2003-05-21,7.910731315612793
2003-05-22,7.8323493003845215
2003-05-23,7.992136478424072
2003-05-27,8.118749618530273
2003-05-28,8.266472816467285
2003-05-29,8.429269790649414
2003-05-30,8.577526092529297
2003-06-02,8.674342155456543
2003-06-03,8.665263175964355
2003-06-04,8.768136978149414
2003-06-05,9.085822105407715
2003-06-06,9.052541732788086
2003-06-09,8.759060859680176
2003-06-10,8.849820137023926
2003-06-11,9.055566787719727
2003-06-12,9.15843677520752
2003-06-13,8.943614959716797
2003-06-16,9.082797050476074
2003-06-17,9.094902038574219
2003-06-18,8.995055198669434
2003-06-19,8.955723762512207
2003-06-20,8.925466537475586
2003-06-23,8.925466537475586
2003-06-24,8.992029190063477
2003-06-25,8.877057075500488
2003-06-26,9.001103401184082
2003-06-27,8.961770057678223
2003-06-30,9.0162353515625
2003-07-01,8.970852851867676
2003-07-02,9.03741455078125
2003-07-03,9.019262313842773
2003-07-07,9.025310516357422
2003-07-08,9.439811706542969
2003-07-09,9.394432067871094
2003-07-10,9.176590919494629
2003-07-11,9.421661376953125
2003-07-14,9.303662300109863
2003-07-15,9.22197437286377
2003-07-16,9.21591854095459
2003-07-17,9.067667961120605
2003-07-18,9.185661315917969
2003-07-21,8.877057075500488
2003-07-22,8.901259422302246
2003-07-23,8.970852851867676
2003-07-24,8.883110046386719
2003-07-25,8.892184257507324
2003-07-28,9.031360626220703
2003-07-29,9.103974342346191
2003-07-30,9.06161880493164
2003-07-31,9.025310516357422
2003-08-01,8.961770057678223
2003-08-04,8.961770057678223
2003-08-05,8.653164863586426
2003-08-06,8.759060859680176
2003-08-07,8.674342155456543
2003-08-08,8.695523262023926
2003-08-11,9.067667961120605
2003-08-12,9.258278846740723
2003-08-13,9.297612190246582
2003-08-14,9.367204666137695
2003-08-15,9.4035062789917
2003-08-18,9.318793296813965
2003-08-19,9.364177703857422
2003-08-20,9.497304916381836
2003-08-21,9.654632568359375
2003-08-22,9.315764427185059
2003-08-25,9.255255699157715
2003-08-26,9.197770118713379
2003-08-27,9.4035062789917
2003-08-28,9.439811706542969
2003-08-29,9.379302024841309
2003-09-02,9.966265678405762
2003-09-03,10.39590072631836
2003-09-04,10.347489356994629
2003-09-05,10.06006145477295
2003-09-08,10.099390983581543
2003-09-09,9.851295471191406
2003-09-10,9.545710563659668
2003-09-11,9.636481285095215
2003-09-12,9.678834915161133
2003-09-15,9.693964958190918
2003-09-16,9.811962127685547
2003-09-17,9.821061134338379
2003-09-18,9.948531150817871
2003-09-19,9.939428329467773
2003-09-22,9.851415634155273
2003-09-23,9.787683486938477
2003-09-24,9.8362455368042
2003-09-25,9.83320426940918
2003-09-26,9.426525115966797
2003-09-29,9.384034156799316
2003-09-30,9.620762825012207
2003-10-01,9.94549560546875
2003-10-02,10.048686027526855
2003-10-03,10.170086860656738
2003-10-06,10.08206844329834
2003-10-07,10.227752685546875
2003-10-08,10.160980224609375
2003-10-09,10.288444519042969
2003-10-10,10.534276962280273
2003-10-13,10.81348991394043
2003-10-14,10.81348991394043
2003-10-15,10.619256973266602
2003-10-16,10.664778709411621
2003-10-17,10.440195083618164
2003-10-20,10.425023078918457
2003-10-21,10.406808853149414
2003-10-22,10.167047500610352
2003-10-23,10.188294410705566
2003-10-24,10.079033851623535
2003-10-27,10.297550201416016
2003-10-28,10.494827270507812
2003-10-29,10.546419143676758
2003-10-30,10.312726974487305
2003-10-31,10.500893592834473
2003-11-03,10.689059257507324
2003-11-04,10.713340759277344
2003-11-05,10.734588623046875
2003-11-06,10.701193809509277
2003-11-07,10.585872650146484
2003-11-10,10.516068458557129
2003-11-11,10.394675254821777
2003-11-12,10.500893592834473
2003-11-13,10.361286163330078
2003-11-14,10.197395324707031
2003-11-17,10.012267112731934
2003-11-18,9.94549560546875
2003-11-19,9.775542259216309
2003-11-20,9.9030122756958
2003-11-21,10.233819007873535
2003-11-24,10.531244277954102
2003-11-25,10.479646682739258
2003-11-26,10.59801197052002
2003-11-28,10.60104751586914
2003-12-01,10.643533706665039
2003-12-02,10.555521011352539
2003-12-03,10.56766128540039
2003-12-04,9.80589485168457
2003-12-05,9.863555908203125
2003-12-08,10.094210624694824
2003-12-09,10.45536994934082
2003-12-10,10.021378517150879
2003-12-11,10.333971977233887
2003-12-12,10.51303482055664
2003-12-15,10.394675254821777
2003-12-16,10.370389938354492
2003-12-17,10.537802696228027
2003-12-18,10.61085319519043
2003-12-19,10.705214500427246
2003-12-22,10.805663108825684
2003-12-23,11.058300018310547
2003-12-24,11.183099746704102
2003-12-26,11.094827651977539
2003-12-29,11.487480163574219
2003-12-30,11.642719268798828
2003-12-31,11.545321464538574
2004-01-02,11.597063064575195
2004-01-05,11.411381721496582
2004-01-06,11.478355407714844
2004-01-07,11.6274995803833
2004-01-08,11.277454376220703
2004-01-09,11.131355285644531
2004-01-12,11.146573066711426
2004-01-13,11.24701976776123
2004-01-14,11.56966781616211
2004-01-15,11.706636428833008
2004-01-16,11.947105407714844
2004-01-20,11.913619041442871
2004-01-21,11.785775184631348
2004-01-22,11.767522811889648
2004-01-23,11.56662368774414
2004-01-26,11.606191635131836
2004-01-27,11.429649353027344
2004-01-28,10.97916316986084
2004-01-29,11.08569049835205
2004-01-30,11.259197235107422
2004-02-02,11.283546447753906
2004-02-03,11.225712776184082
2004-02-04,10.857404708862305
2004-02-05,11.043083190917969
2004-02-06,11.021768569946289
2004-02-09,11.009599685668945
2004-02-10,11.253107070922852
2004-02-11,11.383990287780762
2004-02-12,11.417471885681152
2004-02-13,11.539220809936523
2004-02-17,11.3474702835083
2004-02-18,11.414427757263184
2004-02-19,10.927412033081055
2004-02-20,11.125264167785645
2004-02-23,11.21657657623291
2004-02-24,11.338333129882812
2004-02-25,11.6274995803833
2004-02-26,11.931880950927734
2004-02-27,11.989714622497559
2004-03-01,11.871006965637207
2004-03-02,11.85883617401123
2004-03-03,11.947105407714844
2004-03-04,11.831433296203613
2004-03-05,11.855791091918945
2004-03-08,11.877097129821777
2004-03-09,11.871006965637207
2004-03-10,11.435737609863281
2004-03-11,11.380950927734375
2004-03-12,11.746208190917969
2004-03-15,11.213537216186523
2004-03-16,11.036995887756348
2004-03-17,11.113296508789062
2004-03-18,11.452098846435547
2004-03-19,11.079721450805664
2004-03-22,10.997315406799316
2004-03-23,10.896588325500488
2004-03-24,10.835543632507324
2004-03-25,11.049203872680664
2004-03-26,10.9942626953125
2004-03-29,10.972896575927734
2004-03-30,11.098036766052246
2004-03-31,11.119402885437012
2004-04-01,11.253705024719238
2004-04-02,11.19876480102539
2004-04-05,11.232337951660156
2004-04-06,11.308647155761719
2004-04-07,11.372739791870117
2004-04-08,11.656600952148438
2004-04-12,11.90383529663086
2004-04-13,11.644393920898438
2004-04-14,11.485677719116211
2004-04-15,11.616925239562988
2004-04-16,11.72375202178955
2004-04-19,11.687125205993652
2004-04-20,11.616925239562988
2004-04-21,11.836687088012695
2004-04-22,12.169381141662598
2004-04-23,12.01982593536377
2004-04-26,11.836687088012695
2004-04-27,11.980145454406738
2004-04-28,11.500938415527344
2004-04-29,11.293378829956055
2004-04-30,11.16518783569336
2004-05-03,11.629133224487305
2004-05-04,11.369688034057617
2004-05-05,12.071709632873535
2004-05-06,12.141914367675781
2004-05-07,11.909940719604492
2004-05-10,11.809213638305664
2004-05-11,11.964877128601074
2004-05-12,12.01371955871582
2004-05-13,12.004557609558105
2004-05-14,11.84278678894043
2004-05-17,11.626082420349121
2004-05-18,11.616925239562988
2004-05-19,11.787849426269531
2004-05-20,11.848895072937012
2004-05-21,11.763434410095215
2004-05-24,12.358623504638672
2004-05-25,12.611968040466309
2004-05-26,12.706586837768555
2004-05-27,12.697427749633789
2004-05-28,12.61501407623291
2004-06-01,12.78288745880127
2004-06-02,12.712684631347656
2004-06-03,12.434931755065918
2004-06-04,12.38914680480957
2004-06-07,12.627223014831543
2004-06-08,12.544814109802246
2004-06-09,12.566230773925781
2004-06-10,12.703913688659668
2004-06-14,12.269438743591309
2004-06-15,12.440784454345703
2004-06-16,12.477499008178711
2004-06-17,12.361231803894043
2004-06-18,12.511147499084473
2004-06-21,12.376530647277832
2004-06-22,12.348993301391602
2004-06-23,12.511147499084473
2004-06-24,12.60600471496582
2004-06-25,12.697798728942871
2004-06-28,12.468314170837402
2004-06-29,12.728395462036133
2004-06-30,12.523391723632812
2004-07-01,12.569292068481445
2004-07-02,12.508094787597656
2004-07-06,12.590702056884766
2004-07-07,12.584587097167969
2004-07-08,10.403011322021484
2004-07-09,10.155180931091309
2004-07-12,10.14905834197998
2004-07-13,10.066444396972656
2004-07-14,10.115400314331055
2004-07-15,10.005252838134766
2004-07-16,9.79719352722168
2004-07-19,10.066444396972656
2004-07-20,10.204136848449707
2004-07-21,10.127641677856445
2004-07-22,9.815552711486816
2004-07-23,9.867566108703613
2004-07-26,9.488161087036133
2004-07-27,9.696220397949219
2004-07-28,9.445326805114746
2004-07-29,9.598309516906738
2004-07-30,9.861445426940918
2004-08-02,9.843087196350098
2004-08-03,9.7910737991333
2004-08-04,9.662562370300293
2004-08-05,8.224498748779297
2004-08-06,7.995023250579834
2004-08-09,7.878752708435059
2004-08-10,8.102112770080566
2004-08-11,8.092931747436523
2004-08-12,7.943006992340088
2004-08-13,7.949127674102783
2004-08-16,8.19084358215332
2004-08-17,8.083752632141113
2004-08-18,8.374428749084473
2004-08-19,8.20002269744873
2004-08-20,8.763011932373047
2004-08-23,8.325471878051758
2004-08-24,8.264277458190918
2004-08-25,8.337709426879883
2004-08-26,8.270398139953613
2004-08-27,8.426443099975586
2004-08-30,8.193906784057617
2004-08-31,8.114354133605957
2004-09-01,8.196962356567383
2004-09-02,8.36830997467041
2004-09-03,8.423383712768555
2004-09-07,8.466218948364258
2004-09-08,8.319352149963379
2004-09-09,8.138827323913574
2004-09-10,8.337709426879883
2004-09-13,8.245919227600098
2004-09-14,8.28569507598877
2004-09-15,8.151065826416016
2004-09-16,8.013379096984863
2004-09-17,8.0686674118042
2004-09-20,7.95502233505249
2004-09-21,7.967308044433594
2004-09-22,7.749242305755615
2004-09-23,7.896667957305908
2004-09-24,7.795310020446777
2004-09-27,7.494306564331055
2004-09-28,7.586453914642334
2004-09-29,7.5526628494262695
2004-09-30,7.697021961212158
2004-10-01,7.72159481048584
2004-10-04,7.663239479064941
2004-10-05,7.681668281555176
2004-10-06,7.862876892089844
2004-10-07,7.755380630493164
2004-10-08,7.832167625427246
2004-10-11,7.764590740203857
2004-10-12,7.801450729370117
2004-10-13,7.776878833770752
2004-10-14,7.786093711853027
2004-10-15,7.832167625427246
2004-10-18,7.95502233505249
2004-10-19,7.927379608154297
2004-10-20,7.988811492919922
2004-10-21,8.01952075958252
2004-10-22,7.994953155517578
2004-10-25,8.016457557678223
2004-10-26,8.216094970703125
2004-10-27,8.317453384399414
2004-10-28,8.397310256958008
2004-10-29,8.385024070739746
2004-11-01,8.415740966796875
2004-11-02,8.517095565795898
2004-11-03,8.569308280944824
2004-11-04,8.722885131835938
2004-11-05,8.824239730834961
2004-11-08,8.71981143951416
2004-11-09,8.765886306762695
2004-11-10,8.93481159210205
2004-11-11,8.808886528015137
2004-11-12,8.830381393432617
2004-11-15,8.910237312316895
2004-11-16,9.229667663574219
2004-11-17,8.87645149230957
2004-11-18,8.861095428466797
2004-11-19,8.692169189453125
2004-11-22,8.65531063079834
2004-11-23,8.870311737060547
2004-11-24,8.824239730834961
2004-11-26,8.864171028137207
2004-11-29,8.937885284423828
2004-11-30,8.759737968444824
2004-12-01,8.999310493469238
2004-12-02,9.16823959350586
2004-12-03,8.916382789611816
2004-12-06,8.980879783630371
2004-12-07,8.937885284423828
2004-12-08,8.916382789611816
2004-12-09,8.904098510742188
2004-12-10,8.950170516967773
2004-12-13,8.845738410949707
2004-12-14,8.904098510742188
2004-12-15,8.996241569519043
2004-12-16,8.904098510742188
2004-12-17,8.937885284423828
2004-12-20,8.94096565246582
2004-12-21,9.138215065002441
2004-12-22,9.101232528686523
2004-12-23,9.13205337524414
2004-12-27,8.968706130981445
2004-12-28,9.18444538116455
2004-12-29,9.128968238830566
2004-12-30,9.230674743652344
2004-12-31,9.193693161010742
2005-01-03,9.070409774780273
2005-01-04,8.937884330749512
2005-01-05,8.934802055358887
2005-01-06,8.950211524963379
2005-01-07,8.888570785522461
2005-01-10,8.826931953430176
2005-01-11,8.79919147491455
2005-01-12,8.931718826293945
2005-01-13,8.876242637634277
2005-01-14,9.144375801086426
2005-01-18,9.206019401550293
2005-01-19,9.1043119430542
2005-01-20,9.061166763305664
2005-01-21,8.910144805908203
2005-01-24,8.796110153198242
2005-01-25,8.595776557922363
2005-01-26,8.614267349243164
2005-01-27,8.645088195800781
2005-01-28,8.97178840637207
2005-01-31,8.925554275512695
2005-02-01,8.999526023864746
2005-02-02,9.095067024230957
2005-02-03,9.144375801086426
2005-02-04,9.18444538116455
2005-02-07,9.59743595123291
2005-02-08,9.954948425292969
2005-02-09,9.686817169189453
2005-02-10,9.646749496459961
2005-02-11,9.770033836364746
2005-02-14,9.785438537597656
2005-02-15,9.760784149169922
2005-02-16,10.065908432006836
2005-02-17,9.862493515014648
2005-02-18,9.686817169189453
2005-02-22,9.486485481262207
2005-02-23,9.461825370788574
2005-02-24,9.862493515014648
2005-02-25,10.118302345275879
2005-02-28,10.293973922729492
2005-03-01,10.52820873260498
2005-03-02,10.367944717407227
2005-03-03,10.321712493896484
2005-03-04,10.47581672668457
2005-03-07,10.355616569519043
2005-03-08,10.290894508361816
2005-03-09,10.371028900146484
2005-03-10,10.361777305603027
2005-03-11,10.324795722961426
2005-03-14,10.404932975769043
2005-03-15,10.981266021728516
2005-03-16,11.188343048095703
2005-03-17,11.086352348327637
2005-03-18,10.931817054748535
2005-03-21,10.641289710998535
2005-03-22,10.418758392333984
2005-03-23,10.298224449157715
2005-03-24,10.40639591217041
2005-03-28,10.384760856628418
2005-03-29,10.387855529785156
2005-03-30,10.545476913452148
2005-03-31,10.591835975646973
2005-04-01,10.526931762695312
2005-04-04,10.511484146118164
2005-04-05,10.625837326049805
2005-04-06,10.536203384399414
2005-04-07,10.428034782409668
2005-04-08,10.431121826171875
2005-04-11,10.322948455810547
2005-04-12,10.570202827453613
2005-04-13,10.437299728393555
2005-04-14,10.084966659545898
2005-04-15,9.834614753723145
2005-04-18,10.0509614944458
2005-04-19,10.060235023498535
2005-04-20,9.890251159667969
2005-04-21,10.026238441467285
2005-04-22,9.899528503417969
2005-04-25,9.856250762939453
2005-04-26,9.800617218017578
2005-04-27,9.710988998413086
2005-04-28,9.333917617797852
2005-04-29,9.550270080566406
2005-05-02,9.738805770874023
2005-05-03,9.840799331665039
2005-05-04,10.029332160949707
2005-05-05,9.945881843566895
2005-05-06,9.828436851501465
2005-05-09,9.952062606811523
2005-05-10,9.859346389770508
2005-05-11,9.859346389770508
2005-05-12,9.754257202148438
2005-05-13,9.49772834777832
2005-05-16,9.757349014282227
2005-05-17,9.905705451965332
2005-05-18,10.075695037841797
2005-05-19,10.072599411010742
2005-05-20,10.15295696258545
2005-05-23,10.115870475769043
2005-05-24,10.14986801147461
2005-05-25,9.874797821044922
2005-05-26,10.539299964904785
2005-05-27,10.67837905883789
2005-05-31,10.848370552062988
2005-06-01,11.046173095703125
2005-06-02,11.157434463500977
2005-06-03,11.012174606323242
2005-06-06,11.021449089050293
2005-06-07,11.179076194763184
2005-06-08,11.132709503173828
2005-06-09,11.18525505065918
2005-06-10,11.243979454040527
2005-06-13,11.435599327087402
2005-06-14,11.485050201416016
2005-06-15,11.488155364990234
2005-06-16,11.683390617370605
2005-06-17,11.754674911499023
2005-06-20,11.90031909942627
2005-06-21,12.024282455444336
2005-06-22,12.067669868469238
2005-06-23,11.853841781616211
2005-06-24,11.86623477935791
2005-06-27,11.767066955566406
2005-06-28,12.117258071899414
2005-06-29,12.14824390411377
2005-06-30,12.13275146484375
2005-07-01,12.101766586303711
2005-07-05,12.160643577575684
2005-07-06,12.089365005493164
2005-07-07,12.16684627532959
2005-07-08,12.396172523498535
2005-07-11,12.405472755432129
2005-07-12,12.427159309387207
2005-07-13,12.414764404296875
2005-07-14,12.179237365722656
2005-07-15,12.358980178833008
2005-07-18,12.241215705871582
2005-07-19,12.482946395874023
2005-07-20,12.455053329467773
2005-07-21,12.216424942016602
2005-07-22,12.396172523498535
2005-07-25,12.256709098815918
2005-07-26,12.377578735351562
2005-07-27,12.32489013671875
2005-07-28,12.331093788146973
2005-07-29,12.225726127624512
2005-08-01,12.049077033996582
2005-08-02,11.956106185913086
2005-08-03,11.822840690612793
2005-08-04,11.705087661743164
2005-08-05,11.698878288269043
2005-08-08,11.745368003845215
2005-08-09,11.745368003845215
2005-08-10,11.791854858398438
2005-08-11,11.773262023925781
2005-08-12,11.652400016784668
2005-08-15,11.695786476135254
2005-08-16,11.339398384094238
2005-08-17,11.41996955871582
2005-08-18,11.444764137268066
2005-08-19,11.435469627380371
2005-08-22,11.156554222106934
2005-08-23,11.113165855407715
2005-08-24,11.215436935424805
2005-08-25,11.24332332611084
2005-08-26,11.03258991241455
2005-08-29,11.013996124267578
2005-08-30,11.094569206237793
2005-08-31,11.094569206237793
2005-09-01,10.722689628601074
2005-09-02,10.741281509399414
2005-09-06,10.902433395385742
2005-09-07,10.983006477355957
2005-09-08,10.710289001464844
2005-09-09,10.95511531829834
2005-09-12,11.029494285583496
2005-09-13,10.806360244750977
2005-09-14,10.61422061920166
2005-09-15,10.651409149169922
2005-09-16,10.744379997253418
2005-09-19,10.69465446472168
2005-09-20,10.598305702209473
2005-09-21,10.15696907043457
2005-09-22,10.184943199157715
2005-09-23,10.262638092041016
2005-09-26,10.32790470123291
2005-09-27,10.256423950195312
2005-09-28,10.007784843444824
2005-09-29,10.172508239746094
2005-09-30,10.256423950195312
2005-10-03,10.19426441192627
2005-10-04,10.256423950195312
2005-10-05,9.96426773071289
2005-10-06,9.951838493347168
2005-10-07,10.060614585876465
2005-10-10,9.961165428161621
2005-10-11,9.526043891906738
2005-10-12,9.47942066192627
2005-10-13,9.625496864318848
2005-10-14,9.836845397949219
2005-10-17,9.930084228515625
2005-10-18,9.811976432800293
2005-10-19,10.240883827209473
2005-10-20,9.954946517944336
2005-10-21,9.942512512207031
2005-10-24,10.141427993774414
2005-10-25,9.998459815979004
2005-10-26,9.899001121520996
2005-10-27,9.423478126525879
2005-10-28,9.752925872802734
2005-10-31,10.09169864654541
2005-11-01,10.032649040222168
2005-11-02,10.489522933959961
2005-11-03,10.557901382446289
2005-11-04,10.651140213012695
2005-11-07,10.837621688842773
2005-11-08,10.815863609313965
2005-11-09,11.12044906616211
2005-11-10,11.32868480682373
2005-11-11,11.272740364074707
2005-11-14,11.306925773620605
2005-11-15,10.800325393676758
2005-11-16,10.846946716308594
2005-11-17,11.226123809814453
2005-11-18,11.272740364074707
2005-11-21,11.34422779083252
2005-11-22,12.416489601135254
2005-11-23,12.369866371154785
2005-11-25,12.338791847229004
2005-11-28,12.407160758972168
2005-11-29,12.643370628356934
2005-11-30,12.789449691772461
2005-12-01,12.85161018371582
2005-12-02,12.994583129882812
2005-12-05,12.892017364501953
2005-12-06,13.034977912902832
2005-12-07,13.11268424987793
2005-12-08,13.59753131866455
2005-12-09,13.588211059570312
2005-12-12,13.513615608215332
2005-12-13,13.383075714111328
2005-12-14,13.3986177444458
2005-12-15,13.547804832458496
2005-12-16,13.675230979919434
2005-12-19,13.332575798034668
2005-12-20,13.410456657409668
2005-12-21,13.478983879089355
2005-12-22,13.457174301147461
2005-12-23,13.513248443603516
2005-12-27,13.198628425598145
2005-12-28,13.426021575927734
2005-12-29,13.447830200195312
2005-12-30,13.217310905456543
2006-01-03,13.19239330291748
2006-01-04,13.14877986907959
2006-01-05,13.22354793548584
2006-01-06,13.114517211914062
2006-01-09,13.1768217086792
2006-01-10,13.354374885559082
2006-01-11,13.472749710083008
2006-01-12,13.697038650512695
2006-01-13,13.544400215148926
2006-01-17,13.494553565979004
2006-01-18,13.535051345825195
2006-01-19,13.606703758239746
2006-01-20,13.507018089294434
2006-01-23,13.628508567810059
2006-01-24,13.824760437011719
2006-01-25,13.712615013122559
2006-01-26,13.718838691711426
2006-01-27,13.784260749816895
2006-01-30,13.706378936767578
2006-01-31,14.024117469787598
2006-02-01,14.033472061157227
2006-02-02,14.008545875549316
2006-02-03,13.799835205078125
2006-02-06,13.955587387084961
2006-02-07,13.883946418762207
2006-02-08,14.014776229858398
2006-02-09,13.908860206604004
2006-02-10,13.874600410461426
2006-02-13,14.516307830810547
2006-02-14,14.591062545776367
2006-02-15,14.609757423400879
2006-02-16,14.672052383422852
2006-02-17,14.693860054016113
2006-02-21,14.6782865524292
2006-02-22,14.812236785888672
2006-02-23,14.759284973144531
2006-02-24,14.796664237976074
2006-02-27,14.921265602111816
2006-02-28,14.858962059020996
2006-03-01,14.855851173400879
2006-03-02,14.837160110473633
2006-03-03,14.73436164855957
2006-03-06,15.10505485534668
2006-03-07,14.996027946472168
2006-03-08,15.207852363586426
2006-03-09,15.276387214660645
2006-03-10,15.62215805053711
2006-03-13,15.833986282348633
2006-03-14,16.0676212310791
2006-03-15,16.22060203552246
2006-03-16,16.058250427246094
2006-03-17,15.8115873336792
2006-03-20,16.248714447021484
2006-03-21,16.092594146728516
2006-03-22,16.61090850830078
2006-03-23,16.795127868652344
2006-03-24,16.423566818237305
2006-03-27,16.682720184326172
2006-03-28,16.357995986938477
2006-03-29,16.49225616455078
2006-03-30,16.345510482788086
2006-03-31,16.386091232299805
2006-04-03,16.336139678955078
2006-04-04,16.48601722717285
2006-04-05,16.551578521728516
2006-04-06,16.781076431274414
2006-04-07,17.919174194335938
2006-04-10,17.797391891479492
2006-04-11,17.207284927368164
2006-04-12,17.35247230529785
2006-04-13,17.282203674316406
2006-04-17,17.553861618041992
2006-04-18,17.703723907470703
2006-04-19,18.17208480834961
2006-04-20,18.064355850219727
2006-04-21,18.190814971923828
2006-04-24,17.93790626525879
2006-04-25,17.797391891479492
2006-04-26,17.839548110961914
2006-04-27,17.680313110351562
2006-04-28,17.811447143554688
2006-05-01,17.722457885742188
2006-05-02,17.86297035217285
2006-05-03,18.218915939331055
2006-05-04,18.406253814697266
2006-05-05,18.19550323486328
2006-05-08,18.434362411499023
2006-05-09,18.537405014038086
2006-05-10,18.752840042114258
2006-05-11,18.09715461730957
2006-05-12,17.806766510009766
2006-05-15,17.727153778076172
2006-05-16,17.764619827270508
2006-05-17,17.596010208129883
2006-05-18,17.4742374420166
2006-05-19,17.291576385498047
2006-05-22,17.661579132080078
2006-05-23,17.272844314575195
2006-05-24,17.69904899597168
2006-05-25,18.04093360900879
2006-05-26,17.366514205932617
2006-05-30,16.51878547668457
2006-05-31,16.476634979248047
2006-06-01,16.790447235107422
2006-06-02,16.771713256835938
2006-06-05,16.364242553710938
2006-06-06,16.200313568115234
2006-06-07,16.172218322753906
2006-06-08,15.900575637817383
2006-06-09,15.783485412597656
2006-06-12,15.230819702148438
2006-06-13,15.16057300567627
2006-06-14,15.578438758850098
2006-06-15,16.259239196777344
2006-06-16,16.11368179321289
2006-06-19,15.799111366271973
2006-06-20,15.72868824005127
2006-06-21,16.000999450683594
2006-06-22,15.88361930847168
2006-06-23,15.644171714782715
2006-06-26,16.03387451171875
2006-06-27,15.508011817932129
2006-06-28,15.545575141906738
2006-06-29,16.019786834716797
2006-06-30,16.000999450683594
2006-07-03,15.991601943969727
2006-07-05,15.493929862976074
2006-07-06,15.587831497192383
2006-07-07,15.118321418762207
2006-07-10,15.287345886230469
2006-07-11,15.268574714660645
2006-07-12,14.864782333374023
2006-07-13,14.381183624267578
2006-07-14,14.42343807220459
2006-07-17,14.24032211303711
2006-07-18,14.695752143859863
2006-07-19,15.428201675415039
2006-07-20,14.850695610046387
2006-07-21,14.42343807220459
2006-07-24,15.123013496398926
2006-07-25,15.296730041503906
2006-07-26,14.935209274291992
2006-07-27,14.662884712219238
2006-07-28,15.235694885253906
2006-07-31,15.202835083007812
2006-08-01,14.789661407470703
2006-08-02,15.024417877197266
2006-08-03,15.71928882598877
2006-08-04,15.897709846496582
2006-08-07,15.846057891845703
2006-08-08,15.62539291381836
2006-08-09,15.188745498657227
2006-08-10,15.522106170654297
2006-08-11,15.428201675415039
2006-08-14,15.099532127380371
2006-08-15,15.498628616333008
2006-08-16,15.695819854736328
2006-08-17,15.512713432312012
2006-08-18,15.545575141906738
2006-08-21,15.409421920776367
2006-08-22,15.137101173400879
2006-08-23,14.977459907531738
2006-08-24,14.827219009399414
2006-08-25,14.71922779083252
2006-08-28,14.874175071716309
2006-08-29,15.30612850189209
2006-08-30,15.292045593261719
2006-08-31,15.000944137573242
2006-09-01,14.92581558227539
2006-09-05,15.38594913482666
2006-09-06,14.92581558227539
2006-09-07,14.860088348388672
2006-09-08,15.141792297363281
2006-09-11,15.235694885253906
2006-09-12,15.72868824005127
2006-09-13,15.775643348693848
2006-09-14,15.620705604553223
2006-09-15,15.47045612335205
2006-09-18,15.695819854736328
2006-09-19,15.51697826385498
2006-09-20,16.18998908996582
2006-09-21,16.15233612060547
2006-09-22,16.246471405029297
2006-09-25,17.088909149169922
2006-09-26,16.95713233947754
2006-09-27,17.121854782104492
2006-09-28,17.117151260375977
2006-09-29,16.86770248413086
2006-10-02,16.999494552612305
2006-10-03,17.51248550415039
2006-10-04,17.785459518432617
2006-10-05,17.672496795654297
2006-10-06,17.4418888092041
2006-10-09,17.62544822692871
2006-10-10,17.432479858398438
2006-10-11,17.291288375854492
2006-10-12,17.568971633911133
2006-10-13,17.630144119262695
2006-10-16,17.630144119262695
2006-10-17,17.611331939697266
2006-10-18,17.79486656188965
2006-10-19,17.83723258972168
2006-10-20,17.568971633911133
2006-10-23,17.76662826538086
2006-10-24,18.463180541992188
2006-10-25,18.369047164916992
2006-10-26,18.71261978149414
2006-10-27,18.251384735107422
2006-10-30,18.505537033081055
2006-10-31,18.336105346679688
2006-11-01,17.874881744384766
2006-11-02,18.11960792541504
2006-11-03,17.97841453552246
2006-11-06,18.481998443603516
2006-11-07,18.64202117919922
2006-11-08,18.571430206298828
2006-11-09,18.227855682373047
2006-11-10,18.585546493530273
2006-11-13,18.51024055480957
2006-11-14,19.037357330322266
2006-11-15,19.34327507019043
2006-11-16,18.99970245361328
2006-11-17,18.679670333862305
2006-11-20,18.61378288269043
2006-11-21,21.541160583496094
2006-11-22,21.52704429626465
2006-11-24,21.86590003967285
2006-11-27,21.305843353271484
2006-11-28,21.644702911376953
2006-11-29,21.97885513305664
2006-11-30,22.327125549316406
2006-12-01,21.329364776611328
2006-12-04,22.50596809387207
2006-12-05,23.150745391845703
2006-12-06,23.056617736816406
2006-12-07,22.42595863342285
2006-12-08,22.440078735351562
2006-12-11,22.96719741821289
2006-12-12,23.061330795288086
2006-12-13,23.343708038330078
2006-12-14,23.56961441040039
2006-12-15,23.593156814575195
2006-12-18,23.343708038330078
2006-12-19,23.263565063476562
2006-12-20,23.169288635253906
2006-12-21,22.730886459350586
2006-12-22,22.561185836791992
2006-12-26,22.980722427368164
2006-12-27,23.009021759033203
2006-12-28,22.895875930786133
2006-12-29,22.504615783691406
2007-01-03,23.027870178222656
2007-01-04,23.18343162536621
2007-01-05,22.721454620361328
2007-01-08,23.051437377929688
2007-01-09,23.27300262451172
2007-01-10,23.404991149902344
2007-01-11,24.29122543334961
2007-01-12,24.17336654663086
2007-01-16,24.130939483642578
2007-01-17,24.182802200317383
2007-01-18,24.253503799438477
2007-01-19,24.640066146850586
2007-01-22,23.673690795898438
2007-01-23,23.975387573242188
2007-01-24,24.42792320251465
2007-01-25,23.6831111907959
2007-01-26,23.68783187866211
2007-01-29,24.15923500061035
2007-01-30,24.229928970336914
2007-01-31,25.62056541442871
2007-02-01,25.502714157104492
2007-02-02,25.488567352294922
2007-02-05,25.436721801757812
2007-02-06,25.695995330810547
2007-02-07,26.162675857543945
2007-02-08,26.332378387451172
2007-02-09,26.4408016204834
2007-02-12,26.06839942932129
2007-02-13,25.917531967163086
2007-02-14,25.587581634521484
2007-02-15,25.63470458984375
2007-02-16,25.44143295288086
2007-02-20,25.941129684448242
2007-02-21,25.738407135009766
2007-02-22,25.89397621154785
2007-02-23,25.889270782470703
2007-02-26,25.4932918548584
2007-02-27,24.45621109008789
2007-02-28,24.182802200317383
2007-03-01,24.112083435058594
2007-03-02,23.263565063476562
2007-03-05,22.716751098632812
2007-03-06,23.904680252075195
2007-03-07,23.80567741394043
2007-03-08,24.347789764404297
2007-03-09,24.02722930908203
2007-03-12,22.48104476928711
2007-03-13,21.656099319458008
2007-03-14,21.580663681030273
2007-03-15,21.597209930419922
2007-03-16,21.488536834716797
2007-03-19,20.83651351928711
2007-03-20,21.148347854614258
2007-03-21,21.011333465576172
2007-03-22,20.789264678955078
2007-03-23,21.00188446044922
2007-03-26,20.86486053466797
2007-03-27,20.297880172729492
2007-03-28,20.17030906677246
2007-03-29,19.891544342041016
2007-03-30,19.84429359436035
2007-04-02,20.416000366210938
2007-04-03,20.772729873657227
2007-04-04,20.652246475219727
2007-04-05,20.67350196838379
2007-04-09,20.971166610717773
2007-04-10,20.843599319458008
2007-04-11,20.503406524658203
2007-04-12,20.26953125
2007-04-13,20.312063217163086
2007-04-16,20.432540893554688
2007-04-17,20.545936584472656
2007-04-18,20.099441528320312
2007-04-19,20.056921005249023
2007-04-20,20.638071060180664
2007-04-23,20.588457107543945
2007-04-24,20.000213623046875
2007-04-25,20.38292694091797
2007-04-26,19.9009952545166
2007-04-27,19.454504013061523
2007-04-30,19.121402740478516
2007-05-01,18.958393096923828
2007-05-02,19.716724395751953
2007-05-03,19.95769691467285
2007-05-04,19.82303237915039
2007-05-07,19.596240997314453
2007-05-08,19.84429359436035
2007-05-09,19.993131637573242
2007-05-10,18.979656219482422
2007-05-11,19.277311325073242
2007-05-14,19.284406661987305
2007-05-15,18.767030715942383
2007-05-16,18.78120994567871
2007-05-17,18.731597900390625
2007-05-18,18.80956268310547
2007-05-21,18.632373809814453
2007-05-22,19.312759399414062
2007-05-23,19.4190731048584
2007-05-24,22.785511016845703
2007-05-25,19.6742000579834
2007-05-29,20.29079818725586
2007-05-30,20.184480667114258
2007-05-31,21.00660514831543
2007-06-01,21.205049514770508
2007-06-04,20.716032028198242
2007-06-05,20.482152938842773
2007-06-06,19.908077239990234
2007-06-07,19.277311325073242
2007-06-08,19.348188400268555
2007-06-11,19.007997512817383
2007-06-12,18.44101905822754
2007-06-13,18.483543395996094
2007-06-14,18.426698684692383
2007-06-15,18.19928741455078
2007-06-18,18.497753143310547
2007-06-19,18.590147018432617
2007-06-20,18.12822914123535
2007-06-21,17.82975959777832
2007-06-22,17.51708221435547
2007-06-25,17.34653091430664
2007-06-26,17.24704933166504
2007-06-27,17.275468826293945
2007-06-28,17.637889862060547
2007-06-29,17.282575607299805
2007-07-02,17.56682777404785
2007-07-03,17.95767593383789
2007-07-05,17.744487762451172
2007-07-06,17.865297317504883
2007-07-09,17.971900939941406
2007-07-10,17.730266571044922
2007-07-11,17.80133628845215
2007-07-12,17.99321174621582
2007-07-13,17.99321174621582
2007-07-16,17.77291488647461
2007-07-17,18.007423400878906
2007-07-18,17.588153839111328
2007-07-19,17.637889862060547
2007-07-20,17.403383255004883
2007-07-23,17.161762237548828
2007-07-24,16.621681213378906
2007-07-25,16.26637077331543
2007-07-26,15.427824020385742
2007-07-27,15.221748352050781
2007-07-30,15.491776466369629
2007-07-31,14.88064193725586
2007-08-01,14.90196418762207
2007-08-02,15.100935935974121
2007-08-03,14.205543518066406
2007-08-06,14.589280128479004
2007-08-07,14.262389183044434
2007-08-08,14.575064659118652
2007-08-09,13.86443042755127
2007-08-10,15.05119514465332
2007-08-13,14.852212905883789
2007-08-14,13.956820487976074
2007-08-15,13.708098411560059
2007-08-16,14.440053939819336
2007-08-17,15.001449584960938
2007-08-20,15.07961654663086
2007-08-21,15.314127922058105
2007-08-22,15.498878479003906
2007-08-23,15.946588516235352
2007-08-24,16.28058624267578
2007-08-27,15.939478874206543
2007-08-28,15.335443496704102
2007-08-29,15.839996337890625
2007-08-30,15.626810073852539
2007-08-31,16.23084259033203
2007-09-04,15.939478874206543
2007-09-05,15.768926620483398
2007-09-06,15.349656105041504
2007-09-07,14.70297908782959
2007-09-10,14.07052230834961
2007-09-11,14.205543518066406
2007-09-12,13.999454498291016
2007-09-13,14.233963966369629
2007-09-14,14.26949691772461
2007-09-17,13.899967193603516
2007-09-18,14.923280715942383
2007-09-19,16.149654388427734
2007-09-20,15.529337882995605
2007-09-21,15.379600524902344
2007-09-24,14.844841957092285
2007-09-25,14.103320121765137
2007-09-26,14.495469093322754
2007-09-27,14.003497123718262
2007-09-28,13.832369804382324
2007-10-01,14.381392478942871
2007-10-02,14.481212615966797
2007-10-03,14.851975440979004
2007-10-04,14.873366355895996
2007-10-05,15.971403121948242
2007-10-08,15.215605735778809
2007-10-09,15.130048751831055
2007-10-10,14.652335166931152
2007-10-11,14.837712287902832
2007-10-12,14.602420806884766
2007-10-15,14.388521194458008
2007-10-16,14.345742225646973
2007-10-17,14.438436508178711
2007-10-18,14.367127418518066
2007-10-19,13.81811809539795
2007-10-22,14.538250923156738
2007-10-23,14.374256134033203
2007-10-24,14.217394828796387
2007-10-25,14.017749786376953
2007-10-26,14.466955184936523
2007-10-29,14.267304420471191
2007-10-30,14.659466743469238
2007-10-31,14.545382499694824
2007-11-01,13.554300308227539
2007-11-02,13.155014991760254
2007-11-05,12.570348739624023
2007-11-06,12.591745376586914
2007-11-07,12.121152877807617
2007-11-08,12.477656364440918
2007-11-09,12.114022254943848
2007-11-12,12.056981086730957
2007-11-13,13.040940284729004
2007-11-14,12.948246002197266
2007-11-15,12.456268310546875
2007-11-16,11.736129760742188
2007-11-19,11.47944450378418
2007-11-20,11.600662231445312
2007-11-21,11.572132110595703
2007-11-23,11.971417427062988
2007-11-26,11.094420433044434
2007-11-27,11.593526840209961
2007-11-28,11.69334602355957
2007-11-29,11.679082870483398
2007-11-30,12.099763870239258
2007-12-03,12.263751983642578
2007-12-04,11.778905868530273
2007-12-05,12.548956871032715
2007-12-06,12.655916213989258
2007-12-07,12.755732536315918
2007-12-10,12.955374717712402
2007-12-11,12.313665390014648
2007-12-12,12.171059608459473
2007-12-13,12.099763870239258
2007-12-14,11.721868515014648
2007-12-17,11.607787132263184
2007-12-18,12.051761627197266
2007-12-19,12.015955924987793
2007-12-20,11.865575790405273
2007-12-21,12.180656433105469
2007-12-24,12.388319969177246
2007-12-26,11.700871467590332
2007-12-27,11.3858003616333
2007-12-28,11.056401252746582
2007-12-31,10.86305046081543
2008-01-02,10.139803886413574
2008-01-03,9.538294792175293
2008-01-04,8.750596046447754
2008-01-07,8.900972366333008
2008-01-08,8.528609275817871
2008-01-09,9.423718452453613
2008-01-10,9.853371620178223
2008-01-11,9.652863502502441
2008-01-14,9.874855995178223
2008-01-15,9.624225616455078
2008-01-16,9.867691040039062
2008-01-17,9.967945098876953
2008-01-18,9.745956420898438
2008-01-22,10.111161231994629
2008-01-23,11.013431549072266
2008-01-24,10.676868438720703
2008-01-25,9.824727058410645
2008-01-28,10.920336723327637
2008-01-29,11.170970916748047
2008-01-30,11.235420227050781
2008-01-31,12.309553146362305
2008-02-01,12.374002456665039
2008-02-04,11.471729278564453
2008-02-05,11.235420227050781
2008-02-06,10.87021541595459
2008-02-07,11.478891372680664
2008-02-08,11.46456527709961
2008-02-11,11.42160415649414
2008-02-12,11.629268646240234
2008-02-13,12.223623275756836
2008-02-14,11.349997520446777
2008-02-15,11.335676193237305
2008-02-19,11.070721626281738
2008-02-20,11.45740795135498
2008-02-21,11.113685607910156
2008-02-22,11.428768157958984
2008-02-25,11.607787132263184
2008-02-26,11.622110366821289
2008-02-27,11.593463897705078
2008-02-28,11.013431549072266
2008-02-29,10.51217269897461
2008-03-03,10.87021541595459
2008-03-04,10.77712631225586
2008-03-05,10.655389785766602
2008-03-06,9.667187690734863
2008-03-07,9.574095726013184
2008-03-10,9.30914306640625
2008-03-11,9.702991485595703
2008-03-12,9.115801811218262
2008-03-13,9.366429328918457
2008-03-14,9.051350593566895
2008-03-17,8.965426445007324
2008-03-18,9.757543563842773
2008-03-19,9.512707710266113
2008-03-20,10.153609275817871
2008-03-24,10.801711082458496
2008-03-25,11.154568672180176
2008-03-26,11.154568672180176
2008-03-27,11.111360549926758
2008-03-28,10.708094596862793
2008-03-31,10.85212230682373
2008-04-01,11.673052787780762
2008-04-02,11.7666597366333
2008-04-03,11.8170747756958
2008-04-04,11.78106689453125
2008-04-07,11.8098726272583
2008-04-08,11.86028003692627
2008-04-09,11.118566513061523
2008-04-10,11.413812637329102
2008-04-11,10.780109405517578
2008-04-14,10.42005443572998
2008-04-15,10.297629356384277
2008-04-16,10.902527809143066
2008-04-17,10.837719917297363
2008-04-18,11.392204284667969
2008-04-21,11.024951934814453
2008-04-22,10.319241523742676
2008-04-23,10.348042488098145
2008-04-24,10.57127571105957
2008-04-25,11.161770820617676
2008-04-28,11.70185661315918
2008-04-29,11.8098726272583
2008-04-30,12.011504173278809
2008-05-01,12.544389724731445
2008-05-02,12.270747184753418
2008-05-05,12.241937637329102
2008-05-06,12.054707527160645
2008-05-07,11.276987075805664
2008-05-08,10.844919204711914
2008-05-09,10.873725891113281
2008-05-12,11.485820770263672
2008-05-13,11.615438461303711
2008-05-14,11.7666597366333
2008-05-15,11.795473098754883
2008-05-16,11.593838691711426
2008-05-19,11.269784927368164
2008-05-20,10.98894214630127
2008-05-21,10.996140480041504
2008-05-22,11.50741958618164
2008-05-23,10.8953275680542
2008-05-27,11.485820770263672
2008-05-28,11.60824203491211
2008-05-29,11.997102737426758
2008-05-30,12.162729263305664
2008-06-02,11.665853500366211
2008-06-03,12.018707275390625
2008-06-04,12.061912536621094
2008-06-05,12.306754112243652
2008-06-06,11.161770820617676
2008-06-09,10.8953275680542
2008-06-10,11.089756965637207
2008-06-11,10.427249908447266
2008-06-12,10.657689094543457
2008-06-13,11.298590660095215
2008-06-16,11.493026733398438
2008-06-17,11.197776794433594
2008-06-18,10.727583885192871
2008-06-19,11.016932487487793
2008-06-20,10.633544921875
2008-06-23,10.539508819580078
2008-06-24,10.40930461883545
2008-06-25,10.525039672851562
2008-06-26,9.84506893157959
2008-06-27,9.9463472366333
2008-06-30,9.801671981811523
2008-07-01,9.497854232788086
2008-07-02,9.309776306152344
2008-07-03,9.324244499206543
2008-07-07,9.476157188415527
2008-07-08,10.040385246276855
2008-07-09,9.526786804199219
2008-07-10,9.37488079071045
2008-07-11,9.230205535888672
2008-07-14,9.15063762664795
2008-07-15,9.266375541687012
2008-07-16,10.30803108215332
2008-07-17,10.799921035766602
2008-07-18,10.821619987487793
2008-07-21,10.828856468200684
2008-07-22,11.465424537658691
2008-07-23,11.957311630249023
2008-07-24,11.429252624511719
2008-07-25,11.233942031860352
2008-07-28,10.438237190246582
2008-07-29,11.082035064697266
2008-07-30,11.429252624511719
2008-07-31,11.675202369689941
2008-08-01,11.711372375488281
2008-08-04,11.335211753845215
2008-08-05,12.33345890045166
2008-08-06,11.798173904418945
2008-08-07,11.306281089782715
2008-08-08,12.550477981567383
2008-08-11,12.753022193908691
2008-08-12,12.86876392364502
2008-08-13,12.007949829101562
2008-08-14,12.347932815551758
2008-08-15,12.666214942932129
2008-08-18,12.355165481567383
2008-08-19,11.573928833007812
2008-08-20,11.769240379333496
2008-08-21,11.957311630249023
2008-08-22,12.413040161132812
2008-08-25,11.704133033752441
2008-08-26,11.479891777038574
2008-08-27,11.118205070495605
2008-08-28,11.038631439208984
2008-08-29,10.995232582092285
2008-09-02,10.857792854309082
2008-09-03,11.10373592376709
2008-09-04,10.872257232666016
2008-09-05,11.002464294433594
2008-09-08,12.094756126403809
2008-09-09,11.88497543334961
2008-09-10,11.957311630249023
2008-09-11,11.812639236450195
2008-09-12,11.422022819519043
2008-09-15,11.118205070495605
2008-09-16,11.219476699829102
2008-09-17,10.463757514953613
2008-09-18,12.098724365234375
2008-09-19,12.803569793701172
2008-09-22,12.149588584899902
2008-09-23,12.156853675842285
2008-09-24,12.084190368652344
2008-09-25,12.287647247314453
2008-09-26,12.309452056884766
2008-09-29,11.604598999023438
2008-09-30,11.902525901794434
2008-10-01,11.54647159576416
2008-10-02,10.710821151733398
2008-10-03,10.572757720947266
2008-10-06,10.957880973815918
2008-10-07,9.279319763183594
2008-10-08,9.315653800964355
2008-10-09,7.709755897521973
2008-10-10,7.317364692687988
2008-10-13,7.75335693359375
2008-10-14,7.27376651763916
2008-10-15,6.372721195220947
2008-10-16,6.467183589935303
2008-10-17,6.503518581390381
2008-10-20,6.539849281311035
2008-10-21,6.474451065063477
2008-10-22,6.082058429718018
2008-10-23,5.762335777282715
2008-10-24,5.74053430557251
2008-10-27,5.5661396980285645
2008-10-28,6.132925987243652
2008-10-29,6.648849010467529
2008-10-30,6.939507484436035
2008-10-31,7.6588897705078125
2008-11-03,7.557158946990967
2008-11-04,7.440892696380615
2008-11-05,6.946776390075684
2008-11-06,6.815976619720459
2008-11-07,6.852310657501221
2008-11-10,6.452652454376221
2008-11-11,6.08932638168335
2008-11-12,5.624270915985107
2008-11-13,6.278254508972168
2008-11-14,5.428075313568115
2008-11-17,4.432563781738281
2008-11-18,4.432563781738281
2008-11-19,3.8585121631622314
2008-11-20,3.7713139057159424
2008-11-21,3.4661202430725098
2008-11-24,4.025642395019531
2008-11-25,3.97477650642395
2008-11-26,4.606960296630859
2008-11-28,4.098305702209473
2008-12-01,3.291724443435669
2008-12-02,3.473388195037842
2008-12-03,3.487919569015503
2008-12-04,4.279967308044434
2008-12-05,4.5633625984191895
2008-12-08,4.803158283233643
2008-12-09,4.534296989440918
2008-12-10,4.715958118438721
2008-12-11,4.294502258300781
2008-12-12,4.490696430206299
2008-12-15,4.076507091522217
2008-12-16,4.730492115020752
2008-12-17,5.318130016326904
2008-12-18,5.141839504241943
2008-12-19,6.9194488525390625
2008-12-22,5.64867639541626
2008-12-23,5.3915863037109375
2008-12-24,5.64867639541626
2008-12-26,5.795587062835693
2008-12-29,5.472385883331299
2008-12-30,5.861697196960449
2008-12-31,6.22162389755249
2009-01-02,6.456679344177246
2009-01-05,6.162861347198486
2009-01-06,6.133479595184326
2009-01-07,5.766204833984375
2009-01-08,5.898423671722412
2009-01-09,5.325474262237549
2009-01-12,5.009619235992432
2009-01-13,5.296092987060547
2009-01-14,4.686418056488037
2009-01-15,4.7672200202941895
2009-01-16,4.79660177230835
2009-01-20,4.040016174316406
2009-01-21,4.466052532196045
2009-01-22,4.047360420227051
2009-01-23,3.9812536239624023
2009-01-26,3.9518699645996094
2009-01-27,4.025326251983643
2009-01-28,4.062052249908447
2009-01-29,3.863723039627075
2009-01-30,3.4450318813323975
2009-02-02,3.2173218727111816
2009-02-03,3.158559560775757
2009-02-04,3.1071407794952393
2009-02-05,3.158559560775757
2009-02-06,3.3421947956085205
2009-02-09,3.099794387817383
2009-02-10,2.901465654373169
2009-02-11,2.9235026836395264
2009-02-12,2.8280107975006104
2009-02-13,2.7986302375793457
2009-02-17,2.7325210571289062
2009-02-18,2.7325210571289062
2009-02-19,2.6811020374298096
2009-02-20,2.6737561225891113
2009-02-23,2.739865303039551
2009-02-24,2.916156530380249
2009-02-25,2.7325210571289062
2009-02-26,2.739865303039551
2009-02-27,2.6223371028900146
2009-03-02,2.4607362747192383
2009-03-03,2.3285179138183594
2009-03-04,2.3872828483581543
2009-03-05,1.9906268119812012
2009-03-06,1.6674245595932007
2009-03-09,1.5719338655471802
2009-03-10,1.6233524084091187
2009-03-11,1.5645884275436401
2009-03-12,1.7041521072387695
2009-03-13,1.858407735824585
2009-03-16,1.8437166213989258
2009-03-17,1.9832805395126343
2009-03-18,2.1416423320770264
2009-03-19,2.2622969150543213
2009-03-20,2.239673376083374
2009-03-23,2.40557599067688
2009-03-24,2.4357399940490723
2009-03-25,2.480987071990967
2009-03-26,3.0616424083709717
2009-03-27,2.8806586265563965
2009-03-30,2.7524616718292236
2009-03-31,2.827871561050415
2009-04-01,2.9183645248413086
2009-04-02,3.378363609313965
2009-04-03,3.830822467803955
2009-04-06,3.4763967990875244
2009-04-07,3.0088558197021484
2009-04-08,3.416069746017456
2009-04-09,3.951479911804199
2009-04-13,3.845906972885132
2009-04-14,3.845906972885132
2009-04-15,4.102298736572266
2009-04-16,4.479346752166748
2009-04-17,4.569839954376221
2009-04-20,3.7704966068267822
2009-04-21,4.336070537567139
2009-04-22,4.728199481964111
2009-04-23,4.313446044921875
2009-04-24,4.494431018829346
2009-04-27,4.087218284606934
2009-04-28,4.275740623474121
2009-04-29,4.471808910369873
2009-04-30,4.848857402801514
2009-05-01,4.961974143981934
2009-05-04,5.1580376625061035
2009-05-05,5.278693199157715
2009-05-06,5.08262825012207
2009-05-07,4.863940238952637
2009-05-08,5.022299289703369
2009-05-11,4.879021167755127
2009-05-12,4.600004196166992
2009-05-13,4.336070537567139
2009-05-14,4.682953834533691
2009-05-15,4.705577373504639
2009-05-18,5.014758110046387
2009-05-19,5.097709655761719
2009-05-20,4.758365631103516
2009-05-21,4.765904903411865
2009-05-22,4.7206597328186035
2009-05-26,5.301316261291504
2009-05-27,5.339020252227783
2009-05-28,6.145907402038574
2009-05-29,6.123284816741943
2009-06-01,6.711484432220459
2009-06-02,6.786891937255859
2009-06-03,6.786891937255859
2009-06-04,6.900007247924805
2009-06-05,6.681317329406738
2009-06-08,6.666236877441406
2009-06-09,6.16853141784668
2009-06-10,6.364595890045166
2009-06-11,6.1157450675964355
2009-06-12,5.919678211212158
2009-06-15,5.723613262176514
2009-06-16,5.504923343658447
2009-06-17,5.504921913146973
2009-06-18,5.459239482879639
2009-06-19,5.702886581420898
2009-06-22,5.291731357574463
2009-06-23,5.261275768280029
2009-06-24,5.390712738037109
2009-06-25,5.482080936431885
2009-06-26,5.428782939910889
2009-06-29,5.672431468963623
2009-06-30,5.512537956237793
2009-07-01,5.794255256652832
2009-07-02,5.482080936431885
2009-07-06,5.200362205505371
2009-07-07,5.063309669494629
2009-07-08,5.055695056915283
2009-07-09,5.2155914306640625
2009-07-10,4.979555606842041
2009-07-13,5.329801559448242
2009-07-14,5.405941963195801
2009-07-15,5.65720272064209
2009-07-16,5.687658786773682
2009-07-17,5.725728511810303
2009-07-20,5.641975402832031
2009-07-21,5.535378932952881
2009-07-22,5.322187900543213
2009-07-23,5.3983283042907715
2009-07-24,5.961762428283691
2009-07-27,5.961762428283691
2009-07-28,5.984605312347412
2009-07-29,5.893239498138428
2009-07-30,5.984605312347412
2009-07-31,5.900850296020508
2009-08-03,6.106428623199463
2009-08-04,5.916081428527832
2009-08-05,5.73334264755249
2009-08-06,5.748569965362549
2009-08-07,6.083587169647217
2009-08-10,6.327234268188477
2009-08-11,6.159728527069092
2009-08-12,6.258712291717529
2009-08-13,6.334848403930664
2009-08-14,5.984605312347412
2009-08-17,5.565835475921631
2009-08-18,5.710501670837402
2009-08-19,5.801868438720703
2009-08-20,5.817098140716553
2009-08-21,5.839937686920166
2009-08-24,5.839937686920166
2009-08-25,6.098813533782959
2009-08-26,5.611518859863281
2009-08-27,5.558221817016602
2009-08-28,5.65720272064209
2009-08-31,5.710501670837402
2009-09-01,5.710501670837402
2009-09-02,5.702886581420898
2009-09-03,5.809484004974365
2009-09-04,5.7561869621276855
2009-09-08,5.59628963470459
2009-09-09,5.65720272064209
2009-09-10,5.748569965362549
2009-09-11,5.504921913146973
2009-09-14,5.383099555969238
2009-09-15,5.740955829620361
2009-09-16,5.9868903160095215
2009-09-17,6.209763050079346
2009-09-18,6.2174506187438965
2009-09-21,6.255876541137695
2009-09-22,6.3096723556518555
2009-09-23,6.2789306640625
2009-09-24,6.0176286697387695
2009-09-25,6.009944915771484
2009-09-28,6.332729816436768
2009-09-29,6.332729816436768
2009-09-30,6.1636505126953125
2009-10-01,5.994573593139648
2009-10-02,6.0483717918396
2009-10-05,6.486435413360596
2009-10-06,6.740053653717041
2009-10-07,7.254970550537109
2009-10-08,7.208858966827393
2009-10-09,7.062836647033691
2009-10-12,7.078207492828369
2009-10-13,7.462475776672363
2009-10-14,7.616184711456299
2009-10-15,8.231009483337402
2009-10-16,8.369348526000977
2009-10-19,8.845839500427246
2009-10-20,8.891952514648438
2009-10-21,8.945748329162598
2009-10-22,9.230103492736816
2009-10-23,8.968804359436035
2009-10-26,8.722872734069824
2009-10-27,8.277118682861328
2009-10-28,7.8236870765686035
2009-10-29,8.338608741760254
2009-10-30,7.9697113037109375
2009-11-02,8.046564102172852
2009-11-03,8.13110065460205
2009-11-04,7.938965797424316
2009-11-05,8.661389350891113
2009-11-06,8.49231243133545
2009-11-09,8.745926856994629
2009-11-10,8.684446334838867
2009-11-11,8.446197509765625
2009-11-12,8.13110065460205
2009-11-13,8.184898376464844
2009-11-16,8.692133903503418
2009-11-17,8.722872734069824
2009-11-18,8.97648811340332
2009-11-19,8.63065242767334
2009-11-20,8.484625816345215
2009-11-23,8.73824405670166
2009-11-24,8.046564102172852
2009-11-25,8.023506164550781
2009-11-27,8.000450134277344
2009-11-30,7.885173797607422
2009-12-01,7.9697113037109375
2009-12-02,8.246386528015137
2009-12-03,7.923596382141113
2009-12-04,8.292494773864746
2009-12-07,8.392404556274414
2009-12-08,8.307863235473633
2009-12-09,8.092672348022461
2009-12-10,7.985080242156982
2009-12-11,8.38471508026123
2009-12-14,8.400090217590332
2009-12-15,8.146471977233887
2009-12-16,8.061935424804688
2009-12-17,8.085144996643066
2009-12-18,7.914932727813721
2009-12-21,8.100622177124023
2009-12-22,7.868506908416748
2009-12-23,7.829824924468994
2009-12-24,7.721505165100098
2009-12-28,7.775663375854492
2009-12-29,7.736983299255371
2009-12-30,7.760189533233643
2009-12-31,7.6364006996154785
2010-01-04,7.853039264678955
2010-01-05,7.93040657043457
2010-01-06,7.961352348327637
2010-01-07,7.938140392303467
2010-01-08,8.030983924865723
2010-01-11,7.969091892242432
2010-01-12,8.827897071838379
2010-01-13,9.0986909866333
2010-01-14,9.214743614196777
2010-01-15,9.13737678527832
2010-01-19,9.686700820922852
2010-01-20,9.6480131149292
2010-01-21,9.477801322937012
2010-01-22,9.570645332336426
2010-01-25,9.586118698120117
2010-01-26,9.94975757598877
2010-01-27,9.957494735717773
2010-01-28,9.6480131149292
2010-01-29,9.477801322937012
2010-02-01,9.547433853149414
2010-02-02,9.972970962524414
2010-02-03,10.003917694091797
2010-02-04,9.4855375289917
2010-02-05,9.183794975280762
2010-02-08,8.959424018859863
2010-02-09,9.292115211486816
2010-02-10,9.15284538269043
2010-02-11,9.477801322937012
2010-02-12,9.60932731628418
2010-02-16,9.864651679992676
2010-02-17,9.82596492767334
2010-02-18,10.050333976745605
2010-02-19,10.050333976745605
2010-02-22,10.158655166625977
2010-02-23,10.003917694091797
2010-02-24,10.55324649810791
2010-02-25,10.847249031066895
2010-02-26,10.700243949890137
2010-03-01,11.063881874084473
2010-03-02,11.087092399597168
2010-03-03,10.762142181396484
2010-03-04,10.79308795928955
2010-03-05,10.831772804260254
2010-03-08,11.18767261505127
2010-03-09,11.265044212341309
2010-03-10,11.38110065460205
2010-03-11,11.37336254119873
2010-03-12,11.28825855255127
2010-03-15,11.203152656555176
2010-03-16,11.574525833129883
2010-03-17,11.714442253112793
2010-03-18,11.846588134765625
2010-03-19,11.566752433776855
2010-03-22,11.66003131866455
2010-03-23,11.901001930236816
2010-03-24,11.908774375915527
2010-03-25,11.901001930236816
2010-03-26,12.110882759094238
2010-03-29,12.10311222076416
2010-03-30,12.196394920349121
2010-03-31,12.033151626586914
2010-04-01,12.344084739685059
2010-04-05,12.748296737670898
2010-04-06,12.647248268127441
2010-04-07,12.678337097167969
2010-04-08,12.631698608398438
2010-04-09,12.872671127319336
2010-04-12,12.857126235961914
2010-04-13,13.012590408325195
2010-04-14,13.525632858276367
2010-04-15,13.478996276855469
2010-04-16,13.432354927062988
2010-04-19,13.245790481567383
2010-04-20,13.673331260681152
2010-04-21,13.953171730041504
2010-04-22,14.528393745422363
2010-04-23,15.010343551635742
2010-04-26,14.76159954071045
2010-04-27,14.046452522277832
2010-04-28,14.357382774353027
2010-04-29,15.056987762451172
2010-04-30,14.613901138305664
2010-05-03,14.8471097946167
2010-05-04,14.380707740783691
2010-05-05,13.657780647277832
2010-05-06,12.88044548034668
2010-05-07,12.35185718536377
2010-05-10,13.611146926879883
2010-05-11,13.580049514770508
2010-05-12,14.388480186462402
2010-05-13,14.310744285583496
2010-05-14,13.712194442749023
2010-05-17,13.992035865783691
2010-05-18,13.62668514251709
2010-05-19,13.331300735473633
2010-05-20,12.57728385925293
2010-05-21,12.818260192871094
2010-05-24,12.91930866241455
2010-05-25,13.370170593261719
2010-05-26,12.833806991577148
2010-05-27,13.160287857055664
2010-05-28,12.965956687927246
2010-06-01,12.631698608398438
2010-06-02,12.553964614868164
2010-06-03,12.717206001281738
2010-06-04,11.59783935546875
2010-06-07,11.729990005493164
2010-06-08,11.333548545837402
2010-06-09,11.442376136779785
2010-06-10,12.476232528686523
2010-06-11,13.113649368286133
2010-06-14,13.23802375793457
2010-06-15,13.603365898132324
2010-06-16,13.970183372497559
2010-06-17,13.96237850189209
2010-06-18,13.665809631347656
2010-06-21,13.798484802246094
2010-06-22,13.01021957397461
2010-06-23,13.002419471740723
2010-06-24,12.479507446289062
2010-06-25,13.0414400100708
2010-06-28,12.815106391906738
2010-06-29,12.580968856811523
2010-06-30,11.847341537475586
2010-07-01,11.8941650390625
2010-07-02,11.410286903381348
2010-07-06,10.778111457824707
2010-07-07,11.121513366699219
2010-07-08,11.324434280395508
2010-07-09,11.441500663757324
2010-07-12,11.191752433776855
2010-07-13,11.675642013549805
2010-07-14,11.90977668762207
2010-07-15,11.628812789916992
2010-07-16,11.207365036010742
2010-07-19,11.19956111907959
2010-07-20,11.238581657409668
2010-07-21,11.027860641479492
2010-07-22,11.558570861816406
2010-07-23,11.605398178100586
2010-07-26,11.550766944885254
2010-07-27,11.254190444946289
2010-07-28,11.168342590332031
2010-07-29,11.316628456115723
2010-07-30,11.410286903381348
2010-08-02,11.433697700500488
2010-08-03,11.18394947052002
2010-08-04,11.605398178100586
2010-08-05,11.449304580688477
2010-08-06,11.340044975280762
2010-08-09,11.293213844299316
2010-08-10,11.090296745300293
2010-08-11,10.387884140014648
2010-08-12,10.216181755065918
2010-08-13,9.99765396118164
2010-08-16,10.239598274230957
2010-08-17,10.239598274230957
2010-08-18,10.739087104797363
2010-08-19,10.14594841003418
2010-08-20,10.021068572998047
2010-08-23,9.872780799865723
2010-08-24,9.989853858947754
2010-08-25,8.585027694702148
2010-08-26,8.561615943908691
2010-08-27,8.546004295349121
2010-08-30,8.319672584533691
2010-08-31,8.210407257080078
2010-09-01,8.33527946472168
2010-09-02,8.63966178894043
2010-09-03,8.780143737792969
2010-09-07,8.304061889648438
2010-09-08,8.530394554138184
2010-09-09,8.226019859313965
2010-09-10,8.194802284240723
2010-09-13,8.37430477142334
2010-09-14,8.296257019042969
2010-09-15,8.351253509521484
2010-09-16,8.563373565673828
2010-09-17,8.602657318115234
2010-09-20,8.869769096374512
2010-09-21,8.673360824584961
2010-09-22,8.62622356414795
2010-09-23,8.59480094909668
2010-09-24,8.916908264160156
2010-09-27,9.184021949768066
2010-09-28,9.333292007446289
2010-09-29,9.364718437194824
2010-09-30,9.01118278503418
2010-10-01,9.184021949768066
2010-10-04,8.869769096374512
2010-10-05,9.191875457763672
2010-10-06,9.278297424316406
2010-10-07,9.43542194366455
2010-10-08,9.788958549499512
2010-10-11,9.686822891235352
2010-10-12,9.663257598876953
2010-10-13,9.851806640625
2010-10-14,9.914658546447754
2010-10-15,9.828240394592285
2010-10-18,9.898946762084961
2010-10-19,9.623974800109863
2010-10-20,9.655402183532715
2010-10-21,9.953939437866211
2010-10-22,10.048218727111816
2010-10-25,10.12678050994873
2010-10-26,9.765385627746582
2010-10-27,9.54541301727295
2010-10-28,9.246875762939453
2010-10-29,9.231159210205078
2010-11-01,8.901192665100098
2010-11-02,9.388285636901855
2010-11-03,9.458993911743164
2010-11-04,10.056075096130371
2010-11-05,10.244620323181152
2010-11-08,10.12678050994873
2010-11-09,9.875377655029297
2010-11-10,10.024646759033203
2010-11-11,9.875377655029297
2010-11-12,9.506133079528809
2010-11-15,9.1290283203125
2010-11-16,8.89333724975586
2010-11-17,8.877628326416016
2010-11-18,9.152596473693848
2010-11-19,9.702537536621094
2010-11-22,9.576838493347168
2010-11-23,11.132387161254883
2010-11-24,11.061680793762207
2010-11-26,11.014542579650879
2010-11-29,10.78670597076416
2010-11-30,11.171667098999023
2010-12-01,11.069535255432129
2010-12-02,11.203094482421875
2010-12-03,11.242375373840332
2010-12-06,11.218802452087402
2010-12-07,11.391642570495605
2010-12-08,11.15595817565918
2010-12-09,11.258086204528809
2010-12-10,11.297370910644531
2010-12-13,11.148099899291992
2010-12-14,11.022400856018066
2010-12-15,11.297370910644531
2010-12-16,11.88947582244873
2010-12-17,11.87368392944336
2010-12-20,11.936844825744629
2010-12-21,11.857892990112305
2010-12-22,11.660524368286133
2010-12-23,11.526318550109863
2010-12-27,11.692106246948242
2010-12-28,11.399995803833008
2010-12-29,11.384210586547852
2010-12-30,11.289474487304688
2010-12-31,10.997367858886719
2011-01-03,10.926311492919922
2011-01-04,10.776314735412598
2011-01-05,10.989472389221191
2011-01-06,10.523686408996582
2011-01-07,10.46842098236084
2011-01-10,10.294732093811035
2011-01-11,10.168418884277344
2011-01-12,10.949996948242188
2011-01-13,11.021051406860352
2011-01-14,10.910526275634766
2011-01-18,10.665789604187012
2011-01-19,10.500001907348633
2011-01-20,10.500001907348633
2011-01-21,10.563159942626953
2011-01-24,10.539471626281738
2011-01-25,10.555257797241211
2011-01-26,10.547369003295898
2011-01-27,10.452630043029785
2011-01-28,10.050000190734863
2011-01-31,10.002634048461914
2011-02-01,10.492105484008789
2011-02-02,10.263157844543457
2011-02-03,10.507894515991211
2011-02-04,10.847366333007812
2011-02-07,10.957893371582031
2011-02-08,11.13158130645752
2011-02-09,11.03684139251709
2011-02-10,10.965790748596191
2011-02-11,11.147366523742676
2011-02-14,11.123684883117676
2011-02-15,11.194734573364258
2011-02-16,11.265790939331055
2011-02-17,11.510527610778809
2011-02-18,12.134210586547852
2011-02-22,11.842106819152832
2011-02-23,11.51842212677002
2011-02-24,11.660524368286133
2011-02-25,11.984210014343262
2011-02-28,12.23684024810791
2011-03-01,11.834209442138672
2011-03-02,11.90526294708252
2011-03-03,12.015788078308105
2011-03-04,11.739472389221191
2011-03-07,11.297369003295898
2011-03-08,11.415787696838379
2011-03-09,11.4315767288208
2011-03-10,11.273681640625
2011-03-11,11.37631607055664
2011-03-14,11.313158988952637
2011-03-15,9.126314163208008
2011-03-16,8.602084159851074
2011-03-17,8.808601379394531
2011-03-18,8.459118843078613
2011-03-21,8.888031959533691
2011-03-22,8.872147560119629
2011-03-23,8.959514617919922
2011-03-24,9.110427856445312
2011-03-25,9.388428688049316
2011-03-28,9.34077262878418
2011-03-29,9.404315948486328
2011-03-30,9.753798484802246
2011-03-31,9.706143379211426
2011-04-01,9.698197364807129
2011-04-04,9.737909317016602
2011-04-05,9.9126558303833
2011-04-06,9.97619915008545
2011-04-07,10.405112266540527
2011-04-08,10.357450485229492
2011-04-11,10.087397575378418
2011-04-12,10.02385425567627
2011-04-13,9.849114418029785
2011-04-14,9.761740684509277
2011-04-15,9.80939769744873
2011-04-18,9.793512344360352
2011-04-19,9.690258026123047
2011-04-20,10.0397367477417
2011-04-21,9.888825416564941
2011-04-25,9.841170310974121
2011-04-26,10.03179931640625
2011-04-27,10.238312721252441
2011-04-28,10.301855087280273
2011-04-29,10.047683715820312
2011-05-02,9.785572052001953
2011-05-03,9.483741760253906
2011-05-04,9.412256240844727
2011-05-05,9.301054954528809
2011-05-06,9.324883460998535
2011-05-09,9.285167694091797
2011-05-10,9.491686820983887
2011-05-11,9.324883460998535
2011-05-12,9.332826614379883
2011-05-13,9.11837100982666
2011-05-16,8.872147560119629
2011-05-17,8.729172706604004
2011-05-18,8.951571464538574
2011-05-19,9.07866096496582
2011-05-20,8.70534610748291
2011-05-23,8.522661209106445
2011-05-24,8.665633201599121
2011-05-25,8.427345275878906
2011-05-26,8.022262573242188
2011-05-27,8.069918632507324
2011-05-31,8.18906307220459
2011-06-01,7.7601518630981445
2011-06-02,7.688663482666016
2011-06-03,7.434486389160156
2011-06-06,7.09295129776001
2011-06-07,7.212091445922852
2011-06-08,7.140605449676514
2011-06-09,7.378891468048096
2011-06-10,7.212091445922852
2011-06-13,7.394776344299316
2011-06-14,7.926946640014648
2011-06-15,7.654979228973389
2011-06-16,7.7429728507995605
2011-06-17,8.102922439575195
2011-06-20,8.270904541015625
2011-06-21,8.414884567260742
2011-06-22,8.20691204071045
2011-06-23,8.238903999328613
2011-06-24,8.214911460876465
2011-06-27,8.454874992370605
2011-06-28,8.686843872070312
2011-06-29,8.526869773864746
2011-06-30,8.518871307373047
2011-07-01,8.694845199584961
2011-07-05,8.430883407592773
2011-07-06,8.390889167785645
2011-07-07,8.85482120513916
2011-07-08,8.806828498840332
2011-07-11,8.526869773864746
2011-07-12,8.510872840881348
2011-07-13,8.58286190032959
2011-07-14,8.55886173248291
2011-07-15,8.638854026794434
2011-07-18,8.574860572814941
2011-07-19,8.718843460083008
2011-07-20,8.58286190032959
2011-07-21,8.758835792541504
2011-07-22,8.686843872070312
2011-07-25,8.822831153869629
2011-07-26,8.90281867980957
2011-07-27,8.430883407592773
2011-07-28,8.158914566040039
2011-07-29,8.078927993774414
2011-08-01,8.022931098937988
2011-08-02,7.558995723724365
2011-08-03,7.5989885330200195
2011-08-04,6.99107027053833
2011-08-05,7.071060657501221
2011-08-08,6.167179584503174
2011-08-09,6.743103981018066
2011-08-10,6.18317985534668
2011-08-11,6.551130294799805
2011-08-12,6.551130294799805
2011-08-15,6.615123271942139
2011-08-16,6.4871392250061035
2011-08-17,6.327159404754639
2011-08-18,5.687244415283203
2011-08-19,5.72723913192749
2011-08-22,5.65524959564209
2011-08-23,6.127186298370361
2011-08-24,6.2631683349609375
2011-08-25,5.391282558441162
2011-08-26,6.271168231964111
2011-08-29,6.60712194442749
2011-08-30,6.535133361816406
2011-08-31,6.583126544952393
2011-09-01,6.2631683349609375
2011-09-02,5.935210704803467
2011-09-06,5.87122106552124
2011-09-07,6.143184661865234
2011-09-08,5.911213397979736
2011-09-09,5.639251232147217
2011-09-12,5.6072564125061035
2011-09-13,5.81522798538208
2011-09-14,5.895994186401367
2011-09-15,5.976762294769287
2011-09-16,5.920224666595459
2011-09-19,5.98483943939209
2011-09-20,5.597157001495361
2011-09-21,5.2579345703125
2011-09-22,4.959097862243652
2011-09-23,5.201397895812988
2011-09-26,5.605233192443848
2011-09-27,5.855611324310303
2011-09-28,5.799074172973633
2011-09-29,5.8475341796875
2011-09-30,5.750613212585449
2011-10-03,5.322549819946289
2011-10-04,5.936378479003906
2011-10-05,5.912148952484131
2011-10-06,6.081758499145508
2011-10-07,6.009069442749023
2011-10-10,6.332136631011963
2011-10-11,6.412904262542725
2011-10-12,6.509824275970459
2011-10-13,6.372520446777344
2011-10-14,6.60674524307251
2011-10-17,6.356368064880371
2011-10-18,6.485592842102051
2011-10-19,6.396749973297119
2011-10-20,6.5259785652160645
2011-10-21,6.517901420593262
2011-10-24,7.196344375610352
2011-10-25,6.92981481552124
2011-10-26,7.059039115905762
2011-10-27,7.648634910583496
2011-10-28,7.454802513122559
2011-10-31,7.196344375610352
2011-11-01,7.099422931671143
2011-11-02,7.220577716827393
2011-11-03,7.16403865814209
2011-11-04,7.115575790405273
2011-11-07,7.155958652496338
2011-11-08,7.059039115905762
2011-11-09,6.5905914306640625
2011-11-10,6.784433364868164
2011-11-11,7.139808654785156
2011-11-14,7.2286529541015625
2011-11-15,7.341723918914795
2011-11-16,7.220577716827393
2011-11-17,7.10750150680542
2011-11-18,6.986351013183594
2011-11-21,6.881351470947266
2011-11-22,6.509824275970459
2011-11-23,6.1382951736450195
2011-11-25,6.073680877685547
2011-11-28,6.307905197143555
2011-11-29,6.420981407165527
2011-11-30,6.776355743408203
2011-12-01,6.873277187347412
2011-12-02,6.986351013183594
2011-12-05,7.172110080718994
2011-12-06,7.188269138336182
2011-12-07,7.325572490692139
2011-12-08,7.002501964569092
2011-12-09,7.357876777648926
2011-12-12,7.357876777648926
2011-12-13,7.050960063934326
2011-12-14,6.865198612213135
2011-12-15,6.979211330413818
2011-12-16,7.353824138641357
2011-12-19,6.922203540802002
2011-12-20,7.264244556427002
2011-12-21,7.3293938636779785
2011-12-22,7.060649394989014
2011-12-23,7.264244556427002
2011-12-27,7.4596967697143555
2011-12-28,7.223526477813721
2011-12-29,7.29681921005249
2011-12-30,7.247955799102783
2012-01-03,7.15023136138916
2012-01-04,7.028074741363525
2012-01-05,7.0769362449646
2012-01-06,6.751188278198242
2012-01-09,6.759331226348877
2012-01-10,6.971071243286133
2012-01-11,7.028074741363525
2012-01-12,6.914061546325684
2012-01-13,6.865199565887451
2012-01-17,6.808192729949951
2012-01-18,7.264244556427002
2012-01-19,7.33753776550293
2012-01-20,7.435264587402344
2012-01-23,7.484124660491943
2012-01-24,7.557417392730713
2012-01-25,7.6225690841674805
2012-01-26,7.679576396942139
2012-01-27,7.8994550704956055
2012-01-30,7.866881847381592
2012-01-31,7.695864200592041
2012-02-01,7.801731586456299
2012-02-02,7.826165199279785
2012-02-03,8.485809326171875
2012-02-06,8.493952751159668
2012-02-07,8.559101104736328
2012-02-08,8.567249298095703
2012-02-09,8.599824905395508
2012-02-10,8.33922004699707
2012-02-13,8.420660018920898
2012-02-14,8.420660018920898
2012-02-15,8.257781982421875
2012-02-16,8.567249298095703
2012-02-17,8.721981048583984
2012-02-21,8.518388748168945
2012-02-22,8.355509757995605
2012-02-23,8.640542984008789
2012-02-24,8.941859245300293
2012-02-27,8.583537101745605
2012-02-28,9.064021110534668
2012-02-29,8.778985023498535
2012-03-01,8.689409255981445
2012-03-02,8.526528358459473
2012-03-05,8.51024341583252
2012-03-06,8.493952751159668
2012-03-07,7.64700174331665
2012-03-08,7.29681921005249
2012-03-09,7.565562725067139
2012-03-12,7.500410079956055
2012-03-13,7.74472713470459
2012-03-14,7.654482364654541
2012-03-15,7.777545928955078
2012-03-16,7.68729829788208
2012-03-19,7.695500373840332
2012-03-20,7.7365241050720215
2012-03-21,7.74472713470459
2012-03-22,7.662684440612793
2012-03-23,7.728316783905029
2012-03-26,7.98264741897583
2012-03-27,7.82676887512207
2012-03-28,7.68729829788208
2012-03-29,7.703707218170166
2012-03-30,7.5724406242370605
2012-04-02,7.638072967529297
2012-04-03,7.580643177032471
2012-04-04,7.449377536773682
2012-04-05,7.375539302825928
2012-04-09,7.326313495635986
2012-04-10,6.965332984924316
2012-04-11,7.145823955535889
2012-04-12,7.301703453063965
2012-04-13,7.063782691955566
2012-04-16,7.285294055938721
2012-04-17,7.523215293884277
2012-04-18,7.547825813293457
2012-04-19,7.375539302825928
2012-04-20,7.416560649871826
2012-04-23,7.227865219116211
2012-04-24,7.219660758972168
2012-04-25,7.342722415924072
2012-04-26,7.53962516784668
2012-04-27,7.769341945648193
2012-04-30,7.473987579345703
2012-05-01,7.523215293884277
2012-05-02,7.6298699378967285
2012-05-03,7.506806373596191
2012-05-04,7.3509297370910645
2012-05-07,7.424765110015869
2012-05-08,6.973534107208252
2012-05-09,6.998147487640381
2012-05-10,7.096598148345947
2012-05-11,7.096598148345947
2012-05-14,7.030965805053711
2012-05-15,7.1786394119262695
2012-05-16,7.375539302825928
2012-05-17,7.1868462562561035
2012-05-18,9.016369819641113
2012-05-21,9.828584671020508
2012-05-22,9.689114570617676
2012-05-23,9.771154403686523
2012-05-24,9.853196144104004
2012-05-25,9.820379257202148
2012-05-29,9.754745483398438
2012-05-30,9.689114570617676
2012-05-31,9.754745483398438
2012-06-01,9.393765449523926
2012-06-04,9.434786796569824
2012-06-05,9.426575660705566
2012-06-06,9.738338470458984
2012-06-07,9.582459449768066
2012-06-08,9.598867416381836
2012-06-11,9.352740287780762
2012-06-12,9.525031089782715
2012-06-13,9.205068588256836
2012-06-14,9.593084335327148
2012-06-15,9.90679931640625
2012-06-18,9.72517204284668
2012-06-19,9.76645278930664
2012-06-20,9.857263565063477
2012-06-21,9.6838960647583
2012-06-22,9.601338386535645
2012-06-25,9.460991859436035
2012-06-26,9.361927032470703
2012-06-27,9.49401569366455
2012-06-28,9.741686820983887
2012-06-29,10.658066749572754
2012-07-02,10.542484283447266
2012-07-03,10.913990020751953
2012-07-05,11.169917106628418
2012-07-06,11.202939987182617
2012-07-09,10.947012901306152
2012-07-10,10.897477149963379
2012-07-11,11.004804611206055
2012-07-12,11.004804611206055
2012-07-13,11.03782844543457
2012-07-16,10.930502891540527
2012-07-17,10.757135391235352
2012-07-18,10.74887466430664
2012-07-19,11.029571533203125
2012-07-20,10.938756942749023
2012-07-23,10.847944259643555
2012-07-24,10.781901359558105
2012-07-25,10.996548652648926
2012-07-26,11.252474784851074
2012-07-27,11.582696914672852
2012-07-30,11.326775550842285
2012-07-31,11.359795570373535
2012-08-01,11.186427116394043
2012-08-02,11.335034370422363
2012-08-03,11.541418075561523
2012-08-06,11.376309394836426
2012-08-07,11.557929992675781
2012-08-08,11.714787483215332
2012-08-09,11.557929992675781
2012-08-10,11.359795570373535
2012-08-13,11.252474784851074
2012-08-14,11.557929992675781
2012-08-15,11.896414756774902
2012-08-16,12.193619728088379
2012-08-17,12.111059188842773
2012-08-20,12.05327320098877
2012-08-21,12.234898567199707
2012-08-22,12.29268741607666
2012-08-23,12.226642608642578
2012-08-24,12.300945281982422
2012-08-27,12.713723182678223
2012-08-28,11.780835151672363
2012-08-29,11.797348022460938
2012-08-30,12.243156433105469
2012-08-31,12.391755104064941
2012-09-04,12.507331848144531
2012-09-05,12.655933380126953
2012-09-06,12.821044921875
2012-09-07,12.763260841369629
2012-09-10,12.936627388000488
2012-09-11,12.936627388000488
2012-09-12,12.978095054626465
2012-09-13,13.002967834472656
2012-09-14,13.019556999206543
2012-09-17,13.04443359375
2012-09-18,13.2351655960083
2012-09-19,13.2351655960083
2012-09-20,13.185407638549805
2012-09-21,13.359557151794434
2012-09-24,13.326385498046875
2012-09-25,12.861995697021484
2012-09-26,12.828824043273926
2012-09-27,13.467360496520996
2012-09-28,13.293212890625
2012-10-01,13.351264953613281
2012-10-02,13.14394760131836
2012-10-03,13.127362251281738
2012-10-04,13.450774192810059
2012-10-05,13.309799194335938
2012-10-08,13.450774192810059
2012-10-09,13.160529136657715
2012-10-10,13.459071159362793
2012-10-11,13.558584213256836
2012-10-12,13.558584213256836
2012-10-15,13.492242813110352
2012-10-16,13.774194717407227
2012-10-17,13.757607460021973
2012-10-18,13.699560165405273
2012-10-19,13.401018142700195
2012-10-22,13.508827209472656
2012-10-23,13.359557151794434
2012-10-24,13.326385498046875
2012-10-25,13.351264953613281
2012-10-26,13.027851104736328
2012-10-31,13.085896492004395
2012-11-01,13.691266059875488
2012-11-02,13.459071159362793
2012-11-05,13.33467960357666
2012-11-06,13.624924659729004
2012-11-07,13.110777854919434
2012-11-08,12.646385192871094
2012-11-09,12.339553833007812
2012-11-12,12.546869277954102
2012-11-13,12.911747932434082
2012-11-14,12.621505737304688
2012-11-15,12.463945388793945
2012-11-16,12.4141845703125
2012-11-19,13.052726745605469
2012-11-20,13.948338508605957
2012-11-21,14.354677200317383
2012-11-23,14.404441833496094
2012-11-26,14.653217315673828
2012-11-27,15.001519203186035
2012-11-28,15.822491645812988
2012-11-29,16.145904541015625
2012-11-30,15.797616004943848
2012-12-03,15.689806938171387
2012-12-04,15.64834976196289
2012-12-05,15.523956298828125
2012-12-06,15.814197540283203
2012-12-07,15.548827171325684
2012-12-10,15.416146278381348
2012-12-11,15.441022872924805
2012-12-12,15.358100891113281
2012-12-13,15.399566650390625
2012-12-14,15.225418090820312
2012-12-17,15.683259963989258
2012-12-18,15.76650333404541
2012-12-19,15.741528511047363
2012-12-20,15.616659164428711
2012-12-21,15.558391571044922
2012-12-24,15.616659164428711
2012-12-26,14.934060096740723
2012-12-27,14.667681694030762
2012-12-28,14.7259521484375
2012-12-31,15.292015075683594
2013-01-02,15.333634376525879
2013-01-03,15.16714859008789
2013-01-04,14.309725761413574
2013-01-07,13.685395240783691
2013-01-08,13.793610572814941
2013-01-09,13.660419464111328
2013-01-10,13.568853378295898
2013-01-11,13.560527801513672
2013-01-14,13.710365295410156
2013-01-15,13.868532180786133
2013-01-16,13.951774597167969
2013-01-17,14.193180084228516
2013-01-18,14.076642990112305
2013-01-22,14.243131637573242
2013-01-23,14.193180084228516
2013-01-24,14.509514808654785
2013-01-25,14.501190185546875
2013-01-28,14.559460639953613
2013-01-29,14.609403610229492
2013-01-30,13.951774597167969
2013-01-31,14.351347923278809
2013-02-01,14.284751892089844
2013-02-04,14.293078422546387
2013-02-05,14.667681694030762
2013-02-06,14.60108757019043
2013-02-07,14.392971992492676
2013-02-08,14.392971992492676
2013-02-11,14.484539985656738
2013-02-12,14.484539985656738
2013-02-13,14.451245307922363
2013-02-14,14.492863655090332
2013-02-15,14.409619331359863
2013-02-19,15.09222412109375
2013-02-20,14.667681694030762
2013-02-21,14.251457214355469
2013-02-22,13.910157203674316
2013-02-25,13.327439308166504
2013-02-26,13.527227401733398
2013-02-27,13.618799209594727
2013-02-28,13.65209674835205
2013-03-01,13.693717002868652
2013-03-04,13.801939010620117
2013-03-05,13.910157203674316
2013-03-06,13.910157203674316
2013-03-07,14.3596773147583
2013-03-08,14.542807579040527
2013-03-11,14.626053810119629
2013-03-12,14.700977325439453
2013-03-13,15.000662803649902
2013-03-14,15.316987991333008
2013-03-15,14.56778335571289
2013-03-18,14.268105506896973
2013-03-19,14.25977611541748
2013-03-20,14.501190185546875
2013-03-21,13.932842254638672
2013-03-22,13.932842254638672
2013-03-25,13.765680313110352
2013-03-26,13.740608215332031
2013-03-27,13.548372268676758
2013-03-28,13.372852325439453
2013-04-01,13.180620193481445
2013-04-02,13.155546188354492
2013-04-03,12.896452903747559
2013-04-04,13.105395317077637
2013-04-05,13.147188186645508
2013-04-08,13.406285285949707
2013-04-09,13.097038269042969
2013-04-10,13.698821067810059
2013-04-11,14.409249305725098
2013-04-12,14.442682266235352
2013-04-15,13.548372268676758
2013-04-16,13.899408340454102
2013-04-17,13.565088272094727
2013-04-18,13.531656265258789
2013-04-19,13.715535163879395
2013-04-22,13.590165138244629
2013-04-23,13.698821067810059
2013-04-24,13.782400131225586
2013-04-25,14.233732223510742
2013-04-26,14.008064270019531
2013-04-29,13.899408340454102
2013-04-30,14.133438110351562
2013-05-01,13.523299217224121
2013-05-02,14.024781227111816
2013-05-03,14.434328079223633
2013-05-06,14.242094039916992
2013-05-07,14.484471321105957
2013-05-08,14.634918212890625
2013-05-09,14.442682266235352
2013-05-10,14.5847749710083
2013-05-13,14.501192092895508
2013-05-14,14.542980194091797
2013-05-15,14.793723106384277
2013-05-16,14.166868209838867
2013-05-17,14.191941261291504
2013-05-20,14.392537117004395
2013-05-21,14.609838485717773
2013-05-22,14.810433387756348
2013-05-23,15.027742385864258
2013-05-24,14.96923542022705
2013-05-28,15.48744010925293
2013-05-29,17.309490203857422
2013-05-30,17.961414337158203
2013-05-31,17.38471794128418
2013-06-03,17.953060150146484
2013-06-04,17.852758407592773
2013-06-05,17.744108200073242
2013-06-06,17.986494064331055
2013-06-07,18.304096221923828
2013-06-10,18.579914093017578
2013-06-11,17.927976608276367
2013-06-12,17.48500633239746
2013-06-13,17.97979164123535
2013-06-14,17.686277389526367
2013-06-17,17.904315948486328
2013-06-18,18.055261611938477
2013-06-19,17.820457458496094
2013-06-20,17.4346923828125
2013-06-21,17.27535629272461
2013-06-24,16.839279174804688
2013-06-25,17.149566650390625
2013-06-26,17.38437271118164
2013-06-27,17.912694931030273
2013-06-28,18.055261611938477
2013-07-01,18.50811195373535
2013-07-02,18.533267974853516
2013-07-03,18.516494750976562
2013-07-05,19.04482078552246
2013-07-08,19.6905517578125
2013-07-09,20.394987106323242
2013-07-10,20.436914443969727
2013-07-11,20.696882247924805
2013-07-12,20.470458984375
2013-07-15,20.6633358001709
2013-07-16,19.824726104736328
2013-07-17,20.135013580322266
2013-07-18,20.176944732666016
2013-07-19,19.799562454223633
2013-07-22,19.92536163330078
2013-07-23,20.143402099609375
2013-07-24,19.791187286376953
2013-07-25,20.269189834594727
2013-07-26,20.336275100708008
2013-07-29,20.084692001342773
2013-07-30,19.8582706451416
2013-07-31,19.93374252319336
2013-08-01,20.403371810913086
2013-08-02,20.202098846435547
2013-08-05,20.143402099609375
2013-08-06,19.648622512817383
2013-08-07,19.497671127319336
2013-08-08,19.78278923034668
2013-08-09,19.92536163330078
2013-08-12,19.93374252319336
2013-08-13,19.900209426879883
2013-08-14,19.724092483520508
2013-08-15,18.650667190551758
2013-08-16,18.499723434448242
2013-08-19,18.27329444885254
2013-08-20,18.684215545654297
2013-08-21,18.969341278076172
2013-08-22,19.849885940551758
2013-08-23,19.7157039642334
2013-08-26,19.87504768371582
2013-08-27,18.097198486328125
2013-08-28,19.04482078552246
2013-08-29,19.371875762939453
2013-08-30,18.801620483398438
2013-09-03,18.776473999023438
2013-09-04,19.128677368164062
2013-09-05,19.279634475708008
2013-09-06,19.128677368164062
2013-09-09,19.489282608032227
2013-09-10,19.698936462402344
2013-09-11,19.61507797241211
2013-09-12,18.801620483398438
2013-09-13,18.851938247680664
2013-09-16,18.810009002685547
2013-09-17,19.011280059814453
2013-09-18,19.280460357666016
2013-09-19,19.21316909790039
2013-09-20,19.028099060058594
2013-09-23,19.465526580810547
2013-09-24,19.667415618896484
2013-09-25,19.280460357666016
2013-09-26,19.297283172607422
2013-09-27,19.541234970092773
2013-09-30,19.74312973022461
2013-10-01,19.667415618896484
2013-10-02,19.591707229614258
2013-10-03,19.24681282043457
2013-10-04,19.516000747680664
2013-10-07,18.54861068725586
2013-10-08,18.1953067779541
2013-10-09,18.22895622253418
2013-10-10,18.6663761138916
2013-10-11,19.028099060058594
2013-10-14,19.145864486694336
2013-10-15,18.41401481628418
2013-10-16,18.87668228149414
2013-10-17,18.935569763183594
2013-10-18,19.58329963684082
2013-10-21,19.423465728759766
2013-10-22,19.15428352355957
2013-10-23,19.524415969848633
2013-10-24,19.86930274963379
2013-10-25,19.162696838378906
2013-10-28,19.263635635375977
2013-10-29,19.145864486694336
2013-10-30,18.94397735595703
2013-10-31,18.87668228149414
2013-11-01,18.927152633666992
2013-11-04,19.00286293029785
2013-11-05,18.96080207824707
2013-11-06,18.94397735595703
2013-11-07,18.935569763183594
2013-11-08,19.507591247558594
2013-11-11,20.399267196655273
2013-11-12,20.441322326660156
2013-11-13,20.988122940063477
2013-11-14,20.99652671813965
2013-11-15,21.198415756225586
2013-11-18,21.24888801574707
2013-11-19,21.131120681762695
2013-11-20,21.139522552490234
2013-11-21,21.51807975769043
2013-11-22,21.711549758911133
2013-11-25,21.938678741455078
2013-11-26,22.03961944580078
2013-11-27,22.283573150634766
2013-11-29,21.644248962402344
2013-12-02,20.73574447631836
2013-12-03,21.265708923339844
2013-12-04,21.31619644165039
2013-12-05,21.47601318359375
2013-12-06,21.677900314331055
2013-12-09,21.68631362915039
2013-12-10,21.602195739746094
2013-12-11,21.35824203491211
2013-12-12,21.240476608276367
2013-12-13,21.131120681762695
2013-12-16,21.53489875793457
2013-12-17,22.291982650756836
2013-12-18,23.05748176574707
2013-12-19,22.44182586669922
2013-12-20,23.344223022460938
2013-12-23,23.352657318115234
2013-12-24,23.327360153198242
2013-12-26,23.30205535888672
2013-12-27,23.30205535888672
2013-12-30,23.68156623840332
2013-12-31,23.732175827026367
2014-01-02,23.268321990966797
2014-01-03,23.352657318115234
2014-01-06,22.863506317138672
2014-01-07,22.669530868530273
2014-01-08,22.391225814819336
2014-01-09,22.458698272705078
2014-01-10,22.05388069152832
2014-01-13,21.227394104003906
2014-01-14,21.235824584960938
2014-01-15,21.109323501586914
2014-01-16,20.85630989074707
2014-01-17,20.628597259521484
2014-01-21,20.46835708618164
2014-01-22,20.198486328125
2014-01-23,19.878015518188477
2014-01-24,19.751502990722656
2014-01-27,19.75994873046875
2014-01-28,20.012950897216797
2014-01-29,19.953916549682617
2014-01-30,20.10572052001953
2014-01-31,19.970779418945312
2014-02-03,19.253925323486328
2014-02-04,19.270793914794922
2014-02-05,19.405731201171875
2014-02-06,20.24909019470215
2014-02-07,20.097286224365234
2014-02-10,20.06354522705078
2014-02-11,20.417755126953125
2014-02-12,20.561134338378906
2014-02-13,20.653907775878906
2014-02-14,20.54426383972168
2014-02-18,20.34185791015625
2014-02-19,19.810543060302734
2014-02-20,19.692474365234375
2014-02-21,20.012950897216797
2014-02-24,19.835840225219727
2014-02-25,20.24909019470215
2014-02-26,20.78883934020996
2014-02-27,21.143054962158203
2014-02-28,20.729806900024414
2014-03-03,20.39246368408203
2014-03-04,20.83944320678711
2014-03-05,20.594867706298828
2014-03-06,21.01654815673828
2014-03-07,21.218957901000977
2014-03-10,21.522563934326172
2014-03-11,21.42979621887207
2014-03-12,21.2526912689209
2014-03-13,21.412919998168945
2014-03-14,22.230995178222656
2014-03-17,23.49603271484375
2014-03-18,24.103240966796875
2014-03-19,23.344223022460938
2014-03-20,23.843069076538086
2014-03-21,23.564044952392578
2014-03-24,23.183576583862305
2014-03-25,22.69318962097168
2014-03-26,22.13515853881836
2014-03-27,21.822324752807617
2014-03-28,22.10979652404785
2014-03-31,22.439538955688477
2014-04-01,22.507184982299805
2014-04-02,22.81155776977539
2014-04-03,22.94684600830078
2014-04-04,22.481807708740234
2014-04-07,21.780048370361328
2014-04-08,22.15206527709961
2014-04-09,22.228168487548828
2014-04-10,21.2304744720459
2014-04-11,21.002193450927734
2014-04-14,20.82464027404785
2014-04-15,20.554079055786133
2014-04-16,20.85845947265625
2014-04-17,20.875368118286133
2014-04-21,20.7147274017334
2014-04-22,21.120563507080078
2014-04-23,20.816179275512695
2014-04-24,20.647085189819336
2014-04-25,20.11441421508789
2014-04-28,20.325794219970703
2014-04-29,20.00450897216797
2014-04-30,19.94532012939453
2014-05-01,20.131330490112305
2014-05-02,20.190519332885742
2014-05-05,20.139785766601562
2014-05-06,20.06368637084961
2014-05-07,19.835403442382812
2014-05-08,19.987592697143555
2014-05-09,20.647085189819336
2014-05-12,21.712404251098633
2014-05-13,21.577133178710938
2014-05-14,21.1966609954834
2014-05-15,20.976829528808594
2014-05-16,21.154386520385742
2014-05-19,21.33193588256836
2014-05-20,20.587894439697266
2014-05-21,21.492584228515625
2014-05-22,21.847688674926758
2014-05-23,21.847688674926758
2014-05-27,22.35498809814453
2014-05-28,24.773120880126953
2014-05-29,23.614782333374023
2014-05-30,23.800796508789062
2014-06-02,23.530235290527344
2014-06-03,23.428775787353516
2014-06-04,23.19202995300293
2014-06-05,24.020614624023438
2014-06-06,23.665515899658203
2014-06-09,24.07135581970215
2014-06-10,23.88534164428711
2014-06-11,23.75006675720215
2014-06-12,23.386499404907227
2014-06-13,23.47949981689453
2014-06-16,23.69140625
2014-06-17,23.742273330688477
2014-06-18,23.87789535522461
2014-06-19,23.750747680664062
2014-06-20,23.886369705200195
2014-06-23,23.699892044067383
2014-06-24,23.69140625
2014-06-25,24.132183074951172
2014-06-26,23.869413375854492
2014-06-27,23.97960662841797
2014-06-30,24.2508544921875
2014-07-01,24.632287979125977
2014-07-02,24.46275520324707
2014-07-03,24.89505386352539
2014-07-07,24.471235275268555
2014-07-08,24.32713508605957
2014-07-09,24.547521591186523
2014-07-10,24.064376831054688
2014-07-11,23.843984603881836
2014-07-14,23.928754806518555
2014-07-15,23.818559646606445
2014-07-16,23.54731559753418
2014-07-17,23.420167922973633
2014-07-18,24.123701095581055
2014-07-21,23.835512161254883
2014-07-22,23.928754806518555
2014-07-23,23.9033203125
2014-07-24,24.42885398864746
2014-07-25,23.886369705200195
2014-07-28,23.94569969177246
2014-07-29,24.00503921508789
2014-07-30,24.41189956665039
2014-07-31,23.894853591918945
2014-08-01,23.598176956176758
2014-08-04,23.801605224609375
2014-08-05,24.00503921508789
2014-08-06,24.7340087890625
2014-08-07,24.335617065429688
2014-08-08,25.06458282470703
2014-08-11,25.123918533325195
2014-08-12,24.666196823120117
2014-08-13,24.58991050720215
2014-08-14,24.742483139038086
2014-08-15,24.46275520324707
2014-08-18,25.268014907836914
2014-08-19,25.16629981994629
2014-08-20,25.284969329833984
2014-08-21,25.446016311645508
2014-08-22,26.013933181762695
2014-08-25,26.454708099365234
2014-08-26,26.5903263092041
2014-08-27,25.34429931640625
2014-08-28,25.505355834960938
2014-08-29,25.293441772460938
2014-09-02,25.47992515563965
2014-09-03,24.962871551513672
2014-09-04,25.183252334594727
2014-09-05,24.912004470825195
2014-09-08,25.276498794555664
2014-09-09,24.530576705932617
2014-09-10,24.5814266204834
2014-09-11,24.912004470825195
2014-09-12,24.513620376586914
2014-09-15,24.216224670410156
2014-09-16,24.292695999145508
2014-09-17,24.360675811767578
2014-09-18,24.607084274291992
2014-09-19,24.700551986694336
2014-09-22,23.774385452270508
2014-09-23,23.451509475708008
2014-09-24,23.655433654785156
2014-09-25,23.901838302612305
2014-09-26,23.867860794067383
2014-09-29,23.791378021240234
2014-09-30,23.05215072631836
2014-10-01,22.38939094543457
2014-10-02,22.440372467041016
2014-10-03,23.21358871459961
2014-10-06,22.533838272094727
2014-10-07,21.786102294921875
2014-10-08,22.28742218017578
2014-10-09,21.939048767089844
2014-10-10,22.54233741760254
2014-10-13,22.261932373046875
2014-10-14,22.83122444152832
2014-10-15,23.22208595275879
2014-10-16,23.30705451965332
2014-10-17,23.11162757873535
2014-10-20,23.205097198486328
2014-10-21,23.69791603088379
2014-10-22,23.426006317138672
2014-10-23,23.54496955871582
2014-10-24,23.332550048828125
2014-10-27,23.009668350219727
2014-10-28,24.173738479614258
2014-10-29,24.12276268005371
2014-10-30,23.468503952026367
2014-10-31,22.59330940246582
2014-11-03,22.84822654724121
2014-11-04,22.746257781982422
2014-11-05,23.366533279418945
2014-11-06,24.080278396606445
2014-11-07,23.791378021240234
2014-11-10,23.740394592285156
2014-11-11,23.706409454345703
2014-11-12,24.360675811767578
2014-11-13,24.386159896850586
2014-11-14,24.31819725036621
2014-11-17,23.859355926513672
2014-11-18,23.68941879272461
2014-11-19,23.578960418701172
2014-11-20,23.774385452270508
2014-11-21,23.96981430053711
2014-11-24,24.19923210144043
2014-11-25,26.578371047973633
2014-11-26,27.504526138305664
2014-11-28,27.835918426513672
2014-12-01,27.479049682617188
2014-12-02,27.665979385375977
2014-12-03,28.065330505371094
2014-12-04,27.716960906982422
2014-12-05,27.38558006286621
2014-12-08,26.858768463134766
2014-12-09,26.867267608642578
2014-12-10,25.873123168945312
2014-12-11,26.128032684326172
2014-12-12,26.31496238708496
2014-12-15,26.179014205932617
2014-12-16,25.907119750976562
2014-12-17,26.714326858520508
2014-12-18,26.833276748657227
2014-12-19,24.516979217529297
2014-12-22,25.751768112182617
2014-12-23,26.083885192871094
2014-12-24,25.922086715698242
2014-12-26,26.24568748474121
2014-12-29,27.122814178466797
2014-12-30,27.46345329284668
2014-12-31,27.378286361694336
2015-01-02,26.765146255493164
2015-01-05,26.577804565429688
2015-01-06,25.343013763427734
2015-01-07,26.296783447265625
2015-01-08,27.225011825561523
2015-01-09,26.492647171020508
2015-01-12,26.756635665893555
2015-01-13,26.926950454711914
2015-01-14,26.467103958129883
2015-01-15,25.5559139251709
2015-01-16,25.632551193237305
2015-01-20,25.087535858154297
2015-01-21,25.053476333618164
2015-01-22,25.41965675354004
2015-01-23,25.717714309692383
2015-01-26,25.853960037231445
2015-01-27,26.14349365234375
2015-01-28,25.29192352294922
2015-01-29,25.641067504882812
2015-01-30,24.17635154724121
2015-02-02,24.37221908569336
2015-02-03,25.061994552612305
2015-02-04,24.77245330810547
2015-02-05,24.840585708618164
2015-02-06,24.67877769470215
2015-02-09,24.6617488861084
2015-02-10,24.908710479736328
2015-02-11,24.70433235168457
2015-02-12,24.832059860229492
2015-02-13,24.934255599975586
2015-02-17,25.07902717590332
2015-02-18,24.900188446044922
2015-02-19,25.12160873413086
2015-02-20,25.223796844482422
2015-02-23,25.308956146240234
2015-02-24,25.26637077331543
2015-02-25,25.32598304748535
2015-02-26,25.32598304748535
2015-02-27,25.547393798828125
2015-03-02,26.109437942504883
2015-03-03,26.83327865600586
2015-03-04,26.78218650817871
2015-03-05,26.509675979614258
2015-03-06,26.30529022216797
2015-03-09,27.2335205078125
2015-03-10,27.30164909362793
2015-03-11,25.5559139251709
2015-03-12,25.666610717773438
2015-03-13,25.59848976135254
2015-03-16,25.78583335876465
2015-03-17,26.43303871154785
2015-03-18,26.688512802124023
2015-03-19,27.20913314819336
2015-03-20,27.379837036132812
2015-03-23,27.60173988342285
2015-03-24,27.704158782958984
2015-03-25,27.303020477294922
2015-03-26,27.533458709716797
2015-03-27,27.78097152709961
2015-03-30,28.165040969848633
2015-03-31,27.99434471130371
2015-04-01,27.285951614379883
2015-04-02,27.738298416137695
2015-04-06,27.260343551635742
2015-04-07,27.046972274780273
2015-04-08,27.268878936767578
2015-04-09,26.577560424804688
2015-04-10,26.44099998474121
2015-04-13,26.79946517944336
2015-04-14,26.031328201293945
2015-04-15,26.108142852783203
2015-04-16,26.150814056396484
2015-04-17,25.433883666992188
2015-04-20,25.655794143676758
2015-04-21,25.689937591552734
2015-04-22,25.72406578063965
2015-04-23,26.048391342163086
2015-04-24,26.278831481933594
2015-04-27,26.381256103515625
2015-04-28,26.253232955932617
2015-04-29,25.382673263549805
2015-04-30,25.348539352416992
2015-05-01,25.638721466064453
2015-05-04,25.425352096557617
2015-05-05,25.16930389404297
2015-05-06,25.01568031311035
2015-05-07,25.399747848510742
2015-05-08,25.903308868408203
2015-05-11,26.02279281616211
2015-05-12,25.647253036499023
2015-05-13,25.826486587524414
2015-05-14,25.92037010192871
2015-05-15,26.2959041595459
2015-05-18,26.816530227661133
2015-05-19,26.44099998474121
2015-05-20,26.51781463623047
2015-05-21,26.756792068481445
2015-05-22,26.475141525268555
2015-05-26,25.741146087646484
2015-05-27,26.807994842529297
2015-05-28,27.029911041259766
2015-05-29,26.398326873779297
2015-06-01,26.2020206451416
2015-06-02,26.551956176757812
2015-06-03,27.18353271484375
2015-06-04,27.62734031677246
2015-06-05,27.72121810913086
2015-06-08,27.661479949951172
2015-06-09,27.243282318115234
2015-06-10,27.200603485107422
2015-06-11,27.43104362487793
2015-06-12,27.57613754272461
2015-06-15,27.362764358520508
2015-06-16,27.516727447509766
2015-06-17,27.559497833251953
2015-06-18,28.055601119995117
2015-06-19,28.149686813354492
2015-06-22,27.798992156982422
2015-06-23,28.141136169433594
2015-06-24,27.858869552612305
2015-06-25,27.756229400634766
2015-06-26,27.910192489624023
2015-06-29,26.960744857788086
2015-06-30,27.183137893676758
2015-07-01,27.773334503173828
2015-07-02,27.85032081604004
2015-07-06,27.508176803588867
2015-07-07,27.405534744262695
2015-07-08,27.2772274017334
2015-07-09,27.422639846801758
2015-07-10,27.542388916015625
2015-07-13,27.9871768951416
2015-07-14,27.970062255859375
2015-07-15,27.893081665039062
2015-07-16,28.431955337524414
2015-07-17,28.252328872680664
2015-07-20,28.252328872680664
2015-07-21,27.884531021118164
2015-07-22,28.012828826904297
2015-07-23,27.55094337463379
2015-07-24,26.88376235961914
2015-07-27,26.943641662597656
2015-07-28,27.200246810913086
2015-07-29,27.83321762084961
2015-07-30,27.944406509399414
2015-07-31,28.260889053344727
2015-08-03,28.17534637451172
2015-08-04,28.132579803466797
2015-08-05,28.40629005432129
2015-08-06,27.747671127319336
2015-08-07,27.37131118774414
2015-08-10,27.525278091430664
2015-08-11,27.542388916015625
2015-08-12,27.234460830688477
2015-08-13,27.696352005004883
2015-08-14,27.952957153320312
2015-08-17,28.466161727905273
2015-08-18,28.53459930419922
2015-08-19,28.765544891357422
2015-08-20,27.83321762084961
2015-08-21,27.12326431274414
2015-08-24,25.908655166625977
2015-08-25,25.746150970458984
2015-08-26,26.789674758911133
2015-08-27,27.22590446472168
2015-08-28,28.423397064208984
2015-08-31,28.483272552490234
2015-09-01,27.61937141418457
2015-09-02,27.696352005004883
2015-09-03,27.841760635375977
2015-09-04,27.71345329284668
2015-09-08,27.773334503173828
2015-09-09,27.82465362548828
2015-09-10,26.917978286743164
2015-09-11,26.83244514465332
2015-09-14,26.849544525146484
2015-09-15,27.441057205200195
2015-09-16,27.8096866607666
2015-09-17,28.14402198791504
2015-09-18,27.621095657348633
2015-09-21,28.066869735717773
2015-09-22,27.7753963470459
2015-09-23,27.96399688720703
2015-09-24,27.26104164123535
2015-09-25,27.1667423248291
2015-09-28,25.889413833618164
2015-09-29,25.63222885131836
2015-09-30,26.172311782836914
2015-10-01,25.906564712524414
2015-10-02,26.57522201538086
2015-10-05,27.389625549316406
2015-10-06,26.618087768554688
2015-10-07,26.198022842407227
2015-10-08,26.918134689331055
2015-10-09,26.626659393310547
2015-10-12,27.029571533203125
2015-10-13,26.403772354125977
2015-10-14,26.4123477935791
2015-10-15,26.935279846191406
2015-10-16,26.532358169555664
2015-10-19,27.106733322143555
2015-10-20,26.90098762512207
2015-10-21,26.42948341369629
2015-10-22,26.03514862060547
2015-10-23,24.423486709594727
2015-10-26,24.783544540405273
2015-10-27,24.063434600830078
2015-10-28,24.62923240661621
2015-10-29,25.88083839416504
2015-10-30,26.198022842407227
2015-11-02,26.060871124267578
2015-11-03,26.47235679626465
2015-11-04,25.68366813659668
2015-11-05,26.163738250732422
2015-11-06,25.94941520690918
2015-11-09,25.44363784790039
2015-11-10,25.82082748413086
2015-11-11,24.937847137451172
2015-11-12,24.577804565429688
2015-11-13,22.54607582092285
2015-11-16,23.043292999267578
2015-11-17,23.077579498291016
2015-11-18,23.711965560913086
2015-11-19,24.15774154663086
2015-11-20,24.70638656616211
2015-11-23,24.85211944580078
2015-11-24,24.73210906982422
2015-11-25,25.409337997436523
2015-11-27,25.255041122436523
2015-11-30,24.089153289794922
2015-12-01,24.483501434326172
2015-12-02,24.774965286254883
2015-12-03,24.577804565429688
2015-12-04,24.99785804748535
2015-12-07,24.69780921936035
2015-12-08,24.80926513671875
2015-12-09,24.62065887451172
2015-12-10,24.449207305908203
2015-12-11,24.200597763061523
2015-12-14,23.960567474365234
2015-12-15,23.831974029541016
2015-12-16,24.20917510986328
2015-12-17,23.29189682006836
2015-12-18,22.820405960083008
2015-12-21,22.94042205810547
2015-12-22,23.56622314453125
2015-12-23,23.523252487182617
2015-12-24,23.213850021362305
2015-12-28,22.990386962890625
2015-12-29,23.626386642456055
2015-12-30,23.35135841369629
2015-12-31,23.050546646118164
2016-01-04,22.586441040039062
2016-01-05,22.57785415649414
2016-01-06,22.12234115600586
2016-01-07,22.087961196899414
2016-01-08,20.369056701660156
2016-01-11,20.63548469543457
2016-01-12,21.02224349975586
2016-01-13,20.231538772583008
2016-01-14,20.773000717163086
2016-01-15,20.953493118286133
2016-01-19,20.85035514831543
2016-01-20,21.589481353759766
2016-01-21,21.49493980407715
2016-01-22,22.027799606323242
2016-01-25,21.75278091430664
2016-01-26,22.43174934387207
2016-01-27,22.14812469482422
2016-01-28,22.320022583007812
2016-01-29,23.10211944580078
2016-02-01,23.10211944580078
2016-02-02,22.981796264648438
2016-02-03,22.23406982421875
2016-02-04,21.941856384277344
2016-02-05,21.11678123474121
2016-02-08,21.048023223876953
2016-02-09,21.13396644592285
2016-02-10,21.211322784423828
2016-02-11,21.168352127075195
2016-02-12,21.812936782836914
2016-02-16,22.483304977416992
2016-02-17,22.990386962890625
2016-02-18,22.844280242919922
2016-02-19,22.732555389404297
2016-02-22,23.162282943725586
2016-02-23,23.3857364654541
2016-02-24,23.970163345336914
2016-02-25,24.099082946777344
2016-02-26,24.14205551147461
2016-02-29,24.3569278717041
2016-03-01,24.365520477294922
2016-03-02,24.460052490234375
2016-03-03,24.700702667236328
2016-03-04,24.821025848388672
2016-03-07,24.941349029541016
2016-03-08,24.649131774902344
2016-03-09,24.666318893432617
2016-03-10,24.40848731994629
2016-03-11,25.173398971557617
2016-03-14,25.10464859008789
2016-03-15,24.90697479248047
2016-03-16,23.04195213317871
2016-03-17,22.981639862060547
2016-03-18,23.51589012145996
2016-03-21,23.533126831054688
2016-03-22,23.29184913635254
2016-03-23,23.05919075012207
2016-03-24,23.076425552368164
2016-03-28,23.73993682861328
2016-03-29,24.360368728637695
2016-03-30,24.170793533325195
2016-03-31,24.377595901489258
2016-04-01,23.938129425048828
2016-04-04,23.153982162475586
2016-04-05,22.783451080322266
2016-04-06,22.904085159301758
2016-04-07,22.12854766845703
2016-04-08,21.775251388549805
2016-04-11,21.99068260192871
2016-04-12,21.93897247314453
2016-04-13,22.33536720275879
2016-04-14,22.404294967651367
2016-04-15,22.576635360717773
2016-04-18,22.654193878173828
2016-04-19,22.464614868164062
2016-04-20,22.654193878173828
2016-04-21,22.231958389282227
2016-04-22,22.30950927734375
2016-04-25,22.12854766845703
2016-04-26,22.75759506225586
2016-04-27,22.559398651123047
2016-04-28,22.042381286621094
2016-04-29,21.723552703857422
2016-05-02,21.732173919677734
2016-05-03,21.55120849609375
2016-05-04,21.456422805786133
2016-05-05,20.663654327392578
2016-05-06,20.973865509033203
2016-05-09,21.240995407104492
2016-05-10,21.09450340270996
2016-05-11,20.05184555053711
2016-05-12,19.8364200592041
2016-05-13,19.86227035522461
2016-05-16,19.81057357788086
2016-05-17,19.103961944580078
2016-05-18,18.914396286010742
2016-05-19,18.966096878051758
2016-05-20,19.215986251831055
2016-05-23,19.017793655395508
2016-05-24,18.578330993652344
2016-05-25,18.50078010559082
2016-05-26,18.71620750427246
2016-05-27,21.91312599182129
2016-05-31,21.077268600463867
2016-06-01,21.361635208129883
2016-06-02,21.706315994262695
2016-06-03,21.63737678527832
2016-06-06,21.46503448486328
2016-06-07,21.55120849609375
2016-06-08,21.723552703857422
2016-06-09,21.51674461364746
2016-06-10,21.31854820251465
2016-06-13,20.887693405151367
2016-06-14,20.922168731689453
2016-06-15,21.336978912353516
2016-06-16,21.069082260131836
2016-06-17,21.164138793945312
2016-06-20,21.155500411987305
2016-06-21,20.835750579833984
2016-06-22,20.47278594970703
2016-06-23,20.43821144104004
2016-06-24,20.47278594970703
2016-06-27,19.73822021484375
2016-06-28,19.80735206604004
2016-06-29,20.567846298217773
2016-06-30,20.922163009643555
2016-07-01,21.05179214477539
2016-07-05,20.723400115966797
2016-07-06,21.164138793945312
2016-07-07,21.32833480834961
2016-07-08,21.976484298706055
2016-07-11,22.840675354003906
2016-07-12,22.927101135253906
2016-07-13,22.961666107177734
2016-07-14,22.89253807067871
2016-07-15,22.918458938598633
2016-07-18,23.480175018310547
2016-07-19,22.89253807067871
2016-07-20,23.281415939331055
2016-07-21,22.788829803466797
2016-07-22,22.63327407836914
2016-07-25,22.953025817871094
2016-07-26,22.944377899169922
2016-07-27,23.22092628479004
2016-07-28,22.85796356201172
2016-07-29,22.745616912841797
2016-08-01,22.460430145263672
2016-08-02,21.93327522277832
2016-08-03,21.699941635131836
2016-08-04,21.233274459838867
2016-08-05,21.812286376953125
2016-08-08,21.8209228515625
2016-08-09,21.181419372558594
2016-08-10,20.948089599609375
2016-08-11,21.38883399963379
2016-08-12,21.45796775817871
2016-08-15,21.71722412109375
2016-08-16,21.553030014038086
2016-08-17,21.864137649536133
2016-08-18,22.278949737548828
2016-08-19,22.417224884033203
2016-08-22,22.40858268737793
2016-08-23,22.667837142944336
2016-08-24,22.322162628173828
2016-08-25,22.062904357910156
2016-08-26,21.93327522277832
2016-08-29,22.235742568969727
2016-08-30,20.965375900268555
2016-08-31,22.417224884033203
2016-09-01,21.302410125732422
2016-09-02,21.38883399963379
2016-09-06,21.276491165161133
2016-09-07,21.578947067260742
2016-09-08,21.795001983642578
2016-09-09,21.311058044433594
2016-09-12,21.78636360168457
2016-09-13,21.41476058959961
2016-09-14,21.380189895629883
2016-09-15,21.900178909301758
2016-09-16,21.605520248413086
2016-09-19,21.804847717285156
2016-09-20,21.484189987182617
2016-09-21,21.752845764160156
2016-09-22,21.943510055541992
2016-09-23,22.160175323486328
2016-09-26,21.813514709472656
2016-09-27,21.874181747436523
2016-09-28,21.605520248413086
2016-09-29,21.328187942504883
2016-09-30,21.917509078979492
2016-10-03,22.03883934020996
2016-10-04,22.212173461914062
2016-10-05,22.740825653076172
2016-10-06,22.55016326904297
2016-10-07,22.593496322631836
2016-10-10,22.83615493774414
2016-10-11,22.65416145324707
2016-10-12,23.087480545043945
2016-10-13,22.688823699951172
2016-10-14,22.671489715576172
2016-10-17,22.29016876220703
2016-10-18,22.01284408569336
2016-10-19,22.264171600341797
2016-10-20,22.22083854675293
2016-10-21,22.177505493164062
2016-10-24,22.30750274658203
2016-10-25,21.96950912475586
2016-10-26,21.85684585571289
2016-10-27,21.076852798461914
2016-10-28,21.10285758972168
2016-10-31,21.67485237121582
2016-11-01,21.180864334106445
2016-11-02,21.146194458007812
2016-11-03,20.972864151000977
2016-11-04,21.024864196777344
2016-11-07,21.432188034057617
2016-11-08,21.536182403564453
2016-11-09,22.576162338256836
2016-11-10,23.581472396850586
2016-11-11,24.5521183013916
2016-11-14,24.838115692138672
2016-11-15,23.63347816467285
2016-11-16,23.57280921936035
2016-11-17,23.884801864624023
2016-11-18,24.02346420288086
2016-11-21,23.668136596679688
2016-11-22,24.65611457824707
2016-11-23,28.157379150390625
2016-11-25,28.642690658569336
2016-11-28,28.651357650756836
2016-11-29,28.209367752075195
2016-11-30,28.3740291595459
2016-12-01,28.426027297973633
2016-12-02,28.495363235473633
2016-12-05,29.05000877380371
2016-12-06,29.29267692565918
2016-12-07,31.060632705688477
2016-12-08,31.12996482849121
2016-12-09,30.84398078918457
2016-12-12,30.705318450927734
2016-12-13,30.39332389831543
2016-12-14,31.086637496948242
2016-12-15,30.219989776611328
2016-12-16,29.959999084472656
2016-12-19,30.271991729736328
2016-12-20,30.861312866210938
2016-12-21,30.36731719970703
2016-12-22,29.082111358642578
2016-12-23,29.273151397705078
2016-12-27,29.203697204589844
2016-12-28,29.082111358642578
2016-12-29,28.795551300048828
2016-12-30,28.500301361083984
2017-01-03,28.31793975830078
2017-01-04,29.056066513061523
2017-01-05,27.779542922973633
2017-01-06,27.180360794067383
2017-01-09,27.22378158569336
2017-01-10,27.675338745117188
2017-01-11,27.293249130249023
2017-01-12,27.015361785888672
2017-01-13,26.980628967285156
2017-01-17,27.362716674804688
2017-01-18,27.388771057128906
2017-01-19,26.615909576416016
2017-01-20,26.720117568969727
2017-01-23,26.555124282836914
2017-01-24,26.859058380126953
2017-01-25,27.23246192932129
2017-01-26,26.364086151123047
2017-01-27,25.834365844726562
2017-01-30,25.869104385375977
2017-01-31,26.70274543762207
2017-02-01,26.563810348510742
2017-02-02,26.650651931762695
2017-02-03,26.624591827392578
2017-02-06,26.329345703125
2017-02-07,25.75621795654297
2017-02-08,26.251188278198242
2017-02-09,27.006683349609375
2017-02-10,27.388771057128906
2017-02-13,26.70274543762207
2017-02-14,26.8330078125
2017-02-15,26.9632625579834
2017-02-16,26.29461097717285
2017-02-17,26.468286514282227
2017-02-21,26.867746353149414
2017-02-22,26.88510513305664
2017-02-23,25.90384292602539
2017-02-24,26.685379028320312
2017-02-27,26.66801643371582
2017-02-28,25.938573837280273
2017-03-01,25.921207427978516
2017-03-02,26.03409194946289
2017-03-03,26.338031768798828
2017-03-06,26.086198806762695
2017-03-07,25.82568359375
2017-03-08,26.29461097717285
2017-03-09,25.973310470581055
2017-03-10,26.8330078125
2017-03-13,26.22513771057129
2017-03-14,26.633275985717773
2017-03-15,27.19772720336914
2017-03-16,27.545082092285156
2017-03-17,24.324960708618164
2017-03-20,22.888952255249023
2017-03-21,22.64527702331543
2017-03-22,22.95858383178711
2017-03-23,23.16745948791504
2017-03-24,23.19356918334961
2017-03-27,23.324113845825195
2017-03-28,23.37632942199707
2017-03-29,23.6722354888916
2017-03-30,23.663530349731445
2017-03-31,22.99339485168457
2017-04-03,22.76711654663086
2017-04-04,22.227535247802734
2017-04-05,21.705350875854492
2017-04-06,22.149206161499023
2017-04-07,22.28845977783203
2017-04-10,22.201419830322266
2017-04-11,22.462512969970703
2017-04-12,22.523427963256836
2017-04-13,22.653976440429688
2017-04-17,22.732309341430664
2017-04-18,22.915067672729492
2017-04-19,23.71575164794922
2017-04-20,24.472915649414062
2017-04-21,24.516429901123047
2017-04-24,24.768810272216797
2017-04-25,24.73400115966797
2017-04-26,25.169153213500977
2017-04-27,25.064716339111328
2017-04-28,25.082124710083008
2017-05-01,24.881954193115234
2017-05-02,24.803627014160156
2017-05-03,24.411989212036133
2017-05-04,23.968135833740234
2017-05-05,24.29014778137207
2017-05-08,24.264039993286133
2017-05-09,24.45550537109375
2017-05-10,24.86454963684082
2017-05-11,23.611310958862305
2017-05-12,22.984689712524414
2017-05-15,22.775821685791016
2017-05-16,22.706199645996094
2017-05-17,22.47121810913086
2017-05-18,22.41899871826172
2017-05-19,21.348527908325195
2017-05-22,22.227535247802734
2017-05-23,21.670536041259766
2017-05-24,21.705350875854492
2017-05-25,21.600914001464844
2017-05-26,23.567794799804688
2017-05-30,24.05516815185547
2017-05-31,23.794071197509766
2017-06-01,24.020355224609375
2017-06-02,23.724451065063477
2017-06-05,23.463359832763672
2017-06-06,22.888952255249023
2017-06-07,23.106531143188477
2017-06-08,23.097835540771484
2017-06-09,23.94202995300293
2017-06-12,24.246633529663086
2017-06-13,24.063867568969727
2017-06-14,24.07257080078125
2017-06-15,23.775924682617188
2017-06-16,23.278587341308594
2017-06-19,23.374561309814453
2017-06-20,22.69399642944336
2017-06-21,22.135595321655273
2017-06-22,22.45842933654785
2017-06-23,22.877233505249023
2017-06-26,23.575244903564453
2017-06-27,23.994043350219727
2017-06-28,24.229623794555664
2017-06-29,24.456470489501953
2017-06-30,24.238353729248047
2017-07-03,24.84038543701172
2017-07-05,24.116201400756836
2017-07-06,23.470539093017578
2017-07-07,23.854440689086914
2017-07-10,23.191341400146484
2017-07-11,23.269865036010742
2017-07-12,23.156435012817383
2017-07-13,23.8806209564209
2017-07-14,23.67994499206543
2017-07-17,23.828269958496094
2017-07-18,23.077911376953125
2017-07-19,23.243684768676758
2017-07-20,23.418184280395508
2017-07-21,23.261137008666992
2017-07-24,22.475879669189453
2017-07-25,23.278587341308594
2017-07-26,23.67994499206543
2017-07-27,24.238353729248047
2017-07-28,24.081296920776367
2017-07-31,23.802101135253906
2017-08-01,23.94169807434082
2017-08-02,22.9993839263916
2017-08-03,22.842329025268555
2017-08-04,22.938312530517578
2017-08-07,23.04300880432129
2017-08-08,23.453088760375977
2017-08-09,22.938312530517578
2017-08-10,22.022172927856445
2017-08-11,22.49332618713379
2017-08-14,22.283926010131836
2017-08-15,21.620820999145508
2017-08-16,21.655719757080078
2017-08-17,21.236909866333008
2017-08-18,20.504003524780273
2017-08-21,19.823442459106445
2017-08-22,21.158384323120117
2017-08-23,21.37652015686035
2017-08-24,22.039623260498047
2017-08-25,22.947025299072266
2017-08-28,22.22284698486328
2017-08-29,21.646989822387695
2017-08-30,23.304763793945312
2017-08-31,23.540342330932617
2017-09-01,24.229623794555664
2017-09-05,23.496715545654297
2017-09-06,23.906795501708984
2017-09-07,23.906795501708984
2017-09-08,23.985319137573242
2017-09-11,24.386680603027344
2017-09-12,24.665884017944336
2017-09-13,25.075960159301758
2017-09-14,24.80548095703125
2017-09-15,25.207822799682617
2017-09-18,24.97166633605957
2017-09-19,24.901700973510742
2017-09-20,25.234067916870117
2017-09-21,25.540205001831055
2017-09-22,25.907556533813477
2017-09-25,26.292415618896484
2017-09-26,26.441104888916016
2017-09-27,26.581052780151367
2017-09-28,26.75598907470703
2017-09-29,26.69475555419922
2017-10-02,27.21956443786621
2017-10-03,27.07086181640625
2017-10-04,26.75598907470703
2017-10-05,26.965898513793945
2017-10-06,26.441104888916016
2017-10-09,25.855073928833008
2017-10-10,26.169960021972656
2017-10-11,25.68014144897461
2017-10-12,24.945430755615234
2017-10-13,24.403135299682617
2017-10-16,23.992048263549805
2017-10-17,24.41188621520996
2017-10-18,24.840469360351562
2017-10-19,24.508092880249023
2017-10-20,25.758872985839844
2017-10-23,26.091243743896484
2017-10-24,26.388620376586914
2017-10-25,26.44985008239746
2017-10-26,26.69475555419922
2017-10-27,26.01251983642578
2017-10-30,24.735511779785156
2017-10-31,23.904569625854492
2017-11-01,23.904569625854492
2017-11-02,24.3419132232666
2017-11-03,24.306926727294922
2017-11-06,24.446870803833008
2017-11-07,23.633432388305664
2017-11-08,23.86958885192871
2017-11-09,24.674280166625977
2017-11-10,25.032896041870117
2017-11-13,24.77049446105957
2017-11-14,24.665538787841797
2017-11-15,24.84921646118164
2017-11-16,25.487720489501953
2017-11-17,27.04462432861328
2017-11-20,27.06212043762207
2017-11-21,27.105846405029297
2017-11-22,26.598541259765625
2017-11-24,26.091243743896484
2017-11-27,26.31865119934082
2017-11-28,27.035879135131836
2017-11-29,28.688995361328125
2017-11-30,28.54905128479004
2017-12-01,27.499448776245117
2017-12-04,28.365371704101562
2017-12-05,27.73560905456543
2017-12-06,27.963024139404297
2017-12-07,28.181692123413086
2017-12-08,28.29539680480957
2017-12-11,28.12920379638672
2017-12-12,27.779340744018555
2017-12-13,28.216672897338867
2017-12-14,27.368247985839844
2017-12-15,28.181692123413086
2017-12-18,28.83768081665039
2017-12-19,28.496562957763672
2017-12-20,28.54905128479004
2017-12-21,29.24003028869629
2017-12-22,29.12608528137207
2017-12-26,29.599395751953125
2017-12-27,29.248794555664062
2017-12-28,29.40656280517578
2017-12-29,29.345211029052734
2018-01-02,29.415328979492188
2018-01-03,28.547592163085938
2018-01-04,28.267122268676758
2018-01-05,28.30217742919922
2018-01-08,28.284650802612305
2018-01-09,27.96034049987793
2018-01-10,28.37229347229004
2018-01-11,28.87189483642578
2018-01-12,29.275089263916016
2018-01-16,27.77627944946289
2018-01-17,28.01292610168457
2018-01-18,28.01292610168457
2018-01-19,28.8105411529541
2018-01-22,28.985841751098633
2018-01-23,28.153165817260742
2018-01-24,27.71492576599121
2018-01-25,27.33802604675293
2018-01-26,27.39061737060547
2018-01-29,27.346792221069336
2018-01-30,26.4965877532959
2018-01-31,25.979454040527344
2018-02-01,25.7866268157959
2018-02-02,25.234426498413086
2018-02-05,24.419281005859375
2018-02-06,24.84000587463379
2018-02-07,25.295780181884766
2018-02-08,24.74358367919922
2018-02-09,25.88303565979004
2018-02-12,25.383424758911133
2018-02-13,25.62885284423828
2018-02-14,25.725265502929688
2018-02-15,26.058334350585938
2018-02-16,25.620086669921875
2018-02-20,25.04159927368164
2018-02-21,25.094188690185547
2018-02-22,25.278247833251953
2018-02-23,25.418487548828125
2018-02-26,26.110925674438477
2018-02-27,24.93641471862793
2018-02-28,24.550756454467773
2018-03-01,24.647174835205078
2018-03-02,24.95394515991211
2018-03-05,25.120481491088867
2018-03-06,25.462316513061523
2018-03-07,25.22566032409668
2018-03-08,24.235214233398438
2018-03-09,24.80494499206543
2018-03-12,24.892587661743164
2018-03-13,25.49737548828125
2018-03-14,28.196992874145508
2018-03-15,27.53961753845215
2018-03-16,27.987634658813477
2018-03-19,28.725540161132812
2018-03-20,28.927589416503906
2018-03-21,28.945148468017578
2018-03-22,28.66404914855957
2018-03-23,28.426862716674805
2018-03-26,29.287757873535156
2018-03-27,29.296531677246094
2018-03-28,29.700618743896484
2018-03-29,29.516141891479492
2018-04-02,28.901233673095703
2018-04-03,29.199909210205078
2018-04-04,30.15742301940918
2018-04-05,31.071022033691406
2018-04-06,30.552734375
2018-04-09,30.40339469909668
2018-04-10,30.956823348999023
2018-04-11,30.754770278930664
2018-04-12,30.570289611816406
2018-04-13,29.937816619873047
2018-04-16,29.92024040222168
2018-04-17,29.858749389648438
2018-04-18,29.867534637451172
2018-04-19,29.63914680480957
2018-04-20,28.62012481689453
2018-04-23,28.549850463867188
2018-04-24,28.444429397583008
2018-04-25,28.514707565307617
2018-04-26,29.270177841186523
2018-04-27,29.551294326782227
2018-04-30,28.751893997192383
2018-05-01,28.488359451293945
2018-05-02,28.901233673095703
2018-05-03,28.435646057128906
2018-05-04,28.69040298461914
2018-05-07,28.6289119720459
2018-05-08,29.489797592163086
2018-05-09,29.990516662597656
2018-05-10,29.76211929321289
2018-05-11,30.350683212280273
2018-05-14,30.96560287475586
2018-05-15,30.40339469909668
2018-05-16,31.66836929321289
2018-05-17,31.492679595947266
2018-05-18,31.56294822692871
2018-05-21,31.554166793823242
2018-05-22,31.044658660888672
2018-05-23,31.03587532043457
2018-05-24,31.527816772460938
2018-05-25,31.66836929321289
2018-05-29,31.273067474365234
2018-05-30,31.448766708374023
2018-05-31,31.150074005126953
2018-06-01,30.394596099853516
2018-06-04,30.16620445251465
2018-06-05,30.7811279296875
2018-06-06,30.456090927124023
2018-06-07,30.631792068481445
2018-06-08,30.745983123779297
2018-06-11,30.649356842041016
2018-06-12,30.623008728027344
2018-06-13,30.148635864257812
2018-06-14,29.779685974121094
2018-06-15,29.542011260986328
2018-06-18,29.70046615600586
2018-06-19,29.744474411010742
2018-06-20,30.74798011779785
2018-06-21,31.689884185791016
2018-06-22,31.4169921875
2018-06-25,31.047286987304688
2018-06-26,31.67228126525879
2018-06-27,30.924049377441406
2018-06-28,31.01207160949707
2018-06-29,30.272647857666016
2018-07-02,30.47509765625
2018-07-03,30.7831974029541
2018-07-05,30.756792068481445
2018-07-06,30.959260940551758
2018-07-09,30.527915954589844
2018-07-10,30.448694229125977
2018-07-11,29.86771011352539
2018-07-12,28.93461799621582
2018-07-13,29.542011260986328
2018-07-16,29.5244083404541
2018-07-17,30.255029678344727
2018-07-18,31.487422943115234
2018-07-19,31.91875457763672
2018-07-20,31.38178825378418
2018-07-23,31.61065101623535
2018-07-24,30.792001724243164
2018-07-25,30.81841278076172
2018-07-26,30.5455322265625
2018-07-27,29.295536041259766
2018-07-30,29.365962982177734
2018-07-31,29.480392456054688
2018-08-01,29.084266662597656
2018-08-02,29.823701858520508
2018-08-03,30.0085506439209
2018-08-06,30.334251403808594
2018-08-07,30.536724090576172
2018-08-08,30.7039737701416
2018-08-09,30.888839721679688
2018-08-10,31.161718368530273
2018-08-13,31.06488609313965
2018-08-14,32.63178253173828
2018-08-15,31.663469314575195
2018-08-16,31.452207565307617
2018-08-17,32.041996002197266
2018-08-20,32.61417007446289
2018-08-21,33.380008697509766
2018-08-22,33.64408874511719
2018-08-23,33.8465576171875
2018-08-24,32.922271728515625
2018-08-27,32.640586853027344
2018-08-28,33.67930221557617
2018-08-29,34.18985366821289
2018-08-30,35.255001068115234
2018-08-31,35.633514404296875
2018-09-04,35.52789306640625
2018-09-05,32.70220184326172
2018-09-06,32.05080032348633
2018-09-07,31.60185432434082
2018-09-10,32.16523742675781
2018-09-11,33.57367706298828
2018-09-12,32.85184097290039
2018-09-13,32.7550163269043
2018-09-14,32.5786247253418
2018-09-17,32.38460922241211
2018-09-18,31.873077392578125
2018-09-19,31.740785598754883
2018-09-20,31.06171226501465
2018-09-21,30.841217041015625
2018-09-24,30.59427833557129
2018-09-25,30.603103637695312
2018-09-26,31.361570358276367
2018-09-27,31.723148345947266
2018-09-28,31.626136779785156
2018-10-01,31.04405975341797
2018-10-02,29.67707061767578
2018-10-03,29.835819244384766
2018-10-04,29.63296890258789
2018-10-05,29.527132034301758
2018-10-08,29.68588638305664
2018-10-09,30.303234100341797
2018-10-10,29.65943145751953
2018-10-11,29.668251037597656
2018-10-12,30.188579559326172
2018-10-15,30.25031852722168
2018-10-16,30.638376235961914
2018-10-17,30.05630111694336
2018-10-18,29.333114624023438
2018-10-19,28.31006622314453
2018-10-22,29.218463897705078
2018-10-23,28.99797821044922
2018-10-24,28.989154815673828
2018-10-25,29.641788482666016
2018-10-26,29.192005157470703
2018-10-29,29.747617721557617
2018-10-30,30.85003662109375
2018-10-31,30.16213035583496
2018-11-01,31.167530059814453
2018-11-02,31.317459106445312
2018-11-05,32.56981658935547
2018-11-06,32.98432540893555
2018-11-07,32.51688766479492
2018-11-08,33.213623046875
2018-11-09,32.08475112915039
2018-11-12,32.31405258178711
2018-11-13,31.68787384033203
2018-11-14,30.603103637695312
2018-11-15,29.871089935302734
2018-11-16,29.5888729095459
2018-11-19,28.301244735717773
2018-11-20,27.366395950317383
2018-11-21,24.949901580810547
2018-11-23,25.58489227294922
2018-11-26,26.10523223876953
2018-11-27,26.85488510131836
2018-11-28,27.33993911743164
2018-11-29,26.890153884887695
2018-11-30,26.660852432250977
2018-12-03,27.19001007080078
2018-12-04,25.98176383972168
2018-12-06,26.687307357788086
2018-12-07,26.096416473388672
2018-12-10,26.26398277282715
2018-12-11,26.17579460144043
2018-12-12,26.413908004760742
2018-12-13,25.258575439453125
2018-12-14,24.95871925354004
2018-12-17,25.293855667114258
2018-12-18,25.329132080078125
2018-12-19,24.985177993774414
2018-12-20,24.579486846923828
2018-12-21,23.907527923583984
2018-12-24,23.9782657623291
2018-12-26,25.224924087524414
2018-12-27,24.791688919067383
2018-12-28,24.880102157592773
2018-12-31,24.606014251708984
2019-01-02,25.136503219604492
2019-01-03,24.94198989868164
2019-01-04,25.72005271911621
2019-01-07,26.471582412719727
2019-01-08,26.639568328857422
2019-01-09,26.754512786865234
2019-01-10,26.4273738861084
2019-01-11,26.32127571105957
2019-01-14,26.586519241333008
2019-01-15,26.701459884643555
2019-01-16,26.78104019165039
2019-01-17,26.666088104248047
2019-01-18,26.701459884643555
2019-01-22,25.24260711669922
2019-01-23,25.180715560913086
2019-01-24,25.339862823486328
2019-01-25,25.42827796936035
2019-01-28,25.375232696533203
2019-01-29,26.188648223876953
2019-01-30,26.25054359436035
2019-01-31,26.383161544799805
2019-02-01,26.179805755615234
2019-02-04,25.98529815673828
2019-02-05,26.047189712524414
2019-02-06,25.437122344970703
2019-02-07,25.003887176513672
2019-02-08,25.07461929321289
2019-02-11,25.98529815673828
2019-02-12,26.480424880981445
2019-02-13,26.365480422973633
2019-02-14,25.693519592285156
2019-02-15,26.038347244262695
2019-02-19,26.37432289123535
2019-02-20,25.98529815673828
2019-02-21,26.162118911743164
2019-02-22,26.117919921875
2019-02-25,26.294750213623047
2019-02-26,26.25054359436035
2019-02-27,27.17890739440918
2019-02-28,27.49720001220703
2019-03-01,27.417625427246094
2019-03-04,27.002073287963867
2019-03-05,26.913658142089844
2019-03-06,26.41853141784668
2019-03-07,25.773101806640625
2019-03-08,24.305404663085938
2019-03-11,24.234670639038086
2019-03-12,24.03131866455078
2019-03-13,24.314245223999023
2019-03-14,23.969423294067383
2019-03-15,23.51850700378418
2019-03-18,23.995946884155273
2019-03-19,22.837703704833984
2019-03-20,22.82887077331543
2019-03-21,22.766971588134766
2019-03-22,20.786470413208008
2019-03-25,21.15005111694336
2019-03-26,20.85741424560547
2019-03-27,21.65552520751953
2019-03-28,21.903831481933594
2019-03-29,21.894960403442383
2019-04-01,22.45363998413086
2019-04-02,22.098926544189453
2019-04-03,22.39156723022461
2019-04-04,22.950246810913086
2019-04-05,23.038928985595703
2019-04-08,22.577791213989258
2019-04-09,22.054584503173828
2019-04-10,22.914779663085938
2019-04-11,22.870433807373047
2019-04-12,22.932510375976562
2019-04-15,23.668554306030273
2019-04-16,24.511003494262695
2019-04-17,24.058738708496094
2019-04-18,24.431196212768555
2019-04-22,23.934585571289062
2019-04-23,24.10308265686035
2019-04-24,24.7415771484375
2019-04-25,23.916851043701172
2019-04-26,23.934585571289062
2019-04-29,23.55327033996582
2019-04-30,23.260622024536133
2019-05-01,22.8349609375
2019-05-02,23.038928985595703
2019-05-03,23.774965286254883
2019-05-06,23.69515609741211
2019-05-07,22.923641204833984
2019-05-08,22.675342559814453
2019-05-09,22.90590476989746
2019-05-10,22.622133255004883
2019-05-13,21.19439125061035
2019-05-14,21.23873519897461
2019-05-15,21.247600555419922
2019-05-16,21.079113006591797
2019-05-17,20.351938247680664
2019-05-20,20.183448791503906
2019-05-21,20.786474227905273
2019-05-22,20.05929183959961
2019-05-23,19.057218551635742
2019-05-24,18.83552360534668
2019-05-28,18.294570922851562
2019-05-29,17.74476432800293
2019-05-30,17.25702476501465
2019-05-31,16.72494888305664
2019-06-03,17.194944381713867
2019-06-04,17.549671173095703
2019-06-05,16.52985382080078
2019-06-06,16.778154373168945
2019-06-07,17.168344497680664
2019-06-10,17.700422286987305
2019-06-11,17.806838989257812
2019-06-12,17.274763107299805
2019-06-13,17.82457733154297
2019-06-14,17.735584259033203
2019-06-17,17.39742088317871
2019-06-18,17.370729446411133
2019-06-19,16.302858352661133
2019-06-20,16.391849517822266
2019-06-21,16.70330810546875
2019-06-24,16.6588077545166
2019-06-25,16.729999542236328
2019-06-26,17.39742088317871
2019-06-27,17.691091537475586
2019-06-28,17.726682662963867
2019-07-01,17.477516174316406
2019-07-02,16.85459327697754
2019-07-03,17.121557235717773
2019-07-05,17.25503921508789
2019-07-08,16.810089111328125
2019-07-09,15.991388320922852
2019-07-10,16.080379486083984
2019-07-11,15.644335746765137
2019-07-12,16.391849517822266
2019-07-15,17.17494773864746
2019-07-16,17.28173828125
2019-07-17,16.32065773010254
2019-07-18,15.973596572875977
2019-07-19,16.026988983154297
2019-07-22,16.24946403503418
2019-07-23,16.471933364868164
2019-07-24,16.68551254272461
2019-07-25,16.080379486083984
2019-07-26,16.29395866394043
2019-07-29,16.587621688842773
2019-07-30,16.641016006469727
2019-07-31,16.71220588684082
2019-08-01,14.798932075500488
2019-08-02,14.113714218139648
2019-08-05,13.490789413452148
2019-08-06,13.517488479614258
2019-08-07,13.392902374267578
2019-08-08,13.446296691894531
2019-08-09,13.188227653503418
2019-08-12,12.930154800415039
2019-08-13,13.686568260192871
2019-08-14,13.312808990478516
2019-08-15,13.072540283203125
2019-08-16,13.668766975402832
2019-08-19,13.926835060119629
2019-08-20,13.535284042358398
2019-08-21,13.579777717590332
2019-08-22,14.238303184509277
2019-08-23,13.268316268920898
2019-08-26,13.561979293823242
2019-08-27,16.81899070739746
2019-08-28,17.406322479248047
2019-08-29,17.993650436401367
2019-08-30,17.931360244750977
2019-09-03,18.091543197631836
2019-09-04,17.842369079589844
2019-09-05,18.70556640625
2019-09-06,19.408586502075195
2019-09-09,19.675556182861328
2019-09-10,20.387466430664062
2019-09-11,20.22679901123047
2019-09-12,19.81618881225586
2019-09-13,19.834041595458984
2019-09-16,20.387468338012695
2019-09-17,19.71800422668457
2019-09-18,19.47699546813965
2019-09-19,19.41451644897461
2019-09-20,19.30739402770996
2019-09-23,20.512434005737305
2019-09-24,20.78022003173828
2019-09-25,21.110492706298828
2019-09-26,20.539209365844727
2019-09-27,20.69095802307129
2019-09-30,20.896263122558594
2019-10-01,20.22679901123047
2019-10-02,19.405582427978516
2019-10-03,19.9411563873291
2019-10-04,19.173505783081055
2019-10-07,19.271692276000977
2019-10-08,19.084238052368164
2019-10-09,19.057462692260742
2019-10-10,18.887861251831055
2019-10-11,19.70014762878418
2019-10-14,19.19135856628418
2019-10-15,19.111013412475586
2019-10-16,19.289546966552734
2019-10-17,19.25383758544922
2019-10-18,19.18242835998535
2019-10-21,19.81618881225586
2019-10-22,19.932231903076172
2019-10-23,19.985794067382812
2019-10-24,19.44129180908203
2019-10-25,20.021495819091797
2019-10-28,20.119680404663086
2019-10-29,20.164310455322266
2019-10-30,19.789409637451172
2019-10-31,19.209211349487305
2019-11-01,20.057199478149414
2019-11-04,20.682029724121094
2019-11-05,21.556798934936523
2019-11-06,21.39613151550293
2019-11-07,21.762104034423828
2019-11-08,21.99418830871582
2019-11-11,21.93170738220215
2019-11-12,21.351499557495117
2019-11-13,20.914113998413086
2019-11-14,21.21761131286621
2019-11-15,21.637136459350586
2019-11-18,21.048004150390625
2019-11-19,20.101825714111328
2019-11-20,20.021495819091797
2019-11-21,20.101825714111328
2019-11-22,19.762632369995117
2019-11-25,19.842967987060547
2019-11-26,20.289281845092773
2019-11-27,19.70907974243164
2019-11-29,19.53947639465332
2019-12-02,19.298473358154297
2019-12-03,18.950347900390625
2019-12-04,19.00390625
2019-12-05,19.19135856628418
2019-12-06,19.91438102722168
2019-12-09,20.673110961914062
2019-12-10,20.539209365844727
2019-12-11,19.91438102722168
2019-12-12,20.31606101989746
2019-12-13,19.851896286010742
2019-12-16,19.97686004638672
2019-12-17,20.280353546142578
2019-12-18,20.78914451599121
2019-12-19,20.307132720947266
2019-12-20,20.824846267700195
2019-12-23,21.281463623046875
2019-12-24,21.066587448120117
2019-12-26,21.138212203979492
2019-12-27,21.102397918701172
2019-12-30,21.5500545501709
2019-12-31,21.2635555267334
2020-01-02,21.147167205810547
2020-01-03,21.218791961669922
2020-01-06,21.09343719482422
2020-01-07,20.878568649291992
2020-01-08,20.52044677734375
2020-01-09,20.216045379638672
2020-01-10,20.063840866088867
2020-01-13,19.5177001953125
2020-01-14,19.57142448425293
2020-01-15,18.882036209106445
2020-01-16,19.669904708862305
2020-01-17,19.508750915527344
2020-01-21,19.365503311157227
2020-01-22,19.07004737854004
2020-01-23,18.667163848876953
2020-01-24,17.986732482910156
2020-01-27,17.915102005004883
2020-01-28,17.825571060180664
2020-01-29,16.79596519470215
2020-01-30,15.891708374023438
2020-01-31,15.712647438049316
2020-02-03,15.963333129882812
2020-02-04,15.82008171081543
2020-02-05,16.47365379333496
2020-02-06,16.41098403930664
2020-02-07,15.909615516662598
2020-02-10,15.587302207946777
2020-02-11,15.748456001281738
2020-02-12,16.18716049194336
2020-02-13,16.061811447143555
2020-02-14,12.776040077209473
2020-02-18,12.525351524353027
2020-02-19,12.346288681030273
2020-02-20,12.731269836425781
2020-02-21,11.746435165405273
2020-02-24,11.236109733581543
2020-02-25,10.672065734863281
2020-02-26,10.099068641662598
2020-02-27,9.964773178100586
2020-02-28,10.322896957397461
2020-03-02,9.911053657531738
2020-03-03,9.1858549118042
2020-03-04,9.221668243408203
2020-03-05,8.612858772277832
2020-03-06,8.505420684814453
2020-03-09,8.165204048156738
2020-03-10,8.35322093963623
2020-03-11,7.6190667152404785
2020-03-12,7.046070098876953
2020-03-13,6.258199691772461
2020-03-16,4.440725803375244
2020-03-17,2.9786455631256104
2020-03-18,3.105783462524414
2020-03-19,4.368074893951416
2020-03-20,4.640512466430664
2020-03-23,4.141044616699219
2020-03-24,5.239873886108398
2020-03-25,5.648530960083008
2020-03-26,5.5304741859436035
2020-03-27,5.267117977142334
2020-03-30,4.9311113357543945
2020-03-31,4.722243785858154
2020-04-01,3.459951400756836
2020-04-02,3.2510828971862793
2020-04-03,3.0603766441345215
2020-04-06,3.8232009410858154
2020-04-07,5.049167633056641
2020-04-08,5.357930660247803
2020-04-09,4.9765167236328125
2020-04-13,5.194468021392822
2020-04-14,5.875560283660889
2020-04-15,5.457823753356934
2020-04-16,4.713161468505859
2020-04-17,5.1218180656433105
2020-04-20,5.130899429321289
2020-04-21,4.749487400054932
2020-04-22,4.631430625915527
2020-04-23,4.658675193786621
2020-04-24,5.031006336212158
2020-04-27,5.485066890716553
2020-04-28,5.739343166351318
2020-04-29,7.700888156890869
2020-04-30,7.364882946014404
2020-05-01,6.647465705871582
2020-05-04,6.411354064941406
2020-05-05,5.957291126251221
2020-05-06,5.52139139175415
2020-05-07,5.8483171463012695
2020-05-08,6.6293044090271
2020-05-11,6.2297282218933105
2020-05-12,6.184321880340576
2020-05-13,5.33976936340332
2020-05-14,5.367010593414307
2020-05-15,5.357930660247803
2020-05-18,6.2297282218933105
2020-05-19,5.966374397277832
2020-05-20,5.975455284118652
2020-05-21,6.184321880340576
2020-05-22,6.147998809814453
2020-05-26,6.711034297943115
2020-05-27,7.5465087890625
2020-05-28,6.974389553070068
2020-05-29,6.511247158050537
2020-06-01,6.792765140533447
2020-06-02,7.165095806121826
2020-06-03,7.755377769470215
2020-06-04,8.618094444274902
2020-06-05,9.253782272338867
2020-06-08,9.862222671508789
2020-06-09,9.181130409240723
2020-06-10,8.027812004089355
2020-06-11,6.837830066680908
2020-06-12,7.075826644897461
2020-06-15,7.863045692443848
2020-06-16,8.467190742492676
2020-06-17,7.80812406539917
2020-06-18,7.789817810058594
2020-06-19,7.313823699951172
2020-06-22,7.405360698699951
2020-06-23,7.734894275665283
2020-06-24,7.213131904602051
2020-06-25,7.295516014099121
2020-06-26,6.947674751281738
2020-06-29,7.322978496551514
2020-06-30,7.634201526641846
2020-07-01,7.249747276306152
2020-07-02,7.387054443359375
2020-07-06,7.2772088050842285
2020-07-07,6.7737531661987305
2020-07-08,6.682217597961426
2020-07-09,6.197070121765137
2020-07-10,6.581525802612305
2020-07-13,6.389297008514404
2020-07-14,6.242837429046631
2020-07-15,6.920212268829346
2020-07-16,7.048365116119385
2020-07-17,6.792060852050781
2020-07-20,6.325221061706543
2020-07-21,6.892752170562744
2020-07-22,6.892752170562744
2020-07-23,7.066673278808594
2020-07-24,6.700524806976318
2020-07-27,6.251992225646973
2020-07-28,6.1879167556762695
2020-07-29,6.389297008514404
2020-07-30,6.023148059844971
2020-07-31,5.775998592376709
2020-08-03,5.611231327056885
2020-08-04,5.849227428436279
2020-08-05,6.023148059844971
2020-08-06,5.693615913391113
2020-08-07,6.059763431549072
2020-08-10,6.608987808227539
2020-08-11,6.892752170562744
2020-08-12,7.048365116119385
2020-08-13,6.746293067932129
2020-08-14,6.810368061065674
2020-08-17,6.801214694976807
2020-08-18,6.334375858306885
2020-08-19,6.297760009765625
2020-08-20,6.041456699371338
2020-08-21,5.8858418464660645
2020-08-24,6.123839378356934
2020-08-25,6.30691385269165
2020-08-26,6.398451805114746
2020-08-27,6.599833011627197
2020-08-28,7.103288650512695
2020-08-31,7.149057865142822
2020-09-01,8.009507179260254
2020-09-02,9.474102020263672
2020-09-03,9.17203140258789
2020-09-04,9.025569915771484
2020-09-08,8.677728652954102
2020-09-09,8.494651794433594
2020-09-10,8.365527153015137
2020-09-11,8.448535919189453
2020-09-14,9.112614631652832
2020-09-15,9.666011810302734
2020-09-16,10.385429382324219
2020-09-17,10.062613487243652
2020-09-18,10.145624160766602
2020-09-21,9.536884307861328
2020-09-22,9.693680763244629
2020-09-23,9.158731460571289
2020-09-24,8.891255378723145
2020-09-25,8.706788063049316
2020-09-28,8.909704208374023
2020-09-29,8.688339233398438
2020-09-30,8.817469596862793
2020-10-01,9.038830757141113
2020-10-02,9.463099479675293
2020-10-05,9.38008975982666
2020-10-06,8.928150177001953
2020-10-07,9.158731460571289
2020-10-08,9.38008975982666
2020-10-09,9.28785514831543
2020-10-12,9.084942817687988
2020-10-13,8.651449203491211
2020-10-14,8.743682861328125
2020-10-15,8.937372207641602
2020-10-16,8.549992561340332
2020-10-19,8.291742324829102
2020-10-20,8.208728790283203
2020-10-21,8.070381164550781
2020-10-22,8.789800643920898
2020-10-23,8.909704208374023
2020-10-26,8.503876686096191
2020-10-27,8.457758903503418
2020-10-28,7.9228081703186035
2020-10-29,7.664557933807373
2020-10-30,7.083489894866943
2020-11-02,7.4431986808776855
2020-11-03,7.913585662841797
2020-11-04,7.397082805633545
2020-11-05,7.913585662841797
2020-11-06,7.655334949493408
2020-11-09,9.52766227722168
2020-11-10,9.915040016174316
2020-11-11,9.78591251373291
2020-11-12,9.121840476989746
2020-11-13,9.536884307861328
2020-11-16,10.892708778381348
2020-11-17,11.243193626403809
2020-11-18,11.233972549438477
2020-11-19,12.100961685180664
2020-11-20,11.519895553588867
2020-11-23,11.372322082519531
2020-11-24,12.16552448272705
2020-11-25,11.418436050415039
2020-11-27,11.058727264404297
2020-11-30,10.855818748474121
2020-12-01,10.920378684997559
2020-12-02,10.846593856811523
2020-12-03,11.39077091217041
2020-12-04,12.368439674377441
2020-12-07,11.667465209960938
2020-12-08,11.898048400878906
2020-12-09,12.16552448272705
2020-12-10,11.722805976867676
2020-12-11,11.695137023925781
2020-12-14,12.017950057983398
2020-12-15,12.276204109191895
2020-12-16,12.091737747192383
2020-12-17,12.220863342285156
2020-12-18,12.257757186889648
2020-12-21,12.276301383972168
2020-12-22,12.211397171020508
2020-12-23,12.563737869262695
2020-12-24,12.498833656311035
2020-12-28,13.463134765625
2020-12-29,13.778386116027832
2020-12-30,14.0009183883667
2020-12-31,14.510885238647461
2021-01-04,13.472407341003418
2021-01-05,13.936014175415039
2021-01-06,14.91886043548584
2021-01-07,14.520159721374512
2021-01-08,14.408892631530762
2021-01-11,14.974491119384766
2021-01-12,15.512274742126465
2021-01-13,15.206298828125
2021-01-14,16.30967903137207
2021-01-15,15.660627365112305
2021-01-19,15.623544692993164
2021-01-20,15.781170845031738
2021-01-21,15.50300121307373
2021-01-22,15.540095329284668
2021-01-25,15.799714088439941
2021-01-26,14.622151374816895
2021-01-27,13.741297721862793
2021-01-28,14.167818069458008
2021-01-29,14.0101900100708
2021-02-01,13.834017753601074
2021-02-02,14.038006782531738
2021-02-03,14.186361312866211
2021-02-04,14.520159721374512
2021-02-05,14.770505905151367
2021-02-08,14.937403678894043
2021-02-09,14.742688179016113
2021-02-10,14.761232376098633
2021-02-11,14.640694618225098
2021-02-12,14.427438735961914
2021-02-16,14.622151374816895
2021-02-17,14.195631980895996
2021-02-18,14.232721328735352
2021-02-19,14.325443267822266
2021-02-22,15.382465362548828
2021-02-23,15.150662422180176
2021-02-24,16.2818660736084
2021-02-25,15.252654075622559
2021-02-26,14.705599784851074
2021-03-01,15.76262092590332
2021-03-02,15.401013374328613
2021-03-03,15.966612815856934
2021-03-04,15.419554710388184
2021-03-05,16.133508682250977
2021-03-08,17.162717819213867
2021-03-09,17.10708236694336
2021-03-10,17.144174575805664
2021-03-11,16.791833877563477
2021-03-12,17.283248901367188
2021-03-15,17.5985050201416
2021-03-16,16.96799659729004
2021-03-17,17.3667049407959
2021-03-18,16.66202163696289
2021-03-19,17.50578498840332
2021-03-22,19.48074722290039
2021-03-23,17.515058517456055
2021-03-24,16.705379486083984
2021-03-25,18.52947425842285
2021-03-26,19.339155197143555
2021-03-29,19.069263458251953
2021-03-30,19.878938674926758
2021-03-31,20.288429260253906
2021-04-01,20.102296829223633
2021-04-05,19.543899536132812
2021-04-06,19.422914505004883
2021-04-07,19.292619705200195
2021-04-08,19.106489181518555
2021-04-09,19.869632720947266
2021-04-12,20.8375186920166
2021-04-13,20.856128692626953
2021-04-14,21.684425354003906
2021-04-15,22.512710571289062
2021-04-16,22.1962833404541
2021-04-19,21.088796615600586
2021-04-20,20.474559783935547
2021-04-21,21.47037124633789
2021-04-22,21.3028507232666
2021-04-23,22.177671432495117
2021-04-26,21.358692169189453
2021-04-27,22.512710571289062
2021-04-28,23.164169311523438
2021-04-29,22.44756507873535
2021-04-30,21.693727493286133
2021-05-03,22.494096755981445
2021-05-04,22.661619186401367
2021-05-05,23.303773880004883
2021-05-06,23.731874465942383
2021-05-07,24.74629783630371
2021-05-10,23.573667526245117
2021-05-11,23.843557357788086
2021-05-12,21.963619232177734
2021-05-13,22.76399040222168
2021-05-14,24.16928482055664
2021-05-17,25.053417205810547
2021-05-18,24.206514358520508
2021-05-19,23.378225326538086
2021-05-20,22.81052017211914
2021-05-21,22.79190444946289
2021-05-24,23.108335494995117
2021-05-25,22.745376586914062
2021-05-26,24.70907211303711
2021-05-27,25.388456344604492
2021-05-28,23.341001510620117
2021-06-01,25.891014099121094
2021-06-02,25.574588775634766
2021-06-03,25.06272315979004
2021-06-04,24.29958152770996
2021-06-07,25.481521606445312
2021-06-08,26.188827514648438
2021-06-09,25.49083137512207
2021-06-10,24.744394302368164
2021-06-11,26.04132652282715
2021-06-14,25.714763641357422
2021-06-15,24.65108299255371
2021-06-16,24.669748306274414
2021-06-17,24.128582000732422
2021-06-18,23.58741569519043
2021-06-21,24.8936767578125
2021-06-22,25.789400100708008
2021-06-23,26.386554718017578
2021-06-24,26.5451717376709
2021-06-25,26.050655364990234
2021-06-28,25.089616775512695
2021-06-29,24.744394302368164
2021-06-30,25.462839126586914
2021-07-01,26.125301361083984
2021-07-02,25.58413314819336
2021-07-06,24.455148696899414
2021-07-07,23.494110107421875
2021-07-08,23.195531845092773
2021-07-09,24.6137638092041
2021-07-12,24.68840789794922
2021-07-13,23.764690399169922
2021-07-14,23.363483428955078
2021-07-15,22.49574851989746
2021-07-16,21.404085159301758
2021-07-19,20.89090919494629
2021-07-20,22.103866577148438
2021-07-21,23.2421875
2021-07-22,22.626373291015625
2021-07-23,23.092899322509766
2021-07-26,23.512765884399414
2021-07-27,22.663700103759766
2021-07-28,22.80365562438965
2021-07-29,23.10222816467285
2021-07-30,23.083568572998047
2021-08-02,23.10222816467285
2021-08-03,23.494110107421875
2021-08-04,21.189485549926758
2021-08-05,21.945253372192383
2021-08-06,22.31847381591797
2021-08-09,21.553375244140625
2021-08-10,22.729015350341797
2021-08-11,22.449094772338867
2021-08-12,22.31847381591797
2021-08-13,21.95458221435547
2021-08-16,22.038558959960938
2021-08-17,21.460067749023438
2021-08-18,22.066547393798828
2021-08-19,21.991899490356445
2021-08-20,22.253154754638672
2021-08-23,22.131866455078125
2021-08-24,23.260847091674805
2021-08-25,22.952939987182617
2021-08-26,22.15985679626465
2021-08-27,23.120885848999023
2021-08-30,23.195531845092773
2021-08-31,22.943613052368164
2021-09-01,23.90464973449707
2021-09-02,23.382144927978516
2021-09-03,22.635705947875977
2021-09-07,22.038558959960938
2021-09-08,20.99354362487793
2021-09-09,21.704872131347656
2021-09-10,21.19009017944336
2021-09-13,20.7969913482666
2021-09-14,20.32901382446289
2021-09-15,20.918670654296875
2021-09-16,20.8250675201416
2021-09-17,20.8250675201416
2021-09-20,20.834436416625977
2021-09-21,21.39600944519043
2021-09-22,22.519155502319336
2021-09-23,22.85610008239746
2021-09-24,21.826547622680664
2021-09-27,22.90290069580078
2021-09-28,22.640830993652344
2021-09-29,22.959054946899414
2021-09-30,20.7969913482666
2021-10-01,21.35856819152832
2021-10-04,21.52704620361328
2021-10-05,21.302410125732422
2021-10-06,20.47876739501953
2021-10-07,21.040340423583984
2021-10-08,20.47876739501953
2021-10-11,20.47876739501953
2021-10-12,21.096500396728516
2021-10-13,20.909311294555664
2021-10-14,21.44280433654785
2021-10-15,20.731477737426758
2021-10-18,21.45216941833496
2021-10-19,21.42408561706543
2021-10-20,21.04970359802246
2021-10-21,21.79846954345703
2021-10-22,21.629995346069336
2021-10-25,22.21965217590332
2021-10-26,21.573841094970703
2021-10-27,21.07777976989746
2021-10-28,21.639354705810547
2021-10-29,21.583200454711914
2021-11-01,22.949695587158203
2021-11-02,23.19304656982422
2021-11-03,24.381715774536133
2021-11-04,24.20388412475586
2021-11-05,24.8964900970459
2021-11-08,24.625064849853516
2021-11-09,25.2708740234375
2021-11-10,24.419153213500977
2021-11-11,24.55954360961914
2021-11-12,25.055604934692383
2021-11-15,24.97136878967285
2021-11-16,25.52358627319336
2021-11-17,25.7575740814209
2021-11-18,26.9649600982666
2021-11-19,24.69057846069336
2021-11-22,26.20683479309082
2021-11-23,26.01963996887207
2021-11-24,25.61717987060547
2021-11-26,23.65166664123535
2021-11-29,23.11817169189453
2021-11-30,22.09797477722168
2021-12-01,20.99354362487793
2021-12-02,21.807830810546875
2021-12-03,21.321128845214844
2021-12-06,21.498960494995117
2021-12-07,22.61275291442871
2021-12-08,22.322607040405273
2021-12-09,21.639354705810547
2021-12-10,21.77975082397461
2021-12-13,20.647239685058594
2021-12-14,20.72211456298828
2021-12-15,21.218170166015625
2021-12-16,20.4506893157959
2021-12-17,20.506853103637695
2021-12-20,19.729999542236328
2021-12-21,20.265274047851562
2021-12-22,20.528213500976562
2021-12-23,20.528213500976562
2021-12-27,21.157398223876953
2021-12-28,21.148008346557617
2021-12-29,21.523637771606445
2021-12-30,21.467294692993164
2021-12-31,21.298259735107422
2022-01-03,21.91805076599121
2022-01-04,21.983789443969727
2022-01-05,21.42972755432129
2022-01-06,21.570594787597656
2022-01-07,21.204349517822266
2022-01-10,20.85689353942871
2022-01-11,21.77718734741211
2022-01-12,21.589370727539062
2022-01-13,21.983789443969727
2022-01-14,21.739622116088867
2022-01-18,21.692672729492188
2022-01-19,22.162214279174805
2022-01-20,20.85689353942871
2022-01-21,20.659687042236328
2022-01-24,22.800783157348633
2022-01-25,22.688095092773438
2022-01-26,22.02134895324707
2022-01-27,21.908660888671875
2022-01-28,21.673891067504883
2022-01-31,22.51905632019043
2022-02-01,22.82895278930664
2022-02-02,21.598764419555664
2022-02-03,21.11043930053711
2022-02-04,21.00714683532715
2022-02-07,21.054100036621094
2022-02-08,22.0025691986084
2022-02-09,22.06830406188965
2022-02-10,21.711454391479492
2022-02-11,21.157398223876953
2022-02-14,20.847501754760742
2022-02-15,21.880489349365234
2022-02-16,21.373384475708008
2022-02-17,20.377967834472656
2022-02-18,20.38735580444336
2022-02-22,19.3637638092041
2022-02-23,19.044475555419922
2022-02-24,20.03050422668457
2022-02-25,19.70182991027832
2022-02-28,19.4952335357666
2022-03-01,18.396514892578125
2022-03-02,19.326194763183594
2022-03-03,19.12899398803711
2022-03-04,18.18991470336914
2022-03-07,16.837650299072266
2022-03-08,17.842453002929688
2022-03-09,18.725189208984375
2022-03-10,19.006914138793945
2022-03-11,18.452857971191406
2022-03-14,18.255653381347656
2022-03-15,18.527984619140625
2022-03-16,19.93659210205078
2022-03-17,19.729997634887695
2022-03-18,19.382545471191406
2022-03-21,18.471637725830078
2022-03-22,18.762754440307617
2022-03-23,18.56485366821289
2022-03-24,18.593122482299805
2022-03-25,19.04546356201172
2022-03-28,18.960651397705078
2022-03-29,19.771093368530273
2022-03-30,18.611970901489258
2022-03-31,18.216175079345703
2022-04-01,18.404651641845703
2022-04-04,19.318754196166992
2022-04-05,18.97949981689453
2022-04-06,18.508312225341797
2022-04-07,19.036043167114258
2022-04-08,19.37529754638672
2022-04-11,19.535503387451172
2022-04-12,19.780519485473633
2022-04-13,20.072656631469727
2022-04-14,20.214017868041992
2022-04-18,20.85483169555664
2022-04-19,21.872602462768555
2022-04-20,22.004535675048828
2022-04-21,21.59930992126465
2022-04-22,20.68520164489746
2022-04-25,21.17523956298828
2022-04-26,20.873682022094727
2022-04-27,21.684125900268555
2022-04-28,22.240131378173828
2022-04-29,21.608736038208008
2022-05-02,22.419179916381836
2022-05-03,22.48514175415039
2022-05-04,22.90921974182129
2022-05-05,23.059995651245117
2022-05-06,22.75843620300293
2022-05-09,22.334369659423828
2022-05-10,22.070497512817383
2022-05-11,22.013959884643555
2022-05-12,22.918642044067383
2022-05-13,23.182504653930664
2022-05-16,23.191930770874023
2022-05-17,24.256816864013672
2022-05-18,22.664199829101562
2022-05-19,22.635929107666016
2022-05-20,22.10819435119629
2022-05-23,21.137544631958008
2022-05-24,19.72397804260254
2022-05-25,25.623268127441406
2022-05-26,25.971946716308594
2022-05-27,27.922670364379883
2022-05-31,26.820085525512695
2022-06-01,26.461984634399414
2022-06-02,27.01798439025879
2022-06-03,27.319549560546875
2022-06-06,27.14049530029297
2022-06-07,27.34781837463379
2022-06-08,26.82951545715332
2022-06-09,27.679738998413086
2022-06-10,26.045412063598633
2022-06-13,25.847023010253906
2022-06-14,26.66891098022461
2022-06-15,26.39495086669922
2022-06-16,24.656700134277344
2022-06-17,25.166837692260742
2022-06-21,26.574445724487305
2022-06-22,25.346328735351562
2022-06-23,25.19517707824707
2022-06-24,26.961772918701172
2022-06-27,26.782276153564453
2022-06-28,25.714765548706055
2022-06-29,25.3179874420166
2022-06-30,24.788955688476562
2022-07-01,24.269367218017578
2022-07-05,25.667530059814453
2022-07-06,24.2032413482666
2022-07-07,24.98734474182129
2022-07-08,24.949556350708008
2022-07-11,24.45831298828125
2022-07-12,24.911771774291992
2022-07-13,25.251859664916992
2022-07-14,24.67559242248535
2022-07-15,25.09126091003418
2022-07-18,25.45024871826172
2022-07-19,26.13987922668457
2022-07-20,26.47052574157715
2022-07-21,26.187118530273438
2022-07-22,25.57305908203125
2022-07-25,25.403013229370117
2022-07-26,22.616147994995117
2022-07-27,23.164072036743164
2022-07-28,23.39080047607422
2022-07-29,23.44748306274414
2022-08-01,24.439420700073242
2022-08-02,24.156009674072266
2022-08-03,24.618913650512695
2022-08-04,24.902320861816406
2022-08-05,24.855085372924805
2022-08-08,26.602783203125
2022-08-09,26.026519775390625
2022-08-10,27.027896881103516
2022-08-11,28.114309310913086
2022-08-12,28.048175811767578
2022-08-15,27.415225982666016
2022-08-16,28.31269073486328
2022-08-17,28.199325561523438
2022-08-18,28.737808227539062
2022-08-19,28.454397201538086
2022-08-22,28.586652755737305
2022-08-23,28.142648696899414
2022-08-24,23.768680572509766
2022-08-25,25.28965187072754
2022-08-26,25.280202865600586
2022-08-29,25.26130485534668
2022-08-30,23.976512908935547
2022-08-31,24.10877227783203
2022-09-01,23.636423110961914
2022-09-02,23.57973861694336
2022-09-06,23.61752700805664
2022-09-07,24.5433349609375
2022-09-08,24.41071891784668
2022-09-09,24.353879928588867
2022-09-12,25.73686981201172
2022-09-13,24.164432525634766
2022-09-14,23.2455997467041
2022-09-15,23.482412338256836
2022-09-16,23.615028381347656
2022-09-19,24.098127365112305
2022-09-20,24.060237884521484
2022-09-21,24.173906326293945
2022-09-22,23.91815185546875
2022-09-23,23.63397216796875
2022-09-26,22.146785736083984
2022-09-27,22.771970748901367
2022-09-28,23.766584396362305
2022-09-29,23.596080780029297
2022-09-30,22.942474365234375
2022-10-03,23.302431106567383
2022-10-04,24.4012451171875
2022-10-05,24.211793899536133
2022-10-06,24.079179763793945
2022-10-07,23.472936630249023
2022-10-10,23.19823455810547
2022-10-11,23.83289337158203
2022-10-12,23.520299911499023
2022-10-13,23.586610794067383
2022-10-14,23.586610794067383
2022-10-17,24.26862907409668
2022-10-18,24.533863067626953
2022-10-19,24.136014938354492
2022-10-20,23.94656753540039
2022-10-21,24.960128784179688
2022-10-24,24.732784271240234
2022-10-25,25.424280166625977
2022-10-26,25.386390686035156
2022-10-27,26.106300354003906
2022-10-28,26.134721755981445
2022-10-31,25.888437271118164
2022-11-01,26.11577796936035
2022-11-02,25.092741012573242
2022-11-03,25.130632400512695
2022-11-04,25.471643447875977
2022-11-07,25.443227767944336
2022-11-08,25.083267211914062
2022-11-09,23.776058197021484
2022-11-10,25.462167739868164
2022-11-11,25.822126388549805
2022-11-14,25.168521881103516
2022-11-15,25.888437271118164
2022-11-16,24.903291702270508
2022-11-17,25.168521881103516
2022-11-18,26.16314125061035
2022-11-21,26.03052520751953
2022-11-22,26.125246047973633
2022-11-23,23.520299911499023
2022-11-25,23.236125946044922
2022-11-28,22.771970748901367
2022-11-29,23.084562301635742
2022-11-30,22.885639190673828
2022-12-01,21.029022216796875
2022-12-02,21.133220672607422
2022-12-05,21.37950325012207
2022-12-06,21.881553649902344
2022-12-07,21.928913116455078
2022-12-08,21.50265121459961
2022-12-09,20.943771362304688
2022-12-12,20.479618072509766
2022-12-13,20.47014617919922
2022-12-14,20.233333587646484
2022-12-15,19.10610008239746
2022-12-16,18.585115432739258
2022-12-19,19.00189971923828
2022-12-20,18.604055404663086
2022-12-21,20.13458824157715
2022-12-22,20.42928695678711
2022-12-23,20.685962677001953
2022-12-27,20.666946411132812
2022-12-28,20.125080108642578
2022-12-29,20.743000030517578
2022-12-30,21.180295944213867
2023-01-03,20.790531158447266
2023-01-04,21.11374855041504
2023-01-05,21.08523178100586
2023-01-06,21.66512107849121
2023-01-09,21.522525787353516
2023-01-10,21.589069366455078
2023-01-11,21.5605525970459
2023-01-12,22.026371002197266
2023-01-13,22.701322555541992
2023-01-17,21.769695281982422
2023-01-18,21.360919952392578
2023-01-19,21.08523178100586
2023-01-20,21.931306838989258
2023-01-23,22.720335006713867
2023-01-24,22.66329574584961
2023-01-25,23.20516586303711
2023-01-26,23.86110496520996
2023-01-27,23.880117416381836
2023-01-30,23.87061309814453
2023-01-31,24.73569679260254
2023-02-01,24.8022403717041
2023-02-02,25.800413131713867
2023-02-03,25.477195739746094
2023-02-06,24.003704071044922
2023-02-07,24.231853485107422
2023-02-08,23.347759246826172
2023-02-09,22.767868041992188
2023-02-10,22.625272750854492
2023-02-13,22.91997528076172
2023-02-14,23.499860763549805
2023-02-15,25.334598541259766
2023-02-16,24.84977149963379
2023-02-17,24.669153213500977
2023-02-21,24.621618270874023
2023-02-22,24.73569679260254
2023-02-23,24.859277725219727
2023-02-24,24.421981811523438
2023-02-27,24.07975196838379
2023-02-28,24.821250915527344
2023-03-01,24.440994262695312
2023-03-02,25.134965896606445
2023-03-03,25.23002815246582
2023-03-06,23.91814422607422
2023-03-07,24.726186752319336
2023-03-08,24.355438232421875
2023-03-09,24.070247650146484
2023-03-10,22.748857498168945
2023-03-13,21.769695281982422
2023-03-14,22.064388275146484
2023-03-15,22.311559677124023
2023-03-16,22.197481155395508
2023-03-17,20.99016571044922
2023-03-20,21.075725555419922
2023-03-21,21.180295944213867
2023-03-22,20.493675231933594
2023-03-23,20.0073184967041
2023-03-24,20.283876419067383
2023-03-27,20.140832901000977
2023-03-28,20.52228546142578
2023-03-29,20.341093063354492
2023-03-30,20.312482833862305
2023-03-31,20.62718391418457
2023-04-03,21.151683807373047
2023-04-04,20.932348251342773
2023-04-05,20.684406280517578
2023-04-06,20.445995330810547
2023-04-10,20.90373992919922
2023-04-11,21.618968963623047
2023-04-12,20.970495223999023
2023-04-13,20.693941116333008
2023-04-14,20.999107360839844
2023-04-17,21.01818084716797
2023-04-18,21.046781539916992
2023-04-19,21.418703079223633
2023-04-20,21.943206787109375
2023-04-21,22.238832473754883
2023-04-24,21.905057907104492
2023-04-25,20.684406280517578
2023-04-26,21.44731330871582
2023-04-27,21.638042449951172
2023-04-28,21.742938995361328
2023-05-01,21.952741622924805
2023-05-02,22.06717872619629
2023-05-03,21.84783935546875
2023-05-04,21.208906173706055
2023-05-05,21.895524978637695
2023-05-08,21.35194969177246
2023-05-09,21.17075538635254
2023-05-10,21.332876205444336
2023-05-11,21.68572425842285
2023-05-12,21.752479553222656
2023-05-15,22.04810905456543
2023-05-16,21.828765869140625
2023-05-17,22.324657440185547
2023-05-18,22.324657440185547
2023-05-19,20.512746810913086
2023-05-22,19.883352279663086
2023-05-23,19.787986755371094
2023-05-24,19.330236434936523
2023-05-25,17.65183448791504
2023-05-26,17.451570510864258
2023-05-30,17.07011604309082
2023-05-31,16.45979118347168
2023-06-01,17.01289939880371
2023-06-02,18.32891845703125
2023-06-05,18.605472564697266
2023-06-06,20.27433967590332
2023-06-07,21.67618751525879
2023-06-08,22.18317413330078
2023-06-09,22.79538917541504
2023-06-12,23.388471603393555
2023-06-13,24.058080673217773
2023-06-14,23.895462036132812
2023-06-15,23.751976013183594
2023-06-16,23.608489990234375
2023-06-20,23.369340896606445
2023-06-21,23.952857971191406
2023-06-22,23.771108627319336
2023-06-23,23.139760971069336
2023-06-26,23.187591552734375
2023-06-27,23.005836486816406
2023-06-28,22.489282608032227
2023-06-29,23.254549026489258
2023-06-30,22.891048431396484
2023-07-03,23.598918914794922
2023-07-05,23.034536361694336
2023-07-06,22.546680450439453
2023-07-07,23.091930389404297
2023-07-10,23.828502655029297
2023-07-11,24.56507110595703
2023-07-12,24.63203239440918
2023-07-13,24.268529891967773
2023-07-14,24.45027732849121
2023-07-17,24.8520450592041
2023-07-18,25.636444091796875
2023-07-19,25.66514015197754
2023-07-20,25.44512939453125
2023-07-21,25.20598030090332
2023-07-24,25.44512939453125
2023-07-25,25.69384002685547
2023-07-26,25.80862808227539
2023-07-27,25.540786743164062
2023-07-28,25.990375518798828
2023-07-31,25.866025924682617
2023-08-01,25.760799407958984
2023-08-02,25.320768356323242
2023-08-03,26.038209915161133
2023-08-04,26.411277770996094
2023-08-07,26.286922454833984
2023-08-08,25.98081398010254
2023-08-09,25.942550659179688
2023-08-10,24.78508186340332
2023-08-11,25.03380012512207
2023-08-14,25.64600944519043
2023-08-15,25.703407287597656
2023-08-16,26.009510040283203
2023-08-17,25.69384002685547
2023-08-18,25.69384002685547
2023-08-21,25.3781681060791
2023-08-22,24.67985725402832
2023-08-23,23.943294525146484
2023-08-24,23.101497650146484
2023-08-25,23.16845703125
2023-08-28,22.852785110473633
2023-08-29,23.598918914794922
2023-08-30,23.656312942504883
2023-08-31,27.42525863647461
2023-09-01,28.52532386779785
2023-09-05,26.765213012695312
2023-09-06,26.60259246826172
2023-09-07,26.516284942626953
2023-09-08,26.736852645874023
2023-09-11,26.842342376708984
2023-09-12,26.113506317138672
2023-09-13,25.710725784301758
2023-09-14,26.928653717041016
2023-09-15,26.161457061767578
2023-09-18,25.394254684448242
2023-09-19,25.26958656311035
2023-09-20,25.34630584716797
2023-09-21,25.26958656311035
2023-09-22,25.9121150970459
2023-09-25,26.142276763916016
2023-09-26,25.88334846496582
2023-09-27,26.10391616821289
2023-09-28,26.784805297851562
2023-09-29,27.58077049255371
2023-10-02,27.27389144897461
2023-10-03,26.573820114135742
2023-10-04,25.84498405456543
2023-10-05,25.5189266204834
2023-10-06,25.432619094848633
2023-10-09,25.355899810791016
2023-10-10,26.746440887451172
2023-10-11,27.062910079956055
2023-10-12,26.30530548095703
2023-10-13,25.873754501342773
2023-10-16,26.650541305541992
2023-10-17,27.532821655273438
2023-10-18,27.30266571044922
2023-10-19,26.27653694152832
2023-10-20,25.63400650024414
2023-10-23,24.953121185302734
2023-10-24,24.818857192993164
2023-10-25,24.70377540588379
2023-10-26,24.924346923828125
2023-10-27,24.233869552612305
2023-10-30,24.176328659057617
2023-10-31,24.531158447265625
2023-11-01,24.13796615600586
2023-11-02,25.23122787475586
2023-11-03,26.784805297851562
2023-11-06,25.701135635375977
2023-11-07,25.92170524597168
2023-11-08,25.34630584716797
2023-11-09,25.202457427978516
2023-11-10,24.924346923828125
2023-11-13,25.01066017150879
2023-11-14,26.142276763916016
2023-11-15,26.391613006591797
2023-11-16,24.914758682250977
2023-11-17,26.30530548095703
2023-11-20,26.353256225585938
2023-11-21,28.683622360229492
2023-11-22,27.484872817993164
2023-11-24,27.667081832885742
2023-11-27,27.935598373413086
2023-11-28,28.46305274963379
2023-11-29,29.748106002807617
2023-11-30,29.11516761779785
2023-12-01,29.911136627197266
2023-12-04,30.400226593017578
2023-12-05,28.242483139038086
2023-12-06,26.97660255432129
2023-12-07,27.676671981811523
2023-12-08,27.130043029785156
2023-12-11,27.379383087158203
2023-12-12,27.590364456176758
2023-12-13,28.10822296142578
2023-12-14,28.654848098754883
2023-12-15,29.057628631591797
2023-12-18,29.000083923339844
2023-12-19,30.14129638671875
2023-12-20,29.22821617126465
2023-12-21,29.843341827392578
2023-12-22,29.35316276550293
2023-12-26,30.054792404174805
2023-12-27,30.36236000061035
2023-12-28,30.43924903869629
2023-12-29,29.53577995300293
2024-01-02,29.708782196044922
2024-01-03,28.75725555419922
2024-01-04,28.718809127807617
2024-01-05,28.3343563079834
2024-01-08,28.968706130981445
2024-01-09,28.987930297851562
2024-01-10,29.497333526611328
2024-01-11,29.007152557373047
2024-01-12,28.295909881591797
2024-01-16,28.161348342895508
2024-01-17,28.065237045288086
2024-01-18,28.267078399658203
2024-01-19,28.401634216308594
2024-01-22,29.372385025024414
2024-01-23,29.218603134155273
2024-01-24,29.42044448852539
2024-01-25,30.150911331176758
2024-01-26,30.44886016845703
2024-01-29,30.44886016845703
2024-01-30,31.227380752563477
2024-01-31,30.150911331176758
2024-02-01,30.84292984008789
2024-02-02,30.698753356933594
2024-02-05,30.573808670043945
2024-02-06,31.16971778869629
2024-02-07,31.342716217041016
2024-02-08,32.30385971069336
2024-02-09,33.00548553466797
2024-02-12,35.41794204711914
2024-02-13,34.78359603881836
2024-02-14,35.985008239746094
2024-02-15,36.725093841552734
2024-02-16,36.67703628540039
2024-02-20,35.42756271362305
2024-02-21,34.908538818359375
2024-02-22,33.976234436035156
2024-02-23,34.524085998535156
2024-02-26,35.74473571777344
2024-02-27,36.350250244140625
2024-02-28,35.936954498291016
2024-02-29,37.10955810546875
2024-03-01,37.19605255126953
2024-03-04,37.42672348022461
2024-03-05,36.725093841552734
2024-03-06,35.89851379394531
2024-03-07,36.31180191040039
2024-03-08,35.91773223876953
2024-03-11,35.763954162597656
2024-03-12,36.45597457885742
2024-03-13,37.33061218261719
2024-03-14,36.85003662109375
2024-03-15,37.48439025878906
2024-03-18,37.263328552246094
2024-03-19,38.05146789550781
2024-03-20,38.493587493896484
2024-03-21,39.512393951416016
2024-03-22,38.88764953613281
2024-03-25,38.15719223022461
2024-03-26,37.916908264160156
2024-03-27,39.5633659362793
2024-03-28,39.50560760498047
2024-04-01,38.6486701965332
2024-04-02,36.82887649536133
2024-04-03,36.64595031738281
2024-04-04,35.69272232055664
2024-04-05,35.72160720825195
2024-04-08,35.654212951660156
2024-04-09,35.18242263793945
2024-04-10,34.460289001464844
2024-04-11,34.8165283203125
2024-04-12,34.11365509033203
2024-04-15,33.74777603149414
2024-04-16,33.8151741027832
2024-04-17,33.41078567504883
2024-04-18,33.555206298828125
2024-04-19,33.94997024536133
2024-04-22,34.489173889160156
2024-04-23,36.31857681274414
2024-04-24,35.365360260009766
2024-04-25,35.03799057006836
2024-04-26,35.56755828857422
2024-04-29,36.31857681274414
2024-04-30,35.461647033691406
2024-05-01,34.787654876708984
2024-05-02,35.211307525634766
2024-05-03,35.59644317626953
2024-05-06,36.32820129394531
2024-05-07,36.6844596862793
2024-05-08,37.59916305541992
2024-05-09,38.06132888793945
2024-05-10,36.66520690917969
2024-05-13,36.76148986816406
2024-05-14,36.89628601074219
2024-05-15,36.89628601074219
2024-05-16,35.471275329589844
2024-05-17,35.22092819213867
2024-05-20,35.095767974853516
2024-05-21,35.095767974853516
2024-05-22,34.67211151123047
2024-05-23,34.8165283203125
2024-05-24,36.203033447265625
2024-05-28,36.077877044677734
2024-05-29,35.32684326171875
2024-05-30,34.85504913330078
2024-05-31,33.39152526855469
2024-06-03,34.2677116394043
2024-06-04,32.640499114990234
2024-06-05,32.630855560302734
2024-06-06,31.936168670654297
2024-06-07,31.704612731933594
2024-06-10,31.6660099029541
2024-06-11,32.47648239135742
2024-06-12,32.92030334472656
2024-06-13,33.35448455810547
2024-06-14,33.06502914428711
2024-06-17,32.765933990478516
2024-06-18,32.72733688354492
2024-06-20,32.28351593017578
2024-06-21,33.074676513671875
2024-06-24,33.383426666259766
2024-06-25,32.18703079223633
2024-06-26,31.955469131469727
2024-06-27,32.31245803833008
2024-06-28,32.4185905456543
2024-07-01,31.4151554107666
2024-07-02,31.453750610351562
2024-07-03,31.52128791809082
2024-07-05,30.67223358154297
2024-07-08,31.637069702148438
2024-07-09,30.643287658691406
2024-07-10,31.11605453491211
2024-07-11,32.408939361572266
2024-07-12,31.85898208618164
2024-07-15,31.511638641357422
2024-07-16,33.16151809692383
2024-07-17,33.18081283569336
2024-07-18,33.28694152832031
2024-07-19,32.823822021484375
2024-07-22,34.43510055541992
2024-07-23,35.2938117980957
2024-07-24,35.22626876831055
2024-07-25,35.380645751953125
2024-07-26,36.0270881652832
2024-07-29,35.75693130493164
2024-07-30,36.403377532958984
2024-07-31,37.204193115234375
2024-08-01,36.0270881652832
2024-08-02,34.145652770996094
2024-08-05,33.682533264160156
2024-08-06,34.184242248535156
2024-08-07,33.605342864990234
2024-08-08,34.11670684814453
2024-08-09,35.21662521362305
2024-08-12,35.59291076660156
2024-08-13,35.35169982910156
2024-08-14,35.853416442871094
2024-08-15,39.41366958618164
2024-08-16,40.378509521484375
2024-08-19,40.88987731933594
2024-08-20,40.07940673828125
2024-08-21,41.02495574951172
2024-08-22,40.71620559692383
2024-08-23,42.42396926879883
2024-08-26,42.066978454589844
2024-08-27,42.28889846801758
2024-08-28,40.75480270385742
2024-08-29,41.227577209472656
2024-08-30,40.6486701965332
2024-09-03,38.52602005004883
2024-09-04,38.36199951171875
2024-09-05,38.14973831176758
2024-09-06,37.445396423339844
2024-09-09,36.39372634887695
2024-09-10,35.747283935546875
2024-09-11,35.94024658203125
2024-09-12,29.167083740234375
2024-09-13,30.75308609008789
2024-09-16,31.207616806030273
2024-09-17,31.78786277770996
2024-09-18,31.874900817871094
2024-09-19,32.40679168701172
2024-09-20,32.36811447143555
2024-09-23,31.139921188354492
2024-09-24,31.333337783813477
2024-09-25,31.207616806030273
2024-09-26,32.242393493652344
2024-09-27,32.29074478149414
2024-09-30,31.961938858032227
2024-10-01,31.807205200195312
2024-10-02,30.93683624267578
2024-10-03,30.182512283325195
2024-10-04,31.439716339111328
2024-10-07,30.898155212402344
2024-10-08,30.956174850463867
2024-10-09,30.75308609008789
2024-10-10,30.66605567932129
2024-10-11,31.62346649169922
2024-10-14,31.46872901916504
2024-10-15,32.06831359863281
2024-10-16,32.70659255981445
2024-10-17,32.80329895019531
2024-10-18,32.019962310791016
2024-10-21,29.950416564941406
2024-10-22,28.886629104614258
2024-10-23,28.48045539855957
2024-10-24,28.064613342285156
2024-10-25,27.774490356445312
2024-10-28,29.67963409423828
2024-10-29,29.76667022705078
2024-10-30,29.6119384765625
2024-10-31,28.867290496826172
2024-11-01,28.4417724609375
2024-11-04,28.15165138244629
2024-11-05,28.209674835205078
2024-11-06,29.157411575317383
2024-11-07,29.254119873046875
2024-11-08,28.809263229370117
2024-11-11,30.25988006591797
2024-11-12,30.80144500732422
2024-11-13,30.71440887451172
2024-11-14,29.41852378845215
2024-11-15,29.534574508666992
2024-11-18,28.857616424560547
2024-11-19,28.78025245666504
2024-11-20,28.770580291748047
2024-11-21,29.457204818725586
2024-11-22,30.482309341430664
2024-11-25,31.720170974731445
2024-11-26,30.056795120239258
2024-11-27,30.588685989379883
2024-11-29,30.0471248626709
2024-12-02,31.284982681274414
2024-12-03,31.401033401489258
2024-12-04,32.10700225830078
2024-12-05,25.69527244567871
2024-12-06,26.28519058227539
2024-12-09,26.082103729248047
2024-12-10,26.082103729248047
2024-12-11,25.21173095703125
2024-12-12,23.886837005615234
2024-12-13,24.186630249023438
2024-12-16,23.026132583618164
2024-12-17,23.09383201599121
2024-12-18,22.445886611938477
2024-12-19,21.710908889770508
2024-12-20,22.755353927612305
2024-12-23,22.184776306152344
2024-12-24,22.368520736694336
2024-12-26,22.861732482910156
2024-12-27,22.735639572143555
2024-12-30,22.25066375732422
2024-12-31,22.464054107666016
2025-01-02,21.814186096191406
2025-01-03,21.212818145751953
2025-01-06,21.17401885986328
2025-01-07,21.40680694580078
2025-01-08,20.921831130981445
2025-01-10,20.514450073242188
2025-01-13,19.767589569091797
2025-01-14,19.757892608642578
2025-01-15,19.92278289794922
2025-01-16,19.53480339050293
2025-01-17,19.156518936157227
2025-01-21,19.088626861572266
2025-01-22,19.175922393798828
2025-01-23,19.53480339050293
2025-01-24,19.437808990478516
2025-01-27,19.18562126159668
2025-01-28,18.778240203857422
2025-01-29,18.467859268188477
2025-01-30,18.49695587158203
2025-01-31,17.779190063476562
2025-02-03,16.66374969482422
2025-02-04,16.644350051879883
2025-02-05,17.168123245239258
2025-02-06,16.72194480895996
2025-02-07,16.178773880004883
2025-02-10,16.857738494873047
2025-02-11,16.799543380737305
2025-02-12,16.557052612304688
2025-02-13,16.964435577392578
2025-02-14,16.809240341186523
2025-02-18,15.994483947753906
2025-02-19,16.508554458618164
2025-02-20,16.304866790771484
2025-02-21,15.790793418884277
2025-02-24,15.839292526245117
2025-02-25,16.178773880004883
2025-02-26,16.05267906188965
2025-02-27,15.538607597351074
2025-02-28,15.674400329589844
2025-03-03,15.616201400756836
2025-03-04,15.829590797424316
2025-03-05,15.936288833618164
2025-03-06,16.36306381225586
2025-03-07,16.838340759277344
2025-03-10,16.760744094848633
2025-03-11,15.325217247009277
2025-03-12,14.976035118103027
2025-03-13,14.811142921447754
2025-03-14,15.005132675170898
2025-03-17,15.878089904785156
2025-03-18,15.742295265197754
2025-03-19,15.897488594055176
2025-03-20,16.333965301513672
2025-03-21,16.004180908203125
2025-03-24,17.07112693786621
2025-03-25,16.760744094848633
2025-03-26,17.129323959350586
2025-03-27,17.440946578979492
2025-03-28,16.8469181060791
2025-03-31,16.778751373291016
2025-04-01,17.24618148803711
2025-04-02,17.363039016723633
2025-04-03,15.113537788391113
2025-04-04,15.668610572814941
2025-04-07,15.600443840026855
2025-04-08,14.383179664611816
2025-04-09,16.622941970825195
2025-04-10,15.804943084716797
2025-04-11,15.522537231445312
2025-04-14,15.171966552734375
2025-04-15,14.675322532653809
2025-04-16,14.022870063781738
2025-04-17,14.860347747802734
2025-04-21,14.879823684692383
2025-04-22,14.91877555847168
2025-04-23,14.646108627319336
2025-04-24,15.29856014251709
2025-04-25,15.074584007263184
2025-04-28,15.210918426513672
2025-04-29,15.094060897827148
2025-04-30,14.84087085723877
2025-05-01,14.938251495361328
2025-05-02,15.473848342895508
2025-05-05,14.860347747802734
2025-05-06,14.022870063781738
2025-05-07,14.529251098632812
2025-05-08,15.279085159301758
2025-05-09,14.675322532653809
2025-05-12,16.94430160522461
2025-05-13,17.051420211791992
2025-05-14,17.022205352783203
2025-05-15,17.07089614868164
2025-05-16,17.353303909301758
2025-05-19,16.642419815063477
2025-05-20,16.827444076538086
2025-05-21,15.795204162597656
2025-05-22,16.07761001586914
2025-05-23,15.542013168334961
2025-05-27,16.13603973388672
2025-05-28,15.951014518737793
2025-05-29,13.029583930969238
2025-05-30,13.097750663757324
2025-06-02,12.834820747375488
2025-06-03,13.010107040405273
2025-06-04,12.990630149841309
2025-06-05,12.873156547546387
2025-06-06,13.28431510925293
2025-06-09,13.998947143554688
2025-06-10,14.028314590454102
2025-06-11,13.186421394348145
2025-06-12,12.882946014404297
2025-06-13,12.05084228515625
2025-06-16,13.245157241821289
2025-06-17,13.117894172668457
2025-06-18,12.853577613830566
2025-06-20,12.315156936645508
2025-06-23,12.285787582397461
2025-06-24,12.305366516113281
2025-06-25,12.109579086303711
2025-06-26,12.138946533203125
2025-06-27,12.275999069213867
2025-06-30,11.962736129760742
2025-07-01,12.931893348693848
2025-07-02,13.587788581848145
2025-07-03,13.734630584716797
2025-07-07,12.980840682983398
2025-07-08,13.529050827026367
2025-07-09,13.812947273254395
2025-07-10,14.175156593322754
2025-07-11,14.370946884155273
2025-07-14,13.97936725616455
2025-07-15,13.108104705810547
2025-07-16,13.108104705810547
2025-07-17,13.440945625305176
2025-07-18,13.431158065795898
2025-07-21,13.685683250427246
2025-07-22,14.811471939086914
2025-07-23,15.389052391052246
2025-07-24,14.850630760192871
2025-07-25,15.075787544250488
2025-07-28,15.310735702514648
2025-07-29,14.615683555603027
2025-07-30,14.067472457885742
2025-07-31,13.440945625305176
2025-08-01,12.892736434936523
2025-08-04,13.577998161315918
2025-08-05,13.372419357299805
2025-08-06,13.607367515563965
2025-08-07,13.519262313842773
2025-08-08,13.29410457611084
2025-08-11,13.431158065795898
2025-08-12,14.370946884155273
2025-08-13,14.82126235961914
2025-08-14,14.282840728759766
2025-08-15,14.321999549865723
2025-08-18,14.361157417297363
2025-08-19,14.419894218444824
2025-08-20,14.361157417297363
2025-08-21,14.429683685302734
2025-08-22,15.183473587036133
2025-08-25,14.958314895629883
2025-08-26,14.73315715789795
2025-08-27,15.17368221282959
2025-08-28,15.046419143676758
2025-08-29,14.684208869934082
2025-09-02,14.488419532775879
2025-09-03,14.635261535644531
2025-09-04,13.940208435058594
2025-09-05,15.36947250366211
2025-09-08,15.300946235656738
2025-09-09,14.928946495056152
2025-09-10,15.251998901367188
2025-09-11,15.41841983795166
2025-09-12,14.64159870147705
2025-09-15,15.339754104614258
2025-09-16,14.946426391601562
2025-09-17,14.946426391601562
2025-09-18,14.739930152893066
2025-09-19,14.081107139587402
2025-09-22,14.031942367553711
2025-09-23,13.68778133392334
2025-09-24,13.707446098327637
2025-09-25,13.087957382202148
2025-09-26,13.422284126281738
2025-09-29,12.832294464111328
2025-09-30,12.822461128234863
2025-10-01,13.028958320617676
2025-10-02,13.30428695678711
2025-10-03,14.061441421508789
2025-10-06,13.697613716125488
2025-10-07,12.832294464111328
2025-10-08,13.333786010742188
2025-10-09,13.048624038696289
2025-10-10,11.662145614624023
2025-10-13,12.41930103302002
2025-10-14,12.733962059020996
2025-10-15,12.80279541015625
2025-10-16,12.478300094604492
2025-10-17,12.261970520019531
2025-10-20,12.320969581604004
2025-10-21,12.556965827941895
2025-10-22,12.075139999389648
2025-10-23,12.606130599975586
2025-10-24,12.36030101776123
2025-10-27,12.330802917480469
2025-10-28,12.29146957397461
2025-10-29,11.603147506713867
2025-10-30,10.796825408935547
2025-10-31,10.855826377868652
2025-11-03,10.826326370239258
2025-11-04,10.226503372192383
2025-11-05,11.190154075622559
2025-11-06,10.855826377868652
2025-11-07,11.111488342285156
2025-11-10,10.954157829284668
2025-11-11,11.101655960083008
2025-11-12,11.111488342285156
2025-11-13,10.73782730102539
2025-11-14,10.138004302978516
2025-11-17,9.76434326171875
2025-11-18,9.50868034362793
2025-11-19,9.548013687133789
2025-11-20,9.469348907470703
2025-11-21,10.374001502990723
2025-11-24,10.423166275024414
2025-11-25,11.455650329589844
2025-11-26,11.603147506713867
2025-11-28,11.514649391174316
2025-12-01,12.222638130187988
2025-12-02,12.389801979064941
2025-12-03,13.127289772033691
2025-12-04,13.245288848876953
2025-12-05,13.107623100280762
2025-12-08,13.26495361328125
2025-12-09,12.527466773986816
2025-12-10,13.156789779663086
2025-12-11,13.30428695678711
2025-12-12,13.078124046325684
2025-12-15,13.41245174407959
2025-12-16,13.589448928833008
2025-12-17,13.343620300292969
2025-12-18,13.078124046325684
2025-12-19,12.960126876831055
2025-12-22,13.078124046325684
2025-12-23,12.655296325683594
2025-12-24,12.930625915527344
2025-12-26,13.128340721130371
2025-12-29,12.92073917388916
2025-12-30,12.861425399780273
2025-12-31,12.031017303466797
2026-01-02,12.11010456085205
2026-01-05,12.238619804382324
2026-01-06,12.930625915527344
2026-01-07,12.653822898864746
2026-01-08,13.681946754455566
2026-01-09,13.721489906311035
2026-01-12,13.632516860961914
2026-01-13,13.840119361877441
2026-01-14,13.7017183303833
2026-01-15,13.622631072998047
2026-01-16,13.573202133178711
2026-01-20,13.345829963684082
2026-01-21,13.87966251373291
2026-01-22,12.495651245117188
2026-01-23,12.3967924118042
2026-01-26,12.53519344329834
2026-01-27,12.53519344329834
2026-01-28,12.159533500671387
2026-01-29,12.189190864562988
2026-01-30,12.08044719696045
2026-02-02,12.545079231262207
2026-02-03,12.693367004394531
2026-02-04,13.276628494262695
2026-02-05,12.436335563659668
2026-02-06,12.831767082214355
2026-02-09,12.327591896057129
2026-02-10,12.011246681213379
2026-02-11,11.83330249786377
2026-02-12,11.467527389526367
2026-02-13,11.675128936767578
2026-02-17,12.060674667358398
2026-02-18,12.367136001586914
2026-02-19,12.317706108093262
2026-02-20,12.930625915527344
2026-02-23,12.297933578491211
2026-02-24,11.981589317321777
2026-02-25,11.744330406188965
2026-02-26,11.922274589538574
2026-02-27,11.754216194152832
2026-03-02,11.250040054321289
2026-03-03,11.091867446899414
2026-03-04,11.398326873779297
2026-03-05,11.151182174682617
2026-03-06,10.478947639465332
2026-03-09,9.974771499633789
2026-03-10,9.974771499633789
2026-03-11,9.717740058898926
2026-03-12,9.302536964416504
2026-03-13,9.183907508850098
2026-03-16,9.233336448669434
2026-03-17,9.144364356994629
2026-03-18,8.758817672729492
2026-03-19,10.429518699645996
2026-03-20,10.607461929321289
2026-03-23,11.388442039489746
2026-03-24,11.319239616394043
2026-03-25,10.884265899658203
2026-03-26,10.85441780090332
2026-03-27,10.386812210083008
2026-03-30,10.317169189453125
2026-03-31,10.486303329467773
2026-04-01,11.003654479980469
2026-04-02,10.685283660888672
2026-04-06,11.043450355529785
2026-04-07,10.794724464416504
2026-04-08,10.894213676452637
2026-04-09,12.446267127990723
2026-04-10,12.456215858459473
2026-04-13,12.824331283569336
2026-04-14,12.80443286895752
2026-04-15,12.874075889587402
2026-04-16,12.744738578796387
2026-04-17,13.640152931213379
2026-04-20,14.058013916015625
2026-04-21,13.769491195678711
2026-04-22,14.117707252502441
2026-04-23,13.650102615356445
2026-04-24,13.47101879119873
2026-04-27,13.351631164550781
2026-04-28,13.361579895019531
2026-04-29,13.092954635620117
2026-04-30,13.0332612991333
2026-05-01,13.361579895019531
2026-05-04,12.625349044799805
2026-05-05,13.45112133026123
2026-05-06,13.421274185180664
2026-05-07,13.20239543914795
2026-05-08,13.431222915649414
2026-05-11,11.998559951782227
2026-05-12,11.302124977111816
2026-05-13,10.973806381225586
2026-05-14,11.093194961547852
2026-05-15,11.013602256774902
2026-05-18,10.91411304473877
2026-05-19,11.003654479980469
2026-05-20,12.07815170288086
2026-05-21,13.092954635620117
2026-05-22,13.431222915649414
2026-05-26,13.888879776000977
2026-05-27,14.416179656982422
2026-05-28,14.59526252746582
2026-05-29,14.485823631286621
2026-06-01,14.117707252502441
2026-06-02,14.306739807128906
2026-06-03,14.048064231872559
2026-06-04,14.137605667114258
2026-06-05,12.30698013305664
2026-06-08,13.560561180114746
2026-06-09,13.699848175048828
2026-06-10,13.670000076293945
2026-06-11,14.729999542236328
2026-06-12,14.640000343322754
2026-06-15,14.0600004196167
2026-06-16,13.390000343322754
2026-06-17,12.489999771118164
2026-06-18,13.140000343322754
2026-06-22,12.670000076293945
2026-06-23,12.270000457763672
2026-06-24,12.970000267028809
2026-06-25,12.470000267028809
2026-06-26,13.489999771118164
2026-06-29,12.760000228881836
2026-06-30,12.369999885559082
2026-07-01,12.390000343322754
2026-07-02,11.710000038146973
2026-07-06,11.789999961853027
2026-07-07,11.9399995803833
2026-07-08,11.510000228881836
2026-07-09,11.479999542236328
2026-07-10,11.8100004196167
2026-07-13,11.84000015258789
2026-07-14,11.3100004196167
2026-07-15,11.720000267028809
2026-07-16,12.359999656677246
2026-07-17,11.850000381469727
2026-07-20,11.859999656677246
2026-07-21,11.800000190734863
2026-07-22,12.5600004196167
2026-07-23,11.680000305175781
2026-07-24,11.779999732971191
2026-07-27,12.510000228881836
2026-07-28,13.300000190734863
2026-07-29,12.859999656677246
2026-07-30,13.020000457763672
2026-07-31,12.84000015258789
2026-08-03,13.904999732971191
