Date,Close
1997-10-16,3.3954761028289795
1997-10-17,3.3395071029663086
1997-10-20,3.3021936416625977
1997-10-21,3.3395071029663086
1997-10-22,3.4141340255737305
1997-10-23,3.3395071029663086
1997-10-24,3.4141340255737305
1997-10-27,3.2368979454040527
1997-10-28,3.3395071029663086
1997-10-29,3.3768184185028076
1997-10-30,3.283536672592163
1997-10-31,3.283536672592163
1997-11-03,3.423461437225342
1997-11-04,3.451446056365967
1997-11-05,3.5260720252990723
1997-11-06,3.7312934398651123
1997-11-07,3.8432328701019287
1997-11-10,3.6753227710723877
1997-11-11,3.582040786743164
1997-11-12,3.3954761028289795
1997-11-13,3.283536672592163
1997-11-14,3.2462246417999268
1997-11-17,3.4701030254364014
1997-11-18,3.4141340255737305
1997-11-19,3.320849895477295
1997-11-20,3.320849895477295
1997-11-21,3.3021936416625977
1997-11-24,3.3021936416625977
1997-11-25,3.2928667068481445
1997-11-26,3.1366186141967773
1997-11-28,3.1342875957489014
1997-12-01,3.1436142921447754
1997-12-02,3.190255641937256
1997-12-03,3.283536672592163
1997-12-04,3.311523914337158
1997-12-05,3.3954761028289795
1997-12-08,3.4141340255737305
1997-12-09,3.3395071029663086
1997-12-10,3.2175416946411133
1997-12-11,3.180126190185547
1997-12-12,3.0865936279296875
1997-12-15,3.1240077018737793
1997-12-16,3.1240077018737793
1997-12-17,3.0117692947387695
1997-12-18,2.9930613040924072
1997-12-19,2.9556477069854736
1997-12-22,3.0304720401763916
1997-12-23,2.9930613040924072
1997-12-24,2.9556477069854736
1997-12-26,3.0304720401763916
1997-12-29,3.16141939163208
1997-12-30,3.16141939163208
1997-12-31,3.3484866619110107
1998-01-02,3.460726022720337
1998-01-05,3.3671932220458984
1998-01-06,3.2455995082855225
1998-01-07,3.3297810554504395
1998-01-08,3.4420197010040283
1998-01-09,3.2923662662506104
1998-01-12,3.198833465576172
1998-01-13,3.2549519538879395
1998-01-14,3.2081868648529053
1998-01-15,3.2175416946411133
1998-01-16,3.3297810554504395
1998-01-20,3.460726022720337
1998-01-21,3.4420197010040283
1998-01-22,3.385899782180786
1998-01-23,3.4794325828552246
1998-01-26,3.423314332962036
1998-01-27,3.3671932220458984
1998-01-28,3.385899782180786
1998-01-29,3.423314332962036
1998-01-30,3.423314332962036
1998-02-02,3.5916714668273926
1998-02-03,3.5916714668273926
1998-02-04,3.535553455352783
1998-02-05,3.516845226287842
1998-02-06,3.554260015487671
1998-02-09,3.62908673286438
1998-02-10,3.7413253784179688
1998-02-11,3.4420197010040283
1998-02-12,3.535553455352783
1998-02-13,3.554260015487671
1998-02-17,3.535553455352783
1998-02-18,3.535553455352783
1998-02-19,3.498140811920166
1998-02-20,3.460726022720337
1998-02-23,3.423314332962036
1998-02-24,3.2923662662506104
1998-02-25,3.3484866619110107
1998-02-26,3.27366042137146
1998-02-27,3.404606342315674
1998-03-02,3.2362477779388428
1998-03-03,3.2175416946411133
1998-03-04,3.2362477779388428
1998-03-05,3.2362477779388428
1998-03-06,3.2549519538879395
1998-03-09,3.2549519538879395
1998-03-10,3.2264418601989746
1998-03-11,3.310853958129883
1998-03-12,3.3202321529388428
1998-03-13,3.4140243530273438
1998-03-16,3.5453333854675293
1998-03-17,3.4515411853790283
1998-03-18,3.470299482345581
1998-03-19,3.52657413482666
1998-03-20,3.52657413482666
1998-03-23,3.489058017730713
1998-03-24,3.6016077995300293
1998-03-25,3.52657413482666
1998-03-26,3.52657413482666
1998-03-27,3.573470115661621
1998-03-30,3.6016077995300293
1998-03-31,3.901743173599243
1998-04-01,3.714160442352295
1998-04-02,4.014291763305664
1998-04-03,3.7704341411590576
1998-04-06,3.7985708713531494
1998-04-07,3.714160442352295
1998-04-08,3.6766433715820312
1998-04-09,3.6016077995300293
1998-04-13,3.489058017730713
1998-04-14,3.470299482345581
1998-04-15,3.4515411853790283
1998-04-16,3.4984357357025146
1998-04-17,3.4984357357025146
1998-04-20,3.489058017730713
1998-04-21,3.4515411853790283
1998-04-22,3.489058017730713
1998-04-23,3.470299482345581
1998-04-24,3.4515411853790283
1998-04-27,3.376507043838501
1998-04-28,3.3577499389648438
1998-04-29,3.376507043838501
1998-04-30,3.432784080505371
1998-05-01,3.4421608448028564
1998-05-04,3.4140243530273438
1998-05-05,3.4140243530273438
1998-05-06,3.432784080505371
1998-05-07,3.4140243530273438
1998-05-08,3.4140243530273438
1998-05-11,3.3905763626098633
1998-05-12,3.385885000228882
1998-05-13,3.3577499389648438
1998-05-14,3.3202321529388428
1998-05-15,3.3577499389648438
1998-05-18,3.263955593109131
1998-05-19,3.3202321529388428
1998-05-20,3.376507043838501
1998-05-21,3.3952672481536865
1998-05-22,3.4140243530273438
1998-05-26,3.4140243530273438
1998-05-27,3.4234023094177246
1998-05-28,3.432784080505371
1998-05-29,3.470299482345581
1998-06-01,3.535954236984253
1998-06-02,3.582850217819214
1998-06-03,3.582850217819214
1998-06-04,3.535954236984253
1998-06-05,3.489058017730713
1998-06-08,3.5733132362365723
1998-06-09,3.563910961151123
1998-06-10,3.4416656494140625
1998-06-11,3.347630500793457
1998-06-12,3.3288233280181885
1998-06-15,3.3100149631500244
1998-06-16,3.5356974601745605
1998-06-17,3.4416656494140625
1998-06-18,3.469874858856201
1998-06-19,3.59212064743042
1998-06-22,3.6109254360198975
1998-06-23,3.601522922515869
1998-06-24,3.59212064743042
1998-06-25,3.59212064743042
1998-06-26,3.676751136779785
1998-06-29,3.7143642902374268
1998-06-30,3.742574691772461
1998-07-01,3.751979112625122
1998-07-02,3.780189037322998
1998-07-06,3.817800998687744
1998-07-07,3.883627414703369
1998-07-08,3.704960584640503
1998-07-09,3.7613818645477295
1998-07-10,3.6673481464385986
1998-07-13,3.6861557960510254
1998-07-14,3.7237699031829834
1998-07-15,3.770784378051758
1998-07-16,3.780189037322998
1998-07-17,3.7989964485168457
1998-07-20,3.817800998687744
1998-07-21,3.7989964485168457
1998-07-22,3.7989964485168457
1998-07-23,3.7989964485168457
1998-07-24,3.770784378051758
1998-07-27,3.5545058250427246
1998-07-28,3.629733085632324
1998-07-29,3.6673481464385986
1998-07-30,3.6673481464385986
1998-07-31,3.704960584640503
1998-08-03,3.6391351222991943
1998-08-04,3.4604713916778564
1998-08-05,3.5733132362365723
1998-08-06,3.5168938636779785
1998-08-07,3.5027875900268555
1998-08-10,3.3288233280181885
1998-08-11,3.3852429389953613
1998-08-12,3.432260036468506
1998-08-13,3.347630500793457
1998-08-14,3.3194196224212646
1998-08-17,3.4604713916778564
1998-08-18,3.601522922515869
1998-08-19,3.545102596282959
1998-08-20,3.629733085632324
1998-08-21,3.6485424041748047
1998-08-24,3.5733132362365723
1998-08-25,3.629733085632324
1998-08-26,3.629733085632324
1998-08-27,3.6109254360198975
1998-08-28,3.4228579998016357
1998-08-31,3.009106159210205
1998-09-01,3.1783673763275146
1998-09-02,3.3100149631500244
1998-09-03,2.9902989864349365
1998-09-04,2.78342342376709
1998-09-08,3.0849359035491943
1998-09-09,2.8679511547088623
1998-09-10,2.641533851623535
1998-09-11,2.726439952850342
1998-09-14,2.6981396675109863
1998-09-15,2.6981396675109863
1998-09-16,2.754743814468384
1998-09-17,2.7170064449310303
1998-09-18,2.8207814693450928
1998-09-21,2.9009714126586914
1998-09-22,3.009462594985962
1998-09-23,3.0849359035491943
1998-09-24,3.0943679809570312
1998-09-25,3.0566322803497314
1998-09-28,3.075500726699829
1998-09-29,3.0566322803497314
1998-09-30,3.037767171859741
1998-10-01,2.8679511547088623
1998-10-02,2.849083423614502
1998-10-05,2.622666358947754
1998-10-06,2.5566279888153076
1998-10-07,2.490591049194336
1998-10-08,2.226436138153076
1998-10-09,2.367947578430176
1998-10-12,2.754743814468384
1998-10-13,2.726439952850342
1998-10-14,2.7170064449310303
1998-10-15,3.018897533416748
1998-10-16,2.8679511547088623
1998-10-19,2.9151220321655273
1998-10-20,3.018897533416748
1998-10-21,3.169841766357422
1998-10-22,3.1604080200195312
1998-10-23,3.1321051120758057
1998-10-26,3.19814395904541
1998-10-27,3.169841766357422
1998-10-28,3.1792759895324707
1998-10-29,3.2264466285705566
1998-10-30,3.349088430404663
1998-11-02,3.433995246887207
1998-11-03,3.4434287548065186
1998-11-04,3.5943756103515625
1998-11-05,3.537770986557007
1998-11-06,3.5755069255828857
1998-11-09,3.6132421493530273
1998-11-10,3.6321089267730713
1998-11-11,3.6179606914520264
1998-11-12,3.6226754188537598
1998-11-13,3.6132421493530273
1998-11-16,3.3679561614990234
1998-11-17,3.4717307090759277
1998-11-18,3.5283362865448
1998-11-19,3.518902063369751
1998-11-20,3.481166124343872
1998-11-23,3.4717307090759277
1998-11-24,3.4151268005371094
1998-11-25,3.358522891998291
1998-11-27,3.3868231773376465
1998-11-30,3.4056923389434814
1998-12-01,3.537770986557007
1998-12-02,3.4528636932373047
1998-12-03,3.5660712718963623
1998-12-04,3.6604135036468506
1998-12-07,3.6038074493408203
1998-12-08,3.6604135036468506
1998-12-09,3.5660712718963623
1998-12-10,3.6132421493530273
1998-12-11,3.5849390029907227
1998-12-14,3.54720139503479
1998-12-15,3.54720139503479
1998-12-16,3.6713483333587646
1998-12-17,3.7375853061676025
1998-12-18,3.775435447692871
1998-12-21,3.7848947048187256
1998-12-22,3.7848947048187256
1998-12-23,3.860593795776367
1998-12-24,3.8416688442230225
1998-12-28,3.9173669815063477
1998-12-29,3.936290740966797
1998-12-30,3.8889801502227783
1998-12-31,3.9268290996551514
1999-01-04,3.860593795776367
1999-01-05,3.8984432220458984
1999-01-06,3.860593795776367
1999-01-07,3.8984432220458984
1999-01-08,3.7848947048187256
1999-01-11,3.870054244995117
1999-01-12,3.8511295318603516
1999-01-13,3.936290740966797
1999-01-14,3.936290740966797
1999-01-15,3.945753574371338
1999-01-19,3.9268290996551514
1999-01-20,3.9173669815063477
1999-01-21,3.993065595626831
1999-01-22,3.993065595626831
1999-01-25,4.030911922454834
1999-01-26,4.011987686157227
1999-01-27,4.049838066101074
1999-01-28,4.078225135803223
1999-01-29,4.144460201263428
1999-02-01,4.267469882965088
1999-02-02,4.44725227355957
1999-02-03,4.485099792480469
1999-02-04,4.390478610992432
1999-02-05,4.371553897857666
1999-02-08,4.428327560424805
1999-02-09,4.144460201263428
1999-02-10,4.1255340576171875
1999-02-11,4.087686538696289
1999-02-12,3.8132832050323486
1999-02-16,3.8889801502227783
1999-02-17,3.8889801502227783
1999-02-18,3.8416688442230225
1999-02-19,3.8038203716278076
1999-02-22,3.936290740966797
1999-02-23,3.8984432220458984
1999-02-24,3.8132832050323486
1999-02-25,3.860593795776367
1999-02-26,3.9741404056549072
1999-03-01,4.182307720184326
1999-03-02,4.163383960723877
1999-03-03,4.163383960723877
1999-03-04,4.174008846282959
1999-03-05,4.211953163146973
1999-03-08,4.174008846282959
1999-03-09,4.126575469970703
1999-03-10,4.136063098907471
1999-03-11,4.117091178894043
1999-03-12,4.079146385192871
1999-03-15,4.064916133880615
1999-03-16,3.9273645877838135
1999-03-17,3.9463369846343994
1999-03-18,3.9273645877838135
1999-03-19,3.9083917140960693
1999-03-22,3.875187635421753
1999-03-23,3.851472854614258
1999-03-24,3.860956907272339
1999-03-25,3.8894166946411133
1999-03-26,3.9463369846343994
1999-03-29,4.055429935455322
1999-03-30,3.984280824661255
1999-03-31,3.860956907272339
1999-04-01,3.9083917140960693
1999-04-05,3.93684983253479
1999-04-06,4.0032548904418945
1999-04-07,3.9558238983154297
1999-04-08,3.9273645877838135
1999-04-09,3.93684983253479
1999-04-12,3.93684983253479
1999-04-13,3.9558238983154297
1999-04-14,4.060173034667969
1999-04-15,4.098116874694824
1999-04-16,4.112349510192871
1999-04-19,4.230926990509033
1999-04-20,4.155035972595215
1999-04-21,4.38270902633667
1999-04-22,4.44911527633667
1999-04-23,4.38270902633667
1999-04-26,4.458600997924805
1999-04-27,4.439629077911377
1999-04-28,4.4016828536987305
1999-04-29,4.4016828536987305
1999-04-30,4.543976783752441
1999-05-03,4.638843059539795
1999-05-04,4.809597969055176
1999-05-05,4.847542762756348
1999-05-06,4.932920932769775
1999-05-07,4.819082736968994
1999-05-10,4.932920932769775
1999-05-11,4.961378574371338
1999-05-12,5.160592555999756
1999-05-13,5.179564952850342
1999-05-14,4.932920932769775
1999-05-17,4.951892375946045
1999-05-18,4.781138896942139
1999-05-19,4.762163162231445
1999-05-20,4.819082736968994
1999-05-21,4.857028961181641
1999-05-24,4.667301654815674
1999-05-25,4.800111293792725
1999-05-26,4.894974231719971
1999-05-27,4.87600040435791
1999-05-28,4.90446138381958
1999-06-01,5.198540210723877
1999-06-02,5.302888870239258
1999-06-03,5.198540210723877
1999-06-04,5.084702014923096
1999-06-07,5.01829719543457
1999-06-08,4.990917682647705
1999-06-09,4.753257751464844
1999-06-10,4.791283130645752
1999-06-11,4.838811874389648
1999-06-14,4.829307556152344
1999-06-15,4.848322868347168
1999-06-16,5.15252685546875
1999-06-17,5.257102012634277
1999-06-18,5.390194416046143
1999-06-21,5.418713092803955
1999-06-22,5.352165699005127
1999-06-23,5.437726020812988
1999-06-24,5.3141398429870605
1999-06-25,5.409206390380859
1999-06-28,5.580324172973633
1999-06-29,5.570815086364746
1999-06-30,5.589827060699463
1999-07-01,5.551804542541504
1999-07-02,5.684895038604736
1999-07-06,5.608842849731445
1999-07-07,5.133516311645508
1999-07-08,5.333152770996094
1999-07-09,5.342660903930664
1999-07-12,5.352165699005127
1999-07-13,5.304631233215332
1999-07-14,5.209569931030273
1999-07-15,5.257102012634277
1999-07-16,5.2380900382995605
1999-07-19,5.342660903930664
1999-07-20,5.532790184020996
1999-07-21,5.49476432800293
1999-07-22,5.361674785614014
1999-07-23,5.342660903930664
1999-07-26,5.447232723236084
1999-07-27,5.456737041473389
1999-07-28,5.342660903930664
1999-07-29,5.32364559173584
1999-07-30,5.3806867599487305
1999-08-02,5.418713092803955
1999-08-03,5.2380900382995605
1999-08-04,5.15252685546875
1999-08-05,5.456737041473389
1999-08-06,5.371179103851318
1999-08-09,5.2190752029418945
1999-08-10,5.190554141998291
1999-08-11,5.171541690826416
1999-08-12,4.943387031555176
1999-08-13,5.057464122772217
1999-08-16,5.057464122772217
1999-08-17,5.01943826675415
1999-08-18,4.933881759643555
1999-08-19,5.000425815582275
1999-08-20,5.0669708251953125
1999-08-23,5.057464122772217
1999-08-24,5.038451671600342
1999-08-25,5.085982322692871
1999-08-26,5.01943826675415
1999-08-27,4.848322868347168
1999-08-30,4.677204132080078
1999-08-31,4.791283130645752
1999-09-01,4.8007893562316895
1999-09-02,4.724734783172607
1999-09-03,5.085982322692871
1999-09-07,5.076475620269775
1999-09-08,5.029988765716553
1999-09-09,5.2586236000061035
1999-09-10,5.182410717010498
1999-09-13,5.0109357833862305
1999-09-14,5.172884941101074
1999-09-15,5.2586236000061035
1999-09-16,5.020462989807129
1999-09-17,5.106198310852051
1999-09-20,5.087146759033203
1999-09-21,5.087146759033203
1999-09-22,5.029988765716553
1999-09-23,5.0109357833862305
1999-09-24,4.991882801055908
1999-09-27,5.1395440101623535
1999-09-28,5.215755939483643
1999-09-29,5.220519065856934
1999-09-30,5.134779930114746
1999-10-01,5.049039363861084
1999-10-04,4.96330451965332
1999-10-05,5.020462989807129
1999-10-06,5.096673965454102
1999-10-07,5.144305229187012
1999-10-08,5.220519065856934
1999-10-11,5.2586236000061035
1999-10-12,5.106198310852051
1999-10-13,4.953775882720947
1999-10-14,4.991882801055908
1999-10-15,4.953775882720947
1999-10-18,4.991882801055908
1999-10-19,5.001408100128174
1999-10-20,5.068093299865723
1999-10-21,5.039514064788818
1999-10-22,5.058568000793457
1999-10-25,4.982354640960693
1999-10-26,4.782301425933838
1999-10-27,5.029988765716553
1999-10-28,4.9728312492370605
1999-10-29,5.153833389282227
1999-11-01,5.049039363861084
1999-11-02,5.087146759033203
1999-11-03,5.029988765716553
1999-11-04,4.763245105743408
1999-11-05,4.525084495544434
1999-11-08,4.391713619232178
1999-11-09,4.286920547485352
1999-11-10,4.763245105743408
1999-11-11,4.820404529571533
1999-11-12,4.858509540557861
1999-11-15,4.887091159820557
1999-11-16,4.877566814422607
1999-11-17,4.782301425933838
1999-11-18,5.115725994110107
1999-11-19,4.953775882720947
1999-11-22,5.106198310852051
1999-11-23,5.296730041503906
1999-11-24,5.3157806396484375
1999-11-26,5.2586236000061035
1999-11-29,5.2014641761779785
1999-11-30,5.3157806396484375
1999-12-01,5.411048412322998
1999-12-02,5.353885650634766
1999-12-03,5.430103302001953
1999-12-06,5.353885650634766
1999-12-07,5.353885650634766
1999-12-08,5.356563568115234
1999-12-09,5.280177116394043
1999-12-10,5.1083083152771
1999-12-13,5.194241046905518
1999-12-14,5.308819770812988
1999-12-15,5.366109371185303
1999-12-16,5.423398971557617
1999-12-17,5.528428554534912
1999-12-20,5.843522548675537
1999-12-21,5.958101749420166
1999-12-22,5.800557613372803
1999-12-23,5.9008097648620605
1999-12-27,6.110872745513916
1999-12-28,6.425963878631592
1999-12-29,6.187257766723633
1999-12-30,6.072681427001953
1999-12-31,6.072681427001953
2000-01-03,5.97719669342041
2000-01-04,5.776684284210205
2000-01-05,5.700297832489014
2000-01-06,5.728944301605225
2000-01-07,5.805330753326416
2000-01-10,6.063135147094727
2000-01-11,5.967645645141602
2000-01-12,6.0153889656066895
2000-01-13,6.072681427001953
2000-01-14,6.110872745513916
2000-01-18,6.063135147094727
2000-01-19,6.2445526123046875
2000-01-20,6.1777119636535645
2000-01-21,6.005842685699463
2000-01-24,6.292289733886719
2000-01-25,6.187257766723633
2000-01-26,6.225454807281494
2000-01-27,6.101322650909424
2000-01-28,6.340030193328857
2000-01-31,6.215900421142578
2000-02-01,6.3018364906311035
2000-02-02,6.502353191375732
2000-02-03,6.492799758911133
2000-02-04,6.5405426025390625
2000-02-07,6.645572185516357
2000-02-08,6.750606060028076
2000-02-09,7.313953399658203
2000-02-10,7.208920478820801
2000-02-11,6.655121326446533
2000-02-14,6.607383728027344
2000-02-15,6.378224849700928
2000-02-16,6.511901378631592
2000-02-17,6.435513019561768
2000-02-18,6.225454807281494
2000-02-22,6.340030193328857
2000-02-23,6.8269877433776855
2000-02-24,6.912923812866211
2000-02-25,7.013182163238525
2000-02-28,7.5622076988220215
2000-02-29,7.791363716125488
2000-03-01,7.6767897605896
2000-03-02,7.586079120635986
2000-03-03,7.581302642822266
2000-03-06,7.583980560302734
2000-03-07,7.7943830490112305
2000-03-08,7.784818649291992
2000-03-09,7.708308219909668
2000-03-10,7.564853668212891
2000-03-13,7.440523624420166
2000-03-14,7.048415184020996
2000-03-15,6.952782154083252
2000-03-16,6.742379665374756
2000-03-17,6.378959655761719
2000-03-20,6.13986873626709
2000-03-21,6.283321857452393
2000-03-22,6.436342716217041
2000-03-23,6.436342716217041
2000-03-24,6.42677640914917
2000-03-27,6.407649517059326
2000-03-28,6.407649517059326
2000-03-29,6.197249412536621
2000-03-30,6.053793907165527
2000-03-31,5.699941158294678
2000-04-03,5.35564661026001
2000-04-04,6.178121566772461
2000-04-05,6.025102138519287
2000-04-06,6.178121566772461
2000-04-07,6.6467413902282715
2000-04-10,6.378959655761719
2000-04-11,6.445903301239014
2000-04-12,7.038849353790283
2000-04-13,6.742379665374756
2000-04-14,6.312012672424316
2000-04-17,6.3215742111206055
2000-04-18,6.885833740234375
2000-04-19,7.177526473999023
2000-04-20,7.3448872566223145
2000-04-24,7.478777885437012
2000-04-25,7.564853668212891
2000-04-26,7.37358283996582
2000-04-27,7.536160945892334
2000-04-28,7.650928497314453
2000-05-01,7.708308219909668
2000-05-02,7.746559143066406
2000-05-03,7.249255657196045
2000-05-04,7.402273178100586
2000-05-05,7.937838554382324
2000-05-08,7.899582386016846
2000-05-09,7.9282732009887695
2000-05-10,7.870890140533447
2000-05-11,7.918707847595215
2000-05-12,7.9139251708984375
2000-05-15,7.909143924713135
2000-05-16,7.459654808044434
2000-05-17,6.991034507751465
2000-05-18,6.790194988250732
2000-05-19,6.751943111419678
2000-05-22,6.7997612953186035
2000-05-23,7.287510871887207
2000-05-24,7.239686965942383
2000-05-25,7.038849353790283
2000-05-26,7.038849353790283
2000-05-30,6.943216800689697
2000-05-31,6.8762688636779785
2000-06-01,7.31619930267334
2000-06-02,7.038849353790283
2000-06-05,6.971905708312988
2000-06-06,6.890614032745361
2000-06-07,6.866703987121582
2000-06-08,6.610706806182861
2000-06-09,6.625077247619629
2000-06-12,7.10890531539917
2000-06-13,7.185554504394531
2000-06-14,7.214293956756592
2000-06-15,7.1759724617004395
2000-06-16,7.243035316467285
2000-06-19,7.051422119140625
2000-06-20,6.754419803619385
2000-06-21,6.514899253845215
2000-06-22,6.361608505249023
2000-06-23,6.399930477142334
2000-06-26,6.399930477142334
2000-06-27,6.371188163757324
2000-06-28,6.514899253845215
2000-06-29,6.371188163757324
2000-06-30,7.587944030761719
2000-07-03,7.2717814445495605
2000-07-05,7.319682598114014
2000-07-06,7.204714775085449
2000-07-07,7.2813615798950195
2000-07-10,7.664590835571289
2000-07-11,7.894527912139893
2000-07-12,8.153203964233398
2000-07-13,8.14362907409668
2000-07-14,8.306496620178223
2000-07-17,8.488530158996582
2000-07-18,8.52685260772705
2000-07-19,8.162787437438965
2000-07-20,8.641830444335938
2000-07-21,8.689728736877441
2000-07-24,8.565178871154785
2000-07-25,8.737632751464844
2000-07-26,9.149604797363281
2000-07-27,9.034638404846191
2000-07-28,9.187929153442383
2000-07-31,9.774747848510742
2000-08-01,9.168764114379883
2000-08-02,8.967570304870605
2000-08-03,8.900505065917969
2000-08-04,8.8621826171875
2000-08-07,8.900505065917969
2000-08-08,8.701703071594238
2000-08-09,8.91008186340332
2000-08-10,9.06337833404541
2000-08-11,9.216666221618652
2000-08-14,9.216666221618652
2000-08-15,8.833439826965332
2000-08-16,9.235831260681152
2000-08-17,9.360379219055176
2000-08-18,9.369959831237793
2000-08-21,9.286127090454102
2000-08-22,9.015473365783691
2000-08-23,8.85260009765625
2000-08-24,9.120864868164062
2000-08-25,9.465767860412598
2000-08-28,9.04421615600586
2000-08-29,9.101699829101562
2000-08-30,9.092118263244629
2000-08-31,9.072956085205078
2000-09-01,8.986729621887207
2000-09-05,8.919662475585938
2000-09-06,8.931944847106934
2000-09-07,9.018287658691406
2000-09-08,8.970316886901855
2000-09-11,8.730474472045898
2000-09-12,8.797630310058594
2000-09-13,9.061464309692383
2000-09-14,9.143013954162598
2000-09-15,9.13341999053955
2000-09-18,8.615345001220703
2000-09-19,8.6249418258667
2000-09-20,8.672910690307617
2000-09-21,8.94153881072998
2000-09-22,8.874383926391602
2000-09-25,8.84560489654541
2000-09-26,8.64412784576416
2000-09-27,8.540995597839355
2000-09-28,8.682507514953613
2000-09-29,8.651327133178711
2000-10-02,8.22199535369873
2000-10-03,8.0589017868042
2000-10-04,8.433061599731445
2000-10-05,8.413874626159668
2000-10-06,8.106866836547852
2000-10-09,7.3585381507873535
2000-10-10,8.078088760375977
2000-10-11,8.317940711975098
2000-10-12,8.183622360229492
2000-10-13,8.538593292236328
2000-10-16,8.672910690307617
2000-10-17,8.59615707397461
2000-10-18,7.847833633422852
2000-10-19,7.773478031158447
2000-10-20,7.982149124145508
2000-10-23,7.8382391929626465
2000-10-24,7.864623069763184
2000-10-25,7.92458438873291
2000-10-26,8.711287498474121
2000-10-27,8.531403541564941
2000-10-30,8.45224666595459
2000-10-31,8.394685745239258
2000-11-01,8.529000282287598
2000-11-02,8.59615707397461
2000-11-03,8.423466682434082
2000-11-06,8.423466682434082
2000-11-07,8.289153099060059
2000-11-08,8.44265365600586
2000-11-09,8.423466682434082
2000-11-10,8.164430618286133
2000-11-13,8.241179466247559
2000-11-14,8.423466682434082
2000-11-15,8.500219345092773
2000-11-16,8.538593292236328
2000-11-17,8.711287498474121
2000-11-20,8.749667167663574
2000-11-21,8.922348976135254
2000-11-22,9.21017074584961
2000-11-24,9.2869234085083
2000-11-27,9.373268127441406
2000-11-28,9.143013954162598
2000-11-29,9.047075271606445
2000-11-30,8.692100524902344
2000-12-01,8.94153881072998
2000-12-04,9.26773452758789
2000-12-05,9.26773452758789
2000-12-06,9.494523048400879
2000-12-07,9.802041053771973
2000-12-08,9.994236946105957
2000-12-11,9.994236946105957
2000-12-12,9.340765953063965
2000-12-13,9.052473068237305
2000-12-14,9.033248901367188
2000-12-15,8.456659317016602
2000-12-18,9.090913772583008
2000-12-19,9.206229209899902
2000-12-20,9.090913772583008
2000-12-21,9.071697235107422
2000-12-22,9.071697235107422
2000-12-26,8.917938232421875
2000-12-27,9.878915786743164
2000-12-28,9.782821655273438
2000-12-29,9.66750431060791
2001-01-02,9.18700885772705
2001-01-03,9.821260452270508
2001-01-04,9.72515869140625
2001-01-05,9.609844207763672
2001-01-08,9.244667053222656
2001-01-09,9.148571968078613
2001-01-10,9.052473068237305
2001-01-11,8.610418319702148
2001-01-12,8.399003982543945
2001-01-16,8.55275821685791
2001-01-17,8.629637718200684
2001-01-18,8.725739479064941
2001-01-19,8.629637718200684
2001-01-22,8.648862838745117
2001-01-23,8.764181137084961
2001-01-24,8.245245933532715
2001-01-25,8.55275821685791
2001-01-26,8.43743896484375
2001-01-29,8.576786041259766
2001-01-30,8.533541679382324
2001-01-31,9.206229209899902
2001-02-01,8.610418319702148
2001-02-02,9.033248901367188
2001-02-05,8.879491806030273
2001-02-06,9.090913772583008
2001-02-07,9.08130168914795
2001-02-08,9.014031410217285
2001-02-09,8.994812965393066
2001-02-12,8.937153816223145
2001-02-13,9.148571968078613
2001-02-14,9.110127449035645
2001-02-15,9.28310775756836
2001-02-16,9.230257987976074
2001-02-20,9.302329063415527
2001-02-21,9.090913772583008
2001-02-22,9.110127449035645
2001-02-23,9.129347801208496
2001-02-26,9.167791366577148
2001-02-27,9.110127449035645
2001-02-28,9.18700885772705
2001-03-01,9.22545051574707
2001-03-02,9.148571968078613
2001-03-05,9.090913772583008
2001-03-06,9.326353073120117
2001-03-07,9.548705101013184
2001-03-08,9.394697189331055
2001-03-09,9.356189727783203
2001-03-12,8.797904968261719
2001-03-13,8.701645851135254
2001-03-14,8.128917694091797
2001-03-15,7.835333824157715
2001-03-16,7.277039051055908
2001-03-19,7.970091342926025
2001-03-20,8.412875175476074
2001-03-21,8.398439407348633
2001-03-22,8.335865020751953
2001-03-23,8.552447319030762
2001-03-26,8.60538387298584
2001-03-27,8.335865020751953
2001-03-28,7.888274192810059
2001-03-29,8.104853630065918
2001-03-30,8.432126998901367
2001-04-02,8.143355369567871
2001-04-03,7.642816543579102
2001-04-04,7.816079139709473
2001-04-05,7.854583740234375
2001-04-06,7.758324146270752
2001-04-09,7.463391304016113
2001-04-10,7.7159743309021
2001-04-11,7.484955310821533
2001-04-12,7.263177394866943
2001-04-16,7.438755989074707
2001-04-17,7.555802345275879
2001-04-18,7.484955310821533
2001-04-19,7.817615509033203
2001-04-20,8.00551700592041
2001-04-23,7.940829753875732
2001-04-24,8.224209785461426
2001-04-25,8.445984840393066
2001-04-26,8.421346664428711
2001-04-27,8.436739921569824
2001-04-30,8.335102081298828
2001-05-01,8.470623970031738
2001-05-02,8.695483207702637
2001-05-03,8.544554710388184
2001-05-04,8.677003860473633
2001-05-07,8.609236717224121
2001-05-08,8.698562622070312
2001-05-09,8.627717018127441
2001-05-10,8.837173461914062
2001-05-11,8.871054649353027
2001-05-14,8.892614364624023
2001-05-15,9.206802368164062
2001-05-16,9.237607955932617
2001-05-17,9.533305168151855
2001-05-18,9.545626640319824
2001-05-21,9.634952545166016
2001-05-22,9.293049812316895
2001-05-23,9.025065422058105
2001-05-24,9.243767738342285
2001-05-25,9.209880828857422
2001-05-29,9.09283447265625
2001-05-30,8.932658195495605
2001-05-31,9.194475173950195
2001-06-01,8.858736038208008
2001-06-04,8.997346878051758
2001-06-05,9.194475173950195
2001-06-06,8.926496505737305
2001-06-07,9.000422477722168
2001-06-08,9.086821556091309
2001-06-11,8.94797134399414
2001-06-12,9.117673873901367
2001-06-13,9.05905532836914
2001-06-14,9.071393013000488
2001-06-15,8.719648361206055
2001-06-18,8.38641357421875
2001-06-19,8.247563362121582
2001-06-20,8.176596641540527
2001-06-21,8.219791412353516
2001-06-22,8.414182662963867
2001-06-25,8.176596641540527
2001-06-26,8.333956718444824
2001-06-27,8.38023853302002
2001-06-28,8.667187690734863
2001-06-29,8.60547924041748
2001-07-02,8.716561317443848
2001-07-03,8.648676872253418
2001-07-05,8.722733497619629
2001-07-06,8.546858787536621
2001-07-09,8.590054512023926
2001-07-10,8.374068260192871
2001-07-11,8.549942970275879
2001-07-12,8.77826976776123
2001-07-13,8.824552536010742
2001-07-16,8.935628890991211
2001-07-17,8.94797134399414
2001-07-18,8.935628890991211
2001-07-19,9.043621063232422
2001-07-20,9.250350952148438
2001-07-23,9.182473182678223
2001-07-24,9.167040824890137
2001-07-25,9.194811820983887
2001-07-26,9.389202117919922
2001-07-27,9.531133651733398
2001-07-30,9.531133651733398
2001-07-31,9.487936019897461
2001-08-01,9.410796165466309
2001-08-02,9.515706062316895
2001-08-03,9.401543617248535
2001-08-06,9.241097450256348
2001-08-07,9.271953582763672
2001-08-08,9.26578140258789
2001-08-09,9.182473182678223
2001-08-10,9.25960922241211
2001-08-13,9.241097450256348
2001-08-14,9.395371437072754
2001-08-15,9.447822570800781
2001-08-16,9.518791198730469
2001-08-17,9.484850883483887
2001-08-20,9.484850883483887
2001-08-21,9.506443977355957
2001-08-22,9.682324409484863
2001-08-23,9.54964542388916
2001-08-24,9.512619018554688
2001-08-27,9.34292221069336
2001-08-28,9.213329315185547
2001-08-29,9.487936019897461
2001-08-30,9.571242332458496
2001-08-31,9.592843055725098
2001-09-04,9.636043548583984
2001-09-05,9.58350658416748
2001-09-06,9.039584159851074
2001-09-07,8.656366348266602
2001-09-10,8.653278350830078
2001-09-17,8.659455299377441
2001-09-18,8.514205932617188
2001-09-19,8.28860092163086
2001-09-20,8.307149887084961
2001-09-21,8.134079933166504
2001-09-24,8.202069282531738
2001-09-25,8.158803939819336
2001-09-26,8.436945915222168
2001-09-27,8.514205932617188
2001-09-28,8.949958801269531
2001-10-01,8.517293930053711
2001-10-02,8.591468811035156
2001-10-03,8.730539321899414
2001-10-04,8.8078031539917
2001-10-05,8.752171516418457
2001-10-08,8.8078031539917
2001-10-09,8.792348861694336
2001-10-10,8.962322235107422
2001-10-11,9.187925338745117
2001-10-12,9.163201332092285
2001-10-15,9.104482650756836
2001-10-16,9.092118263244629
2001-10-17,8.755261421203613
2001-10-18,8.412219047546387
2001-10-19,8.443124771118164
2001-10-22,8.409131050109863
2001-10-23,8.49257755279541
2001-10-24,8.381314277648926
2001-10-25,8.254602432250977
2001-10-26,8.325685501098633
2001-10-29,8.279332160949707
2001-10-30,8.220611572265625
2001-10-31,8.273148536682129
2001-11-01,8.4183988571167
2001-11-02,8.545109748840332
2001-11-05,8.60692024230957
2001-11-06,8.8078031539917
2001-11-07,8.854157447814941
2001-11-08,8.88506031036377
2001-11-09,8.946868896484375
2001-11-12,8.739810943603516
2001-11-13,8.733630180358887
2001-11-14,9.110660552978516
2001-11-15,8.922143936157227
2001-11-16,8.999404907226562
2001-11-19,9.255916595458984
2001-11-20,8.99322509765625
2001-11-21,9.101391792297363
2001-11-23,9.144659042358398
2001-11-26,8.903607368469238
2001-11-27,8.817070007324219
2001-11-28,8.659455299377441
2001-11-29,8.736719131469727
2001-11-30,8.58837604522705
2001-12-03,8.514205932617188
2001-12-04,8.474031448364258
2001-12-05,8.65367317199707
2001-12-06,8.89525318145752
2001-12-07,8.94791030883789
2001-12-10,8.61650276184082
2001-12-11,8.32845687866211
2001-12-12,8.195274353027344
2001-12-13,8.263419151306152
2001-12-14,8.309873580932617
2001-12-17,8.542165756225586
2001-12-18,8.851897239685059
2001-12-19,8.904545783996582
2001-12-20,8.901447296142578
2001-12-21,8.923131942749023
2001-12-24,9.118252754211426
2001-12-26,9.328866958618164
2001-12-27,9.273116111755371
2001-12-28,9.25143814086914
2001-12-31,8.957197189331055
2002-01-02,8.913834571838379
2002-01-03,8.910740852355957
2002-01-04,9.090378761291504
2002-01-07,9.195685386657715
2002-01-08,9.307183265686035
2002-01-09,9.105863571166992
2002-01-10,9.198782920837402
2002-01-11,9.074888229370117
2002-01-14,8.830216407775879
2002-01-15,8.876673698425293
2002-01-16,8.848795890808105
2002-01-17,9.208075523376465
2002-01-18,9.167813301086426
2002-01-22,9.174003601074219
2002-01-23,9.29479694366455
2002-01-24,9.44655990600586
2002-01-25,9.508504867553711
2002-01-28,9.601420402526855
2002-01-29,9.57044506072998
2002-01-30,9.790355682373047
2002-01-31,9.610713958740234
2002-02-01,9.573552131652832
2002-02-04,9.35983943939209
2002-02-05,9.412490844726562
2002-02-06,8.861185073852539
2002-02-07,8.873575210571289
2002-02-08,9.118252754211426
2002-02-11,9.130640983581543
2002-02-12,9.105863571166992
2002-02-13,9.136841773986816
2002-02-14,9.062504768371582
2002-02-15,9.059406280517578
2002-02-19,8.882864952087402
2002-02-20,9.081086158752441
2002-02-21,8.830216407775879
2002-02-22,8.89525318145752
2002-02-25,9.025339126586914
2002-02-26,9.056310653686523
2002-02-27,9.189489364624023
2002-02-28,9.012946128845215
2002-03-01,9.183295249938965
2002-03-04,9.393909454345703
2002-03-05,9.418688774108887
2002-03-06,9.499211311340332
2002-03-07,9.511625289916992
2002-03-08,9.66989803314209
2002-03-11,9.614035606384277
2002-03-12,9.496109962463379
2002-03-13,9.607828140258789
2002-03-14,9.635757446289062
2002-03-15,9.744375228881836
2002-03-18,9.74747371673584
2002-03-19,9.818854331970215
2002-03-20,9.930572509765625
2002-03-21,9.778509140014648
2002-03-22,10.06401252746582
2002-03-25,10.172627449035645
2002-03-26,10.222280502319336
2002-03-27,10.396063804626465
2002-03-28,10.427102088928223
2002-04-01,10.38675594329834
2002-04-02,10.225391387939453
2002-04-03,10.032981872558594
2002-04-04,10.237800598144531
2002-04-05,10.337104797363281
2002-04-08,10.194354057312012
2002-04-09,10.392967224121094
2002-04-10,10.830533981323242
2002-04-11,10.656749725341797
2002-04-12,10.836738586425781
2002-04-15,10.659846305847168
2002-04-16,10.870872497558594
2002-04-17,10.759160995483398
2002-04-18,10.647439956665039
2002-04-19,10.690884590148926
2002-04-22,10.47054672241211
2002-04-23,10.532609939575195
2002-04-24,10.005051612854004
2002-04-25,10.07332706451416
2002-04-26,9.977124214172363
2002-04-29,9.852992057800293
2002-04-30,9.76609992980957
2002-05-01,10.026775360107422
2002-05-02,10.104354858398438
2002-05-03,10.237800598144531
2002-05-06,10.271939277648926
2002-05-07,10.250212669372559
2002-05-08,10.24090576171875
2002-05-09,10.039190292358398
2002-05-10,10.079532623291016
2002-05-13,10.396063804626465
2002-05-14,10.625714302062988
2002-05-15,10.675366401672363
2002-05-16,10.442617416381836
2002-05-17,10.703300476074219
2002-05-20,10.551231384277344
2002-05-21,10.50468635559082
2002-05-22,10.616403579711914
2002-05-23,10.709505081176758
2002-05-24,10.647439956665039
2002-05-28,10.4395170211792
2002-05-29,10.4395170211792
2002-05-30,10.541924476623535
2002-05-31,10.513996124267578
2002-06-03,10.365034103393555
2002-06-04,10.296762466430664
2002-06-05,10.414899826049805
2002-06-06,10.184836387634277
2002-06-07,10.203502655029297
2002-06-10,10.349613189697266
2002-06-11,10.259458541870117
2002-06-12,10.455320358276367
2002-06-13,10.421121597290039
2002-06-14,10.648072242736816
2002-06-17,10.68227481842041
2002-06-18,10.84704303741455
2002-06-19,10.707139015197754
2002-06-20,10.725798606872559
2002-06-21,10.725798606872559
2002-06-24,10.598325729370117
2002-06-25,10.418011665344238
2002-06-26,10.36515998840332
2002-06-27,10.399357795715332
2002-06-28,10.424227714538574
2002-07-01,10.150644302368164
2002-07-02,10.107120513916016
2002-07-03,10.063594818115234
2002-07-05,10.172403335571289
2002-07-08,10.038723945617676
2002-07-09,9.90192985534668
2002-07-10,9.808666229248047
2002-07-11,9.743375778198242
2002-07-12,9.752699851989746
2002-07-15,9.681194305419922
2002-07-16,9.780679702758789
2002-07-17,9.836638450622559
2002-07-18,9.646995544433594
2002-07-19,9.404500007629395
2002-07-22,8.84489917755127
2002-07-23,8.583745956420898
2002-07-24,8.580636024475098
2002-07-25,9.152676582336426
2002-07-26,8.879096984863281
2002-07-29,9.432478904724121
2002-07-30,9.385849952697754
2002-07-31,9.326778411865234
2002-08-01,8.841785430908203
2002-08-02,8.689449310302734
2002-08-05,8.27285099029541
2002-08-06,8.751627922058105
2002-08-07,9.000340461730957
2002-08-08,9.16822624206543
2002-08-09,9.214858055114746
2002-08-12,9.11536979675293
2002-08-13,8.801371574401855
2002-08-14,9.180659294128418
2002-08-15,9.264598846435547
2002-08-16,9.3236722946167
2002-08-19,9.357864379882812
2002-08-20,9.174440383911133
2002-08-21,9.401391983032227
2002-08-22,9.497767448425293
2002-08-23,9.099825859069824
2002-08-26,9.39517593383789
2002-08-27,8.987908363342285
2002-08-28,8.835566520690918
2002-08-29,8.642815589904785
2002-08-30,8.577527046203613
2002-09-03,8.621051788330078
2002-09-04,8.658442497253418
2002-09-05,8.181741714477539
2002-09-06,8.219132423400879
2002-09-09,8.549393653869629
2002-09-10,8.434110641479492
2002-09-11,8.449692726135254
2002-09-12,8.287673950195312
2002-09-13,8.424763679504395
2002-09-16,8.35933780670166
2002-09-17,8.16616153717041
2002-09-18,8.23782730102539
2002-09-19,8.424763679504395
2002-09-20,8.524469375610352
2002-09-23,8.521349906921387
2002-09-24,8.471498489379883
2002-09-25,8.636629104614258
2002-09-26,9.041664123535156
2002-09-27,8.621051788330078
2002-09-30,8.418534278869629
2002-10-01,8.733217239379883
2002-10-02,8.483964920043945
2002-10-03,8.776837348937988
2002-10-04,8.577435493469238
2002-10-07,8.465270042419434
2002-10-08,8.471498489379883
2002-10-09,8.138127326965332
2002-10-10,8.315713882446289
2002-10-11,8.374916076660156
2002-10-14,8.337528228759766
2002-10-15,8.568084716796875
2002-10-16,8.496423721313477
2002-10-17,8.599245071411133
2002-10-18,8.599245071411133
2002-10-21,8.602359771728516
2002-10-22,8.683363914489746
2002-10-23,9.119559288024902
2002-10-24,9.16629409790039
2002-10-25,9.31895923614502
2002-10-28,9.072824478149414
2002-10-29,9.072824478149414
2002-10-30,9.315845489501953
2002-10-31,9.213030815124512
2002-11-01,9.347000122070312
2002-11-04,9.484094619750977
2002-11-05,9.611831665039062
2002-11-06,9.602486610412598
2002-11-07,9.294038772583008
2002-11-08,9.490323066711426
2002-11-11,9.150714874267578
2002-11-12,9.222373008728027
2002-11-13,9.424895286560059
2002-11-14,9.667913436889648
2002-11-15,9.739577293395996
2002-11-18,9.415541648864746
2002-11-19,9.468515396118164
2002-11-20,9.708420753479004
2002-11-21,9.62740707397461
2002-11-22,9.424895286560059
2002-11-25,9.428007125854492
2002-11-26,9.178754806518555
2002-11-27,9.424895286560059
2002-11-29,9.521480560302734
2002-12-02,9.546407699584961
2002-12-03,9.646105766296387
2002-12-04,9.739815711975098
2002-12-05,9.84914779663086
2002-12-06,9.88351058959961
2002-12-09,9.655477523803711
2002-12-10,9.864768981933594
2002-12-11,10.020957946777344
2002-12-12,10.208379745483398
2002-12-13,10.16777229309082
2002-12-16,10.149026870727539
2002-12-17,9.95223617553711
2002-12-18,9.86164379119873
2002-12-19,9.930366516113281
2002-12-20,9.97722339630127
2002-12-23,9.97722339630127
2002-12-24,9.842905044555664
2002-12-26,9.81478500366211
2002-12-27,9.680465698242188
2002-12-30,9.699209213256836
2002-12-31,9.746063232421875
2003-01-02,9.927244186401367
2003-01-03,9.789801597595215
2003-01-06,9.88663387298584
2003-01-07,9.839776039123535
2003-01-08,9.699209213256836
2003-01-09,9.817911148071289
2003-01-10,9.683589935302734
2003-01-13,9.564887046813965
2003-01-14,9.524280548095703
2003-01-15,9.352476119995117
2003-01-16,9.349355697631836
2003-01-17,9.233772277832031
2003-01-21,8.993246078491211
2003-01-22,8.862048149108887
2003-01-23,8.877668380737305
2003-01-24,8.815191268920898
2003-01-27,8.743346214294434
2003-01-28,8.718352317810059
2003-01-29,8.880788803100586
2003-01-30,8.59028434753418
2003-01-31,8.752717971801758
2003-02-03,8.815191268920898
2003-02-04,8.721481323242188
2003-02-05,9.471172332763672
2003-02-06,9.533651351928711
2003-02-07,9.258763313293457
2003-02-10,9.418072700500488
2003-02-11,9.518033981323242
2003-02-12,9.452433586120605
2003-02-13,9.352476119995117
2003-02-14,9.530529022216797
2003-02-18,9.81165885925293
2003-02-19,9.796050071716309
2003-02-20,9.81478500366211
2003-02-21,9.874138832092285
2003-02-24,9.464927673339844
2003-02-25,9.627366065979004
2003-02-26,9.402456283569336
2003-02-27,9.552395820617676
2003-02-28,9.593005180358887
2003-03-03,9.711705207824707
2003-03-04,9.758560180664062
2003-03-05,9.855648040771484
2003-03-06,9.824326515197754
2003-03-07,9.811802864074707
2003-03-10,9.630158424377441
2003-03-11,9.605103492736816
2003-03-12,9.583182334899902
2003-03-13,10.134371757507324
2003-03-14,10.178217887878418
2003-03-17,10.441283226013184
2003-03-18,10.253381729125977
2003-03-19,10.485127449035645
2003-03-20,10.585348129272461
2003-03-21,10.760720252990723
2003-03-24,10.579083442687988
2003-03-25,10.74506664276123
2003-03-26,10.68869686126709
2003-03-27,10.503924369812012
2003-03-28,10.33480453491211
2003-03-31,10.240853309631348
2003-04-01,10.26590633392334
2003-04-02,10.535237312316895
2003-04-03,10.460076332092285
2003-04-04,10.607268333435059
2003-04-07,10.657376289367676
2003-04-08,10.81082820892334
2003-04-09,10.629191398620605
2003-04-10,10.663639068603516
2003-04-11,10.575948715209961
2003-04-14,10.785773277282715
2003-04-15,10.958024024963379
2003-04-16,10.716879844665527
2003-04-17,11.001873016357422
2003-04-21,10.97368049621582
2003-04-22,11.214831352233887
2003-04-23,11.524870872497559
2003-04-24,11.430924415588379
2003-04-25,11.318177223205566
2003-04-28,11.565584182739258
2003-04-29,11.603170394897461
2003-04-30,11.52174186706543
2003-05-01,11.330702781677246
2003-05-02,11.421524047851562
2003-05-05,11.756625175476074
2003-05-06,11.841184616088867
2003-05-07,11.844311714172363
2003-05-08,11.737833976745605
2003-05-09,11.869362831115723
2003-05-12,12.032214164733887
2003-05-13,11.913213729858398
2003-05-14,11.794205665588379
2003-05-15,11.778546333312988
2003-05-16,11.559321403503418
2003-05-19,11.258671760559082
2003-05-20,11.221089363098145
2003-05-21,11.264934539794922
2003-05-22,11.25241470336914
2003-05-23,11.25241470336914
2003-05-27,11.321310043334961
2003-05-28,11.408994674682617
2003-05-29,11.3682861328125
2003-05-30,11.668932914733887
2003-06-02,11.603170394897461
2003-06-03,11.506077766418457
2003-06-04,11.754036903381348
2003-06-05,11.568851470947266
2003-06-06,11.16397762298584
2003-06-09,11.03529167175293
2003-06-10,11.267548561096191
2003-06-11,11.154560089111328
2003-06-12,11.094929695129395
2003-06-13,10.985076904296875
2003-06-16,11.132591247558594
2003-06-17,10.991353034973145
2003-06-18,10.985076904296875
2003-06-19,10.853252410888672
2003-06-20,10.828143119812012
2003-06-23,11.063542366027832
2003-06-24,10.931723594665527
2003-06-25,11.019599914550781
2003-06-26,11.145142555236816
2003-06-27,11.201641082763672
2003-06-30,11.123172760009766
2003-07-01,11.113759994506836
2003-07-02,11.110620498657227
2003-07-03,10.925440788269043
2003-07-07,11.223605155944824
2003-07-08,11.562577247619629
2003-07-09,11.61593246459961
2003-07-10,11.568851470947266
2003-07-11,11.63162899017334
2003-07-14,11.848187446594238
2003-07-15,11.754036903381348
2003-07-16,11.926658630371094
2003-07-17,11.741474151611328
2003-07-18,11.848187446594238
2003-07-21,11.612794876098633
2003-07-22,11.672429084777832
2003-07-23,11.330322265625
2003-07-24,11.283238410949707
2003-07-25,11.528053283691406
2003-07-28,11.415066719055176
2003-07-29,11.550023078918457
2003-07-30,11.518638610839844
2003-07-31,11.587691307067871
2003-08-01,11.330322265625
2003-08-04,11.4119291305542
2003-08-05,11.320904731750488
2003-08-06,11.22046947479248
2003-08-07,11.336600303649902
2003-08-08,11.380541801452637
2003-08-11,11.584545135498047
2003-08-12,11.769722938537598
2003-08-13,11.68498420715332
2003-08-14,11.791693687438965
2003-08-15,11.769722938537598
2003-08-18,11.760309219360352
2003-08-19,11.741474151611328
2003-08-20,11.63162899017334
2003-08-21,11.857603073120117
2003-08-22,11.68498420715332
2003-08-25,11.578269958496094
2003-08-26,11.584545135498047
2003-08-27,11.543744087219238
2003-08-28,11.823077201843262
2003-08-29,11.89840030670166
2003-09-02,12.215404510498047
2003-09-03,12.344351768493652
2003-09-04,12.284592628479004
2003-09-05,11.988961219787598
2003-09-08,12.23427963256836
2003-09-09,12.158795356750488
2003-09-10,12.077019691467285
2003-09-11,12.127347946166992
2003-09-12,12.17451000213623
2003-09-15,12.231136322021484
2003-09-16,12.592812538146973
2003-09-17,12.328631401062012
2003-09-18,12.86014175415039
2003-09-19,12.45757007598877
2003-09-22,12.202821731567383
2003-09-23,12.404111862182617
2003-09-24,11.919760704040527
2003-09-25,11.768804550170898
2003-09-26,11.72163200378418
2003-09-29,11.938637733459473
2003-09-30,11.715340614318848
2003-10-01,12.16193962097168
2003-10-02,12.070727348327637
2003-10-03,12.265729904174805
2003-10-06,12.18395709991455
2003-10-07,12.24685287475586
2003-10-08,12.108470916748047
2003-10-09,12.322339057922363
2003-10-10,12.38209342956543
2003-10-13,12.555072784423828
2003-10-14,12.599105834960938
2003-10-15,12.507895469665527
2003-10-16,12.63999080657959
2003-10-17,12.410396575927734
2003-10-20,12.649420738220215
2003-10-21,12.621119499206543
2003-10-22,12.218551635742188
2003-10-23,12.202821731567383
2003-10-24,12.473294258117676
2003-10-27,12.44499397277832
2003-10-28,12.633699417114258
2003-10-29,12.41668701171875
2003-10-30,12.341207504272461
2003-10-31,12.375802993774414
2003-11-03,12.693452835083008
2003-11-04,12.702887535095215
2003-11-05,12.702887535095215
2003-11-06,12.86014175415039
2003-11-07,12.98908805847168
2003-11-10,13.01424789428711
2003-11-11,12.847558975219727
2003-11-12,13.240692138671875
2003-11-13,13.372780799865723
2003-11-14,12.674582481384277
2003-11-17,12.328631401062012
2003-11-18,12.086457252502441
2003-11-19,12.243705749511719
2003-11-20,12.058149337768555
2003-11-21,12.055007934570312
2003-11-24,12.240565299987793
2003-11-25,12.259428977966309
2003-11-26,12.297179222106934
2003-11-28,12.385239601135254
2003-12-01,12.882158279418945
2003-12-02,12.410396575927734
2003-12-03,12.214813232421875
2003-12-04,12.322064399719238
2003-12-05,12.110706329345703
2003-12-08,12.42932415008545
2003-12-09,12.208502769470215
2003-12-10,12.299980163574219
2003-12-11,12.546048164367676
2003-12-12,12.287369728088379
2003-12-15,12.041304588317871
2003-12-16,11.971902847290039
2003-12-17,11.874105453491211
2003-12-18,11.845717430114746
2003-12-19,11.669052124023438
2003-12-22,11.751077651977539
2003-12-23,11.829940795898438
2003-12-24,11.798399925231934
2003-12-26,11.741613388061523
2003-12-29,12.000295639038086
2003-12-30,12.044462203979492
2003-12-31,11.959277153015137
2004-01-02,11.965596199035645
2004-01-05,12.227428436279297
2004-01-06,12.296823501586914
2004-01-07,12.07284927368164
2004-01-08,12.082317352294922
2004-01-09,11.918268203735352
2004-01-12,11.852023124694824
2004-01-13,11.893033981323242
2004-01-14,11.855182647705078
2004-01-15,11.747919082641602
2004-01-16,12.120165824890137
2004-01-20,12.25266170501709
2004-01-21,12.318914413452148
2004-01-22,12.214813232421875
2004-01-23,12.340989112854004
2004-01-26,12.334687232971191
2004-01-27,12.07284927368164
2004-01-28,11.952970504760742
2004-01-29,12.082317352294922
2004-01-30,11.959277153015137
2004-02-02,12.07600212097168
2004-02-03,12.183265686035156
2004-02-04,12.646995544433594
2004-02-05,12.42932415008545
2004-02-06,12.713244438171387
2004-02-09,12.67223834991455
2004-02-10,12.833122253417969
2004-02-11,12.9530029296875
2004-02-12,12.738485336303711
2004-02-13,12.549205780029297
2004-02-17,12.564980506896973
2004-02-18,12.419862747192383
2004-02-19,12.423020362854004
2004-02-20,12.596525192260742
2004-02-23,12.391469955444336
2004-02-24,12.520812034606934
2004-02-25,12.549205780029297
2004-02-26,12.574438095092773
2004-02-27,12.495572090148926
2004-03-01,12.722713470458984
2004-03-02,12.587058067321777
2004-03-03,12.561822891235352
2004-03-04,12.640685081481934
2004-03-05,12.61545467376709
2004-03-08,12.514497756958008
2004-03-09,12.533435821533203
2004-03-10,12.271595001220703
2004-03-11,12.271590232849121
2004-03-12,12.57221794128418
2004-03-15,12.2462797164917
2004-03-16,12.192482948303223
2004-03-17,12.432978630065918
2004-03-18,12.42981243133545
2004-03-19,12.116536140441895
2004-03-22,11.904521942138672
2004-03-23,12.385510444641113
2004-03-24,12.841187477111816
2004-03-25,12.986751556396484
2004-03-26,12.87916088104248
2004-03-29,12.948782920837402
2004-03-30,13.113327980041504
2004-03-31,13.132308006286621
2004-04-01,13.474071502685547
2004-04-02,13.705073356628418
2004-04-05,13.79051399230957
2004-04-06,13.875954627990723
2004-04-07,13.660767555236816
2004-04-08,13.325342178344727
2004-04-12,13.429766654968262
2004-04-13,13.243067741394043
2004-04-14,13.227246284484863
2004-04-15,13.274713516235352
2004-04-16,13.179774284362793
2004-04-19,13.312687873840332
2004-04-20,13.287373542785645
2004-04-21,13.1481351852417
2004-04-22,13.28420352935791
2004-04-23,13.25572395324707
2004-04-26,13.141803741455078
2004-04-27,13.20826530456543
2004-04-28,13.106999397277832
2004-04-29,13.050036430358887
2004-04-30,12.986751556396484
2004-05-03,13.144970893859863
2004-05-04,12.945615768432617
2004-05-05,13.0880126953125
2004-05-06,13.106999397277832
2004-05-07,13.043707847595215
2004-05-10,12.92662239074707
2004-05-11,12.736764907836914
2004-05-12,12.806384086608887
2004-05-13,12.755753517150879
2004-05-14,12.71461009979248
2004-05-17,12.540565490722656
2004-05-18,12.512086868286133
2004-05-19,12.328554153442383
2004-05-20,12.360196113586426
2004-05-21,12.569046020507812
2004-05-24,12.65449047088623
2004-05-25,13.167128562927246
2004-05-26,13.059534072875977
2004-05-27,13.015229225158691
2004-05-28,13.15762710571289
2004-06-01,13.258893013000488
2004-06-02,13.347749710083008
2004-06-03,13.173209190368652
2004-06-04,13.223978996276855
2004-06-07,13.427081108093262
2004-06-08,13.655574798583984
2004-06-09,13.487386703491211
2004-06-10,13.573070526123047
2004-06-14,13.446120262145996
2004-06-15,13.690482139587402
2004-06-16,13.680967330932617
2004-06-17,13.642890930175781
2004-06-18,13.646055221557617
2004-06-21,13.515944480895996
2004-06-22,13.728564262390137
2004-06-23,14.017352104187012
2004-06-24,13.868200302124023
2004-06-25,14.255370140075684
2004-06-28,14.48386001586914
2004-06-29,14.34740161895752
2004-06-30,14.547327995300293
2004-07-01,14.44577693939209
2004-07-02,14.452134132385254
2004-07-06,14.423563003540039
2004-07-07,14.572712898254395
2004-07-08,14.188728332519531
2004-07-09,14.33470344543457
2004-07-12,14.325185775756836
2004-07-13,14.414048194885254
2004-07-14,14.37913990020752
2004-07-15,14.594932556152344
2004-07-16,14.388664245605469
2004-07-19,14.540985107421875
2004-07-20,14.798036575317383
2004-07-21,14.128430366516113
2004-07-22,14.080825805664062
2004-07-23,13.934853553771973
2004-07-26,13.839641571044922
2004-07-27,13.725393295288086
2004-07-28,13.728564262390137
2004-07-29,13.966583251953125
2004-07-30,13.877727508544922
2004-08-02,14.036396980285645
2004-08-03,13.97292423248291
2004-08-04,13.991972923278809
2004-08-05,13.595282554626465
2004-08-06,13.081169128417969
2004-08-09,13.335055351257324
2004-08-10,13.636534690856934
2004-08-11,13.623842239379883
2004-08-12,13.338223457336426
2004-08-13,13.201767921447754
2004-08-16,13.274760246276855
2004-08-17,13.389006614685059
2004-08-18,13.5603666305542
2004-08-19,13.414397239685059
2004-08-20,13.500080108642578
2004-08-23,13.338223457336426
2004-08-24,13.398524284362793
2004-08-25,13.592110633850098
2004-08-26,13.481036186218262
2004-08-27,13.585756301879883
2004-08-30,13.347749710083008
2004-08-31,13.541326522827148
2004-09-01,13.617714881896973
2004-09-02,13.885029792785645
2004-09-03,13.795930862426758
2004-09-07,14.165087699890137
2004-09-08,14.037796020507812
2004-09-09,14.10781192779541
2004-09-10,14.228738784790039
2004-09-13,14.273294448852539
2004-09-14,14.17781925201416
2004-09-15,14.165087699890137
2004-09-16,14.273294448852539
2004-09-17,14.384678840637207
2004-09-20,14.467429161071777
2004-09-21,14.58199405670166
2004-09-22,14.298763275146484
2004-09-23,14.203287124633789
2004-09-24,14.521522521972656
2004-09-27,14.445144653320312
2004-09-28,14.42605972290039
2004-09-29,14.766572952270508
2004-09-30,14.76339054107666
2004-10-01,15.158020973205566
2004-10-04,15.062542915344238
2004-10-05,15.202570915222168
2004-10-06,15.119833946228027
2004-10-07,14.874772071838379
2004-10-08,14.903423309326172
2004-10-11,14.881135940551758
2004-10-12,14.776121139526367
2004-10-13,14.620177268981934
2004-10-14,14.680646896362305
2004-10-15,15.052998542785645
2004-10-18,15.294868469238281
2004-10-19,14.85250473022461
2004-10-20,16.05228614807129
2004-10-21,16.63467788696289
2004-10-22,16.485097885131836
2004-10-25,16.656953811645508
2004-10-26,17.217063903808594
2004-10-27,17.13432502746582
2004-10-28,17.057941436767578
2004-10-29,17.1661434173584
2004-11-01,17.013395309448242
2004-11-02,16.663311004638672
2004-11-03,17.02293586730957
2004-11-04,17.287067413330078
2004-11-05,17.45893669128418
2004-11-08,17.449384689331055
2004-11-09,17.369827270507812
2004-11-10,17.334814071655273
2004-11-11,17.5194034576416
2004-11-12,17.341184616088867
2004-11-15,16.57102394104004
2004-11-16,16.402355194091797
2004-11-17,16.67605209350586
2004-11-18,16.672863006591797
2004-11-19,16.472370147705078
2004-11-22,16.733341217041016
2004-11-23,16.79379653930664
2004-11-24,16.981563568115234
2004-11-26,16.80652618408203
2004-11-29,16.933822631835938
2004-11-30,17.105676651000977
2004-12-01,17.389705657958984
2004-12-02,17.198226928710938
2004-12-03,17.415233612060547
2004-12-06,17.29077911376953
2004-12-07,16.933351516723633
2004-12-08,17.376935958862305
2004-12-09,17.278013229370117
2004-12-10,16.978017807006836
2004-12-13,17.217370986938477
2004-12-14,17.55565071105957
2004-12-15,17.402475357055664
2004-12-16,17.281198501586914
2004-12-17,17.373748779296875
2004-12-20,17.44076919555664
2004-12-21,17.625865936279297
2004-12-22,17.766294479370117
2004-12-23,17.75351905822754
2004-12-27,17.574811935424805
2004-12-28,17.98968505859375
2004-12-29,17.938631057739258
2004-12-30,17.938631057739258
2004-12-31,17.718420028686523
2005-01-03,17.52374267578125
2005-01-04,17.447162628173828
2005-01-05,17.60352325439453
2005-01-06,17.600332260131836
2005-01-07,17.364179611206055
2005-01-10,17.651403427124023
2005-01-11,17.619489669799805
2005-01-12,17.04823112487793
2005-01-13,16.614206314086914
2005-01-14,16.59824562072754
2005-01-18,16.684415817260742
2005-01-19,16.559955596923828
2005-01-20,16.4674072265625
2005-01-21,16.406774520874023
2005-01-24,16.288694381713867
2005-01-25,16.441871643066406
2005-01-26,16.52804183959961
2005-01-27,16.387617111206055
2005-01-28,16.199338912963867
2005-01-31,16.43549346923828
2005-02-01,16.49931526184082
2005-02-02,16.489744186401367
2005-02-03,16.374849319458008
2005-02-04,16.397188186645508
2005-02-07,16.700380325317383
2005-02-08,17.03227996826172
2005-02-09,16.591867446899414
2005-02-10,16.34294319152832
2005-02-11,16.706748962402344
2005-02-14,16.617393493652344
2005-02-15,17.060991287231445
2005-02-16,17.2460994720459
2005-02-17,17.096113204956055
2005-02-18,16.904619216918945
2005-02-22,16.582300186157227
2005-02-23,16.917388916015625
2005-02-24,17.306732177734375
2005-02-25,17.495023727416992
2005-02-28,17.45673179626465
2005-03-01,17.562040328979492
2005-03-02,17.45353889465332
2005-03-03,17.21417808532715
2005-03-04,17.316308975219727
2005-03-07,17.680130004882812
2005-03-08,17.581193923950195
2005-03-09,17.552392959594727
2005-03-10,17.312387466430664
2005-03-11,17.289979934692383
2005-03-14,17.35398292541504
2005-03-15,17.197179794311523
2005-03-16,16.91237449645996
2005-03-17,17.03398323059082
2005-03-18,16.873966217041016
2005-03-21,16.774776458740234
2005-03-22,16.621166229248047
2005-03-23,16.429162979125977
2005-03-24,16.640365600585938
2005-03-28,16.55076789855957
2005-03-29,16.352359771728516
2005-03-30,16.665969848632812
2005-03-31,16.48996925354004
2005-04-01,16.390766143798828
2005-04-04,16.313962936401367
2005-04-05,16.387563705444336
2005-04-06,16.26915740966797
2005-04-07,16.262758255004883
2005-04-08,15.878743171691895
2005-04-11,15.747542381286621
2005-04-12,15.965150833129883
2005-04-13,15.558748245239258
2005-04-14,15.376347541809082
2005-04-15,15.309136390686035
2005-04-18,15.437143325805664
2005-04-19,15.68034553527832
2005-04-20,15.427541732788086
2005-04-21,15.67395305633545
2005-04-22,15.273940086364746
2005-04-25,15.360339164733887
2005-04-26,15.136333465576172
2005-04-27,16.262758255004883
2005-04-28,16.253158569335938
2005-04-29,16.512367248535156
2005-05-02,16.774776458740234
2005-05-03,16.870771408081055
2005-05-04,17.4307861328125
2005-05-05,17.61959457397461
2005-05-06,17.651582717895508
2005-05-09,17.67079734802246
2005-05-10,17.529985427856445
2005-05-11,17.68999671936035
2005-05-12,17.603588104248047
2005-05-13,17.40838623046875
2005-05-16,17.731595993041992
2005-05-17,17.827594757080078
2005-05-18,18.35560417175293
2005-05-19,18.528411865234375
2005-05-20,18.560413360595703
2005-05-23,18.538007736206055
2005-05-24,18.97001838684082
2005-05-25,18.694814682006836
2005-05-26,18.90601921081543
2005-05-27,18.602012634277344
2005-05-31,18.294797897338867
2005-06-01,18.483613967895508
2005-06-02,18.342809677124023
2005-06-03,18.24040985107422
2005-06-06,18.298009872436523
2005-06-07,18.096399307250977
2005-06-08,17.810834884643555
2005-06-09,17.798006057739258
2005-06-10,17.643997192382812
2005-06-13,17.75629234313965
2005-06-14,17.804414749145508
2005-06-15,17.935977935791016
2005-06-16,18.30496597290039
2005-06-17,18.574474334716797
2005-06-20,18.51030921936035
2005-06-21,18.503894805908203
2005-06-22,18.54880714416504
2005-06-23,18.179828643798828
2005-06-24,18.048269271850586
2005-06-27,18.269662857055664
2005-06-28,18.51673126220703
2005-06-29,18.776622772216797
2005-06-30,18.673948287963867
2005-07-01,18.69640350341797
2005-07-05,18.856836318969727
2005-07-06,18.73490333557129
2005-07-07,18.673948287963867
2005-07-08,18.596939086914062
2005-07-11,19.07501792907715
2005-07-12,19.135982513427734
2005-07-13,19.107101440429688
2005-07-14,19.238666534423828
2005-07-15,19.309246063232422
2005-07-18,19.190526962280273
2005-07-19,19.026887893676758
2005-07-20,19.280364990234375
2005-07-21,19.241863250732422
2005-07-22,19.344532012939453
2005-07-25,19.03972053527832
2005-07-26,19.219404220581055
2005-07-27,19.89640998840332
2005-07-28,20.05684471130371
2005-07-29,20.07609748840332
2005-08-01,20.101768493652344
2005-08-02,19.9926700592041
2005-08-03,19.761655807495117
2005-08-04,19.328489303588867
2005-08-05,19.168067932128906
2005-08-08,19.155227661132812
2005-08-09,19.00763702392578
2005-08-10,18.92742919921875
2005-08-11,18.97234535217285
2005-08-12,18.94666862487793
2005-08-15,19.023677825927734
2005-08-16,18.706029891967773
2005-08-17,18.811920166015625
2005-08-18,18.911378860473633
2005-08-19,18.930627822875977
2005-08-22,19.22260856628418
2005-08-23,19.06218910217285
2005-08-24,19.32529067993164
2005-08-25,19.578763961791992
2005-08-26,19.344532012939453
2005-08-29,19.54667854309082
2005-08-30,19.399091720581055
2005-08-31,19.812997817993164
2005-09-01,20.1402645111084
2005-09-02,19.92850112915039
2005-09-06,20.104965209960938
2005-09-07,20.31724739074707
2005-09-08,19.892698287963867
2005-09-09,19.921649932861328
2005-09-12,20.005271911621094
2005-09-13,19.921649932861328
2005-09-14,19.96989631652832
2005-09-15,19.879844665527344
2005-09-16,19.722238540649414
2005-09-19,19.683637619018555
2005-09-20,19.619312286376953
2005-09-21,19.71580696105957
2005-09-22,19.648256301879883
2005-09-23,19.442424774169922
2005-09-26,19.42312240600586
2005-09-27,19.625747680664062
2005-09-28,19.641826629638672
2005-09-29,20.243268966674805
2005-09-30,20.626018524169922
2005-10-03,20.732149124145508
2005-10-04,20.54560661315918
2005-10-05,20.182161331176758
2005-10-06,20.00205421447754
2005-10-07,20.150009155273438
2005-10-10,20.256147384643555
2005-10-11,20.735368728637695
2005-10-12,20.519882202148438
2005-10-13,20.079246520996094
2005-10-14,20.0599422454834
2005-10-17,20.436243057250977
2005-10-18,19.812294006347656
2005-10-19,19.74796485900879
2005-10-20,19.554990768432617
2005-10-21,19.722238540649414
2005-10-24,20.558475494384766
2005-10-25,21.16956329345703
2005-10-26,21.504058837890625
2005-10-27,21.034482955932617
2005-10-28,22.185914993286133
2005-10-31,22.681215286254883
2005-11-01,23.035001754760742
2005-11-02,23.62679672241211
2005-11-03,23.967731475830078
2005-11-04,23.253721237182617
2005-11-07,23.749021530151367
2005-11-08,23.8133487701416
2005-11-09,24.42444610595703
2005-11-10,25.0162410736084
2005-11-11,25.53727912902832
2005-11-14,24.823259353637695
2005-11-15,24.321516036987305
2005-11-16,24.321516036987305
2005-11-17,25.086990356445312
2005-11-18,25.71096420288086
2005-11-21,26.470001220703125
2005-11-22,26.53432273864746
2005-11-23,26.630815505981445
2005-11-25,26.682273864746094
2005-11-28,26.193416595458984
2005-11-29,26.354209899902344
2005-11-30,26.051881790161133
2005-12-01,26.328479766845703
2005-12-02,25.665924072265625
2005-12-05,25.505104064941406
2005-12-06,25.608030319213867
2005-12-07,25.072370529174805
2005-12-08,24.949758529663086
2005-12-09,24.949758529663086
2005-12-12,24.5819034576416
2005-12-13,24.34957504272461
2005-12-14,23.891359329223633
2005-12-15,24.24630355834961
2005-12-16,23.7493896484375
2005-12-19,23.37508201599121
2005-12-20,23.213733673095703
2005-12-21,23.91071891784668
2005-12-22,24.420557022094727
2005-12-23,24.646438598632812
2005-12-27,24.136600494384766
2005-12-28,24.343116760253906
2005-12-29,24.627077102661133
2005-12-30,23.89781379699707
2006-01-03,24.072067260742188
2006-01-04,24.562538146972656
2006-01-05,24.65934181213379
2006-01-06,24.5754451751709
2006-01-09,24.084970474243164
2006-01-10,23.82036781311035
2006-01-11,23.607402801513672
2006-01-12,23.542865753173828
2006-01-13,23.58159065246582
2006-01-17,23.446062088012695
2006-01-18,23.86554718017578
2006-01-19,24.49799919128418
2006-01-20,23.76874351501465
2006-01-23,23.878459930419922
2006-01-24,25.20145606994629
2006-01-25,25.072370529174805
2006-01-26,26.066232681274414
2006-01-27,26.0985107421875
2006-01-30,26.092060089111328
2006-01-31,26.111421585083008
2006-02-01,25.653200149536133
2006-02-02,25.58867073059082
2006-02-03,25.5628604888916
2006-02-06,26.08559799194336
2006-02-07,26.272747039794922
2006-02-08,27.111726760864258
2006-02-09,27.066551208496094
2006-02-10,27.079456329345703
2006-02-13,26.86004638671875
2006-02-14,27.544116973876953
2006-02-15,27.718368530273438
2006-02-16,27.640926361083984
2006-02-17,27.82807731628418
2006-02-21,27.415035247802734
2006-02-22,28.408916473388672
2006-02-23,28.557340621948242
2006-02-24,28.563798904418945
2006-02-27,29.267242431640625
2006-02-28,28.925193786621094
2006-03-01,29.564111709594727
2006-03-02,29.36404800415039
2006-03-03,29.21561622619629
2006-03-06,28.970375061035156
2006-03-07,28.750944137573242
2006-03-08,28.5308895111084
2006-03-09,28.5308895111084
2006-03-10,29.029264450073242
2006-03-13,28.86098861694336
2006-03-14,29.670040130615234
2006-03-15,29.94190216064453
2006-03-16,29.424097061157227
2006-03-17,29.314062118530273
2006-03-20,29.598846435546875
2006-03-21,29.6635799407959
2006-03-22,30.615034103393555
2006-03-23,30.401443481445312
2006-03-24,30.440271377563477
2006-03-27,31.95486068725586
2006-03-28,31.974279403686523
2006-03-29,32.10370635986328
2006-03-30,32.01957321166992
2006-03-31,31.773611068725586
2006-04-03,31.961320877075195
2006-04-04,32.4338264465332
2006-04-05,33.2946662902832
2006-04-06,33.76068878173828
2006-04-07,33.8448371887207
2006-04-10,33.838348388671875
2006-04-11,33.903076171875
2006-04-12,33.980751037597656
2006-04-13,33.28818893432617
2006-04-17,31.773611068725586
2006-04-18,31.566511154174805
2006-04-19,31.967803955078125
2006-04-20,32.2266845703125
2006-04-21,31.534135818481445
2006-04-24,31.508237838745117
2006-04-25,32.38850021362305
2006-04-26,29.702415466308594
2006-04-27,29.24932098388672
2006-04-28,28.705650329589844
2006-05-01,29.25581169128418
2006-05-02,29.9677791595459
2006-05-03,29.831844329833984
2006-05-04,31.223453521728516
2006-05-05,31.49530029296875
2006-05-08,32.16844940185547
2006-05-09,32.110191345214844
2006-05-10,32.03252410888672
2006-05-11,31.624738693237305
2006-05-12,30.550317764282227
2006-05-15,30.22667694091797
2006-05-16,30.06487464904785
2006-05-17,29.579429626464844
2006-05-18,28.848039627075195
2006-05-19,28.524412155151367
2006-05-22,29.10047721862793
2006-05-23,29.016326904296875
2006-05-24,29.12636947631836
2006-05-25,29.25581169128418
2006-05-26,29.22344398498535
2006-05-30,28.49852180480957
2006-05-31,28.505001068115234
2006-06-01,29.54708480834961
2006-06-02,29.76713752746582
2006-06-05,28.692705154418945
2006-06-06,28.09722328186035
2006-06-07,28.5451717376709
2006-06-08,28.14266586303711
2006-06-09,28.298480987548828
2006-06-12,27.785612106323242
2006-06-13,27.9738826751709
2006-06-14,28.05178451538086
2006-06-15,29.655305862426758
2006-06-16,30.252559661865234
2006-06-19,30.473281860351562
2006-06-20,30.512224197387695
2006-06-21,31.953460693359375
2006-06-22,31.11600112915039
2006-06-23,31.654834747314453
2006-06-26,32.05732727050781
2006-06-27,31.343242645263672
2006-06-28,31.297761917114258
2006-06-29,33.71927261352539
2006-06-30,34.60216522216797
2006-07-03,35.5694694519043
2006-07-05,34.2451286315918
2006-07-06,34.43987274169922
2006-07-07,33.699798583984375
2006-07-10,33.667335510253906
2006-07-11,33.57645797729492
2006-07-12,32.99217224121094
2006-07-13,31.38216209411621
2006-07-14,30.187641143798828
2006-07-17,30.096750259399414
2006-07-18,30.285018920898438
2006-07-19,31.141956329345703
2006-07-20,28.649038314819336
2006-07-21,28.90224266052246
2006-07-24,30.038326263427734
2006-07-25,29.66178321838379
2006-07-26,29.402124404907227
2006-07-27,28.428314208984375
2006-07-28,30.122716903686523
2006-07-31,29.720211029052734
2006-08-01,28.934688568115234
2006-08-02,29.58388900756836
2006-08-03,31.005630493164062
2006-08-04,30.51873207092285
2006-08-07,30.161672592163086
2006-08-08,29.51247787475586
2006-08-09,28.3309326171875
2006-08-10,29.8955078125
2006-08-11,29.090490341186523
2006-08-14,29.285253524780273
2006-08-15,30.551185607910156
2006-08-16,31.096513748168945
2006-08-17,31.24582862854004
2006-08-18,31.109498977661133
2006-08-21,31.14845848083496
2006-08-22,30.551185607910156
2006-08-23,29.55790138244629
2006-08-24,29.6812744140625
2006-08-25,29.259288787841797
2006-08-28,30.408353805541992
2006-08-29,30.317481994628906
2006-08-30,29.454051971435547
2006-08-31,29.746183395385742
2006-09-01,29.88899803161621
2006-09-05,29.220333099365234
2006-09-06,28.1916446685791
2006-09-07,28.4650936126709
2006-09-08,28.146074295043945
2006-09-11,28.732017517089844
2006-09-12,29.79979705810547
2006-09-13,30.36623764038086
2006-09-14,29.532852172851562
2006-09-15,29.637033462524414
2006-09-18,29.070598602294922
2006-09-19,29.259397506713867
2006-09-20,29.33101463317871
2006-09-21,28.86224937438965
2006-09-22,28.263263702392578
2006-09-25,28.432540893554688
2006-09-26,29.22684669494629
2006-09-27,29.493791580200195
2006-09-28,28.972938537597656
2006-09-29,29.025014877319336
2006-10-02,27.989809036254883
2006-10-03,28.373945236206055
2006-10-04,29.298473358154297
2006-10-05,29.682601928710938
2006-10-06,28.718996047973633
2006-10-09,28.536699295043945
2006-10-10,28.914337158203125
2006-10-11,28.06141471862793
2006-10-12,28.159074783325195
2006-10-13,28.067930221557617
2006-10-16,28.41951560974121
2006-10-17,27.22153091430664
2006-10-18,26.49882698059082
2006-10-19,28.08745574951172
2006-10-20,28.29581069946289
2006-10-23,27.81401252746582
2006-10-24,27.709835052490234
2006-10-25,28.5627498626709
2006-10-26,28.4650936126709
2006-10-27,27.840044021606445
2006-10-30,27.97026824951172
2006-10-31,27.17595672607422
2006-11-01,27.00667953491211
2006-11-02,26.86344337463379
2006-11-03,26.830867767333984
2006-11-06,27.35825538635254
2006-11-07,27.48196792602539
2006-11-08,27.22153091430664
2006-11-09,26.694143295288086
2006-11-10,27.0913143157959
2006-11-13,27.774940490722656
2006-11-14,27.638216018676758
2006-11-15,27.93120002746582
2006-11-16,28.67995262145996
2006-11-17,28.380449295043945
2006-11-20,27.833559036254883
2006-11-21,27.879114151000977
2006-11-22,27.800989151000977
2006-11-24,27.748916625976562
2006-11-27,28.764583587646484
2006-11-28,28.82318687438965
2006-11-29,28.79713249206543
2006-11-30,28.653905868530273
2006-12-01,28.302326202392578
2006-12-04,27.996328353881836
2006-12-05,27.989809036254883
2006-12-06,28.035564422607422
2006-12-07,27.767498016357422
2006-12-08,27.51251792907715
2006-12-11,27.80672836303711
2006-12-12,27.878664016723633
2006-12-13,27.590978622436523
2006-12-14,28.35593605041504
2006-12-15,28.09440803527832
2006-12-18,27.165998458862305
2006-12-19,26.806396484375
2006-12-20,26.82600975036621
2006-12-21,26.610258102416992
2006-12-22,25.786466598510742
2006-12-26,26.48603057861328
2006-12-27,26.66255760192871
2006-12-28,26.75408363342285
2006-12-29,26.73448944091797
2007-01-03,28.310178756713867
2007-01-04,28.434412002563477
2007-01-05,28.146718978881836
2007-01-08,28.316709518432617
2007-01-09,28.401700973510742
2007-01-10,28.24478530883789
2007-01-11,28.800540924072266
2007-01-12,29.160133361816406
2007-01-16,29.035898208618164
2007-01-17,28.885520935058594
2007-01-18,28.813600540161133
2007-01-19,29.114368438720703
2007-01-22,28.552080154418945
2007-01-23,28.440935134887695
2007-01-24,28.650157928466797
2007-01-25,28.0421142578125
2007-01-26,28.074798583984375
2007-01-29,28.159791946411133
2007-01-30,28.610929489135742
2007-01-31,34.782936096191406
2007-02-01,34.3906364440918
2007-02-02,34.58024597167969
2007-02-05,34.0964241027832
2007-02-06,33.985286712646484
2007-02-07,34.554100036621094
2007-02-08,34.325260162353516
2007-02-09,33.86107635498047
2007-02-12,33.6191520690918
2007-02-13,33.78260803222656
2007-02-14,34.73063278198242
2007-02-15,34.34488296508789
2007-02-16,34.46257019042969
2007-02-20,35.32560348510742
2007-02-21,35.554439544677734
2007-02-22,35.29944610595703
2007-02-23,35.24714279174805
2007-02-26,34.25989532470703
2007-02-27,33.7695198059082
2007-02-28,33.31840133666992
2007-03-01,33.32492446899414
2007-03-02,32.6711311340332
2007-03-05,32.6711311340332
2007-03-06,32.99147415161133
2007-03-07,33.1817626953125
2007-03-08,33.52296829223633
2007-03-09,31.902271270751953
2007-03-12,31.784160614013672
2007-03-13,30.668697357177734
2007-03-14,30.911479949951172
2007-03-15,31.19362449645996
2007-03-16,31.154247283935547
2007-03-19,31.23297691345215
2007-03-20,31.298603057861328
2007-03-21,32.250022888183594
2007-03-22,31.876028060913086
2007-03-23,32.394386291503906
2007-03-26,32.125362396240234
2007-03-27,31.73823356628418
2007-03-28,31.27236557006836
2007-03-29,31.219865798950195
2007-03-30,31.528268814086914
2007-04-02,31.16737937927246
2007-04-03,32.23035430908203
2007-04-04,32.1516227722168
2007-04-05,32.04662322998047
2007-04-09,31.987573623657227
2007-04-10,31.948183059692383
2007-04-11,31.397016525268555
2007-04-12,32.21724319458008
2007-04-13,32.696197509765625
2007-04-16,33.7919921875
2007-04-17,33.34579849243164
2007-04-18,33.536102294921875
2007-04-19,33.667327880859375
2007-04-20,34.02164840698242
2007-04-23,33.96260070800781
2007-04-24,33.56232833862305
2007-04-25,37.243377685546875
2007-04-26,36.42972946166992
2007-04-27,36.22632598876953
2007-04-30,35.078060150146484
2007-05-01,35.36676025390625
2007-05-02,36.259124755859375
2007-05-03,36.462562561035156
2007-05-04,36.29193115234375
2007-05-07,36.58064651489258
2007-05-08,36.94809341430664
2007-05-09,36.58720397949219
2007-05-10,35.189598083496094
2007-05-11,35.169918060302734
2007-05-14,34.86152267456055
2007-05-15,34.59906768798828
2007-05-16,34.841835021972656
2007-05-17,34.205360412597656
2007-05-18,34.35628890991211
2007-05-21,34.421897888183594
2007-05-22,34.17912673950195
2007-05-23,34.21849822998047
2007-05-24,33.46391296386719
2007-05-25,33.52296829223633
2007-05-29,33.87729263305664
2007-05-30,34.395652770996094
2007-05-31,35.550479888916016
2007-06-01,35.61610412597656
2007-06-04,35.202728271484375
2007-06-05,34.540016174316406
2007-06-06,34.05937957763672
2007-06-07,33.7762565612793
2007-06-08,34.500518798828125
2007-06-11,34.678260803222656
2007-06-12,33.90794372558594
2007-06-13,34.90871810913086
2007-06-14,35.60662841796875
2007-06-15,36.054351806640625
2007-06-18,35.11283493041992
2007-06-19,35.26424789428711
2007-06-20,34.921905517578125
2007-06-21,35.54738235473633
2007-06-22,35.106231689453125
2007-06-25,34.95479965209961
2007-06-26,34.96139144897461
2007-06-27,35.066741943359375
2007-06-28,35.000892639160156
2007-06-29,34.579524993896484
2007-07-02,34.65192794799805
2007-07-03,35.060150146484375
2007-07-05,34.237152099609375
2007-07-06,34.237152099609375
2007-07-09,34.15155029296875
2007-07-10,33.82892990112305
2007-07-11,34.27006912231445
2007-07-12,34.40174102783203
2007-07-13,34.4214973449707
2007-07-16,35.07331085205078
2007-07-17,35.25767517089844
2007-07-18,35.36961364746094
2007-07-19,35.902923583984375
2007-07-20,35.56711959838867
2007-07-23,35.46177673339844
2007-07-24,34.57292175292969
2007-07-25,32.94008255004883
2007-07-26,32.722801208496094
2007-07-27,32.45286560058594
2007-07-30,33.05202102661133
2007-07-31,32.03147506713867
2007-08-01,32.36726760864258
2007-08-02,32.617469787597656
2007-08-03,30.971450805664062
2007-08-06,32.35411071777344
2007-08-07,32.59111404418945
2007-08-08,33.85525894165039
2007-08-09,33.973777770996094
2007-08-10,32.73596954345703
2007-08-13,32.3475227355957
2007-08-14,31.188724517822266
2007-08-15,30.714662551879883
2007-08-16,31.004364013671875
2007-08-17,31.781278610229492
2007-08-20,31.741775512695312
2007-08-21,31.313827514648438
2007-08-22,32.380428314208984
2007-08-23,32.13023376464844
2007-08-24,32.65037536621094
2007-08-27,32.13023376464844
2007-08-28,31.333568572998047
2007-08-29,32.11048889160156
2007-08-30,31.840539932250977
2007-08-31,32.288265228271484
2007-09-04,32.98618698120117
2007-09-05,32.609527587890625
2007-09-06,33.12493896484375
2007-09-07,31.816577911376953
2007-09-10,32.18001174926758
2007-09-11,33.389251708984375
2007-09-12,33.17119598388672
2007-09-13,33.442108154296875
2007-09-14,34.195411682128906
2007-09-17,33.54122543334961
2007-09-18,35.14692687988281
2007-09-19,35.68215560913086
2007-09-20,35.08084487915039
2007-09-21,35.64912414550781
2007-09-24,35.66231918334961
2007-09-25,36.541141510009766
2007-09-26,36.43545150756836
2007-09-27,36.55436706542969
2007-09-28,35.87378692626953
2007-10-01,36.36274719238281
2007-10-02,36.56098556518555
2007-10-03,35.457496643066406
2007-10-04,35.074249267578125
2007-10-05,35.84735107421875
2007-10-08,35.08084487915039
2007-10-09,35.358367919921875
2007-10-10,34.44649124145508
2007-10-11,34.33414077758789
2007-10-12,35.49714279174805
2007-10-15,35.31211471557617
2007-10-16,34.955299377441406
2007-10-17,35.17996597290039
2007-10-18,35.741615295410156
2007-10-19,34.20199966430664
2007-10-22,35.074249267578125
2007-10-23,34.254859924316406
2007-10-24,33.8055305480957
2007-10-25,33.69321060180664
2007-10-26,33.39585494995117
2007-10-29,32.642574310302734
2007-10-30,32.431121826171875
2007-10-31,32.98617935180664
2007-11-01,31.37387466430664
2007-11-02,31.34743309020996
2007-11-05,31.27475357055664
2007-11-06,31.294578552246094
2007-11-07,30.66021728515625
2007-11-08,31.380477905273438
2007-11-09,30.39592933654785
2007-11-12,29.84746742248535
2007-11-13,30.66021728515625
2007-11-14,30.73950958251953
2007-11-15,30.90471076965332
2007-11-16,30.805583953857422
2007-11-19,30.296781539916992
2007-11-20,30.336458206176758
2007-11-21,30.66021728515625
2007-11-23,30.984006881713867
2007-11-26,30.6866455078125
2007-11-27,31.843029022216797
2007-11-28,33.42228317260742
2007-11-29,33.217437744140625
2007-11-30,34.0632438659668
2007-12-03,33.84518051147461
2007-12-04,35.041194915771484
2007-12-05,35.472476959228516
2007-12-06,35.19382858276367
2007-12-07,35.751163482666016
2007-12-10,35.9966926574707
2007-12-11,34.68952560424805
2007-12-12,34.96157455444336
2007-12-13,34.835487365722656
2007-12-14,34.18523406982422
2007-12-17,34.17197799682617
2007-12-18,34.463924407958984
2007-12-19,34.29140853881836
2007-12-20,35.134098052978516
2007-12-21,35.83079528808594
2007-12-24,35.897159576416016
2007-12-26,36.15593338012695
2007-12-27,35.678192138671875
2007-12-28,35.84408187866211
2007-12-31,35.910430908203125
2008-01-02,34.42411804199219
2008-01-03,34.47055435180664
2008-01-04,33.15676498413086
2008-01-07,33.588077545166016
2008-01-08,31.42494773864746
2008-01-09,31.909332275390625
2008-01-10,32.134918212890625
2008-01-11,31.484651565551758
2008-01-14,32.088470458984375
2008-01-15,31.73678970336914
2008-01-16,32.51313781738281
2008-01-17,31.431562423706055
2008-01-18,32.22117614746094
2008-01-22,31.458110809326172
2008-01-23,33.846832275390625
2008-01-24,33.004150390625
2008-01-25,32.92451858520508
2008-01-28,33.37572479248047
2008-01-29,33.71411895751953
2008-01-30,35.79761505126953
2008-01-31,36.8526496887207
2008-02-01,37.337032318115234
2008-02-04,36.394805908203125
2008-02-05,36.32844161987305
2008-02-06,35.92371368408203
2008-02-07,36.892452239990234
2008-02-08,35.8706169128418
2008-02-11,36.12276840209961
2008-02-12,36.25545883178711
2008-02-13,36.49433898925781
2008-02-14,35.8506965637207
2008-02-15,35.71799850463867
2008-02-19,35.757816314697266
2008-02-20,36.02321243286133
2008-02-21,34.93503189086914
2008-02-22,34.8089485168457
2008-02-25,35.180538177490234
2008-02-26,35.50565719604492
2008-02-27,35.73126983642578
2008-02-28,35.134098052978516
2008-02-29,33.68758773803711
2008-03-03,34.10560989379883
2008-03-04,34.26485061645508
2008-03-05,35.1844596862793
2008-03-06,34.704673767089844
2008-03-07,34.64469528198242
2008-03-10,33.225311279296875
2008-03-11,35.10450744628906
2008-03-12,35.1844596862793
2008-03-13,35.76418685913086
2008-03-14,35.09117889404297
2008-03-17,34.33815002441406
2008-03-18,36.3172721862793
2008-03-19,35.45099639892578
2008-03-20,36.66379928588867
2008-03-24,38.54963684082031
2008-03-25,38.003211975097656
2008-03-26,37.47678756713867
2008-03-27,36.69045639038086
2008-03-28,36.37726593017578
2008-03-31,36.25065612792969
2008-04-01,38.14314270019531
2008-04-02,39.06273651123047
2008-04-03,38.27642822265625
2008-04-04,39.282649993896484
2008-04-07,39.869049072265625
2008-04-08,39.09606170654297
2008-04-09,38.62294006347656
2008-04-10,38.48300552368164
2008-04-11,38.243106842041016
2008-04-14,38.36972427368164
2008-04-15,38.81617736816406
2008-04-16,39.869049072265625
2008-04-17,39.02275466918945
2008-04-18,40.12227249145508
2008-04-21,39.47589874267578
2008-04-22,39.55585479736328
2008-04-23,41.53499984741211
2008-04-24,42.068084716796875
2008-04-25,41.5283203125
2008-04-28,41.628273010253906
2008-04-29,41.76155471801758
2008-04-30,41.76821517944336
2008-05-01,43.72068786621094
2008-05-02,43.620723724365234
2008-05-05,43.813987731933594
2008-05-06,44.826866149902344
2008-05-07,42.507896423339844
2008-05-08,42.8743782043457
2008-05-09,42.594512939453125
2008-05-12,43.260887145996094
2008-05-13,43.367515563964844
2008-05-14,43.77400207519531
2008-05-15,43.62739944458008
2008-05-16,42.74777603149414
2008-05-19,43.69403076171875
2008-05-20,43.19425964355469
2008-05-21,42.361270904541016
2008-05-22,42.707794189453125
2008-05-23,41.568294525146484
2008-05-27,42.17470169067383
2008-05-28,42.34795379638672
2008-05-29,43.1342887878418
2008-05-30,42.981014251708984
2008-06-02,42.12138748168945
2008-06-03,41.82152557373047
2008-06-04,42.470176696777344
2008-06-05,42.83128356933594
2008-06-06,40.838523864746094
2008-06-09,40.99900436401367
2008-06-10,41.17955780029297
2008-06-11,39.333892822265625
2008-06-12,39.63481521606445
2008-06-13,40.2232780456543
2008-06-16,40.08285903930664
2008-06-17,39.795310974121094
2008-06-18,39.49439239501953
2008-06-19,41.04582977294922
2008-06-20,39.374027252197266
2008-06-23,38.46457290649414
2008-06-24,38.09678268432617
2008-06-25,38.37095642089844
2008-06-26,37.36786651611328
2008-06-27,36.95326614379883
2008-06-30,36.67240905761719
2008-07-01,36.344730377197266
2008-07-02,35.114280700683594
2008-07-03,35.02067947387695
2008-07-07,35.61582565307617
2008-07-08,37.24748992919922
2008-07-09,37.020145416259766
2008-07-10,36.93989562988281
2008-07-11,36.545345306396484
2008-07-14,36.525272369384766
2008-07-15,35.97026062011719
2008-07-16,38.04996871948242
2008-07-17,37.341121673583984
2008-07-18,38.1837043762207
2008-07-21,38.063350677490234
2008-07-22,39.287086486816406
2008-07-23,33.14159393310547
2008-07-24,32.111751556396484
2008-07-25,33.30876922607422
2008-07-28,31.991392135620117
2008-07-29,33.08808135986328
2008-07-30,32.48622512817383
2008-07-31,32.232120513916016
2008-08-01,31.96463394165039
2008-08-04,32.091697692871094
2008-08-05,34.16473388671875
2008-08-06,33.7501335144043
2008-08-07,33.57625961303711
2008-08-08,34.75986862182617
2008-08-11,34.48569107055664
2008-08-12,34.43889617919922
2008-08-13,34.47233200073242
2008-08-14,35.1209831237793
2008-08-15,34.69300842285156
2008-08-18,34.43220901489258
2008-08-19,33.9640998840332
2008-08-20,33.596317291259766
2008-08-21,33.31545639038086
2008-08-22,34.291786193847656
2008-08-25,33.83705520629883
2008-08-26,33.99754333496094
2008-08-27,34.43220901489258
2008-08-28,35.44866180419922
2008-08-29,34.84681701660156
2008-09-02,34.79999923706055
2008-09-03,34.68583679199219
2008-09-04,33.846397399902344
2008-09-05,33.47703170776367
2008-09-08,33.91354751586914
2008-09-09,34.14860153198242
2008-09-10,35.57901382446289
2008-09-11,37.110145568847656
2008-09-12,37.291465759277344
2008-09-15,36.68034362792969
2008-09-16,37.00941467285156
2008-09-17,35.14921569824219
2008-09-18,37.61381912231445
2008-09-19,37.801849365234375
2008-09-22,35.84089660644531
2008-09-23,35.458133697509766
2008-09-24,35.53871536254883
2008-09-25,35.38426208496094
2008-09-26,35.04846954345703
2008-09-29,32.70475769042969
2008-09-30,34.222469329833984
2008-10-01,34.24262237548828
2008-10-02,31.455652236938477
2008-10-03,31.401933670043945
2008-10-06,31.475791931152344
2008-10-07,30.421451568603516
2008-10-08,29.676040649414062
2008-10-09,26.781639099121094
2008-10-10,27.79567527770996
2008-10-13,29.514842987060547
2008-10-14,30.44832420349121
2008-10-15,26.862215042114258
2008-10-16,28.54110336303711
2008-10-17,27.298721313476562
2008-10-20,28.29933738708496
2008-10-21,26.909221649169922
2008-10-22,29.474557876586914
2008-10-23,30.320724487304688
2008-10-24,29.655885696411133
2008-10-27,30.05211067199707
2008-10-28,32.664459228515625
2008-10-29,32.664459228515625
2008-10-30,34.14187240600586
2008-10-31,34.77315139770508
2008-11-03,35.98193359375
2008-11-04,37.37207794189453
2008-11-05,34.9813346862793
2008-11-06,33.94042205810547
2008-11-07,34.759708404541016
2008-11-10,35.155921936035156
2008-11-11,35.22307586669922
2008-11-12,34.16202163696289
2008-11-13,36.0222282409668
2008-11-14,34.101585388183594
2008-11-17,34.51795196533203
2008-11-18,34.504520416259766
2008-11-19,31.730979919433594
2008-11-20,29.555158615112305
2008-11-21,32.32870101928711
2008-11-24,33.77924728393555
2008-11-25,33.38302230834961
2008-11-26,34.46421813964844
2008-11-28,34.30303955078125
2008-12-01,30.723655700683594
2008-12-02,31.428789138793945
2008-12-03,33.244598388671875
2008-12-04,31.752798080444336
2008-12-05,32.6640739440918
2008-12-08,34.26387023925781
2008-12-09,33.87236404418945
2008-12-10,34.56087875366211
2008-12-11,32.94758224487305
2008-12-12,33.18383026123047
2008-12-15,32.85307693481445
2008-12-16,34.69588088989258
2008-12-17,34.932132720947266
2008-12-18,34.223358154296875
2008-12-19,34.95237350463867
2008-12-22,34.925357818603516
2008-12-23,34.74311447143555
2008-12-24,34.790374755859375
2008-12-26,35.033390045166016
2008-12-29,34.33138656616211
2008-12-30,35.98516082763672
2008-12-31,37.146175384521484
2009-01-02,37.6996955871582
2009-01-05,36.28216552734375
2009-01-06,36.1134033203125
2009-01-07,34.97262954711914
2009-01-08,34.635128021240234
2009-01-09,33.27159118652344
2009-01-12,32.71132278442383
2009-01-13,32.8193244934082
2009-01-14,31.732553482055664
2009-01-15,32.92732620239258
2009-01-16,31.887802124023438
2009-01-20,30.328514099121094
2009-01-21,31.091291427612305
2009-01-22,30.463520050048828
2009-01-23,29.559005737304688
2009-01-26,29.457738876342773
2009-01-27,30.08551788330078
2009-01-28,31.260051727294922
2009-01-29,30.517532348632812
2009-01-30,31.037290573120117
2009-02-02,30.375768661499023
2009-02-03,31.786558151245117
2009-02-04,31.685304641723633
2009-02-05,32.63707733154297
2009-02-06,33.7508430480957
2009-02-09,33.54835891723633
2009-02-10,32.407569885253906
2009-02-11,31.773059844970703
2009-02-12,32.02955627441406
2009-02-13,31.92832374572754
2009-02-17,30.598508834838867
2009-02-18,30.402769088745117
2009-02-19,30.33526611328125
2009-02-20,30.18675994873047
2009-02-23,28.782724380493164
2009-02-24,29.126996994018555
2009-02-25,28.19546127319336
2009-02-26,27.493438720703125
2009-02-27,27.93220329284668
2009-03-02,26.791423797607422
2009-03-03,26.447162628173828
2009-03-04,27.221431732177734
2009-03-05,26.0736083984375
2009-03-06,25.8494930267334
2009-03-09,25.842710494995117
2009-03-10,27.47951316833496
2009-03-11,27.66288948059082
2009-03-12,28.858251571655273
2009-03-13,29.01445198059082
2009-03-16,29.90418815612793
2009-03-17,30.70562171936035
2009-03-18,31.24216079711914
2009-03-19,30.8074951171875
2009-03-20,29.761552810668945
2009-03-23,32.45111083984375
2009-03-24,30.692041397094727
2009-03-25,30.21661376953125
2009-03-26,32.42393112182617
2009-03-27,31.4459228515625
2009-03-30,30.345643997192383
2009-03-31,30.977285385131836
2009-04-01,30.800682067871094
2009-04-02,32.66165542602539
2009-04-03,32.81784439086914
2009-04-06,32.16584014892578
2009-04-07,30.630905151367188
2009-04-08,31.262544631958008
2009-04-09,32.770320892333984
2009-04-13,31.92133140563965
2009-04-14,32.30167770385742
2009-04-15,32.83823013305664
2009-04-16,33.6600341796875
2009-04-17,33.76190185546875
2009-04-20,32.607303619384766
2009-04-21,33.34080123901367
2009-04-22,35.799442291259766
2009-04-23,36.17979431152344
2009-04-24,36.23412322998047
2009-04-27,35.099884033203125
2009-04-28,35.303646087646484
2009-04-29,35.98960876464844
2009-04-30,36.10506820678711
2009-05-01,35.86736297607422
2009-05-04,37.19853973388672
2009-05-05,37.26646041870117
2009-05-06,37.402286529541016
2009-05-07,36.24769973754883
2009-05-08,35.66358947753906
2009-05-11,35.466651916503906
2009-05-12,35.28327178955078
2009-05-13,34.13544845581055
2009-05-14,34.51579666137695
2009-05-15,34.45465087890625
2009-05-18,35.330810546875
2009-05-19,35.00480651855469
2009-05-20,34.55656051635742
2009-05-21,33.10988998413086
2009-05-22,33.001224517822266
2009-05-26,34.60409164428711
2009-05-27,33.4359130859375
2009-05-28,34.013206481933594
2009-05-29,34.51579666137695
2009-06-01,35.98283004760742
2009-06-02,36.349578857421875
2009-06-03,35.858375549316406
2009-06-04,35.6059455871582
2009-06-05,35.81742858886719
2009-06-08,36.0903205871582
2009-06-09,36.70432662963867
2009-06-10,36.765743255615234
2009-06-11,36.71796798706055
2009-06-12,35.762840270996094
2009-06-15,34.83501434326172
2009-06-16,33.948097229003906
2009-06-17,33.934452056884766
2009-06-18,34.23464584350586
2009-06-19,34.4256706237793
2009-06-22,33.702491760253906
2009-06-23,33.92763900756836
2009-06-24,34.227813720703125
2009-06-25,35.469478607177734
2009-06-26,35.380802154541016
2009-06-29,35.90610885620117
2009-06-30,35.578651428222656
2009-07-01,35.960693359375
2009-07-02,34.65762710571289
2009-07-06,35.169307708740234
2009-07-07,34.17323684692383
2009-07-08,34.18006896972656
2009-07-09,34.227813720703125
2009-07-10,34.698570251464844
2009-07-13,34.50754165649414
2009-07-14,34.91006088256836
2009-07-15,34.87594223022461
2009-07-16,35.8447265625
2009-07-17,35.885650634765625
2009-07-20,36.19264602661133
2009-07-21,35.75602340698242
2009-07-22,36.3836784362793
2009-07-23,37.24330520629883
2009-07-24,36.820316314697266
2009-07-27,36.72480010986328
2009-07-28,36.60200881958008
2009-07-29,36.376861572265625
2009-07-30,37.1341438293457
2009-07-31,37.202369689941406
2009-08-03,37.3797607421875
2009-08-04,37.20919418334961
2009-08-05,36.5269660949707
2009-08-06,36.15852355957031
2009-08-07,37.366111755371094
2009-08-10,37.09320068359375
2009-08-11,37.29106140136719
2009-08-12,37.87779235839844
2009-08-13,37.850502014160156
2009-08-14,37.366111755371094
2009-08-17,36.69069290161133
2009-08-18,37.44115447998047
2009-08-19,37.93235778808594
2009-08-20,38.02104949951172
2009-08-21,39.2763671875
2009-08-24,39.208152770996094
2009-08-25,39.29683303833008
2009-08-26,39.126277923583984
2009-08-27,38.92161560058594
2009-08-28,38.723751068115234
2009-08-31,38.38264465332031
2009-09-01,37.77545928955078
2009-09-02,37.95359802246094
2009-09-03,38.40584182739258
2009-09-04,39.11845016479492
2009-09-08,39.00881576538086
2009-09-09,38.79641342163086
2009-09-10,39.33085632324219
2009-09-11,40.23532485961914
2009-09-14,40.15310287475586
2009-09-15,40.02293395996094
2009-09-16,40.31071090698242
2009-09-17,40.21479034423828
2009-09-18,40.21479034423828
2009-09-21,40.166812896728516
2009-09-22,40.49571990966797
2009-09-23,39.93384552001953
2009-09-24,39.71458435058594
2009-09-25,39.44734573364258
2009-09-28,39.92699432373047
2009-09-29,39.399383544921875
2009-09-30,39.570682525634766
2009-10-01,38.467506408691406
2009-10-02,38.55658721923828
2009-10-05,39.502174377441406
2009-10-06,39.509010314941406
2009-10-07,39.40623474121094
2009-10-08,39.591243743896484
2009-10-09,40.02293395996094
2009-10-12,40.26959991455078
2009-10-13,40.50940704345703
2009-10-14,41.60575485229492
2009-10-15,41.78392028808594
2009-10-16,41.742794036865234
2009-10-19,41.934654235839844
2009-10-20,42.11964797973633
2009-10-21,40.2421875
2009-10-22,40.42034912109375
2009-10-23,39.22124099731445
2009-10-26,38.93345260620117
2009-10-27,38.70732498168945
2009-10-28,38.40584182739258
2009-10-29,38.71417999267578
2009-10-30,37.76174545288086
2009-11-02,37.98100662231445
2009-11-03,38.378421783447266
2009-11-04,37.473941802978516
2009-11-05,38.39900207519531
2009-11-06,38.71417999267578
2009-11-09,39.30347442626953
2009-11-10,39.22124099731445
2009-11-11,39.84477233886719
2009-11-12,39.529571533203125
2009-11-13,39.16642379760742
2009-11-16,40.11199951171875
2009-11-17,40.15310287475586
2009-11-18,39.68716812133789
2009-11-19,39.296607971191406
2009-11-20,39.193824768066406
2009-11-23,39.12529373168945
2009-11-24,38.77584457397461
2009-11-25,38.659366607666016
2009-11-27,38.255104064941406
2009-11-30,38.20027160644531
2009-12-01,38.76900863647461
2009-12-02,39.718780517578125
2009-12-03,39.38153839111328
2009-12-04,39.80137634277344
2009-12-07,39.4090690612793
2009-12-08,39.512306213378906
2009-12-09,39.54670333862305
2009-12-10,39.70501708984375
2009-12-11,39.98719787597656
2009-12-14,40.63414001464844
2009-12-15,41.09526824951172
2009-12-16,40.84749221801758
2009-12-17,39.773841857910156
2009-12-18,40.04912567138672
2009-12-21,40.3657341003418
2009-12-22,40.39325714111328
2009-12-23,40.290016174316406
2009-12-24,40.468963623046875
2009-12-28,40.641021728515625
2009-12-29,40.95761489868164
2009-12-30,41.10214614868164
2009-12-31,40.42079544067383
2010-01-04,40.840599060058594
2010-01-05,39.99409103393555
2010-01-06,39.4641227722168
2010-01-07,39.0855827331543
2010-01-08,39.608673095703125
2010-01-11,39.72565841674805
2010-01-12,39.223243713378906
2010-01-13,39.45036697387695
2010-01-14,39.65684509277344
2010-01-15,39.72565841674805
2010-01-19,40.00785446166992
2010-01-20,39.7669563293457
2010-01-21,39.663719177246094
2010-01-22,39.47101974487305
2010-01-25,39.54670333862305
2010-01-26,39.29894256591797
2010-01-27,39.54670333862305
2010-01-28,38.91353225708008
2010-01-29,38.97547912597656
2010-02-01,39.505428314208984
2010-02-02,39.51918411254883
2010-02-03,36.84878921508789
2010-02-04,36.649192810058594
2010-02-05,36.09169387817383
2010-02-08,35.84394836425781
2010-02-09,36.25001907348633
2010-02-10,35.67876434326172
2010-02-11,36.545955657958984
2010-02-12,35.871463775634766
2010-02-16,36.305049896240234
2010-02-17,36.47712326049805
2010-02-18,36.40830612182617
2010-02-19,36.82126235961914
2010-02-22,37.27548599243164
2010-02-23,36.862548828125
2010-02-24,36.94514465332031
2010-02-25,36.81438446044922
2010-02-26,36.70425033569336
2010-03-01,36.862548828125
2010-03-02,36.621665954589844
2010-03-03,36.2828254699707
2010-03-04,36.42112350463867
2010-03-05,36.82220458984375
2010-03-08,36.8705940246582
2010-03-09,36.919002532958984
2010-03-10,37.112613677978516
2010-03-11,36.967411041259766
2010-03-12,37.25093078613281
2010-03-15,37.257835388183594
2010-03-16,38.22593307495117
2010-03-17,38.50254440307617
2010-03-18,39.12489318847656
2010-03-19,39.138702392578125
2010-03-22,38.88283920288086
2010-03-23,39.02116012573242
2010-03-24,38.806793212890625
2010-03-25,38.481788635253906
2010-03-26,38.419559478759766
2010-03-29,38.78605651855469
2010-03-30,38.875953674316406
2010-03-31,38.62008285522461
2010-04-01,38.50254440307617
2010-04-05,38.48870086669922
2010-04-06,38.22593307495117
2010-04-07,38.13603973388672
2010-04-08,38.44722366333008
2010-04-09,39.034976959228516
2010-04-12,39.02806091308594
2010-04-13,39.13178634643555
2010-04-14,39.927005767822266
2010-04-15,40.74989700317383
2010-04-16,40.369571685791016
2010-04-19,40.54243850708008
2010-04-20,40.72914505004883
2010-04-21,41.48979949951172
2010-04-22,42.4993782043457
2010-04-23,42.58236312866211
2010-04-26,42.28502655029297
2010-04-27,41.676509857177734
2010-04-28,41.87703323364258
2010-04-29,42.28502655029297
2010-04-30,41.711082458496094
2010-05-03,42.71376419067383
2010-05-04,41.973846435546875
2010-05-05,41.98076248168945
2010-05-06,40.9089469909668
2010-05-07,39.989253997802734
2010-05-10,41.960018157958984
2010-05-11,41.960018157958984
2010-05-12,42.333431243896484
2010-05-13,41.90470504760742
2010-05-14,41.2201042175293
2010-05-17,41.32382583618164
2010-05-18,40.950435638427734
2010-05-19,41.033409118652344
2010-05-20,39.436058044433594
2010-05-21,40.231266021728516
2010-05-24,39.64350128173828
2010-05-25,39.69190979003906
2010-05-26,39.664241790771484
2010-05-27,40.590858459472656
2010-05-28,40.18288803100586
2010-06-01,39.47063064575195
2010-06-02,40.3665771484375
2010-06-03,40.311031341552734
2010-06-04,38.8247184753418
2010-06-07,38.01904296875
2010-06-08,38.116275787353516
2010-06-09,38.22044372558594
2010-06-10,39.89429473876953
2010-06-11,40.42908477783203
2010-06-14,40.769412994384766
2010-06-15,41.20001983642578
2010-06-16,41.17223358154297
2010-06-17,41.21391296386719
2010-06-18,41.01945877075195
2010-06-21,41.05418014526367
2010-06-22,39.998470306396484
2010-06-23,39.90818405151367
2010-06-24,39.58176040649414
2010-06-25,39.748435974121094
2010-06-28,39.51925277709961
2010-06-29,38.85249710083008
2010-06-30,38.65802001953125
2010-07-01,38.6996955871582
2010-07-02,38.2343635559082
2010-07-06,38.644134521484375
2010-07-07,39.17198944091797
2010-07-08,39.442848205566406
2010-07-09,39.6303825378418
2010-07-12,39.560916900634766
2010-07-13,40.290184020996094
2010-07-14,40.80412292480469
2010-07-15,40.68607711791992
2010-07-16,39.901241302490234
2010-07-19,40.456878662109375
2010-07-20,40.73469161987305
2010-07-21,40.01237106323242
2010-07-22,41.25558853149414
2010-07-23,42.28352355957031
2010-07-26,43.13084411621094
2010-07-27,42.50575256347656
2010-07-28,45.0546989440918
2010-07-29,44.88802719116211
2010-07-30,45.28392028808594
2010-08-02,45.99233627319336
2010-08-03,46.13819885253906
2010-08-04,46.6868896484375
2010-08-05,46.77717590332031
2010-08-06,46.457679748535156
2010-08-09,47.068878173828125
2010-08-10,45.97845458984375
2010-08-11,45.1311149597168
2010-08-12,45.068599700927734
2010-08-13,44.8671875
2010-08-16,45.04777908325195
2010-08-17,46.04095458984375
2010-08-18,45.8256721496582
2010-08-19,45.276973724365234
2010-08-20,45.950660705566406
2010-08-23,45.742313385009766
2010-08-24,45.242225646972656
2010-08-25,45.22835922241211
2010-08-26,45.0825080871582
2010-08-27,45.78396987915039
2010-08-30,45.07554626464844
2010-08-31,45.1380729675293
2010-09-01,46.274539947509766
2010-09-02,46.87413787841797
2010-09-03,47.104217529296875
2010-09-07,46.7556037902832
2010-09-08,47.1809196472168
2010-09-09,47.194862365722656
2010-09-10,47.06239318847656
2010-09-13,47.41099548339844
2010-09-14,47.41099548339844
2010-09-15,47.55741882324219
2010-09-16,47.29945373535156
2010-09-17,47.724735260009766
2010-09-20,47.961814880371094
2010-09-21,47.99666976928711
2010-09-22,47.46677017211914
2010-09-23,46.79048538208008
2010-09-24,47.8293342590332
2010-09-27,47.89209747314453
2010-09-28,48.39409255981445
2010-09-29,48.50564193725586
2010-09-30,48.74967575073242
2010-10-01,48.55445861816406
2010-10-04,48.484710693359375
2010-10-05,49.42599105834961
2010-10-06,49.572383880615234
2010-10-07,49.572383880615234
2010-10-08,49.64908218383789
2010-10-11,49.58635330200195
2010-10-12,49.24467849731445
2010-10-13,49.85127258300781
2010-10-14,50.24171447753906
2010-10-15,50.36721420288086
2010-10-18,50.03254699707031
2010-10-19,49.9907112121582
2010-10-20,50.45088577270508
2010-10-21,50.47877883911133
2010-10-22,50.56243133544922
2010-10-25,50.74373245239258
2010-10-26,50.185951232910156
2010-10-27,49.844276428222656
2010-10-28,48.930946350097656
2010-10-29,49.140098571777344
2010-11-01,49.14706802368164
2010-11-02,49.56540298461914
2010-11-03,49.18195343017578
2010-11-04,50.37418746948242
2010-11-05,50.053462982177734
2010-11-08,50.31840133666992
2010-11-09,49.6351432800293
2010-11-10,49.28654098510742
2010-11-11,50.06043243408203
2010-11-12,49.642093658447266
2010-11-15,49.781558990478516
2010-11-16,49.377174377441406
2010-11-17,49.55844497680664
2010-11-18,50.37418746948242
2010-11-19,50.79251480102539
2010-11-22,50.81343460083008
2010-11-23,50.42998123168945
2010-11-24,51.74773025512695
2010-11-26,51.67103958129883
2010-11-29,51.25965881347656
2010-11-30,51.39213562011719
2010-12-01,52.33339309692383
2010-12-02,52.85627746582031
2010-12-03,53.23280334472656
2010-12-06,52.94694137573242
2010-12-07,53.2885627746582
2010-12-08,53.79057693481445
2010-12-09,54.21586990356445
2010-12-10,54.670780181884766
2010-12-13,54.63578796386719
2010-12-14,54.9087028503418
2010-12-15,54.95066452026367
2010-12-16,55.63203048706055
2010-12-17,55.4915657043457
2010-12-20,55.4915657043457
2010-12-21,56.21506118774414
2010-12-22,56.13079071044922
2010-12-23,55.99028396606445
2010-12-27,56.02539825439453
2010-12-28,55.976234436035156
2010-12-29,56.54521179199219
2010-12-30,56.25022506713867
2010-12-31,56.32745361328125
2011-01-03,57.254642486572266
2011-01-04,56.510066986083984
2011-01-05,56.10968780517578
2011-01-06,55.94112014770508
2011-01-07,55.88493347167969
2011-01-10,55.898956298828125
2011-01-11,55.849788665771484
2011-01-12,56.01838302612305
2011-01-13,55.75846862792969
2011-01-14,55.40726852416992
2011-01-18,55.72336196899414
2011-01-19,54.592445373535156
2011-01-20,54.648651123046875
2011-01-21,54.52220153808594
2011-01-24,54.61353302001953
2011-01-25,54.669734954833984
2011-01-26,54.873451232910156
2011-01-27,54.60651397705078
2011-01-28,53.405372619628906
2011-01-31,54.149932861328125
2011-02-01,54.929630279541016
2011-02-02,51.796817779541016
2011-02-03,52.28851318359375
2011-02-04,52.02159881591797
2011-02-07,52.05671691894531
2011-02-08,51.67739486694336
2011-02-09,51.92325973510742
2011-02-10,52.400909423828125
2011-02-11,52.73104476928711
2011-02-14,51.91621398925781
2011-02-15,52.01456832885742
2011-02-16,52.625648498535156
2011-02-17,52.688880920410156
2011-02-18,52.67483901977539
2011-02-22,50.37089157104492
2011-02-23,49.66142272949219
2011-02-24,50.44112777709961
2011-02-25,50.960941314697266
2011-02-28,50.84851837158203
2011-03-01,49.780860900878906
2011-03-02,50.36626052856445
2011-03-03,52.09425735473633
2011-03-04,51.37485122680664
2011-03-07,50.93755340576172
2011-03-08,51.72750473022461
2011-03-09,51.91791915893555
2011-03-10,51.276119232177734
2011-03-11,51.31135940551758
2011-03-14,51.00809860229492
2011-03-15,50.606075286865234
2011-03-16,50.140560150146484
2011-03-17,50.63427734375
2011-03-18,51.2479248046875
2011-03-21,51.960269927978516
2011-03-22,50.464996337890625
2011-03-23,50.37331008911133
2011-03-24,50.9234504699707
2011-03-25,51.1491584777832
2011-03-28,51.2408561706543
2011-03-29,51.558250427246094
2011-03-30,51.56528854370117
2011-03-31,52.28470230102539
2011-04-01,52.82780456542969
2011-04-04,53.34971618652344
2011-04-05,53.20161819458008
2011-04-06,53.33560562133789
2011-04-07,52.736114501953125
2011-04-08,52.390480041503906
2011-04-11,52.12956619262695
2011-04-12,52.362281799316406
2011-04-13,52.454002380371094
2011-04-14,53.17338943481445
2011-04-15,54.05503463745117
2011-04-18,53.51900100708008
2011-04-19,53.688270568847656
2011-04-20,54.38652801513672
2011-04-21,55.04246520996094
2011-04-25,55.37395477294922
2011-04-26,55.88882064819336
2011-04-27,56.48834991455078
2011-04-28,57.09492874145508
2011-04-29,56.551856994628906
2011-05-02,56.530677795410156
2011-05-03,55.99462127685547
2011-05-04,55.61376190185547
2011-05-05,55.9029541015625
2011-05-06,56.093387603759766
2011-05-09,56.64350891113281
2011-05-10,57.09492874145508
2011-05-11,56.72817611694336
2011-05-12,56.90447235107422
2011-05-13,56.262664794921875
2011-05-16,56.2838249206543
2011-05-17,55.874732971191406
2011-05-18,56.59415054321289
2011-05-19,56.9891357421875
2011-05-20,56.826900482177734
2011-05-23,56.4107780456543
2011-05-24,56.1215934753418
2011-05-25,56.15687561035156
2011-05-26,56.4178352355957
2011-05-27,56.36845779418945
2011-05-31,56.580047607421875
2011-06-01,55.36958694458008
2011-06-02,55.82262420654297
2011-06-03,55.04397964477539
2011-06-06,54.48475646972656
2011-06-07,54.38566207885742
2011-06-08,54.01048278808594
2011-06-09,54.09540939331055
2011-06-10,53.67776107788086
2011-06-13,53.8759880065918
2011-06-14,54.774986267089844
2011-06-15,54.10960006713867
2011-06-16,53.9609260559082
2011-06-17,54.42103576660156
2011-06-20,54.71836853027344
2011-06-21,55.18555450439453
2011-06-22,54.93071365356445
2011-06-23,54.79621124267578
2011-06-24,53.86183547973633
2011-06-27,54.47059631347656
2011-06-28,55.19972229003906
2011-06-29,55.277565002441406
2011-06-30,55.80845260620117
2011-07-01,57.068477630615234
2011-07-05,56.96229553222656
2011-07-06,57.45072937011719
2011-07-07,58.1161003112793
2011-07-08,57.677249908447266
2011-07-11,56.9481201171875
2011-07-12,56.28274154663086
2011-07-13,56.346439361572266
2011-07-14,55.86509704589844
2011-07-15,55.61026382446289
2011-07-18,55.26339340209961
2011-07-19,56.134098052978516
2011-07-20,55.702274322509766
2011-07-21,56.48096466064453
2011-07-22,56.93399429321289
2011-07-25,57.486141204833984
2011-07-26,56.806556701660156
2011-07-27,52.29741668701172
2011-07-28,51.4692268371582
2011-07-29,51.18608474731445
2011-08-01,50.747196197509766
2011-08-02,49.84113311767578
2011-08-03,50.61977005004883
2011-08-04,48.37583923339844
2011-08-05,48.227169036865234
2011-08-08,45.48772048950195
2011-08-09,46.01154327392578
2011-08-10,44.560420989990234
2011-08-11,46.77606201171875
2011-08-12,48.41830825805664
2011-08-15,48.481998443603516
2011-08-16,47.76707458496094
2011-08-17,47.56884765625
2011-08-18,45.47356414794922
2011-08-19,45.07007598876953
2011-08-22,45.67885208129883
2011-08-23,47.0804328918457
2011-08-24,47.75999450683594
2011-08-25,46.93885803222656
2011-08-26,48.12807846069336
2011-08-29,49.883609771728516
2011-08-30,50.456966400146484
2011-08-31,50.10870361328125
2011-09-01,49.291324615478516
2011-09-02,47.61392593383789
2011-09-06,46.48381805419922
2011-09-07,48.33179473876953
2011-09-08,47.68500900268555
2011-09-09,47.30119705200195
2011-09-12,47.44334411621094
2011-09-13,48.28204345703125
2011-09-14,49.10651397705078
2011-09-15,49.739112854003906
2011-09-16,49.98075866699219
2011-09-19,49.78173828125
2011-09-20,49.142059326171875
2011-09-21,47.23722839355469
2011-09-22,46.334556579589844
2011-09-23,46.92449188232422
2011-09-26,48.43839645385742
2011-09-27,49.085201263427734
2011-09-28,47.997737884521484
2011-09-29,48.59476852416992
2011-09-30,48.66585159301758
2011-10-03,47.1021614074707
2011-10-04,48.25360870361328
2011-10-05,50.172664642333984
2011-10-06,50.84079360961914
2011-10-07,50.3717041015625
2011-10-10,51.942474365234375
2011-10-11,52.13435745239258
2011-10-12,51.4804573059082
2011-10-13,51.153507232666016
2011-10-14,52.2409782409668
2011-10-17,51.395164489746094
2011-10-18,52.560821533203125
2011-10-19,52.198333740234375
2011-10-20,52.340476989746094
2011-10-21,53.307151794433594
2011-10-24,54.26666259765625
2011-10-25,53.22184371948242
2011-10-26,48.864871978759766
2011-10-27,49.93812561035156
2011-10-28,50.037628173828125
2011-10-31,49.34817886352539
2011-11-01,47.6068229675293
2011-11-02,48.45262145996094
2011-11-03,49.007015228271484
2011-11-04,48.84355163574219
2011-11-07,48.935935974121094
2011-11-08,50.12290954589844
2011-11-09,47.734745025634766
2011-11-10,48.111446380615234
2011-11-11,48.87197494506836
2011-11-14,48.52370834350586
2011-11-15,48.73693084716797
2011-11-16,47.571285247802734
2011-11-17,46.66150665283203
2011-11-18,46.91737747192383
2011-11-21,46.675724029541016
2011-11-22,46.00761032104492
2011-11-23,45.303951263427734
2011-11-25,45.22576904296875
2011-11-28,46.817867279052734
2011-11-29,46.6259765625
2011-11-30,48.69428253173828
2011-12-01,48.08302688598633
2011-12-02,48.317588806152344
2011-12-05,49.39794158935547
2011-12-06,48.71559524536133
2011-12-07,48.90750503540039
2011-12-08,47.79872131347656
2011-12-09,48.64452362060547
2011-12-12,48.09013748168945
2011-12-13,47.40780258178711
2011-12-14,47.130611419677734
2011-12-15,47.400691986083984
2011-12-16,47.56499099731445
2011-12-19,46.743534088134766
2011-12-20,48.736427307128906
2011-12-21,48.922142028808594
2011-12-22,49.54359817504883
2011-12-23,50.0150032043457
2011-12-27,50.52217483520508
2011-12-28,49.679290771484375
2011-12-29,50.05787658691406
2011-12-30,49.843597412109375
2012-01-03,49.886436462402344
2012-01-04,49.086448669433594
2012-01-05,48.43642807006836
2012-01-06,48.557857513427734
2012-01-09,48.27214050292969
2012-01-10,48.12214279174805
2012-01-11,47.51498031616211
2012-01-12,47.386409759521484
2012-01-13,47.664981842041016
2012-01-17,47.47926330566406
2012-01-18,48.06498336791992
2012-01-19,49.193580627441406
2012-01-20,48.329280853271484
2012-01-23,48.60786437988281
2012-01-24,48.30785369873047
2012-01-25,48.65072250366211
2012-01-26,49.62216567993164
2012-01-27,48.943580627441406
2012-01-30,48.52212142944336
2012-01-31,49.172149658203125
2012-02-01,45.72210693359375
2012-02-02,45.7149658203125
2012-02-03,46.014957427978516
2012-02-06,45.7435302734375
2012-02-07,45.779239654541016
2012-02-08,45.42924499511719
2012-02-09,45.46497344970703
2012-02-10,45.35780715942383
2012-02-13,46.250667572021484
2012-02-14,46.772132873535156
2012-02-15,45.42210388183594
2012-02-16,47.28641128540039
2012-02-17,47.22212600708008
2012-02-21,47.2292594909668
2012-02-22,47.314971923828125
2012-02-23,48.21500015258789
2012-02-24,48.00785446166992
2012-02-27,47.80785369873047
2012-02-28,47.81499481201172
2012-02-29,47.499149322509766
2012-03-01,47.98727798461914
2012-03-02,47.535030364990234
2012-03-05,47.17612075805664
2012-03-06,46.58749008178711
2012-03-07,46.702335357666016
2012-03-08,47.204837799072266
2012-03-09,47.628353118896484
2012-03-12,47.33403778076172
2012-03-13,47.66424560546875
2012-03-14,46.910518646240234
2012-03-15,46.910518646240234
2012-03-16,47.14022445678711
2012-03-19,47.10434341430664
2012-03-20,46.30035400390625
2012-03-21,46.659278869628906
2012-03-22,46.30035400390625
2012-03-23,46.242916107177734
2012-03-26,46.7956657409668
2012-03-27,46.910518646240234
2012-03-28,46.73823928833008
2012-03-29,46.48699951171875
2012-03-30,47.011016845703125
2012-04-02,47.3125114440918
2012-04-03,47.168941497802734
2012-04-04,47.03254318237305
2012-04-05,46.74541473388672
2012-04-09,45.941444396972656
2012-04-10,45.46766662597656
2012-04-11,45.941444396972656
2012-04-12,46.32188034057617
2012-04-13,46.03474807739258
2012-04-16,46.52287673950195
2012-04-17,47.4560661315918
2012-04-18,47.99445724487305
2012-04-19,47.47760772705078
2012-04-20,47.7503776550293
2012-04-23,47.03973388671875
2012-04-24,47.25508117675781
2012-04-25,43.72332763671875
2012-04-26,42.51736068725586
2012-04-27,42.36661911010742
2012-04-30,42.88344955444336
2012-05-01,43.644371032714844
2012-05-02,44.72111129760742
2012-05-03,44.08942794799805
2012-05-04,43.515159606933594
2012-05-07,43.68743896484375
2012-05-08,44.017642974853516
2012-05-09,43.551048278808594
2012-05-10,43.44337844848633
2012-05-11,43.651554107666016
2012-05-14,43.39311981201172
2012-05-15,43.622833251953125
2012-05-16,43.515159606933594
2012-05-17,42.81169509887695
2012-05-18,42.2661247253418
2012-05-21,42.91218566894531
2012-05-22,42.962425231933594
2012-05-23,43.299808502197266
2012-05-24,42.940879821777344
2012-05-25,42.84757614135742
2012-05-29,43.622833251953125
2012-05-30,42.6412467956543
2012-05-31,42.04942321777344
2012-06-01,41.06060028076172
2012-06-04,40.91625213623047
2012-06-05,40.86573028564453
2012-06-06,41.890625
2012-06-07,41.55139923095703
2012-06-08,41.80400466918945
2012-06-11,41.46479034423828
2012-06-12,41.80400466918945
2012-06-13,41.349308013916016
2012-06-14,41.876197814941406
2012-06-15,42.26594161987305
2012-06-18,42.59073257446289
2012-06-19,43.16813278198242
2012-06-20,42.8072509765625
2012-06-21,41.739051818847656
2012-06-22,41.407047271728516
2012-06-25,40.66364669799805
2012-06-26,40.605899810791016
2012-06-27,41.02451705932617
2012-06-28,40.89461135864258
2012-06-29,42.24428939819336
2012-07-02,43.918758392333984
2012-07-03,44.64772415161133
2012-07-05,44.3445930480957
2012-07-06,43.673343658447266
2012-07-09,43.47848892211914
2012-07-10,43.240318298339844
2012-07-11,43.01655960083008
2012-07-12,42.54741668701172
2012-07-13,43.52179718017578
2012-07-16,42.52577209472656
2012-07-17,41.82565689086914
2012-07-18,42.75674057006836
2012-07-19,42.96603012084961
2012-07-20,41.11112594604492
2012-07-23,40.83685302734375
2012-07-24,40.59868240356445
2012-07-25,37.69722366333008
2012-07-26,37.70444869995117
2012-07-27,38.505592346191406
2012-07-30,38.43342971801758
2012-07-31,38.14470672607422
2012-08-01,38.14470672607422
2012-08-02,38.35403060913086
2012-08-03,38.686038970947266
2012-08-06,38.70768737792969
2012-08-07,38.787086486816406
2012-08-08,38.90256118774414
2012-08-09,38.830379486083984
2012-08-10,39.1407356262207
2012-08-13,39.415008544921875
2012-08-14,39.85527801513672
2012-08-15,40.346073150634766
2012-08-16,40.901817321777344
2012-08-17,41.168861389160156
2012-08-20,41.457576751708984
2012-08-21,41.4359130859375
2012-08-22,41.327659606933594
2012-08-23,41.00285339355469
2012-08-24,41.25548553466797
2012-08-27,40.80078125
2012-08-28,40.49042510986328
2012-08-29,41.13999557495117
2012-08-30,40.59146499633789
2012-08-31,40.85852813720703
2012-09-04,40.87295150756836
2012-09-05,40.92375564575195
2012-09-06,41.42469787597656
2012-09-07,41.70783615112305
2012-09-10,41.627967834472656
2012-09-11,41.72234344482422
2012-09-12,41.715091705322266
2012-09-13,41.55537414550781
2012-09-14,41.577152252197266
2012-09-17,41.1923942565918
2012-09-18,41.03266525268555
2012-09-19,41.67153549194336
2012-09-20,41.780433654785156
2012-09-21,41.83125305175781
2012-09-24,42.52093505859375
2012-09-25,42.862144470214844
2012-09-26,42.876670837402344
2012-09-27,43.02912902832031
2012-09-28,42.52820587158203
2012-10-01,42.90571212768555
2012-10-02,42.5427131652832
2012-10-03,43.464717864990234
2012-10-04,43.48649978637695
2012-10-05,43.784141540527344
2012-10-08,43.551841735839844
2012-10-09,43.10171890258789
2012-10-10,42.833106994628906
2012-10-11,42.76051712036133
2012-10-12,43.515525817871094
2012-10-15,43.82046127319336
2012-10-16,44.21249008178711
2012-10-17,44.786006927490234
2012-10-18,44.575477600097656
2012-10-19,44.0817985534668
2012-10-22,43.45017623901367
2012-10-23,44.27056121826172
2012-10-24,41.780433654785156
2012-10-25,42.90571212768555
2012-10-26,43.130760192871094
2012-10-31,43.784141540527344
2012-11-01,44.69889450073242
2012-11-02,44.633548736572266
2012-11-05,45.0328369140625
2012-11-06,45.67896270751953
2012-11-07,45.1707763671875
2012-11-08,44.648075103759766
2012-11-09,44.633548736572266
2012-11-12,44.56095886230469
2012-11-13,44.56821060180664
2012-11-14,43.464717864990234
2012-11-15,43.21787643432617
2012-11-16,42.949283599853516
2012-11-19,43.4211540222168
2012-11-20,43.60990905761719
2012-11-21,43.71883010864258
2012-11-23,44.27056121826172
2012-11-26,44.633548736572266
2012-11-27,44.161651611328125
2012-11-28,44.8150520324707
2012-11-29,44.98927688598633
2012-11-30,44.82230758666992
2012-12-03,44.28507614135742
2012-12-04,44.299598693847656
2012-12-05,44.945735931396484
2012-12-06,44.02373123168945
2012-12-07,43.99468231201172
2012-12-10,44.967506408691406
2012-12-11,45.19982147216797
2012-12-12,44.945735931396484
2012-12-13,45.00413131713867
2012-12-14,44.9165153503418
2012-12-17,45.405677795410156
2012-12-18,46.398658752441406
2012-12-19,46.457061767578125
2012-12-20,46.551979064941406
2012-12-21,46.435150146484375
2012-12-24,46.23073196411133
2012-12-26,45.98978805541992
2012-12-27,45.8510627746582
2012-12-28,45.37649154663086
2012-12-31,46.157718658447266
2013-01-02,46.113895416259766
2013-01-03,45.51521301269531
2013-01-04,46.02629089355469
2013-01-07,46.10660934448242
2013-01-08,46.150421142578125
2013-01-09,46.880523681640625
2013-01-10,47.004638671875
2013-01-11,47.1214599609375
2013-01-14,47.31129837036133
2013-01-15,47.71284866333008
2013-01-16,47.26017761230469
2013-01-17,47.36968994140625
2013-01-18,47.82966232299805
2013-01-22,48.238529205322266
2013-01-23,48.00490188598633
2013-01-24,49.07086944580078
2013-01-25,49.0562629699707
2013-01-28,49.289886474609375
2013-01-29,49.5892448425293
2013-01-30,49.019752502441406
2013-01-31,48.296939849853516
2013-02-01,48.83721923828125
2013-02-04,48.20931625366211
2013-02-05,48.924842834472656
2013-02-06,44.171810150146484
2013-02-07,43.75564193725586
2013-02-08,43.602325439453125
2013-02-11,43.32487487792969
2013-02-12,43.17155456542969
2013-02-13,42.93791580200195
2013-02-14,42.404937744140625
2013-02-15,42.1859016418457
2013-02-19,42.616668701171875
2013-02-20,42.68968200683594
2013-02-21,41.99606704711914
2013-02-22,42.324615478515625
2013-02-25,41.44849395751953
2013-02-26,40.8716926574707
2013-02-27,42.017845153808594
2013-02-28,41.8929328918457
2013-03-01,41.92232894897461
2013-03-04,41.92232894897461
2013-03-05,42.274993896484375
2013-03-06,42.0472297668457
2013-03-07,41.82680130004883
2013-03-08,41.87824249267578
2013-03-11,41.87824249267578
2013-03-12,42.13539123535156
2013-03-13,43.39910888671875
2013-03-14,43.49459457397461
2013-03-15,43.59746170043945
2013-03-18,43.48725128173828
2013-03-19,43.377044677734375
2013-03-20,43.119895935058594
2013-03-21,42.20151901245117
2013-03-22,42.686424255371094
2013-03-25,43.03173828125
2013-03-26,43.35499954223633
2013-03-27,43.45787048339844
2013-03-28,43.685611724853516
2013-04-01,43.05377197265625
2013-04-02,43.083160400390625
2013-04-03,42.71580505371094
2013-04-04,42.98031234741211
2013-04-05,43.33296585083008
2013-04-08,43.942771911621094
2013-04-09,44.27338790893555
2013-04-10,44.58930206298828
2013-04-11,44.515838623046875
2013-04-12,43.34766387939453
2013-04-15,42.25293731689453
2013-04-16,42.003135681152344
2013-04-17,41.56967544555664
2013-04-18,41.32722091674805
2013-04-19,41.3859977722168
2013-04-22,41.88559341430664
2013-04-23,42.17945861816406
2013-04-24,42.35580062866211
2013-04-25,42.7598876953125
2013-04-26,42.93623352050781
2013-04-29,43.230106353759766
2013-04-30,43.63420104980469
2013-05-01,43.274200439453125
2013-05-02,43.6194953918457
2013-05-03,44.42768478393555
2013-05-06,44.354217529296875
2013-05-07,45.2285041809082
2013-05-08,42.06926345825195
2013-05-09,41.14353942871094
2013-05-10,41.87824249267578
2013-05-13,41.194969177246094
2013-05-14,41.78273010253906
2013-05-15,42.3631591796875
2013-05-16,42.517433166503906
2013-05-17,42.84805679321289
2013-05-20,42.7598876953125
2013-05-21,43.986839294433594
2013-05-22,43.42847442626953
2013-05-23,43.70766830444336
2013-05-24,43.12724685668945
2013-05-28,42.517433166503906
2013-05-29,42.3704833984375
2013-05-30,42.223548889160156
2013-05-31,41.65782165527344
2013-06-03,41.90763854980469
2013-06-04,41.51088333129883
2013-06-05,41.59221267700195
2013-06-06,41.629180908203125
2013-06-07,42.2575798034668
2013-06-10,41.99881362915039
2013-06-11,41.7696418762207
2013-06-12,41.41478729248047
2013-06-13,41.93228530883789
2013-06-14,41.7696418762207
2013-06-17,42.06536102294922
2013-06-18,42.38324737548828
2013-06-19,41.79181671142578
2013-06-20,40.97120666503906
2013-06-21,40.50545883178711
2013-06-24,40.16538619995117
2013-06-25,40.438926696777344
2013-06-26,40.74941635131836
2013-06-27,41.200401306152344
2013-06-28,41.629180908203125
2013-07-01,41.78443908691406
2013-07-02,41.740074157714844
2013-07-03,41.67353057861328
2013-07-05,42.43499755859375
2013-07-08,42.885963439941406
2013-07-09,43.16689682006836
2013-07-10,42.98207092285156
2013-07-11,43.52914810180664
2013-07-12,42.752906799316406
2013-07-15,44.31278610229492
2013-07-16,44.52717971801758
2013-07-17,44.39411163330078
2013-07-18,44.87465286254883
2013-07-19,44.80070877075195
2013-07-22,44.75635528564453
2013-07-23,44.268436431884766
2013-07-24,43.824851989746094
2013-07-25,43.75092315673828
2013-07-26,43.90618896484375
2013-07-29,43.67700958251953
2013-07-30,43.765708923339844
2013-07-31,44.07621383666992
2013-08-01,45.1481819152832
2013-08-02,44.14274978637695
2013-08-05,44.10578155517578
2013-08-06,44.0466423034668
2013-08-07,41.629180908203125
2013-08-08,41.93967819213867
2013-08-09,41.98404312133789
2013-08-12,42.18364715576172
2013-08-13,41.72528076171875
2013-08-14,41.19300079345703
2013-08-15,41.31129455566406
2013-08-16,41.49610900878906
2013-08-19,41.41478729248047
2013-08-20,41.740074157714844
2013-08-21,41.84356689453125
2013-08-22,42.08013916015625
2013-08-23,42.287147521972656
2013-08-26,43.49217224121094
2013-08-27,42.59025192260742
2013-08-28,42.48674774169922
2013-08-29,42.45718002319336
2013-08-30,42.04317855834961
2013-09-03,42.471961975097656
2013-09-04,42.77692413330078
2013-09-05,43.02982711791992
2013-09-06,42.91826248168945
2013-09-09,43.45381164550781
2013-09-10,44.04887008666992
2013-09-11,44.6290283203125
2013-09-12,44.35381317138672
2013-09-13,43.98191833496094
2013-09-16,44.65135192871094
2013-09-17,44.91914367675781
2013-09-18,45.96790313720703
2013-09-19,45.834014892578125
2013-09-20,46.18360137939453
2013-09-23,45.8488883972168
2013-09-24,45.90097427368164
2013-09-25,45.35054397583008
2013-09-26,45.31334686279297
2013-09-27,44.96375274658203
2013-09-30,44.32406234741211
2013-10-01,44.5248908996582
2013-10-02,43.9744758605957
2013-10-03,42.962886810302734
2013-10-04,43.498443603515625
2013-10-07,43.35710144042969
2013-10-08,42.97775650024414
2013-10-09,43.141387939453125
2013-10-10,43.55049133300781
2013-10-11,43.81083297729492
2013-10-14,44.22737503051758
2013-10-15,43.714141845703125
2013-10-16,43.87779235839844
2013-10-17,44.264556884765625
2013-10-18,44.785240173339844
2013-10-21,45.04557418823242
2013-10-22,45.164581298828125
2013-10-23,45.29848098754883
2013-10-24,45.46211624145508
2013-10-25,45.1943244934082
2013-10-28,45.224098205566406
2013-10-29,45.30590057373047
2013-10-30,44.82986068725586
2013-10-31,44.43563461303711
2013-11-01,44.584407806396484
2013-11-04,45.91584396362305
2013-11-05,45.32078552246094
2013-11-06,44.70341491699219
2013-11-07,44.33150863647461
2013-11-08,44.376121520996094
2013-11-11,44.115814208984375
2013-11-12,43.82570266723633
2013-11-13,44.40589904785156
2013-11-14,44.56952667236328
2013-11-15,44.614158630371094
2013-11-18,44.68852996826172
2013-11-19,43.848026275634766
2013-11-20,42.88850784301758
2013-11-21,43.22321701049805
2013-11-22,43.64719772338867
2013-11-25,43.729000091552734
2013-11-26,43.53563690185547
2013-11-27,43.66207504272461
2013-11-29,43.624874114990234
2013-12-02,43.498443603515625
2013-12-03,43.24552917480469
2013-12-04,43.327354431152344
2013-12-05,43.34223175048828
2013-12-06,43.0595817565918
2013-12-09,43.074462890625
2013-12-10,42.93312072753906
2013-12-11,42.67279052734375
2013-12-12,42.494293212890625
2013-12-13,42.20989227294922
2013-12-16,42.060203552246094
2013-12-17,42.18743133544922
2013-12-18,42.27723693847656
2013-12-19,42.2697639465332
2013-12-20,42.314666748046875
2013-12-23,42.68885040283203
2013-12-24,42.68885040283203
2013-12-26,42.75621795654297
2013-12-27,43.19778060913086
2013-12-30,43.57197570800781
2013-12-31,43.66926956176758
2014-01-02,43.27261734008789
2014-01-03,42.86846160888672
2014-01-06,42.367061614990234
2014-01-07,42.41945266723633
2014-01-08,42.11259841918945
2014-01-09,42.32215881347656
2014-01-10,43.18280792236328
2014-01-13,42.9957160949707
2014-01-14,43.21276092529297
2014-01-15,44.41019821166992
2014-01-16,44.54490661621094
2014-01-17,44.25303268432617
2014-01-21,44.6496696472168
2014-01-22,45.076263427734375
2014-01-23,44.19314956665039
2014-01-24,42.816097259521484
2014-01-27,42.658931732177734
2014-01-28,42.9957160949707
2014-01-29,43.13043212890625
2014-01-30,43.61687469482422
2014-01-31,43.81147384643555
2014-02-03,43.205265045166016
2014-02-04,43.88631057739258
2014-02-05,39.785057067871094
2014-02-06,39.276145935058594
2014-02-07,39.20878601074219
2014-02-10,39.61292266845703
2014-02-11,40.31642532348633
2014-02-12,40.256553649902344
2014-02-13,40.43617248535156
2014-02-14,40.892696380615234
2014-02-18,40.728050231933594
2014-02-19,40.24159622192383
2014-02-20,40.53346633911133
2014-02-21,40.5035285949707
2014-02-24,39.919761657714844
2014-02-25,39.23124694824219
2014-02-26,39.306087493896484
2014-02-27,39.18634033203125
2014-02-28,38.812137603759766
2014-03-03,38.729835510253906
2014-03-04,39.05161666870117
2014-03-05,38.99888229370117
2014-03-06,39.51877212524414
2014-03-07,39.38314437866211
2014-03-10,39.609188079833984
2014-03-11,39.46603012084961
2014-03-12,39.51877212524414
2014-03-13,39.239994049072266
2014-03-14,38.53175354003906
2014-03-17,38.47898864746094
2014-03-18,38.39612579345703
2014-03-19,38.079673767089844
2014-03-20,38.14748764038086
2014-03-21,38.4488639831543
2014-03-24,38.350921630859375
2014-03-25,38.5015983581543
2014-03-26,38.16256332397461
2014-03-27,38.4262580871582
2014-03-28,38.3433837890625
2014-03-31,39.47356414794922
2014-04-01,39.30027770996094
2014-04-02,39.91056823730469
2014-04-03,39.955780029296875
2014-04-04,39.4886474609375
2014-04-07,39.2098503112793
2014-04-08,39.3228645324707
2014-04-09,39.89549255371094
2014-04-10,40.53593826293945
2014-04-11,41.342132568359375
2014-04-14,41.91476821899414
2014-04-15,41.89215850830078
2014-04-16,42.43464660644531
2014-04-17,42.7511100769043
2014-04-21,42.969600677490234
2014-04-22,43.47441101074219
2014-04-23,43.459346771240234
2014-04-24,42.886714935302734
2014-04-25,42.404510498046875
2014-04-28,42.56273651123047
2014-04-29,42.18600082397461
2014-04-30,44.378570556640625
2014-05-01,44.21280288696289
2014-05-02,44.03950119018555
2014-05-05,43.85114288330078
2014-05-06,43.80593490600586
2014-05-07,43.8662223815918
2014-05-08,43.99429702758789
2014-05-09,43.92648696899414
2014-05-12,44.461448669433594
2014-05-13,44.499122619628906
2014-05-14,44.26553726196289
2014-05-15,44.34089279174805
2014-05-16,44.363487243652344
2014-05-19,44.8457145690918
2014-05-20,44.53678894042969
2014-05-21,44.69502639770508
2014-05-22,44.868324279785156
2014-05-23,44.928585052490234
2014-05-27,44.649810791015625
2014-05-28,44.98885726928711
2014-05-29,45.16216278076172
2014-05-30,45.10187911987305
2014-06-02,45.0416145324707
2014-06-03,44.99638748168945
2014-06-04,45.003971099853516
2014-06-05,45.80734634399414
2014-06-06,46.3606071472168
2014-06-09,46.163570404052734
2014-06-10,46.78504180908203
2014-06-11,46.921451568603516
2014-06-12,46.85325622558594
2014-06-13,46.99725341796875
2014-06-16,47.338294982910156
2014-06-17,47.171566009521484
2014-06-18,48.14925003051758
2014-06-19,48.2705192565918
2014-06-20,48.44484329223633
2014-06-23,48.36146545410156
2014-06-24,47.71724319458008
2014-06-25,48.12651824951172
2014-06-26,48.30083084106445
2014-06-27,48.35388946533203
2014-06-30,48.34630584716797
2014-07-01,48.14925003051758
2014-07-02,48.60398864746094
2014-07-03,48.793453216552734
2014-07-07,48.58885192871094
2014-07-08,48.04314041137695
2014-07-09,48.505470275878906
2014-07-10,48.096187591552734
2014-07-11,48.08103942871094
2014-07-14,48.30842208862305
2014-07-15,48.74040603637695
2014-07-16,49.414939880371094
2014-07-17,48.61915588378906
2014-07-18,49.16483688354492
2014-07-21,49.62714385986328
2014-07-22,49.990943908691406
2014-07-23,50.104637145996094
2014-07-24,50.415374755859375
2014-07-25,50.180423736572266
2014-07-28,49.72567367553711
2014-07-29,48.81621551513672
2014-07-30,51.93873596191406
2014-07-31,51.1277961730957
2014-08-01,51.30967330932617
2014-08-04,51.88570785522461
2014-08-05,51.02167510986328
2014-08-06,50.18801498413086
2014-08-07,50.52904510498047
2014-08-08,51.07473373413086
2014-08-11,51.16569519042969
2014-08-12,51.3172607421875
2014-08-13,51.15812301635742
2014-08-14,50.94589614868164
2014-08-15,50.90800476074219
2014-08-18,51.65072250366211
2014-08-19,52.0145263671875
2014-08-20,52.03727340698242
2014-08-21,52.0069694519043
2014-08-22,51.87809753417969
2014-08-25,51.96146011352539
2014-08-26,51.87809753417969
2014-08-27,51.703800201416016
2014-08-28,51.582542419433594
2014-08-29,51.73411560058594
2014-09-02,51.81747055053711
2014-09-03,50.964271545410156
2014-09-04,51.29184341430664
2014-09-05,51.619415283203125
2014-09-08,51.4289665222168
2014-09-09,50.97187805175781
2014-09-10,50.83476257324219
2014-09-11,51.0328254699707
2014-09-12,51.16996383666992
2014-09-15,51.07853317260742
2014-09-16,51.19279479980469
2014-09-17,51.86318588256836
2014-09-18,51.97746276855469
2014-09-19,51.66511154174805
2014-09-22,50.84238052368164
2014-09-23,50.61381912231445
2014-09-24,50.804290771484375
2014-09-25,49.94346618652344
2014-09-26,50.54528045654297
2014-09-29,50.62144470214844
2014-09-30,50.522430419921875
2014-10-01,49.66159439086914
2014-10-02,50.35481643676758
2014-10-03,51.22328186035156
2014-10-06,50.83476257324219
2014-10-07,49.84443664550781
2014-10-08,50.491939544677734
2014-10-09,49.66922378540039
2014-10-10,49.22736740112305
2014-10-13,48.336063385009766
2014-10-14,49.95869064331055
2014-10-15,51.116634368896484
2014-10-16,50.93380355834961
2014-10-17,51.78701400756836
2014-10-20,52.556419372558594
2014-10-21,53.27250289916992
2014-10-22,52.96779251098633
2014-10-23,53.79053497314453
2014-10-24,54.201908111572266
2014-10-27,54.62089157104492
2014-10-28,55.10843276977539
2014-10-29,54.925601959228516
2014-10-30,52.73163986206055
2014-10-31,52.724029541015625
2014-11-03,52.32789993286133
2014-11-04,53.41726303100586
2014-11-05,54.4304313659668
2014-11-06,54.544715881347656
2014-11-07,54.43806076049805
2014-11-10,54.97895050048828
2014-11-11,54.65898513793945
2014-11-12,55.504581451416016
2014-11-13,55.69504928588867
2014-11-14,55.66455841064453
2014-11-17,55.24555587768555
2014-11-18,55.26081848144531
2014-11-19,54.453304290771484
2014-11-20,55.07035446166992
2014-11-21,55.474117279052734
2014-11-24,55.32174301147461
2014-11-25,55.6417121887207
2014-11-26,55.91594696044922
2014-11-28,56.174949645996094
2014-12-01,55.23794937133789
2014-12-02,56.07591247558594
2014-12-03,56.807247161865234
2014-12-04,56.715843200683594
2014-12-05,56.85295867919922
2014-12-08,56.426361083984375
2014-12-09,55.80168533325195
2014-12-10,54.7047004699707
2014-12-11,55.50885009765625
2014-12-12,55.36332321166992
2014-12-15,55.27910614013672
2014-12-16,55.0799560546875
2014-12-17,55.049320220947266
2014-12-18,56.72654342651367
2014-12-19,58.44205093383789
2014-12-22,58.82497787475586
2014-12-23,58.98580551147461
2014-12-24,59.0930061340332
2014-12-26,58.77899932861328
2014-12-29,58.50331115722656
2014-12-30,57.96721649169922
2014-12-31,57.35451889038086
2015-01-02,56.55038070678711
2015-01-05,54.069026947021484
2015-01-06,53.36445617675781
2015-01-07,53.387428283691406
2015-01-08,55.7845344543457
2015-01-09,55.18717956542969
2015-01-12,55.830501556396484
2015-01-13,56.37424087524414
2015-01-14,55.88410949707031
2015-01-15,55.53181076049805
2015-01-16,56.251708984375
2015-01-20,55.80752182006836
2015-01-21,55.769229888916016
2015-01-22,57.231998443603516
2015-01-23,56.76483154296875
2015-01-26,57.16307067871094
2015-01-27,56.473812103271484
2015-01-28,55.86111831665039
2015-01-29,56.14447784423828
2015-01-30,54.54386520385742
2015-02-02,56.24403762817383
2015-02-03,57.61492919921875
2015-02-04,53.99245071411133
2015-02-05,54.352413177490234
2015-02-06,54.00010681152344
2015-02-09,53.99245071411133
2015-02-10,54.490264892578125
2015-02-11,54.566837310791016
2015-02-12,55.01102066040039
2015-02-13,55.58541488647461
2015-02-17,54.99571228027344
2015-02-18,54.66639709472656
2015-02-19,55.01869201660156
2015-02-20,55.52416229248047
2015-02-23,56.01428985595703
2015-02-24,56.65761947631836
2015-02-25,56.32829666137695
2015-02-26,56.833770751953125
2015-02-27,56.90268325805664
2015-03-02,56.366580963134766
2015-03-03,57.186031341552734
2015-03-04,56.93203353881836
2015-03-05,57.0551872253418
2015-03-06,56.63953399658203
2015-03-09,56.89353561401367
2015-03-10,55.800472259521484
2015-03-11,55.79278564453125
2015-03-12,56.93972396850586
2015-03-13,56.5394401550293
2015-03-16,58.001983642578125
2015-03-17,57.470855712890625
2015-03-18,57.878822326660156
2015-03-19,57.85573959350586
2015-03-20,58.040489196777344
2015-03-23,58.30220413208008
2015-03-24,57.77876281738281
2015-03-25,56.431663513183594
2015-03-26,56.30080795288086
2015-03-27,56.21612548828125
2015-03-30,56.346988677978516
2015-03-31,56.362396240234375
2015-04-01,55.41557693481445
2015-04-02,54.90754699707031
2015-04-06,54.86905288696289
2015-04-07,54.96912384033203
2015-04-08,54.8228645324707
2015-04-09,55.14613723754883
2015-04-10,55.469459533691406
2015-04-13,54.168548583984375
2015-04-14,54.484153747558594
2015-04-15,54.06078338623047
2015-04-16,53.506568908691406
2015-04-17,52.7829704284668
2015-04-20,53.953033447265625
2015-04-21,54.29943084716797
2015-04-22,54.21474838256836
2015-04-23,54.36100769042969
2015-04-24,54.384098052978516
2015-04-27,53.06779861450195
2015-04-28,50.596824645996094
2015-04-29,49.81937026977539
2015-04-30,49.56535339355469
2015-05-01,49.83475875854492
2015-05-04,50.866268157958984
2015-05-05,49.2574462890625
2015-05-06,49.688507080078125
2015-05-07,50.21196365356445
2015-05-08,50.57374572753906
2015-05-11,50.242740631103516
2015-05-12,50.0272102355957
2015-05-13,49.680809020996094
2015-05-14,49.557647705078125
2015-05-15,49.665409088134766
2015-05-18,50.35051727294922
2015-05-19,49.9271354675293
2015-05-20,49.19586181640625
2015-05-21,49.46527099609375
2015-05-22,49.28822708129883
2015-05-26,48.44148254394531
2015-05-27,48.77247619628906
2015-05-28,48.11048126220703
2015-05-29,47.51776123046875
2015-06-01,47.81027603149414
2015-06-02,47.448482513427734
2015-06-03,50.05095291137695
2015-06-04,49.06727600097656
2015-06-05,49.710147857666016
2015-06-08,49.06727600097656
2015-06-09,49.39259338378906
2015-06-10,49.43132019042969
2015-06-11,49.818580627441406
2015-06-12,49.338375091552734
2015-06-15,49.37710189819336
2015-06-16,49.516517639160156
2015-06-17,49.59396743774414
2015-06-18,50.19036865234375
2015-06-19,49.73339080810547
2015-06-22,49.69465637207031
2015-06-23,49.39259338378906
2015-06-24,48.48637008666992
2015-06-25,48.385684967041016
2015-06-26,48.82718276977539
2015-06-29,47.78153610229492
2015-06-30,48.32371139526367
2015-07-01,48.23077392578125
2015-07-02,48.842655181884766
2015-07-06,48.145572662353516
2015-07-07,48.95109939575195
2015-07-08,47.93644332885742
2015-07-09,48.145572662353516
2015-07-10,49.22219467163086
2015-07-13,50.213600158691406
2015-07-14,49.818580627441406
2015-07-15,48.82718276977539
2015-07-16,49.044044494628906
2015-07-17,48.79619598388672
2015-07-20,49.315147399902344
2015-07-21,50.64734649658203
2015-07-22,50.538909912109375
2015-07-23,49.89603805541992
2015-07-24,49.81083679199219
2015-07-27,50.15938949584961
2015-07-28,51.68523025512695
2015-07-29,54.1017951965332
2015-07-30,54.1172981262207
2015-07-31,54.33416748046875
2015-08-03,54.77566909790039
2015-08-04,54.54329299926758
2015-08-05,54.45809555053711
2015-08-06,53.96240997314453
2015-08-07,53.3272590637207
2015-08-10,53.892677307128906
2015-08-11,54.094078063964844
2015-08-12,53.520896911621094
2015-08-13,53.218833923339844
2015-08-14,53.753257751464844
2015-08-17,53.97788619995117
2015-08-18,54.02436065673828
2015-08-19,54.86086654663086
2015-08-20,53.61384582519531
2015-08-21,52.08024978637695
2015-08-24,50.469207763671875
2015-08-25,49.679168701171875
2015-08-26,52.09575653076172
2015-08-27,52.529476165771484
2015-08-28,52.08024978637695
2015-08-31,52.2274055480957
2015-09-01,51.119808197021484
2015-09-02,53.550384521484375
2015-09-03,53.12969970703125
2015-09-04,52.74018859863281
2015-09-08,53.70619201660156
2015-09-09,53.62050247192383
2015-09-10,53.752933502197266
2015-09-11,53.503639221191406
2015-09-14,53.441322326660156
2015-09-15,54.1346549987793
2015-09-16,54.36838150024414
2015-09-17,53.776302337646484
2015-09-18,52.6389274597168
2015-09-21,53.37898635864258
2015-09-22,52.085811614990234
2015-09-23,52.50649642944336
2015-09-24,52.607749938964844
2015-09-25,53.38678741455078
2015-09-28,52.86484146118164
2015-09-29,53.09075927734375
2015-09-30,52.802520751953125
2015-10-01,52.74798583984375
2015-10-02,53.60491180419922
2015-10-05,54.56312561035156
2015-10-06,54.71894073486328
2015-10-07,54.67218017578125
2015-10-08,55.225284576416016
2015-10-09,55.86410140991211
2015-10-12,56.09000015258789
2015-10-13,55.58366394042969
2015-10-14,55.27982711791992
2015-10-15,56.32373046875
2015-10-16,55.89525604248047
2015-10-19,56.01211929321289
2015-10-20,56.19126510620117
2015-10-21,55.9809684753418
2015-10-22,56.650909423828125
2015-10-23,56.705448150634766
2015-10-26,56.47953414916992
2015-10-27,54.524173736572266
2015-10-28,52.96611022949219
2015-10-29,54.04894256591797
2015-10-30,54.04894256591797
2015-11-02,54.71894073486328
2015-11-03,54.64104080200195
2015-11-04,53.527015686035156
2015-11-05,53.20759963989258
2015-11-06,53.53480529785156
2015-11-09,52.83367156982422
2015-11-10,53.55817794799805
2015-11-11,53.55817794799805
2015-11-12,52.568824768066406
2015-11-13,52.21047592163086
2015-11-16,52.5142822265625
2015-11-17,52.84148025512695
2015-11-18,53.1920280456543
2015-11-19,53.21540069580078
2015-11-20,53.38678741455078
2015-11-23,53.16865921020508
2015-11-24,53.14530563354492
2015-11-25,53.449100494384766
2015-11-27,53.64387893676758
2015-11-30,52.52985763549805
2015-12-01,52.9349479675293
2015-12-02,49.530601501464844
2015-12-03,48.47112274169922
2015-12-04,48.92295455932617
2015-12-07,48.362056732177734
2015-12-08,47.13898468017578
2015-12-09,47.17015075683594
2015-12-10,48.260738372802734
2015-12-11,48.64518737792969
2015-12-14,48.394126892089844
2015-12-15,49.123802185058594
2015-12-16,50.426246643066406
2015-12-17,50.371307373046875
2015-12-18,48.92765426635742
2015-12-21,49.03749084472656
2015-12-22,49.743629455566406
2015-12-23,50.19870376586914
2015-12-24,49.84564208984375
2015-12-28,49.57102966308594
2015-12-29,49.5788688659668
2015-12-30,48.92765426635742
2015-12-31,48.660888671875
2016-01-04,48.480430603027344
2016-01-05,49.79855728149414
2016-01-06,49.55533218383789
2016-01-07,49.50041961669922
2016-01-08,49.52395248413086
2016-01-11,48.44905090332031
2016-01-12,49.414093017578125
2016-01-13,49.18656921386719
2016-01-14,49.53179931640625
2016-01-15,49.86917495727539
2016-01-19,49.947628021240234
2016-01-20,50.0025520324707
2016-01-21,50.614559173583984
2016-01-22,50.39484405517578
2016-01-25,49.21010971069336
2016-01-26,50.269317626953125
2016-01-27,49.57102966308594
2016-01-28,49.46902084350586
2016-01-29,50.81852340698242
2016-02-01,51.163761138916016
2016-02-02,49.806392669677734
2016-02-03,50.92837905883789
2016-02-04,52.9212646484375
2016-02-05,53.415557861328125
2016-02-08,54.54538345336914
2016-02-09,54.67877197265625
2016-02-10,53.847084045410156
2016-02-11,54.00402069091797
2016-02-12,55.04753875732422
2016-02-16,55.871360778808594
2016-02-17,55.58106994628906
2016-02-18,55.67520523071289
2016-02-19,55.29860305786133
2016-02-22,54.97691345214844
2016-02-23,54.55324935913086
2016-02-24,55.10244369506836
2016-02-25,55.04753875732422
2016-02-26,55.196598052978516
2016-02-29,54.788612365722656
2016-03-01,55.50259017944336
2016-03-02,56.37093734741211
2016-03-03,56.44988250732422
2016-03-04,57.37347412109375
2016-03-07,56.52091598510742
2016-03-08,56.54460144042969
2016-03-09,56.378822326660156
2016-03-10,56.44988250732422
2016-03-11,57.33401870727539
2016-03-14,57.199790954589844
2016-03-15,57.681339263916016
2016-03-16,57.71292495727539
2016-03-17,58.281288146972656
2016-03-18,58.683876037597656
2016-03-21,58.13917922973633
2016-03-22,58.0049934387207
2016-03-23,58.0049934387207
2016-03-24,58.21023941040039
2016-03-28,58.44704818725586
2016-03-29,58.8101806640625
2016-03-30,58.84967041015625
2016-03-31,58.597049713134766
2016-04-01,58.13917922973633
2016-04-04,57.99710464477539
2016-04-05,58.04446792602539
2016-04-06,58.1470947265625
2016-04-07,56.71828079223633
2016-04-08,56.71036911010742
2016-04-11,56.655113220214844
2016-04-12,57.22350311279297
2016-04-13,57.58660888671875
2016-04-14,57.54715347290039
2016-04-15,58.02866744995117
2016-04-18,58.50232696533203
2016-04-19,59.386451721191406
2016-04-20,58.99174499511719
2016-04-21,58.660179138183594
2016-04-22,58.857540130615234
2016-04-25,58.88912582397461
2016-04-26,59.76536178588867
2016-04-27,56.68669891357422
2016-04-28,55.91309356689453
2016-04-29,56.023616790771484
2016-05-02,56.68669891357422
2016-05-03,55.920989990234375
2016-05-04,56.63143539428711
2016-05-05,55.92889404296875
2016-05-06,57.48400115966797
2016-05-09,57.73658752441406
2016-05-10,57.66554260253906
2016-05-11,57.30242919921875
2016-05-12,57.207706451416016
2016-05-13,57.08137893676758
2016-05-16,57.184017181396484
2016-05-17,57.45241928100586
2016-05-18,57.744503021240234
2016-05-19,57.705020904541016
2016-05-20,58.66809844970703
2016-05-23,58.699676513671875
2016-05-24,58.96016311645508
2016-05-25,59.05489730834961
2016-05-26,59.18120574951172
2016-05-27,59.34696960449219
2016-05-31,59.189083099365234
2016-06-01,58.95088577270508
2016-06-02,58.5856819152832
2016-06-03,58.24428176879883
2016-06-06,58.13314437866211
2016-06-07,57.91876220703125
2016-06-08,58.49039077758789
2016-06-09,58.83976364135742
2016-06-10,57.95051193237305
2016-06-13,57.942596435546875
2016-06-14,57.53767776489258
2016-06-15,57.577362060546875
2016-06-16,57.23595428466797
2016-06-17,57.14863586425781
2016-06-20,57.593257904052734
2016-06-21,57.23595428466797
2016-06-22,57.05337142944336
2016-06-23,57.100990295410156
2016-06-24,56.8786735534668
2016-06-27,57.30744171142578
2016-06-28,58.29192352294922
2016-06-29,58.474525451660156
2016-06-30,58.95088577270508
2016-07-01,59.69719696044922
2016-07-05,59.5701904296875
2016-07-06,59.387569427490234
2016-07-07,58.24428176879883
2016-07-08,59.09382247924805
2016-07-11,57.05337142944336
2016-07-12,57.52178955078125
2016-07-13,57.82349395751953
2016-07-14,57.40270233154297
2016-07-15,57.11686325073242
2016-07-18,56.71989440917969
2016-07-19,56.86280822753906
2016-07-20,56.50553894042969
2016-07-21,56.55318832397461
2016-07-22,57.18833541870117
2016-07-25,56.767539978027344
2016-07-26,57.275665283203125
2016-07-27,54.26659393310547
2016-07-28,54.96528625488281
2016-07-29,55.274898529052734
2016-08-01,54.97321319580078
2016-08-02,54.27454376220703
2016-08-03,54.615943908691406
2016-08-04,54.37775802612305
2016-08-05,54.95732879638672
2016-08-08,54.98114013671875
2016-08-09,54.71915817260742
2016-08-10,54.798526763916016
2016-08-11,54.80647277832031
2016-08-12,55.32255172729492
2016-08-15,54.96528625488281
2016-08-16,55.43368911743164
2016-08-17,55.49721145629883
2016-08-18,54.75090408325195
2016-08-19,55.116119384765625
2016-08-22,55.13200759887695
2016-08-23,55.1002311706543
2016-08-24,55.298736572265625
2016-08-25,54.6794548034668
2016-08-26,54.60799789428711
2016-08-29,55.12406539916992
2016-08-30,55.195499420166016
2016-08-31,55.45914077758789
2016-09-01,56.75335693359375
2016-09-02,56.97703170776367
2016-09-06,56.17014694213867
2016-09-07,56.098270416259766
2016-09-08,55.97841262817383
2016-09-09,55.04373550415039
2016-09-12,55.13160705566406
2016-09-13,54.13299560546875
2016-09-14,53.74151611328125
2016-09-15,53.81342697143555
2016-09-16,53.94923782348633
2016-09-19,53.749515533447266
2016-09-20,54.356685638427734
2016-09-21,54.75611877441406
2016-09-22,55.323333740234375
2016-09-23,55.5949592590332
2016-09-26,55.55500793457031
2016-09-27,56.01837158203125
2016-09-28,56.12222671508789
2016-09-29,56.17014694213867
2016-09-30,56.289981842041016
2016-10-03,56.321956634521484
2016-10-04,56.0822868347168
2016-10-05,56.06631088256836
2016-10-06,56.13020706176758
2016-10-07,56.194129943847656
2016-10-10,56.64152526855469
2016-10-11,56.48972702026367
2016-10-12,56.23408508300781
2016-10-13,56.17014694213867
2016-10-14,56.13020706176758
2016-10-17,54.85997772216797
2016-10-18,54.96381759643555
2016-10-19,54.93186950683594
2016-10-20,54.923892974853516
2016-10-21,55.01176834106445
2016-10-24,55.21949005126953
2016-10-25,55.467132568359375
2016-10-26,53.7654914855957
2016-10-27,53.869354248046875
2016-10-28,53.99716567993164
2016-10-31,54.42058563232422
2016-11-01,54.660247802734375
2016-11-02,54.69220733642578
2016-11-03,55.075687408447266
2016-11-04,54.875972747802734
2016-11-07,56.289981842041016
2016-11-08,56.31398010253906
2016-11-09,57.080909729003906
2016-11-10,58.159423828125
2016-11-11,58.78255081176758
2016-11-14,58.72661209106445
2016-11-15,59.18199920654297
2016-11-16,59.26189041137695
2016-11-17,59.126068115234375
2016-11-18,59.437644958496094
2016-11-21,59.413692474365234
2016-11-22,59.070152282714844
2016-11-23,59.21394729614258
2016-11-25,59.35775375366211
2016-11-28,59.28586196899414
2016-11-29,59.90101623535156
2016-11-30,59.797157287597656
2016-12-01,59.80510711669922
2016-12-02,59.15003204345703
2016-12-05,60.22854232788086
2016-12-06,60.36434555053711
2016-12-07,61.29104995727539
2016-12-08,61.890235900878906
2016-12-09,61.546688079833984
2016-12-12,61.714481353759766
2016-12-13,61.56266784667969
2016-12-14,61.21118927001953
2016-12-15,59.716453552246094
2016-12-16,58.75211715698242
2016-12-19,59.96559143066406
2016-12-20,59.89325714111328
2016-12-21,59.973602294921875
2016-12-22,59.84503173828125
2016-12-23,59.901283264160156
2016-12-27,59.85307312011719
2016-12-28,59.04143142700195
2016-12-29,59.250362396240234
2016-12-30,58.87266159057617
2017-01-03,58.54317855834961
2017-01-04,58.65570068359375
2017-01-05,59.2584114074707
2017-01-06,59.58787536621094
2017-01-09,58.792301177978516
2017-01-10,58.7762451171875
2017-01-11,59.017311096191406
2017-01-12,59.017311096191406
2017-01-13,58.96910858154297
2017-01-17,59.113739013671875
2017-01-18,59.50752258300781
2017-01-19,58.961063385009766
2017-01-20,59.14589309692383
2017-01-23,59.21018600463867
2017-01-24,59.99773406982422
2017-01-25,60.01380920410156
2017-01-26,60.873653411865234
2017-01-27,62.34427261352539
2017-01-30,61.48442459106445
2017-01-31,61.122779846191406
2017-02-01,60.35934066772461
2017-02-02,60.22275161743164
2017-02-03,60.71292495727539
2017-02-06,60.13434982299805
2017-02-07,60.76915740966797
2017-02-08,61.17905807495117
2017-02-09,60.76915740966797
2017-02-10,61.52460479736328
2017-02-13,61.862117767333984
2017-02-14,62.038883209228516
2017-02-15,62.585350036621094
2017-02-16,62.73003005981445
2017-02-17,63.53363037109375
2017-02-21,63.822933197021484
2017-02-22,63.814876556396484
2017-02-23,63.85507583618164
2017-02-24,64.39348602294922
2017-02-27,64.47386932373047
2017-02-28,64.58635711669922
2017-03-01,65.34599304199219
2017-03-02,65.07929992675781
2017-03-03,64.46513366699219
2017-03-06,64.06915283203125
2017-03-07,63.79438018798828
2017-03-08,63.62466049194336
2017-03-09,63.45496368408203
2017-03-10,64.11762237548828
2017-03-13,64.0933837890625
2017-03-14,63.487274169921875
2017-03-15,63.47110366821289
2017-03-16,63.20446014404297
2017-03-17,63.77822494506836
2017-03-20,63.78627014160156
2017-03-21,63.32565689086914
2017-03-22,63.10746383666992
2017-03-23,62.7761116027832
2017-03-24,62.60640335083008
2017-03-27,62.24275588989258
2017-03-28,62.64680862426758
2017-03-29,62.460941314697266
2017-03-30,62.75188446044922
2017-03-31,62.460941314697266
2017-04-03,61.99224853515625
2017-04-04,62.11342239379883
2017-04-05,61.74977493286133
2017-04-06,61.64472961425781
2017-04-07,61.20024871826172
2017-04-10,61.612388610839844
2017-04-11,61.2164192199707
2017-04-12,60.44062042236328
2017-04-13,60.17393112182617
2017-04-17,61.15177536010742
2017-04-18,60.84467697143555
2017-04-19,60.88508987426758
2017-04-20,61.782108306884766
2017-04-21,61.85486602783203
2017-04-24,62.70338821411133
2017-04-25,62.792274475097656
2017-04-26,58.840492248535156
2017-04-27,58.840492248535156
2017-04-28,58.751609802246094
2017-05-01,58.63037872314453
2017-05-02,58.767765045166016
2017-05-03,58.81624984741211
2017-05-04,58.638458251953125
2017-05-05,59.276885986328125
2017-05-08,57.74951171875
2017-05-09,57.264625549316406
2017-05-10,56.707008361816406
2017-05-11,56.391841888427734
2017-05-12,56.04433059692383
2017-05-15,56.14130783081055
2017-05-16,56.24636459350586
2017-05-17,54.82404327392578
2017-05-18,55.0018424987793
2017-05-19,54.43614196777344
2017-05-22,55.018009185791016
2017-05-23,55.22812271118164
2017-05-24,55.26042938232422
2017-05-25,54.8806266784668
2017-05-26,54.17753601074219
2017-05-30,54.363407135009766
2017-05-31,54.51801300048828
2017-06-01,54.98174285888672
2017-06-02,55.0142707824707
2017-06-05,54.721397399902344
2017-06-06,54.607479095458984
2017-06-07,54.69697189331055
2017-06-08,54.48545455932617
2017-06-09,55.209537506103516
2017-06-12,55.990577697753906
2017-06-13,56.210243225097656
2017-06-14,55.193267822265625
2017-06-15,56.50313186645508
2017-06-16,56.98313903808594
2017-06-19,57.031959533691406
2017-06-20,55.64886474609375
2017-06-21,54.64816665649414
2017-06-22,54.75392150878906
2017-06-23,54.5017204284668
2017-06-26,54.98174285888672
2017-06-27,54.77833938598633
2017-06-28,54.77833938598633
2017-06-29,54.95732879638672
2017-06-30,55.876678466796875
2017-07-03,57.015682220458984
2017-07-05,55.941768646240234
2017-07-06,55.0630989074707
2017-07-07,55.29902648925781
2017-07-10,55.51056671142578
2017-07-11,55.811588287353516
2017-07-12,56.031253814697266
2017-07-13,55.941768646240234
2017-07-14,56.51124572753906
2017-07-17,56.04753494262695
2017-07-18,56.5438117980957
2017-07-19,55.88480758666992
2017-07-20,52.89084243774414
2017-07-21,53.33829879760742
2017-07-24,53.387123107910156
2017-07-25,53.63932800292969
2017-07-26,53.62305450439453
2017-07-27,53.25694274902344
2017-07-28,53.086097717285156
2017-07-31,53.37897491455078
2017-08-01,52.86642837524414
2017-08-02,53.37897491455078
2017-08-03,53.45219802856445
2017-08-04,54.6888427734375
2017-08-07,54.13560104370117
2017-08-08,54.306461334228516
2017-08-09,53.80203628540039
2017-08-10,53.78577423095703
2017-08-11,53.3952522277832
2017-08-14,54.62376022338867
2017-08-15,55.339698791503906
2017-08-16,55.33156967163086
2017-08-17,54.42035675048828
2017-08-18,54.33087158203125
2017-08-21,54.39596939086914
2017-08-22,54.59122085571289
2017-08-23,54.583072662353516
2017-08-24,54.40410614013672
2017-08-25,56.1939582824707
2017-08-28,57.80486297607422
2017-08-29,58.2279052734375
2017-08-30,59.81624221801758
2017-08-31,57.82674026489258
2017-09-01,57.45013427734375
2017-09-05,58.776466369628906
2017-09-06,59.57880783081055
2017-09-07,59.9881706237793
2017-09-08,60.37297058105469
2017-09-11,59.62793731689453
2017-09-12,59.59519958496094
2017-09-13,59.17765426635742
2017-09-14,57.94136428833008
2017-09-15,58.49809265136719
2017-09-18,59.15308380126953
2017-09-19,59.439640045166016
2017-09-20,59.59519958496094
2017-09-21,59.76713180541992
2017-09-22,59.873558044433594
2017-09-25,60.52034378051758
2017-09-26,61.31452941894531
2017-09-27,61.9613151550293
2017-09-28,61.79756546020508
2017-09-29,62.30518341064453
2017-10-02,63.28765106201172
2017-10-03,62.32975769042969
2017-10-04,61.42093276977539
2017-10-05,62.26422882080078
2017-10-06,62.6490592956543
2017-10-09,61.77298355102539
2017-10-10,63.115718841552734
2017-10-11,62.796424865722656
2017-10-12,63.18940353393555
2017-10-13,63.254913330078125
2017-10-16,63.31224060058594
2017-10-17,62.23967361450195
2017-10-18,63.320396423339844
2017-10-19,63.84439468383789
2017-10-20,64.10638427734375
2017-10-23,64.21282196044922
2017-10-24,64.54029846191406
2017-10-25,64.35202026367188
2017-10-26,65.16255950927734
2017-10-27,65.35086822509766
2017-10-30,64.1473159790039
2017-10-31,64.29469299316406
2017-11-01,64.94965362548828
2017-11-02,65.1297836303711
2017-11-03,65.03974914550781
2017-11-06,64.7449951171875
2017-11-07,65.90760040283203
2017-11-08,66.0140151977539
2017-11-09,66.05494689941406
2017-11-10,65.7684097290039
2017-11-13,65.79296875
2017-11-14,65.8011474609375
2017-11-15,65.457275390625
2017-11-16,65.8257064819336
2017-11-17,64.22101593017578
2017-11-20,64.21282196044922
2017-11-21,64.507568359375
2017-11-22,64.8759765625
2017-11-24,65.22803497314453
2017-11-27,65.12158966064453
2017-11-28,66.7508773803711
2017-11-29,69.1742935180664
2017-11-30,70.9427490234375
2017-12-01,70.85269165039062
2017-12-04,71.03282928466797
2017-12-05,70.34510040283203
2017-12-06,71.35212707519531
2017-12-07,71.57319641113281
2017-12-08,72.35914611816406
2017-12-11,72.02349090576172
2017-12-12,72.04802703857422
2017-12-13,71.85972595214844
2017-12-14,70.2386245727539
2017-12-15,70.9630355834961
2017-12-18,71.7449951171875
2017-12-19,71.30873107910156
2017-12-20,71.40751647949219
2017-12-21,71.7203369140625
2017-12-22,73.01265716552734
2017-12-26,73.08674621582031
2017-12-27,73.67115783691406
2017-12-28,73.63822174072266
2017-12-29,73.33365631103516
2018-01-02,73.86869049072266
2018-01-03,73.66290283203125
2018-01-04,73.85224151611328
2018-01-05,73.72877502441406
2018-01-08,74.72477722167969
2018-01-09,75.28451538085938
2018-01-10,75.26803588867188
2018-01-11,77.3094253540039
2018-01-12,77.60576629638672
2018-01-16,76.52748107910156
2018-01-17,76.53568267822266
2018-01-18,77.11189270019531
2018-01-19,78.33013153076172
2018-01-22,78.55237579345703
2018-01-23,78.11613464355469
2018-01-24,79.16973114013672
2018-01-25,79.45784759521484
2018-01-26,79.6224594116211
2018-01-29,79.27674865722656
2018-01-30,78.14081573486328
2018-01-31,75.28451538085938
2018-02-01,75.7125473022461
2018-02-02,75.55613708496094
2018-02-05,74.35435485839844
2018-02-06,74.71652221679688
2018-02-07,76.19820404052734
2018-02-08,74.46959686279297
2018-02-09,73.54769134521484
2018-02-12,75.05403900146484
2018-02-13,76.32168579101562
2018-02-14,76.08297729492188
2018-02-15,76.51099395751953
2018-02-16,76.2393569946289
2018-02-20,74.05803680419922
2018-02-21,74.23086547851562
2018-02-22,74.15679168701172
2018-02-23,76.2475814819336
2018-02-26,77.89388275146484
2018-02-27,76.93902587890625
2018-02-28,76.84847259521484
2018-03-01,74.20138549804688
2018-03-02,74.04421997070312
2018-03-05,74.26756286621094
2018-03-06,74.44127655029297
2018-03-07,74.45781707763672
2018-03-08,74.11868286132812
2018-03-09,75.8888931274414
2018-03-12,75.30155944824219
2018-03-13,75.86406707763672
2018-03-14,74.23445892333984
2018-03-15,74.6811752319336
2018-03-16,76.21977996826172
2018-03-19,76.6251220703125
2018-03-20,76.98910522460938
2018-03-21,77.44408416748047
2018-03-22,76.64994049072266
2018-03-23,75.16094207763672
2018-03-26,76.73267364501953
2018-03-27,75.74000549316406
2018-03-28,75.84754180908203
2018-03-29,77.51852416992188
2018-04-02,76.29424285888672
2018-04-03,77.45235443115234
2018-04-04,78.05623626708984
2018-04-05,77.17108154296875
2018-04-06,74.84661102294922
2018-04-09,75.74828338623047
2018-04-10,77.85767364501953
2018-04-11,77.71704864501953
2018-04-12,78.92477416992188
2018-04-13,77.98178100585938
2018-04-16,80.75293731689453
2018-04-17,79.43766784667969
2018-04-18,78.53600311279297
2018-04-19,77.99832153320312
2018-04-20,77.49371337890625
2018-04-23,77.51852416992188
2018-04-24,76.40180206298828
2018-04-25,76.592041015625
2018-04-26,75.54145812988281
2018-04-27,76.10401153564453
2018-04-30,76.12881469726562
2018-05-01,74.98725891113281
2018-05-02,68.57633209228516
2018-05-03,68.328125
2018-05-04,68.27849578857422
2018-05-07,68.18751525878906
2018-05-08,69.42833709716797
2018-05-09,69.06437683105469
2018-05-10,69.96600341796875
2018-05-11,71.50468444824219
2018-05-14,70.87594604492188
2018-05-15,70.46236419677734
2018-05-16,70.92559814453125
2018-05-17,72.43114471435547
2018-05-18,73.20870971679688
2018-05-21,74.37510681152344
2018-05-22,73.08462524414062
2018-05-23,72.33187103271484
2018-05-24,72.79509735107422
2018-05-25,72.98538208007812
2018-05-29,72.73721313476562
2018-05-30,73.97805786132812
2018-05-31,72.33997344970703
2018-06-01,72.7723617553711
2018-06-04,73.13822937011719
2018-06-05,73.0384292602539
2018-06-06,73.00518035888672
2018-06-07,73.16317749023438
2018-06-08,73.43759155273438
2018-06-11,73.73690032958984
2018-06-12,75.52465057373047
2018-06-13,75.49134826660156
2018-06-14,75.19200134277344
2018-06-15,74.90929412841797
2018-06-18,75.35832214355469
2018-06-19,74.81787109375
2018-06-20,75.05896759033203
2018-06-21,74.65986633300781
2018-06-22,73.67869567871094
2018-06-25,71.1675796508789
2018-06-26,70.58553314208984
2018-06-27,69.6126937866211
2018-06-28,69.45471954345703
2018-06-29,69.56280517578125
2018-07-02,71.19253540039062
2018-07-03,70.66865539550781
2018-07-05,70.17810821533203
2018-07-06,70.22798919677734
2018-07-09,71.39208984375
2018-07-10,71.40873718261719
2018-07-11,71.3754653930664
2018-07-12,71.3671646118164
2018-07-13,72.12379455566406
2018-07-16,72.58943939208984
2018-07-17,72.92203521728516
2018-07-18,73.86993408203125
2018-07-19,74.49356079101562
2018-07-20,75.10050964355469
2018-07-23,74.53514862060547
2018-07-24,74.81787109375
2018-07-25,76.28961944580078
2018-07-26,76.37272644042969
2018-07-27,76.04011535644531
2018-07-30,75.22528076171875
2018-07-31,76.68871307373047
2018-08-01,79.30792236328125
2018-08-02,79.34949493408203
2018-08-03,79.64884948730469
2018-08-06,80.00637817382812
2018-08-07,80.08950805664062
2018-08-08,79.88166046142578
2018-08-09,78.78407287597656
2018-08-10,78.90880584716797
2018-08-13,78.11054992675781
2018-08-14,78.13549041748047
2018-08-15,78.63438415527344
2018-08-16,80.15603637695312
2018-08-17,80.77133178710938
2018-08-20,80.96260833740234
2018-08-21,80.82955932617188
2018-08-22,80.87942504882812
2018-08-23,80.15603637695312
2018-08-24,80.23920440673828
2018-08-27,80.49694061279297
2018-08-28,80.08950805664062
2018-08-29,79.88166046142578
2018-08-30,79.4742202758789
2018-08-31,79.88996124267578
2018-09-04,79.89827728271484
2018-09-05,80.29740905761719
2018-09-06,81.20806121826172
2018-09-07,80.57308959960938
2018-09-10,83.69776916503906
2018-09-11,83.26332092285156
2018-09-12,82.8038101196289
2018-09-13,82.31922149658203
2018-09-14,83.62257385253906
2018-09-17,80.79865264892578
2018-09-18,81.19971466064453
2018-09-19,80.9239730834961
2018-09-20,80.50627136230469
2018-09-21,81.51718139648438
2018-09-24,80.50627136230469
2018-09-25,80.36421966552734
2018-09-26,81.23310852050781
2018-09-27,81.36677551269531
2018-09-28,81.80960083007812
2018-10-01,81.74276733398438
2018-10-02,81.08272552490234
2018-10-03,81.81793975830078
2018-10-04,81.49209594726562
2018-10-05,81.27488708496094
2018-10-08,81.6759033203125
2018-10-09,80.41436004638672
2018-10-10,77.32311248779297
2018-10-11,76.1200180053711
2018-10-12,76.59622955322266
2018-10-15,77.70742797851562
2018-10-16,78.7016372680664
2018-10-17,78.26719665527344
2018-10-18,77.9831314086914
2018-10-19,75.91114044189453
2018-10-22,76.56282806396484
2018-10-23,73.85588836669922
2018-10-24,72.0930404663086
2018-10-25,73.0287857055664
2018-10-26,72.00949096679688
2018-10-29,72.73636627197266
2018-10-30,73.76399230957031
2018-10-31,74.38224792480469
2018-11-01,75.944580078125
2018-11-02,74.10652923583984
2018-11-05,73.63030242919922
2018-11-06,74.21514129638672
2018-11-07,75.91950988769531
2018-11-08,76.33726501464844
2018-11-09,74.86680603027344
2018-11-12,73.64701080322266
2018-11-13,73.6804428100586
2018-11-14,75.19263458251953
2018-11-15,76.24532318115234
2018-11-16,75.86103057861328
2018-11-19,75.66885375976562
2018-11-20,73.55510711669922
2018-11-21,74.55768585205078
2018-11-23,74.54933166503906
2018-11-26,75.77748107910156
2018-11-27,76.05319213867188
2018-11-28,76.77167510986328
2018-11-29,76.65472412109375
2018-11-30,77.13929748535156
2018-12-03,76.42078399658203
2018-12-04,74.24857330322266
2018-12-06,75.23440551757812
2018-12-07,73.26271057128906
2018-12-10,73.37129974365234
2018-12-11,73.58019256591797
2018-12-12,73.62196350097656
2018-12-13,70.87324523925781
2018-12-14,71.14218139648438
2018-12-17,71.30184173583984
2018-12-18,71.41950988769531
2018-12-19,70.49504852294922
2018-12-20,69.41090393066406
2018-12-21,67.96537017822266
2018-12-24,66.44419860839844
2018-12-26,69.09992980957031
2018-12-27,70.03284454345703
2018-12-28,69.93196868896484
2018-12-31,70.67152404785156
2019-01-02,69.73865509033203
2019-01-03,67.16695404052734
2019-01-04,69.49494171142578
2019-01-07,69.83112335205078
2019-01-08,70.39422607421875
2019-01-09,71.20101165771484
2019-01-10,71.80611419677734
2019-01-11,71.96582794189453
2019-01-14,72.15068817138672
2019-01-15,71.62963104248047
2019-01-16,71.45313262939453
2019-01-17,72.31035614013672
2019-01-18,74.52069091796875
2019-01-22,73.07514953613281
2019-01-23,73.10041046142578
2019-01-24,72.73058319091797
2019-01-25,73.15922546386719
2019-01-28,72.92387390136719
2019-01-29,72.7894287109375
2019-01-30,72.89026641845703
2019-01-31,72.92387390136719
2019-02-01,73.72230529785156
2019-02-04,74.47869873046875
2019-02-05,75.40312957763672
2019-02-06,76.30240631103516
2019-02-07,75.94100952148438
2019-02-08,75.94100952148438
2019-02-11,75.7140884399414
2019-02-12,76.4873275756836
2019-02-13,76.39484405517578
2019-02-14,76.22677612304688
2019-02-15,76.8570785522461
2019-02-19,77.27727508544922
2019-02-20,77.33613586425781
2019-02-21,77.4706039428711
2019-02-22,77.26887512207031
2019-02-25,76.50411987304688
2019-02-26,76.57133483886719
2019-02-27,75.69727325439453
2019-02-28,76.38184356689453
2019-03-01,76.22972869873047
2019-03-04,74.995849609375
2019-03-05,75.07191467285156
2019-03-06,74.36202239990234
2019-03-07,73.92253875732422
2019-03-08,73.8971939086914
2019-03-11,75.10572052001953
2019-03-12,75.00431060791016
2019-03-13,75.2831802368164
2019-03-14,75.5029067993164
2019-03-15,75.215576171875
2019-03-18,76.13672637939453
2019-03-19,74.6324462890625
2019-03-20,73.22108459472656
2019-03-21,73.76197052001953
2019-03-22,71.56465911865234
2019-03-25,70.50824737548828
2019-03-26,72.2914810180664
2019-03-27,72.52810668945312
2019-03-28,72.91683959960938
2019-03-29,73.51689147949219
2019-04-01,74.62398529052734
2019-04-02,74.78457641601562
2019-04-03,74.96204376220703
2019-04-04,75.40997314453125
2019-04-05,75.60433197021484
2019-04-08,75.73955535888672
2019-04-09,75.40997314453125
2019-04-10,74.64933013916016
2019-04-11,75.78182983398438
2019-04-12,76.72833251953125
2019-04-15,76.80441284179688
2019-04-16,75.65504455566406
2019-04-17,75.61278533935547
2019-04-18,76.0522232055664
2019-04-22,76.19590759277344
2019-04-23,76.67764282226562
2019-04-24,77.26077270507812
2019-04-25,74.8606185913086
2019-04-26,74.16764831542969
2019-04-29,68.54757690429688
2019-04-30,68.45462799072266
2019-05-01,68.22642517089844
2019-05-02,70.49980163574219
2019-05-03,70.90546417236328
2019-05-06,70.32232666015625
2019-05-07,69.76456451416016
2019-05-08,70.36460876464844
2019-05-09,69.87442779541016
2019-05-10,69.07158660888672
2019-05-13,67.6517562866211
2019-05-14,68.78424072265625
2019-05-15,69.1814193725586
2019-05-16,70.06880187988281
2019-05-17,69.48564910888672
2019-05-20,69.12226867675781
2019-05-21,69.20677185058594
2019-05-22,68.60675048828125
2019-05-23,68.23490905761719
2019-05-24,67.37288665771484
2019-05-28,66.7728500366211
2019-05-29,67.3475341796875
2019-05-30,66.58692169189453
2019-05-31,67.29681396484375
2019-06-03,67.44048309326172
2019-06-04,67.81231689453125
2019-06-05,68.45462799072266
2019-06-06,67.65528106689453
2019-06-07,67.76583862304688
2019-06-10,68.19951629638672
2019-06-11,68.37810516357422
2019-06-12,69.917236328125
2019-06-13,71.06524658203125
2019-06-14,71.17579650878906
2019-06-17,69.97677612304688
2019-06-18,71.00574493408203
2019-06-19,70.89518737792969
2019-06-20,71.430908203125
2019-06-21,70.60606384277344
2019-06-24,70.47000122070312
2019-06-25,70.35945892333984
2019-06-26,70.85267639160156
2019-06-27,71.57546997070312
2019-06-28,71.72854614257812
2019-07-01,71.69452667236328
2019-07-02,71.11624908447266
2019-07-03,72.31529235839844
2019-07-05,72.19624328613281
2019-07-08,71.36288452148438
2019-07-09,70.74211883544922
2019-07-10,69.8917465209961
2019-07-11,70.4444808959961
2019-07-12,72.3322982788086
2019-07-15,71.86458587646484
2019-07-16,72.23875427246094
2019-07-17,69.94277954101562
2019-07-18,70.12134552001953
2019-07-19,71.13330078125
2019-07-22,70.76763916015625
2019-07-23,70.92919921875
2019-07-24,73.0381088256836
2019-07-25,71.49041748046875
2019-07-26,72.38334655761719
2019-07-29,72.3322982788086
2019-07-30,72.085693359375
2019-07-31,71.20130920410156
2019-08-01,68.87981414794922
2019-08-02,69.44107055664062
2019-08-05,69.015869140625
2019-08-06,69.16043090820312
2019-08-07,71.00574493408203
2019-08-08,73.18267822265625
2019-08-09,71.83909606933594
2019-08-12,71.79656219482422
2019-08-13,71.96664428710938
2019-08-14,70.06181335449219
2019-08-15,70.49551391601562
2019-08-16,71.27784729003906
2019-08-19,71.69452667236328
2019-08-20,71.57546997070312
2019-08-21,71.65200805664062
2019-08-22,71.19281005859375
2019-08-23,69.92575073242188
2019-08-26,70.65706634521484
2019-08-27,70.01078796386719
2019-08-28,70.72510528564453
2019-08-29,71.53296661376953
2019-08-30,71.84758758544922
2019-09-03,69.77268981933594
2019-09-04,70.37645721435547
2019-09-05,71.81376647949219
2019-09-06,71.24911499023438
2019-09-09,71.2576675415039
2019-09-10,74.175048828125
2019-09-11,76.2026596069336
2019-09-12,73.9611587524414
2019-09-13,74.51727294921875
2019-09-16,72.96873474121094
2019-09-17,73.79003143310547
2019-09-18,74.25204467773438
2019-09-19,73.23394775390625
2019-09-20,72.29285430908203
2019-09-23,71.77096557617188
2019-09-24,71.16354370117188
2019-09-25,72.60086059570312
2019-09-26,71.94209289550781
2019-09-27,71.68541717529297
2019-09-30,72.53240203857422
2019-10-01,71.49720764160156
2019-10-02,70.32514190673828
2019-10-03,70.23958587646484
2019-10-04,71.2576675415039
2019-10-07,71.37743377685547
2019-10-08,70.28234100341797
2019-10-09,71.02666473388672
2019-10-10,72.14742279052734
2019-10-11,72.93451690673828
2019-10-14,72.99441528320312
2019-10-15,72.96873474121094
2019-10-16,73.5761489868164
2019-10-17,74.14083099365234
2019-10-18,74.05526733398438
2019-10-21,74.2691421508789
2019-10-22,76.01444244384766
2019-10-23,76.177001953125
2019-10-24,75.01348876953125
2019-10-25,77.09243774414062
2019-10-28,77.28063201904297
2019-10-29,77.44318389892578
2019-10-30,65.94477844238281
2019-10-31,64.7127914428711
2019-11-01,63.90860366821289
2019-11-04,64.61869812011719
2019-11-05,65.31168365478516
2019-11-06,67.25373840332031
2019-11-07,67.70718383789062
2019-11-08,66.783203125
2019-11-11,65.75656127929688
2019-11-12,64.59303283691406
2019-11-13,63.84870529174805
2019-11-14,63.88292694091797
2019-11-15,63.925716400146484
2019-11-18,64.33636474609375
2019-11-19,64.93524932861328
2019-11-20,64.64436340332031
2019-11-21,63.82304382324219
2019-11-22,64.6700210571289
2019-11-25,65.2004623413086
2019-11-26,65.9190902709961
2019-11-27,66.51800537109375
2019-11-29,65.74800109863281
2019-12-02,66.51800537109375
2019-12-03,65.03789520263672
2019-12-04,65.35444641113281
2019-12-05,65.28601837158203
2019-12-06,65.03789520263672
2019-12-09,65.25180053710938
2019-12-10,64.84969329833984
2019-12-11,64.92668151855469
2019-12-12,66.71477508544922
2019-12-13,65.92249298095703
2019-12-16,66.35305786132812
2019-12-17,66.9731216430664
2019-12-18,66.9559097290039
2019-12-19,66.07749938964844
2019-12-20,66.13777160644531
2019-12-23,66.14637756347656
2019-12-24,66.77505493164062
2019-12-26,67.09367370605469
2019-12-27,67.11090850830078
2019-12-30,66.77505493164062
2019-12-31,67.34342193603516
2020-01-02,67.02476501464844
2020-01-03,66.94728088378906
2020-01-06,65.8880386352539
2020-01-07,67.4467544555664
2020-01-08,67.86011505126953
2020-01-09,68.40264892578125
2020-01-10,68.99684143066406
2020-01-13,69.28963470458984
2020-01-14,70.40055084228516
2020-01-15,71.9076156616211
2020-01-16,72.42432403564453
2020-01-17,69.5307846069336
2020-01-21,69.06576538085938
2020-01-22,69.16049194335938
2020-01-23,68.72129821777344
2020-01-24,68.56629180908203
2020-01-27,67.57594299316406
2020-01-28,67.0678482055664
2020-01-29,63.218406677246094
2020-01-30,62.55532455444336
2020-01-31,62.193607330322266
2020-02-03,62.012786865234375
2020-02-04,62.20224380493164
2020-02-05,62.64143753051758
2020-02-06,63.36480712890625
2020-02-07,64.05375671386719
2020-02-10,62.79644012451172
2020-02-11,62.62420654296875
2020-02-12,63.14091873168945
2020-02-13,62.11610412597656
2020-02-14,62.012786865234375
2020-02-18,62.39168930053711
2020-02-19,63.278682708740234
2020-02-20,64.43266296386719
2020-02-21,64.20015716552734
2020-02-24,62.12471008300781
2020-02-25,61.87498092651367
2020-02-26,61.711368560791016
2020-02-27,60.16986846923828
2020-02-28,59.33454895019531
2020-03-02,60.35932540893555
2020-03-03,58.791988372802734
2020-03-04,60.962162017822266
2020-03-05,57.57921600341797
2020-03-06,57.31900405883789
2020-03-09,54.3610954284668
2020-03-10,56.19135284423828
2020-03-11,55.61017608642578
2020-03-12,52.14051055908203
2020-03-13,54.100868225097656
2020-03-16,52.964561462402344
2020-03-17,56.03521728515625
2020-03-18,56.2520637512207
2020-03-19,55.566810607910156
2020-03-20,55.43670654296875
2020-03-23,54.85553741455078
2020-03-24,55.12442398071289
2020-03-25,54.03147888183594
2020-03-26,57.15419006347656
2020-03-27,54.222312927246094
2020-03-30,56.54700469970703
2020-03-31,57.42307662963867
2020-04-01,57.744022369384766
2020-04-02,59.782466888427734
2020-04-03,59.11453628540039
2020-04-06,62.79239273071289
2020-04-07,62.31532287597656
2020-04-08,63.1653938293457
2020-04-09,63.51237106323242
2020-04-13,61.820884704589844
2020-04-14,61.5780143737793
2020-04-15,61.517311096191406
2020-04-16,64.37977600097656
2020-04-17,64.38845825195312
2020-04-20,62.7316780090332
2020-04-21,61.552005767822266
2020-04-22,62.08980941772461
2020-04-23,61.13562774658203
2020-04-24,62.69698715209961
2020-04-27,64.22364044189453
2020-04-28,64.19762420654297
2020-04-29,61.812217712402344
2020-04-30,61.49995040893555
2020-05-01,61.43925094604492
2020-05-04,60.6672477722168
2020-05-05,61.69944763183594
2020-05-06,61.09226608276367
2020-05-07,62.4107551574707
2020-05-08,64.01544952392578
2020-05-11,64.53592681884766
2020-05-12,63.07866287231445
2020-05-13,62.27195739746094
2020-05-14,62.6102409362793
2020-05-15,62.88782501220703
2020-05-18,67.51983642578125
2020-05-19,65.88908386230469
2020-05-20,67.3290023803711
2020-05-21,67.57188415527344
2020-05-22,67.53720092773438
2020-05-26,67.87547302246094
2020-05-27,69.53225708007812
2020-05-28,70.13944244384766
2020-05-29,70.3736343383789
2020-06-01,69.96593475341797
2020-06-02,71.28441619873047
2020-06-03,72.69832611083984
2020-06-04,71.82559204101562
2020-06-05,72.48885345458984
2020-06-08,74.26922607421875
2020-06-09,72.51502990722656
2020-06-10,71.73832702636719
2020-06-11,68.7448501586914
2020-06-12,67.83722686767578
2020-06-15,68.18633270263672
2020-06-16,68.15139770507812
2020-06-17,68.63140869140625
2020-06-18,67.95069885253906
2020-06-19,67.85467529296875
2020-06-22,67.23503112792969
2020-06-23,67.4706802368164
2020-06-24,68.54413604736328
2020-06-25,67.47940826416016
2020-06-26,66.90339660644531
2020-06-29,67.86341094970703
2020-06-30,68.9979476928711
2020-07-01,69.02413177490234
2020-07-02,69.10267639160156
2020-07-06,70.0015869140625
2020-07-07,69.99285888671875
2020-07-08,70.25469207763672
2020-07-09,70.57759857177734
2020-07-10,71.74706268310547
2020-07-13,71.61614227294922
2020-07-14,73.1259536743164
2020-07-15,74.10342407226562
2020-07-16,74.97614288330078
2020-07-17,75.29904174804688
2020-07-20,74.44378662109375
2020-07-21,74.68814849853516
2020-07-22,74.35650634765625
2020-07-23,74.3826904296875
2020-07-24,75.11577606201172
2020-07-27,76.538330078125
2020-07-28,76.0583267211914
2020-07-29,83.15361785888672
2020-07-30,81.65252685546875
2020-07-31,81.79216003417969
2020-08-03,81.63506317138672
2020-08-04,83.31069946289062
2020-08-05,83.3543472290039
2020-08-06,83.04888916015625
2020-08-07,83.59870910644531
2020-08-10,84.34051513671875
2020-08-11,83.17108154296875
2020-08-12,83.50270080566406
2020-08-13,83.01398468017578
2020-08-14,82.97906494140625
2020-08-17,83.15361785888672
2020-08-18,82.8743667602539
2020-08-19,83.28453063964844
2020-08-20,84.2445297241211
2020-08-21,84.20962524414062
2020-08-24,84.63724517822266
2020-08-25,84.26199340820312
2020-08-26,84.89906311035156
2020-08-27,85.75434112548828
2020-08-28,86.16454315185547
2020-08-31,85.78926849365234
2020-09-01,86.59217834472656
2020-09-02,86.98489379882812
2020-09-03,85.62520599365234
2020-09-04,85.87958526611328
2020-09-08,83.96723937988281
2020-09-09,86.85330963134766
2020-09-10,86.44982147216797
2020-09-11,86.54630279541016
2020-09-14,88.34458923339844
2020-09-15,91.28324890136719
2020-09-16,90.78325653076172
2020-09-17,90.85342407226562
2020-09-18,90.46743774414062
2020-09-21,89.43232727050781
2020-09-22,89.96741485595703
2020-09-23,88.74808502197266
2020-09-24,89.3007583618164
2020-09-25,89.79198455810547
2020-09-28,90.5727310180664
2020-09-29,90.96746063232422
2020-09-30,89.64288330078125
2020-10-01,88.7919692993164
2020-10-02,88.48493194580078
2020-10-05,91.23062133789062
2020-10-06,90.87095642089844
2020-10-07,93.12541198730469
2020-10-08,93.10787200927734
2020-10-09,92.50259399414062
2020-10-12,92.1253890991211
2020-10-13,91.76570892333984
2020-10-14,91.94993591308594
2020-10-15,92.2131118774414
2020-10-16,87.92351531982422
2020-10-19,87.72176361083984
2020-10-20,88.16913604736328
2020-10-21,88.39722442626953
2020-10-22,87.35333251953125
2020-10-23,88.1954574584961
2020-10-26,87.36209106445312
2020-10-27,87.74807739257812
2020-10-28,77.70394134521484
2020-10-29,79.01976013183594
2020-10-30,77.57234191894531
2020-11-02,76.61618041992188
2020-11-03,78.26535034179688
2020-11-04,77.29164123535156
2020-11-05,77.89691925048828
2020-11-06,79.49346923828125
2020-11-09,82.38826751708984
2020-11-10,82.36197662353516
2020-11-11,81.87071228027344
2020-11-12,79.42330169677734
2020-11-13,80.67770385742188
2020-11-16,81.51107025146484
2020-11-17,82.063720703125
2020-11-18,81.47596740722656
2020-11-19,82.25670623779297
2020-11-20,81.22156524658203
2020-11-23,80.85314178466797
2020-11-24,82.8268814086914
2020-11-25,81.6075439453125
2020-11-27,81.33562469482422
2020-11-30,82.43213653564453
2020-12-01,82.3093032836914
2020-12-02,80.9671859741211
2020-12-03,81.1689224243164
2020-12-04,81.51982879638672
2020-12-07,81.77423858642578
2020-12-08,82.7040786743164
2020-12-09,83.40585327148438
2020-12-10,81.33562469482422
2020-12-11,82.1823959350586
2020-12-14,80.95630645751953
2020-12-15,79.60674285888672
2020-12-16,80.65643310546875
2020-12-17,81.40616607666016
2020-12-18,81.67963409423828
2020-12-21,82.45585632324219
2020-12-22,83.25850677490234
2020-12-23,82.72927856445312
2020-12-24,83.4966812133789
2020-12-28,83.5055160522461
2020-12-29,82.66751861572266
2020-12-30,82.0677261352539
2020-12-31,82.79985809326172
2021-01-04,81.47675323486328
2021-01-05,80.7093505859375
2021-01-06,84.00828552246094
2021-01-07,84.81979370117188
2021-01-08,85.87826538085938
2021-01-11,85.14614868164062
2021-01-12,86.35457611083984
2021-01-13,84.42285919189453
2021-01-14,85.88710021972656
2021-01-15,83.98180389404297
2021-01-19,85.06676483154297
2021-01-20,87.14845275878906
2021-01-21,86.3987045288086
2021-01-22,86.2663803100586
2021-01-25,87.60712432861328
2021-01-26,86.00176239013672
2021-01-27,80.72699737548828
2021-01-28,78.49534606933594
2021-01-29,75.4698486328125
2021-02-01,76.23725128173828
2021-02-02,76.40483856201172
2021-02-03,76.67829895019531
2021-02-04,77.01348114013672
2021-02-05,78.36305236816406
2021-02-08,79.35977172851562
2021-02-09,81.03570556640625
2021-02-10,80.2330322265625
2021-02-11,79.63321685791016
2021-02-12,80.532958984375
2021-02-16,78.06314086914062
2021-02-17,79.34213256835938
2021-02-18,80.47998809814453
2021-02-19,80.07426452636719
2021-02-22,79.22746276855469
2021-02-23,79.19219207763672
2021-02-24,79.41268920898438
2021-02-25,79.38624572753906
2021-02-26,80.13600158691406
2021-03-01,81.34442901611328
2021-03-02,82.1383056640625
2021-03-03,82.00598907470703
2021-03-04,81.5891342163086
2021-03-05,83.39847564697266
2021-03-08,81.4294662475586
2021-03-09,83.02597045898438
2021-03-10,83.83307647705078
2021-03-11,83.8419418334961
2021-03-12,85.07477569580078
2021-03-15,86.22781372070312
2021-03-16,85.3053970336914
2021-03-17,84.41844177246094
2021-03-18,84.79981994628906
2021-03-19,85.76656341552734
2021-03-22,84.78207397460938
2021-03-23,84.3563461303711
2021-03-24,84.32088470458984
2021-03-25,85.39408111572266
2021-03-26,86.65351104736328
2021-03-29,86.39630889892578
2021-03-30,86.75106811523438
2021-03-31,84.64018249511719
2021-04-01,86.16571044921875
2021-04-05,86.63579559326172
2021-04-06,86.52935791015625
2021-04-07,85.38520812988281
2021-04-08,85.59806060791016
2021-04-09,86.43179321289062
2021-04-12,87.84201049804688
2021-04-13,87.10587310791016
2021-04-14,87.38081359863281
2021-04-15,89.3675537109375
2021-04-16,89.3675537109375
2021-04-19,87.48724365234375
2021-04-20,88.23225402832031
2021-04-21,87.76219940185547
2021-04-22,87.95732879638672
2021-04-23,88.49834442138672
2021-04-26,87.04378509521484
2021-04-27,85.66902160644531
2021-04-28,83.043701171875
2021-04-29,86.4140625
2021-04-30,86.10363006591797
2021-05-03,87.86863708496094
2021-05-04,88.07262420654297
2021-05-05,87.69123077392578
2021-05-06,86.93734741210938
2021-05-07,88.25888061523438
2021-05-10,90.22787475585938
2021-05-11,87.88636016845703
2021-05-12,86.16571044921875
2021-05-13,87.9927978515625
2021-05-14,88.49834442138672
2021-05-17,87.83314514160156
2021-05-18,86.46728515625
2021-05-19,86.36970520019531
2021-05-20,85.59806060791016
2021-05-21,85.66017150878906
2021-05-24,86.6712646484375
2021-05-25,85.26992797851562
2021-05-26,86.334228515625
2021-05-27,86.1479721069336
2021-05-28,86.05043029785156
2021-06-01,85.51825714111328
2021-06-02,84.76435089111328
2021-06-03,85.7452163696289
2021-06-04,85.90573120117188
2021-06-07,87.87635803222656
2021-06-08,87.98336791992188
2021-06-09,88.27762603759766
2021-06-10,88.42921447753906
2021-06-11,89.16932678222656
2021-06-14,88.01904296875
2021-06-15,88.43812561035156
2021-06-16,86.02165222167969
2021-06-17,84.72869873046875
2021-06-18,82.82939910888672
2021-06-21,84.13123321533203
2021-06-22,85.0318603515625
2021-06-23,84.13123321533203
2021-06-24,84.13123321533203
2021-06-25,85.4153060913086
2021-06-28,84.05989837646484
2021-06-29,84.30066680908203
2021-06-30,83.52490997314453
2021-07-01,84.00641632080078
2021-07-02,83.62299346923828
2021-07-06,82.7669677734375
2021-07-07,83.23065948486328
2021-07-08,81.82177734375
2021-07-09,83.07904052734375
2021-07-12,82.69562530517578
2021-07-13,82.588623046875
2021-07-14,84.39876556396484
2021-07-15,83.7656478881836
2021-07-16,83.19498443603516
2021-07-19,83.04337310791016
2021-07-20,83.0255355834961
2021-07-21,83.05230712890625
2021-07-22,81.83068084716797
2021-07-23,82.82048034667969
2021-07-26,82.48160552978516
2021-07-27,81.42941284179688
2021-07-28,78.92377471923828
2021-07-29,79.5657958984375
2021-07-30,79.51228332519531
2021-08-02,79.94029998779297
2021-08-03,81.50967407226562
2021-08-04,80.57339477539062
2021-08-05,80.02055358886719
2021-08-06,81.14408111572266
2021-08-09,79.90462493896484
2021-08-10,79.71737670898438
2021-08-11,80.98356628417969
2021-08-12,81.34916687011719
2021-08-13,81.94660949707031
2021-08-16,82.32110595703125
2021-08-17,81.55426025390625
2021-08-18,79.15560150146484
2021-08-19,78.26390075683594
2021-08-20,79.08428192138672
2021-08-23,79.83329010009766
2021-08-24,79.86004638671875
2021-08-25,80.52879333496094
2021-08-26,80.24347686767578
2021-08-27,80.91224670410156
2021-08-30,80.93006896972656
2021-08-31,80.30590057373047
2021-09-01,79.50334930419922
2021-09-02,81.39566040039062
2021-09-03,80.79480743408203
2021-09-07,79.35987091064453
2021-09-08,79.91590881347656
2021-09-09,78.27471923828125
2021-09-10,79.27915954589844
2021-09-13,79.93385314941406
2021-09-14,80.78582763671875
2021-09-15,81.31495666503906
2021-09-16,80.95621490478516
2021-09-17,78.41822814941406
2021-09-20,77.86219024658203
2021-09-21,78.42718505859375
2021-09-22,78.48098754882812
2021-09-23,79.33296203613281
2021-09-24,79.37782287597656
2021-09-27,80.4540023803711
2021-09-28,79.5482177734375
2021-09-29,79.31504821777344
2021-09-30,78.02360534667969
2021-10-01,77.440673828125
2021-10-04,77.5393295288086
2021-10-05,78.34647369384766
2021-10-06,79.56615447998047
2021-10-07,80.39122009277344
2021-10-08,81.30599212646484
2021-10-11,81.84407806396484
2021-10-12,81.47637176513672
2021-10-13,82.05033874511719
2021-10-14,84.24755859375
2021-10-15,84.86637115478516
2021-10-18,87.01875305175781
2021-10-19,87.49404907226562
2021-10-20,88.20255279541016
2021-10-21,88.60613250732422
2021-10-22,89.41326141357422
2021-10-25,88.05905151367188
2021-10-26,88.34603881835938
2021-10-27,87.56580352783203
2021-10-28,88.01421356201172
2021-10-29,86.98287200927734
2021-11-01,86.09501647949219
2021-11-02,84.81255340576172
2021-11-03,84.73184967041016
2021-11-04,86.13987731933594
2021-11-05,84.13994598388672
2021-11-08,84.71390533447266
2021-11-09,84.46279907226562
2021-11-10,83.27899932861328
2021-11-11,83.27001953125
2021-11-12,84.74081420898438
2021-11-15,85.75423431396484
2021-11-16,86.53446197509766
2021-11-17,84.7049560546875
2021-11-18,84.22065734863281
2021-11-19,86.33714294433594
2021-11-22,86.7945556640625
2021-11-23,87.6823959350586
2021-11-24,88.1218490600586
2021-11-26,86.34614562988281
2021-11-29,85.75423431396484
2021-11-30,85.27891540527344
2021-12-01,84.18478393554688
2021-12-02,84.4986801147461
2021-12-03,86.99183654785156
2021-12-06,87.79898834228516
2021-12-07,88.14872741699219
2021-12-08,89.30565643310547
2021-12-09,90.24732208251953
2021-12-10,93.89739227294922
2021-12-13,94.15746307373047
2021-12-14,93.42720794677734
2021-12-15,93.7247085571289
2021-12-16,94.11238098144531
2021-12-17,91.38970947265625
2021-12-20,90.83075714111328
2021-12-21,91.70526123046875
2021-12-22,91.31758117675781
2021-12-23,92.36337280273438
2021-12-27,94.19351959228516
2021-12-28,95.68104553222656
2021-12-29,96.84407806396484
2021-12-30,96.54655456542969
2021-12-31,97.03340148925781
2022-01-03,97.27680206298828
2022-01-04,99.51264190673828
2022-01-05,98.8635482788086
2022-01-06,100.02651977539062
2022-01-07,97.75463104248047
2022-01-10,97.22270202636719
2022-01-11,97.34893798828125
2022-01-12,96.78095245361328
2022-01-13,97.77265930175781
2022-01-14,97.62842559814453
2022-01-18,98.35865783691406
2022-01-19,96.92520904541016
2022-01-20,94.69839477539062
2022-01-21,94.644287109375
2022-01-24,96.98832702636719
2022-01-25,94.78854370117188
2022-01-26,92.54370880126953
2022-01-27,92.69696807861328
2022-01-28,93.8509292602539
2022-01-31,94.34678649902344
2022-02-01,94.27466583251953
2022-02-02,83.4290542602539
2022-02-03,80.74244689941406
2022-02-04,79.9941635131836
2022-02-07,80.52607727050781
2022-02-08,79.5253677368164
2022-02-09,80.57115936279297
2022-02-10,81.43663787841797
2022-02-11,80.68836975097656
2022-02-14,80.42691040039062
2022-02-15,81.01292419433594
2022-02-16,81.50877380371094
2022-02-17,81.90544128417969
2022-02-18,82.9241943359375
2022-02-22,83.27580261230469
2022-02-23,83.32088470458984
2022-02-24,86.7287368774414
2022-02-25,87.26065063476562
2022-02-28,87.16146850585938
2022-03-01,94.50003814697266
2022-03-02,92.80513000488281
2022-03-03,92.96829986572266
2022-03-04,96.51226806640625
2022-03-07,95.28865051269531
2022-03-08,92.05282592773438
2022-03-09,92.08002471923828
2022-03-10,92.73263549804688
2022-03-11,92.66918182373047
2022-03-14,89.5783920288086
2022-03-15,89.31553649902344
2022-03-16,92.47884368896484
2022-03-17,94.28253936767578
2022-03-18,95.0892333984375
2022-03-21,95.45178985595703
2022-03-22,96.14971923828125
2022-03-23,94.87169647216797
2022-03-24,96.4125747680664
2022-03-25,99.25862121582031
2022-03-28,99.8205795288086
2022-03-29,100.26471710205078
2022-03-30,99.48521423339844
2022-03-31,97.62712097167969
2022-04-01,93.4758529663086
2022-04-04,93.10424041748047
2022-04-05,92.00751495361328
2022-04-06,90.39415740966797
2022-04-07,91.42742919921875
2022-04-08,92.4878921508789
2022-04-11,93.01360321044922
2022-04-12,91.91687774658203
2022-04-13,92.14346313476562
2022-04-14,93.61181640625
2022-04-18,93.13143157958984
2022-04-19,93.71151733398438
2022-04-20,93.539306640625
2022-04-21,93.57557678222656
2022-04-22,92.57854461669922
2022-04-25,93.5121078491211
2022-04-26,91.8715591430664
2022-04-27,93.20394897460938
2022-04-28,100.01092529296875
2022-04-29,96.21316528320312
2022-05-02,98.1618881225586
2022-05-03,98.44287109375
2022-05-04,100.20127868652344
2022-05-05,96.4125747680664
2022-05-06,96.95639038085938
2022-05-09,97.84465026855469
2022-05-10,99.96559143066406
2022-05-11,98.13470458984375
2022-05-12,97.62712097167969
2022-05-13,95.88684844970703
2022-05-16,96.85670471191406
2022-05-17,99.43082427978516
2022-05-18,93.5121078491211
2022-05-19,91.71746063232422
2022-05-20,92.37911987304688
2022-05-23,94.66323852539062
2022-05-24,94.98047637939453
2022-05-25,96.24034118652344
2022-05-26,97.53649139404297
2022-05-27,97.39147186279297
2022-05-31,98.35224914550781
2022-06-01,98.74197387695312
2022-06-02,97.99496459960938
2022-06-03,98.40492248535156
2022-06-06,99.60743713378906
2022-06-07,97.55769348144531
2022-06-08,94.49678802490234
2022-06-09,93.03010559082031
2022-06-10,92.6748046875
2022-06-13,91.39031982421875
2022-06-14,96.8835678100586
2022-06-15,93.95929718017578
2022-06-16,92.09175872802734
2022-06-17,90.18782806396484
2022-06-21,92.2375259399414
2022-06-22,91.00769805908203
2022-06-23,91.36298370361328
2022-06-24,94.61520385742188
2022-06-27,95.78126525878906
2022-06-28,92.07357025146484
2022-06-29,92.41972351074219
2022-06-30,92.34684753417969
2022-07-01,92.97543334960938
2022-07-05,90.60684967041016
2022-07-06,92.04622650146484
2022-07-07,91.33565521240234
2022-07-08,91.33565521240234
2022-07-11,89.18570709228516
2022-07-12,88.2838363647461
2022-07-13,86.69873046875
2022-07-14,87.0631103515625
2022-07-15,89.7140884399414
2022-07-18,89.77786254882812
2022-07-19,91.9460220336914
2022-07-20,92.6930160522461
2022-07-21,92.35595703125
2022-07-22,92.91166687011719
2022-07-25,91.92779541015625
2022-07-26,90.96215057373047
2022-07-27,92.1281967163086
2022-07-28,98.45046997070312
2022-07-29,100.84635925292969
2022-08-01,99.93536376953125
2022-08-02,99.32500457763672
2022-08-03,99.5072250366211
2022-08-04,97.94940948486328
2022-08-05,99.9718246459961
2022-08-08,101.2927474975586
2022-08-09,101.99420928955078
2022-08-10,105.3102035522461
2022-08-11,106.97732543945312
2022-08-12,106.84066772460938
2022-08-15,107.39635467529297
2022-08-16,107.08663177490234
2022-08-17,105.77481842041016
2022-08-18,108.19803619384766
2022-08-19,106.69490051269531
2022-08-22,105.6563949584961
2022-08-23,106.60381317138672
2022-08-24,108.32557678222656
2022-08-25,108.90861511230469
2022-08-26,105.0460205078125
2022-08-29,104.79094696044922
2022-08-30,104.29900360107422
2022-08-31,103.9892578125
2022-09-01,105.16096496582031
2022-09-02,105.60037231445312
2022-09-06,103.34848022460938
2022-09-07,104.49273681640625
2022-09-08,103.65055847167969
2022-09-09,104.62090301513672
2022-09-12,103.94349670410156
2022-09-13,100.7487564086914
2022-09-14,100.69384765625
2022-09-15,98.61589050292969
2022-09-16,95.00921630859375
2022-09-19,97.00477600097656
2022-09-20,93.82833099365234
2022-09-21,92.885498046875
2022-09-22,91.8510971069336
2022-09-23,89.41612243652344
2022-09-26,88.97672271728516
2022-09-27,89.76396942138672
2022-09-28,91.0638427734375
2022-09-29,90.37728881835938
2022-09-30,88.16201782226562
2022-10-03,90.36813354492188
2022-10-04,91.88770294189453
2022-10-05,91.21031188964844
2022-10-06,89.24220275878906
2022-10-07,86.78893280029297
2022-10-10,86.17561340332031
2022-10-11,86.0932388305664
2022-10-12,86.48684692382812
2022-10-13,87.23748779296875
2022-10-14,86.86217498779297
2022-10-17,88.14373016357422
2022-10-18,88.06135559082031
2022-10-19,85.54397583007812
2022-10-20,84.64691162109375
2022-10-21,86.12068939208984
2022-10-24,86.45024108886719
2022-10-25,86.77977752685547
2022-10-26,88.33594512939453
2022-10-27,88.61058807373047
2022-10-28,89.5259780883789
2022-10-31,89.45275115966797
2022-11-01,89.56257629394531
2022-11-02,80.71068572998047
2022-11-03,80.98529815673828
2022-11-04,82.35840606689453
2022-11-07,84.27157592773438
2022-11-08,84.67437744140625
2022-11-09,82.66963195800781
2022-11-10,85.98339080810547
2022-11-11,89.94706726074219
2022-11-14,89.67243194580078
2022-11-15,89.41612243652344
2022-11-16,84.94898986816406
2022-11-17,87.17339324951172
2022-11-18,88.87604522705078
2022-11-21,89.31543731689453
2022-11-22,89.388671875
2022-11-23,89.76396942138672
2022-11-25,90.40476989746094
2022-11-28,89.40697479248047
2022-11-29,89.34288787841797
2022-11-30,91.74124145507812
2022-12-01,90.96756744384766
2022-12-02,89.0703125
2022-12-05,87.8822250366211
2022-12-06,87.85459899902344
2022-12-07,88.51773071289062
2022-12-08,88.49008178710938
2022-12-09,87.77171325683594
2022-12-12,89.91764068603516
2022-12-13,88.02037811279297
2022-12-14,88.60980987548828
2022-12-15,87.27436065673828
2022-12-16,86.64807891845703
2022-12-19,86.12311553955078
2022-12-20,85.08236694335938
2022-12-21,85.5797119140625
2022-12-22,85.15605163574219
2022-12-23,85.72708892822266
2022-12-27,85.78233337402344
2022-12-28,83.92191314697266
2022-12-29,84.962646484375
2022-12-30,84.32716369628906
2023-01-03,83.14826202392578
2023-01-04,83.62718963623047
2023-01-05,82.89959716796875
2023-01-06,85.93890380859375
2023-01-09,85.9849624633789
2023-01-10,85.46919250488281
2023-01-11,87.47699737548828
2023-01-12,86.11390686035156
2023-01-13,86.23363494873047
2023-01-17,85.35868072509766
2023-01-18,85.86522674560547
2023-01-19,85.45999145507812
2023-01-20,86.15995025634766
2023-01-23,90.31367492675781
2023-01-24,91.26231384277344
2023-01-25,89.19004821777344
2023-01-26,89.77950286865234
2023-01-27,90.25840759277344
2023-01-30,88.97822570800781
2023-01-31,92.25700378417969
2023-02-01,94.0529556274414
2023-02-02,96.13442993164062
2023-02-03,95.43446350097656
2023-02-06,94.81739044189453
2023-02-07,96.90806579589844
2023-02-08,95.25946807861328
2023-02-09,93.63848876953125
2023-02-10,94.97395324707031
2023-02-13,95.66471099853516
2023-02-14,96.67781829833984
2023-02-15,96.87123107910156
2023-02-16,95.5357666015625
2023-02-17,93.1780014038086
2023-02-21,91.90702819824219
2023-02-22,91.98989868164062
2023-02-23,92.97537994384766
2023-02-24,92.4135513305664
2023-02-27,92.98458862304688
2023-02-28,92.0635757446289
2023-03-01,91.52941131591797
2023-03-02,93.87393951416016
2023-03-03,93.57740020751953
2023-03-06,93.11404418945312
2023-03-07,93.64226531982422
2023-03-08,95.13423919677734
2023-03-09,95.7736587524414
2023-03-10,94.81915283203125
2023-03-13,93.86465454101562
2023-03-14,90.61197662353516
2023-03-15,90.4451675415039
2023-03-16,91.01045227050781
2023-03-17,88.87907409667969
2023-03-20,88.93466186523438
2023-03-21,89.5370101928711
2023-03-22,87.99871063232422
2023-03-23,87.91531372070312
2023-03-24,88.48058319091797
2023-03-27,89.38874053955078
2023-03-28,89.43507385253906
2023-03-29,89.36093139648438
2023-03-30,89.56481170654297
2023-03-31,92.08541107177734
2023-04-03,89.8984146118164
2023-04-04,87.72994995117188
2023-04-05,86.34918975830078
2023-04-06,85.87657165527344
2023-04-10,88.16551208496094
2023-04-11,88.6751937866211
2023-04-12,87.78555297851562
2023-04-13,88.5732650756836
2023-04-14,88.56398010253906
2023-04-17,88.74932098388672
2023-04-18,88.88833618164062
2023-04-19,88.96246337890625
2023-04-20,89.99109649658203
2023-04-21,90.25056457519531
2023-04-24,91.34407806396484
2023-04-25,88.8327407836914
2023-04-26,85.71903991699219
2023-04-27,92.37268829345703
2023-04-28,93.4754638671875
2023-05-01,96.78374481201172
2023-05-02,96.74668884277344
2023-05-03,97.3675537109375
2023-05-04,95.20836639404297
2023-05-05,96.83934020996094
2023-05-08,95.4122543334961
2023-05-09,94.1426773071289
2023-05-10,93.28084564208984
2023-05-11,92.02055358886719
2023-05-12,91.9649429321289
2023-05-15,92.68777465820312
2023-05-16,90.78804779052734
2023-05-17,93.32719421386719
2023-05-18,94.05000305175781
2023-05-19,93.06771087646484
2023-05-22,93.67931365966797
2023-05-23,94.03147888183594
2023-05-24,92.03909301757812
2023-05-25,92.13175201416016
2023-05-26,90.38957214355469
2023-05-30,90.39884948730469
2023-05-31,87.6094970703125
2023-06-01,88.48625183105469
2023-06-02,91.09783935546875
2023-06-05,85.24974060058594
2023-06-06,85.24040985107422
2023-06-07,85.7160873413086
2023-06-08,85.08186340332031
2023-06-09,83.69212341308594
2023-06-12,84.2424087524414
2023-06-13,85.19377136230469
2023-06-14,88.24373626708984
2023-06-15,88.94326782226562
2023-06-16,88.2530746459961
2023-06-20,86.4249496459961
2023-06-21,87.1338119506836
2023-06-22,85.84666442871094
2023-06-23,84.36365509033203
2023-06-26,86.33168029785156
2023-06-27,88.08518981933594
2023-06-28,87.56285858154297
2023-06-29,87.93594360351562
2023-06-30,88.00122833251953
2023-07-03,89.0925064086914
2023-07-05,88.28104400634766
2023-07-06,88.5515365600586
2023-07-07,88.85000610351562
2023-07-10,89.7547378540039
2023-07-11,91.60149383544922
2023-07-12,91.06985473632812
2023-07-13,90.33301544189453
2023-07-14,89.16712951660156
2023-07-17,88.46759796142578
2023-07-18,89.44693756103516
2023-07-19,91.70408630371094
2023-07-20,91.9279556274414
2023-07-21,91.96524810791016
2023-07-24,91.34967803955078
2023-07-25,91.33100128173828
2023-07-26,91.66678619384766
2023-07-27,91.08851623535156
2023-07-28,93.64413452148438
2023-07-31,93.43893432617188
2023-08-01,92.70210266113281
2023-08-02,90.88330841064453
2023-08-03,91.61083221435547
2023-08-04,91.8906478881836
2023-08-07,93.27104949951172
2023-08-08,91.33100128173828
2023-08-09,91.3683090209961
2023-08-10,89.95059967041016
2023-08-11,88.822021484375
2023-08-14,88.97125244140625
2023-08-15,88.19709777832031
2023-08-16,87.96393585205078
2023-08-17,87.04986572265625
2023-08-18,88.59815979003906
2023-08-21,87.2270736694336
2023-08-22,86.61149597167969
2023-08-23,86.91929626464844
2023-08-24,86.8726577758789
2023-08-25,87.45093536376953
2023-08-28,86.77938842773438
2023-08-29,88.0291976928711
2023-08-30,88.26239013671875
2023-08-31,84.89224243164062
2023-09-01,82.93962097167969
2023-09-05,83.22124481201172
2023-09-06,82.02902221679688
2023-09-07,80.9118881225586
2023-09-08,81.033935546875
2023-09-11,81.24984741210938
2023-09-12,81.65350341796875
2023-09-13,82.0196304321289
2023-09-14,84.38529968261719
2023-09-15,84.99551391601562
2023-09-18,82.44206237792969
2023-09-19,83.08042907714844
2023-09-20,82.21678161621094
2023-09-21,81.4375991821289
2023-09-22,80.66780090332031
2023-09-25,80.34862518310547
2023-09-26,79.7478256225586
2023-09-27,81.00577545166016
2023-09-28,81.80371856689453
2023-09-29,80.85555267333984
2023-10-02,80.40496063232422
2023-10-03,80.46128845214844
2023-10-04,80.2735366821289
2023-10-05,79.1845703125
2023-10-06,79.66334533691406
2023-10-09,81.06209564208984
2023-10-10,81.2029037475586
2023-10-11,80.72413635253906
2023-10-12,79.5506820678711
2023-10-13,78.85600280761719
2023-10-16,80.49883270263672
2023-10-17,80.93065643310547
2023-10-18,78.64946746826172
2023-10-19,78.20825958251953
2023-10-20,80.10454559326172
2023-10-23,79.03437042236328
2023-10-24,78.62130737304688
2023-10-25,77.66377258300781
2023-10-26,76.05847930908203
2023-10-27,76.28380584716797
2023-10-30,75.6829833984375
2023-10-31,76.81888580322266
2023-11-01,76.47154235839844
2023-11-02,76.44337463378906
2023-11-03,76.68746185302734
2023-11-06,76.97846221923828
2023-11-07,77.70130920410156
2023-11-08,76.41522216796875
2023-11-09,75.21360778808594
2023-11-10,75.06340026855469
2023-11-13,74.134033203125
2023-11-14,78.18948364257812
2023-11-15,78.15193176269531
2023-11-16,76.8470458984375
2023-11-17,77.54173278808594
2023-11-20,77.00664520263672
2023-11-21,77.26949310302734
2023-11-22,77.67317199707031
2023-11-24,77.45723724365234
2023-11-27,76.42461395263672
2023-11-28,77.34459686279297
2023-11-29,76.5748062133789
2023-11-30,77.60577392578125
2023-12-01,78.7502212524414
2023-12-04,81.07698059082031
2023-12-05,80.46219635009766
2023-12-06,80.87836456298828
2023-12-07,81.36073303222656
2023-12-08,79.9230728149414
2023-12-11,79.8473892211914
2023-12-12,79.07180786132812
2023-12-13,80.25410461425781
2023-12-14,80.4338150024414
2023-12-15,80.34868621826172
2023-12-18,79.83793640136719
2023-12-19,80.4527359008789
2023-12-20,80.62297821044922
2023-12-21,81.19993591308594
2023-12-22,82.54302215576172
2023-12-26,82.52410888671875
2023-12-27,82.15524291992188
2023-12-28,82.18360900878906
2023-12-29,81.71068572998047
2024-01-02,82.41060638427734
2024-01-03,82.60923767089844
2024-01-04,83.43211364746094
2024-01-05,83.79151916503906
2024-01-08,82.845703125
2024-01-09,81.92823791503906
2024-01-10,82.46736907958984
2024-01-11,82.28765869140625
2024-01-12,82.1646957397461
2024-01-16,81.16210174560547
2024-01-17,80.3392333984375
2024-01-18,80.93511199951172
2024-01-19,81.5782699584961
2024-01-22,82.41060638427734
2024-01-23,82.57140350341797
2024-01-24,80.93511199951172
2024-01-25,82.21199035644531
2024-01-26,82.65652465820312
2024-01-29,81.19047546386719
2024-01-30,81.25668334960938
2024-01-31,79.53527069091797
2024-02-01,69.51887512207031
2024-02-02,70.11476135253906
2024-02-05,70.02962493896484
2024-02-06,70.48362731933594
2024-02-07,69.67022705078125
2024-02-08,70.61604309082031
2024-02-09,70.62551879882812
2024-02-12,71.65646362304688
2024-02-13,70.0769271850586
2024-02-14,69.84046173095703
2024-02-15,69.70805358886719
2024-02-16,68.33658599853516
2024-02-20,67.75962829589844
2024-02-21,68.57304382324219
2024-02-22,69.6607666015625
2024-02-23,69.37699890136719
2024-02-26,69.4526596069336
2024-02-27,70.19989776611328
2024-02-28,70.36067962646484
2024-02-29,70.64677429199219
2024-03-01,70.45603942871094
2024-03-04,67.18499755859375
2024-03-05,66.42208862304688
2024-03-06,68.62501525878906
2024-03-07,69.24490356445312
2024-03-08,69.0923080444336
2024-03-11,71.52413940429688
2024-03-12,72.17262268066406
2024-03-13,71.81977081298828
2024-03-14,71.42877197265625
2024-03-15,70.51327514648438
2024-03-18,69.97920989990234
2024-03-19,70.62769317626953
2024-03-20,70.52278900146484
2024-03-21,70.90425109863281
2024-03-22,71.01869201660156
2024-03-25,71.35247039794922
2024-03-26,69.45470428466797
2024-03-27,70.87564849853516
2024-03-28,72.6113052368164
2024-04-01,69.9410629272461
2024-04-02,68.87297058105469
2024-04-03,68.4438247680664
2024-04-04,68.35800170898438
2024-04-05,67.88117980957031
2024-04-08,68.72038269042969
2024-04-09,69.5500717163086
2024-04-10,68.6727066040039
2024-04-11,68.80621337890625
2024-04-12,67.21361541748047
2024-04-15,65.81173706054688
2024-04-16,64.74364471435547
2024-04-17,65.62100219726562
2024-04-18,66.63188171386719
2024-04-19,67.91932678222656
2024-04-22,67.48063659667969
2024-04-23,67.08963775634766
2024-04-24,67.65230560302734
2024-04-25,67.0038070678711
2024-04-26,66.96566772460938
2024-04-29,68.3770751953125
2024-04-30,67.70951080322266
2024-05-01,68.74898529052734
2024-05-02,77.1792984008789
2024-05-03,77.4367904663086
2024-05-06,75.100341796875
2024-05-07,75.84419250488281
2024-05-08,77.21746063232422
2024-05-09,77.4940185546875
2024-05-10,78.8863525390625
2024-05-13,80.55524444580078
2024-05-14,79.98306274414062
2024-05-15,79.48713684082031
2024-05-16,79.29641723632812
2024-05-17,80.2119369506836
2024-05-20,80.61246490478516
2024-05-21,78.77190399169922
2024-05-22,80.43126678466797
2024-05-23,80.67921447753906
2024-05-24,82.70097351074219
2024-05-28,82.0429458618164
2024-05-29,80.09749603271484
2024-05-30,80.95577239990234
2024-05-31,82.36719512939453
2024-06-03,83.07290649414062
2024-06-04,82.00480651855469
2024-06-05,83.57833099365234
2024-06-06,83.75952911376953
2024-06-07,83.52904510498047
2024-06-10,82.19419860839844
2024-06-11,81.09943389892578
2024-06-12,81.42594146728516
2024-06-13,81.16663360595703
2024-06-14,80.28314971923828
2024-06-17,82.39586639404297
2024-06-18,82.27103424072266
2024-06-20,84.01881408691406
2024-06-21,83.3465805053711
2024-06-24,84.97914123535156
2024-06-25,85.9490737915039
2024-06-26,85.71859741210938
2024-06-27,84.24929809570312
2024-06-28,84.62383270263672
2024-07-01,83.36579895019531
2024-07-02,82.73198699951172
2024-07-03,84.03801727294922
2024-07-05,83.05848693847656
2024-07-08,83.183349609375
2024-07-09,83.11610412597656
2024-07-10,82.05015563964844
2024-07-11,82.94325256347656
2024-07-12,83.31778717041016
2024-07-15,83.57707214355469
2024-07-16,84.2589111328125
2024-07-17,85.44009399414062
2024-07-18,83.93240356445312
2024-07-19,85.3344497680664
2024-07-22,86.61168670654297
2024-07-23,87.03423309326172
2024-07-24,86.63089752197266
2024-07-25,85.86264038085938
2024-07-26,85.9202651977539
2024-07-29,85.70897674560547
2024-07-30,85.79541778564453
2024-07-31,85.51691436767578
2024-08-01,98.15479278564453
2024-08-02,94.7168197631836
2024-08-05,94.8128662109375
2024-08-06,95.24501037597656
2024-08-07,93.89095306396484
2024-08-08,94.65922546386719
2024-08-09,94.60160064697266
2024-08-12,94.78406524658203
2024-08-13,94.36151123046875
2024-08-14,93.91016387939453
2024-08-15,93.95818328857422
2024-08-16,95.28343200683594
2024-08-19,97.04083251953125
2024-08-20,95.24501037597656
2024-08-21,96.67589569091797
2024-08-22,97.3097152709961
2024-08-23,97.75146484375
2024-08-26,98.25082397460938
2024-08-27,99.4896469116211
2024-08-28,99.83536529541016
2024-08-29,98.9230728149414
2024-08-30,99.4032211303711
2024-09-03,99.49925994873047
2024-09-04,99.99861145019531
2024-09-05,98.12599182128906
2024-09-06,97.39168548583984
2024-09-09,97.6525650024414
2024-09-10,97.6525650024414
2024-09-11,96.68637084960938
2024-09-12,96.09699249267578
2024-09-13,96.68637084960938
2024-09-16,96.91825866699219
2024-09-17,96.86994934082031
2024-09-18,98.58975982666016
2024-09-19,100.13566589355469
2024-09-20,100.67672729492188
2024-09-23,102.85064697265625
2024-09-24,105.18883514404297
2024-09-25,104.3675537109375
2024-09-26,103.90380096435547
2024-09-27,104.6767349243164
2024-09-30,106.63810729980469
2024-10-01,106.08737182617188
2024-10-02,104.73471069335938
2024-10-03,101.9327621459961
2024-10-04,103.12118530273438
2024-10-07,103.11151123046875
2024-10-08,104.28060150146484
2024-10-09,104.59944915771484
2024-10-10,104.38689422607422
2024-10-11,106.44486999511719
2024-10-14,106.43521118164062
2024-10-15,105.41104125976562
2024-10-16,106.89897918701172
2024-10-17,107.1405258178711
2024-10-18,106.40621948242188
2024-10-21,105.198486328125
2024-10-22,104.4351806640625
2024-10-23,104.21298217773438
2024-10-24,103.12118530273438
2024-10-25,104.46418762207031
2024-10-28,105.2564468383789
2024-10-29,104.34823608398438
2024-10-30,105.93277740478516
2024-10-31,99.55593872070312
2024-11-01,98.37720489501953
2024-11-04,99.17913818359375
2024-11-05,101.38204193115234
2024-11-06,102.82166290283203
2024-11-07,104.26127624511719
2024-11-08,104.8893051147461
2024-11-11,105.34339904785156
2024-11-12,105.40138244628906
2024-11-13,107.90380096435547
2024-11-14,107.71057891845703
2024-11-15,106.46418762207031
2024-11-18,106.27094268798828
2024-11-19,105.3917236328125
2024-11-20,105.34339904785156
2024-11-21,104.86997985839844
2024-11-22,103.971435546875
2024-11-25,103.90380096435547
2024-11-26,102.76367950439453
2024-11-27,101.69122314453125
2024-11-29,102.01007843017578
2024-12-02,102.58977508544922
2024-12-03,103.96176147460938
2024-12-04,103.9810791015625
2024-12-05,102.58011627197266
2024-12-06,102.4635009765625
2024-12-09,105.09724426269531
2024-12-10,106.13713836669922
2024-12-11,106.05937957763672
2024-12-12,110.85066986083984
2024-12-13,108.24607849121094
2024-12-16,107.01180267333984
2024-12-17,105.81642150878906
2024-12-18,103.45479583740234
2024-12-19,102.04559326171875
2024-12-20,101.4041519165039
2024-12-23,101.08344268798828
2024-12-24,101.34585571289062
2024-12-26,101.38472747802734
2024-12-27,100.96683502197266
2024-12-30,100.56836700439453
2024-12-31,100.41284942626953
2025-01-02,99.88806915283203
2025-01-03,101.50135040283203
2025-01-06,100.60722351074219
2025-01-07,101.122314453125
2025-01-08,100.69469451904297
2025-01-10,98.89675903320312
2025-01-13,100.65583038330078
2025-01-14,99.94635772705078
2025-01-15,100.13101959228516
2025-01-16,99.80059051513672
2025-01-17,100.6655502319336
2025-01-21,102.42462158203125
2025-01-22,102.28855895996094
2025-01-23,103.98931121826172
2025-01-24,105.11668395996094
2025-01-27,105.98165130615234
2025-01-28,106.72997283935547
2025-01-29,104.89315032958984
2025-01-30,97.61389923095703
2025-01-31,96.69063568115234
2025-02-03,95.3397445678711
2025-02-04,96.04920196533203
2025-02-05,94.5136489868164
2025-02-06,93.92081451416016
2025-02-07,93.87222290039062
2025-02-10,96.54484558105469
2025-02-11,96.93358612060547
2025-02-12,94.80521392822266
2025-02-13,95.8451156616211
2025-02-14,96.69063568115234
2025-02-18,97.1085205078125
2025-02-19,96.23384857177734
2025-02-20,97.59445190429688
2025-02-21,98.0415267944336
2025-02-24,97.84715270996094
2025-02-25,95.99088287353516
2025-02-26,95.41749572753906
2025-02-27,96.4476547241211
2025-02-28,98.76069641113281
2025-03-03,97.54586029052734
2025-03-04,95.58269500732422
2025-03-05,95.15509033203125
2025-03-06,95.35918426513672
2025-03-07,100.20048522949219
2025-03-10,99.33003234863281
2025-03-11,95.89710235595703
2025-03-12,94.06816101074219
2025-03-13,94.20509338378906
2025-03-14,96.21986389160156
2025-03-17,98.7823257446289
2025-03-18,97.86296844482422
2025-03-19,97.12943267822266
2025-03-20,97.11965942382812
2025-03-21,97.75537872314453
2025-03-24,98.27374267578125
2025-03-25,97.80429077148438
2025-03-26,99.64300537109375
2025-03-27,99.44739532470703
2025-03-28,98.90948486328125
2025-03-31,100.15158081054688
2025-04-01,100.5036849975586
2025-04-02,100.56237030029297
2025-04-03,92.68911743164062
2025-04-04,88.94322204589844
2025-04-07,87.21208953857422
2025-04-08,85.06038665771484
2025-04-09,89.9212646484375
2025-04-10,88.28792572021484
2025-04-11,89.25619506835938
2025-04-14,90.3418197631836
2025-04-15,89.54959869384766
2025-04-16,87.88692474365234
2025-04-17,89.13883209228516
2025-04-21,87.30988311767578
2025-04-22,88.2977066040039
2025-04-23,88.6204605102539
2025-04-24,90.00928497314453
2025-04-25,87.77935028076172
2025-04-28,87.12406921386719
2025-04-29,86.39051818847656
2025-04-30,87.26097869873047
2025-05-01,88.2977066040039
2025-05-02,88.83563995361328
2025-05-05,87.96517944335938
2025-05-06,86.38075256347656
2025-05-07,85.61787414550781
2025-05-08,87.61307525634766
2025-05-09,87.0164794921875
2025-05-12,93.84320831298828
2025-05-13,94.16596984863281
2025-05-14,95.8775405883789
2025-05-15,96.58174133300781
2025-05-16,98.07814025878906
2025-05-19,97.88253021240234
2025-05-20,97.87274932861328
2025-05-21,95.04620361328125
2025-05-22,94.40069580078125
2025-05-23,93.6476058959961
2025-05-27,95.16356658935547
2025-05-28,93.48133850097656
2025-05-29,93.98992156982422
2025-05-30,93.8627700805664
2025-06-02,94.00948333740234
2025-06-03,94.17574310302734
2025-06-04,94.0486068725586
2025-06-05,93.41287994384766
2025-06-06,94.30870819091797
2025-06-09,94.2496337890625
2025-06-10,94.6729507446289
2025-06-11,93.10770416259766
2025-06-12,93.52116394042969
2025-06-13,92.08389282226562
2025-06-16,92.3989028930664
2025-06-17,92.13311004638672
2025-06-18,91.9559097290039
2025-06-20,91.18804931640625
2025-06-23,92.48750305175781
2025-06-24,92.81237030029297
2025-06-25,91.26681518554688
2025-06-26,91.73934936523438
2025-06-27,95.15532684326172
2025-06-30,94.45636749267578
2025-07-01,96.77963256835938
2025-07-02,97.59671783447266
2025-07-03,96.50399780273438
2025-07-07,95.2242431640625
2025-07-08,96.79933166503906
2025-07-09,97.57703399658203
2025-07-10,99.27024841308594
2025-07-11,97.85266876220703
2025-07-14,96.494140625
2025-07-15,95.54908752441406
2025-07-16,96.4154052734375
2025-07-17,96.9962158203125
2025-07-18,95.96256256103516
2025-07-21,95.31283569335938
2025-07-22,97.39983367919922
2025-07-23,99.02413940429688
2025-07-24,101.56397247314453
2025-07-25,101.11113739013672
2025-07-28,99.91012573242188
2025-07-29,98.2365951538086
2025-07-30,96.12991333007812
2025-07-31,113.52484893798828
2025-08-01,112.08757019042969
2025-08-04,113.2393569946289
2025-08-05,114.50928497314453
2025-08-06,115.90717315673828
2025-08-07,115.98593139648438
2025-08-08,114.96212005615234
2025-08-11,114.43052673339844
2025-08-12,116.92113494873047
2025-08-13,119.10657501220703
2025-08-14,119.62832641601562
2025-08-15,119.3526840209961
2025-08-18,121.05575561523438
2025-08-19,121.89253234863281
2025-08-20,119.19518280029297
2025-08-21,120.88841247558594
2025-08-22,123.23136138916016
2025-08-25,124.44221496582031
2025-08-26,124.9245834350586
2025-08-27,126.0665283203125
2025-08-28,127.27738189697266
2025-08-29,126.69656372070312
2025-09-02,126.88360595703125
2025-09-03,126.78516387939453
2025-09-04,125.84994506835938
2025-09-05,124.77169036865234
2025-09-08,124.54415893554688
2025-09-09,124.69255065917969
2025-09-10,126.26542663574219
2025-09-11,129.60902404785156
2025-09-12,130.9840545654297
2025-09-15,131.8347930908203
2025-09-16,132.32940673828125
2025-09-17,133.63519287109375
2025-09-18,135.6136474609375
2025-09-19,134.6046600341797
2025-09-22,132.5371551513672
2025-09-23,132.7943572998047
2025-09-24,131.86448669433594
2025-09-25,132.39865112304688
2025-09-26,130.39051818847656
2025-09-29,130.44985961914062
2025-09-30,130.97415161132812
2025-10-01,131.2313690185547
2025-10-02,133.3186492919922
2025-10-03,133.9418487548828
2025-10-06,132.91305541992188
2025-10-07,132.34918212890625
2025-10-08,132.59649658203125
2025-10-09,127.51184844970703
2025-10-10,123.96051788330078
2025-10-13,123.05043029785156
2025-10-14,126.60176849365234
2025-10-15,126.63143920898438
2025-10-16,124.63319396972656
2025-10-17,126.01812744140625
2025-10-20,126.08735656738281
2025-10-21,126.89852905273438
2025-10-22,125.78070831298828
2025-10-23,124.0594482421875
2025-10-24,124.70243835449219
2025-10-27,127.67013549804688
2025-10-28,126.69081115722656
2025-10-29,127.9866943359375
2025-10-30,153.2120819091797
2025-10-31,152.3316650390625
2025-11-03,150.511474609375
2025-11-04,151.26329040527344
2025-11-05,151.48092651367188
2025-11-06,146.63368225097656
2025-11-07,147.83065795898438
2025-11-10,150.0861053466797
2025-11-11,149.07708740234375
2025-11-12,151.34243774414062
2025-11-13,150.02674865722656
2025-11-14,151.15447998046875
2025-11-17,150.99620056152344
2025-11-18,150.0564422607422
2025-11-19,149.72998046875
2025-11-20,146.97003173828125
2025-11-21,150.04653930664062
2025-11-24,152.90541076660156
2025-11-25,155.65548706054688
2025-11-26,157.82188415527344
2025-11-28,157.1591033935547
2025-12-01,158.593505859375
2025-12-02,157.9109344482422
2025-12-03,157.82188415527344
2025-12-04,156.3479461669922
2025-12-05,156.1492919921875
2025-12-08,152.365234375
2025-12-09,151.48130798339844
2025-12-10,157.2616729736328
2025-12-11,158.71173095703125
2025-12-12,156.02017211914062
2025-12-15,156.53663635253906
2025-12-16,157.95687866210938
2025-12-17,159.0096893310547
2025-12-18,163.90609741210938
2025-12-19,165.3263702392578
2025-12-22,163.8663787841797
2025-12-23,163.46910095214844
2025-12-24,163.82664489746094
2025-12-26,163.5088348388672
2025-12-29,162.8235321044922
2025-12-30,160.85702514648438
2025-12-31,159.66517639160156
2026-01-02,162.6050262451172
2026-01-05,166.07125854492188
2026-01-06,166.51820373535156
2026-01-07,165.59451293945312
2026-01-08,164.87942504882812
2026-01-09,169.60702514648438
2026-01-12,171.3649444580078
2026-01-13,172.2389678955078
2026-01-14,171.1365203857422
2026-01-15,174.13595581054688
2026-01-16,174.57296752929688
2026-01-20,173.9075469970703
2026-01-21,178.15838623046875
2026-01-22,176.68844604492188
2026-01-23,175.4569091796875
2026-01-26,176.89703369140625
2026-01-27,179.2012176513672
2026-01-28,183.02500915527344
2026-01-29,192.40072631835938
2026-01-30,193.62234497070312
2026-02-02,197.14816284179688
2026-02-03,198.34994506835938
2026-02-04,197.38653564453125
2026-02-05,196.09539794921875
2026-02-06,199.22393798828125
2026-02-09,198.94583129882812
2026-02-10,195.2710418701172
2026-02-11,194.99295043945312
2026-02-12,166.6373748779297
2026-02-13,174.8113250732422
2026-02-17,176.1719970703125
2026-02-18,184.59425354003906
2026-02-19,183.92880249023438
2026-02-20,188.76564025878906
2026-02-23,175.9932098388672
2026-02-24,176.1422119140625
2026-02-25,174.71202087402344
2026-02-26,182.8263702392578
2026-02-27,183.9884033203125
2026-03-02,185.96484375
2026-03-03,192.00344848632812
2026-03-04,188.57693481445312
2026-03-05,183.5513916015625
2026-03-06,179.0269012451172
2026-03-09,181.3190460205078
2026-03-10,175.25979614257812
2026-03-11,175.18006896972656
2026-03-12,171.27345275878906
2026-03-13,168.81187438964844
2026-03-16,169.8981475830078
2026-03-17,171.13392639160156
2026-03-18,170.0576171875
2026-03-19,174.21337890625
2026-03-20,168.30361938476562
2026-03-23,166.2705841064453
2026-03-24,168.62252807617188
2026-03-25,169.1606903076172
2026-03-26,167.08778381347656
2026-03-27,161.01856994628906
2026-03-30,161.36737060546875
2026-03-31,165.5032196044922
2026-04-01,167.92491149902344
2026-04-02,167.2671661376953
2026-04-06,168.43316650390625
2026-04-07,165.53311157226562
2026-04-08,171.83152770996094
2026-04-09,169.61911010742188
2026-04-10,162.93202209472656
2026-04-13,164.3571319580078
2026-04-14,167.93487548828125
2026-04-15,167.50634765625
2026-04-16,180.99017333984375
2026-04-17,181.61802673339844
2026-04-20,183.3221893310547
2026-04-21,183.01324462890625
2026-04-22,181.72764587402344
2026-04-23,183.1129150390625
2026-04-24,182.4053192138672
2026-04-27,187.7769317626953
2026-04-28,187.31851196289062
2026-04-29,185.79371643066406
2026-04-30,181.18948364257812
2026-05-01,176.69488525390625
2026-05-04,160.689697265625
2026-05-05,166.55960083007812
2026-05-06,168.0146026611328
2026-05-07,170.7851104736328
2026-05-08,170.8050537109375
2026-05-11,169.3998565673828
2026-05-12,166.6393280029297
2026-05-13,162.70278930664062
2026-05-14,159.23468017578125
2026-05-15,163.03167724609375
2026-05-18,169.1407470703125
2026-05-19,172.4294891357422
2026-05-20,180.0234832763672
2026-05-21,177.5220489501953
2026-05-22,173.63536071777344
2026-05-26,177.3028106689453
2026-05-27,175.8876495361328
2026-05-28,174.81134033203125
2026-05-29,178.04026794433594
2026-06-01,179.2760467529297
2026-06-02,177.9107208251953
2026-06-03,180.12315368652344
2026-06-04,183.95999145507812
2026-06-05,184.08999633789062
2026-06-08,188.13999938964844
2026-06-09,191.64999389648438
2026-06-10,185.0
2026-06-11,191.11000061035156
2026-06-12,193.74000549316406
2026-06-15,190.25
2026-06-16,189.39999389648438
2026-06-17,185.1999969482422
2026-06-18,185.0399932861328
2026-06-22,187.07000732421875
2026-06-23,178.83999633789062
2026-06-24,177.27999877929688
2026-06-25,180.33999633789062
2026-06-26,179.3300018310547
2026-06-29,184.75
2026-06-30,188.33999633789062
2026-07-01,191.27000427246094
2026-07-02,189.85000610351562
2026-07-06,188.57000732421875
2026-07-07,190.9499969482422
2026-07-08,189.9499969482422
2026-07-09,192.75999450683594
2026-07-10,193.5
2026-07-13,196.5
2026-07-14,199.61000061035156
2026-07-15,197.5
2026-07-16,205.75
2026-07-17,208.5
2026-07-20,205.8000030517578
2026-07-21,209.4199981689453
2026-07-22,207.35000610351562
2026-07-23,205.50999450683594
2026-07-24,186.50999450683594
2026-07-27,174.4600067138672
2026-07-28,169.33999633789062
2026-07-29,173.75
2026-07-30,146.9199981689453
2026-07-31,147.72999572753906
2026-08-03,145.9949951171875
