Date,Close
1980-03-17,0.6614376306533813
1980-03-18,0.6543761491775513
1980-03-19,0.6449605822563171
1980-03-20,0.6402528285980225
1980-03-21,0.6402528285980225
1980-03-24,0.6402528285980225
1980-03-25,0.6402528285980225
1980-03-26,0.6308371424674988
1980-03-27,0.6214219927787781
1980-03-28,0.6355449557304382
1980-03-31,0.6543761491775513
1980-04-01,0.6637918949127197
1980-04-02,0.6684995889663696
1980-04-03,0.6779145002365112
1980-04-07,0.6779145002365112
1980-04-08,0.6661455035209656
1980-04-09,0.6637918949127197
1980-04-10,0.6732068657875061
1980-04-11,0.6779145002365112
1980-04-14,0.6732068657875061
1980-04-15,0.6732068657875061
1980-04-16,0.6779145002365112
1980-04-17,0.6684995889663696
1980-04-18,0.6590839624404907
1980-04-21,0.6496680378913879
1980-04-22,0.6684995889663696
1980-04-23,0.6732068657875061
1980-04-24,0.6826227307319641
1980-04-25,0.6779145002365112
1980-04-28,0.6779145002365112
1980-04-29,0.6732068657875061
1980-04-30,0.6755608320236206
1980-05-01,0.6590839624404907
1980-05-02,0.6496680378913879
1980-05-05,0.6308371424674988
1980-05-06,0.6308371424674988
1980-05-07,0.6378988027572632
1980-05-08,0.6402528285980225
1980-05-09,0.6284836530685425
1980-05-12,0.6331909894943237
1980-05-13,0.6308371424674988
1980-05-14,0.6402528285980225
1980-05-15,0.6426064968109131
1980-05-16,0.6402528285980225
1980-05-19,0.6355449557304382
1980-05-20,0.6496680378913879
1980-05-21,0.6496680378913879
1980-05-22,0.6496680378913879
1980-05-23,0.6449605822563171
1980-05-27,0.6543761491775513
1980-05-28,0.6402528285980225
1980-05-29,0.6567298769950867
1980-05-30,0.6449605822563171
1980-06-02,0.647314190864563
1980-06-03,0.6449605822563171
1980-06-04,0.6496680378913879
1980-06-05,0.6614376306533813
1980-06-06,0.6826227307319641
1980-06-09,0.7014539241790771
1980-06-10,0.7014539241790771
1980-06-11,0.7061610817909241
1980-06-12,0.7108685970306396
1980-06-13,0.7061610817909241
1980-06-16,0.6920381784439087
1980-06-17,0.7132228016853333
1980-06-18,0.7155765891075134
1980-06-19,0.7061610817909241
1980-06-20,0.7132228016853333
1980-06-23,0.7202840447425842
1980-06-24,0.7061610817909241
1980-06-25,0.7202840447425842
1980-06-26,0.7273461222648621
1980-06-27,0.7249923348426819
1980-06-30,0.7249923348426819
1980-07-01,0.7226387858390808
1980-07-02,0.7485312223434448
1980-07-03,0.77206951379776
1980-07-07,0.8050239086151123
1980-07-08,0.802670419216156
1980-07-09,0.7932546138763428
1980-07-10,0.7861930131912231
1980-07-11,0.7814849615097046
1980-07-14,0.802670419216156
1980-07-15,0.8097314834594727
1980-07-16,0.8167933225631714
1980-07-17,0.8097314834594727
1980-07-18,0.807377278804779
1980-07-21,0.7956083416938782
1980-07-22,0.8097314834594727
1980-07-23,0.7885470986366272
1980-07-24,0.7956083416938782
1980-07-25,0.7956083416938782
1980-07-28,0.8097314834594727
1980-07-29,0.8238547444343567
1980-07-30,0.8238547444343567
1980-07-31,0.8215007185935974
1980-08-01,0.8262088894844055
1980-08-04,0.8356242179870605
1980-08-05,0.8473929762840271
1980-08-06,0.8921170830726624
1980-08-07,0.9344861507415771
1980-08-08,0.9156563878059387
1980-08-11,0.9156563878059387
1980-08-12,0.903887152671814
1980-08-13,0.8850553035736084
1980-08-14,0.887409508228302
1980-08-15,0.8850553035736084
1980-08-18,0.8568094372749329
1980-08-19,0.842686116695404
1980-08-20,0.8191470503807068
1980-08-21,0.8568094372749329
1980-08-22,0.8850553035736084
1980-08-25,0.8756395578384399
1980-08-26,0.8756395578384399
1980-08-27,0.8615163564682007
1980-08-28,0.8662241101264954
1980-08-29,0.8638708591461182
1980-09-02,0.8662241101264954
1980-09-03,0.9203631281852722
1980-09-04,0.9509638547897339
1980-09-05,0.9415485858917236
1980-09-08,0.9227176904678345
1980-09-09,0.9227176904678345
1980-09-10,0.9227176904678345
1980-09-11,0.9533181190490723
1980-09-12,0.9603800773620605
1980-09-15,0.9556723237037659
1980-09-16,0.9839180111885071
1980-09-17,0.9697954058647156
1980-09-18,0.9650871753692627
1980-09-19,0.9792101383209229
1980-09-22,0.9745022654533386
1980-09-23,0.9792101383209229
1980-09-24,0.9792101383209229
1980-09-25,0.9862721562385559
1980-09-26,0.9768561124801636
1980-09-29,0.9415485858917236
1980-09-30,0.9509638547897339
1980-10-01,0.9603800773620605
1980-10-02,0.9415485858917236
1980-10-03,0.9603800773620605
1980-10-06,0.9697954058647156
1980-10-07,0.9462562799453735
1980-10-08,0.9368402361869812
1980-10-09,0.9344861507415771
1980-10-10,0.9133021235466003
1980-10-13,0.9368402361869812
1980-10-14,0.9886264204978943
1980-10-15,1.0168726444244385
1980-10-16,1.0333493947982788
1980-10-17,1.0545339584350586
1980-10-20,1.0545339584350586
1980-10-21,1.0639499425888062
1980-10-22,1.0686569213867188
1980-10-23,1.0639499425888062
1980-10-24,1.0639499425888062
1980-10-27,1.0451184511184692
1980-10-28,1.0451184511184692
1980-10-29,1.0380566120147705
1980-10-30,1.0262876749038696
1980-10-31,1.0215797424316406
1980-11-03,1.0639499425888062
1980-11-05,1.082780361175537
1980-11-06,1.0545339584350586
1980-11-07,1.0639499425888062
1980-11-10,1.0663037300109863
1980-11-11,1.0545339584350586
1980-11-12,1.0545339584350586
1980-11-13,1.0686569213867188
1980-11-14,1.0545339584350586
1980-11-17,1.0639499425888062
1980-11-18,1.0898419618606567
1980-11-19,1.1110271215438843
1980-11-20,1.101611852645874
1980-11-21,1.073365569114685
1980-11-24,1.0615956783294678
1980-11-25,1.0780729055404663
1980-11-26,1.0404114723205566
1980-11-28,1.0498266220092773
1980-12-01,1.0639499425888062
1980-12-02,1.0262876749038696
1980-12-03,1.0357028245925903
1980-12-04,1.0404114723205566
1980-12-05,1.0262876749038696
1980-12-08,1.0098109245300293
1980-12-09,1.0145182609558105
1980-12-10,1.0239341259002686
1980-12-11,1.0239341259002686
1980-12-12,1.042764663696289
1980-12-15,1.042764663696289
1980-12-16,1.0521798133850098
1980-12-17,1.0686569213867188
1980-12-18,1.101611852645874
1980-12-19,1.101611852645874
1980-12-22,1.1345665454864502
1980-12-23,1.1392735242843628
1980-12-24,1.143981695175171
1980-12-26,1.1392735242843628
1980-12-29,1.148688554763794
1980-12-30,1.1581048965454102
1980-12-31,1.1816432476043701
1981-01-02,1.1910583972930908
1981-01-05,1.2051823139190674
1981-01-06,1.1910583972930908
1981-01-07,1.1581048965454102
1981-01-08,1.1392735242843628
1981-01-09,1.1298577785491943
1981-01-12,1.1298577785491943
1981-01-13,1.1110271215438843
1981-01-14,1.1063185930252075
1981-01-15,1.1063185930252075
1981-01-16,1.0969042778015137
1981-01-19,1.094550371170044
1981-01-20,1.0780729055404663
1981-01-21,1.0262876749038696
1981-01-22,1.0309959650039673
1981-01-23,1.0498266220092773
1981-01-26,1.0545339584350586
1981-01-27,1.0710119009017944
1981-01-28,1.0757195949554443
1981-01-29,1.0568883419036865
1981-01-30,1.0545339584350586
1981-02-02,1.0357028245925903
1981-02-03,1.0286415815353394
1981-02-04,1.0357028245925903
1981-02-05,1.0451184511184692
1981-02-06,1.0498266220092773
1981-02-09,1.0451184511184692
1981-02-10,1.0474722385406494
1981-02-11,1.0357028245925903
1981-02-12,1.0074571371078491
1981-02-13,1.0051029920578003
1981-02-17,1.0168726444244385
1981-02-18,1.0357028245925903
1981-02-19,1.0357028245925903
1981-02-20,1.0333493947982788
1981-02-23,1.0333493947982788
1981-02-24,1.0451184511184692
1981-02-25,1.0239341259002686
1981-02-26,1.0215797424316406
1981-02-27,1.0921967029571533
1981-03-02,1.082780361175537
1981-03-03,1.0874892473220825
1981-03-04,1.082780361175537
1981-03-05,1.082780361175537
1981-03-06,1.082780361175537
1981-03-09,1.0921967029571533
1981-03-10,1.1110271215438843
1981-03-11,1.1416269540786743
1981-03-12,1.1628129482269287
1981-03-13,1.1722278594970703
1981-03-16,1.1816432476043701
1981-03-17,1.179288625717163
1981-03-18,1.1863514184951782
1981-03-19,1.1816432476043701
1981-03-20,1.1581048965454102
1981-03-23,1.148688554763794
1981-03-24,1.1581048965454102
1981-03-25,1.146335482597351
1981-03-26,1.1392735242843628
1981-03-27,1.143981695175171
1981-03-30,1.1298577785491943
1981-03-31,1.1345665454864502
1981-04-01,1.1298577785491943
1981-04-02,1.148688554763794
1981-04-03,1.1298577785491943
1981-04-06,1.143981695175171
1981-04-07,1.143981695175171
1981-04-08,1.1251500844955444
1981-04-09,1.1157349348068237
1981-04-10,1.1227962970733643
1981-04-13,1.0969042778015137
1981-04-14,1.0969042778015137
1981-04-15,1.1133805513381958
1981-04-16,1.1227962970733643
1981-04-20,1.1298577785491943
1981-04-21,1.1251500844955444
1981-04-22,1.1180888414382935
1981-04-23,1.1298577785491943
1981-04-24,1.1345665454864502
1981-04-27,1.1628129482269287
1981-04-28,1.1392735242843628
1981-04-29,1.1298577785491943
1981-04-30,1.1275051832199097
1981-05-01,1.1298577785491943
1981-05-04,1.1298577785491943
1981-05-05,1.101611852645874
1981-05-06,1.0921967029571533
1981-05-07,1.101611852645874
1981-05-08,1.1110271215438843
1981-05-11,1.1133805513381958
1981-05-12,1.1204421520233154
1981-05-13,1.1227962970733643
1981-05-14,1.1110271215438843
1981-05-15,1.1204421520233154
1981-05-18,1.1298577785491943
1981-05-19,1.143981695175171
1981-05-20,1.146335482597351
1981-05-21,1.146335482597351
1981-05-22,1.132211685180664
1981-05-26,1.1369197368621826
1981-05-27,1.148688554763794
1981-05-28,1.148688554763794
1981-05-29,1.1204421520233154
1981-06-01,1.1157349348068237
1981-06-02,1.1110271215438843
1981-06-03,1.101611852645874
1981-06-04,1.101611852645874
1981-06-05,1.1063185930252075
1981-06-08,1.1298577785491943
1981-06-09,1.1204421520233154
1981-06-10,1.1251500844955444
1981-06-11,1.0874892473220825
1981-06-12,1.0874892473220825
1981-06-15,1.0969042778015137
1981-06-16,1.1110271215438843
1981-06-17,1.0874892473220825
1981-06-18,1.0898419618606567
1981-06-19,1.099257469177246
1981-06-22,1.0969042778015137
1981-06-23,1.0921967029571533
1981-06-24,1.082780361175537
1981-06-25,1.0639499425888062
1981-06-26,1.0568883419036865
1981-06-29,1.0639499425888062
1981-06-30,1.073365569114685
1981-07-01,1.0615956783294678
1981-07-02,1.0309959650039673
1981-07-06,0.9980412125587463
1981-07-07,0.9650871753692627
1981-07-08,0.9839180111885071
1981-07-09,0.9933329820632935
1981-07-10,0.9792101383209229
1981-07-13,0.9650871753692627
1981-07-14,0.9792101383209229
1981-07-15,1.0545339584350586
1981-07-16,1.0780729055404663
1981-07-17,1.099257469177246
1981-07-20,1.0757195949554443
1981-07-21,1.0309959650039673
1981-07-22,1.0357028245925903
1981-07-23,1.042764663696289
1981-07-24,1.0404114723205566
1981-07-27,1.0474722385406494
1981-07-28,1.0592418909072876
1981-07-29,1.0521798133850098
1981-07-30,1.0545339584350586
1981-07-31,1.0710119009017944
1981-08-03,1.0686569213867188
1981-08-04,1.082780361175537
1981-08-05,1.082780361175537
1981-08-06,1.0898419618606567
1981-08-07,1.1298577785491943
1981-08-10,1.1110271215438843
1981-08-11,1.1275051832199097
1981-08-12,1.1298577785491943
1981-08-13,1.132211685180664
1981-08-14,1.132211685180664
1981-08-17,1.1369197368621826
1981-08-18,1.1251500844955444
1981-08-19,1.1180888414382935
1981-08-20,1.1110271215438843
1981-08-21,1.0921967029571533
1981-08-24,1.0804271697998047
1981-08-25,1.0568883419036865
1981-08-26,1.073365569114685
1981-08-27,1.0357028245925903
1981-08-28,1.0404114723205566
1981-08-31,1.0262876749038696
1981-09-01,1.0168726444244385
1981-09-02,1.0168726444244385
1981-09-03,0.9933329820632935
1981-09-04,1.0051029920578003
1981-09-08,0.9980412125587463
1981-09-09,1.0145182609558105
1981-09-10,1.0286415815353394
1981-09-11,1.0357028245925903
1981-09-14,1.0404114723205566
1981-09-15,1.0451184511184692
1981-09-16,1.0451184511184692
1981-09-17,1.0451184511184692
1981-09-18,1.0333493947982788
1981-09-21,1.0286415815353394
1981-09-22,1.0121644735336304
1981-09-23,0.9933329820632935
1981-09-24,0.9933329820632935
1981-09-25,0.9650871753692627
1981-09-28,0.9745022654533386
1981-09-29,0.9980412125587463
1981-09-30,1.0027490854263306
1981-10-01,1.0074571371078491
1981-10-02,1.0262876749038696
1981-10-05,1.0027490854263306
1981-10-06,1.0168726444244385
1981-10-07,0.9980412125587463
1981-10-08,1.0262876749038696
1981-10-09,1.0262876749038696
1981-10-12,1.0309959650039673
1981-10-13,1.0451184511184692
1981-10-14,1.0168726444244385
1981-10-15,1.0074571371078491
1981-10-16,1.0074571371078491
1981-10-19,1.0074571371078491
1981-10-20,1.0121644735336304
1981-10-21,1.0121644735336304
1981-10-22,1.0074571371078491
1981-10-23,1.0027490854263306
1981-10-26,1.0168726444244385
1981-10-27,1.0545339584350586
1981-10-28,1.082780361175537
1981-10-29,1.082780361175537
1981-10-30,1.0921967029571533
1981-11-02,1.0969042778015137
1981-11-03,1.1110271215438843
1981-11-04,1.1251500844955444
1981-11-05,1.1204421520233154
1981-11-06,1.1110271215438843
1981-11-09,1.1063185930252075
1981-11-10,1.1392735242843628
1981-11-11,1.1110271215438843
1981-11-12,1.1251500844955444
1981-11-13,1.1110271215438843
1981-11-16,1.082780361175537
1981-11-17,1.101611852645874
1981-11-18,1.0780729055404663
1981-11-19,1.0639499425888062
1981-11-20,1.082780361175537
1981-11-23,1.1157349348068237
1981-11-24,1.1110271215438843
1981-11-25,1.101611852645874
1981-11-27,1.0969042778015137
1981-11-30,1.1110271215438843
1981-12-01,1.1157349348068237
1981-12-02,1.1957659721374512
1981-12-03,1.1675201654434204
1981-12-04,1.1533968448638916
1981-12-07,1.1581048965454102
1981-12-08,1.1533968448638916
1981-12-09,1.1581048965454102
1981-12-10,1.2051823139190674
1981-12-11,1.1910583972930908
1981-12-14,1.1910583972930908
1981-12-15,1.1581048965454102
1981-12-16,1.1816432476043701
1981-12-17,1.1769359111785889
1981-12-18,1.1957659721374512
1981-12-21,1.1957659721374512
1981-12-22,1.1957659721374512
1981-12-23,1.209889531135559
1981-12-24,1.2051823139190674
1981-12-28,1.200474739074707
1981-12-29,1.2051823139190674
1981-12-30,1.2145967483520508
1981-12-31,1.2428442239761353
1982-01-04,1.2381367683410645
1982-01-05,1.1957659721374512
1982-01-06,1.1533968448638916
1982-01-07,1.1110271215438843
1982-01-08,1.0874892473220825
1982-01-11,1.0404114723205566
1982-01-12,1.0168726444244385
1982-01-13,1.0168726444244385
1982-01-14,1.0215797424316406
1982-01-15,1.0309959650039673
1982-01-18,1.0309959650039673
1982-01-19,1.0168726444244385
1982-01-20,1.0215797424316406
1982-01-21,1.0451184511184692
1982-01-22,1.0545339584350586
1982-01-25,1.0404114723205566
1982-01-26,1.0074571371078491
1982-01-27,1.0404114723205566
1982-01-28,1.0498266220092773
1982-01-29,1.1063185930252075
1982-02-01,1.0874892473220825
1982-02-02,1.1204421520233154
1982-02-03,1.1157349348068237
1982-02-04,1.1063185930252075
1982-02-05,1.101611852645874
1982-02-08,1.0874892473220825
1982-02-09,1.0451184511184692
1982-02-10,1.0451184511184692
1982-02-11,1.0498266220092773
1982-02-12,1.0545339584350586
1982-02-16,1.0357028245925903
1982-02-17,1.0262876749038696
1982-02-18,1.0404114723205566
1982-02-19,1.0074571371078491
1982-02-22,0.9792101383209229
1982-02-23,0.9368402361869812
1982-02-24,0.9667931795120239
1982-02-25,0.9952279925346375
1982-02-26,0.9667931795120239
1982-03-01,0.9857489466667175
1982-03-02,0.9667931795120239
1982-03-03,0.9573139548301697
1982-03-04,0.914661169052124
1982-03-05,0.8625307679176331
1982-03-08,0.8530516028404236
1982-03-09,0.8483131527900696
1982-03-10,0.8340957760810852
1982-03-11,0.8340957760810852
1982-03-12,0.8246169686317444
1982-03-15,0.7867034077644348
1982-03-16,0.815138578414917
1982-03-17,0.8056603074073792
1982-03-18,0.8293561935424805
1982-03-19,0.8340957760810852
1982-03-22,0.8720083832740784
1982-03-23,0.9099229574203491
1982-03-24,0.914661169052124
1982-03-25,0.9194008111953735
1982-03-26,0.924139142036438
1982-03-29,0.924139142036438
1982-03-30,0.9288792014122009
1982-03-31,0.914661169052124
1982-04-01,0.9099229574203491
1982-04-02,0.9004437923431396
1982-04-05,0.9004437923431396
1982-04-06,0.8720083832740784
1982-04-07,0.8530516028404236
1982-04-08,0.8625307679176331
1982-04-12,0.8625307679176331
1982-04-13,0.8767481446266174
1982-04-14,0.8909654021263123
1982-04-15,0.924139142036438
1982-04-16,0.9194008111953735
1982-04-19,0.9430961012840271
1982-04-20,0.9288792014122009
1982-04-21,0.9051836133003235
1982-04-22,0.9194008111953735
1982-04-23,0.9288792014122009
1982-04-26,0.914661169052124
1982-04-27,0.924139142036438
1982-04-28,0.9194008111953735
1982-04-29,0.8862265348434448
1982-04-30,0.8909654021263123
1982-05-03,0.8814866542816162
1982-05-04,0.9004437923431396
1982-05-05,0.914661169052124
1982-05-06,0.9383571743965149
1982-05-07,0.9478358626365662
1982-05-10,0.9715316295623779
1982-05-11,0.9762713313102722
1982-05-12,0.9667931795120239
1982-05-13,0.9667931795120239
1982-05-14,0.9430961012840271
1982-05-17,0.9525750875473022
1982-05-18,0.9099229574203491
1982-05-19,0.8814866542816162
1982-05-20,0.8530516028404236
1982-05-21,0.8293561935424805
1982-05-24,0.8388347625732422
1982-05-25,0.8483131527900696
1982-05-26,0.8116457462310791
1982-05-27,0.8307433128356934
1982-05-28,0.8450666069984436
1982-06-01,0.8402925133705139
1982-06-02,0.8355177044868469
1982-06-03,0.8068714141845703
1982-06-04,0.8020972609519958
1982-06-07,0.7925481200218201
1982-06-08,0.8116457462310791
1982-06-09,0.8116457462310791
1982-06-10,0.7925481200218201
1982-06-11,0.8402925133705139
1982-06-14,0.8402925133705139
1982-06-15,0.8211944103240967
1982-06-16,0.8355177044868469
1982-06-17,0.8355177044868469
1982-06-18,0.8020972609519958
1982-06-21,0.8259689807891846
1982-06-22,0.8211944103240967
1982-06-23,0.8402925133705139
1982-06-24,0.8402925133705139
1982-06-25,0.8402925133705139
1982-06-28,0.8402925133705139
1982-06-29,0.8402925133705139
1982-06-30,0.8402925133705139
1982-07-01,0.8068714141845703
1982-07-02,0.7877736687660217
1982-07-06,0.7829993367195129
1982-07-07,0.778224766254425
1982-07-08,0.778224766254425
1982-07-09,0.8020972609519958
1982-07-12,0.8307433128356934
1982-07-13,0.8211944103240967
1982-07-14,0.8211944103240967
1982-07-15,0.8259689807891846
1982-07-16,0.8307433128356934
1982-07-19,0.8402925133705139
1982-07-20,0.8402925133705139
1982-07-21,0.8402925133705139
1982-07-22,0.8211944103240967
1982-07-23,0.8307433128356934
1982-07-26,0.8211944103240967
1982-07-27,0.8116457462310791
1982-07-28,0.7877736687660217
1982-07-29,0.8211944103240967
1982-07-30,0.8116457462310791
1982-08-02,0.7829993367195129
1982-08-03,0.7877736687660217
1982-08-04,0.7448045015335083
1982-08-05,0.7352556586265564
1982-08-06,0.7257066965103149
1982-08-09,0.6970605850219727
1982-08-10,0.7066091895103455
1982-08-11,0.6779631972312927
1982-08-12,0.6922862529754639
1982-08-13,0.7257066965103149
1982-08-16,0.7352556586265564
1982-08-17,0.7352556586265564
1982-08-18,0.6922862529754639
1982-08-19,0.711384117603302
1982-08-20,0.7257066965103149
1982-08-23,0.7257066965103149
1982-08-24,0.8068714141845703
1982-08-25,0.8713827729225159
1982-08-26,0.8569402098655701
1982-08-27,0.852125883102417
1982-08-30,0.8424974679946899
1982-08-31,0.8665688633918762
1982-09-01,0.8761972784996033
1982-09-02,0.8761972784996033
1982-09-03,0.8954539895057678
1982-09-07,0.8761972784996033
1982-09-08,0.9050825834274292
1982-09-09,0.9098975658416748
1982-09-10,0.924339771270752
1982-09-13,0.9050825834274292
1982-09-14,0.8954539895057678
1982-09-15,0.9147112369537354
1982-09-16,0.8954539895057678
1982-09-17,0.8858259320259094
1982-09-20,0.8713827729225159
1982-09-21,0.8810110688209534
1982-09-22,0.8954539895057678
1982-09-23,0.8569402098655701
1982-09-24,0.8665688633918762
1982-09-27,0.8665688633918762
1982-09-28,0.8713827729225159
1982-09-29,0.8617545366287231
1982-09-30,0.8424974679946899
1982-10-01,0.8473114967346191
1982-10-04,0.8184254765510559
1982-10-05,0.8424974679946899
1982-10-06,0.8376831412315369
1982-10-07,0.8473114967346191
1982-10-08,0.8424974679946899
1982-10-11,0.9002684950828552
1982-10-12,0.9147112369537354
1982-10-13,0.9676679968833923
1982-10-14,0.9676679968833923
1982-10-15,0.9484111666679382
1982-10-18,0.9676679968833923
1982-10-19,1.0206255912780762
1982-10-20,1.0928387641906738
1982-10-21,1.1024675369262695
1982-10-22,1.0783969163894653
1982-10-25,1.0398824214935303
1982-10-26,1.0302542448043823
1982-10-27,1.0446969270706177
1982-10-28,1.0398824214935303
1982-10-29,1.0350688695907593
1982-11-01,1.0254396200180054
1982-11-02,1.0206255912780762
1982-11-03,1.088025450706482
1982-11-04,1.0976532697677612
1982-11-05,1.126538872718811
1982-11-08,1.1217252016067505
1982-11-09,1.1169100999832153
1982-11-10,1.1024675369262695
1982-11-11,1.0735821723937988
1982-11-12,1.0976532697677612
1982-11-15,1.112095832824707
1982-11-16,1.054324746131897
1982-11-17,1.0735821723937988
1982-11-18,1.112095832824707
1982-11-19,1.1072821617126465
1982-11-22,1.112095832824707
1982-11-23,1.126538872718811
1982-11-24,1.1409821510314941
1982-11-26,1.126538872718811
1982-11-29,1.083211064338684
1982-11-30,1.1313530206680298
1982-12-01,1.1169100999832153
1982-12-02,1.1554242372512817
1982-12-03,1.1409821510314941
1982-12-06,1.1746817827224731
1982-12-07,1.1794965267181396
1982-12-08,1.1717486381530762
1982-12-09,1.1814326047897339
1982-12-10,1.162064790725708
1982-12-13,1.195959210395813
1982-12-14,1.1862751245498657
1982-12-15,1.1475390195846558
1982-12-16,1.1426974534988403
1982-12-17,1.1717486381530762
1982-12-20,1.1426974534988403
1982-12-21,1.1572235822677612
1982-12-22,1.1426974534988403
1982-12-23,1.1669069528579712
1982-12-27,1.1475390195846558
1982-12-28,1.1717486381530762
1982-12-29,1.1669069528579712
1982-12-30,1.176590919494629
1982-12-31,1.1862751245498657
1983-01-03,1.1039623022079468
1983-01-04,1.1136456727981567
1983-01-05,1.162064790725708
1983-01-06,1.200801134109497
1983-01-07,1.2153270244598389
1983-01-10,1.2298527956008911
1983-01-11,1.1814326047897339
1983-01-12,1.176590919494629
1983-01-13,1.1717486381530762
1983-01-14,1.1572235822677612
1983-01-17,1.1572235822677612
1983-01-18,1.1523815393447876
1983-01-19,1.1475390195846558
1983-01-20,1.1523815393447876
1983-01-21,1.1039623022079468
1983-01-24,1.0555428266525269
1983-01-25,1.089436411857605
1983-01-26,1.0942779779434204
1983-01-27,1.1426974534988403
1983-01-28,1.1378560066223145
1983-01-31,1.1184874773025513
1983-02-01,1.0845952033996582
1983-02-02,1.0555428266525269
1983-02-03,1.0603845119476318
1983-02-04,1.0603845119476318
1983-02-07,1.070068359375
1983-02-08,1.0555428266525269
1983-02-09,1.0942779779434204
1983-02-10,1.0845952033996582
1983-02-11,1.0845952033996582
1983-02-14,1.074910283088684
1983-02-15,1.0652271509170532
1983-02-16,1.0797522068023682
1983-02-17,1.0845952033996582
1983-02-18,1.089436411857605
1983-02-22,1.089436411857605
1983-02-23,1.074910283088684
1983-02-24,1.076859712600708
1983-02-25,1.1109687089920044
1983-02-28,1.1158411502838135
1983-03-01,1.0622408390045166
1983-03-02,1.076859712600708
1983-03-03,1.0866048336029053
1983-03-04,1.0914775133132935
1983-03-07,1.0817323923110962
1983-03-08,1.071986436843872
1983-03-09,1.0671148300170898
1983-03-10,1.076859712600708
1983-03-11,1.0866048336029053
1983-03-14,1.0866048336029053
1983-03-15,1.0914775133132935
1983-03-16,1.071986436843872
1983-03-17,1.0671148300170898
1983-03-18,1.071986436843872
1983-03-21,1.076859712600708
1983-03-22,1.042750597000122
1983-03-23,1.071986436843872
1983-03-24,1.1109687089920044
1983-03-25,1.1304588317871094
1983-03-28,1.1548231840133667
1983-03-29,1.1207138299942017
1983-03-30,1.1207138299942017
1983-03-31,1.1402044296264648
1983-04-04,1.1450767517089844
1983-04-05,1.1402044296264648
1983-04-06,1.1255861520767212
1983-04-07,1.1450767517089844
1983-04-08,1.1402044296264648
1983-04-11,1.1207138299942017
1983-04-12,1.1304588317871094
1983-04-13,1.1304588317871094
1983-04-14,1.1450767517089844
1983-04-15,1.135331630706787
1983-04-18,1.1450767517089844
1983-04-19,1.1402044296264648
1983-04-20,1.1596945524215698
1983-04-21,1.2181669473648071
1983-04-22,1.2279127836227417
1983-04-25,1.1743135452270508
1983-04-26,1.2279127836227417
1983-04-27,1.2766386270523071
1983-04-28,1.2961297035217285
1983-04-29,1.3058748245239258
1983-05-02,1.2766386270523071
1983-05-03,1.281511902809143
1983-05-04,1.2766386270523071
1983-05-05,1.301002860069275
1983-05-06,1.3789645433425903
1983-05-09,1.4130735397338867
1983-05-10,1.4033281803131104
1983-05-11,1.4130735397338867
1983-05-12,1.4228187799453735
1983-05-13,1.4130735397338867
1983-05-16,1.393582820892334
1983-05-17,1.393582820892334
1983-05-18,1.4033281803131104
1983-05-19,1.3740921020507812
1983-05-20,1.3887107372283936
1983-05-23,1.3643468618392944
1983-05-24,1.359473705291748
1983-05-25,1.3351106643676758
1983-05-26,1.3740921020507812
1983-05-27,1.3740921020507812
1983-05-31,1.3740921020507812
1983-06-01,1.3740921020507812
1983-06-02,1.3692195415496826
1983-06-03,1.344855785369873
1983-06-06,1.3351106643676758
1983-06-07,1.344855785369873
1983-06-08,1.3253657817840576
1983-06-09,1.3156192302703857
1983-06-10,1.3253657817840576
1983-06-13,1.3302379846572876
1983-06-14,1.339982509613037
1983-06-15,1.3058748245239258
1983-06-16,1.344855785369873
1983-06-17,1.4033281803131104
1983-06-20,1.4618003368377686
1983-06-21,1.4471827745437622
1983-06-22,1.4569275379180908
1983-06-23,1.4520543813705444
1983-06-24,1.4569275379180908
1983-06-27,1.4520543813705444
1983-06-28,1.4618003368377686
1983-06-29,1.2961297035217285
1983-06-30,1.3302379846572876
1983-07-01,1.3156192302703857
1983-07-05,1.2961297035217285
1983-07-06,1.2961297035217285
1983-07-07,1.3058748245239258
1983-07-08,1.2961297035217285
1983-07-11,1.3253657817840576
1983-07-12,1.301002860069275
1983-07-13,1.3107476234436035
1983-07-14,1.2863842248916626
1983-07-15,1.2668942213058472
1983-07-18,1.2474032640457153
1983-07-19,1.252276062965393
1983-07-20,1.2474032640457153
1983-07-21,1.2376573085784912
1983-07-22,1.208422064781189
1983-07-25,1.2425298690795898
1983-07-26,1.257148265838623
1983-07-27,1.1986758708953857
1983-07-28,1.208422064781189
1983-07-29,1.1645678281784058
1983-08-01,1.1548231840133667
1983-08-02,1.1450767517089844
1983-08-03,1.1450767517089844
1983-08-04,1.1596945524215698
1983-08-05,1.1499494314193726
1983-08-08,1.1109687089920044
1983-08-09,1.1109687089920044
1983-08-10,1.1109687089920044
1983-08-11,1.1060954332351685
1983-08-12,1.1304588317871094
1983-08-15,1.1548231840133667
1983-08-16,1.1499494314193726
1983-08-17,1.1645678281784058
1983-08-18,1.1743135452270508
1983-08-19,1.1743135452270508
1983-08-22,1.1743135452270508
1983-08-23,1.169440507888794
1983-08-24,1.169440507888794
1983-08-25,1.1717944145202637
1983-08-26,1.1570854187011719
1983-08-29,1.2061139345169067
1983-08-30,1.1570854187011719
1983-08-31,1.1865020990371704
1983-09-01,1.1816002130508423
1983-09-02,1.2159208059310913
1983-09-06,1.2159208059310913
1983-09-07,1.2159208059310913
1983-09-08,1.2355321645736694
1983-09-09,1.264949083328247
1983-09-12,1.2453378438949585
1983-09-13,1.2208229303359985
1983-09-14,1.2012118101119995
1983-09-15,1.2061139345169067
1983-09-16,1.2061139345169067
1983-09-19,1.225725769996643
1983-09-20,1.264949083328247
1983-09-21,1.2747550010681152
1983-09-22,1.255143642425537
1983-09-23,1.255143642425537
1983-09-26,1.264949083328247
1983-09-27,1.2453378438949585
1983-09-28,1.2600457668304443
1983-09-29,1.2600457668304443
1983-09-30,1.2355321645736694
1983-10-03,1.2747550010681152
1983-10-04,1.264949083328247
1983-10-05,1.2453378438949585
1983-10-06,1.264949083328247
1983-10-07,1.2600457668304443
1983-10-10,1.2404344081878662
1983-10-11,1.2061139345169067
1983-10-12,1.1472798585891724
1983-10-13,1.2061139345169067
1983-10-14,1.1865020990371704
1983-10-17,1.1963084936141968
1983-10-18,1.1766966581344604
1983-10-19,1.1570854187011719
1983-10-20,1.1816002130508423
1983-10-21,1.1766966581344604
1983-10-24,1.1766966581344604
1983-10-25,1.1668906211853027
1983-10-26,1.1865020990371704
1983-10-27,1.1816002130508423
1983-10-28,1.1865020990371704
1983-10-31,1.1668906211853027
1983-11-01,1.1570854187011719
1983-11-02,1.1570854187011719
1983-11-03,1.1472798585891724
1983-11-04,1.1717944145202637
1983-11-07,1.2061139345169067
1983-11-08,1.1766966581344604
1983-11-09,1.2012118101119995
1983-11-10,1.2061139345169067
1983-11-11,1.2159208059310913
1983-11-14,1.2355321645736694
1983-11-15,1.2355321645736694
1983-11-16,1.2698520421981812
1983-11-17,1.225725769996643
1983-11-18,1.2404344081878662
1983-11-21,1.264949083328247
1983-11-22,1.2796578407287598
1983-11-23,1.3041726350784302
1983-11-25,1.299269437789917
1983-11-28,1.299269437789917
1983-11-29,1.3041726350784302
1983-11-30,1.2943662405014038
1983-12-01,1.3041726350784302
1983-12-02,1.3041726350784302
1983-12-05,1.264949083328247
1983-12-06,1.2796578407287598
1983-12-07,1.2820252180099487
1983-12-08,1.291886806488037
1983-12-09,1.3264026641845703
1983-12-12,1.2770942449569702
1983-12-13,1.2623016834259033
1983-12-14,1.291886806488037
1983-12-15,1.252440094947815
1983-12-16,1.2376470565795898
1983-12-19,1.1834075450897217
1983-12-20,1.2031309604644775
1983-12-21,1.2327159643173218
1983-12-22,1.2129921913146973
1983-12-23,1.1834075450897217
1983-12-27,1.1883388757705688
1983-12-28,1.1883388757705688
1983-12-29,1.1883388757705688
1983-12-30,1.1834075450897217
1984-01-03,1.2080615758895874
1984-01-04,1.2031309604644775
1984-01-05,1.2672324180603027
1984-01-06,1.3116092681884766
1984-01-09,1.3214714527130127
1984-01-10,1.291886806488037
1984-01-11,1.3214714527130127
1984-01-12,1.3116092681884766
1984-01-13,1.3214714527130127
1984-01-16,1.3411954641342163
1984-01-17,1.3707802295684814
1984-01-18,1.380642294883728
1984-01-19,1.3855730295181274
1984-01-20,1.3510576486587524
1984-01-23,1.3313331604003906
1984-01-24,1.3559882640838623
1984-01-25,1.3461260795593262
1984-01-26,1.3165409564971924
1984-01-27,1.3264026641845703
1984-01-30,1.3214714527130127
1984-01-31,1.3214714527130127
1984-02-01,1.2721631526947021
1984-02-02,1.2721631526947021
1984-02-03,1.2820252180099487
1984-02-06,1.2770942449569702
1984-02-07,1.2820252180099487
1984-02-08,1.2721631526947021
1984-02-09,1.2327159643173218
1984-02-10,1.227785348892212
1984-02-13,1.2129921913146973
1984-02-14,1.2129921913146973
1984-02-15,1.242578148841858
1984-02-16,1.2376470565795898
1984-02-17,1.2475088834762573
1984-02-21,1.1883388757705688
1984-02-22,1.1538220643997192
1984-02-23,1.1340988874435425
1984-02-24,1.1932684183120728
1984-02-27,1.2031309604644775
1984-02-28,1.1883388757705688
1984-02-29,1.1883388757705688
1984-03-01,1.1735455989837646
1984-03-02,1.2129921913146973
1984-03-05,1.2129921913146973
1984-03-06,1.2031309604644775
1984-03-07,1.1932684183120728
1984-03-08,1.1932684183120728
1984-03-09,1.1834075450897217
1984-03-12,1.1834075450897217
1984-03-13,1.1932684183120728
1984-03-14,1.2179231643676758
1984-03-15,1.2475088834762573
1984-03-16,1.2721631526947021
1984-03-19,1.2475088834762573
1984-03-20,1.2869548797607422
1984-03-21,1.2623016834259033
1984-03-22,1.2770942449569702
1984-03-23,1.2869548797607422
1984-03-26,1.2869548797607422
1984-03-27,1.2820252180099487
1984-03-28,1.3066792488098145
1984-03-29,1.3165409564971924
1984-03-30,1.3214714527130127
1984-04-02,1.3461260795593262
1984-04-03,1.3313331604003906
1984-04-04,1.3214714527130127
1984-04-05,1.3165409564971924
1984-04-06,1.3017487525939941
1984-04-09,1.3411954641342163
1984-04-10,1.3214714527130127
1984-04-11,1.2869548797607422
1984-04-12,1.3017487525939941
1984-04-13,1.2869548797607422
1984-04-16,1.3214714527130127
1984-04-17,1.3313331604003906
1984-04-18,1.3214714527130127
1984-04-19,1.3264026641845703
1984-04-23,1.3264026641845703
1984-04-24,1.3264026641845703
1984-04-25,1.3264026641845703
1984-04-26,1.3264026641845703
1984-04-27,1.3313331604003906
1984-04-30,1.3214714527130127
1984-05-01,1.3559882640838623
1984-05-02,1.380642294883728
1984-05-03,1.3658497333526611
1984-05-04,1.3609187602996826
1984-05-07,1.3510576486587524
1984-05-08,1.3609187602996826
1984-05-09,1.3559882640838623
1984-05-10,1.3658497333526611
1984-05-11,1.3609187602996826
1984-05-14,1.3411954641342163
1984-05-15,1.3411954641342163
1984-05-16,1.3609187602996826
1984-05-17,1.3411954641342163
1984-05-18,1.3313331604003906
1984-05-21,1.3510576486587524
1984-05-22,1.3411954641342163
1984-05-23,1.3411954641342163
1984-05-24,1.3116092681884766
1984-05-25,1.3165409564971924
1984-05-29,1.3411954641342163
1984-05-30,1.3411954641342163
1984-05-31,1.3214714527130127
1984-06-01,1.3313331604003906
1984-06-04,1.3313331604003906
1984-06-05,1.3214714527130127
1984-06-06,1.3165409564971924
1984-06-07,1.3411954641342163
1984-06-08,1.3313331604003906
1984-06-11,1.3165409564971924
1984-06-12,1.3116092681884766
1984-06-13,1.3165409564971924
1984-06-14,1.3214714527130127
1984-06-15,1.3214714527130127
1984-06-18,1.3707802295684814
1984-06-19,1.3707802295684814
1984-06-20,1.380642294883728
1984-06-21,1.3609187602996826
1984-06-22,1.380642294883728
1984-06-25,1.375711441040039
1984-06-26,1.3905038833618164
1984-06-27,1.375711441040039
1984-06-28,1.3707802295684814
1984-06-29,1.3510576486587524
1984-07-02,1.3559882640838623
1984-07-03,1.3609187602996826
1984-07-05,1.3658497333526611
1984-07-06,1.380642294883728
1984-07-09,1.380642294883728
1984-07-10,1.405295968055725
1984-07-11,1.3855730295181274
1984-07-12,1.3855730295181274
1984-07-13,1.3707802295684814
1984-07-16,1.3461260795593262
1984-07-17,1.3411954641342163
1984-07-18,1.3264026641845703
1984-07-19,1.3214714527130127
1984-07-20,1.3264026641845703
1984-07-23,1.3313331604003906
1984-07-24,1.3411954641342163
1984-07-25,1.3609187602996826
1984-07-26,1.4102267026901245
1984-07-27,1.3905038833618164
1984-07-30,1.4003655910491943
1984-07-31,1.395434021949768
1984-08-01,1.4102267026901245
1984-08-02,1.4595359563827515
1984-08-03,1.469397783279419
1984-08-06,1.454604983329773
1984-08-07,1.469397783279419
1984-08-08,1.4743289947509766
1984-08-09,1.4841903448104858
1984-08-10,1.558153748512268
1984-08-13,1.5187056064605713
1984-08-14,1.4841903448104858
1984-08-15,1.4595359563827515
1984-08-16,1.4102267026901245
1984-08-17,1.4595359563827515
1984-08-20,1.4841903448104858
1984-08-21,1.4891208410263062
1984-08-22,1.4743289947509766
1984-08-23,1.4595359563827515
1984-08-24,1.4974173307418823
1984-08-27,1.4924591779708862
1984-08-28,1.5073333978652954
1984-08-29,1.4974173307418823
1984-08-30,1.4974173307418823
1984-08-31,1.4974173307418823
1984-09-04,1.4974173307418823
1984-09-05,1.4924591779708862
1984-09-06,1.5073333978652954
1984-09-07,1.477583885192871
1984-09-10,1.477583885192871
1984-09-11,1.4676679372787476
1984-09-12,1.4280014038085938
1984-09-13,1.4329583644866943
1984-09-14,1.4527926445007324
1984-09-17,1.4428749084472656
1984-09-18,1.4379175901412964
1984-09-19,1.4428749084472656
1984-09-20,1.4280014038085938
1984-09-21,1.3883342742919922
1984-09-24,1.41312575340271
1984-09-25,1.4081668853759766
1984-09-26,1.4081668853759766
1984-09-27,1.4280014038085938
1984-09-28,1.4230419397354126
1984-10-01,1.4329583644866943
1984-10-02,1.4329583644866943
1984-10-03,1.4230419397354126
1984-10-04,1.4280014038085938
1984-10-05,1.4180845022201538
1984-10-08,1.4180845022201538
1984-10-09,1.4428749084472656
1984-10-10,1.4527926445007324
1984-10-11,1.4478344917297363
1984-10-12,1.4478344917297363
1984-10-15,1.4676679372787476
1984-10-16,1.477583885192871
1984-10-17,1.4180845022201538
1984-10-18,1.3784173727035522
1984-10-19,1.4280014038085938
1984-10-22,1.4280014038085938
1984-10-23,1.368500828742981
1984-10-24,1.3784173727035522
1984-10-25,1.4032082557678223
1984-10-26,1.4032082557678223
1984-10-29,1.4032082557678223
1984-10-30,1.3883342742919922
1984-10-31,1.3883342742919922
1984-11-01,1.3932920694351196
1984-11-02,1.4081668853759766
1984-11-05,1.3932920694351196
1984-11-06,1.4032082557678223
1984-11-07,1.368500828742981
1984-11-08,1.3932920694351196
1984-11-09,1.3833757638931274
1984-11-12,1.3883342742919922
1984-11-13,1.368500828742981
1984-11-14,1.368500828742981
1984-11-15,1.363541841506958
1984-11-16,1.3536254167556763
1984-11-19,1.3486669063568115
1984-11-20,1.3387503623962402
1984-11-21,1.3288339376449585
1984-11-23,1.309001088142395
1984-11-26,1.323876142501831
1984-11-27,1.3337926864624023
1984-11-28,1.3288339376449585
1984-11-29,1.2842096090316772
1984-11-30,1.2990844249725342
1984-12-03,1.2941255569458008
1984-12-04,1.2990844249725342
1984-12-05,1.2990844249725342
1984-12-06,1.317246675491333
1984-12-07,1.342193841934204
1984-12-10,1.3322147130966187
1984-12-11,1.3322147130966187
1984-12-12,1.347183346748352
1984-12-13,1.362152099609375
1984-12-14,1.372131109237671
1984-12-17,1.3671414852142334
1984-12-18,1.4070578813552856
1984-12-19,1.4519637823104858
1984-12-20,1.4070578813552856
1984-12-21,1.3671414852142334
1984-12-24,1.3372033834457397
1984-12-26,1.347183346748352
1984-12-27,1.3322147130966187
1984-12-28,1.3372033834457397
1984-12-31,1.3671414852142334
1985-01-02,1.362152099609375
1985-01-03,1.3771206140518188
1985-01-04,1.4170368909835815
1985-01-07,1.4369956254959106
1985-01-08,1.4369956254959106
1985-01-09,1.4519637823104858
1985-01-10,1.5218181610107422
1985-01-11,1.4769126176834106
1985-01-14,1.4669326543807983
1985-01-15,1.4769126176834106
1985-01-16,1.486891269683838
1985-01-17,1.5068485736846924
1985-01-18,1.456953763961792
1985-01-21,1.4968695640563965
1985-01-22,1.5218181610107422
1985-01-23,1.5317975282669067
1985-01-24,1.586682677268982
1985-01-25,1.586682677268982
1985-01-28,1.6016508340835571
1985-01-29,1.6166194677352905
1985-01-30,1.6315878629684448
1985-01-31,1.6066418886184692
1985-02-01,1.6265987157821655
1985-02-04,1.6265987157821655
1985-02-05,1.6216096878051758
1985-02-06,1.6166194677352905
1985-02-07,1.5916717052459717
1985-02-08,1.6066418886184692
1985-02-11,1.5767041444778442
1985-02-12,1.596662163734436
1985-02-13,1.6016508340835571
1985-02-14,1.6764951944351196
1985-02-15,1.6665147542953491
1985-02-19,1.6615267992019653
1985-02-20,1.5916717052459717
1985-02-21,1.5667248964309692
1985-02-22,1.5617343187332153
1985-02-25,1.5317975282669067
1985-02-26,1.5550730228424072
1985-02-27,1.5801541805267334
1985-02-28,1.5851712226867676
1985-03-01,1.5751386880874634
1985-03-04,1.560089349746704
1985-03-05,1.5450397729873657
1985-03-06,1.540023684501648
1985-03-07,1.540023684501648
1985-03-08,1.5249749422073364
1985-03-11,1.5099257230758667
1985-03-12,1.504908561706543
1985-03-13,1.504908561706543
1985-03-14,1.4898604154586792
1985-03-15,1.4898604154586792
1985-03-18,1.4848445653915405
1985-03-19,1.4647784233093262
1985-03-20,1.4447134733200073
1985-03-21,1.4246476888656616
1985-03-22,1.434680700302124
1985-03-25,1.4196302890777588
1985-03-26,1.4246476888656616
1985-03-27,1.4196302890777588
1985-03-28,1.4196302890777588
1985-03-29,1.4447134733200073
1985-04-01,1.4547455310821533
1985-04-02,1.4597619771957397
1985-04-03,1.4597619771957397
1985-04-04,1.4848445653915405
1985-04-08,1.4998928308486938
1985-04-09,1.5099257230758667
1985-04-10,1.4848445653915405
1985-04-11,1.4848445653915405
1985-04-12,1.4848445653915405
1985-04-15,1.4547455310821533
1985-04-16,1.434680700302124
1985-04-17,1.434680700302124
1985-04-18,1.4547455310821533
1985-04-19,1.4697951078414917
1985-04-22,1.4748106002807617
1985-04-23,1.4647784233093262
1985-04-24,1.4497292041778564
1985-04-25,1.4447134733200073
1985-04-26,1.4497292041778564
1985-04-29,1.4497292041778564
1985-04-30,1.4497292041778564
1985-05-01,1.4447134733200073
1985-05-02,1.4447134733200073
1985-05-03,1.4447134733200073
1985-05-06,1.4547455310821533
1985-05-07,1.4296633005142212
1985-05-08,1.4296633005142212
1985-05-09,1.4246476888656616
1985-05-10,1.434680700302124
1985-05-13,1.4296633005142212
1985-05-14,1.434680700302124
1985-05-15,1.4547455310821533
1985-05-16,1.4597619771957397
1985-05-17,1.4697951078414917
1985-05-20,1.5249749422073364
1985-05-21,1.5550730228424072
1985-05-22,1.5651053190231323
1985-05-23,1.5651053190231323
1985-05-24,1.5651053190231323
1985-05-28,1.5632902383804321
1985-05-29,1.5632902383804321
1985-05-30,1.5632902383804321
1985-05-31,1.5380756855010986
1985-06-03,1.5532042980194092
1985-06-04,1.5632902383804321
1985-06-05,1.583461880683899
1985-06-06,1.583461880683899
1985-06-07,1.5582470893859863
1985-06-10,1.533032774925232
1985-06-11,1.533032774925232
1985-06-12,1.5179041624069214
1985-06-13,1.4826035499572754
1985-06-14,1.4674756526947021
1985-06-17,1.4372175931930542
1985-06-18,1.4624323844909668
1985-06-19,1.4573897123336792
1985-06-20,1.4674756526947021
1985-06-21,1.4926904439926147
1985-06-24,1.4826035499572754
1985-06-25,1.50277578830719
1985-06-26,1.5078184604644775
1985-06-27,1.5229464769363403
1985-06-28,1.533032774925232
1985-07-01,1.512860655784607
1985-07-02,1.5431187152862549
1985-07-03,1.5481611490249634
1985-07-05,1.5632902383804321
1985-07-08,1.5733754634857178
1985-07-09,1.5784193277359009
1985-07-10,1.5532042980194092
1985-07-11,1.5985896587371826
1985-07-12,1.5733754634857178
1985-07-15,1.5935481786727905
1985-07-16,1.5985896587371826
1985-07-17,1.5985896587371826
1985-07-18,1.5784193277359009
1985-07-19,1.5733754634857178
1985-07-22,1.5532042980194092
1985-07-23,1.5481611490249634
1985-07-24,1.5431187152862549
1985-07-25,1.5683329105377197
1985-07-26,1.5532042980194092
1985-07-29,1.533032774925232
1985-07-30,1.5229464769363403
1985-07-31,1.533032774925232
1985-08-01,1.5279905796051025
1985-08-02,1.533032774925232
1985-08-05,1.5279905796051025
1985-08-06,1.512860655784607
1985-08-07,1.5078184604644775
1985-08-08,1.5279905796051025
1985-08-09,1.5179041624069214
1985-08-12,1.497733235359192
1985-08-13,1.50277578830719
1985-08-14,1.4926904439926147
1985-08-15,1.4876461029052734
1985-08-16,1.4876461029052734
1985-08-19,1.5078184604644775
1985-08-20,1.497733235359192
1985-08-21,1.512860655784607
1985-08-22,1.506571888923645
1985-08-23,1.506571888923645
1985-08-26,1.5014992952346802
1985-08-27,1.5217888355255127
1985-08-28,1.5217888355255127
1985-08-29,1.5167163610458374
1985-08-30,1.5217888355255127
1985-09-03,1.5167163610458374
1985-09-04,1.5167163610458374
1985-09-05,1.5014992952346802
1985-09-06,1.5014992952346802
1985-09-09,1.496425747871399
1985-09-10,1.4507731199264526
1985-09-11,1.4609178304672241
1985-09-12,1.4203364849090576
1985-09-13,1.4304814338684082
1985-09-16,1.4101908206939697
1985-09-17,1.369610071182251
1985-09-18,1.3442468643188477
1985-09-19,1.3645379543304443
1985-09-20,1.3645379543304443
1985-09-23,1.3645379543304443
1985-09-24,1.369610071182251
1985-09-25,1.3594648838043213
1985-09-26,1.3087389469146729
1985-09-30,1.3391753435134888
1985-10-01,1.3391753435134888
1985-10-02,1.3188843727111816
1985-10-03,1.3645379543304443
1985-10-04,1.354392647743225
1985-10-07,1.354392647743225
1985-10-08,1.369610071182251
1985-10-09,1.4000462293624878
1985-10-10,1.4406267404556274
1985-10-11,1.4406267404556274
1985-10-14,1.4609178304672241
1985-10-15,1.3848285675048828
1985-10-16,1.3442468643188477
1985-10-17,1.3391753435134888
1985-10-18,1.369610071182251
1985-10-21,1.369610071182251
1985-10-22,1.4203364849090576
1985-10-23,1.4203364849090576
1985-10-24,1.4406267404556274
1985-10-25,1.4456992149353027
1985-10-28,1.4456992149353027
1985-10-29,1.435553789138794
1985-10-30,1.4203364849090576
1985-10-31,1.47613525390625
1985-11-01,1.465990662574768
1985-11-04,1.4507731199264526
1985-11-05,1.4456992149353027
1985-11-06,1.4254090785980225
1985-11-07,1.435553789138794
1985-11-08,1.471062183380127
1985-11-11,1.5014992952346802
1985-11-12,1.511643886566162
1985-11-13,1.511643886566162
1985-11-14,1.5268622636795044
1985-11-15,1.5268622636795044
1985-11-18,1.5319336652755737
1985-11-19,1.5268622636795044
1985-11-20,1.5268622636795044
1985-11-21,1.5471521615982056
1985-11-22,1.5471521615982056
1985-11-25,1.5420788526535034
1985-11-26,1.5471521615982056
1985-11-27,1.557297706604004
1985-11-29,1.5623700618743896
1985-12-02,1.557297706604004
1985-12-03,1.5420788526535034
1985-12-04,1.5459564924240112
1985-12-05,1.5663659572601318
1985-12-06,1.5612634420394897
1985-12-09,1.5612634420394897
1985-12-10,1.5714671611785889
1985-12-11,1.5969791412353516
1985-12-12,1.6122865676879883
1985-12-13,1.6428980827331543
1985-12-16,1.6633061170578003
1985-12-17,1.658204197883606
1985-12-18,1.6428980827331543
1985-12-19,1.6735116243362427
1985-12-20,1.7959636449813843
1985-12-23,1.7347379922866821
1985-12-24,1.699022650718689
1985-12-26,1.6735116243362427
1985-12-27,1.668408989906311
1985-12-30,1.6480015516281128
1985-12-31,1.6480015516281128
1986-01-02,1.617387056350708
1986-01-03,1.6224886178970337
1986-01-06,1.6224886178970337
1986-01-07,1.6275923252105713
1986-01-08,1.617387056350708
1986-01-09,1.6071841716766357
1986-01-10,1.5714671611785889
1986-01-13,1.5867743492126465
1986-01-14,1.5918768644332886
1986-01-15,1.5918768644332886
1986-01-16,1.5918768644332886
1986-01-17,1.5918768644332886
1986-01-20,1.5918768644332886
1986-01-21,1.5867743492126465
1986-01-22,1.5663659572601318
1986-01-23,1.5408543348312378
1986-01-24,1.5459564924240112
1986-01-27,1.5918768644332886
1986-01-28,1.5867743492126465
1986-01-29,1.6122865676879883
1986-01-30,1.5918768644332886
1986-01-31,1.6122865676879883
1986-02-03,1.6275923252105713
1986-02-04,1.6480015516281128
1986-02-05,1.683715581893921
1986-02-06,1.6939198970794678
1986-02-07,1.699022650718689
1986-02-10,1.7041233777999878
1986-02-11,1.7551460266113281
1986-02-12,1.7500436305999756
1986-02-13,1.7959636449813843
1986-02-14,1.892904281616211
1986-02-18,1.8775984048843384
1986-02-19,1.8724949359893799
1986-02-20,1.8724949359893799
1986-02-21,1.887802243232727
1986-02-24,1.8968250751495361
1986-02-25,1.9122039079666138
1986-02-26,1.8763186931610107
1986-02-27,1.8865734338760376
1986-02-28,1.9378377199172974
1986-03-03,1.9173318147659302
1986-03-04,1.8916995525360107
1986-03-05,1.860939860343933
1986-03-06,1.9070780277252197
1986-03-07,1.9122039079666138
1986-03-10,1.9378377199172974
1986-03-11,1.9737225770950317
1986-03-12,1.9634699821472168
1986-03-13,1.9532171487808228
1986-03-14,1.9532171487808228
1986-03-17,1.9378377199172974
1986-03-18,1.9173318147659302
1986-03-19,1.8865734338760376
1986-03-20,1.871192455291748
1986-03-21,1.8148000240325928
1986-03-24,1.8250541687011719
1986-03-25,1.830180048942566
1986-03-26,1.840434193611145
1986-03-27,1.7225223779678345
1986-03-31,1.7430288791656494
1986-04-01,1.763534665107727
1986-04-02,1.809673547744751
1986-04-03,1.8045463562011719
1986-04-04,1.7686610221862793
1986-04-07,1.794293761253357
1986-04-08,1.8353067636489868
1986-04-09,1.794293761253357
1986-04-10,1.8250541687011719
1986-04-11,1.840434193611145
1986-04-14,1.840434193611145
1986-04-15,1.7994197607040405
1986-04-16,1.809673547744751
1986-04-17,1.809673547744751
1986-04-18,1.8045463562011719
1986-04-21,1.8148000240325928
1986-04-22,1.7994197607040405
1986-04-23,1.794293761253357
1986-04-24,1.8045463562011719
1986-04-25,1.8045463562011719
1986-04-28,1.7994197607040405
1986-04-29,1.8045463562011719
1986-04-30,1.794293761253357
1986-05-01,1.784040093421936
1986-05-02,1.784040093421936
1986-05-05,1.794293761253357
1986-05-06,1.8045463562011719
1986-05-07,1.7994197607040405
1986-05-08,1.809673547744751
1986-05-09,1.794293761253357
1986-05-12,1.6917626857757568
1986-05-13,1.7225223779678345
1986-05-14,1.7481541633605957
1986-05-15,1.7173960208892822
1986-05-16,1.7122684717178345
1986-05-19,1.7020169496536255
1986-05-20,1.7173960208892822
1986-05-21,1.7264665365219116
1986-05-22,1.7264665365219116
1986-05-23,1.7110058069229126
1986-05-27,1.7161580324172974
1986-05-28,1.700697660446167
1986-05-29,1.705851674079895
1986-05-30,1.6491615772247314
1986-06-02,1.6800827980041504
1986-06-03,1.6697757244110107
1986-06-04,1.6491615772247314
1986-06-05,1.6491615772247314
1986-06-06,1.6388540267944336
1986-06-09,1.5718570947647095
1986-06-10,1.6491615772247314
1986-06-11,1.6440073251724243
1986-06-12,1.6337014436721802
1986-06-13,1.6594688892364502
1986-06-16,1.6285474300384521
1986-06-17,1.6027785539627075
1986-06-18,1.6233940124511719
1986-06-19,1.6233940124511719
1986-06-20,1.6440073251724243
1986-06-23,1.6337014436721802
1986-06-24,1.6337014436721802
1986-06-25,1.6491615772247314
1986-06-26,1.6852370500564575
1986-06-27,1.6903901100158691
1986-06-30,1.7110058069229126
1986-07-01,1.700697660446167
1986-07-02,1.6903901100158691
1986-07-03,1.700697660446167
1986-07-07,1.6800827980041504
1986-07-08,1.6646233797073364
1986-07-09,1.6491615772247314
1986-07-10,1.6440073251724243
1986-07-11,1.6491615772247314
1986-07-14,1.6337014436721802
1986-07-15,1.5770108699798584
1986-07-16,1.6285474300384521
1986-07-17,1.6594688892364502
1986-07-18,1.6491615772247314
1986-07-21,1.6337014436721802
1986-07-22,1.6646233797073364
1986-07-23,1.6646233797073364
1986-07-24,1.6800827980041504
1986-07-25,1.7110058069229126
1986-07-28,1.7110058069229126
1986-07-29,1.752234697341919
1986-07-30,1.7625412940979004
1986-07-31,1.7625412940979004
1986-08-01,1.7573870420455933
1986-08-04,1.783156394958496
1986-08-05,1.7883098125457764
1986-08-06,1.8089237213134766
1986-08-07,1.8295385837554932
1986-08-08,1.8037705421447754
1986-08-11,1.8089237213134766
1986-08-12,1.8140770196914673
1986-08-13,1.7676945924758911
1986-08-14,1.7728480100631714
1986-08-15,1.783156394958496
1986-08-18,1.778002381324768
1986-08-19,1.752234697341919
1986-08-20,1.7728480100631714
1986-08-21,1.7728480100631714
1986-08-22,1.7927451133728027
1986-08-25,1.7720203399658203
1986-08-26,1.787563681602478
1986-08-27,1.8082886934280396
1986-08-28,1.8238328695297241
1986-08-29,1.8393770456314087
1986-09-02,1.8186520338058472
1986-09-03,1.8186520338058472
1986-09-04,1.8601014614105225
1986-09-05,1.901553988456726
1986-09-08,1.8756465911865234
1986-09-09,1.849739670753479
1986-09-10,1.849739670753479
1986-09-11,1.7616572380065918
1986-09-12,1.7564756870269775
1986-09-15,1.6994810104370117
1986-09-16,1.6580294370651245
1986-09-17,1.6580294370651245
1986-09-18,1.6580294370651245
1986-09-19,1.782382845878601
1986-09-22,1.7461127042770386
1986-09-23,1.6891177892684937
1986-09-24,1.6839364767074585
1986-09-25,1.6683927774429321
1986-09-26,1.7046622037887573
1986-09-29,1.7046622037887573
1986-09-30,1.7098437547683716
1986-10-01,1.7150253057479858
1986-10-02,1.7253875732421875
1986-10-03,1.7409313917160034
1986-10-06,1.720205545425415
1986-10-07,1.7150253057479858
1986-10-08,1.720205545425415
1986-10-09,1.7305678129196167
1986-10-10,1.7150253057479858
1986-10-13,1.7150253057479858
1986-10-14,1.720205545425415
1986-10-15,1.7305678129196167
1986-10-16,1.7046622037887573
1986-10-17,1.7150253057479858
1986-10-20,1.7046622037887573
1986-10-21,1.6735734939575195
1986-10-22,1.6683927774429321
1986-10-23,1.6839364767074585
1986-10-24,1.6891177892684937
1986-10-27,1.7098437547683716
1986-10-28,1.6994810104370117
1986-10-29,1.720205545425415
1986-10-30,1.7357510328292847
1986-10-31,1.782382845878601
1986-11-03,1.7720203399658203
1986-11-04,1.7616572380065918
1986-11-05,1.7512942552566528
1986-11-06,1.7305678129196167
1986-11-07,1.7253875732421875
1986-11-10,1.7150253057479858
1986-11-11,1.7512942552566528
1986-11-12,1.7305678129196167
1986-11-13,1.7253875732421875
1986-11-14,1.6891177892684937
1986-11-17,1.7668379545211792
1986-11-18,1.678754448890686
1986-11-19,1.7046622037887573
1986-11-20,1.7098437547683716
1986-11-21,1.7668379545211792
1986-11-24,1.787563681602478
1986-11-25,1.829013466835022
1986-11-26,1.8756465911865234
1986-11-28,1.8963721990585327
1986-12-01,1.9119154214859009
1986-12-02,1.9222770929336548
1986-12-03,1.9067341089248657
1986-12-04,1.9059014320373535
1986-12-05,1.9006937742233276
1986-12-08,1.8798651695251465
1986-12-09,1.8694486618041992
1986-12-10,1.89548659324646
1986-12-11,1.8850722312927246
1986-12-12,1.8590350151062012
1986-12-15,1.8746562004089355
1986-12-16,1.8798651695251465
1986-12-17,1.8694486618041992
1986-12-18,1.8590350151062012
1986-12-19,1.89548659324646
1986-12-22,1.8902784585952759
1986-12-23,1.8538278341293335
1986-12-24,1.8850722312927246
1986-12-26,1.8798651695251465
1986-12-29,1.8642417192459106
1986-12-30,1.8694486618041992
1986-12-31,1.8538278341293335
1987-01-02,1.9267315864562988
1987-01-05,1.9371451139450073
1987-01-06,1.9059014320373535
1987-01-07,1.9423516988754272
1987-01-08,1.9579746723175049
1987-01-09,2.0412936210632324
1987-01-12,2.082953691482544
1987-01-13,2.082953691482544
1987-01-14,2.1246111392974854
1987-01-15,2.322491407394409
1987-01-16,2.176685333251953
1987-01-19,2.1506478786468506
1987-01-20,2.166269302368164
1987-01-21,2.1975152492523193
1987-01-22,2.2495880126953125
1987-01-23,2.2287580966949463
1987-01-26,2.2079288959503174
1987-01-27,2.239173173904419
1987-01-28,2.2495880126953125
1987-01-29,2.2443809509277344
1987-01-30,2.233966588973999
1987-02-02,2.2600040435791016
1987-02-03,2.291249990463257
1987-02-04,2.3120768070220947
1987-02-05,2.317283868789673
1987-02-06,2.2495880126953125
1987-02-09,2.233966588973999
1987-02-10,2.21834397315979
1987-02-11,2.2808339595794678
1987-02-12,2.291249990463257
1987-02-13,2.353736400604248
1987-02-17,2.3953938484191895
1987-02-18,2.3901872634887695
1987-02-19,2.3901872634887695
1987-02-20,2.3329074382781982
1987-02-23,2.3529858589172363
1987-02-24,2.358212947845459
1987-02-25,2.4418764114379883
1987-02-26,2.420959234237671
1987-02-27,2.3948159217834473
1987-03-02,2.3425283432006836
1987-03-03,2.3425283432006836
1987-03-04,2.358212947845459
1987-03-05,2.332069158554077
1987-03-06,2.3529858589172363
1987-03-09,2.3739001750946045
1987-03-10,2.4261879920959473
1987-03-11,2.4627907276153564
1987-03-12,2.504621982574463
1987-03-13,2.535993814468384
1987-03-16,2.541224956512451
1987-03-17,2.541224956512451
1987-03-18,2.572597026824951
1987-03-19,2.614429235458374
1987-03-20,2.671945571899414
1987-03-23,2.6667168140411377
1987-03-24,2.6458003520965576
1987-03-25,2.614429235458374
1987-03-26,2.598740816116333
1987-03-27,2.572597026824951
1987-03-30,2.49416446685791
1987-03-31,2.4627907276153564
1987-04-01,2.4418764114379883
1987-04-02,2.488935708999634
1987-04-03,2.520308494567871
1987-04-06,2.572597026824951
1987-04-07,2.546452522277832
1987-04-08,2.504621982574463
1987-04-09,2.4314181804656982
1987-04-10,2.4157297611236572
1987-04-13,2.3529858589172363
1987-04-14,2.332069158554077
1987-04-15,2.3948159217834473
1987-04-16,2.509852647781372
1987-04-20,2.5150790214538574
1987-04-21,2.509852647781372
1987-04-22,2.468020439147949
1987-04-23,2.4784774780273438
1987-04-24,2.4366462230682373
1987-04-27,2.405272960662842
1987-04-28,2.4261879920959473
1987-04-29,2.4523329734802246
1987-04-30,2.4993934631347656
1987-05-01,2.5569100379943848
1987-05-04,2.609199047088623
1987-05-05,2.640573024749756
1987-05-06,2.630112648010254
1987-05-07,2.6458003520965576
1987-05-08,2.609199047088623
1987-05-11,2.6614890098571777
1987-05-12,2.6980886459350586
1987-05-13,2.6980886459350586
1987-05-14,2.7085483074188232
1987-05-15,2.692861318588257
1987-05-18,2.6980886459350586
1987-05-19,2.614429235458374
1987-05-20,2.546452522277832
1987-05-21,2.5718560218811035
1987-05-22,2.6453373432159424
1987-05-26,2.6768298149108887
1987-05-27,2.692575693130493
1987-05-28,2.7083232402801514
1987-05-29,2.713571548461914
1987-06-01,2.6715805530548096
1987-06-02,2.655836343765259
1987-06-03,2.6610844135284424
1987-06-04,2.6663331985473633
1987-06-05,2.6453373432159424
1987-06-08,2.6453373432159424
1987-06-09,2.6033475399017334
1987-06-10,2.6610844135284424
1987-06-11,2.6663331985473633
1987-06-12,2.687328577041626
1987-06-15,2.6978249549865723
1987-06-16,2.718820095062256
1987-06-17,2.781803846359253
1987-06-18,2.7975499629974365
1987-06-19,2.865781545639038
1987-06-22,2.939265727996826
1987-06-23,2.923516273498535
1987-06-24,2.9025237560272217
1987-06-25,2.9025237560272217
1987-06-26,2.8815295696258545
1987-06-29,2.9182701110839844
1987-06-30,2.829042911529541
1987-07-01,2.8027992248535156
1987-07-02,2.818544864654541
1987-07-06,2.834290027618408
1987-07-07,2.8552844524383545
1987-07-08,2.8762803077697754
1987-07-09,2.928766965866089
1987-07-10,2.9812538623809814
1987-07-13,3.012747049331665
1987-07-14,3.075731039047241
1987-07-15,3.0442371368408203
1987-07-16,3.0074968338012695
1987-07-17,3.075731039047241
1987-07-20,3.0074968338012695
1987-07-21,3.0704824924468994
1987-07-22,3.033740282058716
1987-07-23,2.9917502403259277
1987-07-24,2.9812538623809814
1987-07-27,2.976006269454956
1987-07-28,2.9707562923431396
1987-07-29,2.9865031242370605
1987-07-30,2.9812538623809814
1987-07-31,2.9497623443603516
1987-08-03,2.9497623443603516
1987-08-04,2.9340176582336426
1987-08-05,2.9707562923431396
1987-08-06,2.9917502403259277
1987-08-07,3.1072232723236084
1987-08-10,3.1439645290374756
1987-08-11,3.1702051162719727
1987-08-12,3.1597089767456055
1987-08-13,3.1859512329101562
1987-08-14,3.1702051162719727
1987-08-17,3.1859512329101562
1987-08-18,3.09147572517395
1987-08-19,3.075731039047241
1987-08-20,3.0809783935546875
1987-08-21,3.13871431350708
1987-08-24,3.07149076461792
1987-08-25,3.0872955322265625
1987-08-26,3.0504157543182373
1987-08-27,3.0556838512420654
1987-08-28,3.0662214756011963
1987-08-31,3.07675838470459
1987-09-01,3.0556838512420654
1987-09-02,3.0240731239318848
1987-09-03,2.9924631118774414
1987-09-04,3.002997636795044
1987-09-08,2.981926679611206
1987-09-09,2.9924631118774414
1987-09-10,2.9766592979431152
1987-09-11,3.0556838512420654
1987-09-14,3.0820274353027344
1987-09-15,3.07675838470459
1987-09-16,3.0504157543182373
1987-09-17,3.0662214756011963
1987-09-18,3.07149076461792
1987-09-21,3.0346109867095947
1987-09-22,3.108367919921875
1987-09-23,3.182126045227051
1987-09-24,3.1505157947540283
1987-09-25,3.108367919921875
1987-09-28,3.16105318069458
1987-09-29,3.16105318069458
1987-09-30,3.16105318069458
1987-10-01,3.224274158477783
1987-10-02,3.2453479766845703
1987-10-05,3.224274158477783
1987-10-06,3.1768577098846436
1987-10-07,3.1505157947540283
1987-10-08,3.1136393547058105
1987-10-09,3.0872955322265625
1987-10-12,3.0662214756011963
1987-10-13,3.1030993461608887
1987-10-14,3.002997636795044
1987-10-15,2.971388578414917
1987-10-16,2.702700614929199
1987-10-19,2.4603524208068848
1987-10-20,2.2232730388641357
1987-10-21,2.402400493621826
1987-10-22,2.2232730388641357
1987-10-23,2.096832036972046
1987-10-26,1.9756568670272827
1987-10-27,1.8860951662063599
1987-10-28,1.8860951662063599
1987-10-29,2.0230746269226074
1987-10-30,2.2654213905334473
1987-11-02,2.286494016647339
1987-11-03,2.2232730388641357
1987-11-04,2.24434757232666
1987-11-05,2.3602535724639893
1987-11-06,2.418203115463257
1987-11-09,2.3181068897247314
1987-11-10,2.286494016647339
1987-11-11,2.3128368854522705
1987-11-12,2.3549838066101074
1987-11-13,2.3233742713928223
1987-11-16,2.3339085578918457
1987-11-17,2.307569742202759
1987-11-18,2.381324291229248
1987-11-19,2.328641891479492
1987-11-20,2.328641891479492
1987-11-23,2.328641891479492
1987-11-24,2.402400493621826
1987-11-25,2.402400493621826
1987-11-27,2.3918635845184326
1987-11-30,2.307569742202759
1987-12-01,2.286494016647339
1987-12-02,2.2706892490386963
1987-12-03,2.186394691467285
1987-12-04,2.1717777252197266
1987-12-07,2.224745273590088
1987-12-08,2.245934247970581
1987-12-09,2.25652813911438
1987-12-10,2.2777156829833984
1987-12-11,2.378359317779541
1987-12-14,2.5001895427703857
1987-12-15,2.4419240951538086
1987-12-16,2.5001895427703857
1987-12-17,2.4260313510894775
1987-12-18,2.5001895427703857
1987-12-21,2.526675224304199
1987-12-22,2.5849428176879883
1987-12-23,2.622020959854126
1987-12-24,2.616724729537964
1987-12-28,2.5743486881256104
1987-12-29,2.6061298847198486
1987-12-30,2.622020959854126
1987-12-31,2.6538028717041016
1988-01-04,2.6749911308288574
1988-01-05,2.6273162364959717
1988-01-06,2.579644203186035
1988-01-07,2.6485073566436768
1988-01-08,2.5425662994384766
1988-01-11,2.5001895427703857
1988-01-12,2.5001895427703857
1988-01-13,2.5213773250579834
1988-01-14,2.5478625297546387
1988-01-15,2.590238332748413
1988-01-18,2.5955357551574707
1988-01-19,2.706773519515991
1988-01-20,2.5690505504608154
1988-01-21,2.579644203186035
1988-01-22,2.553161144256592
1988-01-25,2.5955357551574707
1988-01-26,2.6485073566436768
1988-01-27,2.5690505504608154
1988-01-28,2.5425662994384766
1988-01-29,2.5743486881256104
1988-02-01,2.553161144256592
1988-02-02,2.5743486881256104
1988-02-03,2.579644203186035
1988-02-04,2.563755750656128
1988-02-05,2.5213773250579834
1988-02-08,2.5001895427703857
1988-02-09,2.4737040996551514
1988-02-10,2.4631099700927734
1988-02-11,2.3836569786071777
1988-02-12,2.494892120361328
1988-02-16,2.489596128463745
1988-02-17,2.563755750656128
1988-02-18,2.5743486881256104
1988-02-19,2.616724729537964
1988-02-22,2.6696951389312744
1988-02-23,2.628405809402466
1988-02-24,2.596482276916504
1988-02-25,2.6177639961242676
1988-02-26,2.6071226596832275
1988-02-29,2.6177639961242676
1988-03-01,2.585841655731201
1988-03-02,2.6177639961242676
1988-03-03,2.601801633834839
1988-03-04,2.628405809402466
1988-03-07,2.628405809402466
1988-03-08,2.660329818725586
1988-03-09,2.6496894359588623
1988-03-10,2.6496894359588623
1988-03-11,2.6071226596832275
1988-03-14,2.5539166927337646
1988-03-15,2.6390464305877686
1988-03-16,2.6337265968322754
1988-03-17,2.6869325637817383
1988-03-18,2.724179267883301
1988-03-21,2.681612968444824
1988-03-22,2.6709704399108887
1988-03-23,2.681612968444824
1988-03-24,2.6390464305877686
1988-03-25,2.628405809402466
1988-03-28,2.6496894359588623
1988-03-29,2.6443681716918945
1988-03-30,2.6443681716918945
1988-03-31,2.6496894359588623
1988-04-04,2.6390464305877686
1988-04-05,2.6177639961242676
1988-04-06,2.7082161903381348
1988-04-07,2.7561023235321045
1988-04-08,2.724179267883301
1988-04-11,2.7082161903381348
1988-04-12,2.6869325637817383
1988-04-13,2.6922543048858643
1988-04-14,2.6922543048858643
1988-04-15,2.6496894359588623
1988-04-18,2.6390464305877686
1988-04-19,2.676290273666382
1988-04-20,2.6869325637817383
1988-04-21,2.745461940765381
1988-04-22,2.8093080520629883
1988-04-25,2.7667438983917236
1988-04-26,2.7561023235321045
1988-04-27,2.777384042739868
1988-04-28,2.8252720832824707
1988-04-29,2.8252720832824707
1988-05-02,2.830592393875122
1988-05-03,2.8518738746643066
1988-05-04,2.89975905418396
1988-05-05,2.9370033740997314
1988-05-06,2.93168306350708
1988-05-09,2.905078887939453
1988-05-10,2.862516403198242
1988-05-11,2.8412322998046875
1988-05-12,2.777384042739868
1988-05-13,2.8412322998046875
1988-05-16,2.8518738746643066
1988-05-17,2.857194185256958
1988-05-18,2.782705545425415
1988-05-19,2.8518738746643066
1988-05-20,2.8518738746643066
1988-05-23,2.7890408039093018
1988-05-24,2.7516403198242188
1988-05-25,2.778355598449707
1988-05-26,2.8050692081451416
1988-05-27,2.8104121685028076
1988-05-31,2.8585000038146973
1988-06-01,2.874528169631958
1988-06-02,2.9172706604003906
1988-06-03,2.933302640914917
1988-06-06,2.9653594493865967
1988-06-07,2.9386446475982666
1988-06-08,3.0134458541870117
1988-06-09,2.9707024097442627
1988-06-10,2.981388568878174
1988-06-13,2.9493300914764404
1988-06-14,2.997417688369751
1988-06-15,2.9920742511749268
1988-06-16,2.981388568878174
1988-06-17,2.9707024097442627
1988-06-20,2.960017442703247
1988-06-21,2.9707024097442627
1988-06-22,3.0134458541870117
1988-06-23,3.072218418121338
1988-06-24,3.0882484912872314
1988-06-27,3.0561909675598145
1988-06-28,3.072218418121338
1988-06-29,3.0668768882751465
1988-06-30,3.1203055381774902
1988-07-01,3.1042778491973877
1988-07-05,3.1309926509857178
1988-07-06,3.045502185821533
1988-07-07,3.0027596950531006
1988-07-08,3.0027596950531006
1988-07-11,2.997417688369751
1988-07-12,2.9386446475982666
1988-07-13,2.9279592037200928
1988-07-14,2.9279592037200928
1988-07-15,2.9226160049438477
1988-07-18,2.8905563354492188
1988-07-19,2.8585000038146973
1988-07-20,2.8424713611602783
1988-07-21,2.815755605697632
1988-07-22,2.778355598449707
1988-07-25,2.778355598449707
1988-07-26,2.7516403198242188
1988-07-27,2.7569825649261475
1988-07-28,2.7462971210479736
1988-07-29,2.8104121685028076
1988-08-01,2.863842725753784
1988-08-02,2.8104121685028076
1988-08-03,2.815755605697632
1988-08-04,2.79972767829895
1988-08-05,2.7943835258483887
1988-08-08,2.767669439315796
1988-08-09,2.7249250411987305
1988-08-10,2.703552722930908
1988-08-11,2.6501216888427734
1988-08-12,2.6501216888427734
1988-08-15,2.6501216888427734
1988-08-16,2.6608102321624756
1988-08-17,2.6287498474121094
1988-08-18,2.5966920852661133
1988-08-19,2.559293031692505
1988-08-22,2.5254197120666504
1988-08-23,2.4985511302948
1988-08-24,2.514671564102173
1988-08-25,2.4716861248016357
1988-08-26,2.4931800365448
1988-08-29,2.5092992782592773
1988-08-30,2.5092992782592773
1988-08-31,2.5092992782592773
1988-09-01,2.4931800365448
1988-09-02,2.5307912826538086
1988-09-06,2.5254197120666504
1988-09-07,2.5415377616882324
1988-09-08,2.5576584339141846
1988-09-09,2.5576584339141846
1988-09-12,2.5576584339141846
1988-09-13,2.5684056282043457
1988-09-14,2.6006457805633545
1988-09-15,2.6006457805633545
1988-09-16,2.6543757915496826
1988-09-19,2.6597487926483154
1988-09-20,2.691990375518799
1988-09-21,2.697361946105957
1988-09-22,2.697361946105957
1988-09-23,2.6704959869384766
1988-09-26,2.697361946105957
1988-09-27,2.697361946105957
1988-09-28,2.6866166591644287
1988-09-29,2.6866166591644287
1988-09-30,2.837066411972046
1988-10-03,2.794081687927246
1988-10-04,2.7188549041748047
1988-10-05,2.7081100940704346
1988-10-06,2.7081100940704346
1988-10-07,2.8155744075775146
1988-10-10,2.7510955333709717
1988-10-11,2.697361946105957
1988-10-12,2.632883071899414
1988-10-13,2.6543757915496826
1988-10-14,2.6221377849578857
1988-10-17,2.579152822494507
1988-10-18,2.6221377849578857
1988-10-19,2.6436290740966797
1988-10-20,2.6113908290863037
1988-10-21,2.6221377849578857
1988-10-24,2.514671564102173
1988-10-25,2.579152822494507
1988-10-26,2.5469114780426025
1988-10-27,2.514671564102173
1988-10-28,2.5039265155792236
1988-10-31,2.5039265155792236
1988-11-01,2.4609405994415283
1988-11-02,2.4501938819885254
1988-11-03,2.4501938819885254
1988-11-04,2.4072084426879883
1988-11-07,2.3857157230377197
1988-11-08,2.4609405994415283
1988-11-09,2.4501938819885254
1988-11-10,2.4501938819885254
1988-11-11,2.4394469261169434
1988-11-14,2.4286997318267822
1988-11-15,2.3857157230377197
1988-11-16,2.3642237186431885
1988-11-17,2.3104894161224365
1988-11-18,2.3857157230377197
1988-11-21,2.3749687671661377
1988-11-22,2.3857157230377197
1988-11-23,2.321235179901123
1988-11-25,2.288996696472168
1988-11-28,2.321235179901123
1988-11-29,2.342729091644287
1988-11-30,2.4286997318267822
1988-12-01,2.4286997318267822
1988-12-02,2.3642237186431885
1988-12-05,2.4005560874938965
1988-12-06,2.3897409439086914
1988-12-07,2.4005560874938965
1988-12-08,2.4005560874938965
1988-12-09,2.4005560874938965
1988-12-12,2.3897409439086914
1988-12-13,2.3573012351989746
1988-12-14,2.3464887142181396
1988-12-15,2.3464887142181396
1988-12-16,2.3573012351989746
1988-12-19,2.422182083129883
1988-12-20,2.454620361328125
1988-12-21,2.508687973022461
1988-12-22,2.46543550491333
1988-12-23,2.508687973022461
1988-12-27,2.476248025894165
1988-12-28,2.46543550491333
1988-12-29,2.4978737831115723
1988-12-30,2.4978737831115723
1989-01-03,2.46543550491333
1989-01-04,2.5627546310424805
1989-01-05,2.584381580352783
1989-01-06,2.6492602825164795
1989-01-09,2.692514657974243
1989-01-10,2.670886993408203
1989-01-11,2.6276352405548096
1989-01-12,2.606008291244507
1989-01-13,2.584381580352783
1989-01-16,2.5735669136047363
1989-01-17,2.541128158569336
1989-01-18,2.5735669136047363
1989-01-19,2.584381580352783
1989-01-20,2.541128158569336
1989-01-23,2.4870619773864746
1989-01-24,2.541128158569336
1989-01-25,2.55194091796875
1989-01-26,2.5735669136047363
1989-01-27,2.584381580352783
1989-01-30,2.55194091796875
1989-01-31,2.6276352405548096
1989-02-01,2.5951955318450928
1989-02-02,2.5627546310424805
1989-02-03,2.5951955318450928
1989-02-06,2.584381580352783
1989-02-07,2.584381580352783
1989-02-08,2.584381580352783
1989-02-09,2.5303139686584473
1989-02-10,2.5627546310424805
1989-02-13,2.55194091796875
1989-02-14,2.5303139686584473
1989-02-15,2.5303139686584473
1989-02-16,2.4978737831115723
1989-02-17,2.541128158569336
1989-02-21,2.508687973022461
1989-02-22,2.4690945148468018
1989-02-23,2.501725196838379
1989-02-24,2.4799723625183105
1989-02-27,2.4690945148468018
1989-02-28,2.4799723625183105
1989-03-01,2.501725196838379
1989-03-02,2.501725196838379
1989-03-03,2.523479461669922
1989-03-06,2.512603521347046
1989-03-07,2.523479461669922
1989-03-08,2.5343587398529053
1989-03-09,2.5452334880828857
1989-03-10,2.512603521347046
1989-03-13,2.523479461669922
1989-03-14,2.5452334880828857
1989-03-15,2.5452334880828857
1989-03-16,2.512603521347046
1989-03-17,2.4799723625183105
1989-03-20,2.458217144012451
1989-03-21,2.447340965270996
1989-03-22,2.403831720352173
1989-03-23,2.447340965270996
1989-03-27,2.436464786529541
1989-03-28,2.436464786529541
1989-03-29,2.4147098064422607
1989-03-30,2.4147098064422607
1989-03-31,2.425588369369507
1989-04-03,2.436464786529541
1989-04-04,2.4690945148468018
1989-04-05,2.4690945148468018
1989-04-06,2.4799723625183105
1989-04-07,2.4799723625183105
1989-04-10,2.4908504486083984
1989-04-11,2.4690945148468018
1989-04-12,2.4908504486083984
1989-04-13,2.512603521347046
1989-04-14,2.577864646911621
1989-04-17,2.5561115741729736
1989-04-18,2.5669898986816406
1989-04-19,2.577864646911621
1989-04-20,2.5669898986816406
1989-04-21,2.588742971420288
1989-04-24,2.6213724613189697
1989-04-25,2.5996201038360596
1989-04-26,2.577864646911621
1989-04-27,2.6213724613189697
1989-04-28,2.643127918243408
1989-05-01,2.6213724613189697
1989-05-02,2.588742971420288
1989-05-03,2.5561115741729736
1989-05-04,2.577864646911621
1989-05-05,2.6104977130889893
1989-05-08,2.6322507858276367
1989-05-09,2.5996201038360596
1989-05-10,2.588742971420288
1989-05-11,2.577864646911621
1989-05-12,2.5996201038360596
1989-05-15,2.6322507858276367
1989-05-16,2.5996201038360596
1989-05-17,2.6322507858276367
1989-05-18,2.6322507858276367
1989-05-19,2.697512149810791
1989-05-22,2.756136417388916
1989-05-23,2.7123866081237793
1989-05-24,2.767073392868042
1989-05-25,2.734261989593506
1989-05-26,2.745198965072632
1989-05-30,2.723325490951538
1989-05-31,2.756136417388916
1989-06-01,2.756136417388916
1989-06-02,2.8108205795288086
1989-06-05,2.778010368347168
1989-06-06,2.7889490127563477
1989-06-07,2.8108205795288086
1989-06-08,2.843632936477661
1989-06-09,2.843632936477661
1989-06-12,2.843632936477661
1989-06-13,2.832695245742798
1989-06-14,2.82175874710083
1989-06-15,2.7998852729797363
1989-06-16,2.7998852729797363
1989-06-19,2.7889490127563477
1989-06-20,2.7889490127563477
1989-06-21,2.843632936477661
1989-06-22,2.843632936477661
1989-06-23,2.843632936477661
1989-06-26,2.832695245742798
1989-06-27,2.8873801231384277
1989-06-28,2.8764450550079346
1989-06-29,2.7998852729797363
1989-06-30,2.7998852729797363
1989-07-03,2.7889490127563477
1989-07-05,2.767073392868042
1989-07-06,2.756136417388916
1989-07-07,2.756136417388916
1989-07-10,2.82175874710083
1989-07-11,2.832695245742798
1989-07-12,2.8764450550079346
1989-07-13,2.898317813873291
1989-07-14,2.909254550933838
1989-07-17,2.942065715789795
1989-07-18,2.9530029296875
1989-07-19,3.0076887607574463
1989-07-20,3.0076887607574463
1989-07-21,3.051435947418213
1989-07-24,3.0623741149902344
1989-07-25,3.02956223487854
1989-07-26,3.073309898376465
1989-07-27,3.204556465148926
1989-07-28,3.2154908180236816
1989-07-31,3.237366199493408
1989-08-01,3.2701785564422607
1989-08-02,3.237366199493408
1989-08-03,3.29205060005188
1989-08-04,3.324862480163574
1989-08-07,3.401421308517456
1989-08-08,3.2811150550842285
1989-08-09,3.237366199493408
1989-08-10,3.204556465148926
1989-08-11,3.1826813220977783
1989-08-14,3.1826813220977783
1989-08-15,3.1936192512512207
1989-08-16,3.2154908180236816
1989-08-17,3.1936192512512207
1989-08-18,3.2154908180236816
1989-08-21,3.204556465148926
1989-08-22,3.2203826904296875
1989-08-23,3.2423651218414307
1989-08-24,3.286329746246338
1989-08-25,3.2973203659057617
1989-08-28,3.2973203659057617
1989-08-29,3.2643494606018066
1989-08-30,3.2093915939331055
1989-08-31,3.2313716411590576
1989-09-01,3.2973203659057617
1989-09-05,3.286329746246338
1989-09-06,3.2533555030822754
1989-09-07,3.187408924102783
1989-09-08,3.2203826904296875
1989-09-11,3.187408924102783
1989-09-12,3.2203826904296875
1989-09-13,3.121460437774658
1989-09-14,3.0884883403778076
1989-09-15,3.066507577896118
1989-09-18,3.066507577896118
1989-09-19,3.077498435974121
1989-09-20,3.066507577896118
1989-09-21,3.0555167198181152
1989-09-22,3.044524669647217
1989-09-25,2.956596612930298
1989-09-26,2.956596612930298
1989-09-27,2.989570379257202
1989-09-28,3.044524669647217
1989-09-29,3.0335330963134766
1989-10-02,3.0555167198181152
1989-10-03,3.0884883403778076
1989-10-04,3.110471248626709
1989-10-05,3.1324548721313477
1989-10-06,3.154437780380249
1989-10-09,3.1324548721313477
1989-10-10,3.187408924102783
1989-10-11,3.187408924102783
1989-10-12,3.154437780380249
1989-10-13,2.967588186264038
1989-10-16,2.945605993270874
1989-10-17,2.912632465362549
1989-10-18,2.912632465362549
1989-10-19,2.912632465362549
1989-10-20,2.901641368865967
1989-10-23,2.8796586990356445
1989-10-24,2.912632465362549
1989-10-25,2.912632465362549
1989-10-26,2.857677459716797
1989-10-27,2.8466856479644775
1989-10-30,2.857677459716797
1989-10-31,2.8686680793762207
1989-11-01,2.8796586990356445
1989-11-02,2.8686680793762207
1989-11-03,2.857677459716797
1989-11-06,2.8356943130493164
1989-11-07,2.8686680793762207
1989-11-08,2.912632465362549
1989-11-09,2.8906514644622803
1989-11-10,2.8796586990356445
1989-11-13,2.901641368865967
1989-11-14,2.8466856479644775
1989-11-15,2.7917306423187256
1989-11-16,2.8466856479644775
1989-11-17,2.8137142658233643
1989-11-20,2.7807400226593018
1989-11-21,2.7917306423187256
1989-11-22,2.8247032165527344
1989-11-24,2.8356943130493164
1989-11-27,2.8137142658233643
1989-11-28,2.857677459716797
1989-11-29,2.8356943130493164
1989-11-30,2.8906514644622803
1989-12-01,2.967588186264038
1989-12-04,2.939300298690796
1989-12-05,2.9835002422332764
1989-12-06,3.0166518688201904
1989-12-07,3.0166518688201904
1989-12-08,3.0166518688201904
1989-12-11,3.0056002140045166
1989-12-12,3.0276992321014404
1989-12-13,3.0387494564056396
1989-12-14,3.0719006061553955
1989-12-15,3.105048179626465
1989-12-18,3.0719006061553955
1989-12-19,3.0276992321014404
1989-12-20,2.9724483489990234
1989-12-21,2.9724483489990234
1989-12-22,3.0166518688201904
1989-12-26,3.0166518688201904
1989-12-27,3.0276992321014404
1989-12-28,3.1381993293762207
1989-12-29,3.182398796081543
1990-01-02,3.2155489921569824
1990-01-03,3.1603002548217773
1990-01-04,3.1713502407073975
1990-01-05,3.1603002548217773
1990-01-08,3.182398796081543
1990-01-09,3.14924955368042
1990-01-10,3.204500913619995
1990-01-11,3.182398796081543
1990-01-12,3.0719006061553955
1990-01-15,3.0056002140045166
1990-01-16,3.0056002140045166
1990-01-17,2.9835002422332764
1990-01-18,3.0166518688201904
1990-01-19,2.961399793624878
1990-01-22,2.9061503410339355
1990-01-23,2.9061503410339355
1990-01-24,2.9724483489990234
1990-01-25,2.917201280593872
1990-01-26,3.0056002140045166
1990-01-29,3.0056002140045166
1990-01-30,3.0166518688201904
1990-01-31,3.14924955368042
1990-02-01,3.116097927093506
1990-02-02,3.182398796081543
1990-02-05,3.1603002548217773
1990-02-06,3.1713502407073975
1990-02-07,3.1934497356414795
1990-02-08,3.1603002548217773
1990-02-09,3.2155489921569824
1990-02-12,3.2265982627868652
1990-02-13,3.292900323867798
1990-02-14,3.2597475051879883
1990-02-15,3.2597475051879883
1990-02-16,3.2376503944396973
1990-02-20,3.2265982627868652
1990-02-21,3.2265982627868652
1990-02-22,3.2425897121429443
1990-02-23,3.220381259918213
1990-02-26,3.253694534301758
1990-02-27,3.320324659347534
1990-02-28,3.3092195987701416
1990-03-01,3.2981138229370117
1990-03-02,3.2870097160339355
1990-03-05,3.2425897121429443
1990-03-06,3.2759032249450684
1990-03-07,3.2425897121429443
1990-03-08,3.2870097160339355
1990-03-09,3.253694534301758
1990-03-12,3.2425897121429443
1990-03-13,3.2647995948791504
1990-03-14,3.2647995948791504
1990-03-15,3.2759032249450684
1990-03-16,3.2870097160339355
1990-03-19,3.442476272583008
1990-03-20,3.4313716888427734
1990-03-21,3.4091618061065674
1990-03-22,3.3980586528778076
1990-03-23,3.4313716888427734
1990-03-26,3.442476272583008
1990-03-27,3.498000144958496
1990-03-28,3.4313716888427734
1990-03-29,3.4313716888427734
1990-03-30,3.4091618061065674
1990-04-02,3.386953592300415
1990-04-03,3.4202659130096436
1990-04-04,3.386953592300415
1990-04-05,3.386953592300415
1990-04-06,3.3092195987701416
1990-04-09,3.331428050994873
1990-04-10,3.331428050994873
1990-04-11,3.3758485317230225
1990-04-12,3.4313716888427734
1990-04-16,3.386953592300415
1990-04-17,3.4202659130096436
1990-04-18,3.3758485317230225
1990-04-19,3.3536376953125
1990-04-20,3.2647995948791504
1990-04-23,3.2425897121429443
1990-04-24,3.320324659347534
1990-04-25,3.320324659347534
1990-04-26,3.331428050994873
1990-04-27,3.331428050994873
1990-04-30,3.342534303665161
1990-05-01,3.3536376953125
1990-05-02,3.3536376953125
1990-05-03,3.342534303665161
1990-05-04,3.342534303665161
1990-05-07,3.3980586528778076
1990-05-08,3.453580617904663
1990-05-09,3.53131365776062
1990-05-10,3.5424180030822754
1990-05-11,3.631256103515625
1990-05-14,3.620152711868286
1990-05-15,3.5757334232330322
1990-05-16,3.5646286010742188
1990-05-17,3.553523302078247
1990-05-18,3.553523302078247
1990-05-21,3.609046697616577
1990-05-22,3.6251089572906494
1990-05-23,3.5916476249694824
1990-05-24,3.5916476249694824
1990-05-25,3.5804946422576904
1990-05-29,3.6474173069000244
1990-05-30,3.6808807849884033
1990-05-31,3.613955497741699
1990-06-01,3.5804946422576904
1990-06-04,3.5916476249694824
1990-06-05,3.602802276611328
1990-06-06,3.5916476249694824
1990-06-07,3.5804946422576904
1990-06-08,3.602802276611328
1990-06-11,3.613955497741699
1990-06-12,3.602802276611328
1990-06-13,3.55818247795105
1990-06-14,3.5693392753601074
1990-06-15,3.513566255569458
1990-06-18,3.502415895462036
1990-06-19,3.5470292568206787
1990-06-20,3.5470292568206787
1990-06-21,3.5693392753601074
1990-06-22,3.5470292568206787
1990-06-25,3.491257905960083
1990-06-26,3.480104923248291
1990-06-27,3.502415895462036
1990-06-28,3.4689505100250244
1990-06-29,3.480104923248291
1990-07-02,3.480104923248291
1990-07-03,3.4689505100250244
1990-07-05,3.3908724784851074
1990-07-06,3.4577972888946533
1990-07-09,3.4577972888946533
1990-07-10,3.4354875087738037
1990-07-11,3.4577972888946533
1990-07-12,3.480104923248291
1990-07-13,3.4577972888946533
1990-07-16,3.4689505100250244
1990-07-17,3.502415895462036
1990-07-18,3.513566255569458
1990-07-19,3.480104923248291
1990-07-20,3.424334764480591
1990-07-23,3.357409715652466
1990-07-24,3.357409715652466
1990-07-25,3.357409715652466
1990-07-26,3.368562936782837
1990-07-27,3.301638126373291
1990-07-30,3.3127927780151367
1990-07-31,3.3127927780151367
1990-08-01,3.234713077545166
1990-08-02,3.2458672523498535
1990-08-03,3.178942918777466
1990-08-06,3.11201548576355
1990-08-07,3.0450937747955322
1990-08-08,3.156630754470825
1990-08-09,3.1677887439727783
1990-08-10,3.201251268386841
1990-08-13,3.178942918777466
1990-08-14,3.178942918777466
1990-08-15,3.156630754470825
1990-08-16,3.0785539150238037
1990-08-17,3.033937692642212
1990-08-20,3.033937692642212
1990-08-21,3.0450937747955322
1990-08-22,2.973282814025879
1990-08-23,2.8723058700561523
1990-08-24,2.9284069538116455
1990-08-27,3.0181655883789062
1990-08-28,2.984503984451294
1990-08-29,2.9620652198791504
1990-08-30,2.917184352874756
1990-08-31,2.9059641361236572
1990-09-04,2.894745349884033
1990-09-05,2.8723058700561523
1990-09-06,2.8723058700561523
1990-09-07,2.917184352874756
1990-09-10,2.883524179458618
1990-09-11,2.883524179458618
1990-09-12,2.894745349884033
1990-09-13,2.894745349884033
1990-09-14,2.883524179458618
1990-09-17,2.917184352874756
1990-09-18,2.939624309539795
1990-09-19,2.9284069538116455
1990-09-20,2.8498659133911133
1990-09-21,2.8498659133911133
1990-09-24,2.782546281814575
1990-09-25,2.748885154724121
1990-09-26,2.681565523147583
1990-09-27,2.6030266284942627
1990-09-28,2.782546281814575
1990-10-01,2.782546281814575
1990-10-02,2.8274261951446533
1990-10-03,2.782546281814575
1990-10-04,2.704005002975464
1990-10-05,2.6591243743896484
1990-10-08,2.647907257080078
1990-10-09,2.6030266284942627
1990-10-10,2.546926975250244
1990-10-11,2.5132670402526855
1990-10-12,2.569366931915283
1990-10-15,2.782546281814575
1990-10-16,2.6927850246429443
1990-10-17,2.6927850246429443
1990-10-18,2.715226173400879
1990-10-19,2.771324634552002
1990-10-22,2.804985523223877
1990-10-23,2.8498659133911133
1990-10-24,2.8274261951446533
1990-10-25,2.816204309463501
1990-10-26,2.760106086730957
1990-10-29,2.7376651763916016
1990-10-30,2.715226173400879
1990-10-31,2.681565523147583
1990-11-01,2.782546281814575
1990-11-02,2.8498659133911133
1990-11-05,2.984503984451294
1990-11-06,2.9620652198791504
1990-11-07,2.917184352874756
1990-11-08,2.973282814025879
1990-11-09,3.0630440711975098
1990-11-12,3.074265480041504
1990-11-13,3.0630440711975098
1990-11-14,3.040604591369629
1990-11-15,3.006944179534912
1990-11-16,3.006944179534912
1990-11-19,3.0854833126068115
1990-11-20,3.040604591369629
1990-11-21,3.0854833126068115
1990-11-23,3.040604591369629
1990-11-26,3.0293843746185303
1990-11-27,3.0293843746185303
1990-11-28,3.0518243312835693
1990-11-29,3.074265480041504
1990-11-30,3.220122814178467
1990-12-03,3.197681427001953
1990-12-04,3.204453229904175
1990-12-05,3.3398537635803223
1990-12-06,3.3172860145568848
1990-12-07,3.306004047393799
1990-12-10,3.3398537635803223
1990-12-11,3.3172860145568848
1990-12-12,3.351137161254883
1990-12-13,3.3398537635803223
1990-12-14,3.29472017288208
1990-12-17,3.3172860145568848
1990-12-18,3.3398537635803223
1990-12-19,3.4414031505584717
1990-12-20,3.4526867866516113
1990-12-21,3.475253105163574
1990-12-24,3.486534833908081
1990-12-26,3.5429530143737793
1990-12-27,3.55423641204834
1990-12-28,3.5768043994903564
1990-12-31,3.5880863666534424
1991-01-02,3.5880863666534424
1991-01-03,3.4526867866516113
1991-01-04,3.4526867866516113
1991-01-07,3.4301178455352783
1991-01-08,3.351137161254883
1991-01-09,3.351137161254883
1991-01-10,3.384986162185669
1991-01-11,3.384986162185669
1991-01-14,3.4301178455352783
1991-01-15,3.4414031505584717
1991-01-16,3.5091028213500977
1991-01-17,3.4978208541870117
1991-01-18,3.520385980606079
1991-01-21,3.5091028213500977
1991-01-22,3.4639711380004883
1991-01-23,3.475253105163574
1991-01-24,3.486534833908081
1991-01-25,3.520385980606079
1991-01-28,3.5091028213500977
1991-01-29,3.4978208541870117
1991-01-30,3.475253105163574
1991-01-31,3.565519332885742
1991-02-01,3.667067289352417
1991-02-04,3.6557834148406982
1991-02-05,3.599367141723633
1991-02-06,3.5880863666534424
1991-02-07,3.6106514930725098
1991-02-08,3.667067289352417
1991-02-11,3.791185140609741
1991-02-12,3.791185140609741
1991-02-13,3.80246639251709
1991-02-14,3.734766721725464
1991-02-15,3.791185140609741
1991-02-19,3.7799041271209717
1991-02-20,3.74605131149292
1991-02-21,3.734766721725464
1991-02-22,3.6557834148406982
1991-02-25,3.6285693645477295
1991-02-26,3.6285693645477295
1991-02-27,3.7079436779022217
1991-02-28,3.730623483657837
1991-03-01,3.7873213291168213
1991-03-04,3.753302574157715
1991-03-05,3.81000018119812
1991-03-06,3.81000018119812
1991-03-07,3.81000018119812
1991-03-08,3.7873213291168213
1991-03-11,3.81000018119812
1991-03-12,3.753302574157715
1991-03-13,3.7873213291168213
1991-03-14,3.7646420001983643
1991-03-15,3.7079436779022217
1991-03-18,3.6285693645477295
1991-03-19,3.662590503692627
1991-03-20,3.6966068744659424
1991-03-21,3.6285693645477295
1991-03-22,3.617232322692871
1991-03-25,3.662590503692627
1991-03-26,3.662590503692627
1991-03-27,3.63991117477417
1991-03-28,3.719285488128662
1991-04-01,3.6739282608032227
1991-04-02,3.753302574157715
1991-04-03,3.6966068744659424
1991-04-04,3.662590503692627
1991-04-05,3.6285693645477295
1991-04-08,3.6966068744659424
1991-04-09,3.719285488128662
1991-04-10,3.662590503692627
1991-04-11,3.7079436779022217
1991-04-12,3.81000018119812
1991-04-15,3.7079436779022217
1991-04-16,3.6739282608032227
1991-04-17,3.63991117477417
1991-04-18,3.6058924198150635
1991-04-19,3.6058924198150635
1991-04-22,3.63991117477417
1991-04-23,3.662590503692627
1991-04-24,3.65124773979187
1991-04-25,3.5605342388153076
1991-04-26,3.5605342388153076
1991-04-29,3.481158971786499
1991-04-30,3.526519298553467
1991-05-01,3.63991117477417
1991-05-02,3.63991117477417
1991-05-03,3.6739282608032227
1991-05-06,3.6966068744659424
1991-05-07,3.63991117477417
1991-05-08,3.6285693645477295
1991-05-09,3.719285488128662
1991-05-10,3.63991117477417
1991-05-13,3.63991117477417
1991-05-14,3.549194574356079
1991-05-15,3.5151774883270264
1991-05-16,3.5151774883270264
1991-05-17,3.5605342388153076
1991-05-20,3.5378570556640625
1991-05-21,3.5446958541870117
1991-05-22,3.5332961082458496
1991-05-23,3.5332961082458496
1991-05-24,3.5332961082458496
1991-05-28,3.6358766555786133
1991-05-29,3.6700706481933594
1991-05-30,3.7954463958740234
1991-05-31,3.989206314086914
1991-06-03,3.9436185359954834
1991-06-04,3.8752317428588867
1991-06-05,3.829637050628662
1991-06-06,3.8182411193847656
1991-06-07,3.8182411193847656
1991-06-10,3.806842803955078
1991-06-11,3.8182411193847656
1991-06-12,3.76125168800354
1991-06-13,3.8182411193847656
1991-06-14,3.8182411193847656
1991-06-17,3.806842803955078
1991-06-18,3.829637050628662
1991-06-19,3.7840466499328613
1991-06-20,3.71566104888916
1991-06-21,3.71566104888916
1991-06-24,3.6016831398010254
1991-06-25,3.624478340148926
1991-06-26,3.5674891471862793
1991-06-27,3.6358766555786133
1991-06-28,3.5902867317199707
1991-07-01,3.6358766555786133
1991-07-02,3.6358766555786133
1991-07-03,3.5788869857788086
1991-07-05,3.5788869857788086
1991-07-08,3.5674891471862793
1991-07-09,3.5218985080718994
1991-07-10,3.5105020999908447
1991-07-11,3.453512191772461
1991-07-12,3.5446958541870117
1991-07-15,3.5332961082458496
1991-07-16,3.5332961082458496
1991-07-17,3.5446958541870117
1991-07-18,3.5674891471862793
1991-07-19,3.55609393119812
1991-07-22,3.5446958541870117
1991-07-23,3.5332961082458496
1991-07-24,3.430718183517456
1991-07-25,3.4421143531799316
1991-07-26,3.396524667739868
1991-07-29,3.4991049766540527
1991-07-30,3.453512191772461
1991-07-31,3.4877071380615234
1991-08-01,3.4763097763061523
1991-08-02,3.4193198680877686
1991-08-05,3.4079232215881348
1991-08-06,3.3737289905548096
1991-08-07,3.3623299598693848
1991-08-08,3.3053417205810547
1991-08-09,3.3737289905548096
1991-08-12,3.396524667739868
1991-08-13,3.3737289905548096
1991-08-14,3.328138589859009
1991-08-15,3.316739320755005
1991-08-16,3.328138589859009
1991-08-19,3.2939469814300537
1991-08-20,3.259751081466675
1991-08-21,3.3395354747772217
1991-08-22,3.4963583946228027
1991-08-23,3.5192840099334717
1991-08-26,3.4848921298980713
1991-08-27,3.439040184020996
1991-08-28,3.5422120094299316
1991-08-29,3.5192840099334717
1991-08-30,3.5307469367980957
1991-09-03,3.439040184020996
1991-09-04,3.4619648456573486
1991-09-05,3.5422120094299316
1991-09-06,3.5307469367980957
1991-09-09,3.5307469367980957
1991-09-10,3.5192840099334717
1991-09-11,3.450502395629883
1991-09-12,3.4848921298980713
1991-09-13,3.4734299182891846
1991-09-16,3.5078210830688477
1991-09-17,3.5078210830688477
1991-09-18,3.5192840099334717
1991-09-19,3.565139055252075
1991-09-20,3.5536751747131348
1991-09-23,3.5078210830688477
1991-09-24,3.5536751747131348
1991-09-25,3.576599359512329
1991-09-26,3.565139055252075
1991-09-27,3.5536751747131348
1991-09-30,3.5536751747131348
1991-10-01,3.565139055252075
1991-10-02,3.5192840099334717
1991-10-03,3.4963583946228027
1991-10-04,3.4848921298980713
1991-10-07,3.427577257156372
1991-10-08,3.439040184020996
1991-10-09,3.393183946609497
1991-10-10,3.393183946609497
1991-10-11,3.347332715988159
1991-10-14,3.393183946609497
1991-10-15,3.393183946609497
1991-10-16,3.5078210830688477
1991-10-17,3.4848921298980713
1991-10-18,3.4848921298980713
1991-10-21,3.4963583946228027
1991-10-22,3.4619648456573486
1991-10-23,3.4619648456573486
1991-10-24,3.439040184020996
1991-10-25,3.4619648456573486
1991-10-28,3.4734299182891846
1991-10-29,3.4619648456573486
1991-10-30,3.4963583946228027
1991-10-31,3.5078210830688477
1991-11-01,3.5192840099334717
1991-11-04,3.5078210830688477
1991-11-05,3.347332715988159
1991-11-06,3.4046504497528076
1991-11-07,3.439040184020996
1991-11-08,3.393183946609497
1991-11-11,3.393183946609497
1991-11-12,3.347332715988159
1991-11-13,3.2900149822235107
1991-11-14,3.2900149822235107
1991-11-15,3.255622386932373
1991-11-18,3.2441606521606445
1991-11-19,3.186844825744629
1991-11-20,3.232696056365967
1991-11-21,3.267084836959839
1991-11-22,3.2212326526641846
1991-11-25,3.209768533706665
1991-11-26,3.209768533706665
1991-11-27,3.209768533706665
1991-11-29,3.209768533706665
1991-12-02,3.2900149822235107
1991-12-03,3.358795404434204
1991-12-04,3.3551056385040283
1991-12-05,3.297457218170166
1991-12-06,3.343576669692993
1991-12-09,3.3320484161376953
1991-12-10,3.3089890480041504
1991-12-11,3.2282800674438477
1991-12-12,3.2513396739959717
1991-12-13,3.23980712890625
1991-12-16,3.2513396739959717
1991-12-17,3.2282800674438477
1991-12-18,3.2513396739959717
1991-12-19,3.274399757385254
1991-12-20,3.3320484161376953
1991-12-23,3.4358134269714355
1991-12-24,3.597224712371826
1991-12-26,3.6318142414093018
1991-12-27,3.620283842086792
1991-12-30,3.781700372695923
1991-12-31,3.850874423980713
1992-01-02,3.8047595024108887
1992-01-03,3.885462760925293
1992-01-06,3.8739356994628906
1992-01-07,3.793231964111328
1992-01-08,3.8278188705444336
1992-01-09,3.8624067306518555
1992-01-10,3.8047595024108887
1992-01-13,3.6894633769989014
1992-01-14,3.781700372695923
1992-01-15,3.8969969749450684
1992-01-16,3.8969969749450684
1992-01-17,3.966170310974121
1992-01-20,3.920055389404297
1992-01-21,3.885462760925293
1992-01-22,3.8739356994628906
1992-01-23,3.8624067306518555
1992-01-24,3.8393468856811523
1992-01-27,3.781700372695923
1992-01-28,3.781700372695923
1992-01-29,3.7471115589141846
1992-01-30,3.7125227451324463
1992-01-31,3.7125227451324463
1992-02-03,3.6894633769989014
1992-02-04,3.7125227451324463
1992-02-05,3.677934169769287
1992-02-06,3.620283842086792
1992-02-07,3.539579391479492
1992-02-10,3.574167251586914
1992-02-11,3.643343687057495
1992-02-12,3.6894633769989014
1992-02-13,3.6664042472839355
1992-02-14,3.6664042472839355
1992-02-18,3.597224712371826
1992-02-19,3.620283842086792
1992-02-20,3.6894633769989014
1992-02-21,3.700993776321411
1992-02-24,3.708871364593506
1992-02-25,3.6509218215942383
1992-02-26,3.6741063594818115
1992-02-27,3.6509218215942383
1992-02-28,3.5582027435302734
1992-03-02,3.69728422164917
1992-03-03,3.6856939792633057
1992-03-04,3.6856939792633057
1992-03-05,3.708871364593506
1992-03-06,3.69728422164917
1992-03-09,3.6741063594818115
1992-03-10,3.708871364593506
1992-03-11,3.69728422164917
1992-03-12,3.708871364593506
1992-03-13,3.743644952774048
1992-03-16,3.7320542335510254
1992-03-17,3.7900068759918213
1992-03-18,3.7900068759918213
1992-03-19,3.8479561805725098
1992-03-20,3.801595687866211
1992-03-23,3.7552340030670166
1992-03-24,3.8479561805725098
1992-03-25,3.801595687866211
1992-03-26,3.8131866455078125
1992-03-27,3.8131866455078125
1992-03-30,3.836366891860962
1992-03-31,3.836366891860962
1992-04-01,3.7900068759918213
1992-04-02,3.76682710647583
1992-04-03,3.7204630374908447
1992-04-06,3.7204630374908447
1992-04-07,3.6856939792633057
1992-04-08,3.5929691791534424
1992-04-09,3.6741063594818115
1992-04-10,3.6625123023986816
1992-04-13,3.604562997817993
1992-04-14,3.6393320560455322
1992-04-15,3.708871364593506
1992-04-16,3.7552340030670166
1992-04-20,3.7320542335510254
1992-04-21,3.7204630374908447
1992-04-22,3.7204630374908447
1992-04-23,3.7320542335510254
1992-04-24,3.7204630374908447
1992-04-27,3.708871364593506
1992-04-28,3.6856939792633057
1992-04-29,3.6856939792633057
1992-04-30,3.7204630374908447
1992-05-01,3.708871364593506
1992-05-04,3.7204630374908447
1992-05-05,3.6741063594818115
1992-05-06,3.6741063594818115
1992-05-07,3.6856939792633057
1992-05-08,3.6741063594818115
1992-05-11,3.69728422164917
1992-05-12,3.6509218215942383
1992-05-13,3.6741063594818115
1992-05-14,3.708871364593506
1992-05-15,3.6509218215942383
1992-05-18,3.6509218215942383
1992-05-19,3.6741063594818115
1992-05-20,3.627742290496826
1992-05-21,3.6356661319732666
1992-05-22,3.6939337253570557
1992-05-26,3.682276964187622
1992-05-27,3.7521939277648926
1992-05-28,3.7638473510742188
1992-05-29,3.7871546745300293
1992-06-01,3.7638473510742188
1992-06-02,3.775498628616333
1992-06-03,3.7638473510742188
1992-06-04,3.7638473510742188
1992-06-05,3.83376407623291
1992-06-08,3.822110652923584
1992-06-09,3.83376407623291
1992-06-10,3.8104591369628906
1992-06-11,3.8104591369628906
1992-06-12,3.83376407623291
1992-06-15,3.845416784286499
1992-06-16,3.8920295238494873
1992-06-17,3.903681755065918
1992-06-18,3.845416784286499
1992-06-19,3.822110652923584
1992-06-22,3.822110652923584
1992-06-23,3.7521939277648926
1992-06-24,3.775498628616333
1992-06-25,3.7871546745300293
1992-06-26,3.6939337253570557
1992-06-29,3.7521939277648926
1992-06-30,3.7638473510742188
1992-07-01,3.7871546745300293
1992-07-02,3.775498628616333
1992-07-06,3.7521939277648926
1992-07-07,3.6939337253570557
1992-07-08,3.6473188400268555
1992-07-09,3.6589722633361816
1992-07-10,3.682276964187622
1992-07-13,3.682276964187622
1992-07-14,3.6939337253570557
1992-07-15,3.705583095550537
1992-07-16,3.7405405044555664
1992-07-17,3.7521939277648926
1992-07-20,3.705583095550537
1992-07-21,3.728886127471924
1992-07-22,3.7871546745300293
1992-07-23,3.7871546745300293
1992-07-24,3.7638473510742188
1992-07-27,3.822110652923584
1992-07-28,3.845416784286499
1992-07-29,3.915335178375244
1992-07-30,3.903681755065918
1992-07-31,3.9502925872802734
1992-08-03,3.985248327255249
1992-08-04,3.985248327255249
1992-08-05,3.961944103240967
1992-08-06,3.9735989570617676
1992-08-07,4.055166244506836
1992-08-10,4.020209789276123
1992-08-11,4.031859874725342
1992-08-12,4.031859874725342
1992-08-13,3.985248327255249
1992-08-14,4.0085554122924805
1992-08-17,3.985248327255249
1992-08-18,3.996901273727417
1992-08-19,3.9386398792266846
1992-08-20,3.9269840717315674
1992-08-21,3.9269840717315674
1992-08-24,3.947603464126587
1992-08-25,3.9241745471954346
1992-08-26,3.8773186206817627
1992-08-27,3.9241745471954346
1992-08-28,3.935889959335327
1992-08-31,3.971031904220581
1992-09-01,4.006173133850098
1992-09-02,4.0647430419921875
1992-09-03,4.017885208129883
1992-09-04,3.994457721710205
1992-09-08,3.994457721710205
1992-09-09,4.0530290603637695
1992-09-10,4.088167667388916
1992-09-11,4.0530290603637695
1992-09-14,4.0764570236206055
1992-09-15,4.029601573944092
1992-09-16,4.09988260269165
1992-09-17,4.0647430419921875
1992-09-18,4.0764570236206055
1992-09-21,4.123311996459961
1992-09-22,4.09988260269165
1992-09-23,4.09988260269165
1992-09-24,4.09988260269165
1992-09-25,4.09988260269165
1992-09-28,4.135025978088379
1992-09-29,4.123311996459961
1992-09-30,4.111596584320068
1992-10-01,4.123311996459961
1992-10-02,4.0530290603637695
1992-10-05,4.006173133850098
1992-10-06,3.994457721710205
1992-10-07,3.947603464126587
1992-10-08,3.9593169689178467
1992-10-09,3.98274564743042
1992-10-12,4.0764570236206055
1992-10-13,4.0764570236206055
1992-10-14,4.0647430419921875
1992-10-15,4.088167667388916
1992-10-16,4.111596584320068
1992-10-19,4.111596584320068
1992-10-20,4.135025978088379
1992-10-21,4.123311996459961
1992-10-22,4.170168876647949
1992-10-23,4.193593978881836
1992-10-26,4.2755913734436035
1992-10-27,4.2755913734436035
1992-10-28,4.2287373542785645
1992-10-29,4.2053070068359375
1992-10-30,4.2053070068359375
1992-11-02,4.252162933349609
1992-11-03,4.2287373542785645
1992-11-04,4.2287373542785645
1992-11-05,4.2170209884643555
1992-11-06,4.193593978881836
1992-11-09,4.170168876647949
1992-11-10,4.146740436553955
1992-11-11,4.170168876647949
1992-11-12,4.123311996459961
1992-11-13,4.135025978088379
1992-11-16,4.135025978088379
1992-11-17,4.123311996459961
1992-11-18,4.088167667388916
1992-11-19,4.0530290603637695
1992-11-20,4.132617473602295
1992-11-23,4.156169414520264
1992-11-24,4.156169414520264
1992-11-25,4.167939186096191
1992-11-27,4.167939186096191
1992-11-30,4.191490173339844
1992-12-01,4.191490173339844
1992-12-02,4.226809501647949
1992-12-03,4.191490173339844
1992-12-04,4.191490173339844
1992-12-07,4.215035438537598
1992-12-08,4.215035438537598
1992-12-09,4.238584041595459
1992-12-10,4.273905277252197
1992-12-11,4.273905277252197
1992-12-14,4.285680294036865
1992-12-15,4.273905277252197
1992-12-16,4.250357151031494
1992-12-17,4.273905277252197
1992-12-18,4.3210015296936035
1992-12-21,4.297450542449951
1992-12-22,4.391643047332764
1992-12-23,4.4387383460998535
1992-12-24,4.46228551864624
1992-12-28,4.415190696716309
1992-12-29,4.391643047332764
1992-12-30,4.368095397949219
1992-12-31,4.3210015296936035
1993-01-04,4.403419017791748
1993-01-05,4.415190696716309
1993-01-06,4.450514316558838
1993-01-07,4.391643047332764
1993-01-08,4.391643047332764
1993-01-11,4.415190696716309
1993-01-12,4.415190696716309
1993-01-13,4.391643047332764
1993-01-14,4.379868984222412
1993-01-15,4.379868984222412
1993-01-18,4.426965713500977
1993-01-19,4.391643047332764
1993-01-20,4.391643047332764
1993-01-21,4.344547748565674
1993-01-22,4.309227466583252
1993-01-25,4.297450542449951
1993-01-26,4.309227466583252
1993-01-27,4.309227466583252
1993-01-28,4.273905277252197
1993-01-29,4.285680294036865
1993-02-01,4.285680294036865
1993-02-02,4.250357151031494
1993-02-03,4.368095397949219
1993-02-04,4.415190696716309
1993-02-05,4.379868984222412
1993-02-08,4.415190696716309
1993-02-09,4.415190696716309
1993-02-10,4.426965713500977
1993-02-11,4.46228551864624
1993-02-12,4.485836029052734
1993-02-16,4.415190696716309
1993-02-17,4.403419017791748
1993-02-18,4.391643047332764
1993-02-19,4.403419017791748
1993-02-22,4.459723472595215
1993-02-23,4.42423677444458
1993-02-24,4.459723472595215
1993-02-25,4.471555233001709
1993-02-26,4.4833855628967285
1993-03-01,4.3887481689453125
1993-03-02,4.412407398223877
1993-03-03,4.436065673828125
1993-03-04,4.42423677444458
1993-03-05,4.436065673828125
1993-03-08,4.507046699523926
1993-03-09,4.507046699523926
1993-03-10,4.625340461730957
1993-03-11,4.613511085510254
1993-03-12,4.613511085510254
1993-03-15,4.625340461730957
1993-03-16,4.637167453765869
1993-03-17,4.731806755065918
1993-03-18,4.649000644683838
1993-03-19,4.613511085510254
1993-03-22,4.625340461730957
1993-03-23,4.696313381195068
1993-03-24,4.660825729370117
1993-03-25,4.649000644683838
1993-03-26,4.589852333068848
1993-03-29,4.589852333068848
1993-03-30,4.507046699523926
1993-03-31,4.530702114105225
1993-04-01,4.554360866546631
1993-04-02,4.495213985443115
1993-04-05,4.5188751220703125
1993-04-06,4.507046699523926
1993-04-07,4.459723472595215
1993-04-08,4.495213985443115
1993-04-12,4.542531967163086
1993-04-13,4.566192150115967
1993-04-14,4.613511085510254
1993-04-15,4.637167453765869
1993-04-16,4.660825729370117
1993-04-19,4.6726579666137695
1993-04-20,4.613511085510254
1993-04-21,4.589852333068848
1993-04-22,4.542531967163086
1993-04-23,4.542531967163086
1993-04-26,4.530702114105225
1993-04-27,4.566192150115967
1993-04-28,4.530702114105225
1993-04-29,4.507046699523926
1993-04-30,4.412407398223877
1993-05-03,4.530702114105225
1993-05-04,4.5188751220703125
1993-05-05,4.471555233001709
1993-05-06,4.495213985443115
1993-05-07,4.4833855628967285
1993-05-10,4.4833855628967285
1993-05-11,4.5188751220703125
1993-05-12,4.5188751220703125
1993-05-13,4.4833855628967285
1993-05-14,4.495213985443115
1993-05-17,4.471555233001709
1993-05-18,4.459723472595215
1993-05-19,4.447896957397461
1993-05-20,4.4833855628967285
1993-05-21,4.495213985443115
1993-05-24,4.5161309242248535
1993-05-25,4.468593120574951
1993-05-26,4.539900779724121
1993-05-27,4.528012752532959
1993-05-28,4.539900779724121
1993-06-01,4.480477809906006
1993-06-02,4.504248142242432
1993-06-03,4.492361068725586
1993-06-04,4.504248142242432
1993-06-07,4.504248142242432
1993-06-08,4.456706523895264
1993-06-09,4.409169673919678
1993-06-10,4.409169673919678
1993-06-11,4.432939529418945
1993-06-14,4.421052932739258
1993-06-15,4.492361068725586
1993-06-16,4.492361068725586
1993-06-17,4.5161309242248535
1993-06-18,4.5161309242248535
1993-06-21,4.504248142242432
1993-06-22,4.528012752532959
1993-06-23,4.432939529418945
1993-06-24,4.373514652252197
1993-06-25,4.397284030914307
1993-06-28,4.456706523895264
1993-06-29,4.468593120574951
1993-06-30,4.456706523895264
1993-07-01,4.468593120574951
1993-07-02,4.468593120574951
1993-07-06,4.373514652252197
1993-07-07,4.421052932739258
1993-07-08,4.373514652252197
1993-07-09,4.373514652252197
1993-07-12,4.385400772094727
1993-07-13,4.373514652252197
1993-07-14,4.456706523895264
1993-07-15,4.611207008361816
1993-07-16,4.563670635223389
1993-07-19,4.587440013885498
1993-07-20,4.563670635223389
1993-07-21,4.492361068725586
1993-07-22,4.456706523895264
1993-07-23,4.5161309242248535
1993-07-26,4.599322319030762
1993-07-27,4.551782608032227
1993-07-28,4.504248142242432
1993-07-29,4.456706523895264
1993-07-30,4.456706523895264
1993-08-02,4.504248142242432
1993-08-03,4.528012752532959
1993-08-04,4.551782608032227
1993-08-05,4.587440013885498
1993-08-06,4.611207008361816
1993-08-09,4.670633792877197
1993-08-10,4.789475440979004
1993-08-11,4.848897457122803
1993-08-12,4.8013596534729
1993-08-13,4.7657084465026855
1993-08-16,4.82512903213501
1993-08-17,4.82512903213501
1993-08-18,4.82512903213501
1993-08-19,4.884551525115967
1993-08-20,4.908321380615234
1993-08-23,4.896438121795654
1993-08-24,4.870651721954346
1993-08-25,4.966155052185059
1993-08-26,5.0019683837890625
1993-08-27,4.978091239929199
1993-08-30,5.037783622741699
1993-08-31,5.0019683837890625
1993-09-01,5.061657905578613
1993-09-02,5.061657905578613
1993-09-03,5.085532188415527
1993-09-07,5.181035995483398
1993-09-08,5.192971229553223
1993-09-09,5.181035995483398
1993-09-10,5.395918369293213
1993-09-13,5.348166465759277
1993-09-14,5.264601230621338
1993-09-15,5.216847896575928
1993-09-16,5.228784561157227
1993-09-17,5.300416469573975
1993-09-20,5.372044086456299
1993-09-21,5.348166465759277
1993-09-22,5.348166465759277
1993-09-23,5.312349796295166
1993-09-24,5.348166465759277
1993-09-27,5.4317307472229
1993-09-28,5.312349796295166
1993-09-29,5.276538848876953
1993-09-30,5.204910755157471
1993-10-01,5.192971229553223
1993-10-04,5.204910755157471
1993-10-05,5.216847896575928
1993-10-06,5.24072265625
1993-10-07,5.24072265625
1993-10-08,5.204910755157471
1993-10-11,5.109407901763916
1993-10-12,5.073596954345703
1993-10-13,4.990028381347656
1993-10-14,5.025842666625977
1993-10-15,5.252663612365723
1993-10-18,5.300416469573975
1993-10-19,5.204910755157471
1993-10-20,5.288476467132568
1993-10-21,5.372044086456299
1993-10-22,5.419792652130127
1993-10-25,5.443670749664307
1993-10-26,5.479480266571045
1993-10-27,5.515295505523682
1993-10-28,5.5511088371276855
1993-10-29,5.491422176361084
1993-11-01,5.503359794616699
1993-11-02,5.574982643127441
1993-11-03,5.539172172546387
1993-11-04,5.563046932220459
1993-11-05,5.682426929473877
1993-11-08,5.670488357543945
1993-11-09,5.658553123474121
1993-11-10,5.634674072265625
1993-11-11,5.634674072265625
1993-11-12,5.789862632751465
1993-11-15,5.754056453704834
1993-11-16,5.825681209564209
1993-11-17,5.658553123474121
1993-11-18,5.694363594055176
1993-11-19,5.608556270599365
1993-11-22,5.572604179382324
1993-11-23,5.59657096862793
1993-11-24,5.572604179382324
1993-11-26,5.59657096862793
1993-11-29,5.608556270599365
1993-11-30,5.680464267730713
1993-12-01,5.728396892547607
1993-12-02,5.740383148193359
1993-12-03,5.704429626464844
1993-12-06,5.740383148193359
1993-12-07,5.740383148193359
1993-12-08,5.788318157196045
1993-12-09,5.824268817901611
1993-12-10,5.8722076416015625
1993-12-13,5.884193420410156
1993-12-14,5.884193420410156
1993-12-15,5.8722076416015625
1993-12-16,5.752363681793213
1993-12-17,5.836256504058838
1993-12-20,5.8722076416015625
1993-12-21,5.9081573486328125
1993-12-22,5.9081573486328125
1993-12-23,5.860222816467285
1993-12-27,5.824268817901611
1993-12-28,5.836256504058838
1993-12-29,5.836256504058838
1993-12-30,5.77633810043335
1993-12-31,5.824268817901611
1994-01-03,5.716412544250488
1994-01-04,5.81228494644165
1994-01-05,5.668478012084961
1994-01-06,5.740383148193359
1994-01-07,5.656493186950684
1994-01-10,5.788318157196045
1994-01-11,5.800304889678955
1994-01-12,5.728396892547607
1994-01-13,5.764352321624756
1994-01-14,5.77633810043335
1994-01-17,5.764352321624756
1994-01-18,5.824268817901611
1994-01-19,5.752363681793213
1994-01-20,5.668478012084961
1994-01-21,5.764352321624756
1994-01-24,5.788318157196045
1994-01-25,5.704429626464844
1994-01-26,5.704429626464844
1994-01-27,5.692445278167725
1994-01-28,5.740383148193359
1994-01-31,5.716412544250488
1994-02-01,5.740383148193359
1994-02-02,5.860222816467285
1994-02-03,5.884193420410156
1994-02-04,5.81228494644165
1994-02-07,5.77633810043335
1994-02-08,5.752363681793213
1994-02-09,5.764352321624756
1994-02-10,5.752363681793213
1994-02-11,5.77633810043335
1994-02-14,5.77633810043335
1994-02-15,5.89617395401001
1994-02-16,6.039985656738281
1994-02-17,5.9081573486328125
1994-02-18,5.836256504058838
1994-02-22,5.966653347015381
1994-02-23,5.942595481872559
1994-02-24,5.942595481872559
1994-02-25,5.918534755706787
1994-02-28,5.8944783210754395
1994-03-01,5.930565357208252
1994-03-02,5.834328651428223
1994-03-03,5.8102707862854
1994-03-04,5.82230281829834
1994-03-07,5.8944783210754395
1994-03-08,5.8944783210754395
1994-03-09,6.062893390655518
1994-03-10,6.062893390655518
1994-03-11,6.147097587585449
1994-03-14,6.086949348449707
1994-03-15,6.098980903625488
1994-03-16,6.135068893432617
1994-03-17,6.267393589019775
1994-03-18,6.399717330932617
1994-03-21,6.303483009338379
1994-03-22,6.255365371704102
1994-03-23,6.219274520874023
1994-03-24,6.243336200714111
1994-03-25,6.159128665924072
1994-03-28,6.147097587585449
1994-03-29,6.086949348449707
1994-03-30,5.82230281829834
1994-03-31,5.762152671813965
1994-04-04,5.82230281829834
1994-04-05,5.990713596343994
1994-04-06,5.990713596343994
1994-04-07,5.8944783210754395
1994-04-08,5.846358299255371
1994-04-11,5.8102707862854
1994-04-12,5.762152671813965
1994-04-13,5.726063251495361
1994-04-14,5.653888702392578
1994-04-15,5.629826545715332
1994-04-18,5.461414813995361
1994-04-19,5.437355995178223
1994-04-20,5.485474586486816
1994-04-21,5.413299083709717
1994-04-22,5.317060470581055
1994-04-25,5.377208232879639
1994-04-26,5.317060470581055
1994-04-28,5.293002128601074
1994-04-29,5.293002128601074
1994-05-02,5.36517858505249
1994-05-03,5.377208232879639
1994-05-04,5.353146553039551
1994-05-05,5.401268005371094
1994-05-06,5.30502986907959
1994-05-09,5.2689409255981445
1994-05-10,5.3892388343811035
1994-05-11,5.329089641571045
1994-05-12,5.256911754608154
1994-05-13,5.1847333908081055
1994-05-16,5.136615753173828
1994-05-17,5.124586582183838
1994-05-18,5.2689409255981445
1994-05-19,5.329089641571045
1994-05-20,5.244883060455322
1994-05-23,5.134224891662598
1994-05-24,5.194626331329346
1994-05-25,5.170466423034668
1994-05-26,5.194626331329346
1994-05-27,5.20670747756958
1994-05-31,5.134224891662598
1994-06-01,5.037579536437988
1994-06-02,5.037579536437988
1994-06-03,5.242950439453125
1994-06-06,5.267110824584961
1994-06-07,5.2791900634765625
1994-06-08,5.291271686553955
1994-06-09,5.315433979034424
1994-06-10,5.303349494934082
1994-06-13,5.3275146484375
1994-06-14,5.50872278213501
1994-06-15,5.544961929321289
1994-06-16,5.593287467956543
1994-06-17,5.641607284545898
1994-06-20,5.665768623352051
1994-06-21,5.5328850746154785
1994-06-22,5.581207275390625
1994-06-23,5.714090347290039
1994-06-24,5.665768623352051
1994-06-27,5.629528045654297
1994-06-28,5.641607284545898
1994-06-29,5.750333309173584
1994-06-30,5.689929962158203
1994-07-01,5.702009201049805
1994-07-05,5.67785120010376
1994-07-06,5.67785120010376
1994-07-07,5.653686046600342
1994-07-08,5.67785120010376
1994-07-11,5.653686046600342
1994-07-12,5.72617244720459
1994-07-13,5.834894180297852
1994-07-14,5.750333309173584
1994-07-15,5.689929962158203
1994-07-18,5.738249778747559
1994-07-19,5.702009201049805
1994-07-20,5.689929962158203
1994-07-21,5.689929962158203
1994-07-22,5.593287467956543
1994-07-25,5.581207275390625
1994-07-26,5.641607284545898
1994-07-27,5.67785120010376
1994-07-28,5.67785120010376
1994-07-29,5.689929962158203
1994-08-01,5.689929962158203
1994-08-02,5.67785120010376
1994-08-03,5.665768623352051
1994-08-04,5.67785120010376
1994-08-05,5.653686046600342
1994-08-08,5.641607284545898
1994-08-09,5.665768623352051
1994-08-10,5.665768623352051
1994-08-11,5.653686046600342
1994-08-12,5.665768623352051
1994-08-15,5.665768623352051
1994-08-16,5.702009201049805
1994-08-17,5.665768623352051
1994-08-18,5.665768623352051
1994-08-19,5.5570454597473145
1994-08-22,5.448318958282471
1994-08-23,5.448318958282471
1994-08-24,5.485701084136963
1994-08-25,5.570652484893799
1994-08-26,5.655612468719482
1994-08-29,5.6677470207214355
1994-08-30,5.655612468719482
1994-08-31,5.619203090667725
1994-09-01,5.497835159301758
1994-09-02,5.473562717437744
1994-09-06,5.473562717437744
1994-09-07,5.388607501983643
1994-09-08,5.388607501983643
1994-09-09,5.340062618255615
1994-09-12,5.3157877922058105
1994-09-13,5.388607501983643
1994-09-14,5.485701084136963
1994-09-15,5.5585198402404785
1994-09-16,5.522109031677246
1994-09-19,5.54638147354126
1994-09-20,5.509973049163818
1994-09-21,5.522109031677246
1994-09-22,5.570652484893799
1994-09-23,5.485701084136963
1994-09-26,5.497835159301758
1994-09-27,5.473562717437744
1994-09-28,5.461427688598633
1994-09-29,5.461427688598633
1994-09-30,5.522109031677246
1994-10-03,5.522109031677246
1994-10-04,5.437152862548828
1994-10-05,5.327922344207764
1994-10-06,5.3643341064453125
1994-10-07,5.340062618255615
1994-10-10,5.37647008895874
1994-10-11,5.485701084136963
1994-10-12,5.437152862548828
1994-10-13,5.461427688598633
1994-10-14,5.522109031677246
1994-10-17,5.522109031677246
1994-10-18,5.522109031677246
1994-10-19,5.497835159301758
1994-10-20,5.425014972686768
1994-10-21,5.412880897521973
1994-10-24,5.412880897521973
1994-10-25,5.437152862548828
1994-10-26,5.352199077606201
1994-10-27,5.412880897521973
1994-10-28,5.449290752410889
1994-10-31,5.388607501983643
1994-11-01,5.303651809692383
1994-11-02,5.291515350341797
1994-11-03,5.327922344207764
1994-11-04,5.3643341064453125
1994-11-07,5.425014972686768
1994-11-08,5.37647008895874
1994-11-09,5.327922344207764
1994-11-10,5.303651809692383
1994-11-11,5.267243385314941
1994-11-14,5.291515350341797
1994-11-15,5.255105495452881
1994-11-16,5.218694686889648
1994-11-17,5.206562042236328
1994-11-18,5.121604919433594
1994-11-21,5.049400806427002
1994-11-22,4.976218223571777
1994-11-23,4.927434921264648
1994-11-25,5.049400806427002
1994-11-28,5.037203788757324
1994-11-29,5.049400806427002
1994-11-30,4.988418102264404
1994-12-01,5.000613689422607
1994-12-02,4.976218223571777
1994-12-05,4.951827049255371
1994-12-06,4.939630031585693
1994-12-07,4.903039455413818
1994-12-08,4.903039455413818
1994-12-09,4.890842914581299
1994-12-12,4.939630031585693
1994-12-13,4.976218223571777
1994-12-14,5.073791980743408
1994-12-15,5.122577667236328
1994-12-16,5.122577667236328
1994-12-19,5.146975040435791
1994-12-20,5.085988521575928
1994-12-21,5.098187446594238
1994-12-22,5.159170627593994
1994-12-23,4.988418102264404
1994-12-27,5.098187446594238
1994-12-28,5.110384941101074
1994-12-29,5.073791980743408
1994-12-30,5.037203788757324
1995-01-03,5.146975040435791
1995-01-04,5.171366214752197
1995-01-05,5.171366214752197
1995-01-06,5.366513252258301
1995-01-09,5.415299415588379
1995-01-10,5.537263870239258
1995-01-11,5.561657428741455
1995-01-12,5.549461364746094
1995-01-13,5.500674724578857
1995-01-16,5.573856830596924
1995-01-17,5.586050987243652
1995-01-18,5.573856830596924
1995-01-19,5.683625221252441
1995-01-20,5.586050987243652
1995-01-23,5.598247528076172
1995-01-24,5.537263870239258
1995-01-25,5.659230709075928
1995-01-26,5.610447406768799
1995-01-27,5.647035121917725
1995-01-30,5.512875080108643
1995-01-31,5.549461364746094
1995-02-01,5.549461364746094
1995-02-02,5.537263870239258
1995-02-03,5.67142915725708
1995-02-06,5.695820331573486
1995-02-07,5.744607925415039
1995-02-08,5.8177876472473145
1995-02-09,5.769000053405762
1995-02-10,5.769000053405762
1995-02-13,5.80558967590332
1995-02-14,5.842183589935303
1995-02-15,5.878772735595703
1995-02-16,5.890966892242432
1995-02-17,5.903164863586426
1995-02-21,5.927554130554199
1995-02-22,5.940785884857178
1995-02-23,5.953032493591309
1995-02-24,5.891790866851807
1995-02-27,5.867295742034912
1995-02-28,5.830543041229248
1995-03-01,5.830543041229248
1995-03-02,5.8427934646606445
1995-03-03,5.80604887008667
1995-03-06,5.867295742034912
1995-03-07,5.793797492980957
1995-03-08,5.855043411254883
1995-03-09,5.830543041229248
1995-03-10,5.867295742034912
1995-03-13,5.818293571472168
1995-03-14,5.855043411254883
1995-03-15,5.8427934646606445
1995-03-16,5.891790866851807
1995-03-17,5.9285383224487305
1995-03-20,5.953032493591309
1995-03-21,5.977529525756836
1995-03-22,6.002029895782471
1995-03-23,6.002029895782471
1995-03-24,6.087775230407715
1995-03-27,6.14901876449585
1995-03-28,6.210264205932617
1995-03-29,6.418498992919922
1995-03-30,6.247010231018066
1995-03-31,6.345005989074707
1995-04-03,6.418498992919922
1995-04-04,6.516495227813721
1995-04-05,6.369503021240234
1995-04-06,6.369503021240234
1995-04-07,6.369503021240234
1995-04-10,6.320504665374756
1995-04-11,6.22251558303833
1995-04-12,6.198016166687012
1995-04-13,6.308255195617676
1995-04-17,6.283759117126465
1995-04-18,6.210264205932617
1995-04-19,6.271510124206543
1995-04-20,6.247010231018066
1995-04-21,6.271510124206543
1995-04-24,6.3572540283203125
1995-04-25,6.3572540283203125
1995-04-26,6.3572540283203125
1995-04-27,6.3817524909973145
1995-04-28,6.369503021240234
1995-05-01,6.467495441436768
1995-05-02,6.516495227813721
1995-05-03,6.540989398956299
1995-05-04,6.491991996765137
1995-05-05,6.504241943359375
1995-05-08,6.516495227813721
1995-05-09,6.5287394523620605
1995-05-10,6.516495227813721
1995-05-11,6.491991996765137
1995-05-12,6.516495227813721
1995-05-15,6.589987277984619
1995-05-16,6.687978744506836
1995-05-17,6.651230812072754
1995-05-18,6.602235794067383
1995-05-19,6.504241943359375
1995-05-22,6.542119979858398
1995-05-23,6.554418087005615
1995-05-24,6.542119979858398
1995-05-25,6.492927551269531
1995-05-26,6.382255554199219
1995-05-30,6.382255554199219
1995-05-31,6.456033706665039
1995-06-01,6.468334197998047
1995-06-02,6.443740367889404
1995-06-05,6.4806294441223145
1995-06-06,6.4806294441223145
1995-06-07,6.468334197998047
1995-06-08,6.468334197998047
1995-06-09,6.492927551269531
1995-06-12,6.566708087921143
1995-06-13,6.640495777130127
1995-06-14,6.701979637145996
1995-06-15,6.726576805114746
1995-06-16,6.812655448913574
1995-06-19,6.861844062805176
1995-06-20,6.984817028045654
1995-06-21,6.984817028045654
1995-06-22,7.046303749084473
1995-06-23,7.144676208496094
1995-06-26,7.144676208496094
1995-06-27,7.181574821472168
1995-06-28,7.144676208496094
1995-06-29,7.058599472045898
1995-06-30,7.156978607177734
1995-07-03,7.181574821472168
1995-07-05,7.193870544433594
1995-07-06,7.206164836883545
1995-07-07,7.2676496505737305
1995-07-10,7.45211124420166
1995-07-11,7.390624523162842
1995-07-12,7.439812660217285
1995-07-13,7.390624523162842
1995-07-14,7.316843032836914
1995-07-17,7.464408874511719
1995-07-18,7.5627827644348145
1995-07-19,7.464408874511719
1995-07-20,7.52589225769043
1995-07-21,7.575084209442139
1995-07-24,7.538193702697754
1995-07-25,7.599678039550781
1995-07-26,7.624274253845215
1995-07-27,7.611978054046631
1995-07-28,7.685758590698242
1995-07-31,7.784132957458496
1995-08-01,7.771836757659912
1995-08-02,7.722649097442627
1995-08-03,7.673459053039551
1995-08-04,7.710354328155518
1995-08-07,7.722649097442627
1995-08-08,7.698051452636719
1995-08-09,7.734951496124268
1995-08-10,7.734951496124268
1995-08-11,7.734951496124268
1995-08-14,7.784132957458496
1995-08-15,7.796432971954346
1995-08-16,7.8702192306518555
1995-08-17,7.833323001861572
1995-08-18,7.8702192306518555
1995-08-21,7.833323001861572
1995-08-22,8.030083656311035
1995-08-23,8.091565132141113
1995-08-24,8.116158485412598
1995-08-25,8.054670333862305
1995-08-28,7.89481258392334
1995-08-29,7.825685977935791
1995-08-30,7.838033676147461
1995-08-31,7.875059127807617
1995-09-01,7.912089824676514
1995-09-05,7.899747848510742
1995-09-06,7.998491287231445
1995-09-07,7.998491287231445
1995-09-08,7.94912052154541
1995-09-11,7.8874030113220215
1995-09-12,7.825685977935791
1995-09-13,7.825685977935791
1995-09-14,7.912089824676514
1995-09-15,7.9738054275512695
1995-09-18,8.097238540649414
1995-09-19,7.899747848510742
1995-09-20,7.800995349884033
1995-09-21,7.578817367553711
1995-09-22,7.455386638641357
1995-09-25,7.430703639984131
1995-09-26,7.282577991485596
1995-09-27,7.134458541870117
1995-09-28,7.38132381439209
1995-09-29,7.554133892059326
1995-10-02,7.455386638641357
1995-10-03,7.480073928833008
1995-10-04,7.356640338897705
1995-10-05,7.455386638641357
1995-10-06,7.455386638641357
1995-10-09,7.430703639984131
1995-10-10,7.3319501876831055
1995-10-11,7.430703639984131
1995-10-12,7.554133892059326
1995-10-13,7.628190040588379
1995-10-16,8.023185729980469
1995-10-17,8.023185729980469
1995-10-18,8.023185729980469
1995-10-19,7.94912052154541
1995-10-20,7.677566051483154
1995-10-23,7.7022504806518555
1995-10-24,7.6528801918029785
1995-10-25,7.356640338897705
1995-10-26,7.208521842956543
1995-10-27,7.4060139656066895
1995-10-30,7.726935386657715
1995-10-31,7.800995349884033
1995-11-01,7.628190040588379
1995-11-02,7.628190040588379
1995-11-03,7.776309490203857
1995-11-06,7.726935386657715
1995-11-07,7.628190040588379
1995-11-08,7.504761695861816
1995-11-09,7.677566051483154
1995-11-10,7.677566051483154
1995-11-13,7.6528801918029785
1995-11-14,7.554133892059326
1995-11-15,7.7022504806518555
1995-11-16,7.7022504806518555
1995-11-17,7.7022504806518555
1995-11-20,7.603514194488525
1995-11-21,7.628190040588379
1995-11-22,7.7516303062438965
1995-11-24,7.7070207595825195
1995-11-27,7.806147575378418
1995-11-28,7.731799125671387
1995-11-29,7.781364917755127
1995-11-30,7.7070207595825195
1995-12-01,7.607895851135254
1995-12-04,7.5087690353393555
1995-12-05,7.5087690353393555
1995-12-06,7.483982563018799
1995-12-07,7.5087690353393555
1995-12-08,7.409645080566406
1995-12-11,7.360080242156982
1995-12-12,7.260953903198242
1995-12-13,7.186611175537109
1995-12-14,7.186611175537109
1995-12-15,7.186611175537109
1995-12-18,7.112268447875977
1995-12-19,7.186611175537109
1995-12-20,7.137048244476318
1995-12-21,7.285731792449951
1995-12-22,7.161829471588135
1995-12-26,7.236175537109375
1995-12-27,7.285731792449951
1995-12-28,7.335302352905273
1995-12-29,7.31051778793335
1996-01-02,7.31051778793335
1996-01-03,7.459208011627197
1996-01-04,7.384860515594482
1996-01-05,7.384860515594482
1996-01-08,7.409645080566406
1996-01-09,7.360080242156982
1996-01-10,7.607895851135254
1996-01-11,7.682241439819336
1996-01-12,7.657456874847412
1996-01-15,7.7070207595825195
1996-01-16,7.806147575378418
1996-01-17,7.930052280426025
1996-01-18,8.326557159423828
1996-01-19,8.301775932312012
1996-01-22,8.177864074707031
1996-01-23,8.202648162841797
1996-01-24,8.227428436279297
1996-01-25,8.301775932312012
1996-01-26,8.425679206848145
1996-01-29,8.326557159423828
1996-01-30,8.599150657653809
1996-01-31,9.045218467712402
1996-02-01,8.871746063232422
1996-02-02,8.921307563781738
1996-02-05,8.995651245117188
1996-02-06,9.169127464294434
1996-02-07,9.342592239379883
1996-02-08,9.293031692504883
1996-02-09,9.392156600952148
1996-02-12,9.466500282287598
1996-02-13,9.540846824645996
1996-02-14,9.441717147827148
1996-02-15,9.3178129196167
1996-02-16,9.119563102722168
1996-02-20,9.342592239379883
1996-02-21,9.56562328338623
1996-02-22,9.71431827545166
1996-02-23,9.49128246307373
1996-02-26,9.367379188537598
1996-02-27,9.17346477508545
1996-02-28,8.974583625793457
1996-02-29,8.850279808044434
1996-03-01,9.123745918273926
1996-03-04,9.07402515411377
1996-03-05,8.949718475341797
1996-03-06,8.900001525878906
1996-03-07,8.825424194335938
1996-03-08,8.62653923034668
1996-03-11,9.248043060302734
1996-03-12,9.024300575256348
1996-03-13,8.900001525878906
1996-03-14,9.098883628845215
1996-03-15,9.446929931640625
1996-03-18,9.79497241973877
1996-03-19,9.695538520812988
1996-03-20,9.47178840637207
1996-03-21,9.347489356994629
1996-03-22,9.47178840637207
1996-03-25,9.372346878051758
1996-03-26,9.372346878051758
1996-03-27,9.272905349731445
1996-03-28,9.3226318359375
1996-03-29,9.098883628845215
1996-04-01,9.17346477508545
1996-04-02,9.098883628845215
1996-04-03,8.900001525878906
1996-04-04,9.049162864685059
1996-04-08,8.900001525878906
1996-04-09,8.900001525878906
1996-04-10,8.999444007873535
1996-04-11,8.825424194335938
1996-04-12,8.72597599029541
1996-04-15,9.148603439331055
1996-04-16,9.571229934692383
1996-04-17,9.546371459960938
1996-04-18,9.571229934692383
1996-04-19,9.77011489868164
1996-04-22,9.919276237487793
1996-04-23,9.919276237487793
1996-04-24,10.192737579345703
1996-04-25,10.54078197479248
1996-04-26,10.366761207580566
1996-04-29,10.043577194213867
1996-04-30,10.242463111877441
1996-05-01,10.143019676208496
1996-05-02,9.993849754333496
1996-05-03,9.993849754333496
1996-05-06,9.745256423950195
1996-05-07,9.571229934692383
1996-05-08,9.645811080932617
1996-05-09,9.521510124206543
1996-05-10,9.571229934692383
1996-05-13,9.869551658630371
1996-05-14,9.944138526916504
1996-05-15,10.018717765808105
1996-05-16,9.745256423950195
1996-05-17,9.695538520812988
1996-05-20,9.844694137573242
1996-05-21,9.819831848144531
1996-05-22,9.89441204071045
1996-05-23,9.571229934692383
1996-05-24,9.496650695800781
1996-05-28,9.422069549560547
1996-05-29,9.501873016357422
1996-05-30,9.501873016357422
1996-05-31,9.476937294006348
1996-06-03,9.501873016357422
1996-06-04,9.57669448852539
1996-06-05,9.6016263961792
1996-06-06,9.427058219909668
1996-06-07,9.451996803283691
1996-06-10,9.402115821838379
1996-06-11,9.252480506896973
1996-06-12,9.202600479125977
1996-06-13,9.003087043762207
1996-06-14,9.152725219726562
1996-06-17,9.12778377532959
1996-06-18,9.12778377532959
1996-06-19,9.227542877197266
1996-06-20,9.202600479125977
1996-06-21,9.327301979064941
1996-06-24,9.302361488342285
1996-06-25,9.327301979064941
1996-06-26,9.252480506896973
1996-06-27,9.12778377532959
1996-06-28,9.177661895751953
1996-07-01,9.27741813659668
1996-07-02,9.152725219726562
1996-07-03,9.202600479125977
1996-07-05,9.028027534484863
1996-07-08,8.878393173217773
1996-07-09,8.978144645690918
1996-07-10,9.003087043762207
1996-07-11,8.878393173217773
1996-07-12,8.828511238098145
1996-07-15,8.579121589660645
1996-07-16,8.504302978515625
1996-07-17,8.354667663574219
1996-07-18,8.653937339782715
1996-07-19,8.579121589660645
1996-07-22,8.404542922973633
1996-07-23,8.25490951538086
1996-07-24,8.379607200622559
1996-07-25,8.67888069152832
1996-07-26,8.454424858093262
1996-07-29,8.6040620803833
1996-07-30,8.629005432128906
1996-07-31,8.554181098937988
1996-08-01,8.70382022857666
1996-08-02,8.95320987701416
1996-08-05,8.95320987701416
1996-08-06,9.028027534484863
1996-08-07,8.90333080291748
1996-08-08,8.90333080291748
1996-08-09,8.92827320098877
1996-08-12,8.90333080291748
1996-08-13,8.90333080291748
1996-08-14,8.8534574508667
1996-08-15,8.778636932373047
1996-08-16,8.70382022857666
1996-08-19,8.778636932373047
1996-08-20,8.653937339782715
1996-08-21,9.27741813659668
1996-08-22,9.177661895751953
1996-08-23,9.077906608581543
1996-08-26,9.003087043762207
1996-08-27,9.077906608581543
1996-08-28,9.01181411743164
1996-08-29,8.98678970336914
1996-08-30,8.786521911621094
1996-09-03,8.686391830444336
1996-09-04,8.711430549621582
1996-09-05,8.561230659484863
1996-09-06,8.385998725891113
1996-09-09,8.611297607421875
1996-09-10,8.536194801330566
1996-09-11,8.611297607421875
1996-09-12,8.586264610290527
1996-09-13,8.836589813232422
1996-09-16,9.136984825134277
1996-09-17,9.136984825134277
1996-09-18,9.136984825134277
1996-09-19,9.061885833740234
1996-09-20,9.01181411743164
1996-09-23,8.98678970336914
1996-09-24,9.262150764465332
1996-09-25,9.237115859985352
1996-09-26,9.412343978881836
1996-09-27,9.537508010864258
1996-09-30,9.562543869018555
1996-10-01,9.537508010864258
1996-10-02,9.537508010864258
1996-10-03,9.66266918182373
1996-10-04,9.963065147399902
1996-10-07,10.363595008850098
1996-10-08,10.113265991210938
1996-10-09,10.038166046142578
1996-10-10,9.913002014160156
1996-10-11,10.013134002685547
1996-10-14,9.988101959228516
1996-10-15,10.113265991210938
1996-10-16,10.163331985473633
1996-10-17,10.263463020324707
1996-10-18,10.563857078552246
1996-10-21,10.513784408569336
1996-10-22,10.513784408569336
1996-10-23,10.513784408569336
1996-10-24,10.463726043701172
1996-10-25,10.413658142089844
1996-10-28,10.288493156433105
1996-10-29,10.113265991210938
1996-10-30,10.188361167907715
1996-10-31,10.288493156433105
1996-11-01,10.213397026062012
1996-11-04,10.238431930541992
1996-11-05,10.388628005981445
1996-11-06,10.33856201171875
1996-11-07,10.363595008850098
1996-11-08,10.413658142089844
1996-11-11,10.513784408569336
1996-11-12,10.538824081420898
1996-11-13,10.563857078552246
1996-11-14,10.463726043701172
1996-11-15,10.513784408569336
1996-11-18,10.488760948181152
1996-11-19,10.463726043701172
1996-11-20,10.764122009277344
1996-11-21,10.563857078552246
1996-11-22,10.739089965820312
1996-11-25,10.989410400390625
1996-11-26,10.847795486450195
1996-11-27,10.772459030151367
1996-11-29,10.722233772277832
1996-12-02,10.697123527526855
1996-12-03,10.571571350097656
1996-12-04,10.471129417419434
1996-12-05,10.546463012695312
1996-12-06,10.521354675292969
1996-12-09,10.697123527526855
1996-12-10,10.571571350097656
1996-12-11,10.395797729492188
1996-12-12,10.019144058227539
1996-12-13,10.069361686706543
1996-12-16,9.76803207397461
1996-12-17,9.69270133972168
1996-12-18,9.918692588806152
1996-12-19,10.044251441955566
1996-12-20,9.994028091430664
1996-12-23,9.943807601928711
1996-12-24,9.968915939331055
1996-12-26,10.169803619384766
1996-12-27,10.144698143005371
1996-12-30,10.144698143005371
1996-12-31,10.144698143005371
1997-01-02,9.994028091430664
1997-01-03,10.069361686706543
1997-01-06,9.943807601928711
1997-01-07,9.793140411376953
1997-01-08,9.818252563476562
1997-01-09,9.994028091430664
1997-01-10,10.270246505737305
1997-01-13,10.220027923583984
1997-01-14,10.245134353637695
1997-01-15,10.069361686706543
1997-01-16,10.194913864135742
1997-01-17,10.11958122253418
1997-01-20,10.094468116760254
1997-01-21,10.044251441955566
1997-01-22,10.019144058227539
1997-01-23,10.069361686706543
1997-01-24,10.044251441955566
1997-01-27,9.918692588806152
1997-01-28,9.793140411376953
1997-01-29,9.84337043762207
1997-01-30,9.918692588806152
1997-01-31,9.943807601928711
1997-02-03,9.89358901977539
1997-02-04,9.994028091430664
1997-02-05,9.89358901977539
1997-02-06,9.994028091430664
1997-02-07,10.069361686706543
1997-02-10,9.918692588806152
1997-02-11,9.943807601928711
1997-02-12,10.220027923583984
1997-02-13,10.270246505737305
1997-02-14,10.320464134216309
1997-02-18,10.471129417419434
1997-02-19,10.220027923583984
1997-02-20,10.245134353637695
1997-02-21,10.169803619384766
1997-02-24,10.270246505737305
1997-02-25,10.194913864135742
1997-02-26,10.229178428649902
1997-02-27,10.153593063354492
1997-02-28,10.002423286437988
1997-03-03,10.027616500854492
1997-03-04,10.153593063354492
1997-03-05,10.128399848937988
1997-03-06,10.128399848937988
1997-03-07,10.078011512756348
1997-03-10,10.40554428100586
1997-03-11,10.68268871307373
1997-03-12,10.758267402648926
1997-03-13,10.657488822937012
1997-03-14,10.733078002929688
1997-03-17,10.934639930725098
1997-03-18,10.733078002929688
1997-03-19,10.707884788513184
1997-03-20,10.68268871307373
1997-03-21,10.50632381439209
1997-03-24,10.833861351013184
1997-03-25,10.833861351013184
1997-03-26,10.783467292785645
1997-03-27,10.657488822937012
1997-03-31,10.581908226013184
1997-04-01,10.60710334777832
1997-04-02,10.581908226013184
1997-04-03,10.531516075134277
1997-04-04,10.783467292785645
1997-04-07,10.959839820861816
1997-04-08,10.934639930725098
1997-04-09,11.060613632202148
1997-04-10,11.111006736755371
1997-04-11,11.01022720336914
1997-04-14,10.783467292785645
1997-04-15,10.733078002929688
1997-04-16,10.859058380126953
1997-04-17,10.884255409240723
1997-04-18,10.959839820861816
1997-04-21,10.758267402648926
1997-04-22,10.808660507202148
1997-04-23,10.733078002929688
1997-04-24,10.783467292785645
1997-04-25,10.581908226013184
1997-04-28,10.707884788513184
1997-04-29,10.657488822937012
1997-04-30,10.68268871307373
1997-05-01,10.733078002929688
1997-05-02,10.909448623657227
1997-05-05,11.136201858520508
1997-05-06,11.161399841308594
1997-05-07,10.833861351013184
1997-05-08,10.783467292785645
1997-05-09,10.808660507202148
1997-05-12,11.085809707641602
1997-05-13,11.060613632202148
1997-05-14,11.060613632202148
1997-05-15,11.136201858520508
1997-05-16,11.085809707641602
1997-05-19,11.211783409118652
1997-05-20,11.111006736755371
1997-05-21,11.085809707641602
1997-05-22,11.085809707641602
1997-05-23,11.1865873336792
1997-05-27,11.388155937194824
1997-05-28,11.447790145874023
1997-05-29,11.624688148498535
1997-05-30,11.599420547485352
1997-06-02,11.599420547485352
1997-06-03,11.649959564208984
1997-06-04,11.82685661315918
1997-06-05,11.877401351928711
1997-06-06,11.978485107421875
1997-06-09,12.00374698638916
1997-06-10,12.054302215576172
1997-06-11,12.054302215576172
1997-06-12,12.281729698181152
1997-06-13,12.281729698181152
1997-06-16,12.02902603149414
1997-06-17,12.054302215576172
1997-06-18,12.256460189819336
1997-06-19,12.382819175720215
1997-06-20,12.559711456298828
1997-06-23,12.534443855285645
1997-06-24,12.81242561340332
1997-06-25,12.54708480834961
1997-06-26,12.622895240783691
1997-06-27,12.635531425476074
1997-06-30,12.45862865447998
1997-07-01,12.635531425476074
1997-07-02,13.090411186218262
1997-07-03,12.913516998291016
1997-07-07,12.875605583190918
1997-07-08,12.90087604522705
1997-07-09,12.622895240783691
1997-07-10,12.787161827087402
1997-07-11,12.825065612792969
1997-07-14,12.774519920349121
1997-07-15,13.659001350402832
1997-07-16,13.798003196716309
1997-07-17,13.87381362915039
1997-07-18,13.823271751403809
1997-07-21,13.835904121398926
1997-07-22,14.101259231567383
1997-07-23,14.177062034606934
1997-07-24,14.46768569946289
1997-07-25,14.644575119018555
1997-07-28,14.366602897644043
1997-07-29,14.682488441467285
1997-07-30,14.657214164733887
1997-07-31,14.42977523803711
1997-08-01,14.341320037841797
1997-08-04,14.278145790100098
1997-08-05,14.442418098449707
1997-08-06,14.518223762512207
1997-08-07,14.46768569946289
1997-08-08,14.113889694213867
1997-08-11,14.139161109924316
1997-08-12,14.012807846069336
1997-08-13,14.025431632995605
1997-08-14,14.139161109924316
1997-08-15,14.1265230178833
1997-08-18,14.101259231567383
1997-08-19,14.151795387268066
1997-08-20,14.41713809967041
1997-08-21,14.303418159484863
1997-08-22,14.379233360290527
1997-08-25,14.556130409240723
1997-08-26,14.265510559082031
1997-08-27,14.151995658874512
1997-08-28,13.835247993469238
1997-08-29,13.999958038330078
1997-09-02,14.012630462646484
1997-09-03,14.177331924438477
1997-09-04,13.987284660339355
1997-09-05,13.936610221862793
1997-09-08,13.86059856414795
1997-09-09,13.809921264648438
1997-09-10,13.543851852416992
1997-09-11,13.303133964538574
1997-09-12,13.543851852416992
1997-09-15,13.442492485046387
1997-09-16,13.556511878967285
1997-09-17,13.670543670654297
1997-09-18,13.581856727600098
1997-09-19,13.581856727600098
1997-09-22,13.556511878967285
1997-09-23,13.632534980773926
1997-09-24,13.50583553314209
1997-09-25,13.366479873657227
1997-09-26,13.417162895202637
1997-09-29,13.353802680969238
1997-09-30,13.75924015045166
1997-10-01,13.771907806396484
1997-10-02,13.797246932983398
1997-10-03,13.885930061340332
1997-10-06,13.923934936523438
1997-10-07,14.113977432250977
1997-10-08,14.03796672821045
1997-10-09,14.405389785766602
1997-10-10,14.177331924438477
1997-10-13,14.139318466186523
1997-10-14,14.063302993774414
1997-10-15,14.380047798156738
1997-10-16,14.392711639404297
1997-10-17,14.113977432250977
1997-10-20,14.164661407470703
1997-10-21,14.570083618164062
1997-10-22,14.608102798461914
1997-10-23,14.405389785766602
1997-10-24,14.456063270568848
1997-10-27,13.86059856414795
1997-10-28,13.822577476501465
1997-10-29,13.68321704864502
1997-10-30,13.480507850646973
1997-10-31,13.68321704864502
1997-11-03,13.847920417785645
1997-11-04,14.03796672821045
1997-11-05,13.961949348449707
1997-11-06,14.05063247680664
1997-11-07,13.746565818786621
1997-11-10,13.543851852416992
1997-11-11,13.391814231872559
1997-11-12,13.379146575927734
1997-11-13,13.391814231872559
1997-11-14,13.746565818786621
1997-11-17,13.987284660339355
1997-11-18,13.68321704864502
1997-11-19,13.645204544067383
1997-11-20,13.733896255493164
1997-11-21,13.771907806396484
1997-11-24,13.594533920288086
1997-11-25,13.607742309570312
1997-11-26,13.696681022644043
1997-11-28,13.63315486907959
1997-12-01,13.811037063598633
1997-12-02,14.05243968963623
1997-12-03,13.823738098144531
1997-12-04,13.79832649230957
1997-12-05,14.09054946899414
1997-12-08,14.077858924865723
1997-12-09,14.1795015335083
1997-12-10,13.963505744934082
1997-12-11,13.925387382507324
1997-12-12,13.912672996520996
1997-12-15,14.05243968963623
1997-12-16,13.87456226348877
1997-12-17,14.1795015335083
1997-12-18,14.027026176452637
1997-12-19,13.925387382507324
1997-12-22,13.976203918457031
1997-12-23,14.05243968963623
1997-12-24,13.976203918457031
1997-12-26,14.077858924865723
1997-12-29,14.30655574798584
1997-12-30,14.560664176940918
1997-12-31,14.687726020812988
1998-01-02,14.586079597473145
1998-01-05,14.662313461303711
1998-01-06,14.662313461303711
1998-01-07,14.331965446472168
1998-01-08,14.1795015335083
1998-01-09,13.849149703979492
1998-01-12,13.925387382507324
1998-01-13,13.849149703979492
1998-01-14,14.331965446472168
1998-01-15,14.12867259979248
1998-01-16,14.027026176452637
1998-01-20,14.35737133026123
1998-01-21,14.382781028747559
1998-01-22,13.747502326965332
1998-01-23,13.87456226348877
1998-01-26,13.722090721130371
1998-01-27,13.417162895202637
1998-01-28,13.544210433959961
1998-01-29,14.001616477966309
1998-01-30,13.849149703979492
1998-02-02,14.382781028747559
1998-02-03,14.35737133026123
1998-02-04,14.30655574798584
1998-02-05,14.255736351013184
1998-02-06,14.30655574798584
1998-02-09,14.586079597473145
1998-02-10,15.195951461791992
1998-02-11,14.891021728515625
1998-02-12,14.840194702148438
1998-02-13,14.763959884643555
1998-02-17,14.713133811950684
1998-02-18,15.323004722595215
1998-02-19,15.323004722595215
1998-02-20,15.170544624328613
1998-02-23,15.043478012084961
1998-02-24,15.018070220947266
1998-02-25,15.286079406738281
1998-02-26,15.973962783813477
1998-02-27,15.744674682617188
1998-03-02,15.566330909729004
1998-03-03,15.566330909729004
1998-03-04,15.668241500854492
1998-03-05,15.617297172546387
1998-03-06,16.07586669921875
1998-03-09,15.770137786865234
1998-03-10,15.897528648376465
1998-03-11,15.693720817565918
1998-03-12,15.286079406738281
1998-03-13,15.515379905700684
1998-03-16,15.540850639343262
1998-03-17,15.438948631286621
1998-03-18,15.362513542175293
1998-03-19,15.438948631286621
1998-03-20,15.591805458068848
1998-03-23,15.566330909729004
1998-03-24,15.540850639343262
1998-03-25,15.540850639343262
1998-03-26,15.38800048828125
1998-03-27,15.33703899383545
1998-03-30,15.362513542175293
1998-03-31,15.48989486694336
1998-04-01,15.362513542175293
1998-04-02,15.540850639343262
1998-04-03,15.286079406738281
1998-04-06,15.107749938964844
1998-04-07,15.005839347839355
1998-04-08,14.980371475219727
1998-04-09,14.674635887145996
1998-04-13,14.852984428405762
1998-04-14,15.235136985778809
1998-04-15,15.591805458068848
1998-04-16,15.846577644348145
1998-04-17,16.050382614135742
1998-04-20,16.228727340698242
1998-04-21,16.228727340698242
1998-04-22,16.177766799926758
1998-04-23,16.050382614135742
1998-04-24,15.999443054199219
1998-04-27,15.897528648376465
1998-04-28,16.0249080657959
1998-04-29,16.050382614135742
1998-04-30,16.101350784301758
1998-05-01,15.999443054199219
1998-05-04,15.973962783813477
1998-05-05,16.101350784301758
1998-05-06,15.999443054199219
1998-05-07,15.897528648376465
1998-05-08,15.973962783813477
1998-05-11,16.15229606628418
1998-05-12,16.101350784301758
1998-05-13,16.07586669921875
1998-05-14,16.07586669921875
1998-05-15,15.923003196716309
1998-05-18,15.821104049682617
1998-05-19,15.897528648376465
1998-05-20,15.642767906188965
1998-05-21,15.71918773651123
1998-05-22,15.872052192687988
1998-05-26,15.591805458068848
1998-05-27,15.043204307556152
1998-05-28,15.273065567016602
1998-05-29,15.324141502380371
1998-06-01,14.966580390930176
1998-06-02,15.11982250213623
1998-06-03,15.170906066894531
1998-06-04,15.273065567016602
1998-06-05,15.221978187561035
1998-06-08,15.11982250213623
1998-06-09,15.068737030029297
1998-06-10,14.915501594543457
1998-06-11,14.787798881530762
1998-06-12,14.83888053894043
1998-06-15,14.58348274230957
1998-06-16,14.557927131652832
1998-06-17,14.941038131713867
1998-06-18,14.966580390930176
1998-06-19,14.787798881530762
1998-06-22,14.83888053894043
1998-06-23,14.557927131652832
1998-06-24,14.83888053894043
1998-06-25,14.302533149719238
1998-06-26,13.970514297485352
1998-06-29,14.072678565979004
1998-06-30,13.99605655670166
1998-07-01,14.276993751525879
1998-07-02,14.328080177307129
1998-07-06,13.99605655670166
1998-07-07,14.098214149475098
1998-07-08,14.200369834899902
1998-07-09,13.893891334533691
1998-07-10,13.766192436218262
1998-07-13,13.485252380371094
1998-07-14,13.536331176757812
1998-07-15,13.127687454223633
1998-07-16,13.434173583984375
1998-07-17,13.868350982666016
1998-07-20,14.047131538391113
1998-07-21,13.6384916305542
1998-07-22,13.715106964111328
1998-07-23,13.178762435913086
1998-07-24,12.999979972839355
1998-07-27,12.795661926269531
1998-07-28,12.463634490966797
1998-07-29,12.335935592651367
1998-07-30,12.259313583374023
1998-07-31,11.876220703125
1998-08-03,11.774055480957031
1998-08-04,11.058926582336426
1998-08-05,11.595271110534668
1998-08-06,11.314324378967285
1998-08-07,11.493107795715332
1998-08-10,11.110008239746094
1998-08-11,11.084466934204102
1998-08-12,11.263245582580566
1998-08-13,11.365413665771484
1998-08-14,11.442026138305664
1998-08-17,12.054993629455566
1998-08-18,12.208234786987305
1998-08-19,12.540263175964355
1998-08-20,12.565793991088867
1998-08-21,12.208234786987305
1998-08-24,12.233779907226562
1998-08-25,12.59133529663086
1998-08-26,12.540263175964355
1998-08-27,12.198892593383789
1998-08-28,11.86573314666748
1998-08-31,11.173775672912598
1998-09-01,11.045639991760254
1998-09-02,10.866241455078125
1998-09-03,10.66122055053711
1998-09-04,10.763729095458984
1998-09-08,11.455686569213867
1998-09-09,11.430060386657715
1998-09-10,10.635592460632324
1998-09-11,11.301911354064941
1998-09-14,11.737591743469238
1998-09-15,11.68634033203125
1998-09-16,11.89135456085205
1998-09-17,11.968246459960938
1998-09-18,12.019503593444824
1998-09-21,11.635076522827148
1998-09-22,11.711971282958984
1998-09-23,11.84010124206543
1998-09-24,11.84010124206543
1998-09-25,11.89135456085205
1998-09-28,11.993871688842773
1998-09-29,12.73708724975586
1998-09-30,12.660199165344238
1998-10-01,11.916990280151367
1998-10-02,11.86573314666748
1998-10-05,11.506940841674805
1998-10-06,11.506940841674805
1998-10-07,11.455686569213867
1998-10-08,11.225031852722168
1998-10-09,11.86573314666748
1998-10-12,12.711455345153809
1998-10-13,12.711455345153809
1998-10-14,11.737591743469238
1998-10-15,12.275778770446777
1998-10-16,12.301409721374512
1998-10-19,12.096383094787598
1998-10-20,12.352664947509766
1998-10-21,12.634568214416504
1998-10-22,13.224013328552246
1998-10-23,12.96773624420166
1998-10-26,12.762707710266113
1998-10-27,12.73708724975586
1998-10-28,12.506426811218262
1998-10-29,12.403916358947754
1998-10-30,13.018986701965332
1998-11-02,13.531551361083984
1998-11-03,13.941593170166016
1998-11-04,13.71094036102295
1998-11-05,14.249120712280273
1998-11-06,14.146618843078613
1998-11-09,13.50592041015625
1998-11-10,13.55717945098877
1998-11-11,13.71094036102295
1998-11-12,13.915966987609863
1998-11-13,13.890337944030762
1998-11-16,13.967216491699219
1998-11-17,13.50592041015625
1998-11-18,13.608431816101074
1998-11-19,13.454663276672363
1998-11-20,13.634053230285645
1998-11-23,14.249120712280273
1998-11-24,14.65917682647705
1998-11-25,14.5995454788208
1998-11-27,14.5995454788208
1998-11-30,14.65095043182373
1998-12-01,14.728057861328125
1998-12-02,14.316814422607422
1998-12-03,14.316814422607422
1998-12-04,14.393915176391602
1998-12-07,14.445328712463379
1998-12-08,14.162588119506836
1998-12-09,14.342510223388672
1998-12-10,14.291094779968262
1998-12-11,14.265408515930176
1998-12-14,14.213995933532715
1998-12-15,13.494295120239258
1998-12-16,13.725635528564453
1998-12-17,13.648515701293945
1998-12-18,13.365784645080566
1998-12-21,13.622818946838379
1998-12-22,14.034067153930664
1998-12-23,14.188289642333984
1998-12-24,14.188289642333984
1998-12-28,14.239700317382812
1998-12-29,14.5995454788208
1998-12-30,14.676667213439941
1998-12-31,15.062209129333496
1999-01-04,14.882278442382812
1999-01-05,14.959399223327637
1999-01-06,15.0108003616333
1999-01-07,14.625248908996582
1999-01-08,14.548144340515137
1999-01-11,14.522438049316406
1999-01-12,14.368216514587402
1999-01-13,13.905550956726074
1999-01-14,13.82844352722168
1999-01-15,14.213995933532715
1999-01-19,14.008358001708984
1999-01-20,13.777030944824219
1999-01-21,13.571409225463867
1999-01-22,13.160152435302734
1999-01-25,12.80030345916748
1999-01-26,13.031638145446777
1999-01-27,12.646085739135742
1999-01-28,12.1320161819458
1999-01-29,12.774606704711914
1999-02-01,12.774606704711914
1999-02-02,12.414756774902344
1999-02-03,12.594673156738281
1999-02-04,12.62038516998291
1999-02-05,12.877415657043457
1999-02-08,12.954524993896484
1999-02-09,12.954524993896484
1999-02-10,13.185853004455566
1999-02-11,13.391481399536133
1999-02-12,13.005935668945312
1999-02-16,13.108743667602539
1999-02-17,13.108743667602539
1999-02-18,13.211563110351562
1999-02-19,13.237265586853027
1999-02-22,13.751326560974121
1999-02-23,13.854143142700195
1999-02-24,13.931260108947754
1999-02-25,13.768305778503418
1999-02-26,14.026140213012695
1999-03-01,14.077702522277832
1999-03-02,14.103487968444824
1999-03-03,14.103487968444824
1999-03-04,14.232403755187988
1999-03-05,14.387100219726562
1999-03-08,14.593374252319336
1999-03-09,14.335532188415527
1999-03-10,14.41288948059082
1999-03-11,14.670722007751465
1999-03-12,14.309759140014648
1999-03-15,14.567590713500977
1999-03-16,14.25819206237793
1999-03-17,14.051913261413574
1999-03-18,14.103487968444824
1999-03-19,14.000359535217285
1999-03-22,14.000359535217285
1999-03-23,13.587821006774902
1999-03-24,13.639389038085938
1999-03-25,13.613608360290527
1999-03-26,13.665173530578613
1999-03-29,13.742521286010742
1999-03-30,13.587821006774902
1999-03-31,13.56203556060791
1999-04-01,13.613608360290527
1999-04-05,13.716731071472168
1999-04-06,13.845654487609863
1999-04-07,13.897221565246582
1999-04-08,13.819870948791504
1999-04-09,13.819870948791504
1999-04-12,13.381555557250977
1999-04-13,13.278427124023438
1999-04-14,13.897221565246582
1999-04-15,14.567590713500977
1999-04-16,14.954336166381836
1999-04-19,15.521570205688477
1999-04-20,15.366867065429688
1999-04-21,15.676275253295898
1999-04-22,15.650492668151855
1999-04-23,15.573141098022461
1999-04-26,15.676275253295898
1999-04-27,14.980119705200195
1999-04-28,15.70205307006836
1999-04-29,15.366867065429688
1999-04-30,15.237959861755371
1999-05-03,15.753622055053711
1999-05-04,15.70205307006836
1999-05-05,15.753622055053711
1999-05-06,16.088804244995117
1999-05-07,16.243513107299805
1999-05-10,16.088804244995117
1999-05-11,16.011455535888672
1999-05-12,16.011455535888672
1999-05-13,15.650492668151855
1999-05-14,15.47000789642334
1999-05-17,15.341085433959961
1999-05-18,14.82542896270752
1999-05-19,15.366867065429688
1999-05-20,15.444222450256348
1999-05-21,15.85676097869873
1999-05-24,15.598919868469238
1999-05-25,15.444222450256348
1999-05-26,15.823781967163086
1999-05-27,15.254947662353516
1999-05-28,15.59107780456543
1999-06-01,15.772069931030273
1999-06-02,15.823781967163086
1999-06-03,15.642793655395508
1999-06-04,16.18577003479004
1999-06-07,16.004779815673828
1999-06-08,16.056495666503906
1999-06-09,16.056495666503906
1999-06-10,15.694507598876953
1999-06-11,16.108205795288086
1999-06-14,16.728736877441406
1999-06-15,16.651168823242188
1999-06-16,16.44432830810547
1999-06-17,16.366758346557617
1999-06-18,16.573610305786133
1999-06-21,16.237472534179688
1999-06-22,16.21162223815918
1999-06-23,16.18577003479004
1999-06-24,15.978923797607422
1999-06-25,15.642793655395508
1999-06-28,15.642793655395508
1999-06-29,16.004779815673828
1999-06-30,14.479279518127441
1999-07-01,15.797926902770996
1999-07-02,15.668661117553711
1999-07-06,15.694507598876953
1999-07-07,15.797926902770996
1999-07-08,15.565226554870605
1999-07-09,16.134056091308594
1999-07-12,16.082345962524414
1999-07-13,16.237472534179688
1999-07-14,16.159908294677734
1999-07-15,16.547761917114258
1999-07-16,16.599454879760742
1999-07-19,16.9873104095459
1999-07-20,17.01315689086914
1999-07-21,17.32341766357422
1999-07-22,17.37514305114746
1999-07-23,17.245853424072266
1999-07-26,17.400997161865234
1999-07-27,17.42684555053711
1999-07-28,17.090726852416992
1999-07-29,16.806303024291992
1999-07-30,16.34090805053711
1999-08-02,15.927210807800293
1999-08-03,15.849640846252441
1999-08-04,16.134056091308594
1999-08-05,16.108205795288086
1999-08-06,16.134056091308594
1999-08-09,16.004779815673828
1999-08-10,16.03063201904297
1999-08-11,16.237472534179688
1999-08-12,16.34090805053711
1999-08-13,16.547761917114258
1999-08-16,16.728736877441406
1999-08-17,16.935590744018555
1999-08-18,16.599454879760742
1999-08-19,16.573610305786133
1999-08-20,16.9873104095459
1999-08-23,17.245853424072266
1999-08-24,17.090726852416992
1999-08-25,16.858016967773438
1999-08-26,16.52188491821289
1999-08-27,16.43994903564453
1999-08-30,16.05100440979004
1999-08-31,16.05100440979004
1999-09-01,16.336238861083984
1999-09-02,16.258440017700195
1999-09-03,16.56960105895996
1999-09-07,16.647397994995117
1999-09-08,16.9845027923584
1999-09-09,16.777053833007812
1999-09-10,16.958566665649414
1999-09-13,16.90670394897461
1999-09-14,16.854846954345703
1999-09-15,16.388090133666992
1999-09-16,16.54367446899414
1999-09-17,16.880760192871094
1999-09-20,16.828899383544922
1999-09-21,16.6733341217041
1999-09-22,16.49181365966797
1999-09-23,16.1287841796875
1999-09-24,16.310300827026367
1999-09-27,16.1287841796875
1999-09-28,16.10286521911621
1999-09-29,16.56960105895996
1999-09-30,16.958566665649414
1999-10-01,16.699260711669922
1999-10-04,17.03635597229004
1999-10-05,16.93263053894043
1999-10-06,16.9845027923584
1999-10-07,17.114147186279297
1999-10-08,17.088218688964844
1999-10-11,16.958566665649414
1999-10-12,16.621471405029297
1999-10-13,15.973207473754883
1999-10-14,15.81762981414795
1999-10-15,16.56960105895996
1999-10-18,16.54367446899414
1999-10-19,16.206586837768555
1999-10-20,16.93263053894043
1999-10-21,17.088218688964844
1999-10-22,17.68461799621582
1999-10-25,17.451248168945312
1999-10-26,17.347524642944336
1999-10-27,17.4771785736084
1999-10-28,17.554956436157227
1999-10-29,17.658687591552734
1999-11-01,17.42530632019043
1999-11-02,17.866130828857422
1999-11-03,18.047649383544922
1999-11-04,17.995784759521484
1999-11-05,18.203229904174805
1999-11-08,18.047649383544922
1999-11-09,18.203229904174805
1999-11-10,18.59218978881836
1999-11-11,18.566253662109375
1999-11-12,18.35881233215332
1999-11-15,18.48845863342285
1999-11-16,18.48845863342285
1999-11-17,18.48845863342285
1999-11-18,18.255094528198242
1999-11-19,18.021711349487305
1999-11-22,17.866130828857422
1999-11-23,17.606836318969727
1999-11-24,17.866130828857422
1999-11-26,17.939973831176758
1999-11-29,17.965970993041992
1999-11-30,18.095970153808594
1999-12-01,18.6419734954834
1999-12-02,18.90196990966797
1999-12-03,19.49997329711914
1999-12-06,19.655969619750977
1999-12-07,19.75998306274414
1999-12-08,19.369972229003906
1999-12-09,19.161975860595703
1999-12-10,18.9539737701416
1999-12-13,18.8759765625
1999-12-14,18.927968978881836
1999-12-15,18.82396697998047
1999-12-16,19.47397232055664
1999-12-17,19.343975067138672
1999-12-20,19.083972930908203
1999-12-21,18.8759765625
1999-12-22,18.667972564697266
1999-12-23,18.719974517822266
1999-12-27,18.485973358154297
1999-12-28,18.5379695892334
1999-12-29,18.563962936401367
1999-12-30,18.667972564697266
1999-12-31,18.8759765625
2000-01-03,18.251976013183594
2000-01-04,17.91397476196289
2000-01-05,17.991973876953125
2000-01-06,18.06996726989746
2000-01-07,18.563962936401367
2000-01-10,18.9539737701416
2000-01-11,19.03197479248047
2000-01-12,19.21396827697754
2000-01-13,19.005966186523438
2000-01-14,18.8499698638916
2000-01-18,19.03197479248047
2000-01-19,19.057971954345703
2000-01-20,18.6159725189209
2000-01-21,18.459978103637695
2000-01-24,18.017969131469727
2000-01-25,18.017969131469727
2000-01-26,17.835969924926758
2000-01-27,17.497976303100586
2000-01-28,17.05596923828125
2000-01-31,16.76997184753418
2000-02-01,16.89997673034668
2000-02-02,16.925975799560547
2000-02-03,16.925975799560547
2000-02-04,16.925975799560547
2000-02-07,16.977975845336914
2000-02-08,16.66597557067871
2000-02-09,16.37997817993164
2000-02-10,16.301963806152344
2000-02-11,15.989977836608887
2000-02-14,16.06797981262207
2000-02-15,16.19797706604004
2000-02-16,16.19797706604004
2000-02-17,16.119972229003906
2000-02-18,15.781978607177734
2000-02-22,16.01597023010254
2000-02-23,15.989977836608887
2000-02-24,15.807973861694336
2000-02-25,15.490857124328613
2000-02-28,15.56909465789795
2000-02-29,16.090675354003906
2000-03-01,15.960282325744629
2000-03-02,16.273221969604492
2000-03-03,17.420690536499023
2000-03-06,17.420690536499023
2000-03-07,17.00343132019043
2000-03-08,16.846960067749023
2000-03-09,17.264230728149414
2000-03-10,17.420690536499023
2000-03-13,17.107746124267578
2000-03-14,16.82087516784668
2000-03-15,17.6554012298584
2000-03-16,18.489927291870117
2000-03-17,18.724637985229492
2000-03-20,19.06366539001465
2000-03-21,19.324451446533203
2000-03-22,19.585235595703125
2000-03-23,19.480924606323242
2000-03-24,19.194061279296875
2000-03-27,19.22014045715332
2000-03-28,19.27229118347168
2000-03-29,19.663475036621094
2000-03-30,20.00251007080078
2000-03-31,19.976423263549805
2000-04-03,20.00251007080078
2000-04-04,20.83702850341797
2000-04-05,20.680559158325195
2000-04-06,20.96742820739746
2000-04-07,20.889179229736328
2000-04-10,21.280378341674805
2000-04-11,21.906259536743164
2000-04-12,21.801942825317383
2000-04-13,22.114896774291992
2000-04-14,21.306446075439453
2000-04-17,21.07173728942871
2000-04-18,20.96742820739746
2000-04-19,21.019582748413086
2000-04-20,21.09781265258789
2000-04-24,22.114896774291992
2000-04-25,22.45391845703125
2000-04-26,22.114896774291992
2000-04-27,21.462921142578125
2000-04-28,21.20212745666504
2000-05-01,22.114896774291992
2000-05-02,21.77587127685547
2000-05-03,21.541156768798828
2000-05-04,21.671554565429688
2000-05-05,21.697629928588867
2000-05-08,21.59330940246582
2000-05-09,21.280378341674805
2000-05-10,20.810943603515625
2000-05-11,21.09781265258789
2000-05-12,21.436851501464844
2000-05-15,21.488994598388672
2000-05-16,21.88018035888672
2000-05-17,22.114896774291992
2000-05-18,22.14097023010254
2000-05-19,21.280378341674805
2000-05-22,21.04566192626953
2000-05-23,20.75878143310547
2000-05-24,20.859153747558594
2000-05-25,20.571640014648438
2000-05-26,20.257970809936523
2000-05-30,20.67618751525879
2000-05-31,19.44764518737793
2000-06-01,20.414794921875
2000-06-02,20.859153747558594
2000-06-05,20.754608154296875
2000-06-06,21.04214859008789
2000-06-07,20.51935577392578
2000-06-08,20.54549217224121
2000-06-09,20.806888580322266
2000-06-12,20.061922073364258
2000-06-13,20.440942764282227
2000-06-14,20.33638572692871
2000-06-15,20.07498550415039
2000-06-16,19.682903289794922
2000-06-19,19.133974075317383
2000-06-20,18.375938415527344
2000-06-21,18.846437454223633
2000-06-22,18.95100212097168
2000-06-23,18.349794387817383
2000-06-26,18.245243072509766
2000-06-27,18.036121368408203
2000-06-28,18.362865447998047
2000-06-29,17.173526763916016
2000-06-30,16.964405059814453
2000-07-03,17.617900848388672
2000-07-05,17.304218292236328
2000-07-06,17.591751098632812
2000-07-07,18.19295310974121
2000-07-10,18.245243072509766
2000-07-11,18.323654174804688
2000-07-12,18.71574592590332
2000-07-13,19.18625259399414
2000-07-14,19.604473114013672
2000-07-17,19.238525390625
2000-07-18,19.578330993652344
2000-07-19,19.18625259399414
2000-07-20,19.6306209564209
2000-07-21,19.473779678344727
2000-07-24,19.76131248474121
2000-07-25,19.865875244140625
2000-07-26,19.44764518737793
2000-07-27,19.70903968811035
2000-07-28,19.290807723999023
2000-07-31,19.16011619567871
2000-08-01,19.212392807006836
2000-08-02,19.238525390625
2000-08-03,18.872577667236328
2000-08-04,18.8203125
2000-08-07,19.16011619567871
2000-08-08,19.73517608642578
2000-08-09,19.39536476135254
2000-08-10,19.52605628967285
2000-08-11,20.10112190246582
2000-08-14,20.23182487487793
2000-08-15,20.10112190246582
2000-08-16,20.10112190246582
2000-08-17,20.388656616210938
2000-08-18,20.362510681152344
2000-08-21,20.2056827545166
2000-08-22,20.07498550415039
2000-08-23,19.865875244140625
2000-08-24,20.2056827545166
2000-08-25,20.46707534790039
2000-08-28,20.597766876220703
2000-08-29,21.043272018432617
2000-08-30,20.702598571777344
2000-08-31,20.49950408935547
2000-09-01,20.257095336914062
2000-09-05,20.414323806762695
2000-09-06,20.781225204467773
2000-09-07,20.571569442749023
2000-09-08,20.545364379882812
2000-09-11,20.807416915893555
2000-09-12,20.990854263305664
2000-09-13,21.48876953125
2000-09-14,21.514978408813477
2000-09-15,20.83362579345703
2000-09-18,20.099857330322266
2000-09-19,19.7067813873291
2000-09-20,19.470924377441406
2000-09-21,19.23507308959961
2000-09-22,19.104042053222656
2000-09-25,19.759185791015625
2000-09-26,19.57573699951172
2000-09-27,19.759185791015625
2000-09-28,20.571569442749023
2000-09-29,19.680570602416992
2000-10-02,19.57573699951172
2000-10-03,19.785396575927734
2000-10-04,19.261280059814453
2000-10-05,18.73715591430664
2000-10-06,17.89857292175293
2000-10-09,18.26545524597168
2000-10-10,17.793746948242188
2000-10-11,17.924781799316406
2000-10-12,17.322057723999023
2000-10-13,18.160627365112305
2000-10-16,18.029605865478516
2000-10-17,15.09455394744873
2000-10-18,15.671079635620117
2000-10-19,15.77591323852539
2000-10-20,15.513843536376953
2000-10-23,15.802106857299805
2000-10-24,16.01175880432129
2000-10-25,15.802106857299805
2000-10-26,16.168989181518555
2000-10-27,16.719310760498047
2000-10-30,17.164810180664062
2000-10-31,17.793746948242188
2000-11-01,17.924781799316406
2000-11-02,18.13442611694336
2000-11-03,18.08201026916504
2000-11-06,18.08201026916504
2000-11-07,18.055805206298828
2000-11-08,18.029605865478516
2000-11-09,17.89857292175293
2000-11-10,17.295841217041016
2000-11-13,17.21722412109375
2000-11-14,17.164810180664062
2000-11-15,17.741334915161133
2000-11-16,17.87236213684082
2000-11-17,17.924781799316406
2000-11-20,17.819957733154297
2000-11-21,18.003395080566406
2000-11-22,17.924781799316406
2000-11-24,18.5537109375
2000-11-27,18.344079971313477
2000-11-28,17.97614097595215
2000-11-29,18.054981231689453
2000-11-30,17.2139949798584
2000-12-01,17.08258628845215
2000-12-04,17.424243927001953
2000-12-05,17.923574447631836
2000-12-06,17.529369354248047
2000-12-07,17.135149002075195
2000-12-08,17.056304931640625
2000-12-11,16.97747230529785
2000-12-12,17.240266799926758
2000-12-13,17.397953033447266
2000-12-14,17.292842864990234
2000-12-15,16.662090301513672
2000-12-18,16.819772720336914
2000-12-19,16.451847076416016
2000-12-20,15.505738258361816
2000-12-21,15.637136459350586
2000-12-22,16.08391571044922
2000-12-26,16.241605758666992
2000-12-27,16.556976318359375
2000-12-28,16.37299919128418
2000-12-29,17.056304931640625
2001-01-02,16.241605758666992
2001-01-03,17.450517654418945
2001-01-04,17.503082275390625
2001-01-05,17.030019760131836
2001-01-08,17.10886001586914
2001-01-09,16.662090301513672
2001-01-10,16.714651107788086
2001-01-11,16.793500900268555
2001-01-12,17.16143035888672
2001-01-16,17.6607666015625
2001-01-17,17.58193016052246
2001-01-18,17.6607666015625
2001-01-19,17.792165756225586
2001-01-22,17.266557693481445
2001-01-23,17.16143035888672
2001-01-24,17.240266799926758
2001-01-25,17.030019760131836
2001-01-26,16.819772720336914
2001-01-29,16.861827850341797
2001-01-30,17.34119987487793
2001-01-31,17.408472061157227
2001-02-01,17.34119987487793
2001-02-02,17.147768020629883
2001-02-05,17.39586067199707
2001-02-06,17.286529541015625
2001-02-07,17.240266799926758
2001-02-08,17.27391242980957
2001-02-09,16.987979888916016
2001-02-12,17.072080612182617
2001-02-13,17.23607635498047
2001-02-14,17.046842575073242
2001-02-15,17.433704376220703
2001-02-16,17.215051651000977
2001-02-20,17.15617561340332
2001-02-21,16.95013427734375
2001-02-22,16.655786514282227
2001-02-23,16.306777954101562
2001-02-26,16.58730125427246
2001-02-27,16.431215286254883
2001-02-28,16.182334899902344
2001-03-01,16.157011032104492
2001-03-02,16.701210021972656
2001-03-05,16.722307205200195
2001-03-06,17.038692474365234
2001-03-07,17.283369064331055
2001-03-08,17.274944305419922
2001-03-09,16.91636085510254
2001-03-12,16.418567657470703
2001-03-13,16.237173080444336
2001-03-14,15.785786628723145
2001-03-15,15.794229507446289
2001-03-16,15.414552688598633
2001-03-19,15.608603477478027
2001-03-20,15.401905059814453
2001-03-21,14.874588012695312
2001-03-22,14.600380897521973
2001-03-23,15.20784854888916
2001-03-26,15.815315246582031
2001-03-27,15.954522132873535
2001-03-28,15.397677421569824
2001-03-29,15.077071189880371
2001-03-30,15.119267463684082
2001-04-02,15.039104461669922
2001-04-03,14.617250442504883
2001-04-04,15.055978775024414
2001-04-05,15.579078674316406
2001-04-06,15.22050952911377
2001-04-09,15.283785820007324
2001-04-10,15.617043495178223
2001-04-11,15.169878959655762
2001-04-12,15.279557228088379
2001-04-16,15.20784854888916
2001-04-17,14.99270248413086
2001-04-18,16.338411331176758
2001-04-19,16.79401969909668
2001-04-20,16.44809913635254
2001-04-23,16.144363403320312
2001-04-24,15.9840669631958
2001-04-25,15.832196235656738
2001-04-26,16.072649002075195
2001-04-27,16.389039993286133
2001-04-30,16.48184585571289
2001-05-01,16.75604820251465
2001-05-02,16.781360626220703
2001-05-03,16.03046417236328
2001-05-04,16.144363403320312
2001-05-07,16.09795570373535
2001-05-08,15.93765640258789
2001-05-09,15.840625762939453
2001-05-10,15.9840669631958
2001-05-11,15.916560173034668
2001-05-14,15.924995422363281
2001-05-15,16.00937271118164
2001-05-16,16.48184585571289
2001-05-17,16.844646453857422
2001-05-18,17.32977867126465
2001-05-21,17.747406005859375
2001-05-22,18.11020278930664
2001-05-23,18.097551345825195
2001-05-24,18.27472496032715
2001-05-25,18.232542037963867
2001-05-29,17.938495635986328
2001-05-30,17.743892669677734
2001-05-31,17.93427085876465
2001-06-01,17.6931209564209
2001-06-04,17.93004608154297
2001-06-05,18.234655380249023
2001-06-06,17.84542465209961
2001-06-07,17.769264221191406
2001-06-08,17.583114624023438
2001-06-11,17.333505630493164
2001-06-12,17.231958389282227
2001-06-13,17.083879470825195
2001-06-14,16.944272994995117
2001-06-15,17.24042510986328
2001-06-18,17.138883590698242
2001-06-19,16.91888999938965
2001-06-20,16.643882751464844
2001-06-21,16.68195343017578
2001-06-22,16.351957321166992
2001-06-25,16.296960830688477
2001-06-26,16.030427932739258
2001-06-27,15.725805282592773
2001-06-28,15.746962547302246
2001-06-29,15.928890228271484
2001-07-02,16.36888885498047
2001-07-03,16.271581649780273
2001-07-05,16.229270935058594
2001-07-06,15.78926944732666
2001-07-09,15.86965274810791
2001-07-10,15.831562042236328
2001-07-11,15.649651527404785
2001-07-12,15.907735824584961
2001-07-13,15.776579856872559
2001-07-16,15.31118392944336
2001-07-17,15.230813026428223
2001-07-18,15.019262313842773
2001-07-19,15.209651947021484
2001-07-20,15.2223482131958
2001-07-23,15.247730255126953
2001-07-24,15.027728080749512
2001-07-25,14.955806732177734
2001-07-26,14.972722053527832
2001-07-27,14.955806732177734
2001-07-30,14.964266777038574
2001-07-31,15.294268608093262
2001-08-01,15.154646873474121
2001-08-02,15.2900390625
2001-08-03,15.484654426574707
2001-08-06,15.433886528015137
2001-08-07,15.590423583984375
2001-08-08,15.505803108215332
2001-08-09,15.620035171508789
2001-08-10,16.08965301513672
2001-08-13,15.899272918701172
2001-08-14,15.65811824798584
2001-08-15,15.501577377319336
2001-08-16,15.653879165649414
2001-08-17,15.31118392944336
2001-08-20,15.433886528015137
2001-08-21,15.526957511901855
2001-08-22,15.717341423034668
2001-08-23,15.63695240020752
2001-08-24,15.831562042236328
2001-08-27,15.886573791503906
2001-08-28,15.80618667602539
2001-08-29,15.494094848632812
2001-08-30,15.37096118927002
2001-08-31,15.252070426940918
2001-09-04,14.954839706420898
2001-09-05,14.848684310913086
2001-09-06,14.827463150024414
2001-09-07,14.441061973571777
2001-09-10,14.479278564453125
2001-09-17,13.489927291870117
2001-09-18,13.362545013427734
2001-09-19,12.916698455810547
2001-09-20,12.241567611694336
2001-09-21,12.568525314331055
2001-09-24,12.819039344787598
2001-09-25,13.048333168029785
2001-09-26,12.424158096313477
2001-09-27,12.441137313842773
2001-09-28,12.785070419311523
2001-10-01,12.216095924377441
2001-10-02,12.360462188720703
2001-10-03,12.610980033874512
2001-10-04,12.993136405944824
2001-10-05,13.027103424072266
2001-10-08,13.022854804992676
2001-10-09,12.976155281066895
2001-10-10,13.56635856628418
2001-10-11,14.143827438354492
2001-10-12,13.973979949951172
2001-10-15,14.050422668457031
2001-10-16,14.148077011108398
2001-10-17,14.186283111572266
2001-10-18,14.058915138244629
2001-10-19,14.024942398071289
2001-10-22,14.55146598815918
2001-10-23,14.636378288269043
2001-10-24,14.683090209960938
2001-10-25,14.882657051086426
2001-10-26,15.14167594909668
2001-10-29,14.564204216003418
2001-10-30,14.054662704467773
2001-10-31,13.990973472595215
2001-11-01,14.394354820251465
2001-11-02,15.077980995178223
2001-11-05,14.97607135772705
2001-11-06,15.222350120544434
2001-11-07,15.447392463684082
2001-11-08,15.336997032165527
2001-11-09,15.451635360717773
2001-11-12,15.32849407196045
2001-11-13,15.60874080657959
2001-11-14,15.952676773071289
2001-11-15,16.326343536376953
2001-11-16,16.34756851196289
2001-11-19,16.440990447998047
2001-11-20,15.884737968444824
2001-11-21,15.685175895690918
2001-11-23,15.978157043457031
2001-11-26,16.220190048217773
2001-11-27,16.050344467163086
2001-11-28,15.937410354614258
2001-11-29,15.766963958740234
2001-11-30,15.707303047180176
2001-12-03,15.630592346191406
2001-12-04,15.950196266174316
2001-12-05,16.42746925354004
2001-12-06,16.5126895904541
2001-12-07,16.499914169311523
2001-12-10,16.00133514404297
2001-12-11,16.137699127197266
2001-12-12,16.02690315246582
2001-12-13,15.68173885345459
2001-12-14,15.536855697631836
2001-12-17,15.916105270385742
2001-12-18,16.176054000854492
2001-12-19,16.295368194580078
2001-12-20,15.945939064025879
2001-12-21,15.745656967163086
2001-12-24,15.762701034545898
2001-12-26,15.732871055603027
2001-12-27,15.766963958740234
2001-12-28,15.784010887145996
2001-12-31,15.796783447265625
2002-01-02,15.792536735534668
2002-01-03,16.08230209350586
2002-01-04,16.457298278808594
2002-01-07,16.34650230407715
2002-01-08,15.980032920837402
2002-01-09,16.022642135620117
2002-01-10,15.711560249328613
2002-01-11,15.60929012298584
2002-01-14,15.349352836608887
2002-01-15,15.127758026123047
2002-01-16,14.637703895568848
2002-01-17,14.92321491241455
2002-01-18,14.901909828186035
2002-01-22,15.042534828186035
2002-01-23,15.426053047180176
2002-01-24,15.639122009277344
2002-01-25,15.928901672363281
2002-01-28,16.09508514404297
2002-01-29,15.873491287231445
2002-01-30,16.107866287231445
2002-01-31,16.274065017700195
2002-02-01,16.19309425354004
2002-02-04,15.894801139831543
2002-02-05,15.869231224060059
2002-02-06,15.724346160888672
2002-02-07,15.66042709350586
2002-02-08,15.92463493347168
2002-02-11,16.1845703125
2002-02-12,16.018383026123047
2002-02-13,16.19734764099121
2002-02-14,16.116384506225586
2002-02-15,16.350765228271484
2002-02-19,16.619232177734375
2002-02-20,16.653324127197266
2002-02-21,16.401901245117188
2002-02-22,16.495651245117188
2002-02-25,16.8876953125
2002-02-26,17.001007080078125
2002-02-27,16.821414947509766
2002-02-28,16.91975975036621
2002-03-01,17.099355697631836
2002-03-04,17.629560470581055
2002-03-05,17.753559112548828
2002-03-06,17.984460830688477
2002-03-07,17.89894676208496
2002-03-08,17.92887306213379
2002-03-11,18.129846572875977
2002-03-12,18.283775329589844
2002-03-13,18.313716888427734
2002-03-14,18.232471466064453
2002-03-15,18.202543258666992
2002-03-18,18.27950668334961
2002-03-19,18.51895523071289
2002-03-20,18.403514862060547
2002-03-21,17.937429428100586
2002-03-22,17.92887306213379
2002-03-25,17.509838104248047
2002-03-26,17.569698333740234
2002-03-27,17.522666931152344
2002-03-28,17.531217575073242
2002-04-01,17.522666931152344
2002-04-02,17.193416595458984
2002-04-03,16.74017333984375
2002-04-04,16.97535514831543
2002-04-05,17.214797973632812
2002-04-08,17.219074249267578
2002-04-09,17.501293182373047
2002-04-10,17.424325942993164
2002-04-11,16.936870574951172
2002-04-12,17.112178802490234
2002-04-15,16.9625244140625
2002-04-16,17.236181259155273
2002-04-17,17.001007080078125
2002-04-18,16.924036026000977
2002-04-19,16.97535514831543
2002-04-22,16.58196258544922
2002-04-23,16.359619140625
2002-04-24,16.398096084594727
2002-04-25,16.282649993896484
2002-04-26,16.25271987915039
2002-04-29,15.829412460327148
2002-04-30,15.932029724121094
2002-05-01,16.000431060791016
2002-05-02,16.17575454711914
2002-05-03,15.914920806884766
2002-05-06,15.393264770507812
2002-05-07,15.303473472595215
2002-05-08,16.24416732788086
2002-05-09,15.893546104431152
2002-05-10,15.538640975952148
2002-05-13,15.799478530883789
2002-05-14,16.278379440307617
2002-05-15,16.594797134399414
2002-05-16,16.492176055908203
2002-05-17,16.569141387939453
2002-05-20,16.3553524017334
2002-05-21,16.11590003967285
2002-05-22,16.073135375976562
2002-05-23,15.820863723754883
2002-05-24,15.722513198852539
2002-05-28,15.671204566955566
2002-05-29,15.257049560546875
2002-05-30,15.124005317687988
2002-05-31,15.27421760559082
2002-06-03,14.96522045135498
2002-06-04,14.840758323669434
2002-06-05,15.119715690612793
2002-06-06,14.716296195983887
2002-06-07,14.93088436126709
2002-06-10,14.900832176208496
2002-06-11,14.802132606506348
2002-06-12,14.806415557861328
2002-06-13,14.591829299926758
2002-06-14,14.347198486328125
2002-06-17,14.784960746765137
2002-06-18,14.716296195983887
2002-06-19,14.656207084655762
2002-06-20,14.527463912963867
2002-06-21,14.433036804199219
2002-06-24,14.596124649047852
2002-06-25,14.428756713867188
2002-06-26,14.342909812927246
2002-06-27,14.699134826660156
2002-06-28,15.021001815795898
2002-07-01,14.390124320983887
2002-07-02,14.22275161743164
2002-07-03,14.119746208190918
2002-07-05,14.681954383850098
2002-07-08,14.48024845123291
2002-07-09,14.540332794189453
2002-07-10,14.274247169494629
2002-07-11,14.36866569519043
2002-07-12,14.338624954223633
2002-07-15,14.141203880310059
2002-07-16,13.797870635986328
2002-07-17,13.832201957702637
2002-07-18,13.385855674743652
2002-07-19,12.905190467834473
2002-07-22,12.673442840576172
2002-07-23,12.261431694030762
2002-07-24,12.960983276367188
2002-07-25,12.724937438964844
2002-07-26,12.656269073486328
2002-07-29,13.003894805908203
2002-07-30,12.78930950164795
2002-07-31,12.596184730529785
2002-08-01,12.3944730758667
2002-08-02,11.806509017944336
2002-08-05,11.35158920288086
2002-08-06,11.823673248291016
2002-08-07,11.96959114074707
2002-08-08,12.145554542541504
2002-08-09,12.201349258422852
2002-08-12,12.25714111328125
2002-08-13,12.106928825378418
2002-08-14,12.334386825561523
2002-08-15,12.381597518920898
2002-08-16,12.381597518920898
2002-08-19,12.553266525268555
2002-08-20,12.377302169799805
2002-08-21,12.488896369934082
2002-08-22,12.609064102172852
2002-08-23,12.360146522521973
2002-08-26,12.43310260772705
2002-08-27,12.53609848022461
2002-08-28,12.577062606811523
2002-08-29,12.447711944580078
2002-08-30,12.387345314025879
2002-09-03,11.783719062805176
2002-09-04,11.96480655670166
2002-09-05,11.96480655670166
2002-09-06,12.214884757995605
2002-09-09,12.335612297058105
2002-09-10,12.430464744567871
2002-09-11,12.439090728759766
2002-09-12,12.19333267211914
2002-09-13,11.900136947631836
2002-09-16,11.72336196899414
2002-09-17,11.736296653747559
2002-09-18,11.581074714660645
2002-09-19,11.399983406066895
2002-09-20,11.516396522521973
2002-09-23,11.43016529083252
2002-09-24,10.632509231567383
2002-09-25,10.895525932312012
2002-09-26,11.555206298828125
2002-09-27,10.942954063415527
2002-09-30,10.942954063415527
2002-10-01,11.339618682861328
2002-10-02,10.912769317626953
2002-10-03,11.0895414352417
2002-10-04,10.973134994506836
2002-10-07,10.835159301757812
2002-10-08,11.024868965148926
2002-10-09,10.309141159057617
2002-10-10,10.710124015808105
2002-10-11,11.141283988952637
2002-10-14,10.908456802368164
2002-10-15,11.520713806152344
2002-10-16,11.050738334655762
2002-10-17,11.568136215209961
2002-10-18,11.378423690795898
2002-10-21,12.245068550109863
2002-10-22,11.395672798156738
2002-10-23,11.17577838897705
2002-10-24,10.947259902954102
2002-10-25,11.046427726745605
2002-10-28,10.8265380859375
2002-10-29,10.49885082244873
2002-10-30,10.61957836151123
2002-10-31,10.81360149383545
2002-11-01,10.930010795593262
2002-11-04,11.266319274902344
2002-11-05,11.468972206115723
2002-11-06,11.654370307922363
2002-11-07,11.594008445739746
2002-11-08,11.477595329284668
2002-11-11,11.06367301940918
2002-11-12,11.581074714660645
2002-11-13,11.921690940856934
2002-11-14,12.339920997619629
2002-11-15,12.378725051879883
2002-11-18,12.391660690307617
2002-11-19,12.51669979095459
2002-11-20,12.956485748291016
2002-11-21,13.465261459350586
2002-11-22,13.266927719116211
2002-11-25,13.310046195983887
2002-11-26,12.892139434814453
2002-11-27,13.42047119140625
2002-11-29,13.455119132995605
2002-12-02,13.58503532409668
2002-12-03,13.147647857666016
2002-12-04,13.065363883972168
2002-12-05,12.887804985046387
2002-12-06,12.753564834594727
2002-12-09,12.41577434539795
2002-12-10,12.593338012695312
2002-12-11,12.640962600708008
2002-12-12,12.606327056884766
2002-12-13,12.38113021850586
2002-12-16,12.705925941467285
2002-12-17,12.558680534362793
2002-12-18,12.41577434539795
2002-12-19,12.346485137939453
2002-12-20,12.701595306396484
2002-12-23,12.66695499420166
2002-12-24,12.571682929992676
2002-12-26,12.653958320617676
2002-12-27,12.376808166503906
2002-12-30,12.459083557128906
2002-12-31,12.627974510192871
2003-01-02,13.19095230102539
2003-01-03,13.15197467803955
2003-01-06,13.515743255615234
2003-01-07,13.372840881347656
2003-01-08,13.0567045211792
2003-01-09,13.4291353225708
2003-01-10,13.268898010253906
2003-01-13,13.182292938232422
2003-01-14,13.273239135742188
2003-01-15,13.000406265258789
2003-01-16,12.965760231018066
2003-01-17,12.770883560180664
2003-01-21,12.09964656829834
2003-01-22,11.722884178161621
2003-01-23,12.077990531921387
2003-01-24,11.692566871643066
2003-01-27,11.502025604248047
2003-01-28,11.146918296813965
2003-01-29,11.367774963378906
2003-01-30,11.08195972442627
2003-01-31,11.3331298828125
2003-02-03,11.172896385192871
2003-02-04,11.034323692321777
2003-02-05,11.112268447875977
2003-02-06,10.995343208312988
2003-02-07,10.874090194702148
2003-02-10,10.973692893981934
2003-02-11,10.787479400634766
2003-02-12,10.674880981445312
2003-02-13,10.705202102661133
2003-02-14,10.930386543273926
2003-02-18,11.380770683288574
2003-02-19,11.207541465759277
2003-02-20,11.146918296813965
2003-02-21,11.346120834350586
2003-02-24,11.047314643859863
2003-02-25,11.09928035736084
2003-02-26,10.9795560836792
2003-02-27,11.136289596557617
2003-02-28,11.1101655960083
2003-03-03,11.066630363464355
2003-03-04,10.709640502929688
2003-03-05,10.870722770690918
2003-03-06,10.666106224060059
2003-03-07,10.757524490356445
2003-03-10,10.35700511932373
2003-03-11,10.187217712402344
2003-03-12,10.16545295715332
2003-03-13,10.544207572937012
2003-03-14,10.474549293518066
2003-03-17,11.001328468322754
2003-03-18,11.088394165039062
2003-03-19,11.066630363464355
2003-03-20,10.927312850952148
2003-03-21,11.293009757995605
2003-03-24,10.722700119018555
2003-03-25,10.879426956176758
2003-03-26,10.77059268951416
2003-03-27,10.740113258361816
2003-03-28,10.748821258544922
2003-03-31,10.544207572937012
2003-04-01,10.631279945373535
2003-04-02,10.831536293029785
2003-04-03,10.818479537963867
2003-04-04,10.631279945373535
2003-04-07,10.748821258544922
2003-04-08,10.666106224060059
2003-04-09,10.500670433044434
2003-04-10,10.461492538452148
2003-04-11,10.400541305541992
2003-04-14,10.387479782104492
2003-04-15,10.509377479553223
2003-04-16,10.470194816589355
2003-04-17,12.115827560424805
2003-04-21,12.024398803710938
2003-04-22,12.337858200073242
2003-04-23,12.242076873779297
2003-04-24,12.098414421081543
2003-04-25,11.906859397888184
2003-04-28,12.324796676635742
2003-04-29,12.511994361877441
2003-04-30,12.511994361877441
2003-05-01,12.39444351196289
2003-05-02,12.77320671081543
2003-05-05,12.703545570373535
2003-05-06,12.742734909057617
2003-05-07,12.66002082824707
2003-05-08,12.45539665222168
2003-05-09,12.803685188293457
2003-05-12,12.995230674743652
2003-05-13,12.851568222045898
2003-05-14,12.794975280761719
2003-05-15,12.942998886108398
2003-05-16,12.947343826293945
2003-05-19,12.586007118225098
2003-05-20,12.703545570373535
2003-05-21,12.786264419555664
2003-05-22,12.886396408081055
2003-05-23,12.938633918762207
2003-05-27,13.134547233581543
2003-05-28,13.066761016845703
2003-05-29,13.009906768798828
2003-05-30,13.254810333251953
2003-06-02,13.381625175476074
2003-06-03,13.46908950805664
2003-06-04,14.247495651245117
2003-06-05,14.614828109741211
2003-06-06,14.785385131835938
2003-06-09,14.256239891052246
2003-06-10,14.216879844665527
2003-06-11,14.160030364990234
2003-06-12,14.168783187866211
2003-06-13,13.875785827636719
2003-06-16,14.31746768951416
2003-06-17,14.330581665039062
2003-06-18,14.313092231750488
2003-06-19,13.858292579650879
2003-06-20,13.818929672241211
2003-06-23,13.6002836227417
2003-06-24,13.56092357635498
2003-06-25,13.224196434020996
2003-06-26,13.346644401550293
2003-06-27,13.14110279083252
2003-06-30,13.101746559143066
2003-07-01,13.145472526550293
2003-07-02,13.495329856872559
2003-07-03,13.381625175476074
2003-07-07,13.7008638381958
2003-07-08,13.82330322265625
2003-07-09,13.68774127960205
2003-07-10,13.56966781616211
2003-07-11,13.853922843933105
2003-07-14,14.103187561035156
2003-07-15,13.989484786987305
2003-07-16,13.971992492675781
2003-07-17,14.11193561553955
2003-07-18,15.100240707397461
2003-07-21,14.754769325256348
2003-07-22,15.113371849060059
2003-07-23,15.279542922973633
2003-07-24,15.524434089660645
2003-07-25,15.922384262084961
2003-07-28,15.620645523071289
2003-07-29,15.642505645751953
2003-07-30,15.694985389709473
2003-07-31,16.00985336303711
2003-08-01,16.049209594726562
2003-08-04,15.729969024658203
2003-08-05,15.471960067749023
2003-08-06,15.231438636779785
2003-08-07,15.668740272521973
2003-08-08,15.830551147460938
2003-08-11,15.89177417755127
2003-08-12,16.20225715637207
2003-08-13,16.180391311645508
2003-08-14,16.613338470458984
2003-08-15,16.434036254882812
2003-08-18,16.622081756591797
2003-08-19,16.652692794799805
2003-08-20,16.604581832885742
2003-08-21,16.744525909423828
2003-08-22,16.613338470458984
2003-08-25,16.530241012573242
2003-08-26,16.350948333740234
2003-08-27,16.513397216796875
2003-08-28,16.456321716308594
2003-08-29,16.69342041015625
2003-09-02,16.79880142211914
2003-09-03,16.78123664855957
2003-09-04,16.710983276367188
2003-09-05,16.649517059326172
2003-09-08,16.59243392944336
2003-09-09,16.429977416992188
2003-09-10,15.929441452026367
2003-09-11,16.034818649291992
2003-09-12,16.026031494140625
2003-09-15,15.8591947555542
2003-09-16,16.179712295532227
2003-09-17,16.091896057128906
2003-09-18,16.311431884765625
2003-09-19,16.320213317871094
2003-09-22,16.118234634399414
2003-09-23,16.254350662231445
2003-09-24,15.76259994506836
2003-09-25,15.547453880310059
2003-09-26,15.644046783447266
2003-09-29,15.824061393737793
2003-09-30,15.529887199401855
2003-10-01,15.885538101196289
2003-10-02,16.05677032470703
2003-10-03,16.4738826751709
2003-10-06,16.583654403686523
2003-10-07,16.680252075195312
2003-10-08,16.785625457763672
2003-10-09,16.855880737304688
2003-10-10,16.855880737304688
2003-10-13,16.983205795288086
2003-10-14,16.948083877563477
2003-10-15,17.343244552612305
2003-10-16,17.33885955810547
2003-10-17,17.040283203125
2003-10-20,17.378376007080078
2003-10-21,17.281782150268555
2003-10-22,17.009550094604492
2003-10-23,16.816362380981445
2003-10-24,16.95686149597168
2003-10-27,17.079801559448242
2003-10-28,17.22031021118164
2003-10-29,17.08419418334961
2003-10-30,17.158836364746094
2003-10-31,17.132490158081055
2003-11-03,17.312509536743164
2003-11-04,17.378376007080078
2003-11-05,17.58473014831543
2003-11-06,17.597900390625
2003-11-07,17.45301628112793
2003-11-10,17.202741622924805
2003-11-11,17.141279220581055
2003-11-12,17.272994995117188
2003-11-13,17.11931610107422
2003-11-14,16.921737670898438
2003-11-17,16.596824645996094
2003-11-18,16.346559524536133
2003-11-19,16.421186447143555
2003-11-20,16.280696868896484
2003-11-21,16.307043075561523
2003-11-24,16.44315528869629
2003-11-25,17.082365036010742
2003-11-26,16.857540130615234
2003-11-28,16.923660278320312
2003-12-01,16.972152709960938
2003-12-02,16.81786346435547
2003-12-03,16.760555267333984
2003-12-04,16.8222713470459
2003-12-05,16.650341033935547
2003-12-08,16.81786346435547
2003-12-09,16.782602310180664
2003-12-10,16.751731872558594
2003-12-11,16.83108901977539
2003-12-12,16.861948013305664
2003-12-15,16.6635684967041
2003-12-16,16.672378540039062
2003-12-17,16.615074157714844
2003-12-18,16.90603256225586
2003-12-19,16.91043472290039
2003-12-22,17.412988662719727
2003-12-23,17.390945434570312
2003-12-24,17.227834701538086
2003-12-26,17.223432540893555
2003-12-29,17.51878547668457
2003-12-30,17.46148109436035
2003-12-31,17.52320098876953
2004-01-02,17.382129669189453
2004-01-05,18.043378829956055
2004-01-06,17.82736587524414
2004-01-07,18.184446334838867
2004-01-08,18.642915725708008
2004-01-09,18.638513565063477
2004-01-12,18.58119773864746
2004-01-13,18.744312286376953
2004-01-14,19.405561447143555
2004-01-15,19.28653335571289
2004-01-16,19.282127380371094
2004-01-20,19.09697914123535
2004-01-21,19.030853271484375
2004-01-22,18.938278198242188
2004-01-23,19.145477294921875
2004-01-26,19.24245834350586
2004-01-27,18.47098731994629
2004-01-28,18.29465675354004
2004-01-29,17.91994857788086
2004-01-30,18.215307235717773
2004-02-02,18.127134323120117
2004-02-03,17.81855583190918
2004-02-04,17.46588897705078
2004-02-05,17.457069396972656
2004-02-06,17.770069122314453
2004-02-09,17.814146041870117
2004-02-10,17.871458053588867
2004-02-11,18.37841796875
2004-02-12,18.2241268157959
2004-02-13,17.950807571411133
2004-02-17,18.10951042175293
2004-02-18,18.012521743774414
2004-02-19,17.933170318603516
2004-02-20,17.778881072998047
2004-02-23,17.52320098876953
2004-02-24,17.25428581237793
2004-02-25,17.360496520996094
2004-02-26,17.564062118530273
2004-02-27,17.34278678894043
2004-03-01,17.798603057861328
2004-03-02,17.70124053955078
2004-03-03,17.807445526123047
2004-03-04,17.73665428161621
2004-03-05,18.316362380981445
2004-03-08,17.847272872924805
2004-03-09,17.59503746032715
2004-03-10,16.763071060180664
2004-03-11,16.79405403137207
2004-03-12,17.32509994506836
2004-03-15,17.059568405151367
2004-03-16,17.214458465576172
2004-03-17,17.373769760131836
2004-03-18,17.125953674316406
2004-03-19,17.03744888305664
2004-03-22,16.67014503479004
2004-03-23,16.25859832763672
2004-03-24,16.35152244567871
2004-03-25,16.77634620666504
2004-03-26,16.608198165893555
2004-03-29,17.046306610107422
2004-03-30,17.27641487121582
2004-03-31,17.156925201416016
2004-04-01,17.3206729888916
2004-04-02,17.847272872924805
2004-04-05,18.024295806884766
2004-04-06,18.298664093017578
2004-04-07,18.099523544311523
2004-04-08,18.188034057617188
2004-04-12,18.254409790039062
2004-04-13,17.88268280029297
2004-04-14,18.161483764648438
2004-04-15,18.081829071044922
2004-04-16,17.847272872924805
2004-04-19,17.78974723815918
2004-04-20,17.838428497314453
2004-04-21,18.27653694152832
2004-04-22,18.64826202392578
2004-04-23,18.542057037353516
2004-04-26,18.5155086517334
2004-04-27,18.5863094329834
2004-04-28,18.342910766601562
2004-04-29,18.18360710144043
2004-04-30,17.714521408081055
2004-05-03,17.780900955200195
2004-05-04,17.772048950195312
2004-05-05,17.28083610534668
2004-05-06,17.2719783782959
2004-05-07,16.79405403137207
2004-05-10,16.276296615600586
2004-05-11,16.422338485717773
2004-05-12,16.409061431884766
2004-05-13,16.409061431884766
2004-05-14,16.369224548339844
2004-05-17,15.984235763549805
2004-05-18,16.320541381835938
2004-05-19,16.214336395263672
2004-05-20,15.944389343261719
2004-05-21,16.147951126098633
2004-05-24,16.475433349609375
2004-05-25,16.904695510864258
2004-05-26,17.10460662841797
2004-05-27,17.32231330871582
2004-05-28,17.308979034423828
2004-06-01,17.18013572692871
2004-06-02,17.491138458251953
2004-06-03,17.286767959594727
2004-06-04,17.548885345458984
2004-06-07,18.08201026916504
2004-06-08,18.304157257080078
2004-06-09,18.57071876525879
2004-06-10,18.55295753479004
2004-06-14,18.14866065979004
2004-06-15,18.34412956237793
2004-06-16,18.40633773803711
2004-06-17,18.361919403076172
2004-06-18,18.3308162689209
2004-06-21,18.16642951965332
2004-06-22,18.237512588500977
2004-06-23,18.535179138183594
2004-06-24,18.415225982666016
2004-06-25,18.495189666748047
2004-06-28,18.579605102539062
2004-06-29,18.512969970703125
2004-06-30,18.704004287719727
2004-07-01,18.539627075195312
2004-07-02,18.179758071899414
2004-07-06,17.993165969848633
2004-07-07,18.16199493408203
2004-07-08,17.859882354736328
2004-07-09,18.228628158569336
2004-07-12,18.05535888671875
2004-07-13,17.90874481201172
2004-07-14,17.611085891723633
2004-07-15,17.477800369262695
2004-07-16,17.18457794189453
2004-07-19,17.149051666259766
2004-07-20,17.68216896057129
2004-07-21,17.97095489501953
2004-07-22,17.63775634765625
2004-07-23,17.313417434692383
2004-07-26,17.1268310546875
2004-07-27,17.41560935974121
2004-07-28,17.428930282592773
2004-07-29,17.619970321655273
2004-07-30,17.628862380981445
2004-08-02,17.602190017700195
2004-08-03,17.47336769104004
2004-08-04,17.437822341918945
2004-08-05,17.10906219482422
2004-08-06,16.78472900390625
2004-08-09,16.86026382446289
2004-08-10,16.993541717529297
2004-08-11,16.73141860961914
2004-08-12,16.469301223754883
2004-08-13,16.35823631286621
2004-08-16,16.735864639282227
2004-08-17,16.913576126098633
2004-08-18,17.051300048828125
2004-08-19,17.086843490600586
2004-08-20,17.18457794189453
2004-08-23,17.02020263671875
2004-08-24,17.069068908691406
2004-08-25,17.193470001220703
2004-08-26,17.22456169128418
2004-08-27,17.29146385192871
2004-08-30,17.037240982055664
2004-08-31,16.82762908935547
2004-09-01,17.037240982055664
2004-09-02,17.371747970581055
2004-09-03,17.327144622802734
2004-09-07,17.40296173095703
2004-09-08,17.117528915405273
2004-09-09,17.162124633789062
2004-09-10,17.242412567138672
2004-09-13,17.40296173095703
2004-09-14,17.34052848815918
2004-09-15,17.17551040649414
2004-09-16,17.349441528320312
2004-09-17,17.411884307861328
2004-09-20,17.260251998901367
2004-09-21,17.438644409179688
2004-09-22,17.10413932800293
2004-09-23,16.885604858398438
2004-09-24,16.832073211669922
2004-09-27,16.72950553894043
2004-09-28,16.87222671508789
2004-09-29,17.23794937133789
2004-09-30,17.336063385009766
2004-10-01,17.683940887451172
2004-10-04,17.82221221923828
2004-10-05,17.69287109375
2004-10-06,17.898027420043945
2004-10-07,17.353910446166992
2004-10-08,16.943584442138672
2004-10-11,17.05954360961914
2004-10-12,16.81870460510254
2004-10-13,16.738426208496094
2004-10-14,16.45744514465332
2004-10-15,16.444067001342773
2004-10-18,16.252283096313477
2004-10-19,16.216596603393555
2004-10-20,16.510967254638672
2004-10-21,16.55110740661621
2004-10-22,16.4619083404541
2004-10-25,16.426223754882812
2004-10-26,16.67599105834961
2004-10-27,16.952499389648438
2004-10-28,17.14427947998047
2004-10-29,17.51447296142578
2004-11-01,17.47878646850586
2004-11-02,17.617048263549805
2004-11-03,17.741924285888672
2004-11-04,18.063051223754883
2004-11-05,18.223608016967773
2004-11-08,18.250364303588867
2004-11-09,18.196857452392578
2004-11-10,18.09873390197754
2004-11-11,18.575960159301758
2004-11-12,18.58932876586914
2004-11-15,18.495670318603516
2004-11-16,18.35741424560547
2004-11-17,18.46445655822754
2004-11-18,18.45107650756836
2004-11-19,18.152244567871094
2004-11-22,18.344030380249023
2004-11-23,18.210229873657227
2004-11-24,18.1834659576416
2004-11-26,18.237207412719727
2004-11-29,18.14317512512207
2004-11-30,18.11182975769043
2004-12-01,18.63570785522461
2004-12-02,18.590930938720703
2004-12-03,18.590930938720703
2004-12-06,18.550626754760742
2004-12-07,18.4924259185791
2004-12-08,18.68496322631836
2004-12-09,18.787946701049805
2004-12-10,18.550626754760742
2004-12-13,18.69391441345215
2004-12-14,19.07898712158203
2004-12-15,18.8416748046875
2004-12-16,18.805845260620117
2004-12-17,18.599878311157227
2004-12-20,18.56406593322754
2004-12-21,18.51480484008789
2004-12-22,18.478986740112305
2004-12-23,18.470035552978516
2004-12-27,18.362565994262695
2004-12-28,18.63570785522461
2004-12-29,18.7297420501709
2004-12-30,18.805845260620117
2004-12-31,18.778980255126953
2005-01-03,18.43868637084961
2005-01-04,18.353620529174805
2005-01-05,17.995405197143555
2005-01-06,17.825258255004883
2005-01-07,17.565561294555664
2005-01-10,17.46257781982422
2005-01-11,17.3282527923584
2005-01-12,17.70436668395996
2005-01-13,17.5521297454834
2005-01-14,17.964075088500977
2005-01-18,17.793922424316406
2005-01-19,17.489439010620117
2005-01-20,17.28795051574707
2005-01-21,17.26108169555664
2005-01-24,17.377506256103516
2005-01-25,17.50288200378418
2005-01-26,16.674518585205078
2005-01-27,16.714818954467773
2005-01-28,16.647661209106445
2005-01-31,17.149141311645508
2005-02-01,17.023775100708008
2005-02-02,16.947650909423828
2005-02-03,16.741695404052734
2005-02-04,16.934221267700195
2005-02-07,17.19839859008789
2005-02-08,17.47601318359375
2005-02-09,17.05512237548828
2005-02-10,16.90287971496582
2005-02-11,17.41332244873047
2005-02-14,17.417802810668945
2005-02-15,17.350637435913086
2005-02-16,17.373029708862305
2005-02-17,17.05512237548828
2005-02-18,17.019296646118164
2005-02-22,16.705869674682617
2005-02-23,16.91631317138672
2005-02-24,17.114173889160156
2005-02-25,17.43341636657715
2005-02-28,17.38845443725586
2005-03-01,17.604299545288086
2005-03-02,17.478389739990234
2005-03-03,17.464893341064453
2005-03-04,17.815637588500977
2005-03-07,18.121410369873047
2005-03-08,17.937047958374023
2005-03-09,17.950529098510742
2005-03-10,18.03147315979004
2005-03-11,17.7796688079834
2005-03-14,17.82013511657715
2005-03-15,17.77067756652832
2005-03-16,17.55933380126953
2005-03-17,17.649269104003906
2005-03-18,17.541343688964844
2005-03-21,17.61328887939453
2005-03-22,17.532346725463867
2005-03-23,17.35698127746582
2005-03-24,17.36147689819336
2005-03-28,17.262550354003906
2005-03-29,16.835378646850586
2005-03-30,17.064697265625
2005-03-31,16.992752075195312
2005-04-01,16.754430770874023
2005-04-04,16.749937057495117
2005-04-05,16.839872360229492
2005-04-06,16.88933563232422
2005-04-07,17.141136169433594
2005-04-08,16.956787109375
2005-04-11,17.343496322631836
2005-04-12,17.397459030151367
2005-04-13,16.965774536132812
2005-04-14,16.538593292236328
2005-04-15,16.043964385986328
2005-04-18,16.331748962402344
2005-04-19,16.390214920043945
2005-04-20,16.106918334960938
2005-04-21,16.228322982788086
2005-04-22,15.787660598754883
2005-04-25,15.792153358459473
2005-04-26,15.603293418884277
2005-04-27,15.904566764831543
2005-04-28,15.855103492736816
2005-04-29,16.349735260009766
2005-05-02,16.439680099487305
2005-05-03,16.502626419067383
2005-05-04,16.83087158203125
2005-05-05,16.610546112060547
2005-05-06,16.767929077148438
2005-05-09,16.88035011291504
2005-05-10,16.547582626342773
2005-05-11,16.59255599975586
2005-05-12,16.47115135192871
2005-05-13,16.390214920043945
2005-05-16,16.624027252197266
2005-05-17,16.70496940612793
2005-05-18,16.91631317138672
2005-05-19,16.893831253051758
2005-05-20,16.718461990356445
2005-05-23,16.74544334411621
2005-05-24,16.624027252197266
2005-05-25,16.55658721923828
2005-05-26,16.74626922607422
2005-05-27,17.080461502075195
2005-05-31,17.10305404663086
2005-06-01,17.279178619384766
2005-06-02,17.270153045654297
2005-06-03,17.170795440673828
2005-06-06,16.985628128051758
2005-06-07,17.139184951782227
2005-06-08,16.990140914916992
2005-06-09,16.719165802001953
2005-06-10,16.74626922607422
2005-06-13,16.74626922607422
2005-06-14,16.692073822021484
2005-06-15,16.547550201416016
2005-06-16,16.61979866027832
2005-06-17,16.601743698120117
2005-06-20,16.628843307495117
2005-06-21,16.732715606689453
2005-06-22,16.70111083984375
2005-06-23,16.457231521606445
2005-06-24,16.28559684753418
2005-06-27,16.195283889770508
2005-06-28,16.51141357421875
2005-06-29,16.592710494995117
2005-06-30,16.43012809753418
2005-07-01,16.651424407958984
2005-07-05,16.692073822021484
2005-07-06,16.466257095336914
2005-07-07,16.47528839111328
2005-07-08,16.615297317504883
2005-07-11,16.61979866027832
2005-07-12,16.655935287475586
2005-07-13,16.954023361206055
2005-07-14,17.243051528930664
2005-07-15,17.4282169342041
2005-07-18,17.554672241210938
2005-07-19,17.622425079345703
2005-07-20,17.870813369750977
2005-07-21,17.86177635192871
2005-07-22,18.647611618041992
2005-07-25,18.35856819152832
2005-07-26,18.715356826782227
2005-07-27,18.728897094726562
2005-07-28,18.909549713134766
2005-07-29,18.634061813354492
2005-08-01,18.760515213012695
2005-08-02,18.914064407348633
2005-08-03,18.751480102539062
2005-08-04,18.706310272216797
2005-08-05,18.489540100097656
2005-08-08,18.503089904785156
2005-08-09,18.602445602416992
2005-08-10,18.561798095703125
2005-08-11,18.652128219604492
2005-08-12,18.489540100097656
2005-08-15,18.548250198364258
2005-08-16,18.25469398498535
2005-08-17,18.439849853515625
2005-08-18,18.200496673583984
2005-08-19,18.28630256652832
2005-08-22,17.99726676940918
2005-08-23,18.01984405517578
2005-08-24,17.775964736938477
2005-08-25,18.02888298034668
2005-08-26,17.961132049560547
2005-08-29,18.20153045654297
2005-08-30,17.992889404296875
2005-08-31,18.46006202697754
2005-09-01,18.491804122924805
2005-09-02,18.464597702026367
2005-09-06,18.614269256591797
2005-09-07,18.682308197021484
2005-09-08,18.491804122924805
2005-09-09,18.496349334716797
2005-09-12,18.573444366455078
2005-09-13,18.43738555908203
2005-09-14,18.473665237426758
2005-09-15,18.378419876098633
2005-09-16,18.77755355834961
2005-09-19,18.38294792175293
2005-09-20,18.328521728515625
2005-09-21,18.03824806213379
2005-09-22,18.101743698120117
2005-09-23,18.2332706451416
2005-09-26,18.03824806213379
2005-09-27,18.138023376464844
2005-09-28,18.246885299682617
2005-09-29,18.305850982666016
2005-09-30,18.500877380371094
2005-10-03,18.68684196472168
2005-10-04,18.541698455810547
2005-10-05,18.09720802307129
2005-10-06,17.961130142211914
2005-10-07,18.160703659057617
2005-10-10,17.915782928466797
2005-10-11,17.915782928466797
2005-10-12,17.843210220336914
2005-10-13,17.847747802734375
2005-10-14,18.03824806213379
2005-10-17,18.024635314941406
2005-10-18,17.865896224975586
2005-10-19,18.224205017089844
2005-10-20,17.838680267333984
2005-10-21,17.285327911376953
2005-10-24,17.793317794799805
2005-10-25,17.64364242553711
2005-10-26,17.711685180664062
2005-10-27,17.416858673095703
2005-10-28,17.503034591674805
2005-10-31,17.6799259185791
2005-11-01,17.507572174072266
2005-11-02,17.797861099243164
2005-11-03,17.852279663085938
2005-11-04,17.775178909301758
2005-11-07,17.707143783569336
2005-11-08,17.707143783569336
2005-11-09,17.806926727294922
2005-11-10,17.920320510864258
2005-11-11,18.011032104492188
2005-11-14,18.224205017089844
2005-11-15,18.09720802307129
2005-11-16,18.305850982666016
2005-11-17,18.555307388305664
2005-11-18,18.59613037109375
2005-11-21,18.650558471679688
2005-11-22,18.70498275756836
2005-11-23,18.79569435119629
2005-11-25,18.804765701293945
2005-11-28,18.649913787841797
2005-11-29,18.663576126098633
2005-11-30,18.42220687866211
2005-12-01,18.909507751464844
2005-12-02,18.727346420288086
2005-12-05,18.57250213623047
2005-12-06,18.47229766845703
2005-12-07,18.322006225585938
2005-12-08,18.426759719848633
2005-12-09,18.68179702758789
2005-12-12,18.80020523071289
2005-12-13,18.973268508911133
2005-12-14,19.014263153076172
2005-12-15,18.96416664123535
2005-12-16,18.85486602783203
2005-12-19,18.627147674560547
2005-12-20,18.53607177734375
2005-12-21,18.577056884765625
2005-12-22,18.53607177734375
2005-12-23,18.59527587890625
2005-12-27,18.513290405273438
2005-12-28,18.58159828186035
2005-12-29,18.58159828186035
2005-12-30,18.44042205810547
2006-01-03,18.89584732055664
2006-01-04,19.21921157836914
2006-01-05,19.123571395874023
2006-01-06,19.442380905151367
2006-01-09,19.71563148498535
2006-01-10,19.72473907470703
2006-01-11,19.85681915283203
2006-01-12,19.66097068786621
2006-01-13,19.67464256286621
2006-01-17,19.651865005493164
2006-01-18,19.738401412963867
2006-01-19,20.01622200012207
2006-01-20,19.738401412963867
2006-01-23,19.72473907470703
2006-01-24,19.893253326416016
2006-01-25,19.934242248535156
2006-01-26,19.934242248535156
2006-01-27,20.535411834716797
2006-01-30,21.063711166381836
2006-01-31,20.917972564697266
2006-02-01,20.990835189819336
2006-02-02,20.999948501586914
2006-02-03,20.990835189819336
2006-02-06,21.063711166381836
2006-02-07,20.58550262451172
2006-02-08,20.61738395690918
2006-02-09,20.817777633666992
2006-02-10,20.781341552734375
2006-02-13,20.913421630859375
2006-02-14,21.259550094604492
2006-02-15,21.43260383605957
2006-02-16,21.487258911132812
2006-02-17,21.350627899169922
2006-02-21,21.300535202026367
2006-02-22,21.660314559936523
2006-02-23,21.924474716186523
2006-02-24,22.089014053344727
2006-02-27,22.276399612426758
2006-02-28,21.910764694213867
2006-03-01,22.107288360595703
2006-03-02,22.079870223999023
2006-03-03,21.970186233520508
2006-03-06,21.622821807861328
2006-03-07,21.63652801513672
2006-03-08,21.39887809753418
2006-03-09,21.37144660949707
2006-03-10,21.348594665527344
2006-03-13,21.316604614257812
2006-03-14,21.581693649291992
2006-03-15,21.791929244995117
2006-03-16,21.791929244995117
2006-03-17,21.933612823486328
2006-03-20,21.924468994140625
2006-03-21,21.709665298461914
2006-03-22,22.166704177856445
2006-03-23,22.19411849975586
2006-03-24,22.418081283569336
2006-03-27,22.390655517578125
2006-03-28,22.130138397216797
2006-03-29,22.18041229248047
2006-03-30,22.18041229248047
2006-03-31,22.19411849975586
2006-04-03,22.089014053344727
2006-04-04,22.253541946411133
2006-04-05,22.45464515686035
2006-04-06,22.162137985229492
2006-04-07,21.878767013549805
2006-04-10,21.833066940307617
2006-04-11,21.641101837158203
2006-04-12,21.58625602722168
2006-04-13,21.503986358642578
2006-04-17,21.439998626708984
2006-04-18,22.35866355895996
2006-04-19,22.29011344909668
2006-04-20,22.57805061340332
2006-04-21,22.71516227722168
2006-04-24,22.655746459960938
2006-04-25,22.39980125427246
2006-04-26,22.55519676208496
2006-04-27,22.216976165771484
2006-04-28,22.738012313842773
2006-05-01,22.806568145751953
2006-05-02,22.966537475585938
2006-05-03,22.998523712158203
2006-05-04,22.948257446289062
2006-05-05,23.12193489074707
2006-05-08,23.268177032470703
2006-05-09,23.313884735107422
2006-05-10,23.574411392211914
2006-05-11,23.441865921020508
2006-05-12,22.948257446289062
2006-05-15,22.779150009155273
2006-05-16,22.87969970703125
2006-05-17,22.244403839111328
2006-05-18,22.09357452392578
2006-05-19,22.244403839111328
2006-05-22,21.833066940307617
2006-05-23,21.842206954956055
2006-05-24,22.09357452392578
2006-05-25,22.207849502563477
2006-05-26,22.43257713317871
2006-05-30,22.267467498779297
2006-05-31,22.400474548339844
2006-06-01,22.501373291015625
2006-06-02,22.547239303588867
2006-06-05,21.9785099029541
2006-06-06,21.57489776611328
2006-06-07,21.386859893798828
2006-06-08,21.0015926361084
2006-06-09,21.02910614013672
2006-06-12,20.643840789794922
2006-06-13,20.7447452545166
2006-06-14,20.68971061706543
2006-06-15,21.120840072631836
2006-06-16,21.04286766052246
2006-06-19,21.006175994873047
2006-06-20,21.01076889038086
2006-06-21,21.588651657104492
2006-06-22,21.64828872680664
2006-06-23,21.52903938293457
2006-06-26,21.634521484375
2006-06-27,21.62535285949707
2006-06-28,21.74460792541504
2006-06-29,22.53348159790039
2006-06-30,22.671079635620117
2006-07-03,22.735292434692383
2006-07-05,22.716938018798828
2006-07-06,22.657320022583008
2006-07-07,22.363786697387695
2006-07-10,22.19866943359375
2006-07-11,22.23995018005371
2006-07-12,21.854673385620117
2006-07-13,21.675804138183594
2006-07-14,21.04286766052246
2006-07-17,20.94196128845215
2006-07-18,21.01076889038086
2006-07-19,21.82257843017578
2006-07-20,21.148361206054688
2006-07-21,20.909860610961914
2006-07-24,21.35474967956543
2006-07-25,21.24009132385254
2006-07-26,21.25385093688965
2006-07-27,21.299720764160156
2006-07-28,21.703327178955078
2006-07-31,21.62076759338379
2006-08-01,21.405202865600586
2006-08-02,21.71249771118164
2006-08-03,21.808813095092773
2006-08-04,21.790462493896484
2006-08-07,21.74460792541504
2006-08-08,21.3134765625
2006-08-09,20.96489906311035
2006-08-10,21.130014419555664
2006-08-11,21.015352249145508
2006-08-14,21.015352249145508
2006-08-15,21.593250274658203
2006-08-16,22.19866943359375
2006-08-17,22.244525909423828
2006-08-18,22.116104125976562
2006-08-21,21.92806625366211
2006-08-22,21.93724250793457
2006-08-23,21.840917587280273
2006-08-24,21.767539978027344
2006-08-25,21.652873992919922
2006-08-28,21.87302589416504
2006-08-29,22.02726936340332
2006-08-30,22.100940704345703
2006-08-31,22.38640785217285
2006-09-01,22.446264266967773
2006-09-05,22.37720489501953
2006-09-06,22.077917098999023
2006-09-07,21.727989196777344
2006-09-08,21.833887100219727
2006-09-11,21.760221481323242
2006-09-12,21.843101501464844
2006-09-13,21.972021102905273
2006-09-14,21.90755844116211
2006-09-15,21.96281623840332
2006-09-18,22.179210662841797
2006-09-19,21.861513137817383
2006-09-20,21.99043846130371
2006-09-21,21.668127059936523
2006-09-22,21.437910079956055
2006-09-25,21.69115447998047
2006-09-26,21.875324249267578
2006-09-27,22.100940704345703
2006-09-28,22.041086196899414
2006-09-29,21.843101501464844
2006-10-02,21.792449951171875
2006-10-03,21.70035743713379
2006-10-04,21.6405086517334
2006-10-05,22.165401458740234
2006-10-06,22.22525405883789
2006-10-09,22.538352966308594
2006-10-10,22.317350387573242
2006-10-11,22.335758209228516
2006-10-12,22.87907600402832
2006-10-13,22.980371475219727
2006-10-16,23.385555267333984
2006-10-17,23.380952835083008
2006-10-18,23.385555267333984
2006-10-19,23.33030891418457
2006-10-20,23.367143630981445
2006-10-23,23.491455078125
2006-10-24,23.43620491027832
2006-10-25,21.958209991455078
2006-10-26,22.19302749633789
2006-10-27,22.087127685546875
2006-10-30,22.004247665405273
2006-10-31,21.8707218170166
2006-11-01,21.8707218170166
2006-11-02,21.875324249267578
2006-11-03,21.774030685424805
2006-11-06,21.833887100219727
2006-11-07,22.15619468688965
2006-11-08,22.4923152923584
2006-11-09,22.64425277709961
2006-11-10,22.943532943725586
2006-11-13,22.98497772216797
2006-11-14,23.13231658935547
2006-11-15,23.215190887451172
2006-11-16,23.12771224975586
2006-11-17,23.04483985900879
2006-11-20,23.012603759765625
2006-11-21,23.252025604248047
2006-11-22,23.482254028320312
2006-11-24,23.43620491027832
2006-11-27,22.85605239868164
2006-11-28,22.59493064880371
2006-11-29,23.024751663208008
2006-11-30,23.2465763092041
2006-12-01,22.710474014282227
2006-12-04,23.13104248046875
2006-12-05,23.075571060180664
2006-12-06,23.061721801757812
2006-12-07,22.992387771606445
2006-12-08,22.946178436279297
2006-12-11,22.90458106994629
2006-12-12,22.72433853149414
2006-12-13,22.69660758972168
2006-12-14,22.775184631347656
2006-12-15,22.890714645385742
2006-12-18,22.770549774169922
2006-12-19,22.80290985107422
2006-12-20,22.72433853149414
2006-12-21,22.585693359375
2006-12-22,22.51174545288086
2006-12-26,22.57645606994629
2006-12-27,22.8491268157959
2006-12-28,22.715103149414062
2006-12-29,22.65501594543457
2007-01-03,22.553348541259766
2007-01-04,22.650394439697266
2007-01-05,22.36847686767578
2007-01-08,22.391582489013672
2007-01-09,22.502511978149414
2007-01-10,22.433189392089844
2007-01-11,22.613422393798828
2007-01-12,22.69660758972168
2007-01-16,22.53948211669922
2007-01-17,22.405452728271484
2007-01-18,22.382347106933594
2007-01-19,22.59031867980957
2007-01-22,22.31764030456543
2007-01-23,22.442426681518555
2007-01-24,22.48863983154297
2007-01-25,22.086565017700195
2007-01-26,21.938669204711914
2007-01-29,22.040348052978516
2007-01-30,22.179004669189453
2007-01-31,22.92306900024414
2007-02-01,23.39446258544922
2007-02-02,23.232715606689453
2007-02-05,23.399099349975586
2007-02-06,23.302038192749023
2007-02-07,23.436063766479492
2007-02-08,23.380605697631836
2007-02-09,23.21885108947754
2007-02-12,23.297405242919922
2007-02-13,23.297405242919922
2007-02-14,23.375988006591797
2007-02-15,23.31128692626953
2007-02-16,23.126420974731445
2007-02-20,23.38985252380371
2007-02-21,23.380605697631836
2007-02-22,23.08483123779297
2007-02-23,22.821401596069336
2007-02-26,22.74021339416504
2007-02-27,22.062925338745117
2007-02-28,22.16962242126465
2007-03-01,22.304149627685547
2007-03-02,21.88665008544922
2007-03-05,21.663976669311523
2007-03-06,21.89591407775879
2007-03-07,21.858808517456055
2007-03-08,22.137147903442383
2007-03-09,22.118587493896484
2007-03-12,22.35517692565918
2007-03-13,21.78458595275879
2007-03-14,21.94230842590332
2007-03-15,22.146425247192383
2007-03-16,22.03508949279785
2007-03-19,22.22064208984375
2007-03-20,22.243844985961914
2007-03-21,22.61495590209961
2007-03-22,22.59177017211914
2007-03-23,22.642791748046875
2007-03-26,22.62887954711914
2007-03-27,22.577848434448242
2007-03-28,22.429399490356445
2007-03-29,22.619600296020508
2007-03-30,22.642791748046875
2007-04-02,22.545379638671875
2007-04-03,22.768047332763672
2007-04-04,22.837631225585938
2007-04-05,22.80052375793457
2007-04-09,22.610322952270508
2007-04-10,22.447959899902344
2007-04-11,22.13250732421875
2007-04-12,22.327341079711914
2007-04-13,22.35517692565918
2007-04-16,22.679901123046875
2007-04-17,22.828357696533203
2007-04-18,22.721656799316406
2007-04-19,22.768047332763672
2007-04-20,23.171648025512695
2007-04-23,23.36183738708496
2007-04-24,23.255136489868164
2007-04-25,22.587133407592773
2007-04-26,22.735572814941406
2007-04-27,22.642791748046875
2007-04-30,22.322702407836914
2007-05-01,22.271684646606445
2007-05-02,22.526819229125977
2007-05-03,22.46651840209961
2007-05-04,22.424760818481445
2007-05-07,22.52217674255371
2007-05-08,22.62887954711914
2007-05-09,22.684545516967773
2007-05-10,22.225290298461914
2007-05-11,22.243844985961914
2007-05-14,22.318069458007812
2007-05-15,22.308788299560547
2007-05-16,22.383005142211914
2007-05-17,22.229923248291016
2007-05-18,22.49435043334961
2007-05-21,22.80052375793457
2007-05-22,22.9304141998291
2007-05-23,23.078847885131836
2007-05-24,22.8608341217041
2007-05-25,22.81443214416504
2007-05-29,22.76554298400879
2007-05-30,22.989059448242188
2007-05-31,23.30569839477539
2007-06-01,23.436077117919922
2007-06-04,23.352264404296875
2007-06-05,23.44072914123535
2007-06-06,23.068208694458008
2007-06-07,22.79348373413086
2007-06-08,23.315000534057617
2007-06-11,23.72011947631836
2007-06-12,23.580427169799805
2007-06-13,24.600200653076172
2007-06-14,24.777151107788086
2007-06-15,24.84699821472168
2007-06-18,24.511722564697266
2007-06-19,24.64676284790039
2007-06-20,24.455848693847656
2007-06-21,24.418596267700195
2007-06-22,24.125240325927734
2007-06-25,23.785303115844727
2007-06-26,23.82721519470215
2007-06-27,23.892414093017578
2007-06-28,23.74806022644043
2007-06-29,23.817901611328125
2007-07-02,24.306835174560547
2007-07-03,24.129898071289062
2007-07-05,24.022804260253906
2007-07-06,24.334774017333984
2007-07-09,24.427915573120117
2007-07-10,24.032106399536133
2007-07-11,24.232332229614258
2007-07-12,24.786460876464844
2007-07-13,24.786460876464844
2007-07-16,25.145004272460938
2007-07-17,25.307981491088867
2007-07-18,24.977371215820312
2007-07-19,25.349895477294922
2007-07-20,24.935462951660156
2007-07-23,25.16363525390625
2007-07-24,24.209056854248047
2007-07-25,23.315000534057617
2007-07-26,23.14272117614746
2007-07-27,23.165998458862305
2007-07-30,23.45469856262207
2007-07-31,23.74806022644043
2007-08-01,23.61767578125
2007-08-02,24.046077728271484
2007-08-03,23.82721519470215
2007-08-06,24.19041633605957
2007-08-07,23.892414093017578
2007-08-08,23.80859375
2007-08-09,22.90988540649414
2007-08-10,23.473323822021484
2007-08-13,23.384857177734375
2007-08-14,22.989059448242188
2007-08-15,22.770204544067383
2007-08-16,22.5001277923584
2007-08-17,23.003019332885742
2007-08-20,23.179962158203125
2007-08-21,22.756235122680664
2007-08-22,23.245161056518555
2007-08-23,22.886615753173828
2007-08-24,22.951799392700195
2007-08-27,22.746917724609375
2007-08-28,22.12760353088379
2007-08-29,22.726154327392578
2007-08-30,22.726154327392578
2007-08-31,23.100242614746094
2007-09-04,23.175064086914062
2007-09-05,22.618600845336914
2007-09-06,23.00204849243164
2007-09-07,22.408172607421875
2007-09-10,22.062137603759766
2007-09-11,22.51105308532715
2007-09-12,22.32868766784668
2007-09-13,22.604576110839844
2007-09-14,22.68874740600586
2007-09-17,22.482990264892578
2007-09-18,23.27326202392578
2007-09-19,23.927928924560547
2007-09-20,23.52577018737793
2007-09-21,23.736217498779297
2007-09-24,23.77829360961914
2007-09-25,23.680095672607422
2007-09-26,23.899873733520508
2007-09-27,23.8577823638916
2007-09-28,23.825057983398438
2007-10-01,24.00273895263672
2007-10-02,23.82973861694336
2007-10-03,23.521100997924805
2007-10-04,23.558513641357422
2007-10-05,24.035480499267578
2007-10-08,23.876493453979492
2007-10-09,23.92324447631836
2007-10-10,23.37614631652832
2007-10-11,23.22650146484375
2007-10-12,23.390165328979492
2007-10-15,22.94593620300293
2007-10-16,22.772920608520508
2007-10-17,22.880470275878906
2007-10-18,22.81967544555664
2007-10-19,22.595230102539062
2007-10-22,22.684064865112305
2007-10-23,23.07686424255371
2007-10-24,21.875099182128906
2007-10-25,21.468265533447266
2007-10-26,21.50100326538086
2007-10-29,21.187702178955078
2007-10-30,21.229778289794922
2007-10-31,21.51035499572754
2007-11-01,20.794889450073242
2007-11-02,21.084821701049805
2007-11-05,21.168989181518555
2007-11-06,21.51502799987793
2007-11-07,20.734106063842773
2007-11-08,21.505678176879883
2007-11-09,21.463592529296875
2007-11-12,21.49165153503418
2007-11-13,21.83768653869629
2007-11-14,22.11825180053711
2007-11-15,21.842355728149414
2007-11-16,21.64128303527832
2007-11-19,21.37006187438965
2007-11-20,21.426179885864258
2007-11-21,21.01935577392578
2007-11-23,21.388774871826172
2007-11-26,20.972597122192383
2007-11-27,21.323312759399414
2007-11-28,22.074798583984375
2007-11-29,21.9010066986084
2007-11-30,21.736621856689453
2007-12-03,21.482994079589844
2007-12-04,21.342090606689453
2007-12-05,21.576923370361328
2007-12-06,22.074798583984375
2007-12-07,21.943279266357422
2007-12-10,22.309627532958984
2007-12-11,21.497079849243164
2007-12-12,21.534658432006836
2007-12-13,21.684955596923828
2007-12-14,21.412538528442383
2007-12-17,20.9334774017334
2007-12-18,21.346797943115234
2007-12-19,21.360872268676758
2007-12-20,21.482994079589844
2007-12-21,21.872825622558594
2007-12-24,22.1875057220459
2007-12-26,21.872825622558594
2007-12-27,21.492389678955078
2007-12-28,21.83995246887207
2007-12-31,21.647382736206055
2008-01-02,20.86302375793457
2008-01-03,20.801963806152344
2008-01-04,19.970643997192383
2008-01-07,19.35066795349121
2008-01-08,18.124805450439453
2008-01-09,17.99799346923828
2008-01-10,18.542821884155273
2008-01-11,17.73497200012207
2008-01-14,17.777259826660156
2008-01-15,17.265296936035156
2008-01-16,17.180763244628906
2008-01-17,16.814409255981445
2008-01-18,16.696989059448242
2008-01-22,16.856685638427734
2008-01-23,17.19955062866211
2008-01-24,17.119701385498047
2008-01-25,17.68800926208496
2008-01-28,17.551809310913086
2008-01-29,18.035572052001953
2008-01-30,19.28490447998047
2008-01-31,18.923254013061523
2008-02-01,19.984731674194336
2008-02-04,19.909582138061523
2008-02-05,19.486867904663086
2008-02-06,19.298999786376953
2008-02-07,19.449295043945312
2008-02-08,19.233243942260742
2008-02-11,19.486867904663086
2008-02-12,19.749889373779297
2008-02-13,20.40743637084961
2008-02-14,19.86731719970703
2008-02-15,19.745195388793945
2008-02-19,19.984731674194336
2008-02-20,20.33698272705078
2008-02-21,20.01760482788086
2008-02-22,20.036388397216797
2008-02-25,20.365169525146484
2008-02-26,20.299413681030273
2008-02-27,20.275808334350586
2008-02-28,19.90304946899414
2008-02-29,19.586902618408203
2008-03-03,19.841705322265625
2008-03-04,19.520837783813477
2008-03-05,19.775651931762695
2008-03-06,19.34624481201172
2008-03-07,19.303789138793945
2008-03-10,18.742271423339844
2008-03-11,19.695430755615234
2008-03-12,19.685993194580078
2008-03-13,19.638811111450195
2008-03-14,19.12447738647461
2008-03-17,18.883827209472656
2008-03-18,19.822834014892578
2008-03-19,19.22828483581543
2008-03-20,19.369844436645508
2008-03-24,19.761489868164062
2008-03-25,20.17671775817871
2008-03-26,19.879451751708984
2008-03-27,19.46894645690918
2008-03-28,19.44534683227539
2008-03-31,19.71430206298828
2008-04-01,20.728801727294922
2008-04-02,20.606117248535156
2008-04-03,20.60140037536621
2008-04-04,20.964736938476562
2008-04-07,20.709930419921875
2008-04-08,20.53533363342285
2008-04-09,20.511749267578125
2008-04-10,20.648582458496094
2008-04-11,19.978546142578125
2008-04-14,20.525909423828125
2008-04-15,20.733524322509766
2008-04-16,21.276159286499023
2008-04-17,21.719717025756836
2008-04-18,22.040573120117188
2008-04-21,22.07360076904297
2008-04-22,21.766889572143555
2008-04-23,21.804643630981445
2008-04-24,22.672861099243164
2008-04-25,22.625675201416016
2008-04-28,22.861602783203125
2008-04-29,23.588275909423828
2008-04-30,23.342906951904297
2008-05-01,24.05068588256836
2008-05-02,23.890262603759766
2008-05-05,24.031814575195312
2008-05-06,24.12147331237793
2008-05-07,24.286623001098633
2008-05-08,24.43290901184082
2008-05-09,24.442346572875977
2008-05-12,24.98969841003418
2008-05-13,25.060483932495117
2008-05-14,25.38134765625
2008-05-15,25.56536293029785
2008-05-16,25.466270446777344
2008-05-19,25.26338005065918
2008-05-20,25.206750869750977
2008-05-21,25.013286590576172
2008-05-22,24.867002487182617
2008-05-23,24.63579750061035
2008-05-27,24.805667877197266
2008-05-28,25.317235946655273
2008-05-29,25.520896911621094
2008-05-30,25.615636825561523
2008-06-02,25.146713256835938
2008-06-03,25.260379791259766
2008-06-04,25.426177978515625
2008-06-05,25.56826400756836
2008-06-06,24.597265243530273
2008-06-09,24.687255859375
2008-06-10,24.64462661743164
2008-06-11,23.602563858032227
2008-06-12,24.114124298095703
2008-06-13,24.474105834960938
2008-06-16,24.45990562438965
2008-06-17,24.620943069458008
2008-06-18,24.384117126464844
2008-06-19,24.758296966552734
2008-06-20,24.1851749420166
2008-06-23,24.715681076049805
2008-06-24,24.24201774597168
2008-06-25,24.033601760864258
2008-06-26,23.072071075439453
2008-06-27,22.702613830566406
2008-06-30,22.911026000976562
2008-07-01,22.896808624267578
2008-07-02,22.328426361083984
2008-07-03,22.23369026184082
2008-07-07,22.285791397094727
2008-07-08,22.6978816986084
2008-07-09,22.04896354675293
2008-07-10,22.120014190673828
2008-07-11,21.9068603515625
2008-07-14,21.840553283691406
2008-07-15,21.731603622436523
2008-07-16,22.569990158081055
2008-07-17,23.247325897216797
2008-07-18,23.233116149902344
2008-07-21,23.441524505615234
2008-07-22,23.962554931640625
2008-07-23,23.41310691833496
2008-07-24,23.001012802124023
2008-07-25,23.450992584228516
2008-07-28,23.095746994018555
2008-07-29,23.66889190673828
2008-07-30,24.014652252197266
2008-07-31,23.507837295532227
2008-08-01,23.001012802124023
2008-08-04,22.6268253326416
2008-08-05,23.038904190063477
2008-08-06,23.74466323852539
2008-08-07,22.95365333557129
2008-08-08,23.488893508911133
2008-08-11,23.564668655395508
2008-08-12,23.673620223999023
2008-08-13,23.233116149902344
2008-08-14,23.261531829833984
2008-08-15,23.758880615234375
2008-08-18,23.569406509399414
2008-08-19,23.072071075439453
2008-08-20,23.280485153198242
2008-08-21,23.091014862060547
2008-08-22,23.569406509399414
2008-08-25,23.015230178833008
2008-08-26,22.7926025390625
2008-08-27,22.840227127075195
2008-08-28,23.78773307800293
2008-08-29,23.51158332824707
2008-09-02,23.416351318359375
2008-09-03,23.592512130737305
2008-09-04,22.02126693725586
2008-09-05,21.745115280151367
2008-09-08,22.116491317749023
2008-09-09,21.24040985107422
2008-09-10,21.721302032470703
2008-09-11,21.8450984954834
2008-09-12,22.183147430419922
2008-09-15,21.516569137573242
2008-09-16,22.130783081054688
2008-09-17,21.44513511657715
2008-09-18,20.77379035949707
2008-09-19,22.002220153808594
2008-09-22,21.392765045166016
2008-09-23,20.30241584777832
2008-09-24,20.021493911743164
2008-09-25,20.069110870361328
2008-09-26,19.964359283447266
2008-09-29,18.502635955810547
2008-09-30,19.307294845581055
2008-10-01,18.907339096069336
2008-10-02,17.44084358215332
2008-10-03,17.0218448638916
2008-10-06,16.717117309570312
2008-10-07,15.426796913146973
2008-10-08,15.807705879211426
2008-10-09,14.926850318908691
2008-10-10,15.617250442504883
2008-10-13,16.25526237487793
2008-10-14,16.402870178222656
2008-10-15,14.650690078735352
2008-10-16,15.331563949584961
2008-10-17,14.807819366455078
2008-10-20,14.993507385253906
2008-10-21,14.441195487976074
2008-10-22,13.341322898864746
2008-10-23,12.984219551086426
2008-10-24,12.508077621459961
2008-10-27,12.469987869262695
2008-10-28,13.87935733795166
2008-10-29,13.941248893737793
2008-10-30,14.960183143615723
2008-10-31,15.126826286315918
2008-11-03,15.336326599121094
2008-11-04,15.626771926879883
2008-11-05,15.093496322631836
2008-11-06,14.322152137756348
2008-11-07,14.684021949768066
2008-11-10,14.569748878479004
2008-11-11,14.255492210388184
2008-11-12,13.550814628601074
2008-11-13,14.845904350280762
2008-11-14,13.907914161682129
2008-11-17,13.631755828857422
2008-11-18,13.546051979064941
2008-11-19,12.62235164642334
2008-11-20,11.412969589233398
2008-11-21,12.12717056274414
2008-11-24,13.146103858947754
2008-11-25,13.170121192932129
2008-11-26,14.015779495239258
2008-11-28,14.332901954650879
2008-12-01,13.069225311279297
2008-12-02,13.70346736907959
2008-12-03,13.655417442321777
2008-12-04,13.314271926879883
2008-12-05,13.074030876159668
2008-12-08,13.934101104736328
2008-12-09,13.895663261413574
2008-12-10,14.097458839416504
2008-12-11,13.717881202697754
2008-12-12,14.236810684204102
2008-12-15,14.044610977172852
2008-12-16,14.890260696411133
2008-12-17,15.05843734741211
2008-12-18,14.822998046875
2008-12-19,15.260241508483887
2008-12-22,14.76534366607666
2008-12-23,14.606783866882324
2008-12-24,14.717286109924316
2008-12-26,14.952730178833008
2008-12-29,14.76534366607666
2008-12-30,15.404388427734375
2008-12-31,15.817605018615723
2009-01-02,16.735332489013672
2009-01-05,17.129331588745117
2009-01-06,17.14374351501465
2009-01-07,16.62963104248047
2009-01-08,16.826627731323242
2009-01-09,15.928115844726562
2009-01-12,15.36114501953125
2009-01-13,15.452439308166504
2009-01-14,14.794163703918457
2009-01-15,14.947925567626953
2009-01-16,14.99117660522461
2009-01-20,14.155120849609375
2009-01-21,14.986360549926758
2009-01-22,14.525101661682129
2009-01-23,14.481856346130371
2009-01-26,14.169541358947754
2009-01-27,14.606783866882324
2009-01-28,15.399590492248535
2009-01-29,14.404976844787598
2009-01-30,13.588149070739746
2009-02-02,13.621779441833496
2009-02-03,14.280049324035645
2009-02-04,14.361729621887207
2009-02-05,14.539509773254395
2009-02-06,14.755729675292969
2009-02-09,14.97675609588623
2009-02-10,14.227202415466309
2009-02-11,14.323293685913086
2009-02-12,14.150322914123535
2009-02-13,14.265631675720215
2009-02-17,13.746709823608398
2009-02-18,13.525683403015137
2009-02-19,13.266221046447754
2009-02-20,13.102860450744629
2009-02-23,12.329270362854004
2009-02-24,12.60795783996582
2009-02-25,12.462427139282227
2009-02-26,12.316889762878418
2009-02-27,12.098593711853027
2009-03-02,11.3175687789917
2009-03-03,11.327274322509766
2009-03-04,11.666848182678223
2009-03-05,10.880972862243652
2009-03-06,10.827610969543457
2009-03-09,10.701483726501465
2009-03-10,11.501909255981445
2009-03-11,11.68139934539795
2009-03-12,12.04038143157959
2009-03-13,12.045234680175781
2009-03-16,12.113142967224121
2009-03-17,12.19561767578125
2009-03-18,12.695280075073242
2009-03-19,12.641916275024414
2009-03-20,12.12769889831543
2009-03-23,13.073657989501953
2009-03-24,13.044554710388184
2009-03-25,12.845661163330078
2009-03-26,13.43264102935791
2009-03-27,13.12702465057373
2009-03-30,12.491527557373047
2009-03-31,12.797147750854492
2009-04-01,12.981494903564453
2009-04-02,14.024474143981934
2009-04-03,14.378597259521484
2009-04-06,14.271880149841309
2009-04-07,14.092387199401855
2009-04-08,14.242775917053223
2009-04-09,15.693241119384766
2009-04-13,15.329413414001465
2009-04-14,15.445834159851074
2009-04-15,14.786091804504395
2009-04-16,15.610770225524902
2009-04-17,15.601080894470215
2009-04-20,14.776392936706543
2009-04-21,15.421586036682129
2009-04-22,15.523457527160645
2009-04-23,15.028648376464844
2009-04-24,15.445834159851074
2009-04-27,14.718178749084473
2009-04-28,14.436811447143555
2009-04-29,15.077157974243164
2009-04-30,14.931623458862305
2009-05-01,15.00924301147461
2009-05-04,15.557417869567871
2009-05-05,15.353668212890625
2009-05-06,15.795123100280762
2009-05-07,15.751456260681152
2009-05-08,16.508228302001953
2009-05-11,16.0667781829834
2009-05-12,15.853327751159668
2009-05-13,15.018941879272461
2009-05-14,15.028648376464844
2009-05-15,15.111114501953125
2009-05-18,15.698088645935059
2009-05-19,15.659290313720703
2009-05-20,15.455541610717773
2009-05-21,14.941324234008789
2009-05-22,14.989838600158691
2009-05-26,15.421586036682129
2009-05-27,15.098875045776367
2009-05-28,15.162434577941895
2009-05-29,15.372688293457031
2009-06-01,16.39459991455078
2009-06-02,16.956892013549805
2009-06-03,16.727088928222656
2009-06-04,17.264936447143555
2009-06-05,17.450740814208984
2009-06-08,17.357839584350586
2009-06-09,17.528968811035156
2009-06-10,17.46541404724121
2009-06-11,17.70010757446289
2009-06-12,17.68054962158203
2009-06-15,17.00090217590332
2009-06-16,16.756427764892578
2009-06-17,16.707536697387695
2009-06-18,16.46306037902832
2009-06-19,16.41415786743164
2009-06-22,15.617172241210938
2009-06-23,15.612276077270508
2009-06-24,15.62694263458252
2009-06-25,16.115907669067383
2009-06-26,16.150123596191406
2009-06-29,16.404382705688477
2009-06-30,16.179462432861328
2009-07-01,16.33592414855957
2009-07-02,15.754075050354004
2009-07-06,15.62205982208252
2009-07-07,15.181994438171387
2009-07-08,15.010862350463867
2009-07-09,15.035309791564941
2009-07-10,15.411808013916016
2009-07-13,15.631836891174316
2009-07-14,15.807852745056152
2009-07-15,16.2576904296875
2009-07-16,16.58529281616211
2009-07-17,16.48261260986328
2009-07-20,16.961790084838867
2009-07-21,17.01556968688965
2009-07-22,17.20137596130371
2009-07-23,17.85657501220703
2009-07-24,17.172042846679688
2009-07-27,16.873777389526367
2009-07-28,16.634185791015625
2009-07-29,16.35548210144043
2009-07-30,16.42393684387207
2009-07-31,16.629301071166992
2009-08-03,16.859106063842773
2009-08-04,16.956892013549805
2009-08-05,16.629301071166992
2009-08-06,16.595073699951172
2009-08-07,16.795543670654297
2009-08-10,16.46306037902832
2009-08-11,16.316370010375977
2009-08-12,16.702638626098633
2009-08-13,16.956892013549805
2009-08-14,16.751537322998047
2009-08-17,16.287031173706055
2009-08-18,16.634185791015625
2009-08-19,16.751537322998047
2009-08-20,16.863996505737305
2009-08-21,17.367618560791016
2009-08-24,17.38718032836914
2009-08-25,17.607202529907227
2009-08-26,17.382293701171875
2009-08-27,17.643341064453125
2009-08-28,17.42168617248535
2009-08-31,17.037494659423828
2009-09-01,16.668081283569336
2009-09-02,16.6138973236084
2009-09-03,16.79121971130371
2009-09-04,17.2049617767334
2009-09-08,17.30840301513672
2009-09-09,17.938867568969727
2009-09-10,18.25411033630371
2009-09-11,18.44620704650879
2009-09-14,18.702333450317383
2009-09-15,18.761442184448242
2009-09-16,18.973247528076172
2009-09-17,19.042203903198242
2009-09-18,19.391918182373047
2009-09-21,19.052047729492188
2009-09-22,19.14563751220703
2009-09-23,18.8205509185791
2009-09-24,18.608755111694336
2009-09-25,18.559499740600586
2009-09-28,18.889507293701172
2009-09-29,19.042203903198242
2009-09-30,19.09145736694336
2009-10-01,18.239337921142578
2009-10-02,18.121118545532227
2009-10-05,18.584115982055664
2009-10-06,18.692489624023438
2009-10-07,18.65308952331543
2009-10-08,19.037275314331055
2009-10-09,19.41162109375
2009-10-12,19.46087074279785
2009-10-13,19.2293643951416
2009-10-14,19.766258239746094
2009-10-15,19.869699478149414
2009-10-16,19.628334045410156
2009-10-19,19.820438385009766
2009-10-20,19.751476287841797
2009-10-21,19.608640670776367
2009-10-22,19.96820831298828
2009-10-23,19.042203903198242
2009-10-26,19.199817657470703
2009-10-27,18.71710777282715
2009-10-28,18.465909957885742
2009-10-29,19.1013126373291
2009-10-30,18.559499740600586
2009-11-02,18.776216506958008
2009-11-03,19.047115325927734
2009-11-04,19.061899185180664
2009-11-05,19.766258239746094
2009-11-06,19.76132583618164
2009-11-09,20.37701988220215
2009-11-10,20.460758209228516
2009-11-11,20.510021209716797
2009-11-12,20.224332809448242
2009-11-13,20.33761978149414
2009-11-16,21.11585807800293
2009-11-17,20.968090057373047
2009-11-18,20.90406036376953
2009-11-19,20.613454818725586
2009-11-20,20.37701988220215
2009-11-23,20.56419563293457
2009-11-24,20.57404136657715
2009-11-25,20.638486862182617
2009-11-27,20.11310386657715
2009-11-30,20.26179313659668
2009-12-01,20.47987174987793
2009-12-02,20.47987174987793
2009-12-03,20.27665901184082
2009-12-04,20.618654251098633
2009-12-07,20.80699920654297
2009-12-08,20.385705947875977
2009-12-09,20.27665901184082
2009-12-10,20.316314697265625
2009-12-11,20.355968475341797
2009-12-14,20.618654251098633
2009-12-15,20.499704360961914
2009-12-16,20.52448081970215
2009-12-17,20.3311824798584
2009-12-18,20.118061065673828
2009-12-21,20.296497344970703
2009-12-22,20.559175491333008
2009-12-23,20.72769546508789
2009-12-24,21.089513778686523
2009-12-28,21.044904708862305
2009-12-29,20.891258239746094
2009-12-30,20.906126022338867
2009-12-31,20.623607635498047
2010-01-04,20.995344161987305
2010-01-05,20.896217346191406
2010-01-06,21.144031524658203
2010-01-07,21.609939575195312
2010-01-08,22.22948455810547
2010-01-11,22.497146606445312
2010-01-12,22.576431274414062
2010-01-13,22.78460121154785
2010-01-14,23.01259994506836
2010-01-15,22.596256256103516
2010-01-19,22.749908447265625
2010-01-20,22.526872634887695
2010-01-21,22.22948455810547
2010-01-22,21.69419288635254
2010-01-25,21.436458587646484
2010-01-26,21.292722702026367
2010-01-27,21.21837615966797
2010-01-28,21.074644088745117
2010-01-29,21.253074645996094
2010-02-01,21.545503616333008
2010-02-02,21.966800689697266
2010-02-03,21.87262725830078
2010-02-04,21.193603515625
2010-02-05,20.56413459777832
2010-02-08,20.34605598449707
2010-02-09,20.846649169921875
2010-02-10,20.861520767211914
2010-02-11,21.253074645996094
2010-02-12,21.173776626586914
2010-02-16,21.634721755981445
2010-02-17,22.031232833862305
2010-02-18,22.52191162109375
2010-02-19,22.83912467956543
2010-02-22,22.809396743774414
2010-02-23,22.27409553527832
2010-02-24,22.284059524536133
2010-02-25,22.239200592041016
2010-02-26,22.563234329223633
2010-03-01,22.8125057220459
2010-03-02,23.006925582885742
2010-03-03,22.89226722717285
2010-03-04,22.967044830322266
2010-03-05,23.440637588500977
2010-03-08,23.266159057617188
2010-03-09,23.19137954711914
2010-03-10,23.096656799316406
2010-03-11,23.13654136657715
2010-03-12,23.146522521972656
2010-03-15,23.05179786682129
2010-03-16,23.111614227294922
2010-03-17,23.395769119262695
2010-03-18,23.475536346435547
2010-03-19,23.196369171142578
2010-03-22,23.141525268554688
2010-03-23,23.620107650756836
2010-03-24,23.131563186645508
2010-03-25,23.021881103515625
2010-03-26,22.967044830322266
2010-03-29,23.25119972229004
2010-03-30,23.490495681762695
2010-03-31,23.306045532226562
2010-04-01,23.430673599243164
2010-04-05,23.704856872558594
2010-04-06,23.75471305847168
2010-04-07,23.600160598754883
2010-04-08,23.500471115112305
2010-04-09,23.939170837402344
2010-04-12,23.83946990966797
2010-04-13,23.8643856048584
2010-04-14,24.27318000793457
2010-04-15,24.183435440063477
2010-04-16,23.819520950317383
2010-04-19,23.804563522338867
2010-04-20,24.053823471069336
2010-04-21,24.37288475036621
2010-04-22,25.050872802734375
2010-04-23,27.020061492919922
2010-04-26,26.725921630859375
2010-04-27,25.793670654296875
2010-04-28,25.943241119384766
2010-04-29,26.347042083740234
2010-04-30,26.03297233581543
2010-05-03,26.626218795776367
2010-05-04,25.883403778076172
2010-05-05,25.7238826751709
2010-05-06,24.298107147216797
2010-05-07,23.944150924682617
2010-05-10,25.39486312866211
2010-05-11,25.160558700561523
2010-05-12,25.808635711669922
2010-05-13,25.335033416748047
2010-05-14,24.6719970703125
2010-05-17,24.676986694335938
2010-05-18,24.048843383789062
2010-05-19,23.520401000976562
2010-05-20,22.039785385131836
2010-05-21,22.15943717956543
2010-05-24,21.93011474609375
2010-05-25,21.76559829711914
2010-05-26,21.941129684448242
2010-05-27,22.87393569946289
2010-05-28,22.512847900390625
2010-06-01,21.926069259643555
2010-06-02,22.64826011657715
2010-06-03,22.979257583618164
2010-06-04,21.59007453918457
2010-06-07,21.0534610748291
2010-06-08,21.20891761779785
2010-06-09,21.409521102905273
2010-06-10,22.392488479614258
2010-06-11,22.638225555419922
2010-06-14,22.773632049560547
2010-06-15,23.540950775146484
2010-06-16,23.27013397216797
2010-06-17,23.04445457458496
2010-06-18,22.883968353271484
2010-06-21,23.230010986328125
2010-06-22,22.312244415283203
2010-06-23,22.242036819458008
2010-06-24,21.715452194213867
2010-06-25,22.136720657348633
2010-06-28,21.956165313720703
2010-06-29,21.01834487915039
2010-06-30,20.958171844482422
2010-07-01,20.71743392944336
2010-07-02,20.617137908935547
2010-07-06,20.89297103881836
2010-07-07,21.625179290771484
2010-07-08,21.86087989807129
2010-07-09,22.151763916015625
2010-07-12,21.79067039489746
2010-07-13,22.2570743560791
2010-07-14,22.312244415283203
2010-07-15,22.11665153503418
2010-07-16,21.354368209838867
2010-07-19,21.615142822265625
2010-07-20,21.906015396118164
2010-07-21,22.216955184936523
2010-07-22,23.08958625793457
2010-07-23,23.94216537475586
2010-07-26,24.34337043762207
2010-07-27,23.766626358032227
2010-07-28,23.736539840698242
2010-07-29,23.93714141845703
2010-07-30,24.05750846862793
2010-08-02,24.51388168334961
2010-08-03,24.353391647338867
2010-08-04,24.75460433959961
2010-08-05,24.59914207458496
2010-08-06,24.66934585571289
2010-08-09,24.579082489013672
2010-08-10,24.79973793029785
2010-08-11,23.500829696655273
2010-08-12,23.375452041625977
2010-08-13,23.275146484375
2010-08-16,23.265117645263672
2010-08-17,23.81678009033203
2010-08-18,23.831823348999023
2010-08-19,23.300220489501953
2010-08-20,23.159799575805664
2010-08-23,22.758588790893555
2010-08-24,22.297195434570312
2010-08-25,22.18686866760254
2010-08-26,22.242036819458008
2010-08-27,22.885446548461914
2010-08-30,22.441373825073242
2010-08-31,22.58770751953125
2010-09-01,24.056217193603516
2010-09-02,24.454879760742188
2010-09-03,24.833377838134766
2010-09-07,24.54067039489746
2010-09-08,24.575998306274414
2010-09-09,24.692062377929688
2010-09-10,24.828319549560547
2010-09-13,25.22193717956543
2010-09-14,25.43388557434082
2010-09-15,25.33295249938965
2010-09-16,25.151287078857422
2010-09-17,25.529767990112305
2010-09-20,26.16055679321289
2010-09-21,25.928434371948242
2010-09-22,25.555002212524414
2010-09-23,25.060449600219727
2010-09-24,26.145423889160156
2010-09-27,25.726579666137695
2010-09-28,25.968807220458984
2010-09-29,26.180757522583008
2010-09-30,26.347291946411133
2010-10-01,26.50373077392578
2010-10-04,26.301868438720703
2010-10-05,27.412076950073242
2010-10-06,27.240495681762695
2010-10-07,27.598777770996094
2010-10-08,27.52310562133789
2010-10-11,27.28591537475586
2010-10-12,27.27582550048828
2010-10-13,27.598777770996094
2010-10-14,27.27077865600586
2010-10-15,27.260690689086914
2010-10-18,27.043685913085938
2010-10-19,26.584463119506836
2010-10-20,27.14966583251953
2010-10-21,27.64925765991211
2010-10-22,26.83678436279297
2010-10-25,26.94780158996582
2010-10-26,26.83173942565918
2010-10-27,26.680343627929688
2010-10-28,26.705581665039062
2010-10-29,26.796409606933594
2010-11-01,27.00836944580078
2010-11-02,27.21527099609375
2010-11-03,27.27582550048828
2010-11-04,27.8612060546875
2010-11-05,27.795604705810547
2010-11-08,27.52310562133789
2010-11-09,27.442358016967773
2010-11-10,27.679536819458008
2010-11-11,27.795604705810547
2010-11-12,27.563465118408203
2010-11-15,27.699724197387695
2010-11-16,27.00836944580078
2010-11-17,26.92762565612793
2010-11-18,27.412076950073242
2010-11-19,27.68962860107422
2010-11-22,28.10344123840332
2010-11-23,27.53318977355957
2010-11-24,28.582853317260742
2010-11-26,28.250682830810547
2010-11-29,28.002212524414062
2010-11-30,27.794294357299805
2010-12-01,28.803417205810547
2010-12-02,29.300390243530273
2010-12-03,29.305461883544922
2010-12-06,29.138124465942383
2010-12-07,29.214170455932617
2010-12-08,29.482946395874023
2010-12-09,29.452529907226562
2010-12-10,29.640155792236328
2010-12-13,29.31053352355957
2010-12-14,29.275033950805664
2010-12-15,29.173625946044922
2010-12-16,29.24968147277832
2010-12-17,29.087413787841797
2010-12-20,28.94034767150879
2010-12-21,29.127975463867188
2010-12-22,29.898767471313477
2010-12-23,29.756784439086914
2010-12-27,29.640155792236328
2010-12-28,29.72635269165039
2010-12-29,29.67057991027832
2010-12-30,29.711151123046875
2010-12-31,29.640155792236328
2011-01-03,29.979907989501953
2011-01-04,29.81256866455078
2011-01-05,29.518449783325195
2011-01-06,29.188833236694336
2011-01-07,29.102628707885742
2011-01-10,29.127975463867188
2011-01-11,29.32575035095215
2011-01-12,29.858205795288086
2011-01-13,29.949485778808594
2011-01-14,30.218252182006836
2011-01-18,30.299386978149414
2011-01-19,29.51337432861328
2011-01-20,28.762859344482422
2011-01-21,28.7324275970459
2011-01-24,28.884571075439453
2011-01-25,29.148252487182617
2011-01-26,30.116825103759766
2011-01-27,30.162466049194336
2011-01-28,31.516427993774414
2011-01-31,32.50529098510742
2011-02-01,33.33185958862305
2011-02-02,33.04787826538086
2011-02-03,32.81462097167969
2011-02-04,33.10873031616211
2011-02-07,33.39270782470703
2011-02-08,33.50933074951172
2011-02-09,33.51441955566406
2011-02-10,33.76797866821289
2011-02-11,33.79332733154297
2011-02-14,34.335933685302734
2011-02-15,33.707115173339844
2011-02-16,33.788246154785156
2011-02-17,34.148292541503906
2011-02-18,34.35619354248047
2011-02-22,33.21015167236328
2011-02-23,32.201026916503906
2011-02-24,32.34107971191406
2011-02-25,32.62629318237305
2011-02-28,32.72305679321289
2011-03-01,32.412384033203125
2011-03-02,32.92169189453125
2011-03-03,33.93522262573242
2011-03-04,33.4259033203125
2011-03-07,32.50406265258789
2011-03-08,33.064308166503906
2011-03-09,32.95225524902344
2011-03-10,32.1628303527832
2011-03-11,32.44293212890625
2011-03-14,32.14753723144531
2011-03-15,31.83177375793457
2011-03-16,31.663694381713867
2011-03-17,32.26467514038086
2011-03-18,32.259605407714844
2011-03-21,33.22726821899414
2011-03-22,32.76889419555664
2011-03-23,32.763797760009766
2011-03-24,33.22726821899414
2011-03-25,33.364784240722656
2011-03-28,32.92169189453125
2011-03-29,33.06939697265625
2011-03-30,33.12541580200195
2011-03-31,33.48193359375
2011-04-01,34.24589157104492
2011-04-04,33.9199333190918
2011-04-05,33.90975570678711
2011-04-06,33.81807327270508
2011-04-07,33.5888786315918
2011-04-08,33.150882720947266
2011-04-11,33.105037689208984
2011-04-12,32.835105895996094
2011-04-13,32.82492446899414
2011-04-14,32.77398681640625
2011-04-15,33.268009185791016
2011-04-18,32.67723083496094
2011-04-19,33.787506103515625
2011-04-20,34.220420837402344
2011-04-21,34.53110885620117
2011-04-25,33.76713562011719
2011-04-26,34.3630256652832
2011-04-27,34.36812973022461
2011-04-28,34.643157958984375
2011-04-29,34.6533317565918
2011-05-02,34.286659240722656
2011-05-03,34.02179718017578
2011-05-04,33.181434631347656
2011-05-05,33.18653106689453
2011-05-06,33.31895446777344
2011-05-09,33.72132110595703
2011-05-10,34.02690124511719
2011-05-11,33.573604583740234
2011-05-12,33.3902473449707
2011-05-13,32.763797760009766
2011-05-16,32.36655044555664
2011-05-17,31.933631896972656
2011-05-18,32.44803237915039
2011-05-19,32.82492446899414
2011-05-20,32.33598709106445
2011-05-23,31.959087371826172
2011-05-24,31.70954132080078
2011-05-25,32.44293212890625
2011-05-26,32.8393669128418
2011-05-27,33.66291809082031
2011-05-31,34.389251708984375
2011-06-01,32.614295959472656
2011-06-02,32.471073150634766
2011-06-03,31.949329376220703
2011-06-06,31.806095123291016
2011-06-07,31.908411026000977
2011-06-08,31.770288467407227
2011-06-09,31.867477416992188
2011-06-10,31.115556716918945
2011-06-13,31.156478881835938
2011-06-14,32.077213287353516
2011-06-15,31.453149795532227
2011-06-16,31.84701919555664
2011-06-17,31.867477416992188
2011-06-20,32.28691864013672
2011-06-21,32.97236251831055
2011-06-22,33.03374481201172
2011-06-23,33.17696762084961
2011-06-24,32.55803298950195
2011-06-27,32.9979248046875
2011-06-28,33.89308547973633
2011-06-29,33.944252014160156
2011-06-30,34.680816650390625
2011-07-01,35.3406867980957
2011-07-05,35.28440475463867
2011-07-06,35.42251968383789
2011-07-07,35.72432327270508
2011-07-08,35.391845703125
2011-07-11,34.48133087158203
2011-07-12,33.79079055786133
2011-07-13,33.92378234863281
2011-07-14,33.50433349609375
2011-07-15,33.744754791259766
2011-07-18,33.59130096435547
2011-07-19,34.30742645263672
2011-07-20,34.04652786254883
2011-07-21,33.944252014160156
2011-07-22,34.18976974487305
2011-07-25,34.077232360839844
2011-07-26,33.028621673583984
2011-07-27,31.535005569458008
2011-07-28,30.900720596313477
2011-07-29,30.931396484375
2011-08-01,31.08487319946289
2011-08-02,29.872573852539062
2011-08-03,30.29202651977539
2011-08-04,28.220369338989258
2011-08-05,28.286869049072266
2011-08-08,25.887855529785156
2011-08-09,27.611658096313477
2011-08-10,26.384031295776367
2011-08-11,27.939037322998047
2011-08-12,28.158979415893555
2011-08-15,28.9211483001709
2011-08-16,28.164108276367188
2011-08-17,27.800928115844727
2011-08-18,26.05665397644043
2011-08-19,25.5860652923584
2011-08-22,26.1180419921875
2011-08-23,27.36614418029785
2011-08-24,27.959503173828125
2011-08-25,27.028532028198242
2011-08-26,27.82140350341797
2011-08-29,28.955856323242188
2011-08-30,29.44977569580078
2011-08-31,29.593828201293945
2011-09-01,29.09992027282715
2011-09-02,28.307586669921875
2011-09-06,27.715913772583008
2011-09-07,27.74677848815918
2011-09-08,27.26314926147461
2011-09-09,26.584022521972656
2011-09-12,25.827709197998047
2011-09-13,26.34221076965332
2011-09-14,26.836118698120117
2011-09-15,27.222002029418945
2011-09-16,26.928739547729492
2011-09-19,26.661209106445312
2011-09-20,26.136417388916016
2011-09-21,25.354385375976562
2011-09-22,23.70284652709961
2011-09-23,23.810888290405273
2011-09-26,24.91191291809082
2011-09-27,25.10228157043457
2011-09-28,24.11444091796875
2011-09-29,24.56719398498535
2011-09-30,23.97552490234375
2011-10-03,22.96710968017578
2011-10-04,24.42828369140625
2011-10-05,25.210323333740234
2011-10-06,26.054100036621094
2011-10-07,25.745389938354492
2011-10-10,27.01105499267578
2011-10-11,27.170549392700195
2011-10-12,27.83424949645996
2011-10-13,27.268301010131836
2011-10-14,27.695335388183594
2011-10-17,26.645761489868164
2011-10-18,27.973159790039062
2011-10-19,27.165401458740234
2011-10-20,27.55127716064453
2011-10-21,27.119094848632812
2011-10-24,27.649024963378906
2011-10-25,28.122365951538086
2011-10-26,28.631725311279297
2011-10-27,29.815061569213867
2011-10-28,30.185495376586914
2011-10-31,28.569971084594727
2011-11-01,27.859973907470703
2011-11-02,28.297300338745117
2011-11-03,29.388025283813477
2011-11-04,29.26968765258789
2011-11-07,28.85809326171875
2011-11-08,28.971282958984375
2011-11-09,27.685049057006836
2011-11-10,27.705629348754883
2011-11-11,28.950714111328125
2011-11-14,28.791217803955078
2011-11-15,29.007282257080078
2011-11-16,28.400196075439453
2011-11-17,27.489545822143555
2011-11-18,27.324909210205078
2011-11-21,26.37308692932129
2011-11-22,26.686925888061523
2011-11-23,25.930606842041016
2011-11-25,25.85858726501465
2011-11-28,26.92772674560547
2011-11-29,27.440279006958008
2011-11-30,28.460235595703125
2011-12-01,28.351511001586914
2011-12-02,28.931381225585938
2011-12-05,29.775293350219727
2011-12-06,29.811532974243164
2011-12-07,30.142900466918945
2011-12-08,28.85371971130371
2011-12-09,29.614809036254883
2011-12-12,28.905500411987305
2011-12-13,28.750167846679688
2011-12-14,28.52753448486328
2011-12-15,28.972793579101562
2011-12-16,29.065996170043945
2011-12-19,28.56378746032715
2011-12-20,29.97721290588379
2011-12-21,29.759746551513672
2011-12-22,29.816722869873047
2011-12-23,30.41211700439453
2011-12-27,30.50532341003418
2011-12-28,29.82707405090332
2011-12-29,30.246437072753906
2011-12-30,30.05487823486328
2012-01-03,30.593324661254883
2012-01-04,30.11701011657715
2012-01-05,30.381057739257812
2012-01-06,29.852968215942383
2012-01-09,29.74941635131836
2012-01-10,30.639928817749023
2012-01-11,30.57261085510254
2012-01-12,31.023048400878906
2012-01-13,31.17836570739746
2012-01-17,31.19389533996582
2012-01-18,31.375125885009766
2012-01-19,31.504560470581055
2012-01-20,30.717578887939453
2012-01-23,31.023048400878906
2012-01-24,31.30780601501465
2012-01-25,31.50973892211914
2012-01-26,32.58145523071289
2012-01-27,32.974937438964844
2012-01-30,32.74195098876953
2012-01-31,32.829978942871094
2012-02-01,33.35805892944336
2012-02-02,33.404659271240234
2012-02-03,33.979373931884766
2012-02-06,33.68424987792969
2012-02-07,33.59624099731445
2012-02-08,33.74637222290039
2012-02-09,33.849918365478516
2012-02-10,33.39948654174805
2012-02-13,34.191612243652344
2012-02-14,34.17091751098633
2012-02-15,33.979373931884766
2012-02-16,34.48674011230469
2012-02-17,34.2175178527832
2012-02-21,34.440147399902344
2012-02-22,34.07771682739258
2012-02-23,33.95347213745117
2012-02-24,34.00007247924805
2012-02-27,33.820594787597656
2012-02-28,33.612491607666016
2012-02-29,33.30555725097656
2012-03-01,33.321170806884766
2012-03-02,32.92058181762695
2012-03-05,33.00381088256836
2012-03-06,31.604372024536133
2012-03-07,31.93732261657715
2012-03-08,32.431556701660156
2012-03-09,32.84773635864258
2012-03-12,32.82171630859375
2012-03-13,33.602081298828125
2012-03-14,33.25873565673828
2012-03-15,33.38358688354492
2012-03-16,33.367984771728516
2012-03-19,33.404388427734375
2012-03-20,32.894554138183594
2012-03-21,32.57722854614258
2012-03-22,32.06217956542969
2012-03-23,32.53041076660156
2012-03-26,32.99861145019531
2012-03-27,32.764503479003906
2012-03-28,32.03096389770508
2012-03-29,32.36913299560547
2012-03-30,32.74370193481445
2012-04-02,33.315948486328125
2012-04-03,32.977806091308594
2012-04-04,32.780120849609375
2012-04-05,31.93732261657715
2012-04-09,31.635581970214844
2012-04-10,31.17778205871582
2012-04-11,31.29224967956543
2012-04-12,31.661603927612305
2012-04-13,31.692819595336914
2012-04-16,31.73443603515625
2012-04-17,32.4783821105957
2012-04-18,31.755266189575195
2012-04-19,31.151777267456055
2012-04-20,31.27662467956543
2012-04-23,31.375473022460938
2012-04-24,31.66681480407715
2012-04-25,31.9997615814209
2012-04-26,32.41596221923828
2012-04-27,33.0350341796875
2012-04-30,32.59803009033203
2012-05-01,32.62923812866211
2012-05-02,32.34310531616211
2012-05-03,31.88010597229004
2012-05-04,31.229801177978516
2012-05-07,30.699176788330078
2012-05-08,30.54828643798828
2012-05-09,30.32459831237793
2012-05-10,30.647132873535156
2012-05-11,30.58991813659668
2012-05-14,30.350601196289062
2012-05-15,29.783550262451172
2012-05-16,29.601469039916992
2012-05-17,28.654632568359375
2012-05-18,28.649433135986328
2012-05-21,29.74713897705078
2012-05-22,29.544235229492188
2012-05-23,30.059268951416016
2012-05-24,30.303789138793945
2012-05-25,30.059268951416016
2012-05-29,30.6268310546875
2012-05-30,30.145587921142578
2012-05-31,29.585880279541016
2012-06-01,28.602479934692383
2012-06-04,28.032316207885742
2012-06-05,28.487388610839844
2012-06-06,29.15692901611328
2012-06-07,29.517871856689453
2012-06-08,29.64864730834961
2012-06-11,29.12555503845215
2012-06-12,29.44464683532715
2012-06-13,28.92156410217285
2012-06-14,28.769865036010742
2012-06-15,28.93201446533203
2012-06-18,29.120328903198242
2012-06-19,29.36094856262207
2012-06-20,29.350492477416992
2012-06-21,28.466468811035156
2012-06-22,28.021841049194336
2012-06-25,27.367984771728516
2012-06-26,27.127363204956055
2012-06-27,27.116897583007812
2012-06-28,26.975675582885742
2012-06-29,28.042768478393555
2012-07-02,27.817848205566406
2012-07-03,28.36708641052246
2012-07-05,28.26246452331543
2012-07-06,27.430753707885742
2012-07-09,27.399377822875977
2012-07-10,27.09075164794922
2012-07-11,26.708900451660156
2012-07-12,26.808290481567383
2012-07-13,27.535381317138672
2012-07-16,26.782133102416992
2012-07-17,26.980899810791016
2012-07-18,27.47783088684082
2012-07-19,28.23107147216797
2012-07-20,27.943389892578125
2012-07-23,27.320913314819336
2012-07-24,26.677509307861328
2012-07-25,26.646120071411133
2012-07-26,27.237215042114258
2012-07-27,28.330472946166992
2012-07-30,28.419391632080078
2012-07-31,28.492633819580078
2012-08-01,28.220626831054688
2012-08-02,28.021841049194336
2012-08-03,28.539701461791992
2012-08-06,28.796016693115234
2012-08-07,29.29296112060547
2012-08-08,29.570194244384766
2012-08-09,29.6747989654541
2012-08-10,30.00434684753418
2012-08-13,29.8160343170166
2012-08-14,29.8107967376709
2012-08-15,29.83173179626465
2012-08-16,30.438512802124023
2012-08-17,30.50128173828125
2012-08-20,30.234519958496094
2012-08-21,30.061901092529297
2012-08-22,30.08281135559082
2012-08-23,30.218814849853516
2012-08-24,30.250202178955078
2012-08-27,30.213590621948242
2012-08-28,30.213590621948242
2012-08-29,30.28725814819336
2012-08-30,30.1820125579834
2012-08-31,30.424089431762695
2012-09-04,30.42936134338379
2012-09-05,29.976757049560547
2012-09-06,30.366199493408203
2012-09-07,30.93985366821289
2012-09-10,30.945112228393555
2012-09-11,31.055633544921875
2012-09-12,30.89775276184082
2012-09-13,31.46613121032715
2012-09-14,32.43975067138672
2012-09-17,31.787153244018555
2012-09-18,31.892414093017578
2012-09-19,31.881881713867188
2012-09-20,32.11870574951172
2012-09-21,32.123985290527344
2012-09-24,31.639795303344727
2012-09-25,31.113515853881836
2012-09-26,30.981948852539062
2012-09-27,31.41876220703125
2012-09-28,31.30824089050293
2012-10-01,31.33981704711914
2012-10-02,30.77144432067871
2012-10-03,30.729331970214844
2012-10-04,31.160886764526367
2012-10-05,30.960906982421875
2012-10-08,30.508296966552734
2012-10-09,29.676799774169922
2012-10-10,29.0610408782959
2012-10-11,29.076826095581055
2012-10-12,29.118932723999023
2012-10-15,29.52942657470703
2012-10-16,30.092546463012695
2012-10-17,29.476797103881836
2012-10-18,30.49250602722168
2012-10-19,30.566194534301758
2012-10-22,30.329368591308594
2012-10-23,30.08201789855957
2012-10-24,30.2714786529541
2012-10-25,30.62407684326172
2012-10-26,30.403043746948242
2012-10-31,30.639883041381836
2012-11-01,31.33981704711914
2012-11-02,30.829322814941406
2012-11-05,32.00819778442383
2012-11-06,32.44499969482422
2012-11-07,31.66084861755371
2012-11-08,31.37137794494629
2012-11-09,31.818737030029297
2012-11-12,31.80294418334961
2012-11-13,31.971343994140625
2012-11-14,31.892414093017578
2012-11-15,31.945045471191406
2012-11-16,32.40290832519531
2012-11-19,33.14494323730469
2012-11-20,33.2186164855957
2012-11-21,33.2186164855957
2012-11-23,33.61859893798828
2012-11-26,33.51333236694336
2012-11-27,32.992332458496094
2012-11-28,33.49510192871094
2012-11-29,33.876136779785156
2012-11-30,33.65387725830078
2012-12-03,33.37338638305664
2012-12-04,33.54804229736328
2012-12-05,33.606231689453125
2012-12-06,33.56919860839844
2012-12-07,33.72795104980469
2012-12-10,33.75972366333008
2012-12-11,33.81263732910156
2012-12-12,33.9608268737793
2012-12-13,33.918487548828125
2012-12-14,33.791465759277344
2012-12-17,34.003170013427734
2012-12-18,34.58003616333008
2012-12-19,34.35775375366211
2012-12-20,34.2413215637207
2012-12-21,34.15664291381836
2012-12-24,34.331295013427734
2012-12-26,34.39480209350586
2012-12-27,34.474185943603516
2012-12-28,34.28364562988281
2012-12-31,34.77583694458008
2013-01-02,35.585567474365234
2013-01-03,35.52735137939453
2013-01-04,35.617313385009766
2013-01-07,35.384456634521484
2013-01-08,35.32094192504883
2013-01-09,35.58027267456055
2013-01-10,35.675533294677734
2013-01-11,35.49560546875
2013-01-14,35.246856689453125
2013-01-15,35.25214767456055
2013-01-16,35.400333404541016
2013-01-17,36.11479187011719
2013-01-18,36.003665924072266
2013-01-22,36.11479187011719
2013-01-23,36.072471618652344
2013-01-24,35.490299224853516
2013-01-25,35.34212875366211
2013-01-28,35.74433517456055
2013-01-29,36.861019134521484
2013-01-30,36.585811614990234
2013-01-31,36.612274169921875
2013-02-01,37.226192474365234
2013-02-04,37.01449203491211
2013-02-05,37.474918365478516
2013-02-06,37.73953628540039
2013-02-07,37.522552490234375
2013-02-08,37.644290924072266
2013-02-11,37.60723114013672
2013-02-12,37.81891632080078
2013-02-13,37.898292541503906
2013-02-14,38.03062057495117
2013-02-15,38.40108871459961
2013-02-19,38.559844970703125
2013-02-20,38.22114181518555
2013-02-21,37.90360641479492
2013-02-22,38.697452545166016
2013-02-25,37.78717041015625
2013-02-26,38.425376892089844
2013-02-27,39.15399932861328
2013-02-28,39.01040267944336
2013-03-01,38.802978515625
2013-03-04,38.48920822143555
2013-03-05,39.07423400878906
2013-03-06,38.97317886352539
2013-03-07,38.8774299621582
2013-03-08,39.223140716552734
2013-03-11,39.297603607177734
2013-03-12,38.93593215942383
2013-03-13,39.196537017822266
2013-03-14,39.63264465332031
2013-03-15,39.398643493652344
2013-03-18,39.297603607177734
2013-03-19,39.13271713256836
2013-03-20,39.0263557434082
2013-03-21,38.478553771972656
2013-03-22,38.71256637573242
2013-03-25,38.409423828125
2013-03-26,38.69661331176758
2013-03-27,38.4732551574707
2013-03-28,38.76043701171875
2013-04-01,38.17008972167969
2013-04-02,37.85099411010742
2013-04-03,37.71803283691406
2013-04-04,38.24985885620117
2013-04-05,38.159461975097656
2013-04-08,38.79234313964844
2013-04-09,38.840206146240234
2013-04-10,39.574153900146484
2013-04-11,39.728370666503906
2013-04-12,39.042293548583984
2013-04-15,37.47871398925781
2013-04-16,38.409423828125
2013-04-17,37.18085861206055
2013-04-18,36.47883987426758
2013-04-19,36.244842529296875
2013-04-22,36.1650505065918
2013-04-23,36.75007247924805
2013-04-24,37.26597213745117
2013-04-25,37.19682693481445
2013-04-26,36.75007247924805
2013-04-29,37.06918716430664
2013-04-30,36.686275482177734
2013-05-01,36.1810188293457
2013-05-02,36.87240982055664
2013-05-03,37.84566879272461
2013-05-06,38.28178405761719
2013-05-07,38.3987922668457
2013-05-08,38.82958221435547
2013-05-09,38.951900482177734
2013-05-10,39.35609436035156
2013-05-13,39.35078430175781
2013-05-14,40.11661911010742
2013-05-15,40.41976547241211
2013-05-16,40.29745101928711
2013-05-17,41.06329345703125
2013-05-20,41.38771438598633
2013-05-21,41.41432189941406
2013-05-22,40.6378173828125
2013-05-23,42.30248260498047
2013-05-24,42.11634063720703
2013-05-28,42.11634063720703
2013-05-29,41.64091873168945
2013-05-30,41.972110748291016
2013-05-31,41.8011589050293
2013-06-03,42.21782684326172
2013-06-04,42.31399917602539
2013-06-05,41.44859313964844
2013-06-06,42.22319030761719
2013-06-07,42.47959899902344
2013-06-10,42.08964157104492
2013-06-11,41.8011589050293
2013-06-12,41.293678283691406
2013-06-13,41.99347686767578
2013-06-14,41.98813247680664
2013-06-17,42.27660369873047
2013-06-18,43.067203521728516
2013-06-19,42.41014099121094
2013-06-20,41.16545486450195
2013-06-21,41.33107376098633
2013-06-24,40.50838088989258
2013-06-25,40.97315216064453
2013-06-26,41.48064422607422
2013-06-27,41.6889762878418
2013-06-28,41.485984802246094
2013-07-01,41.58214569091797
2013-07-02,41.00520324707031
2013-07-03,40.909053802490234
2013-07-05,41.66761016845703
2013-07-08,41.902652740478516
2013-07-09,42.48494338989258
2013-07-10,42.48494338989258
2013-07-11,43.44648742675781
2013-07-12,43.270206451416016
2013-07-15,43.11528778076172
2013-07-16,42.82682418823242
2013-07-17,42.955020904541016
2013-07-18,44.67516326904297
2013-07-19,45.572628021240234
2013-07-22,45.551246643066406
2013-07-23,46.1548957824707
2013-07-24,45.52454376220703
2013-07-25,45.64207458496094
2013-07-26,45.23073959350586
2013-07-29,45.4390754699707
2013-07-30,45.33757019042969
2013-07-31,45.74890899658203
2013-08-01,46.82265090942383
2013-08-02,46.48075485229492
2013-08-05,46.608970642089844
2013-08-06,46.28310012817383
2013-08-07,46.58759689331055
2013-08-08,46.90277862548828
2013-08-09,46.96686553955078
2013-08-12,47.153839111328125
2013-08-13,47.33548355102539
2013-08-14,47.30342102050781
2013-08-15,46.53418731689453
2013-08-16,46.555545806884766
2013-08-19,46.288448333740234
2013-08-20,46.384586334228516
2013-08-21,45.92518997192383
2013-08-22,46.27774429321289
2013-08-23,46.52349853515625
2013-08-26,46.52349853515625
2013-08-27,45.540565490722656
2013-08-28,45.93494415283203
2013-08-29,46.10127258300781
2013-08-30,45.634456634521484
2013-09-03,45.951026916503906
2013-09-04,46.616371154785156
2013-09-05,46.95439910888672
2013-09-06,47.002689361572266
2013-09-09,47.29780578613281
2013-09-10,48.04361343383789
2013-09-11,47.989959716796875
2013-09-12,47.748504638671875
2013-09-13,47.748504638671875
2013-09-16,48.25824737548828
2013-09-17,48.113372802734375
2013-09-18,48.778709411621094
2013-09-19,49.61037063598633
2013-09-20,48.63920211791992
2013-09-23,48.778709411621094
2013-09-24,48.767974853515625
2013-09-25,48.40312576293945
2013-09-26,48.29579544067383
2013-09-27,47.94702911376953
2013-09-30,48.19921112060547
2013-10-01,48.64456558227539
2013-10-02,48.40312576293945
2013-10-03,47.474857330322266
2013-10-04,47.7377815246582
2013-10-07,47.490962982177734
2013-10-08,46.94905471801758
2013-10-09,46.605628967285156
2013-10-10,47.82899856567383
2013-10-11,48.47823715209961
2013-10-14,48.708961486816406
2013-10-15,48.01679229736328
2013-10-16,47.389015197753906
2013-10-17,46.8953857421875
2013-10-18,47.71631622314453
2013-10-21,47.97386932373047
2013-10-22,48.51042556762695
2013-10-23,48.49432373046875
2013-10-24,49.22942352294922
2013-10-25,48.80016326904297
2013-10-28,49.02015686035156
2013-10-29,49.40110778808594
2013-10-30,49.277706146240234
2013-10-31,49.250877380371094
2013-11-01,48.966495513916016
2013-11-04,49.11674118041992
2013-11-05,49.00407028198242
2013-11-06,49.03089141845703
2013-11-07,48.38701248168945
2013-11-08,49.492340087890625
2013-11-11,49.315269470214844
2013-11-12,49.29916763305664
2013-11-13,49.86256408691406
2013-11-14,50.2220573425293
2013-11-15,50.06108856201172
2013-11-18,49.819637298583984
2013-11-19,49.22942352294922
2013-11-20,48.7894401550293
2013-11-21,49.77670669555664
2013-11-22,50.12010192871094
2013-11-25,49.304527282714844
2013-11-26,49.253360748291016
2013-11-27,48.82772445678711
2013-11-29,48.88698959350586
2013-12-02,48.240478515625
2013-12-03,48.181217193603516
2013-12-04,47.63167953491211
2013-12-05,48.33747482299805
2013-12-06,49.377262115478516
2013-12-09,49.21562576293945
2013-12-10,48.957027435302734
2013-12-11,48.20276641845703
2013-12-12,48.30513000488281
2013-12-13,48.26742172241211
2013-12-16,49.40959548950195
2013-12-17,49.14021301269531
2013-12-18,49.51734924316406
2013-12-19,50.1961669921875
2013-12-20,50.945064544677734
2013-12-23,51.11206817626953
2013-12-24,51.44071578979492
2013-12-26,51.785518646240234
2013-12-27,51.89326858520508
2013-12-30,51.925594329833984
2013-12-31,52.01179122924805
2014-01-02,51.31679153442383
2014-01-03,51.300636291503906
2014-01-06,50.96121597290039
2014-01-07,51.05280685424805
2014-01-08,50.751094818115234
2014-01-09,50.681060791015625
2014-01-10,50.88041305541992
2014-01-13,50.18540954589844
2014-01-14,51.40839767456055
2014-01-15,51.91482162475586
2014-01-16,51.77475357055664
2014-01-17,51.24136734008789
2014-01-21,51.731651306152344
2014-01-22,51.661598205566406
2014-01-23,50.68646240234375
2014-01-24,48.666107177734375
2014-01-27,48.245880126953125
2014-01-28,48.75231170654297
2014-01-29,48.315921783447266
2014-01-30,48.09502410888672
2014-01-31,46.634979248046875
2014-02-03,44.6954460144043
2014-02-04,45.05103302001953
2014-02-05,44.598480224609375
2014-02-06,44.523040771484375
2014-02-07,46.03158187866211
2014-02-10,45.498191833496094
2014-02-11,45.66521453857422
2014-02-12,45.99924850463867
2014-02-13,45.95615005493164
2014-02-14,46.36559295654297
2014-02-18,46.9259033203125
2014-02-19,46.645755767822266
2014-02-20,47.723262786865234
2014-02-21,47.94416046142578
2014-02-24,48.20276641845703
2014-02-25,48.48831558227539
2014-02-26,49.01629638671875
2014-02-27,49.43653106689453
2014-02-28,50.80497360229492
2014-03-03,51.352088928222656
2014-03-04,51.598777770996094
2014-03-05,51.85198211669922
2014-03-06,52.962120056152344
2014-03-07,53.410072326660156
2014-03-10,53.56588363647461
2014-03-11,53.182838439941406
2014-03-12,53.029579162597656
2014-03-13,52.6121826171875
2014-03-14,52.044776916503906
2014-03-17,53.10784912109375
2014-03-18,53.4208869934082
2014-03-19,53.1600227355957
2014-03-20,53.13393783569336
2014-03-21,52.6447868347168
2014-03-24,52.74262237548828
2014-03-25,53.01002502441406
2014-03-26,52.703495025634766
2014-03-27,52.52739334106445
2014-03-28,52.82087326049805
2014-03-31,53.31654357910156
2014-04-01,53.962215423583984
2014-04-02,55.53397750854492
2014-04-03,55.69050979614258
2014-04-04,54.42526626586914
2014-04-07,53.51219940185547
2014-04-08,53.73393249511719
2014-04-09,54.57527160644531
2014-04-10,53.59699249267578
2014-04-11,52.68391799926758
2014-04-14,53.1926383972168
2014-04-15,53.44697570800781
2014-04-16,54.249183654785156
2014-04-17,55.73616409301758
2014-04-21,55.99705123901367
2014-04-22,56.17967224121094
2014-04-23,56.31660079956055
2014-04-24,56.2122688293457
2014-04-25,55.37093734741211
2014-04-28,55.74921798706055
2014-04-29,55.86662292480469
2014-04-30,56.34921646118164
2014-05-01,56.101409912109375
2014-05-02,56.01662063598633
2014-05-05,55.99705123901367
2014-05-06,55.57963943481445
2014-05-07,56.06227111816406
2014-05-08,56.023136138916016
2014-05-09,55.6057243347168
2014-05-12,56.890533447265625
2014-05-13,56.466609954833984
2014-05-14,56.33616256713867
2014-05-15,55.938350677490234
2014-05-16,56.35575866699219
2014-05-19,56.54487609863281
2014-05-20,55.481834411621094
2014-05-21,56.166622161865234
2014-05-22,56.09487533569336
2014-05-23,56.747047424316406
2014-05-27,57.04705810546875
2014-05-28,56.853843688964844
2014-05-29,57.10274887084961
2014-05-30,57.10274887084961
2014-06-02,57.3450927734375
2014-06-03,56.86040115356445
2014-06-04,56.86040115356445
2014-06-05,57.60055160522461
2014-06-06,57.83634567260742
2014-06-09,58.209693908691406
2014-06-10,58.32760238647461
2014-06-11,58.33414840698242
2014-06-12,58.1703987121582
2014-06-13,58.39310073852539
2014-06-16,58.39310073852539
2014-06-17,58.56340026855469
2014-06-18,58.88437271118164
2014-06-19,59.25769805908203
2014-06-20,59.41487121582031
2014-06-23,58.949832916259766
2014-06-24,58.569942474365234
2014-06-25,58.799190521240234
2014-06-26,58.70094299316406
2014-06-27,58.864715576171875
2014-06-30,59.57209777832031
2014-07-01,59.59830093383789
2014-07-02,59.34938049316406
2014-07-03,59.65070724487305
2014-07-07,58.9301872253418
2014-07-08,58.66164016723633
2014-07-09,58.674739837646484
2014-07-10,57.934600830078125
2014-07-11,58.12455749511719
2014-07-14,58.26211166381836
2014-07-15,57.71842575073242
2014-07-16,58.255523681640625
2014-07-17,57.0765495300293
2014-07-18,58.111427307128906
2014-07-21,58.6485481262207
2014-07-22,58.995689392089844
2014-07-23,58.66817092895508
2014-07-24,58.17695236206055
2014-07-25,58.00666046142578
2014-07-28,57.71187973022461
2014-07-29,56.97175598144531
2014-07-30,57.16171646118164
2014-07-31,56.17264175415039
2014-08-01,55.68796157836914
2014-08-04,56.45429229736328
2014-08-05,55.68138885498047
2014-08-06,55.25565719604492
2014-08-07,55.18361282348633
2014-08-08,56.061309814453125
2014-08-11,56.36914825439453
2014-08-12,56.53290557861328
2014-08-13,57.14204025268555
2014-08-14,57.48262023925781
2014-08-15,57.233741760253906
2014-08-18,58.255523681640625
2014-08-19,58.596153259277344
2014-08-20,59.12014389038086
2014-08-21,58.68784713745117
2014-08-22,58.21623611450195
2014-08-25,58.772987365722656
2014-08-26,58.373435974121094
2014-08-27,58.22868728637695
2014-08-28,57.96549987792969
2014-08-29,57.814186096191406
2014-09-02,57.9786491394043
2014-09-03,58.06420135498047
2014-09-04,57.96549987792969
2014-09-05,57.99840545654297
2014-09-08,57.45890426635742
2014-09-09,57.08384704589844
2014-09-10,57.0180778503418
2014-09-11,57.26150131225586
2014-09-12,56.4390754699707
2014-09-15,55.952186584472656
2014-09-16,56.1035270690918
2014-09-17,55.74163818359375
2014-09-18,56.189056396484375
2014-09-19,56.14297103881836
2014-09-22,55.26790237426758
2014-09-23,54.19545364379883
2014-09-24,53.91252899169922
2014-09-25,53.076934814453125
2014-09-26,53.629615783691406
2014-09-29,53.504600524902344
2014-09-30,52.85324478149414
2014-10-01,52.267669677734375
2014-10-02,52.37949752807617
2014-10-03,52.49793243408203
2014-10-06,52.20844268798828
2014-10-07,50.50434875488281
2014-10-08,51.57680892944336
2014-10-09,50.083251953125
2014-10-10,49.84638214111328
2014-10-13,47.65542984008789
2014-10-14,47.38566589355469
2014-10-15,47.411964416503906
2014-10-16,48.3199462890625
2014-10-17,49.02396011352539
2014-10-20,49.07658767700195
2014-10-21,50.42538070678711
2014-10-22,50.168792724609375
2014-10-23,51.557071685791016
2014-10-24,52.037376403808594
2014-10-27,51.043861389160156
2014-10-28,52.31370544433594
2014-10-29,51.958412170410156
2014-10-30,52.267669677734375
2014-10-31,52.267669677734375
2014-11-03,52.491355895996094
2014-11-04,52.037376403808594
2014-11-05,53.45853805541992
2014-11-06,53.274314880371094
2014-11-07,53.64277648925781
2014-11-10,53.55066680908203
2014-11-11,53.12957000732422
2014-11-12,53.3532600402832
2014-11-13,52.800601959228516
2014-11-14,52.77427673339844
2014-11-17,53.20853042602539
2014-11-18,53.10324478149414
2014-11-19,53.0900993347168
2014-11-20,53.88621139526367
2014-11-21,54.412559509277344
2014-11-24,54.68893051147461
2014-11-25,54.715370178222656
2014-11-26,53.624488830566406
2014-11-28,50.900630950927734
2014-12-01,49.60480880737305
2014-12-02,50.71549987792969
2014-12-03,50.860958099365234
2014-12-04,50.206443786621094
2014-12-05,50.05437469482422
2014-12-08,48.76516342163086
2014-12-09,48.639549255371094
2014-12-10,47.11233139038086
2014-12-11,46.378475189208984
2014-12-12,44.838035583496094
2014-12-15,44.798370361328125
2014-12-16,45.47932815551758
2014-12-17,47.118961334228516
2014-12-18,47.687522888183594
2014-12-19,48.71227264404297
2014-12-22,48.7982063293457
2014-12-23,49.241180419921875
2014-12-24,49.05606460571289
2014-12-26,48.81145095825195
2014-12-29,48.4279899597168
2014-12-30,48.57342529296875
2014-12-31,47.41645431518555
2015-01-02,47.58835220336914
2015-01-05,45.92889404296875
2015-01-06,45.71073532104492
2015-01-07,46.08759689331055
2015-01-08,47.02638244628906
2015-01-09,46.041297912597656
2015-01-12,45.44627380371094
2015-01-13,45.71733474731445
2015-01-14,45.472740173339844
2015-01-15,45.34711456298828
2015-01-16,45.995025634765625
2015-01-20,46.36525344848633
2015-01-21,47.403228759765625
2015-01-22,47.628013610839844
2015-01-23,46.12062454223633
2015-01-26,46.91398620605469
2015-01-27,46.709041595458984
2015-01-28,45.353729248046875
2015-01-29,46.37186050415039
2015-01-30,46.30574417114258
2015-02-02,47.852806091308594
2015-02-03,48.81145095825195
2015-02-04,47.773475646972656
2015-02-05,48.084190368652344
2015-02-06,47.67430114746094
2015-02-09,48.28253936767578
2015-02-10,47.89248275756836
2015-02-11,47.65446472167969
2015-02-12,48.44782638549805
2015-02-13,49.194915771484375
2015-02-17,49.11555862426758
2015-02-18,48.82467269897461
2015-02-19,49.1221809387207
2015-02-20,49.254398345947266
2015-02-23,48.738712310791016
2015-02-24,48.963504791259766
2015-02-25,48.81061553955078
2015-02-26,48.205711364746094
2015-02-27,47.893306732177734
2015-03-02,48.132598876953125
2015-03-03,47.94647979736328
2015-03-04,47.6141242980957
2015-03-05,48.16584014892578
2015-03-06,47.00257110595703
2015-03-09,47.667301177978516
2015-03-10,46.64362716674805
2015-03-11,46.84968185424805
2015-03-12,47.813541412353516
2015-03-13,47.36153030395508
2015-03-16,47.441287994384766
2015-03-17,46.105201721191406
2015-03-18,47.926536560058594
2015-03-19,47.28840255737305
2015-03-20,47.39475631713867
2015-03-23,46.151729583740234
2015-03-24,46.430904388427734
2015-03-25,46.16501235961914
2015-03-26,46.19826126098633
2015-03-27,46.364437103271484
2015-03-30,46.86298370361328
2015-03-31,45.9456672668457
2015-04-01,46.145076751708984
2015-04-02,46.317909240722656
2015-04-06,47.454586029052734
2015-04-07,47.441287994384766
2015-04-08,47.50110626220703
2015-04-09,47.60747146606445
2015-04-10,46.13178253173828
2015-04-13,46.45750045776367
2015-04-14,47.135520935058594
2015-04-15,49.18285369873047
2015-04-16,48.71755599975586
2015-04-17,47.94647979736328
2015-04-20,48.51813507080078
2015-04-21,47.813541412353516
2015-04-22,47.786949157714844
2015-04-23,49.44210433959961
2015-04-24,49.08315658569336
2015-04-27,50.14671325683594
2015-04-28,50.33283996582031
2015-04-29,50.89120101928711
2015-04-30,50.33283996582031
2015-05-01,50.06029510498047
2015-05-04,50.19987487792969
2015-05-05,49.987186431884766
2015-05-06,50.093528747558594
2015-05-07,49.42216491699219
2015-05-08,49.93400573730469
2015-05-11,49.8409309387207
2015-05-12,50.12677001953125
2015-05-13,50.75824737548828
2015-05-14,50.857967376708984
2015-05-15,50.485721588134766
2015-05-18,50.43919372558594
2015-05-19,50.33283996582031
2015-05-20,50.72502136230469
2015-05-21,51.5559196472168
2015-05-22,51.695518493652344
2015-05-26,51.30331802368164
2015-05-27,51.27660369873047
2015-05-28,51.16302490234375
2015-05-29,50.38124084472656
2015-06-01,50.22754669189453
2015-06-02,50.655181884765625
2015-06-03,50.64849853515625
2015-06-04,49.231956481933594
2015-06-05,49.29877853393555
2015-06-08,48.61722183227539
2015-06-09,48.383358001708984
2015-06-10,49.018123626708984
2015-06-11,49.031494140625
2015-06-12,48.86445236206055
2015-06-15,48.0359001159668
2015-06-16,48.04926300048828
2015-06-17,48.56377029418945
2015-06-18,49.064903259277344
2015-06-19,48.47021484375
2015-06-22,48.483577728271484
2015-06-23,48.483577728271484
2015-06-24,48.17621994018555
2015-06-25,47.421173095703125
2015-06-26,47.55481719970703
2015-06-29,46.833160400390625
2015-06-30,46.8932991027832
2015-07-01,46.79307174682617
2015-07-02,46.76634979248047
2015-07-06,46.405517578125
2015-07-07,46.61935043334961
2015-07-08,45.49011993408203
2015-07-09,44.92884063720703
2015-07-10,43.619178771972656
2015-07-13,44.100284576416016
2015-07-14,44.4410514831543
2015-07-15,43.97333526611328
2015-07-16,44.314090728759766
2015-07-17,44.3475227355957
2015-07-20,44.30073928833008
2015-07-21,43.191551208496094
2015-07-22,43.131412506103516
2015-07-23,43.11137008666992
2015-07-24,42.83074188232422
2015-07-27,42.73048782348633
2015-07-28,42.93096160888672
2015-07-29,43.686012268066406
2015-07-30,43.178192138671875
2015-07-31,42.81068420410156
2015-08-03,41.93534851074219
2015-08-04,42.00885009765625
2015-08-05,42.56344223022461
2015-08-06,42.81068420410156
2015-08-07,42.67035675048828
2015-08-10,44.14037322998047
2015-08-11,43.05122756958008
2015-08-12,43.198238372802734
2015-08-13,43.02450180053711
2015-08-14,42.73048782348633
2015-08-17,43.03118896484375
2015-08-18,42.743858337402344
2015-08-19,41.9487190246582
2015-08-20,40.88630676269531
2015-08-21,39.93749237060547
2015-08-24,38.687984466552734
2015-08-25,37.41175079345703
2015-08-26,38.9151611328125
2015-08-27,40.368927001953125
2015-08-28,40.631412506103516
2015-08-31,41.694801330566406
2015-09-01,39.722801208496094
2015-09-02,40.10643768310547
2015-09-03,40.018943786621094
2015-09-04,39.480525970458984
2015-09-08,41.39867401123047
2015-09-09,40.712181091308594
2015-09-10,40.6044921875
2015-09-11,40.7592887878418
2015-09-14,40.368927001953125
2015-09-15,41.27080535888672
2015-09-16,41.76885986328125
2015-09-17,41.39194869995117
2015-09-18,40.961185455322266
2015-09-21,40.38911056518555
2015-09-22,39.75645065307617
2015-09-23,38.93535232543945
2015-09-24,38.99592208862305
2015-09-25,39.08341598510742
2015-09-28,38.0267448425293
2015-09-29,38.0267448425293
2015-09-30,38.484413146972656
2015-10-01,38.033470153808594
2015-10-02,39.02284622192383
2015-10-05,40.557369232177734
2015-10-06,41.203495025634766
2015-10-07,41.681358337402344
2015-10-08,42.966861724853516
2015-10-09,41.39194869995117
2015-10-12,40.97465515136719
2015-10-13,40.6044921875
2015-10-14,39.94491195678711
2015-10-15,40.247779846191406
2015-10-16,39.446861267089844
2015-10-19,38.84113311767578
2015-10-20,41.412132263183594
2015-10-21,41.64769744873047
2015-10-22,43.07455062866211
2015-10-23,43.370670318603516
2015-10-26,43.02070617675781
2015-10-27,42.03133773803711
2015-10-28,42.946659088134766
2015-10-29,43.128395080566406
2015-10-30,43.36395263671875
2015-11-02,43.90910339355469
2015-11-03,44.01007080078125
2015-11-04,43.74758529663086
2015-11-05,43.41106414794922
2015-11-06,43.404319763183594
2015-11-09,43.007232666015625
2015-11-10,43.067813873291016
2015-11-11,42.72455978393555
2015-11-12,43.007232666015625
2015-11-13,42.46881103515625
2015-11-16,43.28992462158203
2015-11-17,42.82551574707031
2015-11-18,43.72739791870117
2015-11-19,43.983154296875
2015-11-20,44.023536682128906
2015-11-23,43.91584777832031
2015-11-24,44.36005401611328
2015-11-25,44.09590148925781
2015-11-27,44.08909606933594
2015-11-30,44.63775634765625
2015-12-01,45.09158706665039
2015-12-02,44.062015533447266
2015-12-03,44.47520446777344
2015-12-04,43.85881805419922
2015-12-07,43.49979782104492
2015-12-08,42.74117660522461
2015-12-09,42.94438171386719
2015-12-10,43.201786041259766
2015-12-11,41.81996154785156
2015-12-14,42.029945373535156
2015-12-15,42.070594787597656
2015-12-16,41.62353515625
2015-12-17,40.275596618652344
2015-12-18,39.62532424926758
2015-12-21,40.07916259765625
2015-12-22,40.539764404296875
2015-12-23,42.04349899291992
2015-12-24,42.26701736450195
2015-12-28,42.206050872802734
2015-12-29,42.111236572265625
2015-12-30,41.779327392578125
2015-12-31,41.52870178222656
2016-01-04,41.752235412597656
2016-01-05,40.959720611572266
2016-01-06,40.092716217041016
2016-01-07,39.51696014404297
2016-01-08,39.17827224731445
2016-01-11,38.5889892578125
2016-01-12,38.25030517578125
2016-01-13,37.471351623535156
2016-01-14,37.735504150390625
2016-01-15,35.83213424682617
2016-01-19,36.062442779541016
2016-01-20,35.66278839111328
2016-01-21,35.79826736450195
2016-01-22,36.0963020324707
2016-01-25,35.94052505493164
2016-01-26,37.97257614135742
2016-01-27,37.46457290649414
2016-01-28,38.351898193359375
2016-01-29,39.591453552246094
2016-02-01,39.16471862792969
2016-02-02,38.48736572265625
2016-02-03,39.44921875
2016-02-04,40.417842864990234
2016-02-05,40.60072326660156
2016-02-08,40.417842864990234
2016-02-09,39.374717712402344
2016-02-10,38.61606216430664
2016-02-11,38.77863311767578
2016-02-12,40.092716217041016
2016-02-16,40.837791442871094
2016-02-17,41.75899887084961
2016-02-18,41.75899887084961
2016-02-19,41.06132507324219
2016-02-22,41.62353515625
2016-02-23,40.89875411987305
2016-02-24,40.49233627319336
2016-02-25,41.29729461669922
2016-02-26,41.686119079589844
2016-02-29,41.461002349853516
2016-03-01,42.477413177490234
2016-03-02,42.67521286010742
2016-03-03,42.600196838378906
2016-03-04,43.111793518066406
2016-03-07,44.489742279052734
2016-03-08,43.057212829589844
2016-03-09,42.368255615234375
2016-03-10,41.61789321899414
2016-03-11,42.82529830932617
2016-03-14,42.525150299072266
2016-03-15,41.94533157348633
2016-03-16,43.466522216796875
2016-03-17,44.74214172363281
2016-03-18,45.03547286987305
2016-03-21,45.1241455078125
2016-03-22,45.226470947265625
2016-03-23,44.16230392456055
2016-03-24,44.073631286621094
2016-03-28,43.82123947143555
2016-03-29,44.094093322753906
2016-03-30,43.88262176513672
2016-03-31,43.88262176513672
2016-04-01,43.753021240234375
2016-04-04,42.9344367980957
2016-04-05,42.504695892333984
2016-04-06,43.00266647338867
2016-04-07,42.78437042236328
2016-04-08,42.91398239135742
2016-04-11,43.480167388916016
2016-04-12,44.53065872192383
2016-04-13,45.10368347167969
2016-04-14,45.062744140625
2016-04-15,45.00816345214844
2016-04-18,45.47885513305664
2016-04-19,46.36564254760742
2016-04-20,46.24968338012695
2016-04-21,45.48567581176758
2016-04-22,45.94272232055664
2016-04-25,45.56071472167969
2016-04-26,45.49932098388672
2016-04-27,45.5334358215332
2016-04-28,45.04911422729492
2016-04-29,44.817169189453125
2016-05-02,44.68073272705078
2016-05-03,44.182762145996094
2016-05-04,43.31644058227539
2016-05-05,43.25504684448242
2016-05-06,43.60294723510742
2016-05-09,43.050411224365234
2016-05-10,44.974063873291016
2016-05-11,45.05592346191406
2016-05-12,45.110496520996094
2016-05-13,44.291908264160156
2016-05-16,45.362892150878906
2016-05-17,45.45157241821289
2016-05-18,44.69438171386719
2016-05-19,43.73255157470703
2016-05-20,44.10091781616211
2016-05-23,44.046348571777344
2016-05-24,44.85127639770508
2016-05-25,45.47885513305664
2016-05-26,45.780906677246094
2016-05-27,45.81522750854492
2016-05-31,45.822086334228516
2016-06-01,45.97997283935547
2016-06-02,45.993717193603516
2016-06-03,45.82895278930664
2016-06-06,47.915828704833984
2016-06-07,48.3963737487793
2016-06-08,49.178951263427734
2016-06-09,49.480995178222656
2016-06-10,48.513057708740234
2016-06-13,48.18356704711914
2016-06-14,47.77854537963867
2016-06-15,47.826602935791016
2016-06-16,47.902103424072266
2016-06-17,48.23847579956055
2016-06-20,48.91123580932617
2016-06-21,48.61605453491211
2016-06-22,48.48560333251953
2016-06-23,49.19267654418945
2016-06-24,46.309486389160156
2016-06-27,44.346168518066406
2016-06-28,45.4514045715332
2016-06-29,46.65272903442383
2016-06-30,47.58631896972656
2016-07-01,47.47648620605469
2016-07-05,46.0623664855957
2016-07-06,46.15158462524414
2016-07-07,47.181312561035156
2016-07-08,48.28653335571289
2016-07-11,48.78767013549805
2016-07-12,49.44668197631836
2016-07-13,49.645755767822266
2016-07-14,49.8173713684082
2016-07-15,50.188072204589844
2016-07-18,50.24983596801758
2016-07-19,50.09196090698242
2016-07-20,50.146873474121094
2016-07-21,49.364288330078125
2016-07-22,48.92494583129883
2016-07-25,48.72587966918945
2016-07-26,49.666351318359375
2016-07-27,49.31623840332031
2016-07-28,49.22700119018555
2016-07-29,49.034786224365234
2016-08-01,48.00507354736328
2016-08-02,47.826602935791016
2016-08-03,48.506187438964844
2016-08-04,48.84257507324219
2016-08-05,49.76931381225586
2016-08-08,50.62054443359375
2016-08-09,50.517574310302734
2016-08-10,50.3734130859375
2016-08-11,51.16286087036133
2016-08-12,50.57248306274414
2016-08-15,51.101078033447266
2016-08-16,50.956905364990234
2016-08-17,50.716644287109375
2016-08-18,50.922576904296875
2016-08-19,51.05988693237305
2016-08-22,51.011844635009766
2016-08-23,50.90887451171875
2016-08-24,50.531307220458984
2016-08-25,50.586212158203125
2016-08-26,50.46952438354492
2016-08-29,50.890785217285156
2016-08-30,50.697418212890625
2016-08-31,50.0689697265625
2016-09-01,50.096588134765625
2016-09-02,50.24161911010742
2016-09-06,49.85486602783203
2016-09-07,49.53029251098633
2016-09-08,50.096588134765625
2016-09-09,47.68637466430664
2016-09-12,48.32862854003906
2016-09-13,47.22367858886719
2016-09-14,46.678077697753906
2016-09-15,47.3755989074707
2016-09-16,46.9197998046875
2016-09-19,47.430843353271484
2016-09-20,47.63801956176758
2016-09-21,48.715389251708984
2016-09-22,49.41289138793945
2016-09-23,48.052398681640625
2016-09-26,47.5689811706543
2016-09-27,47.962615966796875
2016-09-28,49.35763931274414
2016-09-29,49.63389205932617
2016-09-30,50.85625076293945
2016-10-03,50.77339172363281
2016-10-04,50.144927978515625
2016-10-05,50.88387680053711
2016-10-06,50.890785217285156
2016-10-07,49.88941192626953
2016-10-10,46.056541442871094
2016-10-11,46.208473205566406
2016-10-12,46.47090148925781
2016-10-13,46.02200698852539
2016-10-14,46.809303283691406
2016-10-17,46.698787689208984
2016-10-18,46.6435546875
2016-10-19,47.941898345947266
2016-10-20,47.09935760498047
2016-10-21,47.40322494506836
2016-10-24,47.6173095703125
2016-10-25,46.94051742553711
2016-10-26,47.36179733276367
2016-10-27,46.60904312133789
2016-10-28,46.80240249633789
2016-10-31,46.194664001464844
2016-11-01,45.93914031982422
2016-11-02,45.78721237182617
2016-11-03,45.82863998413086
2016-11-04,45.25543212890625
2016-11-07,46.07036209106445
2016-11-08,46.11870574951172
2016-11-09,48.51510238647461
2016-11-10,49.45432662963867
2016-11-11,48.991615295410156
2016-11-14,49.053775787353516
2016-11-15,49.419795989990234
2016-11-16,48.80516052246094
2016-11-17,48.43913269042969
2016-11-18,48.45294189453125
2016-11-21,49.78581619262695
2016-11-22,49.44050979614258
2016-11-23,49.88941192626953
2016-11-25,49.91703414916992
2016-11-28,49.14576721191406
2016-11-29,48.485660552978516
2016-11-30,50.45205307006836
2016-12-01,52.4809684753418
2016-12-02,51.68885803222656
2016-12-05,51.86257553100586
2016-12-06,51.91815948486328
2016-12-07,53.29393005371094
2016-12-08,52.98820877075195
2016-12-09,53.37730407714844
2016-12-12,53.328678131103516
2016-12-13,53.59272003173828
2016-12-14,52.55740737915039
2016-12-15,52.82839584350586
2016-12-16,52.515716552734375
2016-12-19,52.578250885009766
2016-12-20,52.80754852294922
2016-12-21,52.73111343383789
2016-12-22,52.529624938964844
2016-12-23,52.529624938964844
2016-12-27,53.02988815307617
2016-12-28,52.32810974121094
2016-12-29,52.24473571777344
2016-12-30,52.06406784057617
2017-01-03,53.09938049316406
2017-01-04,53.349517822265625
2017-01-05,53.17580795288086
2017-01-06,54.00267028808594
2017-01-09,53.307830810546875
2017-01-10,53.51628494262695
2017-01-11,55.00323486328125
2017-01-12,54.45431900024414
2017-01-13,55.34370040893555
2017-01-17,54.32229232788086
2017-01-18,54.47515869140625
2017-01-19,54.37092590332031
2017-01-20,54.90595626831055
2017-01-23,54.5238037109375
2017-01-24,55.941280364990234
2017-01-25,56.60135269165039
2017-01-26,55.81618118286133
2017-01-27,55.440982818603516
2017-01-30,54.496002197265625
2017-01-31,54.02352523803711
2017-02-01,54.35007858276367
2017-02-02,54.058250427246094
2017-02-03,54.780879974365234
2017-02-06,54.20417785644531
2017-02-07,53.95404052734375
2017-02-08,54.03046798706055
2017-02-09,54.787841796875
2017-02-10,55.086612701416016
2017-02-13,55.308956146240234
2017-02-14,55.4131965637207
2017-02-15,55.69111633300781
2017-02-16,55.57300567626953
2017-02-17,55.54520797729492
2017-02-21,56.19834899902344
2017-02-22,56.22612762451172
2017-02-23,55.78841018676758
2017-02-24,55.935123443603516
2017-02-27,56.08182907104492
2017-02-28,55.96306610107422
2017-03-01,57.164756774902344
2017-03-02,56.256500244140625
2017-03-03,56.165672302246094
2017-03-06,56.20060348510742
2017-03-07,55.46701431274414
2017-03-08,53.97187423706055
2017-03-09,53.33607482910156
2017-03-10,53.664451599121094
2017-03-13,54.237361907958984
2017-03-14,53.839115142822266
2017-03-15,55.42510223388672
2017-03-16,55.43207931518555
2017-03-17,55.683597564697266
2017-03-20,55.767433166503906
2017-03-21,54.69847869873047
2017-03-22,54.47490692138672
2017-03-23,54.62162399291992
2017-03-24,54.59367370605469
2017-03-27,54.432987213134766
2017-03-28,55.42510223388672
2017-03-29,55.8652458190918
2017-03-30,55.942100524902344
2017-03-31,56.13772201538086
2017-04-03,56.843379974365234
2017-04-04,56.745567321777344
2017-04-05,56.025943756103516
2017-04-06,56.36129379272461
2017-04-07,55.984031677246094
2017-04-10,56.4591178894043
2017-04-11,56.66870880126953
2017-04-12,55.42510223388672
2017-04-13,54.85916519165039
2017-04-17,55.79538345336914
2017-04-18,55.96306610107422
2017-04-19,55.376182556152344
2017-04-20,55.690582275390625
2017-04-21,55.41809844970703
2017-04-24,56.35431671142578
2017-04-25,56.78049850463867
2017-04-26,56.59885025024414
2017-04-27,55.641685485839844
2017-04-28,55.110694885253906
2017-05-01,54.88712692260742
2017-05-02,54.37709045410156
2017-05-03,54.09761428833008
2017-05-04,53.839115142822266
2017-05-05,55.026851654052734
2017-05-08,55.07575607299805
2017-05-09,55.494964599609375
2017-05-10,55.928138732910156
2017-05-11,55.81634521484375
2017-05-12,55.61372756958008
2017-05-15,56.815433502197266
2017-05-16,56.72460174560547
2017-05-17,56.10977554321289
2017-05-18,56.47309494018555
2017-05-19,58.087005615234375
2017-05-22,58.09398651123047
2017-05-23,58.33852005004883
2017-05-24,58.156864166259766
2017-05-25,57.49311828613281
2017-05-26,57.949710845947266
2017-05-30,58.57486343383789
2017-05-31,57.984832763671875
2017-06-01,58.68726348876953
2017-06-02,58.406280517578125
2017-06-05,58.60296630859375
2017-06-06,58.79963684082031
2017-06-07,57.331581115722656
2017-06-08,57.86542892456055
2017-06-09,58.314964294433594
2017-06-12,58.1955680847168
2017-06-13,58.631072998046875
2017-06-14,57.45802307128906
2017-06-15,57.86542892456055
2017-06-16,58.2587776184082
2017-06-19,58.3360481262207
2017-06-20,56.8609504699707
2017-06-21,54.5429801940918
2017-06-22,54.606197357177734
2017-06-23,55.147056579589844
2017-06-26,55.280513763427734
2017-06-27,54.88715362548828
2017-06-28,55.70197296142578
2017-06-29,55.336708068847656
2017-06-30,56.34817886352539
2017-07-03,57.59849166870117
2017-07-05,57.331581115722656
2017-07-06,57.74602127075195
2017-07-07,58.420345306396484
2017-07-10,58.53272247314453
2017-07-11,58.448421478271484
2017-07-12,59.28434371948242
2017-07-13,58.81367874145508
2017-07-14,59.22812271118164
2017-07-17,59.33346939086914
2017-07-18,59.32644271850586
2017-07-19,59.84624481201172
2017-07-20,58.420345306396484
2017-07-21,58.20961380004883
2017-07-24,58.968196868896484
2017-07-25,59.20002746582031
2017-07-26,58.553794860839844
2017-07-27,58.904991149902344
2017-07-28,58.975257873535156
2017-07-31,59.00335693359375
2017-08-01,58.73642349243164
2017-08-02,59.21409606933594
2017-08-03,60.731300354003906
2017-08-04,60.787498474121094
2017-08-07,61.28620910644531
2017-08-08,61.01927185058594
2017-08-09,60.9911994934082
2017-08-10,60.064002990722656
2017-08-11,59.74089813232422
2017-08-14,60.1131591796875
2017-08-15,59.79707336425781
2017-08-16,59.9586296081543
2017-08-17,59.031436920166016
2017-08-18,58.904991149902344
2017-08-21,58.792606353759766
2017-08-22,59.558258056640625
2017-08-23,59.347537994384766
2017-08-24,59.143836975097656
2017-08-25,59.89543151855469
2017-08-28,59.34051513671875
2017-08-29,59.22747039794922
2017-08-30,59.85614013671875
2017-08-31,59.95502471923828
2017-09-01,60.315277099609375
2017-09-05,60.0397834777832
2017-09-06,60.71788024902344
2017-09-07,60.958038330078125
2017-09-08,61.664405822753906
2017-09-11,62.11644744873047
2017-09-12,62.18709945678711
2017-09-13,62.56854248046875
2017-09-14,63.59981155395508
2017-09-15,63.43733596801758
2017-09-18,63.606842041015625
2017-09-19,64.2496566772461
2017-09-20,65.18201446533203
2017-09-21,65.01252746582031
2017-09-22,65.2879867553711
2017-09-25,65.15377044677734
2017-09-26,64.8924331665039
2017-09-27,64.58869171142578
2017-09-28,64.63814544677734
2017-09-29,64.55337524414062
2017-10-02,65.3303451538086
2017-10-03,65.7188491821289
2017-10-04,66.177978515625
2017-10-05,66.22743225097656
2017-10-06,66.44638061523438
2017-10-09,66.27686309814453
2017-10-10,66.1214599609375
2017-10-11,66.26979064941406
2017-10-12,66.44638061523438
2017-10-13,66.73600769042969
2017-10-16,66.94085693359375
2017-10-17,66.43228149414062
2017-10-18,66.0932388305664
2017-10-19,63.21836853027344
2017-10-20,67.06798553466797
2017-10-23,67.48474884033203
2017-10-24,67.73197174072266
2017-10-25,67.10327911376953
2017-10-26,68.14163208007812
2017-10-27,67.80965423583984
2017-10-30,67.70368957519531
2017-10-31,67.44937133789062
2017-11-01,66.77837371826172
2017-11-02,67.1315689086914
2017-11-03,67.75312805175781
2017-11-06,67.89440155029297
2017-11-07,67.92266845703125
2017-11-08,67.84496307373047
2017-11-09,66.40399169921875
2017-11-10,66.24861907958984
2017-11-13,66.24861907958984
2017-11-14,66.1214599609375
2017-11-15,65.47869110107422
2017-11-16,66.40399169921875
2017-11-17,66.5523452758789
2017-11-20,66.8490219116211
2017-11-21,66.95496368408203
2017-11-22,66.89846801757812
2017-11-24,66.78543853759766
2017-11-27,66.67948150634766
2017-11-28,68.17694091796875
2017-11-29,68.0420913696289
2017-11-30,69.35523986816406
2017-12-01,68.76605987548828
2017-12-04,69.23457336425781
2017-12-05,68.10600280761719
2017-12-06,68.34019470214844
2017-12-07,68.64541625976562
2017-12-08,69.98695373535156
2017-12-11,68.6950912475586
2017-12-12,68.98612976074219
2017-12-13,68.26921081542969
2017-12-14,67.96401977539062
2017-12-15,69.19197845458984
2017-12-18,70.46253204345703
2017-12-19,70.6541748046875
2017-12-20,70.63289642333984
2017-12-21,71.59109497070312
2017-12-22,71.30722045898438
2017-12-26,71.77568054199219
2017-12-27,71.78986358642578
2017-12-28,72.00282287597656
2017-12-29,71.68341827392578
2018-01-02,72.18025970458984
2018-01-03,72.7623062133789
2018-01-04,73.18109130859375
2018-01-05,72.6700210571289
2018-01-08,72.7126235961914
2018-01-09,73.85540008544922
2018-01-10,72.89716339111328
2018-01-11,73.47209930419922
2018-01-12,73.91929626464844
2018-01-16,73.36566162109375
2018-01-17,74.06127166748047
2018-01-18,73.81279754638672
2018-01-19,74.1109390258789
2018-01-22,74.41614532470703
2018-01-23,74.92720031738281
2018-01-24,74.37354278564453
2018-01-25,74.12513732910156
2018-01-26,74.55814361572266
2018-01-29,73.5927734375
2018-01-30,75.98482513427734
2018-01-31,75.3885726928711
2018-02-01,74.77103424072266
2018-02-02,73.26627349853516
2018-02-05,69.96565246582031
2018-02-06,70.8600082397461
2018-02-07,70.92390441894531
2018-02-08,68.2834243774414
2018-02-09,69.09969329833984
2018-02-12,69.75271606445312
2018-02-13,69.64625549316406
2018-02-14,70.7606430053711
2018-02-15,72.10929107666016
2018-02-16,71.83955383300781
2018-02-20,71.12975311279297
2018-02-21,70.96648406982422
2018-02-22,72.44288635253906
2018-02-23,72.91845703125
2018-02-26,74.09675598144531
2018-02-27,72.68496704101562
2018-02-28,71.37299346923828
2018-03-01,69.80440521240234
2018-03-02,69.85429382324219
2018-03-05,70.2820816040039
2018-03-06,71.30886840820312
2018-03-07,70.95234680175781
2018-03-08,71.43720245361328
2018-03-09,73.21973419189453
2018-03-12,72.37125396728516
2018-03-13,71.74378204345703
2018-03-14,70.58868408203125
2018-03-15,70.67425537109375
2018-03-16,71.35875701904297
2018-03-19,71.23043823242188
2018-03-20,74.0896224975586
2018-03-21,73.49065399169922
2018-03-22,70.57443237304688
2018-03-23,70.125244140625
2018-03-26,71.166259765625
2018-03-27,69.95413208007812
2018-03-28,68.59938049316406
2018-03-29,70.03255462646484
2018-04-02,68.35693359375
2018-04-03,68.79904174804688
2018-04-04,69.25535583496094
2018-04-05,69.65462493896484
2018-04-06,66.44607543945312
2018-04-09,66.31060028076172
2018-04-10,67.40863800048828
2018-04-11,66.70275115966797
2018-04-12,66.80258178710938
2018-04-13,66.92381286621094
2018-04-16,67.23751831054688
2018-04-17,67.02362060546875
2018-04-18,68.44252014160156
2018-04-19,68.44964599609375
2018-04-20,68.46392059326172
2018-04-23,67.82218933105469
2018-04-24,65.94695281982422
2018-04-25,67.69385528564453
2018-04-26,67.11630249023438
2018-04-27,67.97905731201172
2018-04-30,66.09669494628906
2018-05-01,65.4906005859375
2018-05-02,64.007568359375
2018-05-03,63.82929229736328
2018-05-04,65.24820709228516
2018-05-07,65.99686431884766
2018-05-08,66.8382339477539
2018-05-09,67.87197875976562
2018-05-10,67.68659973144531
2018-05-11,68.08381652832031
2018-05-14,68.63993072509766
2018-05-15,67.9249496459961
2018-05-16,68.49871063232422
2018-05-17,68.63993072509766
2018-05-18,69.75212860107422
2018-05-21,70.96147155761719
2018-05-22,69.83159637451172
2018-05-23,70.39653778076172
2018-05-24,70.82022857666016
2018-05-25,69.85808563232422
2018-05-29,68.73703002929688
2018-05-30,69.94482421875
2018-05-31,68.56832885742188
2018-06-01,69.2343521118164
2018-06-04,69.5362777709961
2018-06-05,69.5807113647461
2018-06-06,69.95368194580078
2018-06-07,70.09578704833984
2018-06-08,70.0869140625
2018-06-11,70.1579360961914
2018-06-12,69.8293685913086
2018-06-13,69.0833740234375
2018-06-14,67.54701232910156
2018-06-15,68.22193908691406
2018-06-18,67.92887115478516
2018-06-19,66.09945678710938
2018-06-20,65.32682800292969
2018-06-21,64.35883331298828
2018-06-22,64.7762451171875
2018-06-25,64.90055084228516
2018-06-26,64.61634826660156
2018-06-27,64.34104919433594
2018-06-28,64.625244140625
2018-06-29,65.00714111328125
2018-07-02,64.7584457397461
2018-07-03,65.03374481201172
2018-07-05,64.82061767578125
2018-07-06,64.7406997680664
2018-07-09,66.13497161865234
2018-07-10,66.30372619628906
2018-07-11,65.13143920898438
2018-07-12,65.61988067626953
2018-07-13,66.52572631835938
2018-07-16,65.80638122558594
2018-07-17,66.18822479248047
2018-07-18,65.88630676269531
2018-07-19,69.37646484375
2018-07-20,71.2591552734375
2018-07-23,69.89153289794922
2018-07-24,70.33556365966797
2018-07-25,71.80979919433594
2018-07-26,72.1561050415039
2018-07-27,71.80979919433594
2018-07-30,71.94296264648438
2018-07-31,73.6925048828125
2018-08-01,72.30707550048828
2018-08-02,72.62678527832031
2018-08-03,73.03533172607422
2018-08-06,73.40831756591797
2018-08-07,73.7901840209961
2018-08-08,73.7812728881836
2018-08-09,73.1951904296875
2018-08-10,72.42253875732422
2018-08-13,72.37813568115234
2018-08-14,72.62678527832031
2018-08-15,73.13302612304688
2018-08-16,73.65697479248047
2018-08-17,74.55393981933594
2018-08-20,74.94468688964844
2018-08-21,75.193359375
2018-08-22,74.52729034423828
2018-08-23,74.59835052490234
2018-08-24,74.8292465209961
2018-08-27,75.56632995605469
2018-08-28,75.65516662597656
2018-08-29,77.05828094482422
2018-08-30,76.37067413330078
2018-08-31,76.68323516845703
2018-09-04,76.8707504272461
2018-09-05,77.60304260253906
2018-09-06,77.10294342041016
2018-09-07,75.67411804199219
2018-09-10,76.37959289550781
2018-09-11,77.91559600830078
2018-09-12,78.37106323242188
2018-09-13,78.5853500366211
2018-09-14,79.01398468017578
2018-09-17,79.05865478515625
2018-09-18,79.29084014892578
2018-09-19,78.95149993896484
2018-09-20,79.79985809326172
2018-09-21,79.74628448486328
2018-09-24,79.0407943725586
2018-09-25,79.30870056152344
2018-09-26,79.33548736572266
2018-09-27,79.46051788330078
2018-09-28,79.05865478515625
2018-10-01,78.71929931640625
2018-10-02,78.71929931640625
2018-10-03,78.67465209960938
2018-10-04,78.72824096679688
2018-10-05,78.07633209228516
2018-10-08,78.03166961669922
2018-10-09,76.49568939208984
2018-10-10,73.90594482421875
2018-10-11,72.63787841796875
2018-10-12,73.38803100585938
2018-10-15,73.25405883789062
2018-10-16,74.33460235595703
2018-10-17,73.43265533447266
2018-10-18,74.55785369873047
2018-10-19,73.59339141845703
2018-10-22,73.90594482421875
2018-10-23,73.77201843261719
2018-10-24,72.20922088623047
2018-10-25,72.97724151611328
2018-10-26,73.28084564208984
2018-10-29,72.87004852294922
2018-10-30,74.14704895019531
2018-10-31,73.9774169921875
2018-11-01,74.47748565673828
2018-11-02,75.52230072021484
2018-11-05,75.69197082519531
2018-11-06,76.63858032226562
2018-11-07,77.55839538574219
2018-11-08,77.4869384765625
2018-11-09,77.17439270019531
2018-11-12,76.16527557373047
2018-11-13,76.19205474853516
2018-11-14,75.68304443359375
2018-11-15,76.96900177001953
2018-11-16,78.24600982666016
2018-11-19,77.28157043457031
2018-11-20,75.71879577636719
2018-11-21,75.92415618896484
2018-11-23,75.51336669921875
2018-11-26,74.97756958007812
2018-11-27,74.45068359375
2018-11-28,75.3705062866211
2018-11-29,75.478271484375
2018-11-30,76.2416763305664
2018-12-03,77.38229370117188
2018-12-04,74.98430633544922
2018-12-06,73.50240325927734
2018-12-07,71.40079498291016
2018-12-10,70.23322296142578
2018-12-11,70.38590240478516
2018-12-12,70.35897827148438
2018-12-13,70.17035675048828
2018-12-14,68.54475402832031
2018-12-17,66.75749206542969
2018-12-18,66.41617584228516
2018-12-19,64.39543914794922
2018-12-20,62.92250442504883
2018-12-21,61.96148681640625
2018-12-24,59.75212860107422
2018-12-26,61.62022018432617
2018-12-27,62.967403411865234
2018-12-28,62.68901824951172
2018-12-31,63.721832275390625
2019-01-02,63.99129867553711
2019-01-03,62.680015563964844
2019-01-04,65.52706909179688
2019-01-07,66.39826202392578
2019-01-08,67.86219024658203
2019-01-09,68.57170104980469
2019-01-10,69.58660125732422
2019-01-11,69.92786407470703
2019-01-14,70.10749053955078
2019-01-15,70.14340209960938
2019-01-16,69.81112670898438
2019-01-17,71.00562286376953
2019-01-18,72.46955108642578
2019-01-22,71.21216583251953
2019-01-23,70.79006958007812
2019-01-24,71.11338806152344
2019-01-25,71.3828353881836
2019-01-28,71.1672592163086
2019-01-29,77.38229370117188
2019-01-30,79.77129364013672
2019-01-31,78.88214874267578
2019-02-01,78.6845703125
2019-02-04,78.39717102050781
2019-02-05,79.20549774169922
2019-02-06,78.97196960449219
2019-02-07,78.06486511230469
2019-02-08,77.97505187988281
2019-02-11,78.48697662353516
2019-02-12,80.84008026123047
2019-02-13,80.92089080810547
2019-02-14,80.89395904541016
2019-02-15,81.90882110595703
2019-02-19,82.10640716552734
2019-02-20,82.69918823242188
2019-02-21,82.24114990234375
2019-02-22,82.9237060546875
2019-02-25,83.04046630859375
2019-02-26,81.92680358886719
2019-02-27,81.90872192382812
2019-02-28,81.73719787597656
2019-03-01,82.14349365234375
2019-03-04,82.34211730957031
2019-03-05,81.90872192382812
2019-03-06,82.12544250488281
2019-03-07,81.42117309570312
2019-03-08,80.59956359863281
2019-03-11,81.7462387084961
2019-03-12,81.65592956542969
2019-03-13,82.52269744873047
2019-03-14,81.90872192382812
2019-03-15,81.88167572021484
2019-03-18,83.54293823242188
2019-03-19,83.47071075439453
2019-03-20,82.46852111816406
2019-03-21,83.47972869873047
2019-03-22,81.5295181274414
2019-03-25,82.28794860839844
2019-03-26,83.14566802978516
2019-03-27,83.29013061523438
2019-03-28,84.42774963378906
2019-03-29,84.6895980834961
2019-04-01,86.63980102539062
2019-04-02,86.55855560302734
2019-04-03,86.6849365234375
2019-04-04,87.47045135498047
2019-04-05,87.1634750366211
2019-04-08,87.28987121582031
2019-04-09,85.66471099853516
2019-04-10,85.9355697631836
2019-04-11,86.50436401367188
2019-04-12,87.69615936279297
2019-04-15,87.38919067382812
2019-04-16,88.02118682861328
2019-04-17,87.3982162475586
2019-04-18,88.28302001953125
2019-04-22,86.9919204711914
2019-04-23,88.11148834228516
2019-04-24,87.81352996826172
2019-04-25,86.87452697753906
2019-04-26,87.60585021972656
2019-04-29,88.25594329833984
2019-04-30,88.51779174804688
2019-05-01,87.87673950195312
2019-05-02,88.37330627441406
2019-05-03,89.7186050415039
2019-05-06,88.40943908691406
2019-05-07,87.79547882080078
2019-05-08,87.43433380126953
2019-05-09,86.89259338378906
2019-05-10,87.4072265625
2019-05-13,85.30355072021484
2019-05-14,86.75715637207031
2019-05-15,86.87452697753906
2019-05-16,87.06416320800781
2019-05-17,85.27643585205078
2019-05-20,85.18618774414062
2019-05-21,85.94458770751953
2019-05-22,84.0033950805664
2019-05-23,82.22474670410156
2019-05-24,82.07124328613281
2019-05-28,81.24964141845703
2019-05-29,81.58370971679688
2019-05-30,81.99215698242188
2019-05-31,81.15709686279297
2019-06-03,82.82723236083984
2019-06-04,85.43232727050781
2019-06-05,86.6123275756836
2019-06-06,85.96788787841797
2019-06-07,87.18419647216797
2019-06-10,87.6743392944336
2019-06-11,87.47464752197266
2019-06-12,87.62897491455078
2019-06-13,87.84679412841797
2019-06-14,87.20235443115234
2019-06-17,86.60327911376953
2019-06-18,87.46556854248047
2019-06-19,87.99202728271484
2019-06-20,88.99958038330078
2019-06-21,88.2462158203125
2019-06-24,88.90879821777344
2019-06-25,89.50788879394531
2019-06-26,89.27188110351562
2019-06-27,89.44435119628906
2019-06-28,90.95115661621094
2019-07-01,92.89356231689453
2019-07-02,92.75743103027344
2019-07-03,93.84666442871094
2019-07-05,93.25665283203125
2019-07-08,91.91327667236328
2019-07-09,91.12359619140625
2019-07-10,89.44435119628906
2019-07-11,88.61833953857422
2019-07-12,90.82402801513672
2019-07-15,90.17050170898438
2019-07-16,90.1523666381836
2019-07-17,86.64864349365234
2019-07-18,88.2462158203125
2019-07-19,89.0631332397461
2019-07-22,88.22804260253906
2019-07-23,89.05403900146484
2019-07-24,88.69097137451172
2019-07-25,89.66217803955078
2019-07-26,89.14482116699219
2019-07-29,87.83773803710938
2019-07-30,88.85432434082031
2019-07-31,87.91033172607422
2019-08-01,85.67742919921875
2019-08-02,84.18879699707031
2019-08-05,81.60187530517578
2019-08-06,82.60032653808594
2019-08-07,82.13739776611328
2019-08-08,83.88924407958984
2019-08-09,83.68048858642578
2019-08-12,81.83786010742188
2019-08-13,82.8544692993164
2019-08-14,80.14046478271484
2019-08-15,80.7849349975586
2019-08-16,82.34614562988281
2019-08-19,82.81818389892578
2019-08-20,82.87263488769531
2019-08-21,83.21754455566406
2019-08-22,82.53677368164062
2019-08-23,79.96800994873047
2019-08-26,80.45814514160156
2019-08-27,80.72138977050781
2019-08-28,82.40062713623047
2019-08-29,84.1893539428711
2019-08-30,85.54917907714844
2019-09-03,84.42665100097656
2019-09-04,85.10198974609375
2019-09-05,87.73035430908203
2019-09-06,86.82685089111328
2019-09-09,87.18277740478516
2019-09-10,88.56996154785156
2019-09-11,90.54119873046875
2019-09-12,90.96102142333984
2019-09-13,90.96102142333984
2019-09-16,90.57772827148438
2019-09-17,90.09406280517578
2019-09-18,90.63248443603516
2019-09-19,90.32218933105469
2019-09-20,90.26744842529297
2019-09-23,90.0301513671875
2019-09-24,89.89324951171875
2019-09-25,90.77851104736328
2019-09-26,90.82412719726562
2019-09-27,91.38084411621094
2019-09-30,90.86060333251953
2019-10-01,87.85810089111328
2019-10-02,85.86859130859375
2019-10-03,86.30665588378906
2019-10-04,86.69906616210938
2019-10-07,86.37052917480469
2019-10-08,83.95210266113281
2019-10-09,85.22063446044922
2019-10-10,86.62606811523438
2019-10-11,88.85287475585938
2019-10-14,87.52958679199219
2019-10-15,87.59345245361328
2019-10-16,87.44744110107422
2019-10-17,92.52159881591797
2019-10-18,93.2882308959961
2019-10-21,94.44723510742188
2019-10-22,95.02217864990234
2019-10-23,94.26470184326172
2019-10-24,94.10045623779297
2019-10-25,94.59324645996094
2019-10-28,95.1043472290039
2019-10-29,95.8617935180664
2019-10-30,94.85791778564453
2019-10-31,94.81230926513672
2019-11-01,97.3128890991211
2019-11-04,99.80433654785156
2019-11-05,99.9321060180664
2019-11-06,99.89558410644531
2019-11-07,99.59442138671875
2019-11-08,99.79521179199219
2019-11-11,100.34275817871094
2019-11-12,100.39753723144531
2019-11-13,99.60354614257812
2019-11-14,99.21112823486328
2019-11-15,99.90472412109375
2019-11-18,99.54879760742188
2019-11-19,99.56704711914062
2019-11-20,99.08334350585938
2019-11-21,99.56704711914062
2019-11-22,99.91385650634766
2019-11-25,102.16800689697266
2019-11-26,102.65172576904297
2019-11-27,102.7525405883789
2019-11-29,102.18424987792969
2019-12-02,101.11180114746094
2019-12-03,99.93853759765625
2019-12-04,101.21263122558594
2019-12-05,102.04673767089844
2019-12-06,103.20167541503906
2019-12-09,103.11920166015625
2019-12-10,103.44917297363281
2019-12-11,103.73332214355469
2019-12-12,104.93407440185547
2019-12-13,104.17330169677734
2019-12-16,103.6966552734375
2019-12-17,104.732421875
2019-12-18,104.12745666503906
2019-12-19,104.00830841064453
2019-12-20,105.40154266357422
2019-12-23,106.1898422241211
2019-12-24,105.6490478515625
2019-12-26,106.14401245117188
2019-12-27,105.84152221679688
2019-12-30,105.6307144165039
2019-12-31,105.6490478515625
2020-01-02,107.1247787475586
2020-01-03,106.12568664550781
2020-01-06,106.13483428955078
2020-01-07,106.42816925048828
2020-01-08,106.67562866210938
2020-01-09,107.35395050048828
2020-01-10,106.11650085449219
2020-01-13,107.36310577392578
2020-01-14,107.35395050048828
2020-01-15,107.80309295654297
2020-01-16,109.62716674804688
2020-01-17,109.5629653930664
2020-01-21,108.12391662597656
2020-01-22,108.04141235351562
2020-01-23,108.75636291503906
2020-01-24,107.34478759765625
2020-01-27,105.80484008789062
2020-01-28,106.73981475830078
2020-01-29,106.67562866210938
2020-01-30,109.00384521484375
2020-01-31,104.35662078857422
2020-02-03,104.2008056640625
2020-02-04,106.74898529052734
2020-02-05,109.2696762084961
2020-02-06,108.37139129638672
2020-02-07,107.52810668945312
2020-02-10,108.36222839355469
2020-02-11,109.06803131103516
2020-02-12,109.85630798339844
2020-02-13,109.5904769897461
2020-02-14,109.8654556274414
2020-02-18,109.92046356201172
2020-02-19,107.47311401367188
2020-02-20,109.09551239013672
2020-02-21,109.48050689697266
2020-02-24,105.36488342285156
2020-02-25,100.88263702392578
2020-02-26,99.26940155029297
2020-02-27,96.90299224853516
2020-02-28,94.60102844238281
2020-03-02,98.89186096191406
2020-03-03,97.344970703125
2020-03-04,101.93047332763672
2020-03-05,97.40019989013672
2020-03-06,93.45005798339844
2020-03-09,86.32322692871094
2020-03-10,92.56613159179688
2020-03-11,87.98064422607422
2020-03-12,78.8004379272461
2020-03-13,83.56087493896484
2020-03-16,69.9333267211914
2020-03-17,74.70297241210938
2020-03-18,64.32576751708984
2020-03-19,65.19132232666016
2020-03-20,60.891231536865234
2020-03-23,60.19145584106445
2020-03-24,68.81916809082031
2020-03-25,74.20574188232422
2020-03-26,77.90728759765625
2020-03-27,75.45797729492188
2020-03-30,78.85569763183594
2020-03-31,77.29036712646484
2020-04-01,73.64408111572266
2020-04-02,74.21495056152344
2020-04-03,71.23163604736328
2020-04-06,78.01777648925781
2020-04-07,78.7359848022461
2020-04-08,82.50198364257812
2020-04-09,82.3270263671875
2020-04-13,79.52787017822266
2020-04-14,80.76168823242188
2020-04-15,77.70470428466797
2020-04-16,77.48372650146484
2020-04-17,81.47991180419922
2020-04-20,79.15956115722656
2020-04-21,77.81519317626953
2020-04-22,79.4818115234375
2020-04-23,81.03794860839844
2020-04-24,83.7634506225586
2020-04-27,85.8075942993164
2020-04-28,87.39131927490234
2020-04-29,88.6803970336914
2020-04-30,86.23115539550781
2020-05-01,84.22382354736328
2020-05-04,83.45958709716797
2020-05-05,84.6105728149414
2020-05-06,83.21097564697266
2020-05-07,83.85552215576172
2020-05-08,84.92364501953125
2020-05-11,83.53325653076172
2020-05-12,79.86856079101562
2020-05-13,76.80235290527344
2020-05-14,78.71758270263672
2020-05-15,78.21112823486328
2020-05-18,83.34909057617188
2020-05-19,82.46513366699219
2020-05-20,83.8279037475586
2020-05-21,83.64375305175781
2020-05-22,82.65850830078125
2020-05-26,87.28084564208984
2020-05-27,89.56437683105469
2020-05-28,89.79571533203125
2020-05-29,89.99935150146484
2020-06-01,90.46204376220703
2020-06-02,91.85022735595703
2020-06-03,95.75558471679688
2020-06-04,95.8018569946289
2020-06-05,99.57766723632812
2020-06-08,100.84551239013672
2020-06-09,98.71697998046875
2020-06-10,95.20956420898438
2020-06-11,89.02759552001953
2020-06-12,89.40705871582031
2020-06-15,90.10111999511719
2020-06-16,91.09135437011719
2020-06-17,90.45278930664062
2020-06-18,90.09188842773438
2020-06-19,87.82453918457031
2020-06-22,88.10216522216797
2020-06-23,87.73200225830078
2020-06-24,85.03897857666016
2020-06-25,85.40912628173828
2020-06-26,85.73303985595703
2020-06-29,87.51913452148438
2020-06-30,89.36076354980469
2020-07-01,88.47235107421875
2020-07-02,90.15666198730469
2020-07-06,91.18389129638672
2020-07-07,89.61063385009766
2020-07-08,89.6846923828125
2020-07-09,87.7874984741211
2020-07-10,88.05590057373047
2020-07-13,89.31450653076172
2020-07-14,91.28568267822266
2020-07-15,94.56175994873047
2020-07-16,94.73759460449219
2020-07-17,95.85738372802734
2020-07-20,94.89490509033203
2020-07-21,95.77409362792969
2020-07-22,97.34736633300781
2020-07-23,97.86559295654297
2020-07-24,97.64350128173828
2020-07-27,98.32833099365234
2020-07-28,96.9586410522461
2020-07-29,98.91133880615234
2020-07-30,96.74581146240234
2020-07-31,95.25585174560547
2020-08-03,95.45018005371094
2020-08-04,95.62603759765625
2020-08-05,96.9401626586914
2020-08-06,97.39360809326172
2020-08-07,99.97560119628906
2020-08-10,102.26142883300781
2020-08-11,103.9827651977539
2020-08-12,104.17710876464844
2020-08-13,103.74215698242188
2020-08-14,103.20539093017578
2020-08-17,103.54781341552734
2020-08-18,102.77044677734375
2020-08-19,102.46504974365234
2020-08-20,101.78947448730469
2020-08-21,101.74322509765625
2020-08-24,102.7519302368164
2020-08-25,102.93702697753906
2020-08-26,103.16837310791016
2020-08-27,103.20539093017578
2020-08-28,103.5353775024414
2020-08-31,102.10386657714844
2020-09-01,103.57259368896484
2020-09-02,105.41311645507812
2020-09-03,102.02018737792969
2020-09-04,101.89936065673828
2020-09-08,100.52359008789062
2020-09-09,103.65621948242188
2020-09-10,103.07061004638672
2020-09-11,104.8553695678711
2020-09-14,105.6827163696289
2020-09-15,105.95230102539062
2020-09-16,107.21647644042969
2020-09-17,107.253662109375
2020-09-18,104.66947937011719
2020-09-21,99.88219451904297
2020-09-22,99.98443603515625
2020-09-23,99.41741943359375
2020-09-24,99.59402465820312
2020-09-25,100.85823059082031
2020-09-28,101.1185073852539
2020-09-29,100.61653900146484
2020-09-30,100.7094955444336
2020-10-01,99.59402465820312
2020-10-02,102.2990951538086
2020-10-05,103.48892211914062
2020-10-06,102.33624267578125
2020-10-07,103.8328857421875
2020-10-08,104.97624206542969
2020-10-09,105.11567687988281
2020-10-12,105.94297790527344
2020-10-13,104.51144409179688
2020-10-14,105.61763000488281
2020-10-15,105.87791442871094
2020-10-16,106.03593444824219
2020-10-19,104.82749938964844
2020-10-20,106.19395446777344
2020-10-21,105.71988677978516
2020-10-22,107.12352752685547
2020-10-23,108.08100128173828
2020-10-26,105.80354309082031
2020-10-27,103.69342803955078
2020-10-28,101.59259796142578
2020-10-29,102.33624267578125
2020-10-30,102.91258239746094
2020-11-02,106.77958679199219
2020-11-03,108.9083023071289
2020-11-04,106.03593444824219
2020-11-05,109.10350799560547
2020-11-06,108.22042846679688
2020-11-09,111.28799438476562
2020-11-10,111.37163543701172
2020-11-11,112.35700988769531
2020-11-12,111.54829406738281
2020-11-13,113.66770935058594
2020-11-16,116.93978881835938
2020-11-17,116.57725524902344
2020-11-18,115.6011962890625
2020-11-19,115.89866638183594
2020-11-20,114.7831802368164
2020-11-23,114.73670959472656
2020-11-24,117.44172668457031
2020-11-25,115.37810516357422
2020-11-27,115.6160888671875
2020-11-30,113.88951873779297
2020-12-01,114.45880126953125
2020-12-02,114.13215637207031
2020-12-03,113.05886840820312
2020-12-04,115.29878234863281
2020-12-07,114.08549499511719
2020-12-08,113.79617309570312
2020-12-09,115.0187759399414
2020-12-10,113.27354431152344
2020-12-11,113.27354431152344
2020-12-14,112.11626434326172
2020-12-15,113.7121810913086
2020-12-16,112.806884765625
2020-12-17,115.50409698486328
2020-12-18,115.5974349975586
2020-12-21,115.60676574707031
2020-12-22,115.20545959472656
2020-12-23,115.39209747314453
2020-12-24,115.74674987792969
2020-12-28,115.98942565917969
2020-12-29,115.2707748413086
2020-12-30,116.12940979003906
2020-12-31,117.82799530029297
2021-01-04,115.11212921142578
2021-01-05,115.78406524658203
2021-01-06,119.05060577392578
2021-01-07,120.81449127197266
2021-01-08,120.81449127197266
2021-01-11,120.18923950195312
2021-01-12,120.95452117919922
2021-01-13,118.63995361328125
2021-01-14,118.47197723388672
2021-01-15,117.01602935791016
2021-01-19,117.13735961914062
2021-01-20,117.60399627685547
2021-01-21,116.64270782470703
2021-01-22,116.96005249023438
2021-01-25,116.72672271728516
2021-01-26,115.96138763427734
2021-01-27,111.00564575195312
2021-01-28,110.12835693359375
2021-01-29,108.71907806396484
2021-02-01,109.73635864257812
2021-02-02,111.37895202636719
2021-02-03,112.7695541381836
2021-02-04,111.83625793457031
2021-02-05,112.98423767089844
2021-02-08,112.8255615234375
2021-02-09,112.32156372070312
2021-02-10,114.5894775390625
2021-02-11,113.95484161376953
2021-02-12,114.54280090332031
2021-02-16,113.53485870361328
2021-02-17,112.58290100097656
2021-02-18,112.8722152709961
2021-02-19,114.09483337402344
2021-02-22,113.9921646118164
2021-02-23,113.84282684326172
2021-02-24,117.12802124023438
2021-02-25,116.44872283935547
2021-02-26,115.49298095703125
2021-03-01,119.343994140625
2021-03-02,119.13786315917969
2021-03-03,118.98794555664062
2021-03-04,117.46064758300781
2021-03-05,121.86448669433594
2021-03-08,123.47608184814453
2021-03-09,122.67030334472656
2021-03-10,124.68482971191406
2021-03-11,125.42504119873047
2021-03-12,127.27094268798828
2021-03-15,127.20533752441406
2021-03-16,127.01791381835938
2021-03-17,128.29220581054688
2021-03-18,128.55455017089844
2021-03-19,127.00856018066406
2021-03-22,127.84248352050781
2021-03-23,125.20014953613281
2021-03-24,127.12097930908203
2021-03-25,129.02304077148438
2021-03-26,131.0844268798828
2021-03-29,129.51968383789062
2021-03-30,129.66024780273438
2021-03-31,128.4889678955078
2021-04-01,129.2385711669922
2021-04-05,131.33740234375
2021-04-06,130.7377166748047
2021-04-07,130.31613159179688
2021-04-08,129.7914276123047
2021-04-09,131.1406707763672
2021-04-12,131.6372528076172
2021-04-13,129.92259216308594
2021-04-14,129.58531188964844
2021-04-15,130.59718322753906
2021-04-16,131.7122039794922
2021-04-19,131.5810546875
2021-04-20,135.73190307617188
2021-04-21,139.45172119140625
2021-04-22,138.25238037109375
2021-04-23,138.8052215576172
2021-04-26,137.16551208496094
2021-04-27,138.61781311035156
2021-04-28,138.7677459716797
2021-04-29,141.79420471191406
2021-04-30,139.78904724121094
2021-05-03,140.33248901367188
2021-05-04,141.990966796875
2021-05-05,141.33509826660156
2021-05-06,143.0497589111328
2021-05-07,143.274658203125
2021-05-10,143.78060913085938
2021-05-11,140.72605895996094
2021-05-12,137.17483520507812
2021-05-13,140.1450958251953
2021-05-14,141.8597869873047
2021-05-17,140.85719299316406
2021-05-18,138.48666381835938
2021-05-19,138.08372497558594
2021-05-20,138.73963928222656
2021-05-21,138.927001953125
2021-05-24,140.0701446533203
2021-05-25,139.6110076904297
2021-05-26,139.50796508789062
2021-05-27,141.2518768310547
2021-05-28,141.4868927001953
2021-06-01,142.07916259765625
2021-06-02,142.18255615234375
2021-06-03,142.93467712402344
2021-06-04,143.9781951904297
2021-06-07,142.54920959472656
2021-06-08,142.91587829589844
2021-06-09,141.63731384277344
2021-06-10,141.28948974609375
2021-06-11,142.67144775390625
2021-06-14,141.33648681640625
2021-06-15,142.30479431152344
2021-06-16,141.0074462890625
2021-06-17,137.03076171875
2021-06-18,134.39846801757812
2021-06-21,137.5383758544922
2021-06-22,138.47853088378906
2021-06-23,138.11190795898438
2021-06-24,138.83578491210938
2021-06-25,140.3681640625
2021-06-28,140.06732177734375
2021-06-29,140.29296875
2021-06-30,141.58087158203125
2021-07-01,141.91932678222656
2021-07-02,142.7090301513672
2021-07-06,141.55270385742188
2021-07-07,143.9123992919922
2021-07-08,142.0885772705078
2021-07-09,144.2696533203125
2021-07-12,145.6046142578125
2021-07-13,145.1627197265625
2021-07-14,145.9994354248047
2021-07-15,146.32847595214844
2021-07-16,145.67042541503906
2021-07-19,142.868896484375
2021-07-20,152.42977905273438
2021-07-21,154.26303100585938
2021-07-22,154.9586944580078
2021-07-23,154.4510040283203
2021-07-26,153.15370178222656
2021-07-27,154.01858520507812
2021-07-28,153.20069885253906
2021-07-29,155.22193908691406
2021-07-30,157.11154174804688
2021-08-02,156.94232177734375
2021-08-03,159.50885009765625
2021-08-04,158.00465393066406
2021-08-05,159.05758666992188
2021-08-06,159.33963012695312
2021-08-09,158.93536376953125
2021-08-10,161.4642791748047
2021-08-11,162.1599578857422
2021-08-12,161.75572204589844
2021-08-13,161.36087036132812
2021-08-16,163.54193115234375
2021-08-17,162.65823364257812
2021-08-18,161.23866271972656
2021-08-19,162.0941619873047
2021-08-20,162.35739135742188
2021-08-23,162.73341369628906
2021-08-24,163.79574584960938
2021-08-25,164.01197814941406
2021-08-26,163.6171417236328
2021-08-27,164.1342010498047
2021-08-30,165.73695373535156
2021-08-31,164.38877868652344
2021-09-01,163.94564819335938
2021-09-02,165.92550659179688
2021-09-03,164.9261474609375
2021-09-07,162.88967895507812
2021-09-08,164.8507537841797
2021-09-09,164.84129333496094
2021-09-10,163.63449096679688
2021-09-13,160.93807983398438
2021-09-14,157.42137145996094
2021-09-15,158.10958862304688
2021-09-16,154.85694885253906
2021-09-17,153.33900451660156
2021-09-20,153.24468994140625
2021-09-21,152.01901245117188
2021-09-22,152.9713134765625
2021-09-23,154.1875
2021-09-24,152.6413116455078
2021-09-27,152.4150390625
2021-09-28,149.7563018798828
2021-09-29,150.1900177001953
2021-09-30,146.60731506347656
2021-10-01,147.90838623046875
2021-10-04,147.0692901611328
2021-10-05,149.0774688720703
2021-10-06,149.97317504882812
2021-10-07,150.66139221191406
2021-10-08,148.81346130371094
2021-10-11,147.7104034423828
2021-10-12,148.1063690185547
2021-10-13,148.37977600097656
2021-10-14,153.21641540527344
2021-10-15,155.66775512695312
2021-10-18,157.25164794921875
2021-10-19,158.30763244628906
2021-10-20,159.19387817382812
2021-10-21,159.8915252685547
2021-10-22,159.53326416015625
2021-10-25,158.995849609375
2021-10-26,157.82676696777344
2021-10-27,156.1580047607422
2021-10-28,159.4012908935547
2021-10-29,159.4107208251953
2021-11-01,160.05178833007812
2021-11-02,161.6357421875
2021-11-03,160.27806091308594
2021-11-04,162.2957305908203
2021-11-05,161.4943084716797
2021-11-08,163.69105529785156
2021-11-09,165.35984802246094
2021-11-10,164.7564239501953
2021-11-11,161.3623046875
2021-11-12,162.9745330810547
2021-11-15,163.5779571533203
2021-11-16,166.52896118164062
2021-11-17,165.37872314453125
2021-11-18,166.48182678222656
2021-11-19,165.9821319580078
2021-11-22,165.84066772460938
2021-11-23,165.91612243652344
2021-11-24,166.16128540039062
2021-11-26,161.44715881347656
2021-11-29,162.449462890625
2021-11-30,154.93218994140625
2021-12-01,153.9676971435547
2021-12-02,157.3717498779297
2021-12-03,157.92015075683594
2021-12-06,160.7379913330078
2021-12-07,162.87496948242188
2021-12-08,162.49676513671875
2021-12-09,162.27928161621094
2021-12-10,162.0334014892578
2021-12-13,162.40220642089844
2021-12-14,158.92250061035156
2021-12-15,162.3265380859375
2021-12-16,162.941162109375
2021-12-17,161.0216522216797
2021-12-20,159.27236938476562
2021-12-21,162.0050811767578
2021-12-22,163.10195922851562
2021-12-23,164.2838897705078
2021-12-27,168.9077606201172
2021-12-28,170.02349853515625
2021-12-29,171.5931854248047
2021-12-30,170.83668518066406
2021-12-31,171.71609497070312
2022-01-03,168.62408447265625
2022-01-04,171.5931854248047
2022-01-05,169.57913208007812
2022-01-06,171.5931854248047
2022-01-07,172.96426391601562
2022-01-10,169.5885467529297
2022-01-11,170.89346313476562
2022-01-12,171.42298889160156
2022-01-13,170.56248474121094
2022-01-14,168.76593017578125
2022-01-18,168.7281036376953
2022-01-19,167.93385314941406
2022-01-20,165.17271423339844
2022-01-21,164.08534240722656
2022-01-24,164.23660278320312
2022-01-25,161.38099670410156
2022-01-26,160.6718292236328
2022-01-27,159.5276641845703
2022-01-28,157.93911743164062
2022-01-31,160.66236877441406
2022-02-01,160.45431518554688
2022-02-02,160.9932861328125
2022-02-03,154.657958984375
2022-02-04,154.27027893066406
2022-02-07,153.32469177246094
2022-02-08,155.84939575195312
2022-02-09,158.46859741210938
2022-02-10,155.0172882080078
2022-02-11,151.4902801513672
2022-02-14,152.38858032226562
2022-02-15,152.8235626220703
2022-02-16,154.08116149902344
2022-02-17,150.71490478515625
2022-02-18,150.37452697753906
2022-02-22,149.5518798828125
2022-02-23,146.47874450683594
2022-02-24,146.9042205810547
2022-02-25,150.85052490234375
2022-02-28,148.80152893066406
2022-03-01,143.8781280517578
2022-03-02,149.07659912109375
2022-03-03,149.000732421875
2022-03-04,143.18565368652344
2022-03-07,139.31527709960938
2022-03-08,138.6796875
2022-03-09,143.43228149414062
2022-03-10,144.17221069335938
2022-03-11,142.89158630371094
2022-03-14,143.6409912109375
2022-03-15,144.37144470214844
2022-03-16,147.79595947265625
2022-03-17,149.2473907470703
2022-03-18,151.0877227783203
2022-03-21,150.03472900390625
2022-03-22,151.2015380859375
2022-03-23,149.7216796875
2022-03-24,149.1525115966797
2022-03-25,150.1485595703125
2022-03-28,150.49954223632812
2022-03-29,154.37945556640625
2022-03-30,152.33038330078125
2022-03-31,148.83946228027344
2022-04-01,150.4046630859375
2022-04-04,149.81655883789062
2022-04-05,146.01254272460938
2022-04-06,146.79991149902344
2022-04-07,146.49635314941406
2022-04-08,143.1287384033203
2022-04-11,141.56350708007812
2022-04-12,140.2733612060547
2022-04-13,141.7342529296875
2022-04-14,138.869384765625
2022-04-18,139.08758544921875
2022-04-19,143.8876495361328
2022-04-20,147.53038024902344
2022-04-21,136.7539520263672
2022-04-22,135.653564453125
2022-04-25,134.93260192871094
2022-04-26,131.906494140625
2022-04-27,130.9009552001953
2022-04-28,132.32386779785156
2022-04-29,126.4518814086914
2022-05-02,127.46691131591797
2022-05-03,129.05113220214844
2022-05-04,131.1381072998047
2022-05-05,128.2827606201172
2022-05-06,126.17679595947266
2022-05-09,125.31355285644531
2022-05-10,123.27398681640625
2022-05-11,123.39730072021484
2022-05-12,124.60205841064453
2022-05-13,126.00602722167969
2022-05-16,126.51827239990234
2022-05-17,128.9183349609375
2022-05-18,122.74275207519531
2022-05-19,122.88504791259766
2022-05-20,124.06134796142578
2022-05-23,124.080322265625
2022-05-24,124.12774658203125
2022-05-25,123.09375
2022-05-26,126.22418975830078
2022-05-27,128.11912536621094
2022-05-31,127.50968933105469
2022-06-01,126.43370819091797
2022-06-02,129.05223083496094
2022-06-03,127.0526351928711
2022-06-06,126.8240966796875
2022-06-07,129.61404418945312
2022-06-08,128.18572998046875
2022-06-09,126.36707305908203
2022-06-10,122.27257537841797
2022-06-13,118.03526306152344
2022-06-14,117.12115478515625
2022-06-15,118.1304702758789
2022-06-16,114.09313201904297
2022-06-17,111.68405151367188
2022-06-21,113.52181243896484
2022-06-22,113.71223449707031
2022-06-23,112.91239166259766
2022-06-24,117.33062744140625
2022-06-27,117.18778228759766
2022-06-28,115.9594497680664
2022-06-29,115.46430206298828
2022-06-30,115.52142333984375
2022-07-01,116.55934143066406
2022-07-05,115.94992065429688
2022-07-06,116.24510192871094
2022-07-07,117.70198059082031
2022-07-08,115.9594497680664
2022-07-11,115.53096771240234
2022-07-12,114.99774169921875
2022-07-13,113.9979019165039
2022-07-14,112.29346466064453
2022-07-15,114.7691879272461
2022-07-18,114.24549102783203
2022-07-19,118.9398422241211
2022-07-20,119.69209289550781
2022-07-21,121.34892272949219
2022-07-22,122.49156951904297
2022-07-25,120.61572265625
2022-07-26,121.14895629882812
2022-07-27,123.8818130493164
2022-07-28,125.50054931640625
2022-07-29,127.29067993164062
2022-08-01,125.95758056640625
2022-08-02,124.86258697509766
2022-08-03,126.80503845214844
2022-08-04,126.12899017333984
2022-08-05,127.62395477294922
2022-08-08,128.07147216796875
2022-08-09,125.54813385009766
2022-08-10,129.3379364013672
2022-08-11,129.9568328857422
2022-08-12,132.81346130371094
2022-08-15,133.57518005371094
2022-08-16,134.57505798339844
2022-08-17,132.44212341308594
2022-08-18,133.7371063232422
2022-08-19,131.28041076660156
2022-08-22,127.4430160522461
2022-08-23,126.77648162841797
2022-08-24,126.62413787841797
2022-08-25,128.51901245117188
2022-08-26,121.87261962890625
2022-08-29,121.33939361572266
2022-08-30,120.4837875366211
2022-08-31,119.46087646484375
2022-09-01,123.38043212890625
2022-09-02,122.33840942382812
2022-09-06,122.66345977783203
2022-09-07,123.80109405517578
2022-09-08,122.22369384765625
2022-09-09,123.77239227294922
2022-09-12,124.73795318603516
2022-09-13,121.24858093261719
2022-09-14,121.46845245361328
2022-09-15,117.10912322998047
2022-09-16,115.58909606933594
2022-09-19,119.51822662353516
2022-09-20,117.29076385498047
2022-09-21,116.73628997802734
2022-09-22,114.86256408691406
2022-09-23,114.48015594482422
2022-09-26,112.75935363769531
2022-09-27,111.53568267822266
2022-09-28,114.54705810546875
2022-09-29,112.71156311035156
2022-09-30,111.44966125488281
2022-10-03,114.8051986694336
2022-10-04,118.94462585449219
2022-10-05,118.61961364746094
2022-10-06,118.06511688232422
2022-10-07,115.407470703125
2022-10-10,115.31185913085938
2022-10-11,114.30806732177734
2022-10-12,112.20488739013672
2022-10-13,116.32522583007812
2022-10-14,114.31763458251953
2022-10-17,116.2009506225586
2022-10-18,117.97908782958984
2022-10-19,116.01930236816406
2022-10-20,113.85874938964844
2022-10-21,119.355712890625
2022-10-24,120.59850311279297
2022-10-25,121.68833923339844
2022-10-26,121.94644165039062
2022-10-27,122.3957748413086
2022-10-28,126.08590698242188
2022-10-31,124.93870544433594
2022-11-01,126.86023712158203
2022-11-02,125.0247573852539
2022-11-03,124.56584930419922
2022-11-04,127.20439147949219
2022-11-07,128.4950408935547
2022-11-08,126.0572280883789
2022-11-09,124.47985076904297
2022-11-10,131.3056640625
2022-11-11,134.73764038085938
2022-11-14,135.0435333251953
2022-11-15,135.9039306640625
2022-11-16,135.1104736328125
2022-11-17,132.86387634277344
2022-11-18,133.3323516845703
2022-11-21,134.1353302001953
2022-11-22,135.89437866210938
2022-11-23,136.47750854492188
2022-11-25,136.69741821289062
2022-11-28,133.1985321044922
2022-11-29,133.72140502929688
2022-11-30,136.1968536376953
2022-12-01,136.7149658203125
2022-12-02,137.67440795898438
2022-12-05,135.29493713378906
2022-12-06,134.1051788330078
2022-12-07,132.74276733398438
2022-12-08,131.69688415527344
2022-12-09,131.72569274902344
2022-12-12,134.61370849609375
2022-12-13,136.81089782714844
2022-12-14,134.99749755859375
2022-12-15,129.22149658203125
2022-12-16,128.0701141357422
2022-12-19,127.01473236083984
2022-12-20,127.8494644165039
2022-12-21,129.3845977783203
2022-12-22,128.30999755859375
2022-12-23,129.25990295410156
2022-12-27,130.3728485107422
2022-12-28,127.87822723388672
2022-12-29,130.814208984375
2022-12-30,129.9219207763672
2023-01-03,129.59567260742188
2023-01-04,130.65110778808594
2023-01-05,128.9720458984375
2023-01-06,133.76937866210938
2023-01-09,133.28005981445312
2023-01-10,133.6542205810547
2023-01-11,136.17762756347656
2023-01-12,137.10836791992188
2023-01-13,138.53794860839844
2023-01-17,138.461181640625
2023-01-18,134.82479858398438
2023-01-19,130.3728485107422
2023-01-20,133.69261169433594
2023-01-23,135.9761505126953
2023-01-24,137.40576171875
2023-01-25,136.1009063720703
2023-01-26,137.6840057373047
2023-01-27,139.10401916503906
2023-01-30,137.501708984375
2023-01-31,145.67642211914062
2023-02-01,150.25306701660156
2023-02-02,152.6709442138672
2023-02-03,153.14108276367188
2023-02-06,150.11874389648438
2023-02-07,150.12838745117188
2023-02-08,147.90237426757812
2023-02-09,146.94290161132812
2023-02-10,147.0388641357422
2023-02-13,149.38954162597656
2023-02-14,149.38954162597656
2023-02-15,150.1667022705078
2023-02-16,148.66038513183594
2023-02-17,149.0633544921875
2023-02-21,142.51016235351562
2023-02-22,142.6732940673828
2023-02-23,142.8843536376953
2023-02-24,142.38540649414062
2023-02-27,144.4119873046875
2023-02-28,144.31570434570312
2023-03-01,144.52755737304688
2023-03-02,145.75982666015625
2023-03-03,148.88876342773438
2023-03-06,148.5710906982422
2023-03-07,147.11732482910156
2023-03-08,146.78997802734375
2023-03-09,144.56605529785156
2023-03-10,140.36846923828125
2023-03-13,138.1060028076172
2023-03-14,140.23370361328125
2023-03-15,135.10227966308594
2023-03-16,135.51622009277344
2023-03-17,131.4823760986328
2023-03-20,134.9193115234375
2023-03-21,136.91221618652344
2023-03-22,135.30441284179688
2023-03-23,135.2947998046875
2023-03-24,136.1708984375
2023-03-27,137.45135498046875
2023-03-28,138.95321655273438
2023-03-29,141.4852294921875
2023-03-30,142.63095092773438
2023-03-31,146.2797393798828
2023-04-03,144.9126434326172
2023-04-04,139.6656951904297
2023-04-05,137.56686401367188
2023-04-06,136.29605102539062
2023-04-10,138.6836395263672
2023-04-11,141.4563446044922
2023-04-12,141.63929748535156
2023-04-13,142.00514221191406
2023-04-14,141.5334014892578
2023-04-17,142.6597900390625
2023-04-18,142.75607299804688
2023-04-19,142.04364013671875
2023-04-20,141.73556518554688
2023-04-21,142.17843627929688
2023-04-24,143.06414794921875
2023-04-25,140.04115295410156
2023-04-26,135.56436157226562
2023-04-27,139.19395446777344
2023-04-28,140.71507263183594
2023-05-01,140.9557342529297
2023-05-02,139.3479461669922
2023-05-03,139.02061462402344
2023-05-04,136.66189575195312
2023-05-05,139.1265411376953
2023-05-08,138.66439819335938
2023-05-09,137.3165740966797
2023-05-10,135.71839904785156
2023-05-11,134.1202392578125
2023-05-12,133.59072875976562
2023-05-15,134.3705596923828
2023-05-16,132.3969268798828
2023-05-17,134.64010620117188
2023-05-18,135.5836181640625
2023-05-19,134.27426147460938
2023-05-22,134.97711181640625
2023-05-23,134.12989807128906
2023-05-24,130.58697509765625
2023-05-25,130.18260192871094
2023-05-26,131.92518615722656
2023-05-30,132.32618713378906
2023-05-31,128.8378143310547
2023-06-01,130.509521484375
2023-06-02,135.14781188964844
2023-06-05,133.23451232910156
2023-06-06,134.33612060546875
2023-06-07,138.72315979003906
2023-06-08,137.50559997558594
2023-06-09,136.3846893310547
2023-06-12,138.2496795654297
2023-06-13,140.2595672607422
2023-06-14,140.28855895996094
2023-06-15,142.12452697753906
2023-06-16,142.75265502929688
2023-06-20,138.59751892089844
2023-06-21,139.38987731933594
2023-06-22,137.80514526367188
2023-06-23,136.375
2023-06-26,138.2786407470703
2023-06-27,139.9116973876953
2023-06-28,138.52020263671875
2023-06-29,139.77642822265625
2023-06-30,142.67535400390625
2023-07-03,142.1824951171875
2023-07-05,140.1146240234375
2023-07-06,139.08062744140625
2023-07-07,141.1775665283203
2023-07-10,143.44842529296875
2023-07-11,144.42434692382812
2023-07-12,145.59361267089844
2023-07-13,145.02346801757812
2023-07-14,143.32278442382812
2023-07-17,143.8832244873047
2023-07-18,145.27471923828125
2023-07-19,145.07177734375
2023-07-20,144.89785766601562
2023-07-21,146.99472045898438
2023-07-24,146.96575927734375
2023-07-25,141.57374572753906
2023-07-26,141.85401916503906
2023-07-27,140.8780059814453
2023-07-28,140.7813720703125
2023-07-31,141.05194091796875
2023-08-01,140.5784454345703
2023-08-02,138.1530303955078
2023-08-03,137.90179443359375
2023-08-04,137.4766387939453
2023-08-07,138.54920959472656
2023-08-08,139.13864135742188
2023-08-09,138.7424774169922
2023-08-10,137.57322692871094
2023-08-11,138.1530303955078
2023-08-14,137.6795654296875
2023-08-15,135.14781188964844
2023-08-16,134.32644653320312
2023-08-17,135.0125274658203
2023-08-18,135.8339080810547
2023-08-21,135.1864471435547
2023-08-22,135.17678833007812
2023-08-23,137.2640380859375
2023-08-24,136.58763122558594
2023-08-25,137.86314392089844
2023-08-28,139.13864135742188
2023-08-29,141.6510772705078
2023-08-30,143.74559020996094
2023-08-31,143.8037567138672
2023-09-01,144.19161987304688
2023-09-05,139.42079162597656
2023-09-06,139.49835205078125
2023-09-07,137.42324829101562
2023-09-08,137.80142211914062
2023-09-11,135.96873474121094
2023-09-12,136.5989990234375
2023-09-13,136.9190216064453
2023-09-14,139.78924560546875
2023-09-15,140.0704803466797
2023-09-18,139.17837524414062
2023-09-19,139.3917236328125
2023-09-20,139.14927673339844
2023-09-21,137.2681121826172
2023-09-22,137.0644989013672
2023-09-25,138.2183837890625
2023-09-26,135.5614471435547
2023-09-27,136.32748413085938
2023-09-28,136.4244842529297
2023-09-29,135.28025817871094
2023-10-02,133.50572204589844
2023-10-03,133.6027069091797
2023-10-04,133.7384796142578
2023-10-05,134.1166229248047
2023-10-06,134.67904663085938
2023-10-09,136.11416625976562
2023-10-10,136.75416564941406
2023-10-11,137.86929321289062
2023-10-12,135.96873474121094
2023-10-13,133.93238830566406
2023-10-16,136.51171875
2023-10-17,137.29714965820312
2023-10-18,131.71180725097656
2023-10-19,130.35426330566406
2023-10-20,130.60635375976562
2023-10-23,129.7918701171875
2023-10-24,128.3179473876953
2023-10-25,126.13613891601562
2023-10-26,126.5919189453125
2023-10-27,124.52647399902344
2023-10-30,124.52647399902344
2023-10-31,126.01010131835938
2023-11-01,125.16647338867188
2023-11-02,129.21975708007812
2023-11-03,130.28639221191406
2023-11-06,128.73492431640625
2023-11-07,126.51433563232422
2023-11-08,126.16523742675781
2023-11-09,126.82460021972656
2023-11-10,127.63917541503906
2023-11-13,127.48402404785156
2023-11-14,132.65240478515625
2023-11-15,134.62086486816406
2023-11-16,133.36996459960938
2023-11-17,133.61236572265625
2023-11-20,134.05845642089844
2023-11-21,134.28147888183594
2023-11-22,134.3590545654297
2023-11-24,135.4547882080078
2023-11-27,134.82447814941406
2023-11-28,135.84266662597656
2023-11-29,137.0008087158203
2023-11-30,137.38035583496094
2023-12-01,139.37548828125
2023-12-04,139.5895538330078
2023-12-05,137.5749969482422
2023-12-06,139.37548828125
2023-12-07,139.84263610839844
2023-12-08,139.7744903564453
2023-12-11,141.41925048828125
2023-12-12,141.59442138671875
2023-12-13,143.35597229003906
2023-12-14,151.13201904296875
2023-12-15,148.124755859375
2023-12-18,147.73548889160156
2023-12-19,149.1953125
2023-12-20,146.9374237060547
2023-12-21,148.3972625732422
2023-12-22,148.84494018554688
2023-12-26,150.4994354248047
2023-12-27,150.0322723388672
2023-12-28,150.0322723388672
2023-12-29,149.691650390625
2024-01-02,147.4629364013672
2024-01-03,144.35838317871094
2024-01-04,144.13453674316406
2024-01-05,143.54087829589844
2024-01-08,144.2610626220703
2024-01-09,143.6284637451172
2024-01-10,143.2294464111328
2024-01-11,143.38514709472656
2024-01-12,143.20022583007812
2024-01-16,142.2951202392578
2024-01-17,140.57254028320312
2024-01-18,142.84014892578125
2024-01-19,144.12481689453125
2024-01-22,144.4849090576172
2024-01-23,146.6551971435547
2024-01-24,144.0469207763672
2024-01-25,145.94476318359375
2024-01-26,145.92527770996094
2024-01-29,147.696533203125
2024-01-30,147.42404174804688
2024-01-31,145.76956176757812
2024-02-01,152.35829162597656
2024-02-02,154.49937438964844
2024-02-05,155.70619201660156
2024-02-06,156.5139923095703
2024-02-07,156.17335510253906
2024-02-08,155.82293701171875
2024-02-09,156.23171997070312
2024-02-12,157.63314819335938
2024-02-13,155.5504608154297
2024-02-14,156.5820770263672
2024-02-15,158.2852325439453
2024-02-16,157.1368408203125
2024-02-20,155.7937774658203
2024-02-21,156.09547424316406
2024-02-22,158.71343994140625
2024-02-23,159.70611572265625
2024-02-26,160.36793518066406
2024-02-27,159.69638061523438
2024-02-28,160.4578857421875
2024-02-29,161.4536590576172
2024-03-01,163.32809448242188
2024-03-04,163.87477111816406
2024-03-05,163.2987823486328
2024-03-06,166.8621063232422
2024-03-07,167.81886291503906
2024-03-08,166.9695281982422
2024-03-11,166.88165283203125
2024-03-12,171.10887145996094
2024-03-13,173.0125732421875
2024-03-14,170.91358947753906
2024-03-15,171.36268615722656
2024-03-18,170.27902221679688
2024-03-19,170.98193359375
2024-03-20,171.38221740722656
2024-03-21,173.67642211914062
2024-03-22,172.22181701660156
2024-03-25,171.1967315673828
2024-03-26,170.63047790527344
2024-03-27,173.0125732421875
2024-03-28,172.9832763671875
2024-04-01,171.36268615722656
2024-04-02,169.60540771484375
2024-04-03,170.210693359375
2024-04-04,169.08799743652344
2024-04-05,171.6653289794922
2024-04-08,171.89964294433594
2024-04-09,173.1394805908203
2024-04-10,169.70306396484375
2024-04-11,169.1660919189453
2024-04-12,167.97506713867188
2024-04-15,166.61807250976562
2024-04-16,167.096435546875
2024-04-17,165.475830078125
2024-04-18,164.60699462890625
2024-04-19,165.8077850341797
2024-04-22,166.2373046875
2024-04-23,168.19961547851562
2024-04-24,167.36978149414062
2024-04-25,174.8577117919922
2024-04-26,175.89251708984375
2024-04-29,175.76560974121094
2024-04-30,175.04319763183594
2024-05-01,173.62762451171875
2024-05-02,173.33473205566406
2024-05-03,174.74057006835938
2024-05-06,177.4154815673828
2024-05-07,177.5131072998047
2024-05-08,179.38751220703125
2024-05-09,180.55905151367188
2024-05-10,181.14480590820312
2024-05-13,179.8854217529297
2024-05-14,179.34848022460938
2024-05-15,180.77381896972656
2024-05-16,179.76824951171875
2024-05-17,179.71946716308594
2024-05-20,180.68597412109375
2024-05-21,181.6427001953125
2024-05-22,183.09735107421875
2024-05-23,179.90493774414062
2024-05-24,179.8072967529297
2024-05-28,179.1239471435547
2024-05-29,177.23001098632812
2024-05-30,177.31785583496094
2024-05-31,179.961181640625
2024-06-03,177.48428344726562
2024-06-04,175.6731414794922
2024-06-05,177.1612091064453
2024-06-06,174.292724609375
2024-06-07,173.49972534179688
2024-06-10,174.2144012451172
2024-06-11,173.54869079589844
2024-06-12,177.9346160888672
2024-06-13,177.5821990966797
2024-06-14,173.5291290283203
2024-06-17,175.467529296875
2024-06-18,178.9528045654297
2024-06-20,179.4521026611328
2024-06-21,178.6688690185547
2024-06-24,180.5290069580078
2024-06-25,176.28012084960938
2024-06-26,174.96823120117188
2024-06-27,174.70391845703125
2024-06-28,176.6619110107422
2024-07-01,173.27456665039062
2024-07-02,173.24520874023438
2024-07-03,173.25498962402344
2024-07-05,172.97108459472656
2024-07-08,172.78506469726562
2024-07-09,171.45361328125
2024-07-10,174.81161499023438
2024-07-11,178.27731323242188
2024-07-12,180.64649963378906
2024-07-15,181.10662841796875
2024-07-16,187.47018432617188
2024-07-17,185.825439453125
2024-07-18,182.42828369140625
2024-07-19,179.84368896484375
2024-07-22,177.3472442626953
2024-07-23,176.58360290527344
2024-07-24,172.62841796875
2024-07-25,182.40870666503906
2024-07-26,181.34158325195312
2024-07-29,182.55555725097656
2024-07-30,180.63670349121094
2024-07-31,180.39193725585938
2024-08-01,175.3892059326172
2024-08-02,171.73751831054688
2024-08-05,169.11376953125
2024-08-06,170.81723022460938
2024-08-07,168.8788299560547
2024-08-08,172.8535919189453
2024-08-09,172.53053283691406
2024-08-12,170.7095489501953
2024-08-13,172.94168090820312
2024-08-14,173.10813903808594
2024-08-15,175.2130126953125
2024-08-16,176.054931640625
2024-08-19,177.88568115234375
2024-08-20,176.28990173339844
2024-08-21,178.41436767578125
2024-08-22,177.7290496826172
2024-08-23,180.76397705078125
2024-08-26,179.5402069091797
2024-08-27,178.65911865234375
2024-08-28,178.02276611328125
2024-08-29,179.1681671142578
2024-08-30,182.6387481689453
2024-09-03,176.964111328125
2024-09-04,173.1744842529297
2024-09-05,171.85890197753906
2024-09-06,172.18289184570312
2024-09-09,175.62890625
2024-09-10,178.14222717285156
2024-09-11,179.82107543945312
2024-09-12,183.2769012451172
2024-09-13,181.68643188476562
2024-09-16,183.36526489257812
2024-09-17,184.9164581298828
2024-09-18,182.5405731201172
2024-09-19,187.69485473632812
2024-09-20,185.67242431640625
2024-09-23,187.547607421875
2024-09-24,189.11842346191406
2024-09-25,186.7523651123047
2024-09-26,189.51113891601562
2024-09-27,189.26568603515625
2024-09-30,188.2446746826172
2024-10-01,186.93890380859375
2024-10-02,186.8014678955078
2024-10-03,186.1829376220703
2024-10-04,185.4662628173828
2024-10-07,184.1114044189453
2024-10-08,183.74815368652344
2024-10-09,182.68783569335938
2024-10-10,183.21798706054688
2024-10-11,187.21377563476562
2024-10-14,190.19837951660156
2024-10-15,187.79302978515625
2024-10-16,189.27552795410156
2024-10-17,191.32740783691406
2024-10-18,190.83651733398438
2024-10-21,189.2264404296875
2024-10-22,187.9108428955078
2024-10-23,188.1857452392578
2024-10-24,181.4115447998047
2024-10-25,183.57142639160156
2024-10-28,188.9515380859375
2024-10-29,188.3428497314453
2024-10-30,189.4718780517578
2024-10-31,185.87860107421875
2024-11-01,185.66259765625
2024-11-04,185.71168518066406
2024-11-05,188.64718627929688
2024-11-06,198.867431640625
2024-11-07,198.08201599121094
2024-11-08,197.82675170898438
2024-11-11,200.85060119628906
2024-11-12,198.6612548828125
2024-11-13,200.27134704589844
2024-11-14,198.4059600830078
2024-11-15,197.5125732421875
2024-11-18,196.87442016601562
2024-11-19,195.10720825195312
2024-11-20,194.51817321777344
2024-11-21,198.79872131347656
2024-11-22,201.0076904296875
2024-11-25,201.81272888183594
2024-11-26,202.57847595214844
2024-11-27,202.74539184570312
2024-11-29,202.65191650390625
2024-12-02,201.47084045410156
2024-12-03,200.5554962158203
2024-12-04,200.0732421875
2024-12-05,198.59689331054688
2024-12-06,198.2819366455078
2024-12-09,198.55751037597656
2024-12-10,198.13429260253906
2024-12-11,198.0260467529297
2024-12-12,198.1835174560547
2024-12-13,197.8390350341797
2024-12-16,196.59890747070312
2024-12-17,193.4395294189453
2024-12-18,185.8314971923828
2024-12-19,185.95944213867188
2024-12-20,186.28424072265625
2024-12-23,185.8314971923828
2024-12-24,187.32752990722656
2024-12-26,187.89834594726562
2024-12-27,185.35906982421875
2024-12-30,183.3807830810547
2024-12-31,184.64059448242188
2025-01-02,182.7115020751953
2025-01-03,185.06381225585938
2025-01-06,185.06381225585938
2025-01-07,185.0146026611328
2025-01-08,184.26657104492188
2025-01-10,180.74305725097656
2025-01-13,183.80401611328125
2025-01-14,185.8216552734375
2025-01-15,187.73106384277344
2025-01-16,191.4120330810547
2025-01-17,192.00259399414062
2025-01-21,195.2800750732422
2025-01-22,195.6737518310547
2025-01-23,196.0083770751953
2025-01-24,195.57533264160156
2025-01-27,192.84902954101562
2025-01-28,194.95526123046875
2025-01-29,194.2466278076172
2025-01-30,202.17945861816406
2025-01-31,200.4669189453125
2025-02-03,199.08901977539062
2025-02-04,199.7189178466797
2025-02-05,201.50035095214844
2025-02-06,201.43145751953125
2025-02-07,199.3448944091797
2025-02-10,200.32911682128906
2025-02-11,199.4433135986328
2025-02-12,197.88824462890625
2025-02-13,199.49253845214844
2025-02-14,199.1382293701172
2025-02-18,202.12042236328125
2025-02-19,201.6479949951172
2025-02-20,203.17352294921875
2025-02-21,197.37643432617188
2025-02-24,196.31349182128906
2025-02-25,195.23085021972656
2025-02-26,194.5615692138672
2025-02-27,193.41004943847656
2025-02-28,196.14845275878906
2025-03-03,190.7406768798828
2025-03-04,181.63246154785156
2025-03-05,187.22764587402344
2025-03-06,183.56658935546875
2025-03-07,183.19158935546875
2025-03-10,175.3957977294922
2025-03-11,178.38583374023438
2025-03-12,179.35292053222656
2025-03-13,174.7543487548828
2025-03-14,178.75096130371094
2025-03-17,180.54696655273438
2025-03-18,178.39572143554688
2025-03-19,179.86607360839844
2025-03-20,178.90884399414062
2025-03-21,177.27073669433594
2025-03-24,183.06332397460938
2025-03-25,183.290283203125
2025-03-26,179.8463134765625
2025-03-27,176.7871856689453
2025-03-28,172.34654235839844
2025-03-31,173.3629608154297
2025-04-01,174.14256286621094
2025-04-02,176.65892028808594
2025-04-03,160.58375549316406
2025-04-04,151.52484130859375
2025-04-07,149.47227478027344
2025-04-08,149.14662170410156
2025-04-09,163.6724853515625
2025-04-10,157.45556640625
2025-04-11,159.97193908691406
2025-04-14,161.50149536132812
2025-04-15,161.1265106201172
2025-04-16,159.8239288330078
2025-04-17,158.9555206298828
2025-04-21,155.93588256835938
2025-04-22,161.40283203125
2025-04-23,164.15603637695312
2025-04-24,167.4815673828125
2025-04-25,166.78094482421875
2025-04-28,168.0835418701172
2025-04-29,167.97499084472656
2025-04-30,168.3992919921875
2025-05-01,167.5703887939453
2025-05-02,171.57684326171875
2025-05-05,170.73805236816406
2025-05-06,168.45852661132812
2025-05-07,169.19863891601562
2025-05-08,172.37615966796875
2025-05-09,173.83663940429688
2025-05-12,181.16864013671875
2025-05-13,183.1422576904297
2025-05-14,182.2442626953125
2025-05-15,181.91864013671875
2025-05-16,184.2376251220703
2025-05-19,183.9514617919922
2025-05-20,181.83969116210938
2025-05-21,176.5602264404297
2025-05-22,177.47796630859375
2025-05-23,175.54380798339844
2025-05-27,179.1654052734375
2025-05-28,177.17205810546875
2025-05-29,177.31019592285156
2025-05-30,175.9098663330078
2025-06-02,174.2571563720703
2025-06-03,176.12759399414062
2025-06-04,175.82078552246094
2025-06-05,175.4051513671875
2025-06-06,177.59225463867188
2025-06-09,178.8590087890625
2025-06-10,179.40330505371094
2025-06-11,177.2854766845703
2025-06-12,176.92919921875
2025-06-13,174.71237182617188
2025-06-16,177.88916015625
2025-06-17,174.2571563720703
2025-06-18,173.88107299804688
2025-06-20,173.069580078125
2025-06-23,175.69215393066406
2025-06-24,178.0771942138672
2025-06-25,178.18606567382812
2025-06-26,181.14508056640625
2025-06-27,181.4023895263672
2025-06-30,181.3331298828125
2025-07-01,184.23280334472656
2025-07-02,186.2021942138672
2025-07-03,186.67723083496094
2025-07-07,185.43026733398438
2025-07-08,186.4792938232422
2025-07-09,186.27145385742188
2025-07-10,188.54766845703125
2025-07-11,186.98402404785156
2025-07-14,186.94442749023438
2025-07-15,185.13339233398438
2025-07-16,185.89540100097656
2025-07-17,188.61691284179688
2025-07-18,186.29127502441406
2025-07-21,185.04429626464844
2025-07-22,187.5778045654297
2025-07-23,188.92372131347656
2025-07-24,184.6979217529297
2025-07-25,184.56927490234375
2025-07-28,183.01551818847656
2025-07-29,182.1446533203125
2025-07-30,180.33360290527344
2025-07-31,179.2647705078125
2025-08-01,173.15863037109375
2025-08-04,174.27694702148438
2025-08-05,175.34576416015625
2025-08-06,172.49559020996094
2025-08-07,172.16900634765625
2025-08-08,171.72364807128906
2025-08-11,173.47532653808594
2025-08-12,176.1473846435547
2025-08-13,180.93727111816406
2025-08-14,177.54278564453125
2025-08-15,174.71237182617188
2025-08-18,175.31605529785156
2025-08-19,177.8495635986328
2025-08-20,176.88961791992188
2025-08-21,175.57339477539062
2025-08-22,181.17478942871094
2025-08-25,178.6412811279297
2025-08-26,180.3236846923828
2025-08-27,180.8185272216797
2025-08-28,179.71011352539062
2025-08-29,177.51669311523438
2025-09-02,174.4499053955078
2025-09-03,173.417724609375
2025-09-04,177.0204620361328
2025-09-05,176.4150390625
2025-09-08,176.66314697265625
2025-09-09,173.3680877685547
2025-09-10,174.32089233398438
2025-09-11,176.76242065429688
2025-09-12,171.6808624267578
2025-09-15,170.648681640625
2025-09-16,171.27395629882812
2025-09-17,170.162353515625
2025-09-18,171.50222778320312
2025-09-19,170.0531768798828
2025-09-22,168.96145629882812
2025-09-23,167.820068359375
2025-09-24,166.03359985351562
2025-09-25,164.3463592529297
2025-09-26,166.7283477783203
2025-09-29,165.3884735107422
2025-09-30,165.5770721435547
2025-10-01,165.15028381347656
2025-10-02,165.49765014648438
2025-10-03,165.35870361328125
2025-10-06,165.26937866210938
2025-10-07,163.3538818359375
2025-10-08,163.51266479492188
2025-10-09,161.08108520507812
2025-10-10,160.23745727539062
2025-10-13,159.94964599609375
2025-10-14,161.32919311523438
2025-10-15,161.43836975097656
2025-10-16,164.88230895996094
2025-10-17,165.24954223632812
2025-10-20,167.65135192871094
2025-10-21,171.74041748046875
2025-10-22,166.3511962890625
2025-10-23,179.85897827148438
2025-10-24,176.09744262695312
2025-10-27,176.6234588623047
2025-10-28,178.36032104492188
2025-10-29,179.442138671875
2025-10-30,178.78707885742188
2025-10-31,180.09716796875
2025-11-03,176.8219757080078
2025-11-04,176.9013671875
2025-11-05,178.30076599121094
2025-11-06,177.2288818359375
2025-11-07,178.97567749023438
2025-11-10,180.72242736816406
2025-11-11,182.58831787109375
2025-11-12,182.24095153808594
2025-11-13,180.6033477783203
2025-11-14,181.74468994140625
2025-11-17,178.69778442382812
2025-11-18,178.42979431152344
2025-11-19,178.2908477783203
2025-11-20,176.6929473876953
2025-11-21,182.20126342773438
2025-11-24,181.66529846191406
2025-11-25,184.62294006347656
2025-11-26,184.79165649414062
2025-11-28,184.40350341796875
2025-12-01,184.0153350830078
2025-12-02,186.59307861328125
2025-12-03,189.36990356445312
2025-12-04,189.73812866210938
2025-12-05,190.18600463867188
2025-12-08,190.37510681152344
2025-12-09,189.1807861328125
2025-12-10,194.77420043945312
2025-12-11,200.3278045654297
2025-12-12,198.17800903320312
2025-12-15,200.34771728515625
2025-12-16,195.67990112304688
2025-12-17,195.22207641601562
2025-12-18,195.14247131347656
2025-12-19,195.28179931640625
2025-12-22,198.56617736816406
2025-12-23,199.00408935546875
2025-12-24,198.61593627929688
2025-12-26,199.20314025878906
2025-12-29,198.0884552001953
2025-12-30,196.8443603515625
2025-12-31,194.31639099121094
2026-01-02,194.82395935058594
2026-01-05,201.31312561035156
2026-01-06,202.5373077392578
2026-01-07,198.43679809570312
2026-01-08,201.03445434570312
2026-01-09,200.93492126464844
2026-01-12,202.47760009765625
2026-01-13,203.43304443359375
2026-01-14,203.37332153320312
2026-01-15,204.88613891601562
2026-01-16,205.63258361816406
2026-01-20,200.31785583496094
2026-01-21,207.56341552734375
2026-01-22,208.43923950195312
2026-01-23,205.73211669921875
2026-01-26,206.71743774414062
2026-01-27,206.27951049804688
2026-01-28,205.0254669189453
2026-01-29,201.5718994140625
2026-01-30,200.53680419921875
2026-02-02,206.3392333984375
2026-02-03,210.65870666503906
2026-02-04,218.97915649414062
2026-02-05,216.52084350585938
2026-02-06,222.6019287109375
2026-02-09,223.92564392089844
2026-02-10,228.39439392089844
2026-02-11,231.96742248535156
2026-02-12,229.479248046875
2026-02-13,230.5342254638672
2026-02-17,232.1465606689453
2026-02-18,230.9821014404297
2026-02-19,231.42001342773438
2026-02-20,232.20628356933594
2026-02-23,229.6384735107422
2026-02-24,230.25555419921875
2026-02-25,225.65740966796875
2026-02-26,226.06546020507812
2026-02-27,224.94821166992188
2026-03-02,225.84600830078125
2026-03-03,220.2198028564453
2026-03-04,221.2971649169922
2026-03-05,215.052490234375
2026-03-06,207.91000366210938
2026-03-09,210.4836883544922
2026-03-10,209.74549865722656
2026-03-11,209.82530212402344
2026-03-12,203.3013153076172
2026-03-13,203.4309844970703
2026-03-16,206.91244506835938
2026-03-17,213.2967987060547
2026-03-18,211.71067810058594
2026-03-19,210.97250366210938
2026-03-20,208.85768127441406
2026-03-23,211.77052307128906
2026-03-24,215.052490234375
2026-03-25,214.63351440429688
2026-03-26,208.6980743408203
2026-03-27,206.09446716308594
2026-03-30,202.31373596191406
2026-03-31,207.93992614746094
2026-04-01,206.79275512695312
2026-04-02,204.87745666503906
2026-04-06,206.97230529785156
2026-04-07,207.0321502685547
2026-04-08,216.15977478027344
2026-04-09,217.78578186035156
2026-04-10,216.58871459960938
2026-04-13,218.7035369873047
2026-04-14,217.9453887939453
2026-04-15,214.9327850341797
2026-04-16,213.64593505859375
2026-04-17,218.53395080566406
2026-04-20,221.3570098876953
2026-04-21,219.74098205566406
2026-04-22,215.6410369873047
2026-04-23,227.5917205810547
2026-04-24,224.22998046875
2026-04-27,225.67642211914062
2026-04-28,223.59153747558594
2026-04-29,221.70616149902344
2026-04-30,225.85598754882812
2026-05-01,225.2375030517578
2026-05-04,220.31956481933594
2026-05-05,222.92318725585938
2026-05-06,226.6240997314453
2026-05-07,220.35946655273438
2026-05-08,219.29208374023438
2026-05-11,219.43174743652344
2026-05-12,216.1797332763672
2026-05-13,214.09483337402344
2026-05-14,213.83547973632812
2026-05-15,210.25425720214844
2026-05-18,210.31411743164062
2026-05-19,207.04214477539062
2026-05-20,210.4637451171875
2026-05-21,207.2615966796875
2026-05-22,209.38638305664062
2026-05-26,214.8729248046875
2026-05-27,212.84788513183594
2026-05-28,211.989990234375
2026-05-29,211.36000061035156
2026-06-01,207.5399932861328
2026-06-02,211.83999633789062
2026-06-03,213.50999450683594
2026-06-04,213.47000122070312
2026-06-05,214.75999450683594
2026-06-08,216.19000244140625
2026-06-09,220.97000122070312
2026-06-10,213.75999450683594
2026-06-11,218.52999877929688
2026-06-12,217.42999267578125
2026-06-15,220.6699981689453
2026-06-16,222.6300048828125
2026-06-17,220.7899932861328
2026-06-18,223.57000732421875
2026-06-22,229.39999389648438
2026-06-23,223.5399932861328
2026-06-24,224.30999755859375
2026-06-25,230.72999572753906
2026-06-26,225.9600067138672
2026-06-29,224.0
2026-06-30,224.27999877929688
2026-07-01,217.1699981689453
2026-07-02,213.7100067138672
2026-07-06,214.74000549316406
2026-07-07,214.0500030517578
2026-07-08,211.47000122070312
2026-07-09,211.57000732421875
2026-07-10,215.3300018310547
2026-07-13,214.27000427246094
2026-07-14,214.14999389648438
2026-07-15,212.25999450683594
2026-07-16,217.50999450683594
2026-07-17,214.17999267578125
2026-07-20,209.6300048828125
2026-07-21,211.4199981689453
2026-07-22,214.52999877929688
2026-07-23,197.8000030517578
2026-07-24,202.1999969482422
2026-07-27,205.85000610351562
2026-07-28,203.0800018310547
2026-07-29,197.99000549316406
2026-07-30,204.05999755859375
2026-07-31,204.6199951171875
2026-08-03,205.2050018310547
