Date,Close
1998-09-24,0.7348722219467163
1998-09-25,0.6960920691490173
1998-09-28,0.7484448552131653
1998-09-29,0.758139431476593
1998-09-30,0.699000358581543
1998-10-01,0.6204723119735718
1998-10-02,0.6204723119735718
1998-10-05,0.556486189365387
1998-10-06,0.5661805272102356
1998-10-07,0.4789273142814636
1998-10-08,0.449842631816864
1998-10-09,0.4769883453845978
1998-10-12,0.48862195014953613
1998-10-13,0.4556593894958496
1998-10-14,0.46729302406311035
1998-10-15,0.5060731768608093
1998-10-16,0.5584250688552856
1998-10-19,0.7038485407829285
1998-10-20,0.7212988138198853
1998-10-21,0.7843158841133118
1998-10-22,0.7998279929161072
1998-10-23,0.7775293588638306
1998-10-26,1.138179063796997
1998-10-27,1.2797235250473022
1998-10-28,1.2409446239471436
1998-10-29,1.2390055656433105
1998-10-30,1.289419174194336
1998-11-02,1.3029918670654297
1998-11-03,1.3029918670654297
1998-11-04,1.2826322317123413
1998-11-05,1.2593653202056885
1998-11-06,1.3029918670654297
1998-11-09,1.5977163314819336
1998-11-10,2.0301079750061035
1998-11-11,1.7984000444412231
1998-11-12,1.9544878005981445
1998-11-13,1.9224950075149536
1998-11-16,1.9796946048736572
1998-11-17,1.9952058792114258
1998-11-18,2.2879910469055176
1998-11-19,2.2298216819763184
1998-11-20,2.2802350521087646
1998-11-23,2.993779420852661
1998-11-24,3.0529186725616455
1998-11-25,3.1721651554107666
1998-11-27,3.3815739154815674
1998-11-30,3.065521240234375
1998-12-01,3.214823007583618
1998-12-02,3.148897886276245
1998-12-03,2.900707960128784
1998-12-04,2.8309051990509033
1998-12-07,2.702932596206665
1998-12-08,2.7436513900756836
1998-12-09,2.784853935241699
1998-12-10,2.887136220932007
1998-12-11,2.978267192840576
1998-12-14,2.923975944519043
1998-12-15,3.0092906951904297
1998-12-16,3.466888904571533
1998-12-17,3.696657657623291
1998-12-18,3.912853956222534
1998-12-21,4.597312927246094
1998-12-22,4.66905403137207
1998-12-23,4.622519016265869
1998-12-24,4.436376094818115
1998-12-28,4.430560111999512
1998-12-29,4.249265670776367
1998-12-30,3.922548294067383
1998-12-31,3.7422244548797607
1999-01-04,3.7228331565856934
1999-01-05,3.4746453762054443
1999-01-06,4.389842510223389
1999-01-07,4.622519016265869
1999-01-08,4.535263538360596
1999-01-11,4.521693706512451
1999-01-12,3.7305901050567627
1999-01-13,3.3427951335906982
1999-01-14,3.495004415512085
1999-01-15,3.464949607849121
1999-01-19,3.565777063369751
1999-01-20,3.3156495094299316
1999-01-21,2.819270372390747
1999-01-22,3.0519487857818604
1999-01-25,3.373819351196289
1999-01-26,3.426170825958252
1999-01-27,4.707833766937256
1999-01-28,4.5391435623168945
1999-01-29,4.306466102600098
1999-02-01,4.064094543457031
1999-02-02,3.943877935409546
1999-02-03,4.316161155700684
1999-02-04,3.707322359085083
1999-02-05,3.4319870471954346
1999-02-08,3.5832273960113525
1999-02-09,3.3020761013031006
1999-02-10,3.288503646850586
1999-02-11,3.715078353881836
1999-02-12,3.6607859134674072
1999-02-16,3.5851669311523438
1999-02-17,3.6142523288726807
1999-02-18,3.6472136974334717
1999-02-19,3.715078353881836
1999-02-22,4.323915958404541
1999-02-23,4.384024143218994
1999-02-24,4.436376094818115
1999-02-25,4.645787239074707
1999-02-26,5.180942535400391
1999-03-01,5.010314464569092
1999-03-02,5.4475531578063965
1999-03-03,5.747124671936035
1999-03-04,6.087416172027588
1999-03-05,6.9454121589660645
1999-03-08,7.9575581550598145
1999-03-09,7.736515045166016
1999-03-10,7.215898513793945
1999-03-11,6.980313777923584
1999-03-12,6.608030796051025
1999-03-15,7.297338485717773
1999-03-16,7.343869686126709
1999-03-17,7.247892379760742
1999-03-18,7.480569839477539
1999-03-19,7.434032917022705
1999-03-22,7.218807220458984
1999-03-23,6.8116230964660645
1999-03-24,6.765088081359863
1999-03-25,7.416583061218262
1999-03-26,7.189723014831543
1999-03-29,6.877063274383545
1999-03-30,6.381171226501465
1999-03-31,6.389895439147949
1999-04-01,6.4509735107421875
1999-04-05,6.922145843505859
1999-04-06,7.073384761810303
1999-04-07,6.980313777923584
1999-04-08,7.992460250854492
1999-04-09,8.533434867858887
1999-04-12,8.219319343566895
1999-04-13,8.044812202453613
1999-04-14,7.579457759857178
1999-04-15,8.32402229309082
1999-04-16,8.190234184265137
1999-04-19,7.172272205352783
1999-04-20,7.562007427215576
1999-04-21,7.75978422164917
1999-04-22,8.004096031188965
1999-04-23,9.312902450561523
1999-04-26,9.72590446472168
1999-04-27,9.73753833770752
1999-04-28,8.960977554321289
1999-04-29,10.005115509033203
1999-04-30,9.685184478759766
1999-05-03,8.870814323425293
1999-05-04,8.43454647064209
1999-05-05,8.693398475646973
1999-05-06,8.166966438293457
1999-05-07,8.22222900390625
1999-05-10,8.998787879943848
1999-05-11,9.08895206451416
1999-05-12,9.248912811279297
1999-05-13,8.958069801330566
1999-05-14,8.649771690368652
1999-05-17,9.23437213897705
1999-05-18,8.821372032165527
1999-05-19,9.158754348754883
1999-05-20,8.684673309326172
1999-05-21,8.863545417785645
1999-05-24,8.527615547180176
1999-05-25,7.628902435302734
1999-05-26,8.111705780029297
1999-05-27,7.8644890785217285
1999-05-28,8.24549674987793
1999-06-01,7.748147487640381
1999-06-02,7.85576057434082
1999-06-03,7.506743431091309
1999-06-04,7.841219425201416
1999-06-07,8.527615547180176
1999-06-08,8.550884246826172
1999-06-09,8.515978813171387
1999-06-10,8.501441955566406
1999-06-11,7.719065189361572
1999-06-14,6.3288187980651855
1999-06-15,6.305550575256348
1999-06-16,6.922145843505859
1999-06-17,6.829073429107666
1999-06-18,6.802898406982422
1999-06-21,7.076292514801025
1999-06-22,6.895968914031982
1999-06-23,6.8145318031311035
1999-06-24,6.613847255706787
1999-06-25,6.3288187980651855
1999-06-28,6.517867565155029
1999-06-29,6.549860000610352
1999-06-30,7.044299602508545
1999-07-01,6.96431827545166
1999-07-02,6.683650970458984
1999-07-06,6.549860000610352
1999-07-07,6.433522701263428
1999-07-08,6.244472980499268
1999-07-09,6.317183971405029
1999-07-12,5.950718402862549
1999-07-13,5.816929340362549
1999-07-14,5.723857879638672
1999-07-15,5.909997940063477
1999-07-16,5.722403049468994
1999-07-19,5.4766387939453125
1999-07-20,5.2555928230285645
1999-07-21,5.366117000579834
1999-07-22,5.05781888961792
1999-07-23,5.017100811004639
1999-07-26,4.8571343421936035
1999-07-27,4.633183479309082
1999-07-28,4.883312225341797
1999-07-29,4.758248805999756
1999-07-30,4.545928955078125
1999-08-02,4.246356964111328
1999-08-03,3.926426887512207
1999-08-04,3.5250585079193115
1999-08-05,4.321977615356445
1999-08-06,3.8740737438201904
1999-08-09,3.70538330078125
1999-08-10,4.153286933898926
1999-08-11,4.080575466156006
1999-08-12,4.25217342376709
1999-08-13,4.560470104217529
1999-08-16,5.072360515594482
1999-08-17,5.479546070098877
1999-08-18,5.860555648803711
1999-08-19,5.293403148651123
1999-08-20,5.723857879638672
1999-08-23,5.790753364562988
1999-08-24,5.531898498535156
1999-08-25,6.003069877624512
1999-08-26,5.976892471313477
1999-08-27,5.921632766723633
1999-08-30,5.558074474334717
1999-08-31,5.843104362487793
1999-09-01,5.674413681030273
1999-09-02,5.651145935058594
1999-09-03,6.212479114532471
1999-09-07,6.227020263671875
1999-09-08,6.270648002624512
1999-09-09,6.72145938873291
1999-09-10,7.352597713470459
1999-09-13,6.884335517883301
1999-09-14,7.212989330291748
1999-09-15,7.073384761810303
1999-09-16,7.061750888824463
1999-09-17,6.561495304107666
1999-09-20,6.3288187980651855
1999-09-21,6.544044017791748
1999-09-22,6.9395952224731445
1999-09-23,6.433522701263428
1999-09-24,6.797080993652344
1999-09-27,6.456790924072266
1999-09-28,6.42188835144043
1999-09-29,6.468423366546631
1999-09-30,6.564403533935547
1999-10-01,6.432067394256592
1999-10-04,6.480058670043945
1999-10-05,6.570220470428467
1999-10-06,7.05884313583374
1999-10-07,6.986130237579346
1999-10-08,7.0326666831970215
1999-10-11,6.968679428100586
1999-10-12,6.7360029220581055
1999-10-13,6.375352382659912
1999-10-14,6.590579509735107
1999-10-15,6.241562843322754
1999-10-18,6.026337623596191
1999-10-19,6.218296051025391
1999-10-20,6.78835391998291
1999-10-21,6.910511016845703
1999-10-22,6.637115478515625
1999-10-25,7.021031379699707
1999-10-26,7.073384761810303
1999-10-27,6.45388126373291
1999-10-28,6.337543487548828
1999-10-29,6.288099765777588
1999-11-01,6.375352382659912
1999-11-02,6.107773780822754
1999-11-03,5.912906646728516
1999-11-04,6.049605846405029
1999-11-05,6.200845241546631
1999-11-08,6.375352382659912
1999-11-09,6.276464462280273
1999-11-10,6.2037529945373535
1999-11-11,6.195027828216553
1999-11-12,6.369535446166992
1999-11-15,6.546952724456787
1999-11-16,6.805806636810303
1999-11-17,6.5673112869262695
1999-11-18,7.085019111633301
1999-11-19,6.791261672973633
1999-11-22,7.180997371673584
1999-11-23,7.7975897789001465
1999-11-24,8.353109359741211
1999-11-26,8.24549674987793
1999-11-29,7.893570899963379
1999-11-30,7.681252479553223
1999-12-01,7.445666313171387
1999-12-02,7.774327278137207
1999-12-03,8.318207740783691
1999-12-06,8.2135009765625
1999-12-07,7.620174407958984
1999-12-08,7.559099197387695
1999-12-09,7.474753379821777
1999-12-10,7.652169704437256
1999-12-13,7.515470027923584
1999-12-14,7.006490230560303
1999-12-15,6.785446643829346
1999-12-16,6.933778762817383
1999-12-17,6.997764587402344
1999-12-20,6.936686992645264
1999-12-21,6.718552112579346
1999-12-22,6.957046031951904
1999-12-23,6.62257194519043
1999-12-27,6.235747337341309
1999-12-28,6.509144306182861
1999-12-29,6.680742263793945
1999-12-30,6.279373645782471
1999-12-31,5.825652599334717
2000-01-03,6.573129177093506
2000-01-04,5.956535339355469
2000-01-05,6.354994297027588
2000-01-06,6.276464462280273
2000-01-07,6.270648002624512
2000-01-10,6.619664669036865
2000-01-11,6.4771504402160645
2000-01-12,6.0670552253723145
2000-01-13,6.413163661956787
2000-01-14,6.227020263671875
2000-01-18,6.491690635681152
2000-01-19,6.689467430114746
2000-01-20,7.207174777984619
2000-01-21,7.00358247756958
2000-01-24,6.3462677001953125
2000-01-25,6.39862060546875
2000-01-26,7.1460957527160645
2000-01-27,7.163547039031982
2000-01-28,6.866884231567383
2000-01-31,6.983222007751465
2000-02-01,7.023940086364746
2000-02-02,7.026850700378418
2000-02-03,7.678347587585449
2000-02-04,7.820858955383301
2000-02-07,7.890662670135498
2000-02-08,7.899386882781982
2000-02-09,7.631809711456299
2000-02-10,7.556190013885498
2000-02-11,7.1373701095581055
2000-02-14,7.172272205352783
2000-02-15,6.910511016845703
2000-02-16,6.546952724456787
2000-02-17,6.759270668029785
2000-02-18,6.386987686157227
2000-02-22,6.259015083312988
2000-02-23,7.210082054138184
2000-02-24,7.631809711456299
2000-02-25,7.018123626708984
2000-02-28,6.750545501708984
2000-02-29,6.672018527984619
2000-03-01,6.9454121589660645
2000-03-02,6.986130237579346
2000-03-03,6.957046031951904
2000-03-06,7.518379211425781
2000-03-07,7.576550006866455
2000-03-08,8.562516212463379
2000-03-09,8.492714881896973
2000-03-10,8.99297046661377
2000-03-13,9.760804176330566
2000-03-14,9.818973541259766
2000-03-15,8.819189071655273
2000-03-16,10.214524269104004
2000-03-17,10.188349723815918
2000-03-20,9.126760482788086
2000-03-21,9.98184871673584
2000-03-22,10.825304985046387
2000-03-23,10.403575897216797
2000-03-24,11.343009948730469
2000-03-27,11.159775733947754
2000-03-28,10.415206909179688
2000-03-29,9.260551452636719
2000-03-30,9.638649940490723
2000-03-31,8.190234184265137
2000-04-03,6.666199207305908
2000-04-04,7.77141809463501
2000-04-05,7.721973419189453
2000-04-06,8.469446182250977
2000-04-07,8.417097091674805
2000-04-10,7.244985580444336
2000-04-11,7.2391676902771
2000-04-12,6.672018527984619
2000-04-13,6.45969820022583
2000-04-14,6.49459981918335
2000-04-17,6.666199207305908
2000-04-18,7.582367897033691
2000-04-19,6.994856357574463
2000-04-20,6.991947650909424
2000-04-24,6.6022138595581055
2000-04-25,7.1460957527160645
2000-04-26,6.9454121589660645
2000-04-27,7.535830020904541
2000-04-28,7.40785551071167
2000-05-01,7.242075443267822
2000-05-02,6.672018527984619
2000-05-03,6.514960289001465
2000-05-04,6.372445106506348
2000-05-05,6.235747337341309
2000-05-08,5.979801654815674
2000-05-09,5.639511585235596
2000-05-10,5.165431976318359
2000-05-11,5.479546070098877
2000-05-12,5.64532995223999
2000-05-15,5.933266639709473
2000-05-16,6.276464462280273
2000-05-17,5.9623517990112305
2000-05-18,5.7733001708984375
2000-05-19,5.499905586242676
2000-05-22,6.337543487548828
2000-05-23,5.39810848236084
2000-05-24,6.046698093414307
2000-05-25,5.630785942077637
2000-05-26,5.764575481414795
2000-05-30,6.237201690673828
2000-05-31,5.8227458000183105
2000-06-01,6.270648002624512
2000-06-02,7.183906078338623
2000-06-05,7.021031379699707
2000-06-06,6.683650970458984
2000-06-07,7.0384840965271
2000-06-08,6.672018527984619
2000-06-09,6.8116230964660645
2000-06-12,6.218296051025391
2000-06-13,6.3288187980651855
2000-06-14,5.840195655822754
2000-06-15,5.9623517990112305
2000-06-16,5.688956260681152
2000-06-19,5.572618007659912
2000-06-20,5.799476623535156
2000-06-21,5.747124671936035
2000-06-22,5.415557861328125
2000-06-23,5.014193534851074
2000-06-26,4.880402565002441
2000-06-27,4.880402565002441
2000-06-28,4.839684009552002
2000-06-29,4.810600757598877
2000-06-30,5.054910182952881
2000-07-03,4.915305137634277
2000-07-05,4.7058939933776855
2000-07-06,4.746614933013916
2000-07-07,4.630275726318359
2000-07-10,4.473217964172363
2000-07-11,4.089301109313965
2000-07-12,4.897852897644043
2000-07-13,4.973474025726318
2000-07-14,5.694772243499756
2000-07-17,5.6017022132873535
2000-07-18,5.3515729904174805
2000-07-19,5.293403148651123
2000-07-20,5.677321434020996
2000-07-21,5.467912197113037
2000-07-24,5.130529880523682
2000-07-25,5.235235691070557
2000-07-26,4.90366792678833
2000-07-27,4.624456405639648
2000-07-28,4.362696647644043
2000-07-31,4.653542995452881
2000-08-01,4.5197529792785645
2000-08-02,4.5488386154174805
2000-08-03,4.653542995452881
2000-08-04,4.723346710205078
2000-08-07,4.653542995452881
2000-08-08,4.676809310913086
2000-08-09,4.647726535797119
2000-08-10,4.5488386154174805
2000-08-11,4.5139360427856445
2000-08-14,4.484851837158203
2000-08-15,4.828050136566162
2000-08-16,5.3515729904174805
2000-08-17,5.869279861450195
2000-08-18,5.118895053863525
2000-08-21,5.2236008644104
2000-08-22,5.2817702293396
2000-08-23,5.3806586265563965
2000-08-24,5.712223529815674
2000-08-25,5.787843704223633
2000-08-28,5.857646942138672
2000-08-29,5.688956260681152
2000-08-30,5.683139324188232
2000-08-31,5.770391464233398
2000-09-01,5.851830005645752
2000-09-05,6.282281875610352
2000-09-06,6.107773780822754
2000-09-07,6.200845241546631
2000-09-08,6.123771667480469
2000-09-11,6.026337623596191
2000-09-12,5.787843704223633
2000-09-13,5.816929340362549
2000-09-14,6.369535446166992
2000-09-15,6.276464462280273
2000-09-18,6.148494720458984
2000-09-19,6.113590717315674
2000-09-20,7.125737190246582
2000-09-21,6.625482559204102
2000-09-22,6.688012599945068
2000-09-25,6.7360029220581055
2000-09-26,6.578945636749268
2000-09-27,5.909997940063477
2000-09-28,6.433522701263428
2000-09-29,6.392805099487305
2000-10-02,6.224114418029785
2000-10-03,5.770391464233398
2000-10-04,6.014703273773193
2000-10-05,5.944899559020996
2000-10-06,5.531898498535156
2000-10-09,5.671504974365234
2000-10-10,5.392292022705078
2000-10-11,4.932754039764404
2000-10-12,4.758248805999756
2000-10-13,5.200333118438721
2000-10-16,5.5493483543396
2000-10-17,4.909487247467041
2000-10-18,4.967655658721924
2000-10-19,5.322488307952881
2000-10-20,5.403926372528076
2000-10-23,5.543532371520996
2000-10-24,5.031642436981201
2000-10-25,5.031642436981201
2000-10-26,4.886219501495361
2000-10-27,4.7815165519714355
2000-10-30,4.583739757537842
2000-10-31,4.793149471282959
2000-11-01,5.027279376983643
2000-11-02,5.345757484436035
2000-11-03,5.101447582244873
2000-11-06,5.060727119445801
2000-11-07,5.27595329284668
2000-11-08,4.804782390594482
2000-11-09,4.531387805938721
2000-11-10,4.287075519561768
2000-11-13,3.9904117584228516
2000-11-14,4.438316822052002
2000-11-15,4.263807773590088
2000-11-16,3.9904117584228516
2000-11-17,4.042764663696289
2000-11-20,3.210944652557373
2000-11-21,2.9375486373901367
2000-11-22,3.059704303741455
2000-11-24,3.4378042221069336
2000-11-27,3.554142475128174
2000-11-28,3.353459119796753
2000-11-29,3.4552555084228516
2000-11-30,3.1934938430786133
2000-12-01,3.2342116832733154
2000-12-04,3.0073511600494385
2000-12-05,3.6762988567352295
2000-12-06,3.3796355724334717
2000-12-07,3.2574801445007324
2000-12-08,3.5948610305786133
2000-12-11,4.048582553863525
2000-12-12,3.810087203979492
2000-12-13,3.6530299186706543
2000-12-14,3.44362211227417
2000-12-15,3.536691904067993
2000-12-18,3.565777063369751
2000-12-19,3.0073511600494385
2000-12-20,2.6001665592193604
2000-12-21,2.6467015743255615
2000-12-22,3.2574801445007324
2000-12-26,3.228395462036133
2000-12-27,3.280748128890991
2000-12-28,3.51924204826355
2000-12-29,3.0713376998901367
2001-01-02,2.8095762729644775
2001-01-03,3.66321063041687
2001-01-04,3.2923812866210938
2001-01-05,2.844477653503418
2001-01-08,2.8502941131591797
2001-01-09,3.106239080429077
2001-01-10,3.6588470935821533
2001-01-11,3.810087203979492
2001-01-12,3.7286500930786133
2001-01-16,4.07766580581665
2001-01-17,4.025314807891846
2001-01-18,4.362696647644043
2001-01-19,4.665175437927246
2001-01-22,4.601189613342285
2001-01-23,4.874586582183838
2001-01-24,5.060727119445801
2001-01-25,4.6360907554626465
2001-01-26,4.641908168792725
2001-01-29,4.868768692016602
2001-01-30,4.9502058029174805
2001-01-31,4.595372200012207
2001-02-01,4.490668296813965
2001-02-02,4.303073406219482
2001-02-05,4.345246315002441
2001-02-06,4.362696647644043
2001-02-07,4.29871129989624
2001-02-08,4.385963439941406
2001-02-09,4.147469997406006
2001-02-12,4.391782760620117
2001-02-13,4.415048122406006
2001-02-14,4.670992851257324
2001-02-15,4.700077533721924
2001-02-16,4.537203788757324
2001-02-20,4.147469997406006
2001-02-21,4.25217342376709
2001-02-22,4.147469997406006
2001-02-23,4.135836124420166
2001-02-26,4.223090171813965
2001-02-27,3.92060923576355
2001-02-28,3.567230463027954
2001-03-01,3.490156888961792
2001-03-02,3.507607936859131
2001-03-05,3.536691904067993
2001-03-06,3.7519192695617676
2001-03-07,3.955510377883911
2001-03-08,3.6413967609405518
2001-03-09,3.1644093990325928
2001-03-12,2.9375486373901367
2001-03-13,3.205127000808716
2001-03-14,3.176042318344116
2001-03-15,3.222579002380371
2001-03-16,3.0248029232025146
2001-03-19,3.44943904876709
2001-03-20,3.286564588546753
2001-03-21,2.989901304244995
2001-03-22,3.4087207317352295
2001-03-23,3.4610729217529297
2001-03-26,3.577411651611328
2001-03-27,3.7228331565856934
2001-03-28,3.3680009841918945
2001-03-29,3.176042318344116
2001-03-30,3.3680009841918945
2001-04-02,3.286564588546753
2001-04-03,2.856112241744995
2001-04-04,2.8270270824432373
2001-04-05,3.2400288581848145
2001-04-06,3.3040149211883545
2001-04-09,3.5348308086395264
2001-04-10,3.6716461181640625
2001-04-11,3.6455862522125244
2001-04-12,3.8745391368865967
2001-04-16,3.804736852645874
2001-04-17,4.006699562072754
2001-04-18,4.257989883422852
2001-04-19,4.652612209320068
2001-04-20,4.7140398025512695
2001-04-23,4.36967658996582
2001-04-24,4.147237777709961
2001-04-25,4.504629135131836
2001-04-26,4.281257629394531
2001-04-27,4.362231731414795
2001-04-30,4.698216915130615
2001-05-01,5.054678440093994
2001-05-02,4.997904300689697
2001-05-03,4.794077396392822
2001-05-04,4.872258186340332
2001-05-07,4.685186386108398
2001-05-08,4.891804218292236
2001-05-09,4.945784568786621
2001-05-10,5.054678440093994
2001-05-11,4.956022262573242
2001-05-14,5.1384429931640625
2001-05-15,5.2166218757629395
2001-05-16,5.385079383850098
2001-05-17,5.82158088684082
2001-05-18,5.829958438873291
2001-05-21,5.960256099700928
2001-05-22,5.979801654815674
2001-05-23,5.668015480041504
2001-05-24,5.8876633644104
2001-05-25,5.78900671005249
2001-05-29,5.560985088348389
2001-05-30,5.57308292388916
2001-05-31,5.632648468017578
2001-06-01,5.700589179992676
2001-06-04,5.8318190574646
2001-06-05,6.026337623596191
2001-06-06,6.009583473205566
2001-06-07,6.048675060272217
2001-06-08,5.914651870727539
2001-06-11,5.84391975402832
2001-06-12,5.909068584442139
2001-06-13,5.752707004547119
2001-06-14,5.962119102478027
2001-06-15,6.060772895812988
2001-06-18,5.861602783203125
2001-06-19,5.8774237632751465
2001-06-20,6.468423366546631
2001-06-21,6.505652904510498
2001-06-22,6.309272289276123
2001-06-25,6.611752033233643
2001-06-26,6.362324237823486
2001-06-27,6.384659290313721
2001-06-28,6.511237621307373
2001-06-29,6.374420642852783
2001-07-02,6.34464168548584
2001-07-03,6.43678092956543
2001-07-05,6.1938652992248535
2001-07-06,6.07194185256958
2001-07-09,6.001208305358887
2001-07-10,5.607518672943115
2001-07-11,5.601003646850586
2001-07-12,6.228301048278809
2001-07-13,6.236677169799805
2001-07-16,6.128715991973877
2001-07-17,6.282281875610352
2001-07-18,6.192934513092041
2001-07-19,5.9937615394592285
2001-07-20,6.217132568359375
2001-07-23,6.045882225036621
2001-07-24,5.744333744049072
2001-07-25,5.7350263595581055
2001-07-26,6.033783435821533
2001-07-27,5.919305801391602
2001-07-30,5.681044101715088
2001-07-31,5.8234429359436035
2001-08-01,5.7350263595581055
2001-08-02,5.658708572387695
2001-08-03,5.98445463180542
2001-08-06,5.909997940063477
2001-08-07,5.98445463180542
2001-08-08,5.806690692901611
2001-08-09,5.848572731018066
2001-08-10,5.685698509216309
2001-08-13,5.652193069458008
2001-08-14,5.711757659912109
2001-08-15,5.5842509269714355
2001-08-16,5.677321434020996
2001-08-17,5.491180896759033
2001-08-20,5.630785942077637
2001-08-21,5.390664100646973
2001-08-22,5.296662330627441
2001-08-23,5.124480247497559
2001-08-24,5.492111682891846
2001-08-27,5.249195098876953
2001-08-28,5.023965835571289
2001-08-29,5.016519546508789
2001-08-30,5.17008638381958
2001-08-31,5.233373165130615
2001-09-04,5.067707538604736
2001-09-05,5.08632230758667
2001-09-06,5.127274513244629
2001-09-07,4.928101539611816
2001-09-10,5.078875541687012
2001-09-17,4.597699165344238
2001-09-18,4.653542995452881
2001-09-19,4.498114109039307
2001-09-20,4.187258720397949
2001-09-21,4.075573444366455
2001-09-24,4.353855133056641
2001-09-25,4.364089488983154
2001-09-26,4.098839282989502
2001-09-27,4.198426723480225
2001-09-28,4.257989883422852
2001-10-01,4.371538162231445
2001-10-02,4.419933795928955
2001-10-03,4.648888111114502
2001-10-04,4.891804218292236
2001-10-05,4.969983100891113
2001-10-08,5.157987117767334
2001-10-09,5.062123775482178
2001-10-10,5.293869495391846
2001-10-11,5.532132148742676
2001-10-12,5.482804775238037
2001-10-15,5.730371952056885
2001-10-16,5.733165740966797
2001-10-17,5.313414096832275
2001-10-18,5.49676513671875
2001-10-19,4.8350300788879395
2001-10-22,4.940201759338379
2001-10-23,5.172878265380859
2001-10-24,5.321791172027588
2001-10-25,5.503280162811279
2001-10-26,5.305038928985596
2001-10-29,4.888080596923828
2001-10-30,4.970914840698242
2001-10-31,4.8843584060668945
2001-11-01,4.955091953277588
2001-11-02,4.811763286590576
2001-11-05,5.011866092681885
2001-11-06,5.18218469619751
2001-11-07,5.266880035400391
2001-11-08,5.151472568511963
2001-11-09,5.300384044647217
2001-11-12,5.366464614868164
2001-11-13,5.571222305297852
2001-11-14,5.783422470092773
2001-11-15,5.590766429901123
2001-11-16,5.5842509269714355
2001-11-19,5.780630588531494
2001-11-20,5.501418590545654
2001-11-21,5.664292812347412
2001-11-23,5.728510856628418
2001-11-26,6.064496040344238
2001-11-27,6.028199195861816
2001-11-28,6.058912754058838
2001-11-29,6.165012359619141
2001-11-30,6.33533239364624
2001-12-03,6.2422637939453125
2001-12-04,6.514028072357178
2001-12-05,6.420028209686279
2001-12-06,6.528921127319336
2001-12-07,6.324164390563965
2001-12-10,6.235747337341309
2001-12-11,6.52426815032959
2001-12-12,6.468423366546631
2001-12-13,6.157567024230957
2001-12-14,6.197589874267578
2001-12-17,6.448879241943359
2001-12-18,6.218063831329346
2001-12-19,6.161290645599365
2001-12-20,5.918375015258789
2001-12-21,6.048675060272217
2001-12-24,5.9388508796691895
2001-12-26,6.174320697784424
2001-12-27,6.158498764038086
2001-12-28,6.327888011932373
2001-12-31,6.226437568664551
2002-01-02,6.158498764038086
2002-01-03,6.3288187980651855
2002-01-04,6.375352382659912
2002-01-07,6.217132568359375
2002-01-08,6.286005020141602
2002-01-09,6.225508213043213
2002-01-10,6.141745090484619
2002-01-11,5.944434642791748
2002-01-14,5.878356456756592
2002-01-15,5.95932674407959
2002-01-16,5.578667163848877
2002-01-17,5.734095573425293
2002-01-18,5.601003646850586
2002-01-22,5.53306245803833
2002-01-23,5.499557971954346
2002-01-24,5.574944496154785
2002-01-25,5.644748687744141
2002-01-28,5.556329727172852
2002-01-29,5.520963668823242
2002-01-30,5.370187759399414
2002-01-31,5.4930419921875
2002-02-01,5.402764320373535
2002-02-04,5.171017169952393
2002-02-05,5.072360515594482
2002-02-06,5.137511253356934
2002-02-07,5.115172863006592
2002-02-08,5.4548821449279785
2002-02-11,5.3310980796813965
2002-02-12,5.402764320373535
2002-02-13,5.453953266143799
2002-02-14,5.5842509269714355
2002-02-15,5.485596179962158
2002-02-19,4.969983100891113
2002-02-20,5.0602617263793945
2002-02-21,5.023965835571289
2002-02-22,4.8582987785339355
2002-02-25,5.03885555267334
2002-02-26,4.954162120819092
2002-02-27,4.5707106590271
2002-02-28,4.844338417053223
2002-03-01,5.105866432189941
2002-03-04,5.533992767333984
2002-03-05,5.464189529418945
2002-03-06,5.4511590003967285
2002-03-07,5.362741470336914
2002-03-08,5.62520170211792
2002-03-11,5.622409820556641
2002-03-12,5.46139669418335
2002-03-13,5.285492897033691
2002-03-14,5.2752556800842285
2002-03-15,5.370187759399414
2002-03-18,5.382287502288818
2002-03-19,5.401831150054932
2002-03-20,5.244542598724365
2002-03-21,5.449298858642578
2002-03-22,5.51072359085083
2002-03-25,5.342267990112305
2002-03-26,5.305038928985596
2002-03-27,5.319000244140625
2002-03-28,5.271533012390137
2002-04-01,5.257571697235107
2002-04-02,5.116104602813721
2002-04-03,4.9662604331970215
2002-04-04,4.915072441101074
2002-04-05,4.943924427032471
2002-04-08,5.132857322692871
2002-04-09,4.9513678550720215
2002-04-10,5.009072780609131
2002-04-11,4.731722354888916
2002-04-12,5.033271312713623
2002-04-15,5.145888805389404
2002-04-16,5.219412326812744
2002-04-17,5.112381935119629
2002-04-18,4.936479091644287
2002-04-19,5.062123775482178
2002-04-22,4.9960432052612305
2002-04-23,4.87970495223999
2002-04-24,4.772673606872559
2002-04-25,4.820140838623047
2002-04-26,4.625622272491455
2002-04-29,4.731722354888916
2002-04-30,4.942063331604004
2002-05-01,5.031408786773682
2002-05-02,4.86295223236084
2002-05-03,4.772673606872559
2002-05-06,4.7028703689575195
2002-05-07,4.637720584869385
2002-05-08,5.025826454162598
2002-05-09,4.994182109832764
2002-05-10,4.932754039764404
2002-05-13,5.064915657043457
2002-05-14,5.271533012390137
2002-05-15,5.337612628936768
2002-05-16,5.229651927947998
2002-05-17,5.241751670837402
2002-05-20,5.231512069702148
2002-05-21,5.1319260597229
2002-05-22,5.14216423034668
2002-05-23,5.46139669418335
2002-05-24,5.332029342651367
2002-05-28,5.208244800567627
2002-05-29,5.290147304534912
2002-05-30,5.252918720245361
2002-05-31,5.1384429931640625
2002-06-03,5.130996227264404
2002-06-04,5.132857322692871
2002-06-05,5.1198272705078125
2002-06-06,5.111451148986816
2002-06-07,5.274325847625732
2002-06-10,5.2752556800842285
2002-06-11,5.188699245452881
2002-06-12,5.426960468292236
2002-06-13,5.492111682891846
2002-06-14,5.494903087615967
2002-06-17,5.8727707862854
2002-06-18,5.787144660949707
2002-06-19,5.7536396980285645
2002-06-20,5.622409820556641
2002-06-21,5.560985088348389
2002-06-24,5.833680629730225
2002-06-25,5.615894794464111
2002-06-26,5.642885208129883
2002-06-27,5.7182722091674805
2002-06-28,5.7350263595581055
2002-07-01,5.450228691101074
2002-07-02,5.3683271408081055
2002-07-03,5.499557971954346
2002-07-05,5.635440349578857
2002-07-08,5.234304904937744
2002-07-09,5.3096923828125
2002-07-10,5.475358486175537
2002-07-11,5.619616985321045
2002-07-12,5.678250789642334
2002-07-15,5.658708572387695
2002-07-16,5.653123378753662
2002-07-17,5.7350263595581055
2002-07-18,5.626132965087891
2002-07-19,5.297591209411621
2002-07-22,5.2166218757629395
2002-07-23,4.9476470947265625
2002-07-24,5.188699245452881
2002-07-25,4.9662604331970215
2002-07-26,5.116104602813721
2002-07-29,5.375772476196289
2002-07-30,5.42603063583374
2002-07-31,5.313414096832275
2002-08-01,5.140301704406738
2002-08-02,5.109588623046875
2002-08-05,4.965331554412842
2002-08-06,5.144026279449463
2002-08-07,5.1663641929626465
2002-08-08,5.3078293800354
2002-08-09,5.325514793395996
2002-08-12,5.394386291503906
2002-08-13,5.2166218757629395
2002-08-14,5.349712371826172
2002-08-15,5.462329387664795
2002-08-16,5.488386631011963
2002-08-19,5.757363796234131
2002-08-20,5.622409820556641
2002-08-21,5.6214799880981445
2002-08-22,5.713618755340576
2002-08-23,5.598212718963623
2002-08-26,5.513516902923584
2002-08-27,5.323653221130371
2002-08-28,5.155194282531738
2002-08-29,5.3096923828125
2002-08-30,5.260365962982178
2002-09-03,5.0695695877075195
2002-09-04,5.173808574676514
2002-09-05,5.089113712310791
2002-09-06,5.253848552703857
2002-09-09,5.4902496337890625
2002-09-10,5.569359302520752
2002-09-11,5.4381303787231445
2002-09-12,5.384148597717285
2002-09-13,5.39810848236084
2002-09-16,5.384148597717285
2002-09-17,5.325514793395996
2002-09-18,5.4120683670043945
2002-09-19,5.316207408905029
2002-09-20,5.301315784454346
2002-09-23,5.211037635803223
2002-09-24,5.190560817718506
2002-09-25,5.270601749420166
2002-09-26,5.274325847625732
2002-09-27,5.3515729904174805
2002-09-30,4.915072441101074
2002-10-01,4.980221748352051
2002-10-02,4.960676193237305
2002-10-03,4.830376148223877
2002-10-04,4.872258186340332
2002-10-07,4.713107109069824
2002-10-08,4.869467258453369
2002-10-09,4.933685779571533
2002-10-10,4.95974588394165
2002-10-11,5.2398905754089355
2002-10-14,5.3515729904174805
2002-10-15,5.399041652679443
2002-10-16,5.396245956420898
2002-10-17,5.4120683670043945
2002-10-18,5.580528736114502
2002-10-21,5.865324020385742
2002-10-22,5.782491683959961
2002-10-23,5.920237064361572
2002-10-24,5.776907444000244
2002-10-25,5.769463062286377
2002-10-28,5.639161586761475
2002-10-29,5.694075107574463
2002-10-30,5.817859172821045
2002-10-31,5.885799407958984
2002-11-01,6.030060291290283
2002-11-04,6.043089389801025
2002-11-05,6.152913570404053
2002-11-06,6.142675399780273
2002-11-07,5.924890995025635
2002-11-08,5.9416422843933105
2002-11-11,5.759223937988281
2002-11-12,5.84391975402832
2002-11-13,5.875563144683838
2002-11-14,6.064496040344238
2002-11-15,6.139883041381836
2002-11-18,6.295311450958252
2002-11-19,6.061704635620117
2002-11-20,6.269252300262451
2002-11-21,6.435850143432617
2002-11-22,6.523336887359619
2002-11-25,6.42188835144043
2002-11-26,6.286005020141602
2002-11-27,6.479592323303223
2002-11-29,6.4144439697265625
2002-12-02,6.5847625732421875
2002-12-03,6.411652565002441
2002-12-04,6.352085113525391
2002-12-05,6.314858436584473
2002-12-06,6.379075050354004
2002-12-09,6.279489517211914
2002-12-10,6.347433090209961
2002-12-11,6.290658950805664
2002-12-12,6.396759986877441
2002-12-13,6.2739057540893555
2002-12-16,6.4479498863220215
2002-12-17,6.523336887359619
2002-12-18,6.456325531005859
2002-12-19,6.396759986877441
2002-12-20,6.500068664550781
2002-12-23,6.52426815032959
2002-12-24,6.486108303070068
2002-12-26,6.292520523071289
2002-12-27,6.238539695739746
2002-12-30,6.308342933654785
2002-12-31,6.312065601348877
2003-01-02,6.454463005065918
2003-01-03,6.508445739746094
2003-01-06,6.794172286987305
2003-01-07,6.754151821136475
2003-01-08,6.688070774078369
2003-01-09,6.842569351196289
2003-01-10,6.827678203582764
2003-01-13,6.884451389312744
2003-01-14,6.903996467590332
2003-01-15,6.840708255767822
2003-01-16,6.631298065185547
2003-01-17,6.966352939605713
2003-01-21,7.0510478019714355
2003-01-22,7.004511833190918
2003-01-23,7.045463562011719
2003-01-24,7.006373882293701
2003-01-27,6.858389377593994
2003-01-28,6.834194183349609
2003-01-29,6.9737982749938965
2003-01-30,6.905857563018799
2003-01-31,6.995204925537109
2003-02-03,6.890964984893799
2003-02-04,6.803478240966797
2003-02-05,6.843498706817627
2003-02-06,6.8090620040893555
2003-02-07,6.735538005828857
2003-02-10,6.846292972564697
2003-02-11,6.831400394439697
2003-02-12,6.825815677642822
2003-02-13,6.8220930099487305
2003-02-14,6.980313777923584
2003-02-18,7.11898946762085
2003-02-19,7.165525436401367
2003-02-20,7.146910667419434
2003-02-21,7.2920989990234375
2003-02-24,7.236257553100586
2003-02-25,7.226952075958252
2003-02-26,7.1366729736328125
2003-02-27,7.204615116119385
2003-02-28,7.298616886138916
2003-03-03,7.217643737792969
2003-03-04,7.266971111297607
2003-03-05,7.340495586395264
2003-03-06,7.339566230773926
2003-03-07,7.436363697052002
2003-03-10,7.395410537719727
2003-03-11,7.340495586395264
2003-03-12,7.358181953430176
2003-03-13,7.7165045738220215
2003-03-14,7.809573173522949
2003-03-17,8.09716510772705
2003-03-18,8.19767951965332
2003-03-19,8.178136825561523
2003-03-20,8.297266006469727
2003-03-21,8.356830596923828
2003-03-24,8.148353576660156
2003-03-25,8.25538444519043
2003-03-26,8.385682106018066
2003-03-27,8.355902671813965
2003-03-28,8.310297966003418
2003-03-31,7.939873695373535
2003-04-01,8.015262603759766
2003-04-02,8.266552925109863
2003-04-03,8.297266006469727
2003-04-04,8.257246017456055
2003-04-07,8.297266006469727
2003-04-08,8.309365272521973
2003-04-09,8.0934419631958
2003-04-10,8.25538444519043
2003-04-11,8.217226028442383
2003-04-14,8.166038513183594
2003-04-15,8.2060546875
2003-04-16,8.228391647338867
2003-04-17,8.394990921020508
2003-04-21,8.446179389953613
2003-04-22,8.303781509399414
2003-04-23,8.778444290161133
2003-04-24,8.808222770690918
2003-04-25,8.699333190917969
2003-04-28,8.712362289428711
2003-04-29,8.627669334411621
2003-04-30,8.647214889526367
2003-05-01,8.627669334411621
2003-05-02,8.864068031311035
2003-05-05,8.748661994934082
2003-05-06,8.873376846313477
2003-05-07,8.7747220993042
2003-05-08,8.680716514587402
2003-05-09,8.811019897460938
2003-05-12,8.81753158569336
2003-05-13,9.072546005249023
2003-05-14,9.086508750915527
2003-05-15,9.128387451171875
2003-05-16,9.231698989868164
2003-05-19,8.990646362304688
2003-05-20,9.097676277160645
2003-05-21,9.033458709716797
2003-05-22,9.24752140045166
2003-05-23,9.254961967468262
2003-05-27,9.590949058532715
2003-05-28,9.416910171508789
2003-05-29,9.321045875549316
2003-05-30,9.460650444030762
2003-06-02,9.253103256225586
2003-06-03,9.217735290527344
2003-06-04,9.55372142791748
2003-06-05,9.408533096313477
2003-06-06,9.025080680847168
2003-06-09,9.026942253112793
2003-06-10,9.028803825378418
2003-06-11,9.22983455657959
2003-06-12,9.386198043823242
2003-06-13,9.237284660339355
2003-06-16,9.460650444030762
2003-06-17,9.471819877624512
2003-06-18,9.56954574584961
2003-06-19,9.483915328979492
2003-06-20,9.485782623291016
2003-06-23,9.521145820617676
2003-06-24,9.480196952819824
2003-06-25,9.38247299194336
2003-06-26,9.597463607788086
2003-06-27,9.526732444763184
2003-06-30,9.67936897277832
2003-07-01,9.92135238647461
2003-07-02,10.16892147064209
2003-07-03,10.249893188476562
2003-07-07,10.601701736450195
2003-07-08,10.591463088989258
2003-07-09,10.688255310058594
2003-07-10,10.431380271911621
2003-07-11,10.523518562316895
2003-07-14,10.605423927307129
2003-07-15,10.529104232788086
2003-07-16,10.493739128112793
2003-07-17,10.25733757019043
2003-07-18,10.248031616210938
2003-07-21,10.336450576782227
2003-07-22,10.346687316894531
2003-07-23,10.623106002807617
2003-07-24,10.772021293640137
2003-07-25,10.446271896362305
2003-07-28,10.320626258850098
2003-07-29,10.064684867858887
2003-07-30,10.06654167175293
2003-07-31,9.986501693725586
2003-08-01,9.798500061035156
2003-08-04,9.619800567626953
2003-08-05,9.513701438903809
2003-08-06,9.444828033447266
2003-08-07,9.44296646118164
2003-08-08,9.353619575500488
2003-08-11,9.480196952819824
2003-08-12,9.626317024230957
2003-08-13,9.427144050598145
2003-08-14,9.558375358581543
2003-08-15,9.592814445495605
2003-08-18,10.075851440429688
2003-08-19,10.259197235107422
2003-08-20,10.27130126953125
2003-08-21,10.479780197143555
2003-08-22,10.329002380371094
2003-08-25,10.376469612121582
2003-08-26,10.438825607299805
2003-08-27,10.377398490905762
2003-08-28,10.193120002746582
2003-08-29,10.314112663269043
2003-09-02,10.191262245178223
2003-09-03,9.770578384399414
2003-09-04,9.980918884277344
2003-09-05,9.837590217590332
2003-09-08,9.738934516906738
2003-09-09,9.46902847290039
2003-09-10,9.56954574584961
2003-09-11,9.623526573181152
2003-09-12,9.794776916503906
2003-09-15,10.029314994812012
2003-09-16,10.21917724609375
2003-09-17,10.2303466796875
2003-09-18,10.349479675292969
2003-09-19,10.221038818359375
2003-09-22,10.072125434875488
2003-09-23,10.304803848266602
2003-09-24,10.200565338134766
2003-09-25,10.323417663574219
2003-09-26,10.092604637145996
2003-09-29,10.358784675598145
2003-09-30,9.984641075134277
2003-10-01,10.181953430175781
2003-10-02,10.25640869140625
2003-10-03,10.675226211547852
2003-10-06,10.729208946228027
2003-10-07,10.682673454284668
2003-10-08,10.883705139160156
2003-10-09,11.21503734588623
2003-10-10,11.254129409790039
2003-10-13,10.980500221252441
2003-10-14,10.89487361907959
2003-10-15,10.721761703491211
2003-10-16,10.703145980834961
2003-10-17,10.2117338180542
2003-10-20,10.535618782043457
2003-10-21,10.50397777557373
2003-10-22,10.345756530761719
2003-10-23,10.103769302368164
2003-10-24,10.226625442504883
2003-10-27,10.399737358093262
2003-10-28,10.708730697631836
2003-10-29,10.647305488586426
2003-10-30,10.597047805786133
2003-10-31,10.410905838012695
2003-11-03,10.705010414123535
2003-11-04,10.749683380126953
2003-11-05,10.665921211242676
2003-11-06,10.40904426574707
2003-11-07,10.44813346862793
2003-11-10,10.185676574707031
2003-11-11,10.075851440429688
2003-11-12,10.329002380371094
2003-11-13,10.46674633026123
2003-11-14,10.122384071350098
2003-11-17,9.91762924194336
2003-11-18,9.513701438903809
2003-11-19,9.872958183288574
2003-11-20,9.684952735900879
2003-11-21,9.651448249816895
2003-11-24,10.152169227600098
2003-11-25,10.288052558898926
2003-11-26,10.349479675292969
2003-11-28,10.403460502624512
2003-12-01,10.589598655700684
2003-12-02,10.509560585021973
2003-12-03,10.282468795776367
2003-12-04,10.407182693481445
2003-12-05,10.405320167541504
2003-12-08,10.371814727783203
2003-12-09,10.209877014160156
2003-12-10,10.312246322631836
2003-12-11,10.682673454284668
2003-12-12,10.736653327941895
2003-12-15,10.6603364944458
2003-12-16,10.719900131225586
2003-12-17,10.664058685302734
2003-12-18,11.168502807617188
2003-12-19,11.423515319824219
2003-12-22,11.669222831726074
2003-12-23,11.86467170715332
2003-12-24,11.916792869567871
2003-12-26,11.801383972167969
2003-12-29,11.942850112915039
2003-12-30,11.965188980102539
2003-12-31,12.026616096496582
2004-01-02,11.7269287109375
2004-01-05,12.028475761413574
2004-01-06,12.12899112701416
2004-01-07,12.136438369750977
2004-01-08,11.993109703063965
2004-01-09,11.801383972167969
2004-01-12,11.931685447692871
2004-01-13,12.209031105041504
2004-01-14,12.276046752929688
2004-01-15,12.402624130249023
2004-01-16,12.45846176147461
2004-01-20,12.229508399963379
2004-01-21,11.98380184173584
2004-01-22,12.903341293334961
2004-01-23,12.90892505645752
2004-01-26,12.76187515258789
2004-01-27,12.564562797546387
2004-01-28,12.40075969696045
2004-01-29,12.488245964050293
2004-01-30,12.45846176147461
2004-02-02,12.214618682861328
2004-02-03,12.112239837646484
2004-02-04,12.188557624816895
2004-02-05,12.514305114746094
2004-02-06,12.612964630126953
2004-02-09,12.570149421691895
2004-02-10,12.542228698730469
2004-02-11,12.867974281311035
2004-02-12,12.882866859436035
2004-02-13,12.769319534301758
2004-02-17,12.88100814819336
2004-02-18,12.75442886352539
2004-02-19,12.737677574157715
2004-02-20,12.894034385681152
2004-02-23,12.607378005981445
2004-02-24,12.506861686706543
2004-02-25,12.508721351623535
2004-02-26,12.756291389465332
2004-02-27,12.787934303283691
2004-03-01,12.886592864990234
2004-03-02,12.64832878112793
2004-03-03,12.581318855285645
2004-03-04,12.633435249328613
2004-03-05,12.901481628417969
2004-03-08,12.998271942138672
2004-03-09,13.046672821044922
2004-03-10,12.745121955871582
2004-03-11,12.55339527130127
2004-03-12,12.867974281311035
2004-03-15,12.624131202697754
2004-03-16,12.642743110656738
2004-03-17,12.955462455749512
2004-03-18,12.907066345214844
2004-03-19,12.713478088378906
2004-03-22,12.292794227600098
2004-03-23,12.199728965759277
2004-03-24,12.330024719238281
2004-03-25,12.588763236999512
2004-03-26,12.434264183044434
2004-03-29,12.733954429626465
2004-03-30,13.003859519958496
2004-03-31,12.895899772644043
2004-04-01,13.448738098144531
2004-04-02,13.731674194335938
2004-04-05,13.79868221282959
2004-04-06,13.793098449707031
2004-04-07,13.75587272644043
2004-04-08,14.135601043701172
2004-04-12,14.183999061584473
2004-04-13,13.901063919067383
2004-04-14,13.971796989440918
2004-04-15,14.027636528015137
2004-04-16,13.93456745147705
2004-04-19,14.146769523620605
2004-04-20,13.768901824951172
2004-04-21,13.91967487335205
2004-04-22,15.373446464538574
2004-04-23,15.289684295654297
2004-04-26,15.185437202453613
2004-04-27,15.626594543457031
2004-04-28,15.503743171691895
2004-04-29,15.269204139709473
2004-04-30,14.896920204162598
2004-05-03,15.235695838928223
2004-05-04,15.399504661560059
2004-05-05,15.425559043884277
2004-05-06,15.071892738342285
2004-05-07,14.857832908630371
2004-05-10,14.431563377380371
2004-05-11,14.867137908935547
2004-05-12,15.036526679992676
2004-05-13,14.785239219665527
2004-05-14,14.695887565612793
2004-05-17,14.582343101501465
2004-05-18,14.720086097717285
2004-05-19,14.759177207946777
2004-05-20,14.904365539550781
2004-05-21,14.95462417602539
2004-05-24,15.28409481048584
2004-05-25,15.88347053527832
2004-05-26,16.091955184936523
2004-05-27,16.38977813720703
2004-05-28,16.529382705688477
2004-06-01,16.70249366760254
2004-06-02,16.54800033569336
2004-06-03,16.306013107299805
2004-06-04,16.39535903930664
2004-06-07,16.466096878051758
2004-06-08,16.566614151000977
2004-06-09,16.06589126586914
2004-06-10,16.26879119873047
2004-06-14,15.935591697692871
2004-06-15,16.278091430664062
2004-06-16,16.356273651123047
2004-06-17,16.16640853881836
2004-06-18,16.101259231567383
2004-06-21,15.972822189331055
2004-06-22,16.23341941833496
2004-06-23,16.445621490478516
2004-06-24,16.51821517944336
2004-06-25,16.88677406311035
2004-06-28,17.275806427001953
2004-06-29,17.091533660888672
2004-06-30,17.115726470947266
2004-07-01,16.862577438354492
2004-07-02,16.98914909362793
2004-07-06,16.72297477722168
2004-07-07,16.170129776000977
2004-07-08,15.570758819580078
2004-07-09,15.594954490661621
2004-07-12,15.663822174072266
2004-07-13,15.520496368408203
2004-07-14,15.593088150024414
2004-07-15,15.535386085510254
2004-07-16,14.95834732055664
2004-07-19,14.612119674682617
2004-07-20,14.882030487060547
2004-07-21,14.258456230163574
2004-07-22,14.405505180358887
2004-07-23,13.962491989135742
2004-07-26,13.824745178222656
2004-07-27,14.60467529296875
2004-07-28,14.666106224060059
2004-07-29,14.792683601379395
2004-07-30,14.580475807189941
2004-08-02,14.733116149902344
2004-08-03,14.347803115844727
2004-08-04,14.109538078308105
2004-08-05,13.735394477844238
2004-08-06,13.729813575744629
2004-08-09,13.582756042480469
2004-08-10,14.09837532043457
2004-08-11,14.21750259399414
2004-08-12,14.42784309387207
2004-08-13,14.399921417236328
2004-08-16,14.653074264526367
2004-08-17,14.811293601989746
2004-08-18,14.87458324432373
2004-08-19,14.831770896911621
2004-08-20,15.146347045898438
2004-08-23,15.328766822814941
2004-08-24,15.611701965332031
2004-08-25,15.944900512695312
2004-08-26,16.084505081176758
2004-08-27,15.991434097290039
2004-08-30,15.916976928710938
2004-08-31,16.108699798583984
2004-09-01,16.311599731445312
2004-09-02,16.668989181518555
2004-09-03,16.637346267700195
2004-09-07,16.585222244262695
2004-09-08,16.585222244262695
2004-09-09,16.36371612548828
2004-09-10,16.765783309936523
2004-09-13,17.143657684326172
2004-09-14,17.573640823364258
2004-09-15,17.506629943847656
2004-09-16,17.18646240234375
2004-09-17,17.329792022705078
2004-09-20,17.011486053466797
2004-09-21,16.87374496459961
2004-09-22,16.525659561157227
2004-09-23,16.771364212036133
2004-09-24,16.60756492614746
2004-09-27,16.516353607177734
2004-09-28,16.797428131103516
2004-09-29,17.154815673828125
2004-09-30,17.11387062072754
2004-10-01,17.20694351196289
2004-10-04,17.43216896057129
2004-10-05,17.473127365112305
2004-10-06,17.981294631958008
2004-10-07,17.681596755981445
2004-10-08,17.234861373901367
2004-10-11,17.447059631347656
2004-10-12,17.402389526367188
2004-10-13,17.601558685302734
2004-10-14,17.770950317382812
2004-10-15,17.4526424407959
2004-10-18,17.62947654724121
2004-10-19,17.208797454833984
2004-10-20,17.005901336669922
2004-10-21,18.537853240966797
2004-10-22,17.852855682373047
2004-10-25,17.852855682373047
2004-10-26,17.72999382019043
2004-10-27,18.366601943969727
2004-10-28,18.403831481933594
2004-10-29,18.173017501831055
2004-11-01,18.48015022277832
2004-11-02,18.737022399902344
2004-11-03,18.47456932067871
2004-11-04,18.77610969543457
2004-11-05,18.554607391357422
2004-11-08,19.30103302001953
2004-11-09,19.446226119995117
2004-11-10,19.328950881958008
2004-11-11,20.073524475097656
2004-11-12,20.455110549926758
2004-11-15,20.367624282836914
2004-11-16,20.088411331176758
2004-11-17,20.358320236206055
2004-11-18,20.56865692138672
2004-11-19,20.166595458984375
2004-11-22,20.378795623779297
2004-11-23,20.38809585571289
2004-11-24,20.79389190673828
2004-11-26,20.754796981811523
2004-11-29,20.96886444091797
2004-11-30,20.90371322631836
2004-12-01,21.181068420410156
2004-12-02,21.774852752685547
2004-12-03,21.668758392333984
2004-12-06,21.65572738647461
2004-12-07,21.205263137817383
2004-12-08,21.33370018005371
2004-12-09,21.63338851928711
2004-12-10,21.296478271484375
2004-12-13,21.59243392944336
2004-12-14,21.63152313232422
2004-12-15,21.851171493530273
2004-12-16,21.536592483520508
2004-12-17,21.359760284423828
2004-12-20,21.341148376464844
2004-12-21,21.164306640625
2004-12-22,21.11219024658203
2004-12-23,21.099163055419922
2004-12-27,21.00795555114746
2004-12-28,21.622222900390625
2004-12-29,21.884685516357422
2004-12-30,21.92190933227539
2004-12-31,21.65572738647461
2005-01-03,21.240631103515625
2005-01-04,20.719432830810547
2005-01-05,20.64311408996582
2005-01-06,19.7645263671875
2005-01-07,19.8389835357666
2005-01-10,19.974868774414062
2005-01-11,19.51509666442871
2005-01-12,19.96369743347168
2005-01-13,19.211685180664062
2005-01-14,19.58210563659668
2005-01-18,19.799890518188477
2005-01-19,19.18189811706543
2005-01-20,15.511187553405762
2005-01-21,16.017494201660156
2005-01-24,15.332489967346191
2005-01-25,14.898782730102539
2005-01-26,15.3231840133667
2005-01-27,15.393917083740234
2005-01-28,15.096090316772461
2005-01-31,15.170553207397461
2005-02-01,14.506024360656738
2005-02-02,14.66796588897705
2005-02-03,14.37386417388916
2005-02-04,14.124432563781738
2005-02-07,14.070451736450195
2005-02-08,14.617711067199707
2005-02-09,14.703330993652344
2005-02-10,15.118427276611328
2005-02-11,15.276647567749023
2005-02-14,15.695466041564941
2005-02-15,15.896504402160645
2005-02-16,16.024940490722656
2005-02-17,15.903945922851562
2005-02-18,15.807151794433594
2005-02-22,15.300847053527832
2005-02-23,15.57634162902832
2005-02-24,15.773646354675293
2005-02-25,15.72525405883789
2005-02-28,15.948619842529297
2005-03-01,15.85183048248291
2005-03-02,15.661964416503906
2005-03-03,15.446037292480469
2005-03-04,15.54283618927002
2005-03-07,15.594954490661621
2005-03-08,15.20777702331543
2005-03-09,14.854107856750488
2005-03-10,14.46693229675293
2005-03-11,14.239843368530273
2005-03-14,13.580899238586426
2005-03-15,13.800548553466797
2005-03-16,13.580899238586426
2005-03-17,13.446876525878906
2005-03-18,13.033641815185547
2005-03-21,13.45059871673584
2005-03-22,13.357529640197754
2005-03-23,13.372418403625488
2005-03-24,13.216060638427734
2005-03-28,13.368699073791504
2005-03-29,13.439430236816406
2005-03-30,14.031363487243652
2005-03-31,13.87127685546875
2005-04-01,13.800548553466797
2005-04-04,14.206335067749023
2005-04-05,14.251008033752441
2005-04-06,13.837774276733398
2005-04-07,13.454319953918457
2005-04-08,13.089484214782715
2005-04-11,12.646467208862305
2005-04-12,12.531058311462402
2005-04-13,12.207171440124512
2005-04-14,12.281628608703613
2005-04-15,11.901899337768555
2005-04-18,12.136438369750977
2005-04-19,11.976356506347656
2005-04-20,12.326305389404297
2005-04-21,12.315134048461914
2005-04-22,11.7306489944458
2005-04-25,11.7455415725708
2005-04-26,11.592905044555664
2005-04-27,11.719481468200684
2005-04-28,11.838611602783203
2005-04-29,11.805107116699219
2005-05-02,11.734373092651367
2005-05-03,11.976356506347656
2005-05-04,12.832608222961426
2005-05-05,12.624131202697754
2005-05-06,12.579458236694336
2005-05-09,12.493831634521484
2005-05-10,12.192282676696777
2005-05-11,12.367254257202148
2005-05-12,12.583178520202637
2005-05-13,13.052257537841797
2005-05-16,13.17138671875
2005-05-17,13.134159088134766
2005-05-18,13.290515899658203
2005-05-19,13.461767196655273
2005-05-20,13.61068344116211
2005-05-23,13.815434455871582
2005-05-24,13.733532905578613
2005-05-25,13.986687660217285
2005-05-26,14.083477973937988
2005-05-27,14.258456230163574
2005-05-31,14.146769523620605
2005-06-01,14.560004234313965
2005-06-02,14.537668228149414
2005-06-03,14.072311401367188
2005-06-06,14.385031700134277
2005-06-07,14.076037406921387
2005-06-08,13.811715126037598
2005-06-09,13.85266399383545
2005-06-10,13.63674259185791
2005-06-13,13.778207778930664
2005-06-14,13.807991981506348
2005-06-15,13.901063919067383
2005-06-16,13.982965469360352
2005-06-17,14.165385246276855
2005-06-20,13.863835334777832
2005-06-21,13.737257957458496
2005-06-22,13.547392845153809
2005-06-23,12.821438789367676
2005-06-24,12.795379638671875
2005-06-27,12.519891738891602
2005-06-28,12.452876091003418
2005-06-29,12.248125076293945
2005-06-30,12.289074897766113
2005-07-01,12.240680694580078
2005-07-05,12.4863862991333
2005-07-06,12.493831634521484
2005-07-07,12.691141128540039
2005-07-08,12.84377670288086
2005-07-11,13.234675407409668
2005-07-12,13.216060638427734
2005-07-13,13.003859519958496
2005-07-14,13.04481029510498
2005-07-15,13.059700965881348
2005-07-18,12.992690086364746
2005-07-19,13.167662620544434
2005-07-20,12.981522560119629
2005-07-21,15.673129081726074
2005-07-22,15.271063804626465
2005-07-25,15.218947410583496
2005-07-26,15.047693252563477
2005-07-27,15.632181167602539
2005-07-28,15.643348693847656
2005-07-29,15.553998947143555
2005-08-01,16.235279083251953
2005-08-02,16.659683227539062
2005-08-03,16.585222244262695
2005-08-04,16.31717872619629
2005-08-05,16.134765625
2005-08-08,16.086366653442383
2005-08-09,15.937456130981445
2005-08-10,15.490714073181152
2005-08-11,15.47953987121582
2005-08-12,15.248726844787598
2005-08-15,15.349244117736816
2005-08-16,15.032800674438477
2005-08-17,15.06630802154541
2005-08-18,14.865277290344238
2005-08-19,14.895058631896973
2005-08-22,14.57490062713623
2005-08-23,14.511603355407715
2005-08-24,14.504162788391113
2005-08-25,14.474380493164062
2005-08-26,14.507883071899414
2005-08-29,14.694024085998535
2005-08-30,14.779647827148438
2005-08-31,15.07375431060791
2005-09-01,14.869000434875488
2005-09-02,14.775931358337402
2005-09-06,14.95462417602539
2005-09-07,15.062589645385742
2005-09-08,14.492989540100098
2005-09-09,14.377584457397461
2005-09-12,14.49671459197998
2005-09-13,14.251008033752441
2005-09-14,14.020190238952637
2005-09-15,14.016469955444336
2005-09-16,13.811715126037598
2005-09-19,13.752148628234863
2005-09-20,13.666526794433594
2005-09-21,13.718642234802246
2005-09-22,14.04253101348877
2005-09-23,14.437152862548828
2005-09-26,14.414812088012695
2005-09-27,14.560004234313965
2005-09-28,14.492989540100098
2005-09-29,15.375306129455566
2005-09-30,15.3380765914917
2005-10-03,15.561446189880371
2005-10-04,14.965791702270508
2005-10-05,14.962072372436523
2005-10-06,14.682857513427734
2005-10-07,14.854107856750488
2005-10-10,15.062589645385742
2005-10-11,15.062589645385742
2005-10-12,14.675410270690918
2005-10-13,14.75731086730957
2005-10-14,14.779647827148438
2005-10-17,15.20405387878418
2005-10-18,15.047693252563477
2005-10-19,15.639627456665039
2005-10-20,14.57490062713623
2005-10-21,14.627012252807617
2005-10-24,14.675410270690918
2005-10-25,14.150493621826172
2005-10-26,14.258456230163574
2005-10-27,14.087204933166504
2005-10-28,14.30685043334961
2005-10-31,14.746145248413086
2005-11-01,14.991853713989258
2005-11-02,15.293403625488281
2005-11-03,15.468378067016602
2005-11-04,15.47953987121582
2005-11-07,15.587501525878906
2005-11-08,15.747586250305176
2005-11-09,15.665689468383789
2005-11-10,16.12359619140625
2005-11-11,16.339515686035156
2005-11-14,16.205493927001953
2005-11-15,16.026796340942383
2005-11-16,15.836933135986328
2005-11-17,16.306013107299805
2005-11-18,16.629894256591797
2005-11-21,17.195770263671875
2005-11-22,17.404254913330078
2005-11-23,17.36329460144043
2005-11-25,17.389358520507812
2005-11-28,16.890499114990234
2005-11-29,16.566614151000977
2005-11-30,16.68202018737793
2005-12-01,16.73786163330078
2005-12-02,16.823488235473633
2005-12-05,16.827211380004883
2005-12-06,16.637346267700195
2005-12-07,16.50332260131836
2005-12-08,16.183151245117188
2005-12-09,16.16454315185547
2005-12-12,16.540550231933594
2005-12-13,16.88677406311035
2005-12-14,16.8607120513916
2005-12-15,17.13248062133789
2005-12-16,17.10270118713379
2005-12-19,16.611286163330078
2005-12-20,16.43259048461914
2005-12-21,16.488428115844727
2005-12-22,16.484708786010742
2005-12-23,16.60756492614746
2005-12-27,16.28740119934082
2005-12-28,16.51821517944336
2005-12-29,16.28740119934082
2005-12-30,16.090089797973633
2006-01-03,16.551713943481445
2006-01-04,16.57033920288086
2006-01-05,17.080364227294922
2006-01-06,17.36701774597168
2006-01-09,17.34468650817871
2006-01-10,17.173433303833008
2006-01-11,16.890499114990234
2006-01-12,16.693187713623047
2006-01-13,17.11387062072754
2006-01-17,16.905393600463867
2006-01-18,16.544273376464844
2006-01-19,17.411693572998047
2006-01-20,16.7415828704834
2006-01-23,16.26879119873047
2006-01-24,16.480985641479492
2006-01-25,16.175718307495117
2006-01-26,16.399080276489258
2006-01-27,16.406530380249023
2006-01-30,16.04169273376465
2006-01-31,16.045413970947266
2006-02-01,15.956062316894531
2006-02-02,15.47953987121582
2006-02-03,15.10726261138916
2006-02-06,15.177992820739746
2006-02-07,14.865277290344238
2006-02-08,15.07375431060791
2006-02-09,14.716363906860352
2006-02-10,14.716363906860352
2006-02-13,14.731254577636719
2006-02-14,14.891332626342773
2006-02-15,15.133321762084961
2006-02-16,15.550275802612305
2006-02-17,15.379026412963867
2006-02-21,15.189164161682129
2006-02-22,15.393917083740234
2006-02-23,15.349244117736816
2006-02-24,15.446037292480469
2006-02-27,15.367857933044434
2006-02-28,14.913670539855957
2006-03-01,14.854107856750488
2006-03-02,14.973237991333008
2006-03-03,15.029082298278809
2006-03-06,14.820602416992188
2006-03-07,14.492989540100098
2006-03-08,14.269621849060059
2006-03-09,14.023913383483887
2006-03-10,14.090928077697754
2006-03-13,14.102096557617188
2006-03-14,14.63446044921875
2006-03-15,14.563727378845215
2006-03-16,14.284518241882324
2006-03-17,14.22867202758789
2006-03-20,14.295681953430176
2006-03-21,14.116984367370605
2006-03-22,14.102096557617188
2006-03-23,13.908509254455566
2006-03-24,13.88616943359375
2006-03-27,13.830328941345215
2006-03-28,14.470656394958496
2006-03-29,14.638185501098633
2006-03-30,14.627012252807617
2006-03-31,14.519051551818848
2006-04-03,14.519051551818848
2006-04-04,14.66796588897705
2006-04-05,14.344078063964844
2006-04-06,14.444595336914062
2006-04-07,14.243561744689941
2006-04-10,14.180275917053223
2006-04-11,14.265899658203125
2006-04-12,14.32174015045166
2006-04-13,14.366415977478027
2006-04-17,14.157938003540039
2006-04-18,14.474380493164062
2006-04-19,15.021634101867676
2006-04-20,13.688860893249512
2006-04-21,13.063424110412598
2006-04-24,13.003859519958496
2006-04-25,12.840055465698242
2006-04-26,12.73953914642334
2006-04-27,12.929401397705078
2006-04-28,12.810272216796875
2006-05-01,12.776762008666992
2006-05-02,12.933124542236328
2006-05-03,12.72092342376709
2006-05-04,12.698586463928223
2006-05-05,12.058259963989258
2006-05-08,11.659916877746582
2006-05-09,11.86094856262207
2006-05-10,12.132715225219727
2006-05-11,11.920513153076172
2006-05-12,11.723204612731934
2006-05-15,11.626410484313965
2006-05-16,11.272743225097656
2006-05-17,10.986083984375
2006-05-18,11.034478187561035
2006-05-19,11.056818008422852
2006-05-22,11.082877159118652
2006-05-23,11.187116622924805
2006-05-24,11.242959976196289
2006-05-25,12.612964630126953
2006-05-26,12.73209285736084
2006-05-30,12.363532066345215
2006-05-31,12.214618682861328
2006-06-01,12.315134048461914
2006-06-02,12.14760684967041
2006-06-05,12.099210739135742
2006-06-06,11.760435104370117
2006-06-07,11.879561424255371
2006-06-08,11.622689247131348
2006-06-09,11.384427070617676
2006-06-12,11.209454536437988
2006-06-13,11.358366012573242
2006-06-14,11.414206504821777
2006-06-15,11.443992614746094
2006-06-16,11.272743225097656
2006-06-19,11.209454536437988
2006-06-20,11.231788635253906
2006-06-21,11.443992614746094
2006-06-22,11.172224044799805
2006-06-23,11.168502807617188
2006-06-26,11.064264297485352
2006-06-27,10.517006874084473
2006-06-28,10.703145980834961
2006-06-29,10.893010139465332
2006-06-30,10.904178619384766
2006-07-03,10.870676040649414
2006-07-05,10.557954788208008
2006-07-06,9.995807647705078
2006-07-07,9.910183906555176
2006-07-10,10.044205665588379
2006-07-11,10.349479675292969
2006-07-12,10.133553504943848
2006-07-13,9.895295143127441
2006-07-14,9.52301025390625
2006-07-17,9.887847900390625
2006-07-18,9.899016380310059
2006-07-19,9.653308868408203
2006-07-20,9.180509567260742
2006-07-21,9.113497734069824
2006-07-24,9.355481147766113
2006-07-25,9.180509567260742
2006-07-26,9.094884872436523
2006-07-27,8.823116302490234
2006-07-28,9.094884872436523
2006-07-31,8.960857391357422
2006-08-01,8.8045015335083
2006-08-02,8.558796882629395
2006-08-03,8.960857391357422
2006-08-04,9.009257316589355
2006-08-07,8.979475975036621
2006-08-08,9.362926483154297
2006-08-09,9.154448509216309
2006-08-10,9.24752140045166
2006-08-11,9.009257316589355
2006-08-14,9.009257316589355
2006-08-15,9.281023979187012
2006-08-16,9.612358093261719
2006-08-17,10.301079750061035
2006-08-18,10.144720077514648
2006-08-21,9.95485782623291
2006-08-22,10.208011627197266
2006-08-23,10.051652908325195
2006-08-24,9.597463607788086
2006-08-25,9.418769836425781
2006-08-28,9.601187705993652
2006-08-29,10.114941596984863
2006-08-30,10.591463088989258
2006-08-31,10.356922149658203
2006-09-01,10.479780197143555
2006-09-05,10.677091598510742
2006-09-06,10.502114295959473
2006-09-07,10.248960494995117
2006-09-08,10.613800048828125
2006-09-11,10.453720092773438
2006-09-12,10.591463088989258
2006-09-13,10.423934936523438
2006-09-14,10.442550659179688
2006-09-15,10.368094444274902
2006-09-18,9.992086410522461
2006-09-19,9.660751342773438
2006-09-20,9.731489181518555
2006-09-21,9.709150314331055
2006-09-22,9.720319747924805
2006-09-25,9.761271476745605
2006-09-26,10.301079750061035
2006-09-27,10.096327781677246
2006-09-28,10.57657241821289
2006-09-29,10.557954788208008
2006-10-02,10.226625442504883
2006-10-03,10.490944862365723
2006-10-04,11.13127613067627
2006-10-05,11.339751243591309
2006-10-06,10.94140911102295
2006-10-09,10.978638648986816
2006-10-10,11.012141227722168
2006-10-11,10.83344841003418
2006-10-12,11.049370765686035
2006-10-13,11.075431823730469
2006-10-16,10.852062225341797
2006-10-17,10.714316368103027
2006-10-18,10.606353759765625
2006-10-19,11.350922584533691
2006-10-20,11.350922584533691
2006-10-23,11.816274642944336
2006-10-24,11.648746490478516
2006-10-25,11.942850112915039
2006-10-26,12.203450202941895
2006-10-27,11.939129829406738
2006-10-30,12.002416610717773
2006-10-31,11.961463928222656
2006-11-01,11.70086669921875
2006-11-02,12.114102363586426
2006-11-03,12.058259963989258
2006-11-06,12.192282676696777
2006-11-07,12.117826461791992
2006-11-08,12.218345642089844
2006-11-09,12.02475357055664
2006-11-10,12.214618682861328
2006-11-13,12.17366886138916
2006-11-14,12.296520233154297
2006-11-15,12.627854347229004
2006-11-16,12.40075969696045
2006-11-17,12.560844421386719
2006-11-20,12.341193199157715
2006-11-21,12.527335166931152
2006-11-22,12.60923957824707
2006-11-24,12.430541038513184
2006-11-27,11.965188980102539
2006-11-28,11.920513153076172
2006-11-29,12.032196044921875
2006-11-30,12.039645195007324
2006-12-01,11.7269287109375
2006-12-04,11.939129829406738
2006-12-05,12.121545791625977
2006-12-06,11.972635269165039
2006-12-07,11.652471542358398
2006-12-08,11.823720932006836
2006-12-11,11.87584114074707
2006-12-12,11.831165313720703
2006-12-13,12.14760684967041
2006-12-14,12.136438369750977
2006-12-15,12.255569458007812
2006-12-18,12.069428443908691
2006-12-19,11.961463928222656
2006-12-20,11.786490440368652
2006-12-21,11.496109008789062
2006-12-22,11.250402450561523
2006-12-26,11.287632942199707
2006-12-27,11.376980781555176
2006-12-28,11.28390884399414
2006-12-29,11.194561004638672
2007-01-03,11.231788635253906
2007-01-04,11.760435104370117
2007-01-05,11.458882331848145
2007-01-08,11.056818008422852
2007-01-09,11.075431823730469
2007-01-10,10.907906532287598
2007-01-11,11.254129409790039
2007-01-12,11.168502807617188
2007-01-16,11.183393478393555
2007-01-17,11.149889945983887
2007-01-18,10.986083984375
2007-01-19,11.0419282913208
2007-01-22,10.915350914001465
2007-01-23,10.654754638671875
2007-01-24,11.168502807617188
2007-01-25,12.080596923828125
2007-01-26,11.782771110534668
2007-01-29,11.913069725036621
2007-01-30,11.946574211120605
2007-01-31,12.058259963989258
2007-02-01,11.968910217285156
2007-02-02,12.061982154846191
2007-02-05,12.006139755249023
2007-02-06,12.229508399963379
2007-02-07,12.423095703125
2007-02-08,12.501277923583984
2007-02-09,12.475215911865234
2007-02-12,12.210894584655762
2007-02-13,12.240680694580078
2007-02-14,12.460328102111816
2007-02-15,12.531058311462402
2007-02-16,12.516166687011719
2007-02-20,12.44915771484375
2007-02-21,12.471495628356934
2007-02-22,12.542228698730469
2007-02-23,12.653911590576172
2007-02-26,12.441709518432617
2007-02-27,11.913069725036621
2007-02-28,11.935404777526855
2007-03-01,11.887008666992188
2007-03-02,11.477498054504395
2007-03-05,11.302526473999023
2007-03-06,11.66736125946045
2007-03-07,11.551953315734863
2007-03-08,11.548232078552246
2007-03-09,11.473773956298828
2007-03-12,11.540782928466797
2007-03-13,11.321138381958008
2007-03-14,11.592905044555664
2007-03-15,11.816274642944336
2007-03-16,11.816274642944336
2007-03-19,11.805107116699219
2007-03-20,11.7269287109375
2007-03-21,11.972635269165039
2007-03-22,12.047091484069824
2007-03-23,11.849782943725586
2007-03-26,12.367254257202148
2007-03-27,12.408204078674316
2007-03-28,12.326305389404297
2007-03-29,12.300244331359863
2007-03-30,12.341193199157715
2007-04-02,12.285350799560547
2007-04-03,12.583178520202637
2007-04-04,12.55339527130127
2007-04-05,12.549675941467285
2007-04-09,12.560844421386719
2007-04-10,12.653911590576172
2007-04-11,12.512447357177734
2007-04-12,12.676244735717773
2007-04-13,12.948016166687012
2007-04-16,13.067146301269531
2007-04-17,13.104374885559082
2007-04-18,12.825161933898926
2007-04-19,12.356083869934082
2007-04-20,12.4789400100708
2007-04-23,12.4789400100708
2007-04-24,12.568286895751953
2007-04-25,12.57201099395752
2007-04-26,12.73953914642334
2007-04-27,12.72092342376709
2007-04-30,12.635300636291504
2007-05-01,12.456602096557617
2007-05-02,12.55339527130127
2007-05-03,12.888450622558594
2007-05-04,12.713478088378906
2007-05-07,12.650190353393555
2007-05-08,12.784210205078125
2007-05-09,13.026195526123047
2007-05-10,12.60551643371582
2007-05-11,12.73209285736084
2007-05-14,12.627854347229004
2007-05-15,12.471495628356934
2007-05-16,12.378422737121582
2007-05-17,12.277905464172363
2007-05-18,12.17366886138916
2007-05-21,12.158775329589844
2007-05-22,12.307689666748047
2007-05-23,12.240680694580078
2007-05-24,12.177390098571777
2007-05-25,12.15505313873291
2007-05-29,12.065705299377441
2007-05-30,12.367254257202148
2007-05-31,12.121545791625977
2007-06-01,12.013583183288574
2007-06-04,12.114102363586426
2007-06-05,11.797658920288086
2007-06-06,11.604076385498047
2007-06-07,11.39559268951416
2007-06-08,11.697145462036133
2007-06-11,11.723204612731934
2007-06-12,11.525894165039062
2007-06-13,11.719481468200684
2007-06-14,11.767881393432617
2007-06-15,11.927959442138672
2007-06-18,11.77904987335205
2007-06-19,11.678531646728516
2007-06-20,11.585456848144531
2007-06-21,11.589181900024414
2007-06-22,11.823720932006836
2007-06-25,11.894454002380371
2007-06-26,11.77904987335205
2007-06-27,11.942850112915039
2007-06-28,11.898175239562988
2007-06-29,11.98007869720459
2007-07-02,12.035922050476074
2007-07-03,11.968910217285156
2007-07-05,12.013583183288574
2007-07-06,12.430541038513184
2007-07-09,12.512447357177734
2007-07-10,12.251849174499512
2007-07-11,12.504997253417969
2007-07-12,12.743261337280273
2007-07-13,12.639019966125488
2007-07-16,12.802825927734375
2007-07-17,12.750703811645508
2007-07-18,12.676244735717773
2007-07-19,12.471495628356934
2007-07-20,12.482661247253418
2007-07-23,12.318859100341797
2007-07-24,12.307689666748047
2007-07-25,12.493831634521484
2007-07-26,12.296520233154297
2007-07-27,12.125272750854492
2007-07-30,12.140158653259277
2007-07-31,12.061982154846191
2007-08-01,12.203450202941895
2007-08-02,12.300244331359863
2007-08-03,12.404484748840332
2007-08-06,12.888450622558594
2007-08-07,13.361252784729004
2007-08-08,13.666526794433594
2007-08-09,13.621851921081543
2007-08-10,13.402203559875488
2007-08-13,13.227227210998535
2007-08-14,12.981522560119629
2007-08-15,12.85494613647461
2007-08-16,12.523611068725586
2007-08-17,12.709755897521973
2007-08-20,12.57573413848877
2007-08-21,12.806550025939941
2007-08-22,12.825161933898926
2007-08-23,12.73209285736084
2007-08-24,12.687418937683105
2007-08-27,12.4863862991333
2007-08-28,12.251849174499512
2007-08-29,12.452876091003418
2007-08-30,12.508721351623535
2007-08-31,12.694866180419922
2007-09-04,12.877283096313477
2007-09-05,13.115546226501465
2007-09-06,13.305407524108887
2007-09-07,13.122991561889648
2007-09-10,13.026195526123047
2007-09-11,13.51761245727539
2007-09-12,13.688860893249512
2007-09-13,14.016469955444336
2007-09-14,14.076037406921387
2007-09-17,13.88989543914795
2007-09-18,14.172825813293457
2007-09-19,14.37386417388916
2007-09-20,14.198890686035156
2007-09-21,14.519051551818848
2007-09-24,14.362691879272461
2007-09-25,14.545116424560547
2007-09-26,14.586063385009766
2007-09-27,14.619571685791016
2007-09-28,14.526500701904297
2007-10-01,14.76475715637207
2007-10-02,14.6419095993042
2007-10-03,14.6419095993042
2007-10-04,14.578618049621582
2007-10-05,14.425980567932129
2007-10-08,14.206335067749023
2007-10-09,14.556280136108398
2007-10-10,14.660518646240234
2007-10-11,14.548835754394531
2007-10-12,14.854107856750488
2007-10-15,14.519051551818848
2007-10-16,14.37014102935791
2007-10-17,15.114701271057129
2007-10-18,14.183999061584473
2007-10-19,13.670248985290527
2007-10-22,13.51761245727539
2007-10-23,13.379865646362305
2007-10-24,13.327746391296387
2007-10-25,13.122991561889648
2007-10-26,13.640462875366211
2007-10-29,13.644186019897461
2007-10-30,13.59951400756836
2007-10-31,13.439430236816406
2007-11-01,13.02992057800293
2007-11-02,13.037364959716797
2007-11-05,12.694866180419922
2007-11-06,12.691141128540039
2007-11-07,12.542228698730469
2007-11-08,12.061982154846191
2007-11-09,12.456602096557617
2007-11-12,12.244401931762695
2007-11-13,12.370978355407715
2007-11-14,12.151331901550293
2007-11-15,11.961463928222656
2007-11-16,12.188557624816895
2007-11-19,11.991250038146973
2007-11-20,12.013583183288574
2007-11-21,11.760435104370117
2007-11-23,11.89073371887207
2007-11-26,11.540782928466797
2007-11-27,12.106656074523926
2007-11-28,12.564562797546387
2007-11-29,12.490105628967285
2007-11-30,12.482661247253418
2007-12-03,12.266737937927246
2007-12-04,12.259292602539062
2007-12-05,12.415654182434082
2007-12-06,12.57201099395752
2007-12-07,12.557119369506836
2007-12-10,12.601791381835938
2007-12-11,12.549675941467285
2007-12-12,12.810272216796875
2007-12-13,12.691141128540039
2007-12-14,12.17366886138916
2007-12-17,11.87211799621582
2007-12-18,11.905623435974121
2007-12-19,11.790215492248535
2007-12-20,12.423095703125
2007-12-21,12.769319534301758
2007-12-24,12.72092342376709
2007-12-26,12.840055465698242
2007-12-27,12.527335166931152
2007-12-28,12.57573413848877
2007-12-31,12.356083869934082
2008-01-02,12.095484733581543
2008-01-03,12.225787162780762
2008-01-04,11.652471542358398
2008-01-07,11.332304000854492
2008-01-08,11.172224044799805
2008-01-09,11.12010669708252
2008-01-10,11.302526473999023
2008-01-11,11.049370765686035
2008-01-14,10.881843566894531
2008-01-15,10.405320167541504
2008-01-16,10.457440376281738
2008-01-17,10.468610763549805
2008-01-18,10.54678726196289
2008-01-22,10.13727855682373
2008-01-23,10.773882865905762
2008-01-24,10.118666648864746
2008-01-25,9.988364219665527
2008-01-28,10.003254890441895
2008-01-29,9.72404670715332
2008-01-30,9.791053771972656
2008-01-31,10.010698318481445
2008-02-01,10.725483894348145
2008-02-04,10.725483894348145
2008-02-05,10.342033386230469
2008-02-06,10.345756530761719
2008-02-07,10.36436939239502
2008-02-08,10.449993133544922
2008-02-11,10.487225532531738
2008-02-12,10.315974235534668
2008-02-13,10.368094444274902
2008-02-14,10.390427589416504
2008-02-15,10.345756530761719
2008-02-19,10.297354698181152
2008-02-20,10.141002655029297
2008-02-21,10.059099197387695
2008-02-22,10.315974235534668
2008-02-25,10.427656173706055
2008-02-26,10.241517066955566
2008-02-27,10.275022506713867
2008-02-28,10.152169227600098
2008-02-29,9.813387870788574
2008-03-03,9.623526573181152
2008-03-04,9.772439002990723
2008-03-05,9.95485782623291
2008-03-06,9.727763175964355
2008-03-07,9.597463607788086
2008-03-10,9.575130462646484
2008-03-11,9.832005500793457
2008-03-12,9.899016380310059
2008-03-13,9.939966201782227
2008-03-14,9.772439002990723
2008-03-17,9.593741416931152
2008-03-18,10.25640869140625
2008-03-19,10.226625442504883
2008-03-20,10.647305488586426
2008-03-24,11.097766876220703
2008-03-25,10.9451322555542
2008-03-26,10.971193313598633
2008-03-27,11.443992614746094
2008-03-28,11.250402450561523
2008-03-31,11.10893726348877
2008-04-01,11.69342041015625
2008-04-02,11.823720932006836
2008-04-03,11.808825492858887
2008-04-04,12.263016700744629
2008-04-07,12.073149681091309
2008-04-08,11.86094856262207
2008-04-09,11.756712913513184
2008-04-10,11.898175239562988
2008-04-11,11.492387771606445
2008-04-14,11.678531646728516
2008-04-15,11.756712913513184
2008-04-16,11.957741737365723
2008-04-17,11.544509887695312
2008-04-18,11.805107116699219
2008-04-21,11.40303897857666
2008-04-22,11.499835014343262
2008-04-23,11.417933464050293
2008-04-24,11.618966102600098
2008-04-25,11.652471542358398
2008-04-28,11.648746490478516
2008-04-29,11.570569038391113
2008-04-30,11.648746490478516
2008-05-01,11.831165313720703
2008-05-02,11.581738471984863
2008-05-05,11.488666534423828
2008-05-06,11.462607383728027
2008-05-07,11.09404468536377
2008-05-08,11.242959976196289
2008-05-09,11.168502807617188
2008-05-12,11.585456848144531
2008-05-13,11.69342041015625
2008-05-14,11.622689247131348
2008-05-15,11.887008666992188
2008-05-16,11.604076385498047
2008-05-19,11.496109008789062
2008-05-20,11.39559268951416
2008-05-21,11.194561004638672
2008-05-22,11.373258590698242
2008-05-23,11.235516548156738
2008-05-27,11.302526473999023
2008-05-28,11.038202285766602
2008-05-29,11.097766876220703
2008-05-30,11.172224044799805
2008-06-02,10.911626815795898
2008-06-03,10.900457382202148
2008-06-04,11.12755012512207
2008-06-05,11.190838813781738
2008-06-06,10.893010139465332
2008-06-09,10.822278022766113
2008-06-10,10.788772583007812
2008-06-11,10.319698333740234
2008-06-12,10.453720092773438
2008-06-13,10.56540298461914
2008-06-16,10.665921211242676
2008-06-17,10.725483894348145
2008-06-18,10.770158767700195
2008-06-19,10.859504699707031
2008-06-20,10.487225532531738
2008-06-23,10.323417663574219
2008-06-24,10.423934936523438
2008-06-25,10.483503341674805
2008-06-26,10.27130126953125
2008-06-27,10.278742790222168
2008-06-30,10.174507141113281
2008-07-01,10.327140808105469
2008-07-02,10.092604637145996
2008-07-03,9.977194786071777
2008-07-07,10.021868705749512
2008-07-08,10.665921211242676
2008-07-09,10.405320167541504
2008-07-10,10.490944862365723
2008-07-11,10.427656173706055
2008-07-14,10.234068870544434
2008-07-15,10.010698318481445
2008-07-16,10.461161613464355
2008-07-17,9.009257316589355
2008-07-18,8.92735767364502
2008-07-21,8.957137107849121
2008-07-22,9.321975708007812
2008-07-23,9.448552131652832
2008-07-24,9.07999324798584
2008-07-25,9.455998420715332
2008-07-28,9.22518539428711
2008-07-29,9.5006742477417
2008-07-30,9.489503860473633
2008-07-31,9.370372772216797
2008-08-01,9.150725364685059
2008-08-04,9.325700759887695
2008-08-05,9.534175872802734
2008-08-06,9.470890045166016
2008-08-07,9.478338241577148
2008-08-08,9.813387870788574
2008-08-11,9.95858097076416
2008-08-12,9.69798469543457
2008-08-13,9.604911804199219
2008-08-14,9.69798469543457
2008-08-15,9.671924591064453
2008-08-18,9.4969482421875
2008-08-19,9.452272415161133
2008-08-20,9.292192459106445
2008-08-21,9.128387451171875
2008-08-22,9.318252563476562
2008-08-25,9.221458435058594
2008-08-26,9.180509567260742
2008-08-27,9.262413024902344
2008-08-28,9.455998420715332
2008-08-29,9.281023979187012
2008-09-02,8.960857391357422
2008-09-03,9.024149894714355
2008-09-04,8.864068031311035
2008-09-05,8.849178314208984
2008-09-08,8.74121379852295
2008-09-09,8.450836181640625
2008-09-10,8.700263023376465
2008-09-11,8.573686599731445
2008-09-12,8.394990921020508
2008-09-15,8.190234184265137
2008-09-16,8.491786003112793
2008-09-17,8.160452842712402
2008-09-18,8.562516212463379
2008-09-19,8.625811576843262
2008-09-22,8.052489280700684
2008-09-23,7.996646404266357
2008-09-24,8.052489280700684
2008-09-25,8.324256896972656
2008-09-26,8.402438163757324
2008-09-29,7.4270548820495605
2008-09-30,8.331703186035156
2008-10-01,7.762110710144043
2008-10-02,7.129227161407471
2008-10-03,7.0510478019714355
2008-10-06,6.660150527954102
2008-10-07,6.142675399780273
2008-10-08,6.332540035247803
2008-10-09,5.9416422843933105
2008-10-10,6.228301048278809
2008-10-13,6.738330364227295
2008-10-14,6.60430908203125
2008-10-15,5.707103252410889
2008-10-16,5.57308292388916
2008-10-17,5.714550018310547
2008-10-20,5.759223937988281
2008-10-21,5.535854816436768
2008-10-22,5.595419883728027
2008-10-23,5.703381538391113
2008-10-24,5.543298721313477
2008-10-27,5.409277439117432
2008-10-28,5.908137321472168
2008-10-29,5.643815994262695
2008-10-30,5.7294416427612305
2008-10-31,5.684767723083496
2008-11-03,5.587973594665527
2008-11-04,5.86346435546875
2008-11-05,5.480011940002441
2008-11-06,5.197076320648193
2008-11-07,5.28270149230957
2008-11-10,5.104005813598633
2008-11-11,4.8582987785339355
2008-11-12,4.579085350036621
2008-11-13,5.126342296600342
2008-11-14,4.6014227867126465
2008-11-17,4.545580863952637
2008-11-18,4.579085350036621
2008-11-19,4.351994514465332
2008-11-20,4.158405780792236
2008-11-21,4.471124649047852
2008-11-24,4.765227794647217
2008-11-25,4.795009136199951
2008-11-26,5.018381118774414
2008-11-28,4.888080596923828
2008-12-01,4.553025722503662
2008-12-02,4.936479091644287
2008-12-03,5.074222564697266
2008-12-04,4.988597869873047
2008-12-05,5.197076320648193
2008-12-08,5.308762550354004
2008-12-09,5.278976917266846
2008-12-10,5.133789539337158
2008-12-11,5.133789539337158
2008-12-12,5.312482833862305
2008-12-15,5.178461074829102
2008-12-16,5.647538661956787
2008-12-17,5.591696739196777
2008-12-18,5.439062118530273
2008-12-19,5.379494667053223
2008-12-22,5.249195098876953
2008-12-23,5.070501327514648
2008-12-24,5.081667423248291
2008-12-26,5.06305456161499
2008-12-29,4.988597869873047
2008-12-30,5.197076320648193
2008-12-31,5.197076320648193
2009-01-02,5.457675457000732
2009-01-05,5.498626232147217
2009-01-06,5.651263236999512
2009-01-07,5.431613922119141
2009-01-08,5.46139669418335
2009-01-09,5.28270149230957
2009-01-12,5.2156901359558105
2009-01-13,5.260365962982178
2009-01-14,4.809899806976318
2009-01-15,5.003489017486572
2009-01-16,4.936479091644287
2009-01-20,4.672157287597656
2009-01-21,4.943924427032471
2009-01-22,4.344547748565674
2009-01-23,4.467401027679443
2009-01-26,4.419003486633301
2009-01-27,4.500906944274902
2009-01-28,4.73544454574585
2009-01-29,4.560470104217529
2009-01-30,4.474847793579102
2009-02-02,4.553025722503662
2009-02-03,4.780118465423584
2009-02-04,4.690770626068115
2009-02-05,4.917863368988037
2009-02-06,5.074222564697266
2009-02-09,5.156123638153076
2009-02-10,4.969983100891113
2009-02-11,4.969983100891113
2009-02-12,4.981151580810547
2009-02-13,4.910417556762695
2009-02-17,4.586530685424805
2009-02-18,4.649818420410156
2009-02-19,4.526965618133545
2009-02-20,4.53441047668457
2009-02-23,4.292427062988281
2009-02-24,4.396667957305908
2009-02-25,4.366883277893066
2009-02-26,4.262646198272705
2009-02-27,4.0467209815979
2009-03-02,3.908975601196289
2009-03-03,3.8791935443878174
2009-03-04,4.024383068084717
2009-03-05,3.89408540725708
2009-03-06,3.8829171657562256
2009-03-09,3.8233513832092285
2009-03-10,4.132345676422119
2009-03-11,4.329655170440674
2009-03-12,4.519521236419678
2009-03-13,4.441341400146484
2009-03-16,4.303595542907715
2009-03-17,4.519521236419678
2009-03-18,4.549304008483887
2009-03-19,4.556748867034912
2009-03-20,4.500906944274902
2009-03-23,4.86202335357666
2009-03-24,4.698216915130615
2009-03-25,4.727999210357666
2009-03-26,4.8769121170043945
2009-03-27,4.783842086791992
2009-03-30,4.6460957527160645
2009-03-31,4.675879001617432
2009-04-01,4.888080596923828
2009-04-02,5.06305456161499
2009-04-03,5.3273773193359375
2009-04-06,5.219412326812744
2009-04-07,5.059333324432373
2009-04-08,5.19335412979126
2009-04-09,5.591696739196777
2009-04-13,5.446504592895508
2009-04-14,5.35343599319458
2009-04-15,5.3310980796813965
2009-04-16,5.364604473114014
2009-04-17,5.3571577072143555
2009-04-20,5.234304904937744
2009-04-21,5.319930076599121
2009-04-22,5.502348899841309
2009-04-23,6.187348365783691
2009-04-24,6.2469162940979
2009-04-27,6.1315083503723145
2009-04-28,6.030991077423096
2009-04-29,6.1315083503723145
2009-04-30,6.1315083503723145
2009-05-01,6.146397113800049
2009-05-04,6.232024669647217
2009-05-05,6.399550914764404
2009-05-06,6.384659290313721
2009-05-07,6.232024669647217
2009-05-08,6.470285892486572
2009-05-11,6.4144439697265625
2009-05-12,6.354877471923828
2009-05-13,6.01982307434082
2009-05-14,6.269252300262451
2009-05-15,6.295311450958252
2009-05-18,6.589415550231934
2009-05-19,6.652703762054443
2009-05-20,6.593139171600342
2009-05-21,6.384659290313721
2009-05-22,6.462838172912598
2009-05-26,6.529850482940674
2009-05-27,6.2990336418151855
2009-05-28,6.4553937911987305
2009-05-29,6.559633731842041
2009-06-01,6.790450096130371
2009-06-02,6.686209678649902
2009-06-03,6.689932346343994
2009-06-04,6.701102256774902
2009-06-05,6.641535758972168
2009-06-08,6.567079067230225
2009-06-09,6.593139171600342
2009-06-10,6.563355922698975
2009-06-11,6.656427383422852
2009-06-12,6.626644611358643
2009-06-15,6.477730751037598
2009-06-16,6.4144439697265625
2009-06-17,6.362324237823486
2009-06-18,6.373493194580078
2009-06-19,6.433056354522705
2009-06-22,6.124063014984131
2009-06-23,6.112893104553223
2009-06-24,6.2394700050354
2009-06-25,6.3809380531311035
2009-06-26,6.459117412567139
2009-06-29,6.462838172912598
2009-06-30,6.377214431762695
2009-07-01,6.2469162940979
2009-07-02,6.0831098556518555
2009-07-06,6.124063014984131
2009-07-07,5.923029899597168
2009-07-08,5.963979721069336
2009-07-09,5.990039825439453
2009-07-10,6.068219184875488
2009-07-13,6.2394700050354
2009-07-14,6.362324237823486
2009-07-15,6.637813568115234
2009-07-16,6.917026519775391
2009-07-17,6.905857563018799
2009-07-20,7.010095119476318
2009-07-21,7.047324180603027
2009-07-22,7.240913391113281
2009-07-23,8.011536598205566
2009-07-24,7.907301425933838
2009-07-27,8.104608535766602
2009-07-28,8.130669593811035
2009-07-29,7.9668660163879395
2009-07-30,8.0636568069458
2009-07-31,7.911021709442139
2009-08-03,8.205126762390137
2009-08-04,8.130669593811035
2009-08-05,8.045044898986816
2009-08-06,8.365204811096191
2009-08-07,8.394990921020508
2009-08-10,8.37265396118164
2009-08-11,8.234907150268555
2009-08-12,8.316811561584473
2009-08-13,8.249799728393555
2009-08-14,8.056214332580566
2009-08-17,7.758387088775635
2009-08-18,7.803060054779053
2009-08-19,7.8663482666015625
2009-08-20,7.9668660163879395
2009-08-21,8.220017433166504
2009-08-24,8.275857925415039
2009-08-25,8.305644035339355
2009-08-26,8.290752410888672
2009-08-27,8.34287166595459
2009-08-28,8.36148738861084
2009-08-31,8.242354393005371
2009-09-01,8.0711030960083
2009-09-02,7.948252201080322
2009-09-03,7.978030204772949
2009-09-04,8.156730651855469
2009-09-08,8.126944541931152
2009-09-09,8.443387985229492
2009-09-10,8.7523832321167
2009-09-11,8.770998001098633
2009-09-14,8.867791175842285
2009-09-15,8.986922264099121
2009-09-16,9.05393123626709
2009-09-17,9.094884872436523
2009-09-18,9.061379432678223
2009-09-21,8.990646362304688
2009-09-22,9.102330207824707
2009-09-23,8.864068031311035
2009-09-24,8.763548851013184
2009-09-25,8.730047225952148
2009-09-28,8.90501880645752
2009-09-29,8.886404037475586
2009-09-30,8.785889625549316
2009-10-01,8.651864051818848
2009-10-02,8.450836181640625
2009-10-05,8.529010772705078
2009-10-06,8.91618824005127
2009-10-07,9.065101623535156
2009-10-08,9.236352920532227
2009-10-09,9.091161727905273
2009-10-12,9.22518539428711
2009-10-13,9.374095916748047
2009-10-14,9.470890045166016
2009-10-15,9.273578643798828
2009-10-16,9.117218971252441
2009-10-19,9.362926483154297
2009-10-20,9.329421997070312
2009-10-21,9.318252563476562
2009-10-22,8.923632621765137
2009-10-23,8.770998001098633
2009-10-26,8.685373306274414
2009-10-27,8.61836051940918
2009-10-28,8.469446182250977
2009-10-29,8.566240310668945
2009-10-30,8.290752410888672
2009-11-02,8.354039192199707
2009-11-03,8.38010025024414
2009-11-04,8.394990921020508
2009-11-05,8.651864051818848
2009-11-06,8.689095497131348
2009-11-09,8.66303539276123
2009-11-10,8.722599983215332
2009-11-11,8.845452308654785
2009-11-12,8.901297569274902
2009-11-13,8.838006973266602
2009-11-16,8.852900505065918
2009-11-17,8.8045015335083
2009-11-18,8.63325309753418
2009-11-19,8.63325309753418
2009-11-20,8.484336853027344
2009-11-23,8.730047225952148
2009-11-24,8.782164573669434
2009-11-25,8.789612770080566
2009-11-27,8.644420623779297
2009-11-30,9.10977554321289
2009-12-01,8.934802055358887
2009-12-02,8.845452308654785
2009-12-03,8.785889625549316
2009-12-04,8.811946868896484
2009-12-07,8.60719108581543
2009-12-08,8.406159400939941
2009-12-09,8.45827865600586
2009-12-10,8.387543678283691
2009-12-11,8.450836181640625
2009-12-14,8.435942649841309
2009-12-15,8.354039192199707
2009-12-16,8.521565437316895
2009-12-17,8.484336853027344
2009-12-18,8.439663887023926
2009-12-21,8.514122009277344
2009-12-22,8.532735824584961
2009-12-23,8.923632621765137
2009-12-24,8.893850326538086
2009-12-28,8.886404037475586
2009-12-29,8.815670013427734
2009-12-30,8.860343933105469
2009-12-31,8.759828567504883
2010-01-04,8.897573471069336
2010-01-05,8.8045015335083
2010-01-06,8.748661994934082
2010-01-07,8.648140907287598
2010-01-08,8.7523832321167
2010-01-11,8.730047225952148
2010-01-12,8.63325309753418
2010-01-13,8.785889625549316
2010-01-14,8.517844200134277
2010-01-15,8.365204811096191
2010-01-19,8.659310340881348
2010-01-20,8.275857925415039
2010-01-21,8.983200073242188
2010-01-22,8.778444290161133
2010-01-25,8.8193941116333
2010-01-26,8.960857391357422
2010-01-27,8.923632621765137
2010-01-28,8.685373306274414
2010-01-29,8.569962501525879
2010-02-01,8.625811576843262
2010-02-02,8.592300415039062
2010-02-03,8.648140907287598
2010-02-04,8.357762336730957
2010-02-05,8.454556465148926
2010-02-08,8.37265396118164
2010-02-09,8.327980041503906
2010-02-10,8.175342559814453
2010-02-11,8.238632202148438
2010-02-12,8.104608535766602
2010-02-16,8.383820533752441
2010-02-17,8.443387985229492
2010-02-18,8.502950668334961
2010-02-19,8.718878746032715
2010-02-22,8.666756629943848
2010-02-23,8.521565437316895
2010-02-24,8.659310340881348
2010-02-25,8.562516212463379
2010-02-26,8.569962501525879
2010-03-01,8.890130043029785
2010-03-02,8.931078910827637
2010-03-03,8.7523832321167
2010-03-04,8.852900505065918
2010-03-05,9.169341087341309
2010-03-08,9.24752140045166
2010-03-09,9.4969482421875
2010-03-10,9.5155611038208
2010-03-11,9.470890045166016
2010-03-12,9.668197631835938
2010-03-15,9.783608436584473
2010-03-16,9.97347354888916
2010-03-17,10.044205665588379
2010-03-18,10.222901344299316
2010-03-19,10.122384071350098
2010-03-22,10.07771110534668
2010-03-23,10.070266723632812
2010-03-24,10.029314994812012
2010-03-25,10.260132789611816
2010-03-26,10.21917724609375
2010-03-29,10.155889511108398
2010-03-30,10.103769302368164
2010-03-31,10.040482521057129
2010-04-01,9.891569137573242
2010-04-05,10.189396858215332
2010-04-06,10.152169227600098
2010-04-07,9.995807647705078
2010-04-08,9.850617408752441
2010-04-09,9.884126663208008
2010-04-12,9.91390609741211
2010-04-13,9.91762924194336
2010-04-14,10.06654167175293
2010-04-15,10.044205665588379
2010-04-16,9.802221298217773
2010-04-19,9.798500061035156
2010-04-20,9.828279495239258
2010-04-21,9.787331581115723
2010-04-22,9.22518539428711
2010-04-23,9.139556884765625
2010-04-26,9.143281936645508
2010-04-27,8.849178314208984
2010-04-28,8.931078910827637
2010-04-29,9.024149894714355
2010-04-30,8.852900505065918
2010-05-03,8.901297569274902
2010-05-04,8.592300415039062
2010-05-05,8.435942649841309
2010-05-06,8.290752410888672
2010-05-07,7.996646404266357
2010-05-10,8.313087463378906
2010-05-11,8.331703186035156
2010-05-12,8.38010025024414
2010-05-13,8.443387985229492
2010-05-14,8.283307075500488
2010-05-17,8.38010025024414
2010-05-18,8.253523826599121
2010-05-19,8.056214332580566
2010-05-20,7.747217655181885
2010-05-21,7.974310874938965
2010-05-24,7.951972961425781
2010-05-25,8.037595748901367
2010-05-26,7.959418296813965
2010-05-27,8.156730651855469
2010-05-28,7.970587253570557
2010-06-01,7.803060054779053
2010-06-02,7.911021709442139
2010-06-03,8.257246017456055
2010-06-04,8.186511993408203
2010-06-07,8.022706985473633
2010-06-08,8.074830055236816
2010-06-09,8.108330726623535
2010-06-10,8.294475555419922
2010-06-11,8.432218551635742
2010-06-14,8.268414497375488
2010-06-15,8.335426330566406
2010-06-16,8.238632202148438
2010-06-17,8.227462768554688
2010-06-18,8.249799728393555
2010-06-21,8.141837120056152
2010-06-22,8.0264310836792
2010-06-23,7.9445271492004395
2010-06-24,7.765833377838135
2010-06-25,7.799334526062012
2010-06-28,7.709988594055176
2010-06-29,7.330259323120117
2010-06-30,7.300477504730225
2010-07-01,7.311645030975342
2010-07-02,7.170177936553955
2010-07-06,7.203683853149414
2010-07-07,7.374934673309326
2010-07-08,7.404716491699219
2010-07-09,7.55363130569458
2010-07-12,7.527572154998779
2010-07-13,7.8216753005981445
2010-07-14,7.858902931213379
2010-07-15,7.8291215896606445
2010-07-16,7.47917366027832
2010-07-19,7.594583034515381
2010-07-20,7.73976993560791
2010-07-21,7.508957386016846
2010-07-22,7.795616149902344
2010-07-23,7.851459503173828
2010-07-26,7.870068550109863
2010-07-27,7.8328447341918945
2010-07-28,7.8328447341918945
2010-07-29,7.732324123382568
2010-07-30,7.784444332122803
2010-08-02,7.989204406738281
2010-08-03,7.806780815124512
2010-08-04,7.855180740356445
2010-08-05,7.8440117835998535
2010-08-06,7.985480785369873
2010-08-09,8.182788848876953
2010-08-10,8.156730651855469
2010-08-11,7.911021709442139
2010-08-12,8.037595748901367
2010-08-13,8.004096031188965
2010-08-16,8.20884895324707
2010-08-17,8.32053279876709
2010-08-18,8.46572494506836
2010-08-19,8.61091423034668
2010-08-20,8.700263023376465
2010-08-23,8.66303539276123
2010-08-24,8.514122009277344
2010-08-25,8.622084617614746
2010-08-26,8.462000846862793
2010-08-27,8.629528999328613
2010-08-30,8.61091423034668
2010-08-31,8.648140907287598
2010-09-01,8.94597053527832
2010-09-02,8.957137107849121
2010-09-03,8.983200073242188
2010-09-07,8.759828567504883
2010-09-08,9.147003173828125
2010-09-09,9.046485900878906
2010-09-10,8.972030639648438
2010-09-13,9.046485900878906
2010-09-14,9.027873039245605
2010-09-15,9.005533218383789
2010-09-16,8.897573471069336
2010-09-17,9.016706466674805
2010-09-20,9.176788330078125
2010-09-21,9.21029281616211
2010-09-22,9.061379432678223
2010-09-23,9.027873039245605
2010-09-24,9.21029281616211
2010-09-27,9.221458435058594
2010-09-28,9.25869083404541
2010-09-29,9.303363800048828
2010-09-30,9.083714485168457
2010-10-01,9.10605239868164
2010-10-04,8.964582443237305
2010-10-05,9.154448509216309
2010-10-06,9.102330207824707
2010-10-07,9.214017868041992
2010-10-08,9.161893844604492
2010-10-11,9.042763710021973
2010-10-12,9.102330207824707
2010-10-13,9.25869083404541
2010-10-14,9.411328315734863
2010-10-15,9.560237884521484
2010-10-18,9.575130462646484
2010-10-19,9.504395484924316
2010-10-20,9.552793502807617
2010-10-21,10.126108169555664
2010-10-22,10.449993133544922
2010-10-25,10.39787483215332
2010-10-26,10.703145980834961
2010-10-27,10.900457382202148
2010-10-28,11.064264297485352
2010-10-29,11.11638355255127
2010-11-01,10.930240631103516
2010-11-02,11.194561004638672
2010-11-03,11.209454536437988
2010-11-04,11.224343299865723
2010-11-05,11.492387771606445
2010-11-08,11.481218338012695
2010-11-09,11.365813255310059
2010-11-10,11.514727592468262
2010-11-11,11.462607383728027
2010-11-12,11.220622062683105
2010-11-15,11.190838813781738
2010-11-16,11.082877159118652
2010-11-17,11.220622062683105
2010-11-18,11.380706787109375
2010-11-19,11.280187606811523
2010-11-22,11.406764030456543
2010-11-23,11.235516548156738
2010-11-24,11.618966102600098
2010-11-26,11.596627235412598
2010-11-29,11.254129409790039
2010-11-30,10.84833812713623
2010-12-01,10.893010139465332
2010-12-02,11.134995460510254
2010-12-03,11.02331256866455
2010-12-06,10.978638648986816
2010-12-07,11.168502807617188
2010-12-08,11.224343299865723
2010-12-09,11.298800468444824
2010-12-10,11.42537784576416
2010-12-13,11.272743225097656
2010-12-14,11.447714805603027
2010-12-15,11.239234924316406
2010-12-16,11.365813255310059
2010-12-17,11.101490020751953
2010-12-20,11.012141227722168
2010-12-21,10.665921211242676
2010-12-22,10.636137008666992
2010-12-23,10.543066024780273
2010-12-27,10.53934097290039
2010-12-28,10.55423641204834
2010-12-29,10.557954788208008
2010-12-30,10.472331047058105
2010-12-31,10.360650062561035
2011-01-03,10.677091598510742
2011-01-04,10.598909378051758
2011-01-05,10.695701599121094
2011-01-06,10.580293655395508
2011-01-07,10.312246322631836
2011-01-10,10.520730972290039
2011-01-11,10.557954788208008
2011-01-12,10.732929229736328
2011-01-13,10.688255310058594
2011-01-14,10.863228797912598
2011-01-18,10.963747024536133
2011-01-19,10.83344841003418
2011-01-20,11.458882331848145
2011-01-21,11.175947189331055
2011-01-24,11.358366012573242
2011-01-25,11.507278442382812
2011-01-26,11.563121795654297
2011-01-27,11.525894165039062
2011-01-28,11.28390884399414
2011-01-31,11.302526473999023
2011-02-01,11.77904987335205
2011-02-02,11.868393898010254
2011-02-03,11.931685447692871
2011-02-04,11.991250038146973
2011-02-07,12.002416610717773
2011-02-08,12.151331901550293
2011-02-09,11.894454002380371
2011-02-10,12.840055465698242
2011-02-11,12.84749984741211
2011-02-14,12.60551643371582
2011-02-15,12.828886985778809
2011-02-16,12.828886985778809
2011-02-17,12.914510726928711
2011-02-18,12.85494613647461
2011-02-22,12.527335166931152
2011-02-23,12.229508399963379
2011-02-24,12.318859100341797
2011-02-25,12.519891738891602
2011-02-28,12.475215911865234
2011-03-01,12.021032333374023
2011-03-02,12.166220664978027
2011-03-03,12.259292602539062
2011-03-04,11.916792869567871
2011-03-07,11.7269287109375
2011-03-08,11.790215492248535
2011-03-09,11.663639068603516
2011-03-10,11.570569038391113
2011-03-11,11.511002540588379
2011-03-14,11.455161094665527
2011-03-15,11.332304000854492
2011-03-16,11.067985534667969
2011-03-17,11.149889945983887
2011-03-18,11.343476295471191
2011-03-21,11.384427070617676
2011-03-22,11.250402450561523
2011-03-23,11.417933464050293
2011-03-24,11.823720932006836
2011-03-25,11.801383972167969
2011-03-28,11.295077323913574
2011-03-29,11.570569038391113
2011-03-30,11.7753267288208
2011-03-31,11.555675506591797
2011-04-01,11.67480754852295
2011-04-04,11.685975074768066
2011-04-05,11.853501319885254
2011-04-06,11.857229232788086
2011-04-07,11.738096237182617
2011-04-08,11.592905044555664
2011-04-11,11.611519813537598
2011-04-12,11.429099082946777
2011-04-13,11.417933464050293
2011-04-14,11.484940528869629
2011-04-15,11.767881393432617
2011-04-18,11.596627235412598
2011-04-19,11.596627235412598
2011-04-20,11.823720932006836
2011-04-21,11.894454002380371
2011-04-25,12.270461082458496
2011-04-26,12.315134048461914
2011-04-27,12.668804168701172
2011-04-28,12.657637596130371
2011-04-29,12.802825927734375
2011-05-02,12.523611068725586
2011-05-03,12.4863862991333
2011-05-04,12.289074897766113
2011-05-05,12.166220664978027
2011-05-06,12.181112289428711
2011-05-09,12.330024719238281
2011-05-10,12.631572723388672
2011-05-11,12.40075969696045
2011-05-12,12.501277923583984
2011-05-13,12.497553825378418
2011-05-16,12.050814628601074
2011-05-17,12.15505313873291
2011-05-18,12.240680694580078
2011-05-19,12.248125076293945
2011-05-20,12.091764450073242
2011-05-23,11.7753267288208
2011-05-24,11.473773956298828
2011-05-25,11.429099082946777
2011-05-26,11.414206504821777
2011-05-27,11.42165756225586
2011-05-31,11.604076385498047
2011-06-01,11.406764030456543
2011-06-02,11.645023345947266
2011-06-03,11.280187606811523
2011-06-06,11.004697799682617
2011-06-07,11.13871955871582
2011-06-08,11.380706787109375
2011-06-09,11.414206504821777
2011-06-10,11.15361213684082
2011-06-13,11.11638355255127
2011-06-14,11.079155921936035
2011-06-15,10.66964340209961
2011-06-16,10.598909378051758
2011-06-17,10.732929229736328
2011-06-20,10.729208946228027
2011-06-21,11.086597442626953
2011-06-22,10.926517486572266
2011-06-23,10.889289855957031
2011-06-24,10.55423641204834
2011-06-27,10.688255310058594
2011-06-28,10.781328201293945
2011-06-29,11.488666534423828
2011-06-30,12.013583183288574
2011-07-01,12.188557624816895
2011-07-05,12.151331901550293
2011-07-06,12.255569458007812
2011-07-07,12.408204078674316
2011-07-08,12.441709518432617
2011-07-11,12.251849174499512
2011-07-12,12.009864807128906
2011-07-13,12.054536819458008
2011-07-14,11.98380184173584
2011-07-15,12.214618682861328
2011-07-18,12.17366886138916
2011-07-19,12.568286895751953
2011-07-20,12.348641395568848
2011-07-21,12.44915771484375
2011-07-22,12.471495628356934
2011-07-25,12.583178520202637
2011-07-26,12.813997268676758
2011-07-27,12.4193754196167
2011-07-28,12.415654182434082
2011-07-29,12.192282676696777
2011-08-01,12.292794227600098
2011-08-02,11.81999683380127
2011-08-03,12.006139755249023
2011-08-04,11.183393478393555
2011-08-05,10.907906532287598
2011-08-08,10.033040046691895
2011-08-09,11.228070259094238
2011-08-10,10.852062225341797
2011-08-11,11.242959976196289
2011-08-12,11.365813255310059
2011-08-15,11.499835014343262
2011-08-16,11.302526473999023
2011-08-17,11.261570930480957
2011-08-18,10.401597023010254
2011-08-19,10.11121654510498
2011-08-22,10.185676574707031
2011-08-23,10.766436576843262
2011-08-24,10.814834594726562
2011-08-25,10.54678726196289
2011-08-26,10.967467308044434
2011-08-29,11.350922584533691
2011-08-30,11.522170066833496
2011-08-31,11.492387771606445
2011-09-01,11.31369400024414
2011-09-02,10.948856353759766
2011-09-06,10.896735191345215
2011-09-07,11.075431823730469
2011-09-08,11.358366012573242
2011-09-09,10.595182418823242
2011-09-12,10.952579498291016
2011-09-13,10.9451322555542
2011-09-14,11.220622062683105
2011-09-15,11.927959442138672
2011-09-16,12.542228698730469
2011-09-19,12.32258129119873
2011-09-20,12.184836387634277
2011-09-21,12.002416610717773
2011-09-22,11.790215492248535
2011-09-23,11.942850112915039
2011-09-26,12.117826461791992
2011-09-27,12.106656074523926
2011-09-28,11.77904987335205
2011-09-29,11.417933464050293
2011-09-30,10.978638648986816
2011-10-03,10.464885711669922
2011-10-04,10.926517486572266
2011-10-05,11.365813255310059
2011-10-06,11.70458984375
2011-10-07,11.56684398651123
2011-10-10,12.02475357055664
2011-10-11,12.222063064575195
2011-10-12,12.192282676696777
2011-10-13,12.188557624816895
2011-10-14,12.542228698730469
2011-10-17,12.367254257202148
2011-10-18,12.60923957824707
2011-10-19,12.352361679077148
2011-10-20,11.968910217285156
2011-10-21,11.957741737365723
2011-10-24,12.050814628601074
2011-10-25,11.790215492248535
2011-10-26,11.570569038391113
2011-10-27,12.021032333374023
2011-10-28,12.378422737121582
2011-10-31,11.849782943725586
2011-11-01,11.499835014343262
2011-11-02,11.831165313720703
2011-11-03,12.303964614868164
2011-11-04,12.177390098571777
2011-11-07,12.088042259216309
2011-11-08,12.255569458007812
2011-11-09,11.607797622680664
2011-11-10,11.447714805603027
2011-11-11,11.823720932006836
2011-11-14,11.69342041015625
2011-11-15,11.708312034606934
2011-11-16,11.369534492492676
2011-11-17,11.038202285766602
2011-11-18,11.097766876220703
2011-11-21,10.703145980834961
2011-11-22,10.811111450195312
2011-11-23,10.628691673278809
2011-11-25,10.509560585021973
2011-11-28,11.0419282913208
2011-11-29,10.703145980834961
2011-11-30,11.015864372253418
2011-12-01,11.049370765686035
2011-12-02,11.019587516784668
2011-12-05,11.429099082946777
2011-12-06,11.503557205200195
2011-12-07,11.518447875976562
2011-12-08,11.551953315734863
2011-12-09,11.77904987335205
2011-12-12,11.589181900024414
2011-12-13,11.481218338012695
2011-12-14,11.269020080566406
2011-12-15,11.019587516784668
2011-12-16,11.317418098449707
2011-12-19,11.082877159118652
2011-12-20,11.40303897857666
2011-12-21,11.295077323913574
2011-12-22,11.39559268951416
2011-12-23,11.481218338012695
2011-12-27,11.511002540588379
2011-12-28,11.321138381958008
2011-12-29,11.302526473999023
2011-12-30,11.291357040405273
2012-01-03,11.66736125946045
2012-01-04,11.228070259094238
2012-01-05,11.432822227478027
2012-01-06,11.40303897857666
2012-01-09,11.358366012573242
2012-01-10,11.615246772766113
2012-01-11,11.734373092651367
2012-01-12,11.756712913513184
2012-01-13,11.399317741394043
2012-01-17,11.365813255310059
2012-01-18,11.295077323913574
2012-01-19,11.7306489944458
2012-01-20,11.887008666992188
2012-01-23,11.909345626831055
2012-01-24,11.894454002380371
2012-01-25,11.89073371887207
2012-01-26,11.805107116699219
2012-01-27,11.857229232788086
2012-01-30,11.756712913513184
2012-01-31,11.764155387878418
2012-02-01,11.987524032592773
2012-02-02,12.17366886138916
2012-02-03,12.266737937927246
2012-02-06,12.151331901550293
2012-02-07,12.236955642700195
2012-02-08,12.303964614868164
2012-02-09,12.382143020629883
2012-02-10,12.296520233154297
2012-02-13,12.344918251037598
2012-02-14,12.270461082458496
2012-02-15,12.40075969696045
2012-02-16,12.84749984741211
2012-02-17,13.052257537841797
2012-02-21,13.082038879394531
2012-02-22,12.907066345214844
2012-02-23,13.409648895263672
2012-02-24,13.536222457885742
2012-02-27,13.61068344116211
2012-02-28,13.633017539978027
2012-02-29,13.305407524108887
2012-03-01,13.539948463439941
2012-03-02,13.495275497436523
2012-03-05,13.29796314239502
2012-03-06,13.070869445800781
2012-03-07,13.249565124511719
2012-03-08,13.320301055908203
2012-03-09,13.495275497436523
2012-03-12,13.46921443939209
2012-03-13,13.897339820861816
2012-03-14,14.005301475524902
2012-03-15,13.711197853088379
2012-03-16,14.031363487243652
2012-03-19,14.06859016418457
2012-03-20,13.91967487335205
2012-03-21,13.930845260620117
2012-03-22,14.005301475524902
2012-03-23,13.807991981506348
2012-03-26,14.176552772521973
2012-03-27,14.09837532043457
2012-03-28,13.863835334777832
2012-03-29,13.770761489868164
2012-03-30,13.737257957458496
2012-04-02,13.621851921081543
2012-04-03,13.63674259185791
2012-04-04,13.301685333251953
2012-04-05,13.260732650756836
2012-04-09,13.513886451721191
2012-04-10,13.204891204833984
2012-04-11,13.312853813171387
2012-04-12,13.573451042175293
2012-04-13,13.446876525878906
2012-04-16,13.216060638427734
2012-04-17,13.431985855102539
2012-04-18,13.353804588317871
2012-04-19,15.122152328491211
2012-04-20,14.999300956726074
2012-04-23,14.76103401184082
2012-04-24,14.63073444366455
2012-04-25,14.839214324951172
2012-04-26,15.282231330871582
2012-04-27,15.349244117736816
2012-04-30,15.271063804626465
2012-05-01,15.170553207397461
2012-05-02,15.3231840133667
2012-05-03,15.032800674438477
2012-05-04,14.682857513427734
2012-05-07,14.917390823364258
2012-05-08,14.962072372436523
2012-05-09,15.09981632232666
2012-05-10,15.341803550720215
2012-05-11,15.166820526123047
2012-05-14,14.98440170288086
2012-05-15,14.909951210021973
2012-05-16,14.839214324951172
2012-05-17,14.530218124389648
2012-05-18,14.280790328979492
2012-05-21,14.708921432495117
2012-05-22,14.60095500946045
2012-05-23,14.77220344543457
2012-05-24,14.76475715637207
2012-05-25,15.021634101867676
2012-05-29,15.446037292480469
2012-05-30,14.738699913024902
2012-05-31,14.589789390563965
2012-06-01,14.45203971862793
2012-06-04,14.578618049621582
2012-06-05,14.801987648010254
2012-06-06,15.241284370422363
2012-06-07,15.22638988494873
2012-06-08,15.282231330871582
2012-06-11,15.237558364868164
2012-06-12,15.230110168457031
2012-06-13,14.95462417602539
2012-06-14,14.93973445892334
2012-06-15,15.140766143798828
2012-06-18,15.818323135375977
2012-06-19,16.1943302154541
2012-06-20,15.989574432373047
2012-06-21,15.572613716125488
2012-06-22,15.933732032775879
2012-06-25,15.565174102783203
2012-06-26,15.822043418884277
2012-06-27,15.743865013122559
2012-06-28,15.181714057922363
2012-06-29,15.639627456665039
2012-07-02,15.3455228805542
2012-07-03,15.3380765914917
2012-07-05,15.237558364868164
2012-07-06,15.043975830078125
2012-07-09,15.144489288330078
2012-07-10,14.77220344543457
2012-07-11,14.567449569702148
2012-07-12,14.63446044921875
2012-07-13,14.872725486755371
2012-07-16,14.37014102935791
2012-07-17,14.545116424560547
2012-07-18,15.062589645385742
2012-07-19,16.361854553222656
2012-07-20,16.69690704345703
2012-07-23,16.469816207885742
2012-07-24,16.20177459716797
2012-07-25,16.078922271728516
2012-07-26,16.30229377746582
2012-07-27,16.834657669067383
2012-07-30,16.976123809814453
2012-07-31,16.492155075073242
2012-08-01,16.339515686035156
2012-08-02,16.294841766357422
2012-08-03,16.566614151000977
2012-08-06,16.667125701904297
2012-08-07,16.979846954345703
2012-08-08,16.73040771484375
2012-08-09,16.480985641479492
2012-08-10,16.376747131347656
2012-08-13,16.871885299682617
2012-08-14,16.88677406311035
2012-08-15,16.74530792236328
2012-08-16,17.046859741210938
2012-08-17,17.448925018310547
2012-08-20,17.27394676208496
2012-08-21,17.06919288635254
2012-08-22,17.497325897216797
2012-08-23,17.426586151123047
2012-08-24,17.5345516204834
2012-08-27,17.4898738861084
2012-08-28,17.47498321533203
2012-08-29,17.679737091064453
2012-08-30,17.329792022705078
2012-08-31,17.67229461669922
2012-09-04,17.63134002685547
2012-09-05,17.5568904876709
2012-09-06,18.208375930786133
2012-09-07,18.331233978271484
2012-09-10,18.066917419433594
2012-09-11,17.992456436157227
2012-09-12,17.865880966186523
2012-09-13,18.197216033935547
2012-09-14,18.602998733520508
2012-09-17,18.792865753173828
2012-09-18,18.599273681640625
2012-09-19,18.75936508178711
2012-09-20,18.643949508666992
2012-09-21,18.4168643951416
2012-09-24,18.3572940826416
2012-09-25,17.88077163696289
2012-09-26,17.69835662841797
2012-09-27,18.286563873291016
2012-09-28,18.007347106933594
2012-10-01,17.955224990844727
2012-10-02,18.01851463317871
2012-10-03,18.08924674987793
2012-10-04,18.424301147460938
2012-10-05,18.141376495361328
2012-10-08,17.839824676513672
2012-10-09,17.20694351196289
2012-10-10,17.407978057861328
2012-10-11,17.679737091064453
2012-10-12,17.81376075744629
2012-10-15,17.6462345123291
2012-10-16,17.958951950073242
2012-10-17,17.944061279296875
2012-10-18,18.92316246032715
2012-10-19,18.602998733520508
2012-10-22,18.670011520385742
2012-10-23,18.372188568115234
2012-10-24,18.197216033935547
2012-10-25,17.996179580688477
2012-10-26,18.43175506591797
2012-10-31,17.966400146484375
2012-11-01,18.323787689208984
2012-11-02,18.126482009887695
2012-11-05,18.372188568115234
2012-11-06,18.424301147460938
2012-11-07,18.01851463317871
2012-11-08,17.821208953857422
2012-11-09,17.769081115722656
2012-11-12,17.67229461669922
2012-11-13,17.772808074951172
2012-11-14,17.300003051757812
2012-11-15,17.318620681762695
2012-11-16,17.594112396240234
2012-11-19,17.839824676513672
2012-11-20,17.966400146484375
2012-11-21,18.104141235351562
2012-11-23,18.24560546875
2012-11-26,19.1353702545166
2012-11-27,19.04229164123535
2012-11-28,19.161428451538086
2012-11-29,19.433197021484375
2012-11-30,19.664011001586914
2012-12-03,19.373632431030273
2012-12-04,19.355012893676758
2012-12-05,19.366180419921875
2012-12-06,19.355012893676758
2012-12-07,19.261945724487305
2012-12-10,19.04973793029785
2012-12-11,19.355012893676758
2012-12-12,19.306617736816406
2012-12-13,18.993896484375
2012-12-14,18.748191833496094
2012-12-17,19.101863861083984
2012-12-18,19.32522964477539
2012-12-19,19.113027572631836
2012-12-20,19.41085433959961
2012-12-21,19.11675262451172
2012-12-24,19.0162353515625
2012-12-26,18.703516006469727
2012-12-27,18.722129821777344
2012-12-28,18.543434143066406
2012-12-31,18.98645782470703
2013-01-02,19.95067024230957
2013-01-03,19.52626609802246
2013-01-04,19.64912223815918
2013-01-07,19.920886993408203
2013-01-08,19.611886978149414
2013-01-09,19.64167022705078
2013-01-10,19.731016159057617
2013-01-11,19.991615295410156
2013-01-14,19.798032760620117
2013-01-15,19.548603057861328
2013-01-16,19.693798065185547
2013-01-17,20.166595458984375
2013-01-18,20.18148422241211
2013-01-22,19.868757247924805
2013-01-23,19.872480392456055
2013-01-24,20.54631996154785
2013-01-25,21.04517936706543
2013-01-28,20.829256057739258
2013-01-29,20.72130012512207
2013-01-30,20.76597023010254
2013-01-31,20.836698532104492
2013-02-01,21.2983341217041
2013-02-04,20.732463836669922
2013-02-05,21.004226684570312
2013-02-06,20.88882064819336
2013-02-07,20.89626693725586
2013-02-08,21.07868194580078
2013-02-11,21.000507354736328
2013-02-12,21.13825225830078
2013-02-13,21.238767623901367
2013-02-14,21.156864166259766
2013-02-15,21.10847282409668
2013-02-19,21.10102081298828
2013-02-20,20.672901153564453
2013-02-21,20.334115982055664
2013-02-22,20.483034133911133
2013-02-25,19.958112716674805
2013-02-26,20.036291122436523
2013-02-27,20.15913963317871
2013-02-28,20.367624282836914
2013-03-01,20.438356399536133
2013-03-04,20.654281616210938
2013-03-05,20.572383880615234
2013-03-06,19.94321632385254
2013-03-07,19.723573684692383
2013-03-08,19.7794132232666
2013-03-11,19.64167022705078
2013-03-12,19.716127395629883
2013-03-13,18.979007720947266
2013-03-14,19.284276962280273
2013-03-15,18.76680564880371
2013-03-18,18.655122756958008
2013-03-19,19.023679733276367
2013-03-20,19.51509666442871
2013-03-21,19.70123291015625
2013-03-22,19.831539154052734
2013-03-25,19.101863861083984
2013-03-26,19.392240524291992
2013-03-27,19.38479232788086
2013-03-28,20.18520736694336
2013-04-01,20.739910125732422
2013-04-02,20.907440185546875
2013-04-03,20.66172981262207
2013-04-04,20.76969337463379
2013-04-05,20.669174194335938
2013-04-08,20.799474716186523
2013-04-09,20.873933792114258
2013-04-10,21.33184242248535
2013-04-11,21.510536193847656
2013-04-12,21.335561752319336
2013-04-15,20.788305282592773
2013-04-16,21.223875045776367
2013-04-17,20.885099411010742
2013-04-18,19.664011001586914
2013-04-19,19.50392723083496
2013-04-22,19.220991134643555
2013-04-23,19.54115867614746
2013-04-24,19.719850540161133
2013-04-25,19.49275779724121
2013-04-26,19.559776306152344
2013-04-29,19.67145538330078
2013-04-30,19.50392723083496
2013-05-01,19.507648468017578
2013-05-02,19.935779571533203
2013-05-03,20.18148422241211
2013-05-06,20.136808395385742
2013-05-07,20.080965042114258
2013-05-08,20.460693359375
2013-05-09,20.538877487182617
2013-05-10,20.717567443847656
2013-05-13,20.59844207763672
2013-05-14,20.94838523864746
2013-05-15,21.0898494720459
2013-05-16,20.77341651916504
2013-05-17,21.11219024658203
2013-05-20,20.829256057739258
2013-05-21,20.456968307495117
2013-05-22,20.252216339111328
2013-05-23,20.282005310058594
2013-05-24,20.341562271118164
2013-05-28,20.672901153564453
2013-05-29,20.49420166015625
2013-05-30,20.5128173828125
2013-05-31,20.140533447265625
2013-06-03,19.88365936279297
2013-06-04,19.57838249206543
2013-06-05,19.12047576904297
2013-06-06,19.180038452148438
2013-06-07,19.15397834777832
2013-06-10,19.82408905029297
2013-06-11,19.377355575561523
2013-06-12,18.893386840820312
2013-06-13,19.165151596069336
2013-06-14,19.09441566467285
2013-06-17,19.38479232788086
2013-06-18,19.567216873168945
2013-06-19,19.444360733032227
2013-06-20,18.88965606689453
2013-06-21,19.03485107421875
2013-06-24,18.919445037841797
2013-06-25,19.224716186523438
2013-06-26,19.109310150146484
2013-06-27,19.41085433959961
2013-06-28,19.25449562072754
2013-07-01,19.693798065185547
2013-07-02,19.85386848449707
2013-07-03,19.794309616088867
2013-07-05,20.04746437072754
2013-07-08,19.99534797668457
2013-07-09,20.285720825195312
2013-07-10,20.430912017822266
2013-07-11,20.803194046020508
2013-07-12,21.235048294067383
2013-07-15,21.015396118164062
2013-07-16,21.1494197845459
2013-07-17,21.36162567138672
2013-07-18,19.924606323242188
2013-07-19,19.429471969604492
2013-07-22,19.474143981933594
2013-07-23,19.224716186523438
2013-07-24,19.395967483520508
2013-07-25,19.172597885131836
2013-07-26,19.451810836791992
2013-07-29,19.224716186523438
2013-07-30,19.351293563842773
2013-07-31,19.243328094482422
2013-08-01,19.511371612548828
2013-08-02,19.559776306152344
2013-08-05,19.62305450439453
2013-08-06,19.991615295410156
2013-08-07,19.7347412109375
2013-08-08,19.94321632385254
2013-08-09,19.85386848449707
2013-08-12,19.83525848388672
2013-08-13,20.147977828979492
2013-08-14,20.18892478942871
2013-08-15,19.798032760620117
2013-08-16,19.70123291015625
2013-08-19,19.38479232788086
2013-08-20,19.355012893676758
2013-08-21,18.97156524658203
2013-08-22,19.0162353515625
2013-08-23,19.228435516357422
2013-08-26,19.343849182128906
2013-08-27,18.841264724731445
2013-08-28,18.774253845214844
2013-08-29,18.98273468017578
2013-08-30,18.61044692993164
2013-09-03,18.73329734802246
2013-09-04,19.15397834777832
2013-09-05,19.340120315551758
2013-09-06,19.6677303314209
2013-09-09,19.608169555664062
2013-09-10,19.913440704345703
2013-09-11,20.207538604736328
2013-09-12,20.11446762084961
2013-09-13,20.036291122436523
2013-09-16,19.973003387451172
2013-09-17,20.33784294128418
2013-09-18,20.356454849243164
2013-09-19,20.270830154418945
2013-09-20,20.456968307495117
2013-09-23,20.386240005493164
2013-09-24,20.538877487182617
2013-09-25,20.18148422241211
2013-09-26,21.086132049560547
2013-09-27,20.76597023010254
2013-09-30,20.77341651916504
2013-10-01,20.836698532104492
2013-10-02,20.710126876831055
2013-10-03,20.44207763671875
2013-10-04,20.691513061523438
2013-10-07,20.315502166748047
2013-10-08,19.719850540161133
2013-10-09,19.48158836364746
2013-10-10,19.887378692626953
2013-10-11,20.24104881286621
2013-10-14,20.389963150024414
2013-10-15,20.092140197753906
2013-10-16,19.924606323242188
2013-10-17,19.1279239654541
2013-10-18,19.433197021484375
2013-10-21,19.336395263671875
2013-10-22,19.295448303222656
2013-10-23,19.258224487304688
2013-10-24,19.48531150817871
2013-10-25,19.224716186523438
2013-10-28,19.347564697265625
2013-10-29,19.85759162902832
2013-10-30,19.630512237548828
2013-10-31,19.62305450439453
2013-11-01,19.336395263671875
2013-11-04,19.124204635620117
2013-11-05,19.0162353515625
2013-11-06,19.83525848388672
2013-11-07,19.57093620300293
2013-11-08,19.731016159057617
2013-11-11,19.664011001586914
2013-11-12,19.6677303314209
2013-11-13,19.7421875
2013-11-14,19.686344146728516
2013-11-15,19.58210563659668
2013-11-18,19.388517379760742
2013-11-19,19.40713882446289
2013-11-20,18.75936508178711
2013-11-21,18.69234848022461
2013-11-22,18.737022399902344
2013-11-25,18.25677490234375
2013-11-26,18.152536392211914
2013-11-27,18.35357666015625
2013-11-29,18.807758331298828
2013-12-02,19.11675262451172
2013-12-03,19.332679748535156
2013-12-04,19.019954681396484
2013-12-05,19.13909149169922
2013-12-06,19.362462997436523
2013-12-09,19.243328094482422
2013-12-10,19.328950881958008
2013-12-11,19.124204635620117
2013-12-12,19.124204635620117
2013-12-13,19.191205978393555
2013-12-16,19.77197265625
2013-12-17,19.574663162231445
2013-12-18,19.7794132232666
2013-12-19,19.87993049621582
2013-12-20,20.319225311279297
2013-12-23,20.587270736694336
2013-12-24,20.538877487182617
2013-12-26,20.12563705444336
2013-12-27,20.170310974121094
2013-12-30,20.10702896118164
2013-12-31,20.42719078063965
2014-01-02,20.080965042114258
2014-01-03,19.82781219482422
2014-01-06,19.276836395263672
2014-01-07,19.682626724243164
2014-01-08,19.496482849121094
2014-01-09,19.38479232788086
2014-01-10,19.41830062866211
2014-01-13,19.559776306152344
2014-01-14,19.716127395629883
2014-01-15,20.025123596191406
2014-01-16,20.00650978088379
2014-01-17,19.805471420288086
2014-01-21,20.15913963317871
2014-01-22,20.255945205688477
2014-01-23,20.453250885009766
2014-01-24,20.24104881286621
2014-01-27,19.686344146728516
2014-01-28,19.790590286254883
2014-01-29,19.429471969604492
2014-01-30,19.798032760620117
2014-01-31,19.805471420288086
2014-02-03,19.50392723083496
2014-02-04,19.697519302368164
2014-02-05,19.924606323242188
2014-02-06,20.24104881286621
2014-02-07,20.32295036315918
2014-02-10,20.02139663696289
2014-02-11,20.218713760375977
2014-02-12,20.412296295166016
2014-02-13,20.445802688598633
2014-02-14,20.389963150024414
2014-02-18,20.53142738342285
2014-02-19,20.378795623779297
2014-02-20,20.460693359375
2014-02-21,20.32295036315918
2014-02-24,20.95956039428711
2014-02-25,20.90371322631836
2014-02-26,21.34672737121582
2014-02-27,21.719009399414062
2014-02-28,21.879087448120117
2014-03-03,21.707843780517578
2014-03-04,21.987058639526367
2014-03-05,21.912599563598633
2014-03-06,22.076404571533203
2014-03-07,21.987058639526367
2014-03-10,21.674339294433594
2014-03-11,21.421186447143555
2014-03-12,21.584985733032227
2014-03-13,21.10847282409668
2014-03-14,21.12335777282715
2014-03-17,21.37651252746582
2014-03-18,21.532873153686523
2014-03-19,21.33184242248535
2014-03-20,21.264829635620117
2014-03-21,21.205263137817383
2014-03-24,21.048900604248047
2014-03-25,20.970726013183594
2014-03-26,20.698957443237305
2014-03-27,20.5426025390625
2014-03-28,20.54631996154785
2014-03-31,20.564937591552734
2014-04-01,20.862760543823242
2014-04-02,20.64311408996582
2014-04-03,20.319225311279297
2014-04-04,20.103307723999023
2014-04-07,19.7124080657959
2014-04-08,20.4011287689209
2014-04-09,20.80691909790039
2014-04-10,20.13308334350586
2014-04-11,19.90226936340332
2014-04-14,20.095861434936523
2014-04-15,20.066078186035156
2014-04-16,20.36017608642578
2014-04-17,20.464420318603516
2014-04-21,20.449525833129883
2014-04-22,20.65056610107422
2014-04-23,20.453250885009766
2014-04-24,20.41602325439453
2014-04-25,19.999067306518555
2014-04-28,19.969282150268555
2014-04-29,20.304338455200195
2014-04-30,19.295448303222656
2014-05-01,19.243328094482422
2014-05-02,19.362462997436523
2014-05-05,19.35873794555664
2014-05-06,18.967832565307617
2014-05-07,18.82637596130371
2014-05-08,18.710962295532227
2014-05-09,18.815202713012695
2014-05-12,19.109310150146484
2014-05-13,19.202375411987305
2014-05-14,19.228435516357422
2014-05-15,19.12047576904297
2014-05-16,19.340120315551758
2014-05-19,19.48158836364746
2014-05-20,19.343849182128906
2014-05-21,19.314064025878906
2014-05-22,19.172597885131836
2014-05-23,19.366180419921875
2014-05-27,19.273113250732422
2014-05-28,18.75936508178711
2014-05-29,18.666288375854492
2014-05-30,18.88593292236328
2014-06-02,18.796586990356445
2014-06-03,18.77052879333496
2014-06-04,18.781696319580078
2014-06-05,18.83009910583496
2014-06-06,18.50248908996582
2014-06-09,18.457807540893555
2014-06-10,17.96267318725586
2014-06-11,18.17859649658203
2014-06-12,18.078083038330078
2014-06-13,18.25677490234375
2014-06-16,18.241880416870117
2014-06-17,18.26422119140625
2014-06-18,18.487592697143555
2014-06-19,18.465255737304688
2014-06-20,18.36846351623535
2014-06-23,18.38707733154297
2014-06-24,18.186044692993164
2014-06-25,18.361019134521484
2014-06-26,18.4168643951416
2014-06-27,18.643949508666992
2014-06-30,18.636505126953125
2014-07-01,18.800312042236328
2014-07-02,18.818925857543945
2014-07-03,18.9641170501709
2014-07-07,18.88965606689453
2014-07-08,18.68118667602539
2014-07-09,18.960391998291016
2014-07-10,18.740745544433594
2014-07-11,19.172597885131836
2014-07-14,19.0460205078125
2014-07-15,18.919445037841797
2014-07-16,18.874771118164062
2014-07-17,18.99761390686035
2014-07-18,19.165151596069336
2014-07-21,19.247051239013672
2014-07-22,19.377355575561523
2014-07-23,19.604442596435547
2014-07-24,19.816648483276367
2014-07-25,19.63794708251953
2014-07-28,19.70496368408203
2014-07-29,19.809200286865234
2014-07-30,19.816648483276367
2014-07-31,19.6677303314209
2014-08-01,19.55604362487793
2014-08-04,19.75335693359375
2014-08-05,19.82781219482422
2014-08-06,19.90226936340332
2014-08-07,19.939498901367188
2014-08-08,20.136808395385742
2014-08-11,20.058629989624023
2014-08-12,19.891101837158203
2014-08-13,19.70868492126465
2014-08-14,19.70496368408203
2014-08-15,19.597000122070312
2014-08-18,19.77197265625
2014-08-19,20.010231018066406
2014-08-20,19.87993049621582
2014-08-21,20.80691909790039
2014-08-22,20.66172981262207
2014-08-25,20.658004760742188
2014-08-26,20.940940856933594
2014-08-27,20.81808853149414
2014-08-28,20.635665893554688
2014-08-29,20.66172981262207
2014-09-02,20.430912017822266
2014-09-03,20.308059692382812
2014-09-04,20.267107009887695
2014-09-05,20.066078186035156
2014-09-08,20.18892478942871
2014-09-09,19.630512237548828
2014-09-10,19.023679733276367
2014-09-11,18.867321014404297
2014-09-12,19.429471969604492
2014-09-15,18.97156524658203
2014-09-16,19.213546752929688
2014-09-17,19.340120315551758
2014-09-18,19.619338989257812
2014-09-19,19.507648468017578
2014-09-22,19.533706665039062
2014-09-23,19.63422966003418
2014-09-24,19.70496368408203
2014-09-25,19.414581298828125
2014-09-26,19.70496368408203
2014-09-29,19.604442596435547
2014-09-30,21.082406997680664
2014-10-01,20.64683723449707
2014-10-02,20.4234676361084
2014-10-03,20.267107009887695
2014-10-06,19.935779571533203
2014-10-07,19.719850540161133
2014-10-08,20.29316520690918
2014-10-09,19.67890167236328
2014-10-10,19.306617736816406
2014-10-13,18.785423278808594
2014-10-14,18.833820343017578
2014-10-15,18.703516006469727
2014-10-16,17.82493019104004
2014-10-17,17.85099220275879
2014-10-20,18.316341400146484
2014-10-21,18.934328079223633
2014-10-22,18.662569046020508
2014-10-23,18.908275604248047
2014-10-24,19.0311222076416
2014-10-27,19.057188034057617
2014-10-28,19.0609130859375
2014-10-29,19.109310150146484
2014-10-30,19.191205978393555
2014-10-31,19.544878005981445
2014-11-03,19.619338989257812
2014-11-04,19.831539154052734
2014-11-05,19.95067024230957
2014-11-06,19.82781219482422
2014-11-07,19.924606323242188
2014-11-10,20.062353134155273
2014-11-11,20.174030303955078
2014-11-12,20.12563705444336
2014-11-13,20.24104881286621
2014-11-14,20.237333297729492
2014-11-17,20.412296295166016
2014-11-18,20.6170597076416
2014-11-19,20.453250885009766
2014-11-20,20.304338455200195
2014-11-21,20.259662628173828
2014-11-24,20.248493194580078
2014-11-25,20.252216339111328
2014-11-26,20.315502166748047
2014-11-28,20.430912017822266
2014-12-01,20.42719078063965
2014-12-02,20.483034133911133
2014-12-03,20.404855728149414
2014-12-04,20.35273551940918
2014-12-05,20.404855728149414
2014-12-08,20.53142738342285
2014-12-09,20.624492645263672
2014-12-10,20.576107025146484
2014-12-11,21.141969680786133
2014-12-12,20.76224136352539
2014-12-15,20.639394760131836
2014-12-16,20.82553482055664
2014-12-17,21.000507354736328
2014-12-18,21.417463302612305
2014-12-19,21.272274017333984
2014-12-22,21.343008041381836
2014-12-23,21.3057804107666
2014-12-24,21.257383346557617
2014-12-26,21.235048294067383
2014-12-29,21.231319427490234
2014-12-30,21.302059173583984
2014-12-31,20.892545700073242
2015-01-02,20.926048278808594
2015-01-05,20.751079559326172
2015-01-06,20.483034133911133
2015-01-07,20.449525833129883
2015-01-08,21.000507354736328
2015-01-09,20.710126876831055
2015-01-12,20.5500431060791
2015-01-13,20.52398681640625
2015-01-14,20.11446762084961
2015-01-15,19.73847198486328
2015-01-16,19.976728439331055
2015-01-20,19.984172821044922
2015-01-21,19.872480392456055
2015-01-22,21.275999069213867
2015-01-23,21.130807876586914
2015-01-26,20.870206832885742
2015-01-27,20.36017608642578
2015-01-28,20.043739318847656
2015-01-29,20.088411331176758
2015-01-30,19.731016159057617
2015-02-02,19.99534797668457
2015-02-03,20.196374893188477
2015-02-04,19.99534797668457
2015-02-05,20.211267471313477
2015-02-06,20.289440155029297
2015-02-09,20.226154327392578
2015-02-10,20.576107025146484
2015-02-11,20.5277042388916
2015-02-12,20.378795623779297
2015-02-13,21.022844314575195
2015-02-17,21.004226684570312
2015-02-18,21.182926177978516
2015-02-19,21.462139129638672
2015-02-20,21.599884033203125
2015-02-23,21.618499755859375
2015-02-24,21.741352081298828
2015-02-25,21.722734451293945
2015-02-26,21.793468475341797
2015-02-27,21.558929443359375
2015-03-02,21.733901977539062
2015-03-03,21.689237594604492
2015-03-04,21.707843780517578
2015-03-05,21.994504928588867
2015-03-06,22.288606643676758
2015-03-09,22.6385498046875
2015-03-10,22.042896270751953
2015-03-11,22.21787452697754
2015-03-12,22.117361068725586
2015-03-13,21.990785598754883
2015-03-16,22.176923751831055
2015-03-17,22.147140502929688
2015-03-18,21.752521514892578
2015-03-19,21.547765731811523
2015-03-20,21.56637954711914
2015-03-23,21.823253631591797
2015-03-24,22.154586791992188
2015-03-25,21.614776611328125
2015-03-26,21.413742065429688
2015-03-27,21.454692840576172
2015-03-30,21.56637954711914
2015-03-31,21.47330665588379
2015-04-01,21.268550872802734
2015-04-02,21.186649322509766
2015-04-06,21.15314292907715
2015-04-07,21.24993324279785
2015-04-08,21.2611083984375
2015-04-09,21.223875045776367
2015-04-10,21.34672737121582
2015-04-13,21.197818756103516
2015-04-14,21.201534271240234
2015-04-15,21.22760009765625
2015-04-16,21.235048294067383
2015-04-17,20.76969337463379
2015-04-20,20.873933792114258
2015-04-21,21.004226684570312
2015-04-22,21.1270809173584
2015-04-23,21.92376708984375
2015-04-24,22.039175033569336
2015-04-27,21.998233795166016
2015-04-28,22.143417358398438
2015-04-29,21.9200496673584
2015-04-30,21.689237594604492
2015-05-01,22.076404571533203
2015-05-04,22.005672454833984
2015-05-05,21.570100784301758
2015-05-06,21.402572631835938
2015-05-07,21.577543258666992
2015-05-08,21.89771270751953
2015-05-11,21.719009399414062
2015-05-12,21.70412254333496
2015-05-13,21.893985748291016
2015-05-14,22.37423324584961
2015-05-15,22.117361068725586
2015-05-18,22.13597297668457
2015-05-19,22.057796478271484
2015-05-20,22.02056121826172
2015-05-21,22.24021339416504
2015-05-22,22.23276710510254
2015-05-26,21.86420249938965
2015-05-27,22.106185913085938
2015-05-28,22.545486450195312
2015-05-29,22.84331512451172
2015-06-01,23.29004669189453
2015-06-02,23.081565856933594
2015-06-03,23.08529281616211
2015-06-04,23.26399040222168
2015-06-05,23.539480209350586
2015-06-08,22.6534481048584
2015-06-09,22.489639282226562
2015-06-10,22.511980056762695
2015-06-11,22.504531860351562
2015-06-12,22.34444808959961
2015-06-15,22.337005615234375
2015-06-16,22.530593872070312
2015-06-17,22.54176139831543
2015-06-18,22.5938777923584
2015-06-19,22.772581100463867
2015-06-22,22.988500595092773
2015-06-23,23.05550765991211
2015-06-24,22.936382293701172
2015-06-25,22.93266487121582
2015-06-26,22.72417640686035
2015-06-29,22.10246467590332
2015-06-30,22.426355361938477
2015-07-01,22.497081756591797
2015-07-02,23.025726318359375
2015-07-06,22.992218017578125
2015-07-07,23.074127197265625
2015-07-08,22.705562591552734
2015-07-09,22.995948791503906
2015-07-10,23.219314575195312
2015-07-13,23.628829956054688
2015-07-14,23.673500061035156
2015-07-15,23.617650985717773
2015-07-16,24.418062210083008
2015-07-17,24.678668975830078
2015-07-20,25.271461486816406
2015-07-21,25.297998428344727
2015-07-22,25.165315628051758
2015-07-23,25.14762306213379
2015-07-24,24.970712661743164
2015-07-27,24.767274856567383
2015-07-28,25.059167861938477
2015-07-29,25.430681228637695
2015-07-30,25.094552993774414
2015-07-31,24.873416900634766
2015-08-03,25.059167861938477
2015-08-04,25.12993621826172
2015-08-05,25.262611389160156
2015-08-06,24.90879249572754
2015-08-07,25.25377082824707
2015-08-10,25.35106658935547
2015-08-11,24.891111373901367
2015-08-12,24.7761173248291
2015-08-13,24.758424758911133
2015-08-14,24.997255325317383
2015-08-17,25.023786544799805
2015-08-18,24.563825607299805
2015-08-19,24.263080596923828
2015-08-20,23.458145141601562
2015-08-21,22.794734954833984
2015-08-24,22.05171775817871
2015-08-25,22.317079544067383
2015-08-26,23.148548126220703
2015-08-27,23.971181869506836
2015-08-28,24.10386085510254
2015-08-31,23.980026245117188
2015-09-01,23.422765731811523
2015-09-02,23.76773452758789
2015-09-03,23.918109893798828
2015-09-04,23.422765731811523
2015-09-08,23.316614151000977
2015-09-09,23.175090789794922
2015-09-10,23.130859375
2015-09-11,23.281232833862305
2015-09-14,22.77704620361328
2015-09-15,22.980487823486328
2015-09-16,23.65274429321289
2015-09-17,23.23700523376465
2015-09-18,23.015871047973633
2015-09-21,22.927410125732422
2015-09-22,22.65320587158203
2015-09-23,22.635515213012695
2015-09-24,22.65320587158203
2015-09-25,22.405536651611328
2015-09-28,21.35292625427246
2015-09-29,21.299854278564453
2015-09-30,21.618289947509766
2015-10-01,22.03403091430664
2015-10-02,22.582441329956055
2015-10-05,22.76819610595703
2015-10-06,22.715129852294922
2015-10-07,22.715129852294922
2015-10-08,21.361772537231445
2015-10-09,21.494449615478516
2015-10-12,21.72443199157715
2015-10-13,21.777507781982422
2015-10-14,21.229087829589844
2015-10-15,21.680204391479492
2015-10-16,21.715591430664062
2015-10-19,21.72443199157715
2015-10-20,21.600603103637695
2015-10-21,21.41484260559082
2015-10-22,24.395761489868164
2015-10-23,24.90879249572754
2015-10-26,24.917638778686523
2015-10-27,25.094552993774414
2015-10-28,24.988407135009766
2015-10-29,24.926496505737305
2015-10-30,24.678813934326172
2015-11-02,25.209545135498047
2015-11-03,25.56336212158203
2015-11-04,25.917177200317383
2015-11-05,25.917177200317383
2015-11-06,26.00563621520996
2015-11-09,25.8110294342041
2015-11-10,25.775653839111328
2015-11-11,25.607587814331055
2015-11-12,25.262611389160156
2015-11-13,24.935333251953125
2015-11-16,25.191848754882812
2015-11-17,25.165315628051758
2015-11-18,25.430681228637695
2015-11-19,25.448368072509766
2015-11-20,25.704891204833984
2015-11-23,25.51028823852539
2015-11-24,25.651817321777344
2015-11-25,25.651817321777344
2015-11-27,25.740272521972656
2015-11-30,26.173704147338867
2015-12-01,25.696041107177734
2015-12-02,25.625276565551758
2015-12-03,25.289152145385742
2015-12-04,25.961402893066406
2015-12-07,25.696041107177734
2015-12-08,25.466062545776367
2015-12-09,25.068021774291992
2015-12-10,25.271461486816406
2015-12-11,24.740734100341797
2015-12-14,24.802648544311523
2015-12-15,25.041479110717773
2015-12-16,25.271461486816406
2015-12-17,24.811494827270508
2015-12-18,24.289613723754883
2015-12-21,24.40460777282715
2015-12-22,24.66996955871582
2015-12-23,24.572668075561523
2015-12-24,24.466529846191406
2015-12-28,24.448837280273438
2015-12-29,24.687658309936523
2015-12-30,24.546131134033203
2015-12-31,24.30731201171875
2016-01-04,23.37853240966797
2016-01-05,23.104324340820312
2016-01-06,23.360843658447266
2016-01-07,22.723970413208008
2016-01-08,22.77704620361328
2016-01-11,23.086633682250977
2016-01-12,23.183937072753906
2016-01-13,22.47629737854004
2016-01-14,22.874345779418945
2016-01-15,22.343616485595703
2016-01-19,22.794734954833984
2016-01-20,22.838958740234375
2016-01-21,23.077791213989258
2016-01-22,23.37853240966797
2016-01-25,23.12201499938965
2016-01-26,23.57313346862793
2016-01-27,23.369686126708984
2016-01-28,20.459535598754883
2016-01-29,20.751434326171875
2016-02-01,21.176015853881836
2016-02-02,20.601064682006836
2016-02-03,20.786821365356445
2016-02-04,20.777969360351562
2016-02-05,20.521451950073242
2016-02-08,19.884578704833984
2016-02-09,19.468843460083008
2016-02-10,19.743057250976562
2016-02-11,19.530763626098633
2016-02-12,19.89341926574707
2016-02-16,20.30031394958496
2016-02-17,20.53914451599121
2016-02-18,20.8133544921875
2016-02-19,21.061025619506836
2016-02-22,21.441377639770508
2016-02-23,20.892959594726562
2016-02-24,21.19370460510254
2016-02-25,21.388309478759766
2016-02-26,21.388309478759766
2016-02-29,21.05217742919922
2016-03-01,21.450225830078125
2016-03-02,20.98141860961914
2016-03-03,21.176015853881836
2016-03-04,21.591754913330078
2016-03-07,21.459070205688477
2016-03-08,21.291013717651367
2016-03-09,21.18486213684082
2016-03-10,20.95488166809082
2016-03-11,21.246782302856445
2016-03-14,21.476762771606445
2016-03-15,20.85757827758789
2016-03-16,20.946033477783203
2016-03-17,21.01679801940918
2016-03-18,21.02564239501953
2016-03-21,21.529834747314453
2016-03-22,21.34408187866211
2016-03-23,21.37946128845215
2016-03-24,21.520994186401367
2016-03-28,21.33523178100586
2016-03-29,21.317541122436523
2016-03-30,21.26447296142578
2016-03-31,21.105253219604492
2016-04-01,21.12294578552246
2016-04-04,21.255626678466797
2016-04-05,21.574060440063477
2016-04-06,22.493988037109375
2016-04-07,21.317541122436523
2016-04-08,21.291013717651367
2016-04-11,21.282163619995117
2016-04-12,21.600603103637695
2016-04-13,22.184396743774414
2016-04-14,22.29938507080078
2016-04-15,22.3082332611084
2016-04-18,22.387842178344727
2016-04-19,21.494449615478516
2016-04-20,21.812891006469727
2016-04-21,21.83942413330078
2016-04-22,21.582901000976562
2016-04-25,21.423686981201172
2016-04-26,21.662519454956055
2016-04-27,22.352462768554688
2016-04-28,21.777507781982422
2016-04-29,21.609447479248047
2016-05-02,21.459070205688477
2016-05-03,21.21139144897461
2016-05-04,21.05217742919922
2016-05-05,21.061025619506836
2016-05-06,21.069869995117188
2016-05-09,21.246782302856445
2016-05-10,21.370616912841797
2016-05-11,20.999109268188477
2016-05-12,20.85757827758789
2016-05-13,21.034486770629883
2016-05-16,21.05217742919922
2016-05-17,20.583370208740234
2016-05-18,20.95488166809082
2016-05-19,20.71605110168457
2016-05-20,20.919496536254883
2016-05-23,20.751434326171875
2016-05-24,21.2733154296875
2016-05-25,21.26447296142578
2016-05-26,21.33523178100586
2016-05-27,21.547523498535156
2016-05-31,21.6359806060791
2016-06-01,21.291013717651367
2016-06-02,21.450225830078125
2016-06-03,21.21139144897461
2016-06-06,21.22024154663086
2016-06-07,21.476762771606445
2016-06-08,21.432537078857422
2016-06-09,21.520994186401367
2016-06-10,21.291013717651367
2016-06-13,21.131790161132812
2016-06-14,21.12294578552246
2016-06-15,21.19370460510254
2016-06-16,21.096412658691406
2016-06-17,21.043338775634766
2016-06-20,21.733280181884766
2016-06-21,21.848270416259766
2016-06-22,21.529834747314453
2016-06-23,21.9809513092041
2016-06-24,20.459535598754883
2016-06-27,20.096872329711914
2016-06-28,20.3356990814209
2016-06-29,20.61875343322754
2016-06-30,20.70720100402832
2016-07-01,21.034486770629883
2016-07-05,21.01679801940918
2016-07-06,21.078710556030273
2016-07-07,21.16716957092285
2016-07-08,21.768661499023438
2016-07-11,21.98980140686035
2016-07-12,22.228626251220703
2016-07-13,22.21978187561035
2016-07-14,23.068946838378906
2016-07-15,23.298925399780273
2016-07-18,23.431604385375977
2016-07-19,23.440446853637695
2016-07-20,23.873882293701172
2016-07-21,26.474437713623047
2016-07-22,26.969785690307617
2016-07-25,27.137849807739258
2016-07-26,27.774721145629883
2016-07-27,27.69511604309082
2016-07-28,27.571277618408203
2016-07-29,27.562435150146484
2016-08-01,27.642044067382812
2016-08-02,27.235151290893555
2016-08-03,27.376680374145508
2016-08-04,27.473979949951172
2016-08-05,27.76588249206543
2016-08-08,27.5535888671875
2016-08-09,27.518205642700195
2016-08-10,27.527050018310547
2016-08-11,27.597820281982422
2016-08-12,27.323606491088867
2016-08-15,27.46513557434082
2016-08-16,27.270538330078125
2016-08-17,27.0759334564209
2016-08-18,26.99632453918457
2016-08-19,27.0936222076416
2016-08-22,27.084779739379883
2016-08-23,27.129011154174805
2016-08-24,27.642044067382812
2016-08-25,27.72165298461914
2016-08-26,27.69511604309082
2016-08-29,27.774721145629883
2016-08-30,28.102008819580078
2016-08-31,28.44698143005371
2016-09-01,28.420448303222656
2016-09-02,28.553123474121094
2016-09-06,28.668115615844727
2016-09-07,28.756567001342773
2016-09-08,28.92463493347168
2016-09-09,28.208152770996094
2016-09-12,28.738882064819336
2016-09-13,28.225839614868164
2016-09-14,28.1285400390625
2016-09-15,28.287755966186523
2016-09-16,28.102008819580078
2016-09-19,27.925098419189453
2016-09-20,27.739343643188477
2016-09-21,28.27890968322754
2016-09-22,28.553123474121094
2016-09-23,28.367368698120117
2016-09-26,28.0135555267334
2016-09-27,28.252378463745117
2016-09-28,28.172767639160156
2016-09-29,28.570817947387695
2016-09-30,29.101539611816406
2016-10-03,28.791948318481445
2016-10-04,28.800804138183594
2016-10-05,28.43813133239746
2016-10-06,28.420448303222656
2016-10-07,27.969322204589844
2016-10-10,28.261226654052734
2016-10-11,27.827796936035156
2016-10-12,27.86318016052246
2016-10-13,27.872024536132812
2016-10-14,28.208152770996094
2016-10-17,28.137388229370117
2016-10-18,27.987010955810547
2016-10-19,28.765413284301758
2016-10-20,25.66950798034668
2016-10-21,25.704891204833984
2016-10-24,25.846416473388672
2016-10-25,25.696041107177734
2016-10-26,25.492597579956055
2016-10-27,25.48375701904297
2016-10-28,25.297998428344727
2016-10-31,25.2183895111084
2016-11-01,25.103391647338867
2016-11-02,24.997255325317383
2016-11-03,24.820341110229492
2016-11-04,24.723047256469727
2016-11-07,24.979564666748047
2016-11-08,24.793804168701172
2016-11-09,25.023786544799805
2016-11-10,24.90879249572754
2016-11-11,25.3333797454834
2016-11-14,24.66996955871582
2016-11-15,25.20069694519043
2016-11-16,25.059167861938477
2016-11-17,25.536823272705078
2016-11-18,25.377605438232422
2016-11-21,25.651817321777344
2016-11-22,25.704891204833984
2016-11-23,25.56336212158203
2016-11-25,25.607587814331055
2016-11-28,25.271461486816406
2016-11-29,25.2183895111084
2016-11-30,24.599205017089844
2016-12-01,24.22770118713379
2016-12-02,25.138778686523438
2016-12-05,25.076862335205078
2016-12-06,24.95302391052246
2016-12-07,25.57220458984375
2016-12-08,26.023324966430664
2016-12-09,26.509828567504883
2016-12-12,26.72211456298828
2016-12-13,26.377140045166016
2016-12-14,26.377140045166016
2016-12-15,26.297536849975586
2016-12-16,26.191387176513672
2016-12-19,25.987937927246094
2016-12-20,25.881799697875977
2016-12-21,25.970247268676758
2016-12-22,26.129472732543945
2016-12-23,26.350608825683594
2016-12-27,26.748647689819336
2016-12-28,26.545209884643555
2016-12-29,26.51866912841797
2016-12-30,26.262155532836914
2017-01-03,26.394838333129883
2017-01-04,26.324066162109375
2017-01-05,26.545209884643555
2017-01-06,27.46513557434082
2017-01-09,27.199771881103516
2017-01-10,26.75750160217285
2017-01-11,26.899023056030273
2017-01-12,26.845951080322266
2017-01-13,26.792877197265625
2017-01-17,26.792877197265625
2017-01-18,26.88133430480957
2017-01-19,27.17323112487793
2017-01-20,27.10247039794922
2017-01-23,26.775188446044922
2017-01-24,26.527517318725586
2017-01-25,26.73980712890625
2017-01-26,28.075469970703125
2017-01-27,28.756567001342773
2017-01-30,28.455825805664062
2017-01-31,28.155078887939453
2017-02-01,28.46466636657715
2017-02-02,28.27890968322754
2017-02-03,28.367368698120117
2017-02-06,28.331993103027344
2017-02-07,28.685806274414062
2017-02-08,29.411136627197266
2017-02-09,29.296140670776367
2017-02-10,29.747264862060547
2017-02-13,29.8887882232666
2017-02-14,29.747264862060547
2017-02-15,30.083391189575195
2017-02-16,29.667652130126953
2017-02-17,29.86224937438965
2017-02-21,30.0037784576416
2017-02-22,29.915328979492188
2017-02-23,29.720722198486328
2017-02-24,30.127613067626953
2017-02-27,30.32221031188965
2017-02-28,29.9860897064209
2017-03-01,30.313369750976562
2017-03-02,29.994930267333984
2017-03-03,29.844562530517578
2017-03-06,29.756107330322266
2017-03-07,29.60573959350586
2017-03-08,29.47305679321289
2017-03-09,29.349218368530273
2017-03-10,29.304981231689453
2017-03-13,29.021934509277344
2017-03-14,29.066162109375
2017-03-15,29.092697143554688
2017-03-16,29.278451919555664
2017-03-17,29.809179306030273
2017-03-20,29.90646743774414
2017-03-21,29.358060836791992
2017-03-22,29.658809661865234
2017-03-23,29.64996337890625
2017-03-24,29.54381561279297
2017-03-27,29.57035255432129
2017-03-28,29.658809661865234
2017-03-29,29.76495933532715
2017-03-30,29.809179306030273
2017-03-31,29.69418716430664
2017-04-03,29.86224937438965
2017-04-04,30.198379516601562
2017-04-05,29.90646743774414
2017-04-06,30.2160701751709
2017-04-07,29.994930267333984
2017-04-10,30.127613067626953
2017-04-11,30.06569480895996
2017-04-12,30.313369750976562
2017-04-13,30.366439819335938
2017-04-17,30.46373176574707
2017-04-18,30.09223175048828
2017-04-19,29.94185447692871
2017-04-20,28.774259567260742
2017-04-21,28.46466636657715
2017-04-24,28.34967803955078
2017-04-25,29.021934509277344
2017-04-26,29.19883918762207
2017-04-27,29.243074417114258
2017-04-28,29.552661895751953
2017-05-01,29.464204788208008
2017-05-02,29.64111328125
2017-05-03,29.41998291015625
2017-05-04,29.64111328125
2017-05-05,29.632274627685547
2017-05-08,29.402294158935547
2017-05-09,29.826873779296875
2017-05-10,29.968406677246094
2017-05-11,30.18068504333496
2017-05-12,30.136457443237305
2017-05-15,30.233766555786133
2017-05-16,30.791034698486328
2017-05-17,29.70303726196289
2017-05-18,29.835712432861328
2017-05-19,29.924171447753906
2017-05-22,29.950708389282227
2017-05-23,30.61411476135254
2017-05-24,30.79986572265625
2017-05-25,31.153697967529297
2017-05-26,30.870635986328125
2017-05-30,30.622966766357422
2017-05-31,30.33990478515625
2017-06-01,30.773332595825195
2017-06-02,31.242149353027344
2017-06-05,31.445585250854492
2017-06-06,31.37482452392578
2017-06-07,31.640174865722656
2017-06-08,31.967472076416016
2017-06-09,30.906005859375
2017-06-12,30.207225799560547
2017-06-13,30.481428146362305
2017-06-14,30.516820907592773
2017-06-15,30.154155731201172
2017-06-16,30.03915786743164
2017-06-19,30.870635986328125
2017-06-20,30.897165298461914
2017-06-21,30.9237060546875
2017-06-22,31.065237045288086
2017-06-23,31.463268280029297
2017-06-26,31.03870391845703
2017-06-27,30.879487991333008
2017-06-28,31.233295440673828
2017-06-29,30.525665283203125
2017-06-30,30.888324737548828
2017-07-03,30.605270385742188
2017-07-05,30.71141242980957
2017-07-06,30.1010799407959
2017-07-07,30.277984619140625
2017-07-10,30.99447250366211
2017-07-11,31.127151489257812
2017-07-12,31.87017250061035
2017-07-13,32.285911560058594
2017-07-14,32.798946380615234
2017-07-17,32.77241134643555
2017-07-18,32.55127716064453
2017-07-19,32.798946380615234
2017-07-20,32.88739013671875
2017-07-21,32.383201599121094
2017-07-24,32.17975997924805
2017-07-25,32.12668228149414
2017-07-26,32.76356506347656
2017-07-27,31.994009017944336
2017-07-28,31.79056739807129
2017-07-31,31.60480308532715
2017-08-01,31.764019012451172
2017-08-02,31.755186080932617
2017-08-03,31.58711814880371
2017-08-04,31.507495880126953
2017-08-07,31.940935134887695
2017-08-08,32.16206359863281
2017-08-09,31.91439437866211
2017-08-10,30.950241088867188
2017-08-11,31.003307342529297
2017-08-14,31.136001586914062
2017-08-15,31.180221557617188
2017-08-16,31.277515411376953
2017-08-17,30.826396942138672
2017-08-18,30.76449203491211
2017-08-21,30.286834716796875
2017-08-22,30.791034698486328
2017-08-23,30.861791610717773
2017-08-24,30.852949142456055
2017-08-25,30.676029205322266
2017-08-28,30.791034698486328
2017-08-29,31.136001586914062
2017-08-30,31.569425582885742
2017-08-31,31.9586181640625
2017-09-01,32.15320587158203
2017-09-05,31.923236846923828
2017-09-06,32.51587677001953
2017-09-07,33.62156677246094
2017-09-08,33.42696762084961
2017-09-11,33.69233703613281
2017-09-12,33.77192687988281
2017-09-13,33.851539611816406
2017-09-14,33.88693618774414
2017-09-15,33.96653747558594
2017-09-18,33.95769119262695
2017-09-19,34.134605407714844
2017-09-20,34.09038543701172
2017-09-21,33.833858489990234
2017-09-22,33.86922836303711
2017-09-25,33.41812515258789
2017-09-26,33.48003005981445
2017-09-27,33.656951904296875
2017-09-28,33.37389373779297
2017-09-29,34.01961898803711
2017-10-02,34.25843811035156
2017-10-03,34.24075698852539
2017-10-04,34.19652557373047
2017-10-05,34.488433837890625
2017-10-06,34.32920455932617
2017-10-09,34.488433837890625
2017-10-10,34.35573959350586
2017-10-11,33.88693618774414
2017-10-12,33.69233703613281
2017-10-13,33.922325134277344
2017-10-16,33.40928268432617
2017-10-17,33.16160202026367
2017-10-18,33.58618927001953
2017-10-19,32.98469543457031
2017-10-20,33.26775360107422
2017-10-23,32.57780838012695
2017-10-24,32.49818801879883
2017-10-25,32.44512176513672
2017-10-26,32.63972091674805
2017-10-27,32.55127716064453
2017-10-30,32.72819519042969
2017-10-31,33.29428482055664
2017-11-01,33.20582962036133
2017-11-02,33.082000732421875
2017-11-03,33.17044448852539
2017-11-06,33.055458068847656
2017-11-07,33.09083938598633
2017-11-08,32.73702621459961
2017-11-09,31.569425582885742
2017-11-10,31.817100524902344
2017-11-13,31.71095085144043
2017-11-14,31.153697967529297
2017-11-15,31.224451065063477
2017-11-16,31.507495880126953
2017-11-17,31.47212791442871
2017-11-20,31.42789649963379
2017-11-21,31.808258056640625
2017-11-22,31.79056739807129
2017-11-24,31.702104568481445
2017-11-27,31.834779739379883
2017-11-28,31.401357650756836
2017-11-29,30.41066551208496
2017-11-30,30.66718101501465
2017-12-01,31.136001586914062
2017-12-04,31.578269958496094
2017-12-05,32.56010818481445
2017-12-06,32.57780838012695
2017-12-07,32.59549331665039
2017-12-08,33.303131103515625
2017-12-11,33.188140869140625
2017-12-12,33.117374420166016
2017-12-13,33.082000732421875
2017-12-14,33.2588996887207
2017-12-15,33.94000244140625
2017-12-18,33.77192687988281
2017-12-19,33.435813903808594
2017-12-20,33.550804138183594
2017-12-21,33.444664001464844
2017-12-22,33.400428771972656
2017-12-26,33.55965805053711
2017-12-27,33.26775360107422
2017-12-28,33.541954040527344
2017-12-29,33.382747650146484
2018-01-02,33.66579818725586
2018-01-03,34.691864013671875
2018-01-04,34.116912841796875
2018-01-05,35.10760498046875
2018-01-08,35.20489501953125
2018-01-09,34.966087341308594
2018-01-10,33.34737014770508
2018-01-11,33.444664001464844
2018-01-12,33.63041687011719
2018-01-16,33.32966232299805
2018-01-17,33.603878021240234
2018-01-18,34.267295837402344
2018-01-19,33.993080139160156
2018-01-22,35.01029586791992
2018-01-23,35.178367614746094
2018-01-24,35.22260665893555
2018-01-25,35.399505615234375
2018-01-26,36.16905212402344
2018-01-29,36.08945083618164
2018-01-30,35.735633850097656
2018-01-31,35.89484786987305
2018-02-01,40.857147216796875
2018-02-02,39.18534851074219
2018-02-05,37.47818374633789
2018-02-06,37.849700927734375
2018-02-07,37.44281005859375
2018-02-08,36.2840576171875
2018-02-09,36.85017013549805
2018-02-12,37.4339599609375
2018-02-13,37.2835807800293
2018-02-14,37.54010009765625
2018-02-15,38.0443000793457
2018-02-16,38.33620834350586
2018-02-20,38.38041687011719
2018-02-21,38.141597747802734
2018-02-22,37.88507080078125
2018-02-23,38.63694763183594
2018-02-26,38.76961898803711
2018-02-27,38.16813278198242
2018-02-28,37.91160202026367
2018-03-01,37.389732360839844
2018-03-02,37.99122619628906
2018-03-05,38.20350646972656
2018-03-06,38.1592903137207
2018-03-07,38.85808563232422
2018-03-08,38.63694763183594
2018-03-09,38.75193786621094
2018-03-12,38.831539154052734
2018-03-13,37.87623596191406
2018-03-14,37.88507080078125
2018-03-15,37.672794342041016
2018-03-16,37.55779266357422
2018-03-19,37.23052215576172
2018-03-20,37.11552810668945
2018-03-21,36.859004974365234
2018-03-22,35.89484786987305
2018-03-23,35.12529373168945
2018-03-26,36.27520751953125
2018-03-27,35.576416015625
2018-03-28,35.4791145324707
2018-03-29,35.5941162109375
2018-04-02,34.815704345703125
2018-04-03,35.03684997558594
2018-04-04,35.19607162475586
2018-04-05,35.40835952758789
2018-04-06,34.576881408691406
2018-04-09,34.39112854003906
2018-04-10,35.019142150878906
2018-04-11,35.231441497802734
2018-04-12,35.85062789916992
2018-04-13,35.29336166381836
2018-04-16,35.54987716674805
2018-04-17,35.92139434814453
2018-04-18,36.92976379394531
2018-04-19,37.24820327758789
2018-04-20,37.327823638916016
2018-04-23,36.79708480834961
2018-04-24,36.42557907104492
2018-04-25,36.23983383178711
2018-04-26,34.21420669555664
2018-04-27,33.81616973876953
2018-04-30,33.50658416748047
2018-05-01,33.46235275268555
2018-05-02,32.88739013671875
2018-05-03,33.29428482055664
2018-05-04,33.61273193359375
2018-05-07,33.435813903808594
2018-05-08,33.70118713378906
2018-05-09,33.81616973876953
2018-05-10,34.05498123168945
2018-05-11,33.84270095825195
2018-05-14,33.95769119262695
2018-05-15,33.68347930908203
2018-05-16,33.922325134277344
2018-05-17,33.96653747558594
2018-05-18,33.89577865600586
2018-05-21,33.86922836303711
2018-05-22,33.40928268432617
2018-05-23,33.64810562133789
2018-05-24,33.42696762084961
2018-05-25,33.55965805053711
2018-05-29,33.19698715209961
2018-05-30,33.48003005981445
2018-05-31,33.36505126953125
2018-06-01,33.91347122192383
2018-06-04,34.55917739868164
2018-06-05,35.417198181152344
2018-06-06,35.337581634521484
2018-06-07,35.77986145019531
2018-06-08,35.63833999633789
2018-06-11,35.81523132324219
2018-06-12,35.77986145019531
2018-06-13,34.78916931152344
2018-06-14,34.49726867675781
2018-06-15,34.399967193603516
2018-06-18,34.37343215942383
2018-06-19,34.6564826965332
2018-06-20,34.72724533081055
2018-06-21,33.62156677246094
2018-06-22,33.69233703613281
2018-06-25,32.82548141479492
2018-06-26,32.79008865356445
2018-06-27,32.10900115966797
2018-06-28,31.967472076416016
2018-06-29,32.073612213134766
2018-07-02,32.436279296875
2018-07-03,32.40974807739258
2018-07-05,32.75471496582031
2018-07-06,33.07314682006836
2018-07-09,33.533119201660156
2018-07-10,32.76356506347656
2018-07-11,32.710487365722656
2018-07-12,33.214683532714844
2018-07-13,33.26775360107422
2018-07-16,33.37389373779297
2018-07-17,33.444664001464844
2018-07-18,33.56848907470703
2018-07-19,30.171844482421875
2018-07-20,30.25145149230957
2018-07-23,29.8887882232666
2018-07-24,29.64996337890625
2018-07-25,29.977252960205078
2018-07-26,30.454891204833984
2018-07-27,29.90646743774414
2018-07-30,29.782636642456055
2018-07-31,29.58803367614746
2018-08-01,29.269601821899414
2018-08-02,29.384599685668945
2018-08-03,29.77379608154297
2018-08-06,30.06569480895996
2018-08-07,29.879945755004883
2018-08-08,29.933012008666992
2018-08-09,30.207225799560547
2018-08-10,30.154155731201172
2018-08-13,29.968406677246094
2018-08-14,30.428369522094727
2018-08-15,29.950708389282227
2018-08-16,29.87109375
2018-08-17,30.083391189575195
2018-08-20,30.09223175048828
2018-08-21,30.543344497680664
2018-08-22,30.6937255859375
2018-08-23,30.428369522094727
2018-08-24,30.543344497680664
2018-08-27,30.58757972717285
2018-08-28,30.729114532470703
2018-08-29,30.897165298461914
2018-08-30,30.782184600830078
2018-08-31,30.61411476135254
2018-09-04,30.782184600830078
2018-09-05,30.18952751159668
2018-09-06,29.77379608154297
2018-09-07,30.06569480895996
2018-09-10,29.818021774291992
2018-09-11,30.171844482421875
2018-09-12,30.30451774597168
2018-09-13,30.46373176574707
2018-09-14,30.162996292114258
2018-09-17,30.25145149230957
2018-09-18,30.18068504333496
2018-09-19,30.269140243530273
2018-09-20,30.286834716796875
2018-09-21,30.109926223754883
2018-09-24,29.826873779296875
2018-09-25,28.97770881652832
2018-09-26,29.70303726196289
2018-09-27,29.490741729736328
2018-09-28,29.207693099975586
2018-10-01,28.756567001342773
2018-10-02,28.800804138183594
2018-10-03,28.96886444091797
2018-10-04,28.862722396850586
2018-10-05,28.517745971679688
2018-10-08,28.818490982055664
2018-10-09,29.437667846679688
2018-10-10,28.0135555267334
2018-10-11,27.774721145629883
2018-10-12,28.05777931213379
2018-10-15,28.18161392211914
2018-10-16,28.526592254638672
2018-10-17,28.323139190673828
2018-10-18,27.907407760620117
2018-10-19,25.430681228637695
2018-10-22,25.20069694519043
2018-10-23,24.935333251953125
2018-10-24,24.139240264892578
2018-10-25,24.820341110229492
2018-10-26,24.1834716796875
2018-10-29,23.723506927490234
2018-10-30,24.254236221313477
2018-10-31,25.678354263305664
2018-11-01,26.111778259277344
2018-11-02,26.421369552612305
2018-11-05,26.217924118041992
2018-11-06,26.492137908935547
2018-11-07,26.412527084350586
2018-11-08,26.394838333129883
2018-11-09,26.20907211303711
2018-11-12,25.616430282592773
2018-11-13,24.85572624206543
2018-11-14,24.66996955871582
2018-11-15,24.917638778686523
2018-11-16,24.873416900634766
2018-11-19,24.731889724731445
2018-11-20,24.90879249572754
2018-11-21,25.068021774291992
2018-11-23,25.156469345092773
2018-11-26,25.474905014038086
2018-11-27,25.421829223632812
2018-11-28,26.324066162109375
2018-11-29,26.111778259277344
2018-11-30,26.403676986694336
2018-12-03,26.713272094726562
2018-12-04,25.881799697875977
2018-12-06,26.067550659179688
2018-12-07,25.704891204833984
2018-12-10,25.634126663208008
2018-12-11,25.696041107177734
2018-12-12,25.687196731567383
2018-12-13,25.66950798034668
2018-12-14,25.57220458984375
2018-12-17,25.191848754882812
2018-12-18,25.209545135498047
2018-12-19,25.032629013061523
2018-12-20,24.758424758911133
2018-12-21,23.51121711730957
2018-12-24,23.12201499938965
2018-12-26,24.63458824157715
2018-12-27,24.793804168701172
2018-12-28,24.979564666748047
2018-12-31,24.829191207885742
2019-01-02,25.519132614135742
2019-01-03,25.05032730102539
2019-01-04,25.625276565551758
2019-01-07,26.067550659179688
2019-01-08,26.536359786987305
2019-01-09,26.792877197265625
2019-01-10,27.04054832458496
2019-01-11,26.899023056030273
2019-01-14,26.72211456298828
2019-01-15,27.129011154174805
2019-01-16,26.792877197265625
2019-01-17,26.87248420715332
2019-01-18,27.420909881591797
2019-01-22,29.101539611816406
2019-01-23,28.84502601623535
2019-01-24,28.880399703979492
2019-01-25,29.826873779296875
2019-01-28,30.09223175048828
2019-01-29,29.80033302307129
2019-01-30,30.14531135559082
2019-01-31,29.76495933532715
2019-02-01,30.3487548828125
2019-02-04,31.003307342529297
2019-02-05,31.250986099243164
2019-02-06,31.383668899536133
2019-02-07,31.180221557617188
2019-02-08,31.18906593322754
2019-02-11,31.48097038269043
2019-02-12,32.01169204711914
2019-02-13,32.073612213134766
2019-02-14,32.12668228149414
2019-02-15,32.356666564941406
2019-02-19,32.77241134643555
2019-02-20,32.49818801879883
2019-02-21,32.710487365722656
2019-02-22,33.16160202026367
2019-02-25,33.028926849365234
2019-02-26,33.064308166503906
2019-02-27,33.2412223815918
2019-02-28,32.983734130859375
2019-03-01,33.16130447387695
2019-03-04,33.07252502441406
2019-03-05,32.95709991455078
2019-03-06,32.68186569213867
2019-03-07,32.14915466308594
2019-03-08,31.86504554748535
2019-03-11,32.18468475341797
2019-03-12,32.2113151550293
2019-03-13,32.37112045288086
2019-03-14,32.2734489440918
2019-03-15,32.229061126708984
2019-03-18,32.20242691040039
2019-03-19,32.73514175415039
2019-03-20,32.58420944213867
2019-03-21,33.02813720703125
2019-03-22,32.53981399536133
2019-03-25,32.601966857910156
2019-03-26,32.76177215576172
2019-03-27,32.69963455200195
2019-03-28,32.655242919921875
2019-03-29,32.974853515625
2019-04-01,33.45429992675781
2019-04-02,33.66738510131836
2019-04-03,33.72952651977539
2019-04-04,33.782806396484375
2019-04-05,33.59636688232422
2019-04-08,33.56972122192383
2019-04-09,33.51644515991211
2019-04-10,33.48982238769531
2019-04-11,32.2468147277832
2019-04-12,32.11363983154297
2019-04-15,32.16690444946289
2019-04-16,32.30897521972656
2019-04-17,31.93606948852539
2019-04-18,31.9449462890625
2019-04-22,32.09588623046875
2019-04-23,32.55756378173828
2019-04-24,34.2000846862793
2019-04-25,33.8360710144043
2019-04-26,34.05804443359375
2019-04-29,33.96038055419922
2019-04-30,34.40430450439453
2019-05-01,33.56083679199219
2019-05-02,33.374385833740234
2019-05-03,33.98699951171875
2019-05-06,33.63187026977539
2019-05-07,33.45429992675781
2019-05-08,33.329994201660156
2019-05-09,33.40102767944336
2019-05-10,33.18794250488281
2019-05-13,31.847299575805664
2019-05-14,32.67299270629883
2019-05-15,32.88606643676758
2019-05-16,33.09028244018555
2019-05-17,32.76177215576172
2019-05-20,32.459903717041016
2019-05-21,32.477664947509766
2019-05-22,32.23796081542969
2019-05-23,31.918317794799805
2019-05-24,32.078128814697266
2019-05-28,32.15803527832031
2019-05-29,32.05149459838867
2019-05-30,32.42583465576172
2019-05-31,32.024749755859375
2019-06-03,31.74843406677246
2019-06-04,32.56844711303711
2019-06-05,32.58627700805664
2019-06-06,32.809104919433594
2019-06-07,33.433021545410156
2019-06-10,33.97672653198242
2019-06-11,34.07476806640625
2019-06-12,34.77891159057617
2019-06-13,34.761077880859375
2019-06-14,34.68086624145508
2019-06-17,34.76999282836914
2019-06-18,35.35826110839844
2019-06-19,35.76826095581055
2019-06-20,35.581085205078125
2019-06-21,35.69694137573242
2019-06-24,35.393898010253906
2019-06-25,34.77891159057617
2019-06-26,34.9393424987793
2019-06-27,35.01955032348633
2019-06-28,35.20672607421875
2019-07-01,35.554344177246094
2019-07-02,35.72368621826172
2019-07-03,35.56325149536133
2019-07-05,35.4741096496582
2019-07-08,35.24237060546875
2019-07-09,35.598907470703125
2019-07-10,35.66130065917969
2019-07-11,35.29586410522461
2019-07-12,35.70586013793945
2019-07-15,35.89303970336914
2019-07-16,35.581085205078125
2019-07-17,34.787811279296875
2019-07-18,35.44738006591797
2019-07-19,35.83956527709961
2019-07-22,36.24955749511719
2019-07-23,36.570430755615234
2019-07-24,36.570430755615234
2019-07-25,36.374359130859375
2019-07-26,36.748695373535156
2019-07-29,37.05174255371094
2019-07-30,36.88239288330078
2019-07-31,36.713035583496094
2019-08-01,36.632816314697266
2019-08-02,36.169342041015625
2019-08-05,34.59172439575195
2019-08-06,35.37607192993164
2019-08-07,35.4028205871582
2019-08-08,36.76652526855469
2019-08-09,35.928688049316406
2019-08-12,35.4206428527832
2019-08-13,36.52585983276367
2019-08-14,35.331504821777344
2019-08-15,35.15324783325195
2019-08-16,35.670204162597656
2019-08-19,35.999996185302734
2019-08-20,35.67912673950195
2019-08-21,35.99108123779297
2019-08-22,35.652381896972656
2019-08-23,34.493682861328125
2019-08-26,35.11759567260742
2019-08-27,34.761077880859375
2019-08-28,35.73259735107422
2019-08-29,36.12477493286133
2019-08-30,36.03533172607422
2019-09-03,35.543418884277344
2019-09-04,35.453975677490234
2019-09-05,36.491485595703125
2019-09-06,36.10688018798828
2019-09-09,37.02812194824219
2019-09-10,36.017452239990234
2019-09-11,35.68651580810547
2019-09-12,36.03533172607422
2019-09-13,36.10688018798828
2019-09-16,36.04428482055664
2019-09-17,36.2499885559082
2019-09-18,36.09794998168945
2019-09-19,36.133724212646484
2019-09-20,36.09794998168945
2019-09-23,35.99061584472656
2019-09-24,35.38242721557617
2019-09-25,35.096229553222656
2019-09-26,34.81001663208008
2019-09-27,34.318084716796875
2019-09-30,34.863670349121094
2019-10-01,34.47013854980469
2019-10-02,34.139190673828125
2019-10-03,33.942440032958984
2019-10-04,34.264434814453125
2019-10-07,33.82616424560547
2019-10-08,33.37898254394531
2019-10-09,33.85300064086914
2019-10-10,33.924560546875
2019-10-11,34.47908020019531
2019-10-14,34.309146881103516
2019-10-15,34.77423095703125
2019-10-16,34.81001663208008
2019-10-17,34.96207046508789
2019-10-18,34.72056579589844
2019-10-21,35.114105224609375
2019-10-22,34.82789993286133
2019-10-23,35.06044387817383
2019-10-24,31.85848617553711
2019-10-25,32.05525588989258
2019-10-28,32.14470291137695
2019-10-29,32.2967529296875
2019-10-30,32.073150634765625
2019-10-31,31.52756118774414
2019-11-01,31.52756118774414
2019-11-04,31.67067527770996
2019-11-05,31.7332763671875
2019-11-06,31.751157760620117
2019-11-07,31.2055721282959
2019-11-08,31.42917823791504
2019-11-11,31.52756118774414
2019-11-12,31.366565704345703
2019-11-13,30.981983184814453
2019-11-14,31.268198013305664
2019-11-15,31.545448303222656
2019-11-18,31.393413543701172
2019-11-19,31.357633590698242
2019-11-20,31.178749084472656
2019-11-21,31.25029945373535
2019-11-22,31.411298751831055
2019-11-25,32.06420135498047
2019-11-26,31.974763870239258
2019-11-27,32.06420135498047
2019-11-29,31.89360237121582
2019-12-02,31.336898803710938
2019-12-03,31.20221710205078
2019-12-04,31.39975929260254
2019-12-05,31.238128662109375
2019-12-06,31.30098533630371
2019-12-09,31.040586471557617
2019-12-10,31.175281524658203
2019-12-11,31.3548526763916
2019-12-12,31.705047607421875
2019-12-13,31.85768699645996
2019-12-16,31.78585433959961
2019-12-17,32.23480987548828
2019-12-18,32.001365661621094
2019-12-19,32.36050796508789
2019-12-20,32.49519729614258
2019-12-23,32.51315689086914
2019-12-24,32.51315689086914
2019-12-26,32.549076080322266
2019-12-27,32.387451171875
2019-12-30,32.14501190185547
2019-12-31,32.42336654663086
2020-01-02,32.59395980834961
2020-01-03,32.28868103027344
2020-01-06,32.12705612182617
2020-01-07,31.98338508605957
2020-01-08,31.96542739868164
2020-01-09,31.58831024169922
2020-01-10,31.327913284301758
2020-01-13,31.18425750732422
2020-01-14,31.74095916748047
2020-01-15,31.72300148010254
2020-01-16,32.252769470214844
2020-01-17,32.1629753112793
2020-01-21,32.073184967041016
2020-01-22,32.225826263427734
2020-01-23,31.974409103393555
2020-01-24,31.749927520751953
2020-01-27,31.85768699645996
2020-01-28,32.51315689086914
2020-01-29,31.049570083618164
2020-01-30,31.48056983947754
2020-01-31,30.133712768554688
2020-02-03,30.878971099853516
2020-02-04,33.59064483642578
2020-02-05,33.3392333984375
2020-02-06,34.12040328979492
2020-02-07,32.50416946411133
2020-02-10,32.34255599975586
2020-02-11,32.71967315673828
2020-02-12,33.3571891784668
2020-02-13,33.393104553222656
2020-02-14,34.24611282348633
2020-02-18,34.00368881225586
2020-02-19,33.698394775390625
2020-02-20,33.8420524597168
2020-02-21,34.299991607666016
2020-02-24,33.45595169067383
2020-02-25,32.737640380859375
2020-02-26,32.944156646728516
2020-02-27,31.462600708007812
2020-02-28,31.246122360229492
2020-03-02,32.436798095703125
2020-03-03,33.122337341308594
2020-03-04,34.71890640258789
2020-03-05,33.57334899902344
2020-03-06,32.82465744018555
2020-03-09,32.03990173339844
2020-03-10,32.508949279785156
2020-03-11,31.41752052307129
2020-03-12,29.79386329650879
2020-03-13,30.65981101989746
2020-03-16,29.081270217895508
2020-03-17,30.019365310668945
2020-03-18,28.233362197875977
2020-03-19,26.699918746948242
2020-03-20,24.877830505371094
2020-03-23,23.759326934814453
2020-03-24,24.959016799926758
2020-03-25,25.590431213378906
2020-03-26,27.205055236816406
2020-03-27,27.22309684753418
2020-03-30,28.13414192199707
2020-03-31,27.114845275878906
2020-04-01,25.960264205932617
2020-04-02,26.33009147644043
2020-04-03,26.528535842895508
2020-04-06,28.12511444091797
2020-04-07,28.522014617919922
2020-04-08,29.775821685791016
2020-04-09,30.515478134155273
2020-04-13,31.35435676574707
2020-04-14,32.23836135864258
2020-04-15,32.64426040649414
2020-04-16,33.57334899902344
2020-04-17,33.78982925415039
2020-04-20,33.95219039916992
2020-04-21,33.925140380859375
2020-04-22,34.502437591552734
2020-04-23,34.195735931396484
2020-04-24,35.49466323852539
2020-04-27,35.74721908569336
2020-04-28,35.25111770629883
2020-04-29,35.20600891113281
2020-04-30,35.927635192871094
2020-05-01,35.404457092285156
2020-05-04,35.927635192871094
2020-05-05,36.36962127685547
2020-05-06,36.93789291381836
2020-05-07,37.316741943359375
2020-05-08,38.02032470703125
2020-05-11,38.00228500366211
2020-05-12,37.88502502441406
2020-05-13,37.50617599487305
2020-05-14,37.92110061645508
2020-05-15,37.9842414855957
2020-05-18,38.33603286743164
2020-05-19,38.2458381652832
2020-05-20,38.52546310424805
2020-05-21,38.30897521972656
2020-05-22,39.19296646118164
2020-05-26,39.11178207397461
2020-05-27,39.82438278198242
2020-05-28,39.89653396606445
2020-05-29,41.22733688354492
2020-06-01,40.919525146484375
2020-06-02,41.62565612792969
2020-06-03,42.051143646240234
2020-06-04,44.68557357788086
2020-06-05,44.19670486450195
2020-06-08,44.106178283691406
2020-06-09,45.038631439208984
2020-06-10,44.58598327636719
2020-06-11,43.40005111694336
2020-06-12,43.14655303955078
2020-06-15,43.354774475097656
2020-06-16,43.56299591064453
2020-06-17,43.8436393737793
2020-06-18,43.852691650390625
2020-06-19,43.71691131591797
2020-06-22,44.50450897216797
2020-06-23,45.08388900756836
2020-06-24,44.15144348144531
2020-06-25,44.72178649902344
2020-06-26,46.07068634033203
2020-06-29,46.450904846191406
2020-06-30,47.482940673828125
2020-07-01,47.944644927978516
2020-07-02,49.21205520629883
2020-07-06,50.85066604614258
2020-07-07,51.602054595947266
2020-07-08,52.75178527832031
2020-07-09,53.611820220947266
2020-07-10,53.65708541870117
2020-07-13,52.7789421081543
2020-07-14,53.48508071899414
2020-07-15,52.86042022705078
2020-07-16,53.09580612182617
2020-07-17,52.62504959106445
2020-07-20,52.932838439941406
2020-07-21,51.23088073730469
2020-07-22,51.004554748535156
2020-07-23,49.9272575378418
2020-07-24,49.90010070800781
2020-07-27,51.810272216796875
2020-07-28,51.01361083984375
2020-07-29,49.36597442626953
2020-07-30,49.5379638671875
2020-07-31,50.04493713378906
2020-08-03,51.21277618408203
2020-08-04,50.995506286621094
2020-08-05,51.294254302978516
2020-08-06,49.86387634277344
2020-08-07,49.9815673828125
2020-08-10,49.22111129760742
2020-08-11,49.14869689941406
2020-08-12,50.23505783081055
2020-08-13,50.95024108886719
2020-08-14,50.959293365478516
2020-08-17,51.91889953613281
2020-08-18,51.62921142578125
2020-08-19,52.24481964111328
2020-08-20,52.199554443359375
2020-08-21,52.697471618652344
2020-08-24,53.213497161865234
2020-08-25,52.5526237487793
2020-08-26,53.032432556152344
2020-08-27,50.97740173339844
2020-08-28,49.130592346191406
2020-08-31,49.738922119140625
2020-09-01,48.712928771972656
2020-09-02,50.02041244506836
2020-09-03,48.26801681518555
2020-09-04,47.70505905151367
2020-09-08,46.78800964355469
2020-09-09,48.52224349975586
2020-09-10,47.505313873291016
2020-09-11,47.91389465332031
2020-09-14,47.48715591430664
2020-09-15,47.01500701904297
2020-09-16,45.780155181884766
2020-09-17,44.16395568847656
2020-09-18,44.136714935302734
2020-09-21,45.52592086791992
2020-09-22,46.23413848876953
2020-09-23,46.016231536865234
2020-09-24,47.01500701904297
2020-09-25,47.65058135986328
2020-09-28,49.06703567504883
2020-09-29,47.80494689941406
2020-09-30,47.3055534362793
2020-10-01,47.55979919433594
2020-10-02,46.9242057800293
2020-10-05,47.00592041015625
2020-10-06,45.090084075927734
2020-10-07,46.25230407714844
2020-10-08,47.287391662597656
2020-10-09,50.3472785949707
2020-10-12,50.283721923828125
2020-10-13,52.29035186767578
2020-10-14,51.26433563232422
2020-10-15,50.3018798828125
2020-10-16,50.69231414794922
2020-10-19,49.321266174316406
2020-10-20,49.212310791015625
2020-10-21,47.95930099487305
2020-10-22,47.47807312011719
2020-10-23,48.84003829956055
2020-10-26,48.43144989013672
2020-10-27,48.62211608886719
2020-10-28,48.349735260009766
2020-10-29,44.74506759643555
2020-10-30,43.24689865112305
2020-11-02,43.46481704711914
2020-11-03,44.418190002441406
2020-11-04,43.41941833496094
2020-11-05,44.86309814453125
2020-11-06,46.02531433105469
2020-11-09,43.8734016418457
2020-11-10,42.2572135925293
2020-11-11,43.31953430175781
2020-11-12,42.30260467529297
2020-11-13,44.19120407104492
2020-11-16,44.082237243652344
2020-11-17,43.882484436035156
2020-11-18,44.0640869140625
2020-11-19,45.19905090332031
2020-11-20,44.48175811767578
2020-11-23,45.30799865722656
2020-11-24,45.88003158569336
2020-11-25,45.80739974975586
2020-11-27,46.61549758911133
2020-11-30,45.93239212036133
2020-12-01,46.014366149902344
2020-12-02,46.77033615112305
2020-12-03,45.80486297607422
2020-12-04,46.424224853515625
2020-12-07,45.568058013916016
2020-12-08,45.44054412841797
2020-12-09,45.0853385925293
2020-12-10,45.17640686035156
2020-12-11,44.74833297729492
2020-12-14,45.14908981323242
2020-12-15,47.43522644042969
2020-12-16,48.86521530151367
2020-12-17,48.31871795654297
2020-12-18,48.327823638916016
2020-12-21,46.970706939697266
2020-12-22,47.0162467956543
2020-12-23,46.5699577331543
2020-12-24,45.650028228759766
2020-12-28,45.75933074951172
2020-12-29,46.32403564453125
2020-12-30,46.04167938232422
2020-12-31,45.768436431884766
2021-01-04,46.90695571899414
2021-01-05,47.38968276977539
2021-01-06,48.47355270385742
2021-01-07,48.327823638916016
2021-01-08,49.621185302734375
2021-01-11,49.1202278137207
2021-01-12,51.04205322265625
2021-01-13,50.74147415161133
2021-01-14,50.340728759765625
2021-01-15,50.47734451293945
2021-01-19,51.89822006225586
2021-01-20,51.16046142578125
2021-01-21,51.36995315551758
2021-01-22,51.42460250854492
2021-01-25,52.14413833618164
2021-01-26,53.89290237426758
2021-01-27,53.14603805541992
2021-01-28,51.406375885009766
2021-01-29,51.47013473510742
2021-02-01,53.25532913208008
2021-02-02,52.21701431274414
2021-02-03,52.86368942260742
2021-02-04,55.66900634765625
2021-02-05,56.67999267578125
2021-02-08,58.14640808105469
2021-02-09,56.67999267578125
2021-02-10,56.761959075927734
2021-02-11,56.75286102294922
2021-02-12,57.39044189453125
2021-02-16,57.262916564941406
2021-02-17,57.42686080932617
2021-02-18,57.199161529541016
2021-02-19,56.452293395996094
2021-02-22,56.06975555419922
2021-02-23,55.896705627441406
2021-02-24,54.08417510986328
2021-02-25,51.89822006225586
2021-02-26,51.551002502441406
2021-03-01,53.43323516845703
2021-03-02,52.07183074951172
2021-03-03,49.88806915283203
2021-03-04,48.736812591552734
2021-03-05,49.12057113647461
2021-03-08,48.873863220214844
2021-03-09,51.32258987426758
2021-03-10,50.5642204284668
2021-03-11,51.38654708862305
2021-03-12,50.98451614379883
2021-03-15,52.693138122558594
2021-03-16,52.46471405029297
2021-03-17,53.90835952758789
2021-03-18,53.81700134277344
2021-03-19,54.57535171508789
2021-03-22,55.0870361328125
2021-03-23,55.105316162109375
2021-03-24,52.66571807861328
2021-03-25,53.0768928527832
2021-03-26,55.5804328918457
2021-03-29,54.68499755859375
2021-03-30,55.11445617675781
2021-03-31,55.95505142211914
2021-04-01,57.66367721557617
2021-04-05,58.1936149597168
2021-04-06,57.12459182739258
2021-04-07,56.43018341064453
2021-04-08,56.82306671142578
2021-04-09,57.07889938354492
2021-04-12,57.23423385620117
2021-04-13,58.31239700317383
2021-04-14,57.37128448486328
2021-04-15,58.80579376220703
2021-04-16,59.32661437988281
2021-04-19,58.28499221801758
2021-04-20,56.45759201049805
2021-04-21,56.448448181152344
2021-04-22,55.49821090698242
2021-04-23,55.653533935546875
2021-04-26,56.26571273803711
2021-04-27,56.37535858154297
2021-04-28,56.94184875488281
2021-04-29,51.23122024536133
2021-04-30,50.97538375854492
2021-05-03,53.1317138671875
2021-05-04,52.7114143371582
2021-05-05,53.21394348144531
2021-05-06,53.743900299072266
2021-05-07,54.62104034423828
2021-05-10,56.137786865234375
2021-05-11,55.214962005615234
2021-05-12,53.2504997253418
2021-05-13,53.670799255371094
2021-05-14,55.60783767700195
2021-05-17,56.366214752197266
2021-05-18,56.000732421875
2021-05-19,54.630191802978516
2021-05-20,54.337799072265625
2021-05-21,55.75403594970703
2021-05-24,55.708351135253906
2021-05-25,56.00987243652344
2021-05-26,56.137786865234375
2021-05-27,54.37434387207031
2021-05-28,55.794883728027344
2021-06-01,56.243953704833984
2021-06-02,58.11355972290039
2021-06-03,58.71842956542969
2021-06-04,59.781551361083984
2021-06-07,59.983158111572266
2021-06-08,60.303924560546875
2021-06-09,60.4505615234375
2021-06-10,61.174583435058594
2021-06-11,61.522823333740234
2021-06-14,60.38640594482422
2021-06-15,60.4505615234375
2021-06-16,60.56969451904297
2021-06-17,59.87318801879883
2021-06-18,57.9760856628418
2021-06-21,59.0208625793457
2021-06-22,59.46994400024414
2021-06-23,59.84568786621094
2021-06-24,61.00961685180664
2021-06-25,62.228538513183594
2021-06-28,63.071685791015625
2021-06-29,64.60218048095703
2021-06-30,64.34558868408203
2021-07-01,63.969825744628906
2021-07-02,64.22643280029297
2021-07-06,63.25498580932617
2021-07-07,64.2172622680664
2021-07-08,62.91587448120117
2021-07-09,63.658206939697266
2021-07-12,63.20915222167969
2021-07-13,62.998355865478516
2021-07-14,62.34767150878906
2021-07-15,62.44847869873047
2021-07-16,62.48513412475586
2021-07-19,62.805904388427734
2021-07-20,63.75902557373047
2021-07-21,64.02481079101562
2021-07-22,66.04104614257812
2021-07-23,67.39744567871094
2021-07-26,67.14081573486328
2021-07-27,66.25183868408203
2021-07-28,66.80171966552734
2021-07-29,67.27828216552734
2021-07-30,62.51262283325195
2021-08-02,62.89755630493164
2021-08-03,62.329341888427734
2021-08-04,62.32018280029297
2021-08-05,61.66030502319336
2021-08-06,60.01981735229492
2021-08-09,59.89151382446289
2021-08-10,61.68779754638672
2021-08-11,62.338497161865234
2021-08-12,63.135833740234375
2021-08-13,67.83734130859375
2021-08-16,68.964599609375
2021-08-17,66.75588989257812
2021-08-18,66.7467269897461
2021-08-19,66.7467269897461
2021-08-20,67.23246765136719
2021-08-23,67.0858383178711
2021-08-24,66.75588989257812
2021-08-25,67.96565246582031
2021-08-26,69.32202911376953
2021-08-27,70.02772521972656
2021-08-30,71.07247161865234
2021-08-31,70.49378967285156
2021-09-01,69.95178985595703
2021-09-02,70.26412200927734
2021-09-03,70.30084991455078
2021-09-07,68.6290054321289
2021-09-08,67.91250610351562
2021-09-09,67.05816650390625
2021-09-10,66.65399932861328
2021-09-13,66.75504302978516
2021-09-14,65.57921600341797
2021-09-15,67.96759033203125
2021-09-16,68.61979675292969
2021-09-17,68.07782745361328
2021-09-20,66.93877410888672
2021-09-21,66.24981689453125
2021-09-22,67.25108337402344
2021-09-23,67.52667236328125
2021-09-24,67.04899597167969
2021-09-27,67.67363739013672
2021-09-28,65.45980072021484
2021-09-29,64.27481079101562
2021-09-30,63.999210357666016
2021-10-01,64.2197036743164
2021-10-04,62.89691162109375
2021-10-05,64.27481079101562
2021-10-06,65.71701049804688
2021-10-07,68.13294219970703
2021-10-08,68.94132232666016
2021-10-11,68.43610382080078
2021-10-12,68.59224700927734
2021-10-13,68.80354309082031
2021-10-14,68.60143280029297
2021-10-15,68.80354309082031
2021-10-18,68.20642852783203
2021-10-19,68.63818359375
2021-10-20,69.78644561767578
2021-10-21,70.00691223144531
2021-10-22,74.0303955078125
2021-10-25,74.01202392578125
2021-10-26,72.11050415039062
2021-10-27,71.33888244628906
2021-10-28,66.51620483398438
2021-10-29,70.47541046142578
2021-11-01,70.0895767211914
2021-11-02,68.80354309082031
2021-11-03,69.30874633789062
2021-11-04,70.07122039794922
2021-11-05,69.41900634765625
2021-11-08,67.75630950927734
2021-11-09,67.94004821777344
2021-11-10,67.26944732666016
2021-11-11,67.3337631225586
2021-11-12,67.89413452148438
2021-11-15,68.16968536376953
2021-11-16,69.71295166015625
2021-11-17,67.4072494506836
2021-11-18,68.63818359375
2021-11-19,68.55550384521484
2021-11-22,67.581787109375
2021-11-23,65.81805419921875
2021-11-24,66.7458724975586
2021-11-26,66.57132720947266
2021-11-29,64.80760955810547
2021-11-30,62.12761688232422
2021-12-01,61.52900314331055
2021-12-02,62.14604568481445
2021-12-03,61.75004959106445
2021-12-06,60.84748077392578
2021-12-07,61.915802001953125
2021-12-08,61.8513298034668
2021-12-09,61.33559036254883
2021-12-10,61.60267639160156
2021-12-13,61.41848373413086
2021-12-14,60.64487075805664
2021-12-15,60.4238395690918
2021-12-16,58.97795104980469
2021-12-17,58.96874237060547
2021-12-20,58.747718811035156
2021-12-21,58.67403030395508
2021-12-22,58.885860443115234
2021-12-23,59.760772705078125
2021-12-27,60.469905853271484
2021-12-28,60.85670471191406
2021-12-29,61.2066650390625
2021-12-30,61.50136947631836
2021-12-31,61.243507385253906
2022-01-03,61.51979446411133
2022-01-04,59.99100112915039
2022-01-05,59.39238739013672
2022-01-06,61.52900314331055
2022-01-07,61.077720642089844
2022-01-10,59.466064453125
2022-01-11,61.17904281616211
2022-01-12,59.23582077026367
2022-01-13,58.27802658081055
2022-01-14,58.43459701538086
2022-01-18,56.74003219604492
2022-01-19,57.36628341674805
2022-01-20,55.91117858886719
2022-01-21,54.833656311035156
2022-01-24,54.94416809082031
2022-01-25,53.58116149902344
2022-01-26,53.14830780029297
2022-01-27,52.218143463134766
2022-01-28,52.99175262451172
2022-01-31,55.32176971435547
2022-02-01,55.69935989379883
2022-02-02,53.91270065307617
2022-02-03,52.669410705566406
2022-02-04,54.603424072265625
2022-02-07,54.060062408447266
2022-02-08,55.008636474609375
2022-02-09,55.8190803527832
2022-02-10,54.16136932373047
2022-02-11,53.76534652709961
2022-02-14,53.58116149902344
2022-02-15,55.192832946777344
2022-02-16,53.093055725097656
2022-02-17,51.35245132446289
2022-02-18,51.076148986816406
2022-02-22,50.79066848754883
2022-02-23,50.27493667602539
2022-02-24,51.0577392578125
2022-02-25,50.284141540527344
2022-02-28,50.27493667602539
2022-03-01,50.053897857666016
2022-03-02,50.735416412353516
2022-03-03,50.11836242675781
2022-03-04,51.26034927368164
2022-03-07,50.51437759399414
2022-03-08,49.09611511230469
2022-03-09,49.0683708190918
2022-03-10,48.421024322509766
2022-03-11,46.29405975341797
2022-03-14,48.17134094238281
2022-03-15,49.882164001464844
2022-03-16,50.64971923828125
2022-03-17,51.48201370239258
2022-03-18,51.805686950683594
2022-03-21,51.158348083496094
2022-03-22,51.55600357055664
2022-03-23,51.417274475097656
2022-03-24,52.924659729003906
2022-03-25,53.100372314453125
2022-03-28,54.35805892944336
2022-03-29,55.68048095703125
2022-03-30,54.8944206237793
2022-03-31,52.9524040222168
2022-04-01,53.36854934692383
2022-04-04,52.46227264404297
2022-04-05,52.1571044921875
2022-04-06,50.048622131347656
2022-04-07,50.2890625
2022-04-08,50.890159606933594
2022-04-11,50.76069641113281
2022-04-12,50.15959548950195
2022-04-13,50.9734001159668
2022-04-14,50.07636642456055
2022-04-18,50.45552062988281
2022-04-19,51.01963424682617
2022-04-20,50.73295211791992
2022-04-21,50.64971923828125
2022-04-22,49.17008972167969
2022-04-25,49.595481872558594
2022-04-26,49.10535430908203
2022-04-27,48.14360046386719
2022-04-28,49.724952697753906
2022-04-29,48.01411819458008
2022-05-02,49.15159606933594
2022-05-03,49.438270568847656
2022-05-04,50.326053619384766
2022-05-05,44.4260139465332
2022-05-06,45.13808822631836
2022-05-09,45.55422592163086
2022-05-10,44.934635162353516
2022-05-11,43.07584762573242
2022-05-12,42.68744659423828
2022-05-13,43.14058303833008
2022-05-16,41.69793701171875
2022-05-17,43.39026641845703
2022-05-18,41.55921936035156
2022-05-19,41.26329803466797
2022-05-20,40.97660446166992
2022-05-23,41.790409088134766
2022-05-24,40.85639572143555
2022-05-25,41.438995361328125
2022-05-26,42.974124908447266
2022-05-27,45.147335052490234
2022-05-31,45.21235656738281
2022-06-01,43.63312911987305
2022-06-02,44.37629699707031
2022-06-03,43.74460220336914
2022-06-06,44.28340530395508
2022-06-07,44.134769439697266
2022-06-08,44.29269027709961
2022-06-09,43.37302780151367
2022-06-10,41.13422393798828
2022-06-13,39.88014221191406
2022-06-14,39.55501937866211
2022-06-15,40.418941497802734
2022-06-16,38.16157531738281
2022-06-17,39.2113037109375
2022-06-21,39.285614013671875
2022-06-22,40.065940856933594
2022-06-23,39.91730499267578
2022-06-24,42.425479888916016
2022-06-27,41.227134704589844
2022-06-28,39.62004089355469
2022-06-29,39.638614654541016
2022-06-30,38.70966720581055
2022-07-01,39.842979431152344
2022-07-05,40.809104919433594
2022-07-06,40.6140251159668
2022-07-07,40.706912994384766
2022-07-08,40.07522964477539
2022-07-11,39.78725051879883
2022-07-12,40.13096618652344
2022-07-13,39.471405029296875
2022-07-14,39.0440788269043
2022-07-15,40.51183319091797
2022-07-18,40.49325942993164
2022-07-19,42.156089782714844
2022-07-20,42.90854263305664
2022-07-21,43.33586502075195
2022-07-22,43.363731384277344
2022-07-25,43.252262115478516
2022-07-26,42.41620635986328
2022-07-27,43.828216552734375
2022-07-28,44.7850456237793
2022-07-29,45.175209045410156
2022-08-01,45.463172912597656
2022-08-02,44.98941421508789
2022-08-03,46.89377212524414
2022-08-04,44.46919250488281
2022-08-05,43.92111587524414
2022-08-08,44.227664947509766
2022-08-09,44.58995819091797
2022-08-10,45.054443359375
2022-08-11,45.11946105957031
2022-08-12,45.927650451660156
2022-08-15,45.22164535522461
2022-08-16,45.9833984375
2022-08-17,45.11946105957031
2022-08-18,45.09159851074219
2022-08-19,43.72602844238281
2022-08-22,42.165382385253906
2022-08-23,42.202537536621094
2022-08-24,42.29543685913086
2022-08-25,43.28013229370117
2022-08-26,41.3664665222168
2022-08-29,41.30145263671875
2022-08-30,41.29215621948242
2022-08-31,41.19881057739258
2022-09-01,41.796295166015625
2022-09-02,41.18012619018555
2022-09-06,40.18120574951172
2022-09-07,41.6935920715332
2022-09-08,41.31083297729492
2022-09-09,42.104373931884766
2022-09-12,42.49647903442383
2022-09-13,39.947811126708984
2022-09-14,39.7424201965332
2022-09-15,39.82644271850586
2022-09-16,39.21028518676758
2022-09-19,38.603450775146484
2022-09-20,37.24977111816406
2022-09-21,36.34418487548828
2022-09-22,35.756038665771484
2022-09-23,35.653343200683594
2022-09-26,35.59733963012695
2022-09-27,35.07452392578125
2022-09-28,36.04545593261719
2022-09-29,35.186561584472656
2022-09-30,34.365020751953125
2022-10-03,34.74778747558594
2022-10-04,36.101463317871094
2022-10-05,36.52157211303711
2022-10-06,36.306854248046875
2022-10-07,35.05586242675781
2022-10-10,35.065189361572266
2022-10-11,34.49571228027344
2022-10-12,34.66375732421875
2022-10-13,35.438629150390625
2022-10-14,34.61708068847656
2022-10-17,35.335933685302734
2022-10-18,35.94275665283203
2022-10-19,35.298587799072266
2022-10-20,35.121212005615234
2022-10-21,35.85873794555664
2022-10-24,36.11079788208008
2022-10-25,36.38153839111328
2022-10-26,36.941680908203125
2022-10-27,37.203086853027344
2022-10-28,37.64187240600586
2022-10-31,37.193748474121094
2022-11-01,37.16574478149414
2022-11-02,35.531982421875
2022-11-03,36.24150085449219
2022-11-04,37.40847396850586
2022-11-07,37.884605407714844
2022-11-08,38.836849212646484
2022-11-09,37.8752555847168
2022-11-10,41.6935920715332
2022-11-11,43.42072296142578
2022-11-14,42.860572814941406
2022-11-15,43.8968391418457
2022-11-16,42.46847152709961
2022-11-17,42.44980239868164
2022-11-18,42.645843505859375
2022-11-21,41.75894546508789
2022-11-22,42.132381439208984
2022-11-23,42.225738525390625
2022-11-25,42.04835891723633
2022-11-28,41.385520935058594
2022-11-29,40.86271286010742
2022-11-30,42.63608932495117
2022-12-01,42.37336730957031
2022-12-02,42.4109001159668
2022-12-05,41.22865295410156
2022-12-06,40.67505645751953
2022-12-07,40.49678039550781
2022-12-08,41.1723518371582
2022-12-09,40.9471549987793
2022-12-12,41.02223587036133
2022-12-13,41.02223587036133
2022-12-14,41.050376892089844
2022-12-15,39.68046188354492
2022-12-16,38.47006607055664
2022-12-19,38.789085388183594
2022-12-20,38.44191360473633
2022-12-21,38.732784271240234
2022-12-22,37.644371032714844
2022-12-23,37.6912727355957
2022-12-27,37.60683822631836
2022-12-28,37.45670700073242
2022-12-29,39.239463806152344
2022-12-30,38.91106414794922
2023-01-03,39.54910659790039
2023-01-04,40.43109893798828
2023-01-05,40.44048309326172
2023-01-06,42.32646179199219
2023-01-09,40.83456802368164
2023-01-10,42.30769348144531
2023-01-11,43.73389434814453
2023-01-12,43.56500244140625
2023-01-13,43.40549850463867
2023-01-17,43.8840217590332
2023-01-18,43.142765045166016
2023-01-19,42.72992706298828
2023-01-20,43.78081130981445
2023-01-23,44.7191047668457
2023-01-24,43.808956146240234
2023-01-25,45.910743713378906
2023-01-26,46.12654113769531
2023-01-27,45.97642517089844
2023-01-30,45.873207092285156
2023-01-31,46.44556427001953
2023-02-01,47.2900276184082
2023-02-02,48.47228240966797
2023-02-03,47.53398895263672
2023-02-06,46.89595413208008
2023-02-07,47.07422637939453
2023-02-08,46.12654113769531
2023-02-09,45.40406036376953
2023-02-10,45.113189697265625
2023-02-13,45.910743713378906
2023-02-14,45.788761138916016
2023-02-15,46.58631134033203
2023-02-16,45.65740203857422
2023-02-17,45.263309478759766
2023-02-21,44.93490982055664
2023-02-22,44.89737319946289
2023-02-23,42.551639556884766
2023-02-24,42.28892135620117
2023-02-27,42.973880767822266
2023-02-28,43.067710876464844
2023-03-01,42.92695617675781
2023-03-02,42.7674560546875
2023-03-03,43.19906997680664
2023-03-06,41.98866653442383
2023-03-07,41.266178131103516
2023-03-08,41.52891159057617
2023-03-09,40.528656005859375
2023-03-10,39.669960021972656
2023-03-13,38.77351760864258
2023-03-14,38.839576721191406
2023-03-15,38.509315490722656
2023-03-16,39.11322784423828
2023-03-17,39.68883514404297
2023-03-20,40.613590240478516
2023-03-21,41.28356170654297
2023-03-22,40.44373321533203
2023-03-23,40.05685043334961
2023-03-24,40.25501251220703
2023-03-27,40.198394775390625
2023-03-28,40.45316696166992
2023-03-29,41.170326232910156
2023-03-30,41.434539794921875
2023-03-31,41.86860656738281
2023-04-03,41.78367614746094
2023-04-04,41.83086395263672
2023-04-05,41.377925872802734
2023-04-06,41.113712310791016
2023-04-10,40.95329284667969
2023-04-11,41.04764938354492
2023-04-12,40.36825180053711
2023-04-13,41.151451110839844
2023-04-14,41.075965881347656
2023-04-17,41.311866760253906
2023-04-18,41.55721664428711
2023-04-19,41.245811462402344
2023-04-20,40.934417724609375
2023-04-21,40.67964553833008
2023-04-24,41.38736343383789
2023-04-25,41.52889633178711
2023-04-26,40.91554641723633
2023-04-27,42.991519927978516
2023-04-28,43.81247329711914
2023-05-01,43.085880279541016
2023-05-02,42.57632064819336
2023-05-03,42.246063232421875
2023-05-04,41.8780517578125
2023-05-05,43.05757141113281
2023-05-08,43.60487365722656
2023-05-09,43.227420806884766
2023-05-10,43.23686218261719
2023-05-11,43.199119567871094
2023-05-12,42.37816619873047
2023-05-15,42.58576583862305
2023-05-16,40.60414505004883
2023-05-17,41.40623474121094
2023-05-18,41.6327018737793
2023-05-19,41.028785705566406
2023-05-22,41.6327018737793
2023-05-23,41.311866760253906
2023-05-24,40.858924865722656
2023-05-25,41.160888671875
2023-05-26,41.85917282104492
2023-05-30,41.160888671875
2023-05-31,40.373172760009766
2023-06-01,41.056488037109375
2023-06-02,42.12894058227539
2023-06-05,42.98309326171875
2023-06-06,42.87869644165039
2023-06-07,42.764808654785156
2023-06-08,43.28679656982422
2023-06-09,43.47660446166992
2023-06-12,42.821754455566406
2023-06-13,43.201377868652344
2023-06-14,42.77429962158203
2023-06-15,43.29628372192383
2023-06-16,42.764808654785156
2023-06-20,42.55601119995117
2023-06-21,41.85369873046875
2023-06-22,41.63542556762695
2023-06-23,41.160884857177734
2023-06-26,41.246307373046875
2023-06-27,42.20486068725586
2023-06-28,42.55601119995117
2023-06-29,42.328243255615234
2023-06-30,42.41365051269531
2023-07-03,42.926151275634766
2023-07-05,42.7363395690918
2023-07-06,41.6164436340332
2023-07-07,42.00556182861328
2023-07-10,43.34373474121094
2023-07-11,44.51108932495117
2023-07-12,44.04604721069336
2023-07-13,43.78031539916992
2023-07-14,44.1314582824707
2023-07-17,44.786312103271484
2023-07-18,45.58352279663086
2023-07-19,46.532596588134766
2023-07-20,46.352272033691406
2023-07-21,45.87773513793945
2023-07-24,46.447174072265625
2023-07-25,45.84926986694336
2023-07-26,46.31430435180664
2023-07-27,41.43611526489258
2023-07-28,42.71735382080078
2023-07-31,42.24282455444336
2023-08-01,41.341217041015625
2023-08-02,41.53102111816406
2023-08-03,41.38866424560547
2023-08-04,40.85718536376953
2023-08-07,41.6164436340332
2023-08-08,41.303253173828125
2023-08-09,41.44561004638672
2023-08-10,41.084964752197266
2023-08-11,42.233333587646484
2023-08-14,41.78726577758789
2023-08-15,41.36019515991211
2023-08-16,40.74330139160156
2023-08-17,40.76228332519531
2023-08-18,40.80024337768555
2023-08-21,40.84770202636719
2023-08-22,41.06597900390625
2023-08-23,41.66389083862305
2023-08-24,40.94260787963867
2023-08-25,41.36967849731445
2023-08-28,41.63542556762695
2023-08-29,42.0625
2023-08-30,42.47059631347656
2023-08-31,42.737823486328125
2023-09-01,43.043235778808594
2023-09-05,42.270172119140625
2023-09-06,42.10792922973633
2023-09-07,41.15353012084961
2023-09-08,41.449398040771484
2023-09-11,41.52574920654297
2023-09-12,41.52574920654297
2023-09-13,41.71662521362305
2023-09-14,42.33698272705078
2023-09-15,42.527862548828125
2023-09-18,41.907508850097656
2023-09-19,41.63072967529297
2023-09-20,41.697532653808594
2023-09-21,41.91703796386719
2023-09-22,41.16307830810547
2023-09-25,41.82160949707031
2023-09-26,41.50666809082031
2023-09-27,40.93402099609375
2023-09-28,41.659366607666016
2023-09-29,42.07929611206055
2023-10-02,41.56392288208008
2023-10-03,40.571346282958984
2023-10-04,40.98173904418945
2023-10-05,40.66679382324219
2023-10-06,41.04854965209961
2023-10-09,41.37303924560547
2023-10-10,41.53529357910156
2023-10-11,41.08672332763672
2023-10-12,40.68587875366211
2023-10-13,39.884185791015625
2023-10-16,40.53317642211914
2023-10-17,40.61907196044922
2023-10-18,39.97962188720703
2023-10-19,39.263832092285156
2023-10-20,38.901153564453125
2023-10-23,38.33806228637695
2023-10-24,39.12067413330078
2023-10-25,37.50773620605469
2023-10-26,36.61061477661133
2023-10-27,36.257484436035156
2023-10-30,36.877838134765625
2023-10-31,37.44093322753906
2023-11-01,36.944644927978516
2023-11-02,37.211891174316406
2023-11-03,38.69119644165039
2023-11-06,38.51940155029297
2023-11-07,38.91070556640625
2023-11-08,38.12809753417969
2023-11-09,38.109012603759766
2023-11-10,38.03265380859375
2023-11-13,36.9637336730957
2023-11-14,38.50031280517578
2023-11-15,38.767539978027344
2023-11-16,38.34760284423828
2023-11-17,38.3094367980957
2023-11-20,37.65090560913086
2023-11-21,38.54803466796875
2023-11-22,39.741024017333984
2023-11-24,39.58832550048828
2023-11-27,39.46424865722656
2023-11-28,39.25428771972656
2023-11-29,38.786624908447266
2023-11-30,39.38201904296875
2023-12-01,40.07344055175781
2023-12-04,39.967796325683594
2023-12-05,39.8333625793457
2023-12-06,39.823760986328125
2023-12-07,39.8333625793457
2023-12-08,39.650901794433594
2023-12-11,40.10224533081055
2023-12-12,39.47804641723633
2023-12-13,40.2943115234375
2023-12-14,40.95691680908203
2023-12-15,40.09263610839844
2023-12-18,40.832069396972656
2023-12-19,41.936424255371094
2023-12-20,41.27381896972656
2023-12-21,41.99404525756836
2023-12-22,42.080467224121094
2023-12-26,41.75396728515625
2023-12-27,41.657936096191406
2023-12-28,41.74436569213867
2023-12-29,41.88840866088867
2024-01-02,42.12848663330078
2024-01-03,41.82118606567383
2024-01-04,40.841678619384766
2024-01-05,41.09136199951172
2024-01-08,41.139373779296875
2024-01-09,40.4671630859375
2024-01-10,40.87049102783203
2024-01-11,40.2078742980957
2024-01-12,39.57407760620117
2024-01-16,39.084320068359375
2024-01-17,39.055511474609375
2024-01-18,39.17075729370117
2024-01-19,39.497257232666016
2024-01-22,39.43003463745117
2024-01-23,39.76613998413086
2024-01-24,39.95819854736328
2024-01-25,40.486366271972656
2024-01-26,40.99532699584961
2024-01-29,40.9281005859375
2024-01-30,40.28470230102539
2024-01-31,39.439632415771484
2024-02-01,40.04463577270508
2024-02-02,40.27510452270508
2024-02-05,39.6893196105957
2024-02-06,40.96651077270508
2024-02-07,40.65922927856445
2024-02-08,40.351924896240234
2024-02-09,40.74565124511719
2024-02-12,41.763572692871094
2024-02-13,39.497257232666016
2024-02-14,40.505577087402344
2024-02-15,40.9281005859375
2024-02-16,41.725162506103516
2024-02-20,41.85960006713867
2024-02-21,42.06126022338867
2024-02-22,42.5222053527832
2024-02-23,42.2629280090332
2024-02-26,42.13808822631836
2024-02-27,42.627845764160156
2024-02-28,45.98889923095703
2024-02-29,45.40311813354492
2024-03-01,46.142547607421875
2024-03-04,46.968406677246094
2024-03-05,48.101566314697266
2024-03-06,48.5337028503418
2024-03-07,48.76417541503906
2024-03-08,48.6290168762207
2024-03-11,49.768226623535156
2024-03-12,49.150352478027344
2024-03-13,50.59850311279297
2024-03-14,50.444034576416016
2024-03-15,50.39575958251953
2024-03-18,49.57514572143555
2024-03-19,50.02889633178711
2024-03-20,50.1737174987793
2024-03-21,50.20267105102539
2024-03-22,49.64271545410156
2024-03-25,49.45928955078125
2024-03-26,49.31447982788086
2024-03-27,50.12544250488281
2024-03-28,50.95571517944336
2024-04-01,50.463340759277344
2024-04-02,50.06752014160156
2024-04-03,50.057857513427734
2024-04-04,49.623409271240234
2024-04-05,50.26060104370117
2024-04-08,49.79719161987305
2024-04-09,50.16405487060547
2024-04-10,50.64677810668945
2024-04-11,50.09647750854492
2024-04-12,49.53652572631836
2024-04-15,49.13104248046875
2024-04-16,48.51316833496094
2024-04-17,47.740814208984375
2024-04-18,48.223533630371094
2024-04-19,48.6483268737793
2024-04-22,49.17931365966797
2024-04-23,49.478599548339844
2024-04-24,49.411014556884766
2024-04-25,49.56549072265625
2024-04-26,50.221981048583984
2024-04-29,50.926753997802734
2024-04-30,49.75857925415039
2024-05-01,49.29517364501953
2024-05-02,47.68288803100586
2024-05-03,47.933902740478516
2024-05-06,47.67323303222656
2024-05-07,48.339385986328125
2024-05-08,47.97251510620117
2024-05-09,48.60005187988281
2024-05-10,49.23723220825195
2024-05-13,50.19302749633789
2024-05-14,50.299217224121094
2024-05-15,50.608158111572266
2024-05-16,50.87847900390625
2024-05-17,49.70064926147461
2024-05-20,49.46894454956055
2024-05-21,50.36680603027344
2024-05-22,50.97502136230469
2024-05-23,50.98468017578125
2024-05-24,52.52937316894531
2024-05-28,51.07156753540039
2024-05-29,50.2895622253418
2024-05-30,51.50601577758789
2024-05-31,52.61221694946289
2024-06-03,52.020294189453125
2024-06-04,52.156150817871094
2024-06-05,51.43809127807617
2024-06-06,51.80682373046875
2024-06-07,51.506019592285156
2024-06-10,51.57394027709961
2024-06-11,51.428382873535156
2024-06-12,51.61275100708008
2024-06-13,52.09791946411133
2024-06-14,50.58417892456055
2024-06-17,51.564231872558594
2024-06-18,52.93242263793945
2024-06-20,52.24348068237305
2024-06-21,52.54428482055664
2024-06-24,52.40843200683594
2024-06-25,52.350215911865234
2024-06-26,52.09791946411133
2024-06-27,51.476905822753906
2024-06-28,52.127037048339844
2024-07-01,51.11787796020508
2024-07-02,51.67096710205078
2024-07-03,51.04995346069336
2024-07-05,51.30223846435547
2024-07-08,51.224609375
2024-07-09,51.088768005371094
2024-07-10,51.40898132324219
2024-07-11,52.41814041137695
2024-07-12,52.583099365234375
2024-07-15,52.127037048339844
2024-07-16,53.77661895751953
2024-07-17,52.96154022216797
2024-07-18,52.77716827392578
2024-07-19,52.01059341430664
2024-07-22,52.3114013671875
2024-07-23,51.66127014160156
2024-07-24,52.068817138671875
2024-07-25,51.544830322265625
2024-07-26,52.573402404785156
2024-07-29,52.99064254760742
2024-07-30,53.75722122192383
2024-07-31,53.96099090576172
2024-08-01,54.5626106262207
2024-08-02,54.53350067138672
2024-08-05,53.039161682128906
2024-08-06,54.26179504394531
2024-08-07,53.4758186340332
2024-08-08,54.28120040893555
2024-08-09,54.8440055847168
2024-08-12,54.15506362915039
2024-08-13,54.048316955566406
2024-08-14,54.10654830932617
2024-08-15,54.17447280883789
2024-08-16,53.85425567626953
2024-08-19,54.999263763427734
2024-08-20,55.251548767089844
2024-08-21,56.93996047973633
2024-08-22,57.26987075805664
2024-08-23,57.134029388427734
2024-08-26,57.250465393066406
2024-08-27,57.609493255615234
2024-08-28,56.06664276123047
2024-08-29,56.86232376098633
2024-08-30,57.612953186035156
2024-09-03,57.320499420166016
2024-09-04,57.46672821044922
2024-09-05,57.632450103759766
2024-09-06,57.71044158935547
2024-09-09,57.93465042114258
2024-09-10,58.7437629699707
2024-09-11,59.20193862915039
2024-09-12,61.59029769897461
2024-09-13,61.843746185302734
2024-09-16,62.7406005859375
2024-09-17,63.247520446777344
2024-09-18,61.580543518066406
2024-09-19,61.6292839050293
2024-09-20,61.141868591308594
2024-09-23,61.8535041809082
2024-09-24,63.79343032836914
2024-09-25,62.48714828491211
2024-09-26,62.33116912841797
2024-09-27,62.3896598815918
2024-09-30,63.47173309326172
2024-10-01,64.17362976074219
2024-10-02,63.55947494506836
2024-10-03,63.73493576049805
2024-10-04,64.62203979492188
2024-10-07,65.0899658203125
2024-10-08,65.47991180419922
2024-10-09,65.26543426513672
2024-10-10,64.3880844116211
2024-10-11,64.6610336303711
2024-10-14,65.19718933105469
2024-10-15,65.30443572998047
2024-10-16,65.23619079589844
2024-10-17,63.715457916259766
2024-10-18,63.31575393676758
2024-10-21,62.5456428527832
2024-10-22,61.726768493652344
2024-10-23,62.067962646484375
2024-10-24,61.9899787902832
2024-10-25,61.51231002807617
2024-10-28,61.40507888793945
2024-10-29,61.19061279296875
2024-10-30,61.054134368896484
2024-10-31,56.06295394897461
2024-11-01,56.64786148071289
2024-11-04,58.71452331542969
2024-11-05,59.96230697631836
2024-11-06,59.54313659667969
2024-11-07,60.45948028564453
2024-11-08,60.33274841308594
2024-11-11,60.85917282104492
2024-11-12,59.95256805419922
2024-11-13,60.33274841308594
2024-11-14,60.73244094848633
2024-11-15,59.88432693481445
2024-11-18,59.86483383178711
2024-11-19,59.5626335144043
2024-11-20,59.289676666259766
2024-11-21,59.86483383178711
2024-11-22,61.648780822753906
2024-11-25,63.35474395751953
2024-11-26,63.45223617553711
2024-11-27,62.691856384277344
2024-11-29,61.95765686035156
2024-12-02,61.84017562866211
2024-12-03,61.61501693725586
2024-12-04,61.98701858520508
2024-12-05,62.28070068359375
2024-12-06,62.28070068359375
2024-12-09,63.768707275390625
2024-12-10,61.8989143371582
2024-12-11,61.84017562866211
2024-12-12,62.5548095703125
2024-12-13,62.49607467651367
2024-12-16,62.30028533935547
2024-12-17,62.877864837646484
2024-12-18,62.7603874206543
2024-12-19,62.603759765625
2024-12-20,63.641448974609375
2024-12-23,62.290496826171875
2024-12-24,62.43733596801758
2024-12-26,62.46670913696289
2024-12-27,61.48775863647461
2024-12-30,60.753543853759766
2024-12-31,60.6458625793457
2025-01-02,60.9591178894043
2025-01-03,60.31302261352539
2025-01-06,61.61501693725586
2025-01-07,61.84017562866211
2025-01-08,67.93902587890625
2025-01-10,64.51271057128906
2025-01-13,64.33649444580078
2025-01-14,63.05408477783203
2025-01-15,63.739341735839844
2025-01-16,63.690391540527344
2025-01-17,64.7966079711914
2025-01-21,63.269439697265625
2025-01-22,62.53523254394531
2025-01-23,63.38691329956055
2025-01-24,63.44565200805664
2025-01-27,65.43291473388672
2025-01-28,65.77555084228516
2025-01-29,64.61060333251953
2025-01-30,66.0986099243164
2025-01-31,66.0594482421875
2025-02-03,65.76576232910156
2025-02-04,65.54059600830078
2025-02-05,65.97132873535156
2025-02-06,66.07903289794922
2025-02-07,66.40208435058594
2025-02-10,66.82303619384766
2025-02-11,67.0188217163086
2025-02-12,66.509765625
2025-02-13,67.80198669433594
2025-02-14,68.42850494384766
2025-02-18,68.3208236694336
2025-02-19,67.8607177734375
2025-02-20,67.99776458740234
2025-02-21,67.92923736572266
2025-02-24,68.5166015625
2025-02-25,69.43682098388672
2025-02-26,67.68450164794922
2025-02-27,62.143653869628906
2025-02-28,63.37712860107422
2025-03-03,63.84701156616211
2025-03-04,65.26649475097656
2025-03-05,65.14903259277344
2025-03-06,66.44123077392578
2025-03-07,69.02566528320312
2025-03-10,66.7544937133789
2025-03-11,63.84701156616211
2025-03-12,63.758914947509766
2025-03-13,62.89744186401367
2025-03-14,64.19551086425781
2025-03-17,66.31962585449219
2025-03-18,64.15618133544922
2025-03-19,66.08361053466797
2025-03-20,65.23790740966797
2025-03-21,64.68721008300781
2025-03-24,65.43458557128906
2025-03-25,65.19857025146484
2025-03-26,64.49052429199219
2025-03-27,65.7000961303711
2025-03-28,66.0442886352539
2025-03-31,66.60481262207031
2025-04-01,66.67366027832031
2025-04-02,66.2999496459961
2025-04-03,65.25757598876953
2025-04-04,61.36335754394531
2025-04-07,60.1734619140625
2025-04-08,58.53120422363281
2025-04-09,60.930667877197266
2025-04-10,61.43219757080078
2025-04-11,63.50714874267578
2025-04-14,64.97239685058594
2025-04-15,64.411865234375
2025-04-16,64.38235473632812
2025-04-17,65.15923309326172
2025-04-21,64.5396957397461
2025-04-22,65.93611145019531
2025-04-23,65.52308654785156
2025-04-24,66.08361053466797
2025-04-25,66.70315551757812
2025-04-28,65.21823120117188
2025-04-29,66.08361053466797
2025-04-30,67.02767944335938
2025-05-01,66.54580688476562
2025-05-02,67.46035766601562
2025-05-05,69.1419448852539
2025-05-06,69.19111633300781
2025-05-07,68.60108947753906
2025-05-08,69.38780212402344
2025-05-09,68.3552474975586
2025-05-12,68.01106262207031
2025-05-13,68.0208969116211
2025-05-14,68.001220703125
2025-05-15,69.42713165283203
2025-05-16,70.64652252197266
2025-05-19,71.22673797607422
2025-05-20,71.38407135009766
2025-05-21,70.39086151123047
2025-05-22,70.95137023925781
2025-05-23,70.7251968383789
2025-05-27,71.23656463623047
2025-05-28,71.19723510742188
2025-05-29,71.53158569335938
2025-05-30,72.24244689941406
2025-06-02,73.58521270751953
2025-06-03,74.98721313476562
2025-06-04,76.12263488769531
2025-06-05,76.75452423095703
2025-06-06,77.61349487304688
2025-06-09,78.3539810180664
2025-06-10,77.7714614868164
2025-06-11,76.89274597167969
2025-06-12,76.45832061767578
2025-06-13,76.37933349609375
2025-06-16,76.72490692138672
2025-06-17,76.41883850097656
2025-06-18,76.54718780517578
2025-06-20,76.63604736328125
2025-06-23,75.88568115234375
2025-06-24,73.4074935913086
2025-06-25,73.57532501220703
2025-06-26,72.7459945678711
2025-06-27,72.8249740600586
2025-06-30,73.51609802246094
2025-07-01,75.13531494140625
2025-07-02,74.81936645507812
2025-07-03,75.39201354980469
2025-07-07,74.94771575927734
2025-07-08,74.37507629394531
2025-07-09,75.3525161743164
2025-07-10,76.2411117553711
2025-07-11,76.13251495361328
2025-07-14,76.64591217041016
2025-07-15,76.2411117553711
2025-07-16,75.94490814208984
2025-07-17,75.81656646728516
2025-07-18,77.14944458007812
2025-07-21,78.02816772460938
2025-07-22,80.72356414794922
2025-07-23,80.89140319824219
2025-07-24,81.4048080444336
2025-07-25,80.39774322509766
2025-07-28,77.99855041503906
2025-07-29,77.50489044189453
2025-07-30,76.57679748535156
2025-07-31,90.58692169189453
2025-08-01,90.5770492553711
2025-08-04,91.68285369873047
2025-08-05,90.12287902832031
2025-08-06,91.36690521240234
2025-08-07,91.8408203125
2025-08-08,91.95930480957031
2025-08-11,94.09192657470703
2025-08-12,95.82960510253906
2025-08-13,99.49256896972656
2025-08-14,97.23160552978516
2025-08-15,99.4234619140625
2025-08-18,97.7746353149414
2025-08-19,98.62372589111328
2025-08-20,97.89311981201172
2025-08-21,97.6067886352539
2025-08-22,97.96222686767578
2025-08-25,97.30072784423828
2025-08-26,93.4402847290039
2025-08-27,92.48258209228516
2025-08-28,91.62361145019531
2025-08-29,89.74181365966797
2025-09-02,89.0287094116211
2025-09-03,89.29612731933594
2025-09-04,92.13862609863281
2025-09-05,91.77217864990234
2025-09-08,92.12872314453125
2025-09-09,91.57408905029297
2025-09-10,90.4153060913086
2025-09-11,91.57408905029297
2025-09-12,89.93000030517578
2025-09-15,89.49421691894531
2025-09-16,87.9986801147461
2025-09-17,89.0980453491211
2025-09-18,88.74149322509766
2025-09-19,90.23703002929688
2025-09-22,89.72201538085938
2025-09-23,90.1875
2025-09-24,92.46546936035156
2025-09-25,92.21785736083984
2025-09-26,90.26673889160156
2025-09-29,90.29644775390625
2025-09-30,90.07855987548828
2025-10-01,86.74085235595703
2025-10-02,87.55299377441406
2025-10-03,91.28687286376953
2025-10-06,90.89069366455078
2025-10-07,92.1485366821289
2025-10-08,91.1977310180664
2025-10-09,89.26641845703125
2025-10-10,87.7015609741211
2025-10-13,88.50379943847656
2025-10-14,90.1875
2025-10-15,89.99932098388672
2025-10-16,90.30635070800781
2025-10-17,91.12841033935547
2025-10-20,94.73352813720703
2025-10-21,94.0699462890625
2025-10-22,94.45620727539062
2025-10-23,94.60477447509766
2025-10-24,96.26866912841797
2025-10-27,97.07091522216797
2025-10-28,98.6258773803711
2025-10-29,98.58625030517578
2025-10-30,82.92774200439453
2025-10-31,80.53092193603516
2025-11-03,81.97693634033203
2025-11-04,80.89737701416016
2025-11-05,80.23379516601562
2025-11-06,80.07532501220703
2025-11-07,82.9970703125
2025-11-10,84.36383819580078
2025-11-11,86.42391967773438
2025-11-12,86.94883728027344
2025-11-13,83.62103271484375
2025-11-14,83.04658508300781
2025-11-17,81.3727798461914
2025-11-18,81.04594421386719
2025-11-19,80.50121307373047
2025-11-20,79.28300476074219
2025-11-21,80.0654296875
2025-11-24,80.11495208740234
2025-11-25,81.99674987792969
2025-11-26,81.69961547851562
2025-11-28,82.2860336303711
2025-12-01,82.22639465332031
2025-12-02,82.40530395507812
2025-12-03,81.50083923339844
2025-12-04,81.63004302978516
2025-12-05,81.96797943115234
2025-12-08,83.3395767211914
2025-12-09,83.37933349609375
2025-12-10,82.12699890136719
2025-12-11,83.88623046875
2025-12-12,84.84038543701172
2025-12-15,82.08724212646484
2025-12-16,81.17284393310547
2025-12-17,82.20651245117188
2025-12-18,83.1507339477539
2025-12-19,84.14464569091797
2025-12-22,83.4886703491211
2025-12-23,83.53836822509766
2025-12-24,84.08501434326172
2025-12-26,84.69129943847656
2025-12-29,87.20589447021484
2025-12-30,86.56979370117188
2025-12-31,86.56979370117188
2026-01-02,86.530029296875
2026-01-05,89.91928100585938
2026-01-06,90.95294952392578
2026-01-07,89.60122680664062
2026-01-08,90.3267822265625
2026-01-09,90.35660552978516
2026-01-12,92.7320556640625
2026-01-13,93.79553985595703
2026-01-14,93.84523010253906
2026-01-15,95.48518371582031
2026-01-16,92.46369171142578
2026-01-20,90.14788055419922
2026-01-21,92.25497436523438
2026-01-22,93.30851745605469
2026-01-23,93.04016876220703
2026-01-26,93.84523010253906
2026-01-27,94.6204833984375
2026-01-28,94.59066009521484
2026-01-29,93.83529663085938
2026-01-30,90.66471862792969
2026-02-02,93.2091293334961
2026-02-03,91.8176498413086
2026-02-04,85.31745910644531
2026-02-05,85.99331665039062
2026-02-06,86.02314758300781
2026-02-09,86.82820892333984
2026-02-10,86.9474868774414
2026-02-11,82.37548065185547
2026-02-12,78.92660522460938
2026-02-13,81.87852478027344
2026-02-17,79.46331024169922
2026-02-18,81.67974090576172
2026-02-19,84.23410034179688
2026-02-20,87.53388977050781
2026-02-23,83.7967758178711
2026-02-24,84.78075408935547
2026-02-25,84.8105697631836
2026-02-26,87.36492156982422
2026-02-27,90.3069076538086
2026-03-02,88.23956298828125
2026-03-03,89.08438873291016
2026-03-04,90.47586822509766
2026-03-05,92.47364044189453
2026-03-06,92.45368957519531
2026-03-09,92.65313720703125
2026-03-10,90.60880279541016
2026-03-11,91.4265365600586
2026-03-12,89.75118255615234
2026-03-13,91.08747100830078
2026-03-16,91.15728759765625
2026-03-17,93.35120391845703
2026-03-18,91.51628875732422
2026-03-19,90.4891357421875
2026-03-20,88.7340087890625
2026-03-23,89.60159301757812
2026-03-24,88.85366821289062
2026-03-25,89.30242919921875
2026-03-26,89.1827621459961
2026-03-27,87.73677062988281
2026-03-30,87.76668548583984
2026-03-31,90.76835632324219
2026-04-01,92.87252807617188
2026-04-02,93.8797378540039
2026-04-06,97.43986511230469
2026-04-07,95.74456787109375
2026-04-08,96.52240753173828
2026-04-09,95.31575775146484
2026-04-10,95.1362533569336
2026-04-13,97.87865447998047
2026-04-14,100.12242889404297
2026-04-15,99.73351287841797
2026-04-16,101.67811584472656
2026-04-17,104.36067962646484
2026-04-20,106.83382415771484
2026-04-21,105.10860443115234
2026-04-22,105.33796691894531
2026-04-23,103.1141357421875
2026-04-24,97.66923522949219
2026-04-27,100.01273345947266
2026-04-28,100.0825424194336
2026-04-29,103.50305938720703
2026-04-30,103.19391632080078
2026-05-01,103.78227996826172
2026-05-04,109.02774047851562
2026-05-05,104.968994140625
2026-05-06,107.85100555419922
2026-05-07,106.12578582763672
2026-05-08,107.39228057861328
2026-05-11,107.8310546875
2026-05-12,110.09478759765625
2026-05-13,112.69757080078125
2026-05-14,112.92693328857422
2026-05-15,115.8089370727539
2026-05-18,114.11363983154297
2026-05-19,113.92416381835938
2026-05-20,118.63111877441406
2026-05-21,116.8061752319336
2026-05-22,115.42999267578125
2026-05-26,114.99120330810547
2026-05-27,110.05489349365234
2026-05-28,111.81999969482422
2026-05-29,109.2699966430664
2026-06-01,110.3499984741211
2026-06-02,108.87999725341797
2026-06-03,108.81999969482422
2026-06-04,109.1500015258789
2026-06-05,109.3499984741211
2026-06-08,108.44000244140625
2026-06-09,108.66000366210938
2026-06-10,106.41000366210938
2026-06-11,109.61000061035156
2026-06-12,108.61000061035156
2026-06-15,109.18000030517578
2026-06-16,109.31999969482422
2026-06-17,107.88999938964844
2026-06-18,108.23999786376953
2026-06-22,104.94000244140625
2026-06-23,108.97000122070312
2026-06-24,109.44999694824219
2026-06-25,108.0
2026-06-26,107.87000274658203
2026-06-29,110.80000305175781
2026-06-30,111.75
2026-07-01,111.27999877929688
2026-07-02,114.83999633789062
2026-07-06,113.66999816894531
2026-07-07,114.70999908447266
2026-07-08,115.25
2026-07-09,117.33000183105469
2026-07-10,117.19999694824219
2026-07-13,115.08999633789062
2026-07-14,112.54000091552734
2026-07-15,112.76000213623047
2026-07-16,110.91000366210938
2026-07-17,112.05999755859375
2026-07-20,114.19000244140625
2026-07-21,113.05000305175781
2026-07-22,110.94999694824219
2026-07-23,109.31999969482422
2026-07-24,109.38999938964844
2026-07-27,113.20999908447266
2026-07-28,117.44000244140625
2026-07-29,115.30000305175781
2026-07-30,113.5199966430664
2026-07-31,114.01000213623047
2026-08-03,108.66999816894531
