Date,Close
1996-03-18,5.32244348526001
1996-03-19,5.32244348526001
1996-03-20,5.482757091522217
1996-03-21,5.450695037841797
1996-03-22,5.5148210525512695
1996-03-25,5.5148210525512695
1996-03-26,5.546882152557373
1996-03-27,5.418633460998535
1996-03-28,5.482757091522217
1996-03-29,5.450695037841797
1996-04-01,5.611008644104004
1996-04-02,5.546882152557373
1996-04-03,5.578944683074951
1996-04-04,5.578944683074951
1996-04-08,5.450695037841797
1996-04-09,5.450695037841797
1996-04-10,5.5148210525512695
1996-04-11,5.418633460998535
1996-04-12,5.739261150360107
1996-04-15,5.835450172424316
1996-04-16,5.80338716506958
1996-04-17,5.963698863983154
1996-04-18,6.091953277587891
1996-04-19,6.188143730163574
1996-04-22,6.156077861785889
1996-04-23,6.091953277587891
1996-04-24,6.059890270233154
1996-04-25,5.995764255523682
1996-04-26,6.027825832366943
1996-04-29,5.899575233459473
1996-04-30,5.931638240814209
1996-05-01,5.963698863983154
1996-05-02,5.771323204040527
1996-05-03,5.80338716506958
1996-05-06,5.643070697784424
1996-05-07,5.707197189331055
1996-05-08,5.867513179779053
1996-05-09,5.931638240814209
1996-05-10,5.963698863983154
1996-05-13,5.995764255523682
1996-05-14,6.027825832366943
1996-05-15,6.027825832366943
1996-05-16,5.995764255523682
1996-05-17,6.059890270233154
1996-05-20,6.12401819229126
1996-05-21,6.2202043533325195
1996-05-22,6.188143730163574
1996-05-23,6.188143730163574
1996-05-24,6.156077861785889
1996-05-28,6.188143730163574
1996-05-29,6.12401819229126
1996-05-30,6.059890270233154
1996-05-31,5.963698863983154
1996-06-03,5.995764255523682
1996-06-04,6.091953277587891
1996-06-05,6.059890270233154
1996-06-06,6.091953277587891
1996-06-07,5.963698863983154
1996-06-10,5.963698863983154
1996-06-11,5.963698863983154
1996-06-12,5.899575233459473
1996-06-13,5.899575233459473
1996-06-14,5.867513179779053
1996-06-17,5.867513179779053
1996-06-18,5.931638240814209
1996-06-19,5.995764255523682
1996-06-20,5.963698863983154
1996-06-21,5.899575233459473
1996-06-24,5.707197189331055
1996-06-25,5.835450172424316
1996-06-26,5.80338716506958
1996-06-27,5.995764255523682
1996-06-28,5.963698863983154
1996-07-01,5.835450172424316
1996-07-02,5.867513179779053
1996-07-03,5.835450172424316
1996-07-05,5.643070697784424
1996-07-08,5.5148210525512695
1996-07-09,5.578944683074951
1996-07-10,5.643070697784424
1996-07-11,5.450695037841797
1996-07-12,5.578944683074951
1996-07-15,5.290381908416748
1996-07-16,5.194191932678223
1996-07-17,5.450695037841797
1996-07-18,5.578944683074951
1996-07-19,5.578944683074951
1996-07-22,5.482757091522217
1996-07-23,5.450695037841797
1996-07-24,5.386570453643799
1996-07-25,5.482757091522217
1996-07-26,5.386570453643799
1996-07-29,5.354504585266113
1996-07-30,5.418633460998535
1996-07-31,5.386570453643799
1996-08-01,5.643070697784424
1996-08-02,5.835450172424316
1996-08-05,5.80338716506958
1996-08-06,5.80338716506958
1996-08-07,5.835450172424316
1996-08-08,5.80338716506958
1996-08-09,5.80338716506958
1996-08-12,5.899575233459473
1996-08-13,5.931638240814209
1996-08-14,5.899575233459473
1996-08-15,6.059890270233154
1996-08-16,6.12401819229126
1996-08-19,6.188143730163574
1996-08-20,6.156077861785889
1996-08-21,6.252267837524414
1996-08-22,6.252267837524414
1996-08-23,6.156077861785889
1996-08-26,6.2279887199401855
1996-08-27,6.260092735290527
1996-08-28,6.32429838180542
1996-08-29,6.035370826721191
1996-08-30,5.939062118530273
1996-09-03,5.939062118530273
1996-09-04,6.035370826721191
1996-09-05,5.939062118530273
1996-09-06,6.035370826721191
1996-09-09,5.971163749694824
1996-09-10,6.099576950073242
1996-09-11,6.099576950073242
1996-09-12,6.099576950073242
1996-09-13,6.035370826721191
1996-09-16,6.035370826721191
1996-09-17,6.067474842071533
1996-09-18,6.099576950073242
1996-09-19,6.163783073425293
1996-09-20,6.067474842071533
1996-09-23,6.035370826721191
1996-09-24,6.067474842071533
1996-09-25,6.099576950073242
1996-09-26,6.035370826721191
1996-09-27,5.939062118530273
1996-09-30,5.939062118530273
1996-10-01,6.067474842071533
1996-10-02,6.131683349609375
1996-10-03,6.163783073425293
1996-10-04,6.195887088775635
1996-10-07,6.163783073425293
1996-10-08,6.163783073425293
1996-10-09,6.163783073425293
1996-10-10,6.099576950073242
1996-10-11,6.067474842071533
1996-10-14,5.906959533691406
1996-10-15,5.778547286987305
1996-10-16,5.778547286987305
1996-10-17,5.842754364013672
1996-10-18,5.971163749694824
1996-10-21,5.906959533691406
1996-10-22,5.874856948852539
1996-10-23,5.68223762512207
1996-10-24,5.81065034866333
1996-10-25,5.68223762512207
1996-10-28,5.7143402099609375
1996-10-29,5.585927963256836
1996-10-30,5.489617824554443
1996-10-31,5.585927963256836
1996-11-01,5.6501336097717285
1996-11-04,5.6501336097717285
1996-11-05,5.6501336097717285
1996-11-06,5.778547286987305
1996-11-07,5.778547286987305
1996-11-08,5.842754364013672
1996-11-11,5.971163749694824
1996-11-12,5.874856948852539
1996-11-13,5.906959533691406
1996-11-14,5.906959533691406
1996-11-15,5.874856948852539
1996-11-18,5.906959533691406
1996-11-19,5.906959533691406
1996-11-20,5.874856948852539
1996-11-21,5.81065034866333
1996-11-22,5.81065034866333
1996-11-25,5.7143402099609375
1996-11-26,5.746443748474121
1996-11-27,5.746443748474121
1996-11-29,5.746443748474121
1996-12-02,5.842754364013672
1996-12-03,5.971163749694824
1996-12-04,5.906959533691406
1996-12-05,5.874856948852539
1996-12-06,5.778547286987305
1996-12-09,5.842754364013672
1996-12-10,5.81065034866333
1996-12-11,5.6501336097717285
1996-12-12,5.6501336097717285
1996-12-13,5.6501336097717285
1996-12-16,5.585927963256836
1996-12-17,5.7143402099609375
1996-12-18,5.778547286987305
1996-12-19,5.81065034866333
1996-12-20,5.81065034866333
1996-12-23,5.842754364013672
1996-12-24,5.842754364013672
1996-12-26,5.81065034866333
1996-12-27,5.939062118530273
1996-12-30,5.971163749694824
1996-12-31,5.971163749694824
1997-01-02,5.906959533691406
1997-01-03,5.906959533691406
1997-01-06,6.163783073425293
1997-01-07,6.099576950073242
1997-01-08,6.292196273803711
1997-01-09,6.195887088775635
1997-01-10,6.292196273803711
1997-01-13,6.2279887199401855
1997-01-14,6.388504981994629
1997-01-15,6.516917705535889
1997-01-16,6.549021244049072
1997-01-17,6.581125259399414
1997-01-20,6.549021244049072
1997-01-21,6.549021244049072
1997-01-22,6.4206061363220215
1997-01-23,6.484813213348389
1997-01-24,6.4206061363220215
1997-01-27,6.356401443481445
1997-01-28,6.484813213348389
1997-01-29,6.292196273803711
1997-01-30,6.4206061363220215
1997-01-31,6.4206061363220215
1997-02-03,6.356401443481445
1997-02-04,6.32429838180542
1997-02-05,6.292196273803711
1997-02-06,6.4206061363220215
1997-02-07,6.356401443481445
1997-02-10,6.4206061363220215
1997-02-11,6.484813213348389
1997-02-12,6.581125259399414
1997-02-13,6.549021244049072
1997-02-14,6.677432537078857
1997-02-18,6.741636753082275
1997-02-19,6.773741722106934
1997-02-20,6.741636753082275
1997-02-21,6.805843830108643
1997-02-24,6.870052814483643
1997-02-25,6.902154922485352
1997-02-26,6.741636753082275
1997-02-27,6.484813213348389
1997-02-28,6.6132283210754395
1997-03-03,6.484813213348389
1997-03-04,6.484813213348389
1997-03-05,6.4206061363220215
1997-03-06,6.4206061363220215
1997-03-07,6.484813213348389
1997-03-10,6.549021244049072
1997-03-11,6.452709674835205
1997-03-12,6.484813213348389
1997-03-13,6.292196273803711
1997-03-14,6.356401443481445
1997-03-17,6.356401443481445
1997-03-18,6.484813213348389
1997-03-19,6.6132283210754395
1997-03-20,6.484813213348389
1997-03-21,6.549021244049072
1997-03-24,6.452709674835205
1997-03-25,6.516917705535889
1997-03-26,6.516917705535889
1997-03-27,6.516917705535889
1997-03-31,6.516917705535889
1997-04-01,6.356401443481445
1997-04-02,6.4206061363220215
1997-04-03,6.484813213348389
1997-04-04,6.484813213348389
1997-04-07,6.484813213348389
1997-04-08,6.516917705535889
1997-04-09,6.549021244049072
1997-04-10,6.484813213348389
1997-04-11,6.356401443481445
1997-04-14,6.32429838180542
1997-04-15,6.484813213348389
1997-04-16,6.6132283210754395
1997-04-17,6.6132283210754395
1997-04-18,6.549021244049072
1997-04-21,6.549021244049072
1997-04-22,6.581125259399414
1997-04-23,6.677432537078857
1997-04-24,6.549021244049072
1997-04-25,6.581125259399414
1997-04-28,6.4206061363220215
1997-04-29,6.4206061363220215
1997-04-30,6.516917705535889
1997-05-01,6.4206061363220215
1997-05-02,6.4206061363220215
1997-05-05,6.581125259399414
1997-05-06,6.645331859588623
1997-05-07,6.484813213348389
1997-05-08,6.581125259399414
1997-05-09,6.677432537078857
1997-05-12,6.837947845458984
1997-05-13,6.773741722106934
1997-05-14,6.741636753082275
1997-05-15,6.741636753082275
1997-05-16,6.709534645080566
1997-05-19,6.709534645080566
1997-05-20,6.870052814483643
1997-05-21,6.934257984161377
1997-05-22,6.966358661651611
1997-05-23,6.934257984161377
1997-05-27,6.934257984161377
1997-05-28,6.805843830108643
1997-05-29,6.805843830108643
1997-05-30,6.805843830108643
1997-06-02,6.902154922485352
1997-06-03,6.934257984161377
1997-06-04,7.030566692352295
1997-06-05,7.062668323516846
1997-06-06,7.126874923706055
1997-06-09,7.062668323516846
1997-06-10,7.126874923706055
1997-06-11,7.126874923706055
1997-06-12,7.126874923706055
1997-06-13,7.319491863250732
1997-06-16,7.351595878601074
1997-06-17,7.287390232086182
1997-06-18,7.223185062408447
1997-06-19,7.512110233306885
1997-06-20,7.512110233306885
1997-06-23,7.608420372009277
1997-06-24,7.576314926147461
1997-06-25,7.415802478790283
1997-06-26,7.480007171630859
1997-06-27,7.576314926147461
1997-06-30,7.640523910522461
1997-07-01,7.704727649688721
1997-07-02,7.801039218902588
1997-07-03,7.897347450256348
1997-07-07,8.1220703125
1997-07-08,8.378891944885254
1997-07-09,8.31468677520752
1997-07-10,8.282587051391602
1997-07-11,8.250480651855469
1997-07-14,8.154170036315918
1997-07-15,7.897347450256348
1997-07-16,8.218377113342285
1997-07-17,8.34679126739502
1997-07-18,7.96155309677124
1997-07-21,7.8331403732299805
1997-07-22,7.929447650909424
1997-07-23,8.089964866638184
1997-07-24,8.218377113342285
1997-07-25,8.186273574829102
1997-07-28,8.154170036315918
1997-07-29,8.250480651855469
1997-07-30,8.603611946105957
1997-07-31,8.79623031616211
1997-08-01,8.667818069458008
1997-08-04,8.764128684997559
1997-08-05,8.860440254211426
1997-08-06,9.085159301757812
1997-08-07,8.988851547241211
1997-08-08,8.667818069458008
1997-08-11,8.603611946105957
1997-08-12,8.699921607971191
1997-08-13,8.571510314941406
1997-08-14,8.603611946105957
1997-08-15,8.475201606750488
1997-08-18,8.378891944885254
1997-08-19,8.699921607971191
1997-08-20,8.828335762023926
1997-08-21,8.635721206665039
1997-08-22,8.186273574829102
1997-08-25,8.551403999328613
1997-08-26,8.451964378356934
1997-08-27,8.28624153137207
1997-08-28,8.418819427490234
1997-08-29,7.987934589385986
1997-09-02,8.28624153137207
1997-09-03,8.485108375549316
1997-09-04,8.35252857208252
1997-09-05,8.319387435913086
1997-09-08,8.485108375549316
1997-09-09,8.518253326416016
1997-09-10,8.319387435913086
1997-09-11,8.15365982055664
1997-09-12,8.385677337646484
1997-09-15,8.451964378356934
1997-09-16,8.551403999328613
1997-09-17,8.451964378356934
1997-09-18,8.783411026000977
1997-09-19,8.816561698913574
1997-09-22,8.849703788757324
1997-09-23,8.849703788757324
1997-09-24,8.982282638549805
1997-09-25,8.915999412536621
1997-09-26,9.015430450439453
1997-09-29,9.081718444824219
1997-09-30,9.081718444824219
1997-10-01,9.28058910369873
1997-10-02,9.18115520477295
1997-10-03,9.18115520477295
1997-10-06,9.214301109313965
1997-10-07,9.214301109313965
1997-10-08,9.18115520477295
1997-10-09,8.949136734008789
1997-10-10,8.949136734008789
1997-10-13,8.982282638549805
1997-10-14,9.14801025390625
1997-10-15,9.114863395690918
1997-10-16,9.31373119354248
1997-10-17,8.949136734008789
1997-10-20,9.214301109313965
1997-10-21,9.247445106506348
1997-10-22,9.14801025390625
1997-10-23,8.683979988098145
1997-10-24,8.35252857208252
1997-10-27,6.927295684814453
1997-10-28,7.822208881378174
1997-10-29,7.590196132659912
1997-10-30,7.159312725067139
1997-10-31,7.325038909912109
1997-11-03,7.789068222045898
1997-11-04,7.789068222045898
1997-11-05,7.9547905921936035
1997-11-06,7.789068222045898
1997-11-07,7.291891098022461
1997-11-10,7.225600242614746
1997-11-11,7.325038909912109
1997-11-12,6.8941521644592285
1997-11-13,7.126168727874756
1997-11-14,7.391325950622559
1997-11-17,7.656486511230469
1997-11-18,7.45761775970459
1997-11-19,7.358181953430176
1997-11-20,7.557049751281738
1997-11-21,7.987934589385986
1997-11-24,7.822208881378174
1997-11-25,7.689631462097168
1997-11-26,7.8885016441345215
1997-11-28,8.08736801147461
1997-12-01,8.385677337646484
1997-12-02,8.385677337646484
1997-12-03,8.451964378356934
1997-12-04,8.518253326416016
1997-12-05,8.35252857208252
1997-12-08,8.584545135498047
1997-12-09,8.418819427490234
1997-12-10,8.319387435913086
1997-12-11,8.021080017089844
1997-12-12,8.021080017089844
1997-12-15,8.219950675964355
1997-12-16,8.451964378356934
1997-12-17,8.418819427490234
1997-12-18,8.28624153137207
1997-12-19,8.219950675964355
1997-12-22,8.15365982055664
1997-12-23,8.059468269348145
1997-12-24,8.192132949829102
1997-12-26,8.225299835205078
1997-12-29,8.490632057189941
1997-12-30,8.689631462097168
1997-12-31,8.789127349853516
1998-01-02,8.755964279174805
1998-01-05,8.656463623046875
1998-01-06,8.623299598693848
1998-01-07,8.192132949829102
1998-01-08,8.059468269348145
1998-01-09,7.429305553436279
1998-01-12,7.495638370513916
1998-01-13,7.661469459533691
1998-01-14,7.52880334854126
1998-01-15,7.5619683265686035
1998-01-16,7.827301502227783
1998-01-20,7.827301502227783
1998-01-21,7.694636821746826
1998-01-22,7.495638370513916
1998-01-23,7.429305553436279
1998-01-26,7.495638370513916
1998-01-27,7.727801322937012
1998-01-28,7.595137596130371
1998-01-29,7.429305553436279
1998-01-30,7.495638370513916
1998-02-02,7.727801322937012
1998-02-03,7.827301502227783
1998-02-04,7.860467910766602
1998-02-05,8.026300430297852
1998-02-06,7.9931321144104
1998-02-09,7.827301502227783
1998-02-10,7.8936357498168945
1998-02-11,7.760967254638672
1998-02-12,7.827301502227783
1998-02-13,7.694636821746826
1998-02-17,7.495638370513916
1998-02-18,7.429305553436279
1998-02-19,7.628302097320557
1998-02-20,7.495638370513916
1998-02-23,7.495638370513916
1998-02-24,7.429305553436279
1998-02-25,7.694636821746826
1998-02-26,7.827301502227783
1998-02-27,7.827301502227783
1998-03-02,7.926799774169922
1998-03-03,7.959965229034424
1998-03-04,7.8936357498168945
1998-03-05,7.794137477874756
1998-03-06,7.926799774169922
1998-03-09,7.794137477874756
1998-03-10,7.694636821746826
1998-03-11,7.661469459533691
1998-03-12,7.760967254638672
1998-03-13,7.827301502227783
1998-03-16,7.760967254638672
1998-03-17,7.760967254638672
1998-03-18,7.827301502227783
1998-03-19,7.8936357498168945
1998-03-20,8.026300430297852
1998-03-23,8.291633605957031
1998-03-24,8.324800491333008
1998-03-25,8.158966064453125
1998-03-26,8.158966064453125
1998-03-27,8.125801086425781
1998-03-30,8.092633247375488
1998-03-31,8.192132949829102
1998-04-01,8.258467674255371
1998-04-02,8.158966064453125
1998-04-03,8.092633247375488
1998-04-06,8.092633247375488
1998-04-07,7.8936357498168945
1998-04-08,7.860467910766602
1998-04-09,8.026300430297852
1998-04-13,8.026300430297852
1998-04-14,8.092633247375488
1998-04-15,8.125801086425781
1998-04-16,8.125801086425781
1998-04-17,8.225299835205078
1998-04-20,8.357965469360352
1998-04-21,8.457464218139648
1998-04-22,8.523797988891602
1998-04-23,8.391134262084961
1998-04-24,8.225299835205078
1998-04-27,7.860467910766602
1998-04-28,8.059468269348145
1998-04-29,8.026300430297852
1998-04-30,8.192132949829102
1998-05-01,8.258467674255371
1998-05-04,8.258467674255371
1998-05-05,8.158966064453125
1998-05-06,8.026300430297852
1998-05-07,7.9931321144104
1998-05-08,7.9931321144104
1998-05-11,8.026300430297852
1998-05-12,7.8936357498168945
1998-05-13,7.694636821746826
1998-05-14,7.694636821746826
1998-05-15,7.694636821746826
1998-05-18,7.429305553436279
1998-05-19,7.429305553436279
1998-05-20,7.32980489730835
1998-05-21,7.462472438812256
1998-05-22,7.32980489730835
1998-05-26,7.163971900939941
1998-05-27,6.8323073387146
1998-05-28,6.964972019195557
1998-05-29,7.130805969238281
1998-06-01,6.765974044799805
1998-06-02,6.898640155792236
1998-06-03,6.898640155792236
1998-06-04,7.296637535095215
1998-06-05,7.263472557067871
1998-06-08,7.163971900939941
1998-06-09,7.263472557067871
1998-06-10,6.8323073387146
1998-06-11,6.533806800842285
1998-06-12,6.401142597198486
1998-06-15,6.2353081703186035
1998-06-16,6.2353081703186035
1998-06-17,6.633305549621582
1998-06-18,6.633305549621582
1998-06-19,6.699638843536377
1998-06-22,6.666472434997559
1998-06-23,6.898640155792236
1998-06-24,6.799139976501465
1998-06-25,6.533806800842285
1998-06-26,6.401142597198486
1998-06-29,6.401142597198486
1998-06-30,6.566972732543945
1998-07-01,6.898640155792236
1998-07-02,6.898640155792236
1998-07-06,6.898640155792236
1998-07-07,7.064471244812012
1998-07-08,7.163971900939941
1998-07-09,7.064471244812012
1998-07-10,7.064471244812012
1998-07-13,7.230303764343262
1998-07-14,7.32980489730835
1998-07-15,7.362971305847168
1998-07-16,7.429305553436279
1998-07-17,7.362971305847168
1998-07-20,7.429305553436279
1998-07-21,7.197137355804443
1998-07-22,7.163971900939941
1998-07-23,7.097640037536621
1998-07-24,7.097640037536621
1998-07-27,7.031304359436035
1998-07-28,6.8323073387146
1998-07-29,6.964972019195557
1998-07-30,7.031304359436035
1998-07-31,6.666472434997559
1998-08-03,6.699638843536377
1998-08-04,6.401142597198486
1998-08-05,6.46747350692749
1998-08-06,6.434306621551514
1998-08-07,6.367974281311035
1998-08-10,6.036309719085693
1998-08-11,5.538808822631836
1998-08-12,5.4393134117126465
1998-08-13,5.80414342880249
1998-08-14,5.505645275115967
1998-08-17,5.372978210449219
1998-08-18,5.571977615356445
1998-08-19,5.704644680023193
1998-08-20,5.4393134117126465
1998-08-21,5.240311622619629
1998-08-24,5.140812397003174
1998-08-25,5.138604640960693
1998-08-26,4.897192478179932
1998-08-27,4.483346939086914
1998-08-28,4.414372444152832
1998-08-31,4.310910224914551
1998-09-01,4.690272331237793
1998-09-02,4.690272331237793
1998-09-03,4.483346939086914
1998-09-04,4.2419352531433105
1998-09-08,4.5523223876953125
1998-09-09,4.414372444152832
1998-09-10,3.8625762462615967
1998-09-11,4.000524997711182
1998-09-14,4.17296028137207
1998-09-15,5.000655651092529
1998-09-16,4.897192478179932
1998-09-17,4.828219890594482
1998-09-18,4.966169834136963
1998-09-21,4.93168306350708
1998-09-22,5.138604640960693
1998-09-23,5.586940765380859
1998-09-24,5.207580089569092
1998-09-25,5.242067813873291
1998-09-28,5.4145026206970215
1998-09-29,5.276554107666016
1998-09-30,5.000655651092529
1998-10-01,4.793732643127441
1998-10-02,5.173092842102051
1998-10-05,4.966169834136963
1998-10-06,5.000655651092529
1998-10-07,4.828219890594482
1998-10-08,4.724757671356201
1998-10-09,5.0351433753967285
1998-10-12,5.242067813873291
1998-10-13,5.104118347167969
1998-10-14,5.242067813873291
1998-10-15,5.448989391326904
1998-10-16,5.621425628662109
1998-10-19,5.655916690826416
1998-10-20,5.655916690826416
1998-10-21,5.655916690826416
1998-10-22,5.931811809539795
1998-10-23,5.828353404998779
1998-10-26,5.7938642501831055
1998-10-27,5.655916690826416
1998-10-28,5.586940765380859
1998-10-29,5.552452564239502
1998-10-30,5.7938642501831055
1998-11-02,6.104248523712158
1998-11-03,6.104248523712158
1998-11-04,6.483609199523926
1998-11-05,6.380148410797119
1998-11-06,6.380148410797119
1998-11-09,6.207710266113281
1998-11-10,6.069760322570801
1998-11-11,5.931811809539795
1998-11-12,5.897325038909912
1998-11-13,5.828353404998779
1998-11-16,5.828353404998779
1998-11-17,5.931811809539795
1998-11-18,6.000785827636719
1998-11-19,6.000785827636719
1998-11-20,5.931811809539795
1998-11-23,6.173223972320557
1998-11-24,5.931811809539795
1998-11-25,5.862838268280029
1998-11-27,5.931811809539795
1998-11-30,5.586940765380859
1998-12-01,5.552452564239502
1998-12-02,5.621425628662109
1998-12-03,5.483478546142578
1998-12-04,5.552452564239502
1998-12-07,5.586940765380859
1998-12-08,5.621425628662109
1998-12-09,5.552452564239502
1998-12-10,5.483478546142578
1998-12-11,5.517966270446777
1998-12-14,5.4145026206970215
1998-12-15,5.4145026206970215
1998-12-16,5.483478546142578
1998-12-17,5.483478546142578
1998-12-18,5.690402507781982
1998-12-21,5.7938642501831055
1998-12-22,5.682434558868408
1998-12-23,5.855679988861084
1998-12-24,5.786378860473633
1998-12-28,5.751732349395752
1998-12-29,5.6477837562561035
1998-12-30,5.57848596572876
1998-12-31,5.682434558868408
1999-01-04,5.6477837562561035
1999-01-05,5.682434558868408
1999-01-06,5.57848596572876
1999-01-07,5.509188652038574
1999-01-08,5.335944175720215
1999-01-11,5.197348117828369
1999-01-12,4.920154094696045
1999-01-13,4.539017200469971
1999-01-14,4.608314514160156
1999-01-15,5.231996059417725
1999-01-19,5.128049373626709
1999-01-20,5.335944175720215
1999-01-21,5.197348117828369
1999-01-22,5.266645431518555
1999-01-25,5.266645431518555
1999-01-26,5.231996059417725
1999-01-27,5.4052414894104
1999-01-28,5.543837547302246
1999-01-29,5.543837547302246
1999-02-01,5.682434558868408
1999-02-02,5.6131367683410645
1999-02-03,5.717082977294922
1999-02-04,5.682434558868408
1999-02-05,5.57848596572876
1999-02-08,5.717082977294922
1999-02-09,5.6477837562561035
1999-02-10,5.682434558868408
1999-02-11,6.063572406768799
1999-02-12,5.959624290466309
1999-02-16,5.994272708892822
1999-02-17,5.959624290466309
1999-02-18,5.994272708892822
1999-02-19,6.132871150970459
1999-02-22,6.098219394683838
1999-02-23,6.167518138885498
1999-02-24,6.098219394683838
1999-02-25,5.959624290466309
1999-02-26,6.063572406768799
1999-03-01,5.959624290466309
1999-03-02,6.063572406768799
1999-03-03,5.8903279304504395
1999-03-04,5.959624290466309
1999-03-05,6.20216703414917
1999-03-08,6.375411033630371
1999-03-09,6.652604103088379
1999-03-10,6.92979621887207
1999-03-11,6.92979621887207
1999-03-12,6.8258490562438965
1999-03-15,6.92979621887207
1999-03-16,7.13769006729126
1999-03-17,7.13769006729126
1999-03-18,7.13769006729126
1999-03-19,6.92979621887207
1999-03-22,6.791200637817383
1999-03-23,6.687254428863525
1999-03-24,6.92979621887207
1999-03-25,7.1030426025390625
1999-03-26,6.999094009399414
1999-03-29,7.206984996795654
1999-03-30,7.206984996795654
1999-03-31,7.310935020446777
1999-04-01,7.380232334136963
1999-04-05,7.726722717285156
1999-04-06,7.76137113571167
1999-04-07,7.76137113571167
1999-04-08,7.76137113571167
1999-04-09,7.726722717285156
1999-04-12,7.76137113571167
1999-04-13,7.830670356750488
1999-04-14,7.969264507293701
1999-04-15,8.177159309387207
1999-04-16,8.315754890441895
1999-04-19,8.246460914611816
1999-04-20,8.107861518859863
1999-04-21,7.934618949890137
1999-04-22,8.177159309387207
1999-04-23,8.315754890441895
1999-04-26,8.28110408782959
1999-04-27,8.177159309387207
1999-04-28,8.246460914611816
1999-04-29,8.419700622558594
1999-04-30,8.246460914611816
1999-05-03,8.489002227783203
1999-05-04,8.489002227783203
1999-05-05,8.523649215698242
1999-05-06,8.731542587280273
1999-05-07,8.870140075683594
1999-05-10,9.216629028320312
1999-05-11,9.078034400939941
1999-05-12,8.90478801727295
1999-05-13,9.04338264465332
1999-05-14,8.66224479675293
1999-05-17,8.55829906463623
1999-05-18,8.696893692016602
1999-05-19,8.454350471496582
1999-05-20,8.454350471496582
1999-05-21,8.419700622558594
1999-05-24,8.038562774658203
1999-05-25,7.830670356750488
1999-05-26,7.899967193603516
1999-05-27,7.7960205078125
1999-05-28,7.76137113571167
1999-06-01,7.622772693634033
1999-06-02,7.588126182556152
1999-06-03,7.76137113571167
1999-06-04,7.899967193603516
1999-06-07,7.969264507293701
1999-06-08,7.865318775177002
1999-06-09,7.934618949890137
1999-06-10,7.899967193603516
1999-06-11,7.588126182556152
1999-06-14,7.484179496765137
1999-06-15,7.76137113571167
1999-06-16,8.038562774658203
1999-06-17,8.35040283203125
1999-06-18,8.315754890441895
1999-06-21,8.592947959899902
1999-06-22,8.592947959899902
1999-06-23,8.194483757019043
1999-06-24,8.038562774658203
1999-06-25,8.142510414123535
1999-06-28,8.315754890441895
1999-06-29,8.177159309387207
1999-06-30,8.592947959899902
1999-07-01,8.55829906463623
1999-07-02,8.766193389892578
1999-07-06,8.766193389892578
1999-07-07,8.731542587280273
1999-07-08,8.731542587280273
1999-07-09,8.627595901489258
1999-07-12,8.385054588317871
1999-07-13,8.385054588317871
1999-07-14,8.592947959899902
1999-07-15,8.592947959899902
1999-07-16,8.592947959899902
1999-07-19,8.696893692016602
1999-07-20,8.55829906463623
1999-07-21,8.489002227783203
1999-07-22,8.315754890441895
1999-07-23,8.073213577270508
1999-07-26,7.865318775177002
1999-07-27,7.969264507293701
1999-07-28,7.969264507293701
1999-07-29,7.553476810455322
1999-07-30,7.553476810455322
1999-08-02,7.518829822540283
1999-08-03,7.518829822540283
1999-08-04,7.588126182556152
1999-08-05,7.310935020446777
1999-08-06,7.17233943939209
1999-08-09,7.345583915710449
1999-08-10,7.241635322570801
1999-08-11,7.414882659912109
1999-08-12,7.622772693634033
1999-08-13,7.76137113571167
1999-08-16,7.657424449920654
1999-08-17,7.588126182556152
1999-08-18,7.622772693634033
1999-08-19,7.414882659912109
1999-08-20,7.380232334136963
1999-08-23,7.518829822540283
1999-08-24,7.588126182556152
1999-08-25,7.741848945617676
1999-08-26,7.811598777770996
1999-08-27,7.706974506378174
1999-08-30,7.567480087280273
1999-08-31,7.39311408996582
1999-09-01,7.532608985900879
1999-09-02,7.39311408996582
1999-09-03,7.497738361358643
1999-09-07,7.218749523162842
1999-09-08,7.218749523162842
1999-09-09,7.114131927490234
1999-09-10,7.253624439239502
1999-09-13,7.323368072509766
1999-09-14,7.323368072509766
1999-09-15,7.288496017456055
1999-09-16,7.218749523162842
1999-09-17,7.218749523162842
1999-09-20,7.288496017456055
1999-09-21,7.114131927490234
1999-09-22,7.1490020751953125
1999-09-23,7.1490020751953125
1999-09-24,7.122848987579346
1999-09-27,7.358241081237793
1999-09-28,7.183876037597656
1999-09-29,7.39311408996582
1999-09-30,7.253624439239502
1999-10-01,7.253624439239502
1999-10-04,7.183876037597656
1999-10-05,7.218749523162842
1999-10-06,7.253624439239502
1999-10-07,7.323368072509766
1999-10-08,7.462862014770508
1999-10-11,7.567480087280273
1999-10-12,7.427989482879639
1999-10-13,7.288496017456055
1999-10-14,7.323368072509766
1999-10-15,6.695651531219482
1999-10-18,6.765396595001221
1999-10-19,6.97463846206665
1999-10-20,7.00950813293457
1999-10-21,7.114131927490234
1999-10-22,7.114131927490234
1999-10-25,7.288496017456055
1999-10-26,7.218749523162842
1999-10-27,7.288496017456055
1999-10-28,7.497738361358643
1999-10-29,7.602354526519775
1999-11-01,7.811598777770996
1999-11-02,7.916213512420654
1999-11-03,8.195198059082031
1999-11-04,8.195198059082031
1999-11-05,8.334691047668457
1999-11-08,8.439311981201172
1999-11-09,8.299821853637695
1999-11-10,8.50905704498291
1999-11-11,8.578804969787598
1999-11-12,8.64854907989502
1999-11-15,8.64854907989502
1999-11-16,8.788043975830078
1999-11-17,8.718293190002441
1999-11-18,8.857789993286133
1999-11-19,9.06702995300293
1999-11-22,8.997284889221191
1999-11-23,8.788043975830078
1999-11-24,8.857789993286133
1999-11-26,9.032153129577637
1999-11-29,9.032153129577637
1999-11-30,8.892664909362793
1999-12-01,8.788043975830078
1999-12-02,9.032153129577637
1999-12-03,9.206520080566406
1999-12-06,9.206520080566406
1999-12-07,9.136775970458984
1999-12-08,9.485507011413574
1999-12-09,9.590127944946289
1999-12-10,9.694746017456055
1999-12-13,9.485507011413574
1999-12-14,9.415763854980469
1999-12-15,9.590127944946289
1999-12-16,9.694746017456055
1999-12-17,9.903982162475586
1999-12-20,9.938858985900879
1999-12-21,10.043478012084961
1999-12-22,9.694746017456055
1999-12-23,9.764492988586426
1999-12-27,9.799363136291504
1999-12-28,9.764492988586426
1999-12-29,9.903982162475586
1999-12-30,10.008606910705566
1999-12-31,10.078349113464355
2000-01-03,10.18297004699707
2000-01-04,9.276268005371094
2000-01-05,9.485507011413574
2000-01-06,9.485507011413574
2000-01-07,9.764492988586426
2000-01-10,10.252718925476074
2000-01-11,9.973733901977539
2000-01-12,9.903982162475586
2000-01-13,10.252718925476074
2000-01-14,10.39220905303955
2000-01-18,10.35733699798584
2000-01-19,10.18297004699707
2000-01-20,9.764492988586426
2000-01-21,9.764492988586426
2000-01-24,9.415763854980469
2000-01-25,9.415763854980469
2000-01-26,9.555253982543945
2000-01-27,9.590127944946289
2000-01-28,9.241394996643066
2000-01-31,9.06702995300293
2000-02-01,9.101899147033691
2000-02-02,9.346012115478516
2000-02-03,9.869112014770508
2000-02-04,10.113225936889648
2000-02-07,10.35733699798584
2000-02-08,10.53170394897461
2000-02-09,10.35733699798584
2000-02-10,10.636322975158691
2000-02-11,10.427084922790527
2000-02-14,10.461954116821289
2000-02-15,10.461954116821289
2000-02-16,10.56657600402832
2000-02-17,10.461954116821289
2000-02-18,10.043478012084961
2000-02-22,9.694746017456055
2000-02-23,10.113225936889648
2000-02-24,10.008606910705566
2000-02-25,9.938858985900879
2000-02-28,9.903982162475586
2000-02-29,9.903982162475586
2000-03-01,10.14809799194336
2000-03-02,10.810688972473145
2000-03-03,11.12454605102539
2000-03-06,10.950180053710938
2000-03-07,11.01992416381836
2000-03-08,11.298910140991211
2000-03-09,11.473278999328613
2000-03-10,11.229167938232422
2000-03-13,10.810688972473145
2000-03-14,10.601446151733398
2000-03-15,10.740943908691406
2000-03-16,10.845561981201172
2000-03-17,10.950180053710938
2000-03-20,10.985054016113281
2000-03-21,11.01992416381836
2000-03-22,10.845561981201172
2000-03-23,10.950180053710938
2000-03-24,11.15942096710205
2000-03-27,11.264039039611816
2000-03-28,10.985054016113281
2000-03-29,10.775813102722168
2000-03-30,10.35733699798584
2000-03-31,10.287593841552734
2000-04-03,9.973733901977539
2000-04-04,9.799363136291504
2000-04-05,10.008606910705566
2000-04-06,10.217844009399414
2000-04-07,10.601446151733398
2000-04-10,10.496830940246582
2000-04-11,10.217844009399414
2000-04-12,9.903982162475586
2000-04-13,9.590127944946289
2000-04-14,8.613673210144043
2000-04-17,8.64854907989502
2000-04-18,9.136775970458984
2000-04-19,8.962409019470215
2000-04-20,8.927534103393555
2000-04-24,8.857789993286133
2000-04-25,9.276268005371094
2000-04-26,9.206520080566406
2000-04-27,9.171647071838379
2000-04-28,9.311140060424805
2000-05-01,9.136775970458984
2000-05-02,9.136775970458984
2000-05-03,8.68342399597168
2000-05-04,8.892664909362793
2000-05-05,8.892664909362793
2000-05-08,8.613673210144043
2000-05-09,8.50905704498291
2000-05-10,8.334691047668457
2000-05-11,8.543930053710938
2000-05-12,8.613673210144043
2000-05-15,8.788043975830078
2000-05-16,8.788043975830078
2000-05-17,8.543930053710938
2000-05-18,8.439311981201172
2000-05-19,8.12545394897461
2000-05-22,7.916213512420654
2000-05-23,7.916213512420654
2000-05-24,8.195198059082031
2000-05-25,8.020833969116211
2000-05-26,8.020833969116211
2000-05-30,8.3695650100708
2000-05-31,8.404437065124512
2000-06-01,8.64854907989502
2000-06-02,9.206520080566406
2000-06-05,9.171647071838379
2000-06-06,8.788043975830078
2000-06-07,8.578804969787598
2000-06-08,8.68342399597168
2000-06-09,8.613673210144043
2000-06-12,8.68342399597168
2000-06-13,8.962409019470215
2000-06-14,9.06702995300293
2000-06-15,8.927534103393555
2000-06-16,8.64854907989502
2000-06-19,8.788043975830078
2000-06-20,8.613673210144043
2000-06-21,8.753169059753418
2000-06-22,8.64854907989502
2000-06-23,8.50905704498291
2000-06-26,8.474181175231934
2000-06-27,8.64854907989502
2000-06-28,8.927534103393555
2000-06-29,8.892664909362793
2000-06-30,9.171647071838379
2000-07-03,10.078349113464355
2000-07-05,9.991168022155762
2000-07-06,9.834239959716797
2000-07-07,10.008606910705566
2000-07-10,10.043478012084961
2000-07-11,10.078349113464355
2000-07-12,10.078349113464355
2000-07-13,10.287593841552734
2000-07-14,10.322464942932129
2000-07-17,10.252718925476074
2000-07-18,10.18297004699707
2000-07-19,9.729620933532715
2000-07-20,9.555253982543945
2000-07-21,9.485507011413574
2000-07-24,9.450632095336914
2000-07-25,9.590127944946289
2000-07-26,9.485507011413574
2000-07-27,9.520379066467285
2000-07-28,9.06702995300293
2000-07-31,9.136775970458984
2000-08-01,9.206520080566406
2000-08-02,9.346012115478516
2000-08-03,9.101899147033691
2000-08-04,9.311140060424805
2000-08-07,9.415763854980469
2000-08-08,9.415763854980469
2000-08-09,9.241394996643066
2000-08-10,9.206520080566406
2000-08-11,9.276268005371094
2000-08-14,9.415763854980469
2000-08-15,9.276268005371094
2000-08-16,9.485507011413574
2000-08-17,9.415763854980469
2000-08-18,9.206520080566406
2000-08-21,9.171647071838379
2000-08-22,9.136775970458984
2000-08-23,9.206520080566406
2000-08-24,9.09084701538086
2000-08-25,8.983473777770996
2000-08-28,8.983473777770996
2000-08-29,9.055055618286133
2000-08-30,9.448752403259277
2000-08-31,9.591914176940918
2000-09-01,9.73508071899414
2000-09-05,9.770867347717285
2000-09-06,9.556127548217773
2000-09-07,9.699286460876465
2000-09-08,9.591914176940918
2000-09-11,9.627708435058594
2000-09-12,9.305591583251953
2000-09-13,9.520333290100098
2000-09-14,9.627708435058594
2000-09-15,9.520333290100098
2000-09-18,9.26979923248291
2000-09-19,9.26979923248291
2000-09-20,9.234009742736816
2000-09-21,9.162426948547363
2000-09-22,8.947681427001953
2000-09-25,9.09084701538086
2000-09-26,8.91189193725586
2000-09-27,8.697147369384766
2000-09-28,8.947681427001953
2000-09-29,8.697147369384766
2000-10-02,8.661356925964355
2000-10-03,8.553984642028809
2000-10-04,8.768730163574219
2000-10-05,8.768730163574219
2000-10-06,8.446613311767578
2000-10-09,8.339241027832031
2000-10-10,8.482405662536621
2000-10-11,8.231866836547852
2000-10-12,7.87396240234375
2000-10-13,8.088706970214844
2000-10-16,8.052915573120117
2000-10-17,7.87396240234375
2000-10-18,8.124496459960938
2000-10-19,8.375031471252441
2000-10-20,8.267659187316895
2000-10-23,8.160285949707031
2000-10-24,8.303447723388672
2000-10-25,8.375031471252441
2000-10-26,8.303447723388672
2000-10-27,8.625563621520996
2000-10-30,8.625563621520996
2000-10-31,9.055055618286133
2000-11-01,8.804516792297363
2000-11-02,9.019267082214355
2000-11-03,8.697147369384766
2000-11-06,8.732939720153809
2000-11-07,8.947681427001953
2000-11-08,8.768730163574219
2000-11-09,8.446613311767578
2000-11-10,8.446613311767578
2000-11-13,8.19607925415039
2000-11-14,8.553984642028809
2000-11-15,8.697147369384766
2000-11-16,8.553984642028809
2000-11-17,8.768730163574219
2000-11-20,8.697147369384766
2000-11-21,8.768730163574219
2000-11-22,8.553984642028809
2000-11-24,8.589776039123535
2000-11-27,8.625563621520996
2000-11-28,8.446613311767578
2000-11-29,8.482405662536621
2000-11-30,8.160285949707031
2000-12-01,8.124496459960938
2000-12-04,7.695010185241699
2000-12-05,8.052915573120117
2000-12-06,8.160285949707031
2000-12-07,8.231866836547852
2000-12-08,8.267659187316895
2000-12-11,8.303447723388672
2000-12-12,8.160285949707031
2000-12-13,8.124496459960938
2000-12-14,8.052915573120117
2000-12-15,7.87396240234375
2000-12-18,7.87396240234375
2000-12-19,7.695010185241699
2000-12-20,7.34119176864624
2000-12-21,7.521122455596924
2000-12-22,7.557107448577881
2000-12-26,7.701053142547607
2000-12-27,7.629079818725586
2000-12-28,7.593096733093262
2000-12-29,7.665069103240967
2001-01-02,7.485135078430176
2001-01-03,8.096900939941406
2001-01-04,8.132888793945312
2001-01-05,8.132888793945312
2001-01-08,8.132888793945312
2001-01-09,7.916971206665039
2001-01-10,7.629079818725586
2001-01-11,8.024931907653809
2001-01-12,7.9889445304870605
2001-01-16,7.9889445304870605
2001-01-17,8.168874740600586
2001-01-18,8.204859733581543
2001-01-19,8.276830673217773
2001-01-22,8.420778274536133
2001-01-23,8.564723014831543
2001-01-24,8.564723014831543
2001-01-25,8.456762313842773
2001-01-26,8.63669490814209
2001-01-29,8.809428215026855
2001-01-30,8.8670072555542
2001-01-31,8.838216781616211
2001-02-01,8.700032234191895
2001-02-02,8.63669490814209
2001-02-05,8.6942720413208
2001-02-06,8.746095657348633
2001-02-07,8.556084632873535
2001-02-08,8.521539688110352
2001-02-09,8.521539688110352
2001-02-12,8.780640602111816
2001-02-13,8.521539688110352
2001-02-14,8.6942720413208
2001-02-15,8.700032234191895
2001-02-16,8.57911491394043
2001-02-20,8.544570922851562
2001-02-21,8.060917854309082
2001-02-22,8.06667423248291
2001-02-23,8.147279739379883
2001-02-26,8.147279739379883
2001-02-27,8.176074028015137
2001-02-28,8.21061897277832
2001-03-01,8.291228294372559
2001-03-02,8.46396255493164
2001-03-05,8.291228294372559
2001-03-06,8.63669490814209
2001-03-07,8.723060607910156
2001-03-08,8.63669490814209
2001-03-09,8.613665580749512
2001-03-12,8.11849308013916
2001-03-13,8.291228294372559
2001-03-14,8.06667423248291
2001-03-15,8.060917854309082
2001-03-16,8.032124519348145
2001-03-19,8.291228294372559
2001-03-20,7.945760726928711
2001-03-21,7.9515156745910645
2001-03-22,7.721205234527588
2001-03-23,7.657870292663574
2001-03-26,7.824844837188721
2001-03-27,7.888182163238525
2001-03-28,7.8075737953186035
2001-03-29,7.842118263244629
2001-03-30,8.055156707763672
2001-04-02,8.003336906433105
2001-04-03,7.732722759246826
2001-04-04,7.888182163238525
2001-04-05,8.060917854309082
2001-04-06,7.997580051422119
2001-04-09,8.320015907287598
2001-04-10,8.515780448913574
2001-04-11,8.63669490814209
2001-04-12,8.590633392333984
2001-04-16,8.723060607910156
2001-04-17,8.75185489654541
2001-04-18,8.947616577148438
2001-04-19,8.8670072555542
2001-04-20,8.320015907287598
2001-04-23,8.337288856506348
2001-04-24,8.348803520202637
2001-04-25,8.45820426940918
2001-04-26,8.57911491394043
2001-04-27,8.746095657348633
2001-04-30,8.642452239990234
2001-05-01,8.642452239990234
2001-05-02,8.953374862670898
2001-05-03,8.838216781616211
2001-05-04,9.010951042175293
2001-05-07,8.918828964233398
2001-05-08,8.792154312133789
2001-05-09,8.809428215026855
2001-05-10,8.82094669342041
2001-05-11,8.982162475585938
2001-05-14,8.953374862670898
2001-05-15,8.723060607910156
2001-05-16,8.746095657348633
2001-05-17,9.356420516967773
2001-05-18,9.50036334991455
2001-05-21,9.707645416259766
2001-05-22,9.701883316040039
2001-05-23,9.782493591308594
2001-05-24,9.627034187316895
2001-05-25,9.67309856414795
2001-05-29,9.644307136535645
2001-05-30,9.557941436767578
2001-05-31,9.419757843017578
2001-06-01,9.580972671508789
2001-06-04,9.442785263061523
2001-06-05,9.506122589111328
2001-06-06,9.644307136535645
2001-06-07,9.782493591308594
2001-06-08,9.713399887084961
2001-06-11,9.667340278625488
2001-06-12,9.759464263916016
2001-06-13,9.644307136535645
2001-06-14,9.557941436767578
2001-06-15,9.60976505279541
2001-06-18,9.270051956176758
2001-06-19,9.06853199005127
2001-06-20,9.275810241699219
2001-06-21,9.402482032775879
2001-06-22,9.442785263061523
2001-06-25,9.50036334991455
2001-06-26,9.50036334991455
2001-06-27,9.615520477294922
2001-06-28,9.50036334991455
2001-06-29,9.701883316040039
2001-07-02,9.817041397094727
2001-07-03,9.932197570800781
2001-07-05,9.817041397094727
2001-07-06,9.442785263061523
2001-07-09,9.477334976196289
2001-07-10,9.529152870178223
2001-07-11,9.06853199005127
2001-07-12,8.92458438873291
2001-07-13,8.895796775817871
2001-07-16,8.723060607910156
2001-07-17,8.947616577148438
2001-07-18,8.786397933959961
2001-07-19,8.838216781616211
2001-07-20,9.010951042175293
2001-07-23,8.8670072555542
2001-07-24,8.85549259185791
2001-07-25,8.976400375366211
2001-07-26,8.982162475585938
2001-07-27,9.177928924560547
2001-07-30,9.344902038574219
2001-07-31,9.160654067993164
2001-08-01,9.126108169555664
2001-08-02,9.270051956176758
2001-08-03,9.413994789123535
2001-08-06,9.270051956176758
2001-08-07,9.373692512512207
2001-08-08,9.281567573547363
2001-08-09,9.373692512512207
2001-08-10,9.442785263061523
2001-08-13,9.304596900939941
2001-08-14,9.402482032775879
2001-08-15,9.166415214538574
2001-08-16,8.92458438873291
2001-08-17,8.815187454223633
2001-08-20,8.723060607910156
2001-08-21,8.786397933959961
2001-08-22,9.005191802978516
2001-08-23,8.861249923706055
2001-08-24,9.134410858154297
2001-08-27,9.25040340423584
2001-08-28,8.919824600219727
2001-08-29,8.908224105834961
2001-08-30,8.821229934692383
2001-08-31,8.919824600219727
2001-09-04,8.81543254852295
2001-09-05,8.583447456359863
2001-09-06,8.119477272033691
2001-09-07,8.067280769348145
2001-09-10,7.945488452911377
2001-09-17,6.95955228805542
2001-09-18,7.394522666931152
2001-09-19,7.046544075012207
2001-09-20,6.901553630828857
2001-09-21,6.901553630828857
2001-09-24,7.243734359741211
2001-09-25,7.249533176422119
2001-09-26,7.0987420082092285
2001-09-27,7.179935932159424
2001-09-28,7.16254186630249
2001-10-01,7.191534996032715
2001-10-02,7.249533176422119
2001-10-03,7.278530120849609
2001-10-04,7.562712669372559
2001-10-05,7.481517791748047
2001-10-08,7.452519416809082
2001-10-09,7.51051664352417
2001-10-10,7.754100322723389
2001-10-11,8.003482818603516
2001-10-12,7.829497814178467
2001-10-15,7.684503078460693
2001-10-16,7.684503078460693
2001-10-17,7.771499156951904
2001-10-18,7.707704544067383
2001-10-19,7.655505657196045
2001-10-22,7.626509189605713
2001-10-23,7.736701488494873
2001-10-24,7.893289566040039
2001-10-25,7.96868896484375
2001-10-26,7.858493804931641
2001-10-29,7.655505657196045
2001-10-30,7.481517791748047
2001-10-31,7.545311450958252
2001-11-01,7.765699863433838
2001-11-02,7.661305904388428
2001-11-05,7.829497814178467
2001-11-06,7.945488452911377
2001-11-07,7.835295677185059
2001-11-08,7.881692886352539
2001-11-09,7.829497814178467
2001-11-12,7.742502212524414
2001-11-13,7.875894069671631
2001-11-14,7.951287269592285
2001-11-15,7.951287269592285
2001-11-16,7.922290325164795
2001-11-19,8.003482818603516
2001-11-20,7.9048895835876465
2001-11-21,7.928091526031494
2001-11-23,7.864291667938232
2001-11-26,8.084676742553711
2001-11-27,8.171673774719238
2001-11-28,8.090473175048828
2001-11-29,8.078879356384277
2001-11-30,8.009284019470215
2001-12-03,8.107876777648926
2001-12-04,8.171673774719238
2001-12-05,8.484850883483887
2001-12-06,8.40945816040039
2001-12-07,8.467453002929688
2001-12-10,8.612442970275879
2001-12-11,8.641444206237793
2001-12-12,8.583447456359863
2001-12-13,8.421058654785156
2001-12-14,8.583447456359863
2001-12-17,8.641444206237793
2001-12-18,8.69943904876709
2001-12-19,8.647244453430176
2001-12-20,8.508050918579102
2001-12-21,8.74003791809082
2001-12-24,8.856571197509766
2001-12-26,8.938143730163574
2001-12-27,8.926488876342773
2001-12-28,8.99641227722168
2001-12-31,8.844917297363281
2002-01-02,8.909010887145996
2002-01-03,9.229480743408203
2002-01-04,9.223652839660645
2002-01-07,9.118772506713867
2002-01-08,9.095463752746582
2002-01-09,9.0313720703125
2002-01-10,8.96145248413086
2002-01-11,8.973104476928711
2002-01-14,8.728384017944336
2002-01-15,9.01389217376709
2002-01-16,9.06633186340332
2002-01-17,9.2819185256958
2002-01-18,9.12459659576416
2002-01-22,9.060502052307129
2002-01-23,9.404281616210938
2002-01-24,9.52081298828125
2002-01-25,9.579081535339355
2002-01-28,9.614038467407227
2002-01-29,9.485851287841797
2002-01-30,9.404281616210938
2002-01-31,9.660655975341797
2002-02-01,9.456719398498535
2002-02-04,9.328533172607422
2002-02-05,9.561596870422363
2002-02-06,9.514986991882324
2002-02-07,9.334359169006348
2002-02-08,9.2819185256958
2002-02-11,9.200345993041992
2002-02-12,9.316879272460938
2002-02-13,9.398452758789062
2002-02-14,9.485851287841797
2002-02-15,9.357665061950684
2002-02-19,9.206171989440918
2002-02-20,9.159558296203613
2002-02-21,9.089638710021973
2002-02-22,8.973104476928711
2002-02-25,9.171212196350098
2002-02-26,9.19451904296875
2002-02-27,9.410107612609863
2002-02-28,9.415933609008789
2002-03-01,9.579081535339355
2002-03-04,9.730575561523438
2002-03-05,9.77718734741211
2002-03-06,9.963644027709961
2002-03-07,9.788840293884277
2002-03-08,10.097654342651367
2002-03-11,9.992774963378906
2002-03-12,10.074349403381348
2002-03-13,10.051041603088379
2002-03-14,10.021910667419434
2002-03-15,10.196712493896484
2002-03-18,10.260805130004883
2002-03-19,10.418119430541992
2002-03-20,10.365678787231445
2002-03-21,10.394818305969238
2002-03-22,10.517181396484375
2002-03-25,10.482215881347656
2002-03-26,10.243322372436523
2002-03-27,10.319068908691406
2002-03-28,10.400644302368164
2002-04-01,10.348204612731934
2002-04-02,10.284110069274902
2002-04-03,10.027737617492676
2002-04-04,10.16757583618164
2002-04-05,10.394818305969238
2002-04-08,10.249149322509766
2002-04-09,10.20836067199707
2002-04-10,10.546311378479004
2002-04-11,10.336549758911133
2002-04-12,10.33072566986084
2002-04-15,10.336549758911133
2002-04-16,10.476388931274414
2002-04-17,10.400644302368164
2002-04-18,10.45891284942627
2002-04-19,10.38899040222168
2002-04-22,10.249149322509766
2002-04-23,10.16757583618164
2002-04-24,10.243322372436523
2002-04-25,10.173399925231934
2002-04-26,10.196712493896484
2002-04-29,10.109309196472168
2002-04-30,10.109309196472168
2002-05-01,10.08017635345459
2002-05-02,9.986945152282715
2002-05-03,10.097654342651367
2002-05-06,9.992774963378906
2002-05-07,9.899548530578613
2002-05-08,10.097654342651367
2002-05-09,9.893723487854004
2002-05-10,9.823798179626465
2002-05-13,9.917028427124023
2002-05-14,9.963644027709961
2002-05-15,10.021910667419434
2002-05-16,10.11513614654541
2002-05-17,10.319068908691406
2002-05-20,10.132614135742188
2002-05-21,9.905376434326172
2002-05-22,9.917028427124023
2002-05-23,9.969472885131836
2002-05-24,9.981122970581055
2002-05-28,9.858759880065918
2002-05-29,9.561596870422363
2002-05-30,9.369319915771484
2002-05-31,9.398452758789062
2002-06-03,9.28774642944336
2002-06-04,9.258609771728516
2002-06-05,9.177037239074707
2002-06-06,8.809956550598145
2002-06-07,8.891528129577637
2002-06-10,9.072155952453613
2002-06-11,8.973104476928711
2002-06-12,8.990582466125488
2002-06-13,8.914839744567871
2002-06-14,8.699251174926758
2002-06-17,8.967279434204102
2002-06-18,8.78082275390625
2002-06-19,8.576889038085938
2002-06-20,8.390436172485352
2002-06-21,8.308860778808594
2002-06-24,8.262248992919922
2002-06-25,8.279728889465332
2002-06-26,7.906817436218262
2002-06-27,8.303033828735352
2002-06-28,8.501139640808105
2002-07-01,8.27389907836914
2002-07-02,8.075794219970703
2002-07-03,8.27389907836914
2002-07-05,8.332165718078613
2002-07-08,8.396261215209961
2002-07-09,8.303033828735352
2002-07-10,8.303033828735352
2002-07-11,8.372955322265625
2002-07-12,8.355472564697266
2002-07-15,8.361297607421875
2002-07-16,8.303033828735352
2002-07-17,8.437049865722656
2002-07-18,8.466182708740234
2002-07-19,8.41956615447998
2002-07-22,7.982569217681885
2002-07-23,7.860205173492432
2002-07-24,7.930129051208496
2002-07-25,7.749499320983887
2002-07-26,7.638794422149658
2002-07-29,8.011700630187988
2002-07-30,7.889342784881592
2002-07-31,7.691230297088623
2002-08-01,7.446509838104248
2002-08-02,7.225096702575684
2002-08-05,7.056124210357666
2002-08-06,7.458165168762207
2002-08-07,7.650448322296143
2002-08-08,7.813592910766602
2002-08-09,7.702888011932373
2002-08-12,7.6096577644348145
2002-08-13,7.603833198547363
2002-08-14,7.755326271057129
2002-08-15,7.778632164001465
2002-08-16,8.075794219970703
2002-08-19,8.099102020263672
2002-08-20,8.05248737335205
2002-08-21,8.110751152038574
2002-08-22,8.017526626586914
2002-08-23,7.941781044006348
2002-08-26,8.104928970336914
2002-08-27,7.953432559967041
2002-08-28,7.889342784881592
2002-08-29,7.9009928703308105
2002-08-30,7.930129051208496
2002-09-03,7.720363140106201
2002-09-04,7.796111106872559
2002-09-05,7.685405254364014
2002-09-06,7.796111106872559
2002-09-09,7.877684116363525
2002-09-10,7.953432559967041
2002-09-11,8.005874633789062
2002-09-12,7.976739406585693
2002-09-13,7.9242987632751465
2002-09-16,7.825246810913086
2002-09-17,7.662097930908203
2002-09-18,7.5222578048706055
2002-09-19,7.108564853668213
2002-09-20,7.1959638595581055
2002-09-23,7.225096702575684
2002-09-24,7.056124210357666
2002-09-25,7.207615375518799
2002-09-26,7.399899005889893
2002-09-27,7.143523693084717
2002-09-30,7.161003112792969
2002-10-01,7.498950481414795
2002-10-02,7.405726909637451
2002-10-03,7.429030418395996
2002-10-04,7.347457408905029
2002-10-07,7.388243198394775
2002-10-08,7.429030418395996
2002-10-09,7.166829586029053
2002-10-10,7.242575645446777
2002-10-11,7.429030418395996
2002-10-14,7.341627597808838
2002-10-15,7.691230297088623
2002-10-16,7.5805277824401855
2002-10-17,7.603833198547363
2002-10-18,7.551393032073975
2002-10-21,7.714539051055908
2002-10-22,7.516432285308838
2002-10-23,7.586355209350586
2002-10-24,7.487298488616943
2002-10-25,7.516432285308838
2002-10-28,7.370762348175049
2002-10-29,7.370762348175049
2002-10-30,7.446509838104248
2002-10-31,7.504778861999512
2002-11-01,7.650448322296143
2002-11-04,7.702888011932373
2002-11-05,7.5805277824401855
2002-11-06,7.632963180541992
2002-11-07,7.481473445892334
2002-11-08,7.516432285308838
2002-11-11,7.452337741851807
2002-11-12,7.335805416107178
2002-11-13,7.225096702575684
2002-11-14,7.405726909637451
2002-11-15,7.341627597808838
2002-11-18,7.370762348175049
2002-11-19,7.085257530212402
2002-11-20,7.213442802429199
2002-11-21,7.458165168762207
2002-11-22,7.429030418395996
2002-11-25,7.487298488616943
2002-11-26,7.493124485015869
2002-11-27,7.831073760986328
2002-11-29,7.930129051208496
2002-12-02,7.9942169189453125
2002-12-03,8.128231048583984
2002-12-04,7.906817436218262
2002-12-05,7.807766437530518
2002-12-06,7.953432559967041
2002-12-09,7.749499320983887
2002-12-10,7.755326271057129
2002-12-11,7.83690071105957
2002-12-12,7.912644863128662
2002-12-13,7.866034030914307
2002-12-16,8.064141273498535
2002-12-17,7.953432559967041
2002-12-18,7.7611541748046875
2002-12-19,7.912644863128662
2002-12-20,7.947609901428223
2002-12-23,7.876114368438721
2002-12-24,7.833704471588135
2002-12-26,7.815531253814697
2002-12-27,7.633772850036621
2002-12-30,7.561070919036865
2002-12-31,7.542898178100586
2003-01-02,8.051811218261719
2003-01-03,7.9003520011901855
2003-01-06,7.997286319732666
2003-01-07,8.009404182434082
2003-01-08,7.930645942687988
2003-01-09,8.00334644317627
2003-01-10,8.051811218261719
2003-01-13,8.045757293701172
2003-01-14,7.997286319732666
2003-01-15,8.06393051147461
2003-01-16,8.021519660949707
2003-01-17,7.754945755004883
2003-01-21,7.567129611968994
2003-01-22,7.445959091186523
2003-01-23,7.500485420227051
2003-01-24,7.330845832824707
2003-01-27,7.264201641082764
2003-01-28,7.12485408782959
2003-01-29,7.197559356689453
2003-01-30,7.173324108123779
2003-01-31,7.203616142272949
2003-02-03,7.276319980621338
2003-02-04,7.203616142272949
2003-02-05,7.239969253540039
2003-02-06,7.118797302246094
2003-02-07,7.040036678314209
2003-02-10,7.015801429748535
2003-02-11,6.8764543533325195
2003-02-12,6.7855753898620605
2003-02-13,6.840105056762695
2003-02-14,6.809813499450684
2003-02-18,7.130914211273193
2003-02-19,7.027917861938477
2003-02-20,7.06427001953125
2003-02-21,7.094560623168945
2003-02-24,7.06427001953125
2003-02-25,6.961274147033691
2003-02-26,7.088504314422607
2003-02-27,7.149092197418213
2003-02-28,6.967331409454346
2003-03-03,6.955217361450195
2003-03-04,6.858280658721924
2003-03-05,6.985509395599365
2003-03-06,6.894630432128906
2003-03-07,6.924923419952393
2003-03-10,6.900688648223877
2003-03-11,6.864337921142578
2003-03-12,6.918863773345947
2003-03-13,7.027917861938477
2003-03-14,7.0339765548706055
2003-03-17,7.276319980621338
2003-03-18,7.197559356689453
2003-03-19,7.270261287689209
2003-03-20,7.209674835205078
2003-03-21,7.385373115539551
2003-03-24,7.209674835205078
2003-03-25,7.1612067222595215
2003-03-26,7.239969253540039
2003-03-27,7.239969253540039
2003-03-28,7.12485408782959
2003-03-31,7.052153587341309
2003-04-01,7.191500186920166
2003-04-02,7.403547286987305
2003-04-03,7.3914337158203125
2003-04-04,7.409605026245117
2003-04-07,7.573188781738281
2003-04-08,7.627716064453125
2003-04-09,7.470193862915039
2003-04-10,7.43989896774292
2003-04-11,7.506540775299072
2003-04-14,7.524721622467041
2003-04-15,7.688299179077148
2003-04-16,7.718594074249268
2003-04-17,7.6761860847473145
2003-04-21,7.724650859832764
2003-04-22,7.8215861320495605
2003-04-23,7.857941150665283
2003-04-24,7.88217306137085
2003-04-25,7.88217306137085
2003-04-28,7.985172271728516
2003-04-29,8.166923522949219
2003-04-30,8.191161155700684
2003-05-01,8.191161155700684
2003-05-02,8.43956470489502
2003-05-05,8.457737922668457
2003-05-06,8.342622756958008
2003-05-07,8.36685848236084
2003-05-08,8.288097381591797
2003-05-09,8.409268379211426
2003-05-12,8.397150993347168
2003-05-13,8.36685848236084
2003-05-14,8.415327072143555
2003-05-15,8.397150993347168
2003-05-16,8.269922256469727
2003-05-19,8.112398147583008
2003-05-20,8.197218894958496
2003-05-21,8.227510452270508
2003-05-22,8.245687484741211
2003-05-23,8.391095161437988
2003-05-27,8.43956470489502
2003-05-28,8.536498069763184
2003-05-29,8.506202697753906
2003-05-30,8.530436515808105
2003-06-02,8.748543739318848
2003-06-03,8.706136703491211
2003-06-04,8.621316909790039
2003-06-05,8.566789627075195
2003-06-06,8.43956470489502
2003-06-09,8.397150993347168
2003-06-10,8.445619583129883
2003-06-11,8.57890796661377
2003-06-12,8.65766429901123
2003-06-13,8.63343334197998
2003-06-16,8.7909574508667
2003-06-17,8.966657638549805
2003-06-18,8.887892723083496
2003-06-19,8.803072929382324
2003-06-20,8.803072929382324
2003-06-23,8.736431121826172
2003-06-24,8.736431121826172
2003-06-25,8.82730770111084
2003-06-26,8.803072929382324
2003-06-27,8.772782325744629
2003-06-30,8.760663986206055
2003-07-01,8.930301666259766
2003-07-02,8.97877025604248
2003-07-03,8.936361312866211
2003-07-07,8.996943473815918
2003-07-08,8.887892723083496
2003-07-09,8.893951416015625
2003-07-10,8.78489875793457
2003-07-11,8.875777244567871
2003-07-14,8.966657638549805
2003-07-15,8.82730770111084
2003-07-16,8.78489875793457
2003-07-17,8.778840065002441
2003-07-18,8.845484733581543
2003-07-21,8.772782325744629
2003-07-22,9.015122413635254
2003-07-23,8.996943473815918
2003-07-24,9.009065628051758
2003-07-25,9.196878433227539
2003-07-28,9.160527229309082
2003-07-29,9.063592910766602
2003-07-30,9.087823867797852
2003-07-31,9.160527229309082
2003-08-01,9.124177932739258
2003-08-04,8.972712516784668
2003-08-05,8.8818359375
2003-08-06,8.930301666259766
2003-08-07,8.942418098449707
2003-08-08,8.98482894897461
2003-08-11,9.0211820602417
2003-08-12,9.009065628051758
2003-08-13,9.045416831970215
2003-08-14,9.130234718322754
2003-08-15,9.112059593200684
2003-08-18,9.136295318603516
2003-08-19,9.099944114685059
2003-08-20,9.112059593200684
2003-08-21,9.2029390335083
2003-08-22,9.148411750793457
2003-08-25,9.057533264160156
2003-08-26,9.03935718536377
2003-08-27,9.081765174865723
2003-08-28,9.057533264160156
2003-08-29,9.063592910766602
2003-09-02,9.293814659118652
2003-09-03,9.390753746032715
2003-09-04,9.427103996276855
2003-09-05,9.475574493408203
2003-09-08,9.421050071716309
2003-09-09,9.29987621307373
2003-09-10,9.336226463317871
2003-09-11,9.215057373046875
2003-09-12,9.251407623291016
2003-09-15,9.324110984802246
2003-09-16,9.396811485290527
2003-09-17,9.330168724060059
2003-09-18,9.445281028747559
2003-09-19,9.536160469055176
2003-09-22,9.475574493408203
2003-09-23,9.511921882629395
2003-09-24,9.505865097045898
2003-09-25,9.336226463317871
2003-09-26,9.305933952331543
2003-09-29,9.330168724060059
2003-09-30,9.342286109924316
2003-10-01,9.457395553588867
2003-10-02,9.239291191101074
2003-10-03,9.154471397399902
2003-10-06,9.118117332458496
2003-10-07,9.160527229309082
2003-10-08,9.160527229309082
2003-10-09,9.390753746032715
2003-10-10,9.493749618530273
2003-10-13,9.451340675354004
2003-10-14,9.360459327697754
2003-10-15,9.275640487670898
2003-10-16,9.124177932739258
2003-10-17,9.293814659118652
2003-10-20,9.330168724060059
2003-10-21,9.439221382141113
2003-10-22,9.330168724060059
2003-10-23,9.342286109924316
2003-10-24,9.305933952331543
2003-10-27,9.421050071716309
2003-10-28,9.481633186340332
2003-10-29,9.427103996276855
2003-10-30,9.578569412231445
2003-10-31,9.675505638122559
2003-11-03,9.942081451416016
2003-11-04,9.990549087524414
2003-11-05,9.984492301940918
2003-11-06,10.075371742248535
2003-11-07,10.190484046936035
2003-11-10,10.172307014465332
2003-11-11,10.014785766601562
2003-11-12,10.154129981994629
2003-11-13,10.293476104736328
2003-11-14,10.238948822021484
2003-11-17,10.075371742248535
2003-11-18,10.148069381713867
2003-11-19,9.966315269470215
2003-11-20,9.942081451416016
2003-11-21,9.85726261138916
2003-11-24,9.669445037841797
2003-11-25,9.72397518157959
2003-11-26,9.80879020690918
2003-11-28,9.881497383117676
2003-12-01,10.087484359741211
2003-12-02,10.178364753723145
2003-12-03,10.129899024963379
2003-12-04,10.142013549804688
2003-12-05,10.039018630981445
2003-12-08,10.039018630981445
2003-12-09,9.91784954071045
2003-12-10,9.863316535949707
2003-12-11,9.978433609008789
2003-12-12,9.978433609008789
2003-12-15,9.80879020690918
2003-12-16,10.159331321716309
2003-12-17,10.284523010253906
2003-12-18,10.43475341796875
2003-12-19,10.403457641601562
2003-12-22,10.452897071838379
2003-12-23,10.478256225585938
2003-12-24,10.528965950012207
2003-12-26,10.490931510925293
2003-12-29,10.662083625793457
2003-12-30,10.75716781616211
2003-12-31,10.82689380645752
2004-01-02,10.782526969909668
2004-01-05,11.314993858337402
2004-01-06,11.36570930480957
2004-01-07,11.492486953735352
2004-01-08,11.63827896118164
2004-01-09,11.60024642944336
2004-01-12,11.60024642944336
2004-01-13,11.58122730255127
2004-01-14,11.58122730255127
2004-01-15,11.657291412353516
2004-01-16,11.701666831970215
2004-01-20,11.866480827331543
2004-01-21,11.9742431640625
2004-01-22,11.885497093200684
2004-01-23,12.082002639770508
2004-01-26,12.120037078857422
2004-01-27,12.050311088562012
2004-01-28,11.866480827331543
2004-01-29,11.58122730255127
2004-01-30,11.644618034362793
2004-02-02,12.024955749511719
2004-02-03,11.955228805541992
2004-02-04,11.885497093200684
2004-02-05,11.860140800476074
2004-02-06,12.107362747192383
2004-02-09,12.234137535095215
2004-02-10,12.196105003356934
2004-02-11,12.278512001037598
2004-02-12,12.487698554992676
2004-02-13,12.608138084411621
2004-02-17,12.74759292602539
2004-02-18,12.766609191894531
2004-02-19,12.614474296569824
2004-02-20,12.39894962310791
2004-02-23,12.196105003356934
2004-02-24,12.265838623046875
2004-02-25,12.3292236328125
2004-02-26,12.424306869506836
2004-02-27,12.48135757446289
2004-03-01,12.868032455444336
2004-03-02,12.728570938110352
2004-03-03,12.582781791687012
2004-03-04,12.918743133544922
2004-03-05,13.02016830444336
2004-03-08,12.804640769958496
2004-03-09,12.646169662475586
2004-03-10,12.468679428100586
2004-03-11,12.11369800567627
2004-03-12,12.468679428100586
2004-03-15,12.13271427154541
2004-03-16,12.265838623046875
2004-03-17,12.430647850036621
2004-03-18,12.468679428100586
2004-03-19,12.652512550354004
2004-03-22,12.360916137695312
2004-03-23,12.513052940368652
2004-03-24,12.595458984375
2004-03-25,12.931419372558594
2004-03-26,12.912407875061035
2004-03-29,12.931419372558594
2004-03-30,12.963120460510254
2004-03-31,13.15962028503418
2004-04-01,13.210331916809082
2004-04-02,13.299083709716797
2004-04-05,13.34979248046875
2004-04-06,13.305420875549316
2004-04-07,13.432195663452148
2004-04-08,13.362469673156738
2004-04-12,13.451210021972656
2004-04-13,13.146944046020508
2004-04-14,12.950440406799316
2004-04-15,12.944099426269531
2004-04-16,13.058198928833008
2004-04-19,13.01382827758789
2004-04-20,12.899725914001465
2004-04-21,12.709551811218262
2004-04-22,12.88071346282959
2004-04-23,13.02016830444336
2004-04-26,12.988472938537598
2004-04-27,12.918743133544922
2004-04-28,12.284850120544434
2004-04-29,12.012275695800781
2004-04-30,11.923529624938965
2004-05-03,12.196105003356934
2004-05-04,12.411626815795898
2004-05-05,12.240474700927734
2004-05-06,11.733366012573242
2004-05-07,11.568552017211914
2004-05-10,11.010724067687988
2004-05-11,11.631940841674805
2004-05-12,11.562213897705078
2004-05-13,11.53685474395752
2004-05-14,11.746040344238281
2004-05-17,11.403738021850586
2004-05-18,11.58122730255127
2004-05-19,11.853799819946289
2004-05-20,11.701666831970215
2004-05-21,11.784076690673828
2004-05-24,11.898177146911621
2004-05-25,12.024955749511719
2004-05-26,12.075669288635254
2004-05-27,12.234137535095215
2004-05-28,12.265838623046875
2004-06-01,12.075669288635254
2004-06-02,12.164410591125488
2004-06-03,12.075669288635254
2004-06-04,12.240474700927734
2004-06-07,12.658846855163574
2004-06-08,12.734915733337402
2004-06-09,12.411626815795898
2004-06-10,12.424306869506836
2004-06-14,12.139053344726562
2004-06-15,12.3292236328125
2004-06-16,12.3292236328125
2004-06-17,12.424306869506836
2004-06-18,12.500374794006348
2004-06-21,12.519387245178223
2004-06-22,12.405294418334961
2004-06-23,12.360916137695312
2004-06-24,12.424306869506836
2004-06-25,12.392611503601074
2004-06-28,12.177087783813477
2004-06-29,12.183427810668945
2004-06-30,12.35457992553711
2004-07-01,12.360916137695312
2004-07-02,12.278512001037598
2004-07-06,12.145394325256348
2004-07-07,11.986923217773438
2004-07-08,11.961565017700195
2004-07-09,12.031291961669922
2004-07-12,12.120037078857422
2004-07-13,11.942548751831055
2004-07-14,11.7523832321167
2004-07-15,11.63827896118164
2004-07-16,11.917186737060547
2004-07-19,11.866480827331543
2004-07-20,12.012275695800781
2004-07-21,11.885497093200684
2004-07-22,11.93620777130127
2004-07-23,11.784076690673828
2004-07-26,11.695330619812012
2004-07-27,11.967902183532715
2004-07-28,11.955228805541992
2004-07-29,12.088343620300293
2004-07-30,12.069328308105469
2004-08-02,12.107362747192383
2004-08-03,12.139053344726562
2004-08-04,11.910856246948242
2004-08-05,12.018617630004883
2004-08-06,11.733366012573242
2004-08-09,11.676312446594238
2004-08-10,11.79041862487793
2004-08-11,11.676312446594238
2004-08-12,11.657291412353516
2004-08-13,11.758716583251953
2004-08-16,11.898177146911621
2004-08-17,12.050311088562012
2004-08-18,12.120037078857422
2004-08-19,12.15173053741455
2004-08-20,12.215124130249023
2004-08-23,12.164410591125488
2004-08-24,12.24681568145752
2004-08-25,12.272171974182129
2004-08-26,12.265838623046875
2004-08-27,12.253154754638672
2004-08-30,12.170748710632324
2004-08-31,12.310206413269043
2004-09-01,12.360916137695312
2004-09-02,12.3292236328125
2004-09-03,12.24681568145752
2004-09-07,12.348238945007324
2004-09-08,12.392611503601074
2004-09-09,12.462340354919434
2004-09-10,12.494032859802246
2004-09-13,12.52573013305664
2004-09-14,12.646169662475586
2004-09-15,12.595458984375
2004-09-16,12.734915733337402
2004-09-17,12.92508316040039
2004-09-20,12.937760353088379
2004-09-21,13.0391845703125
2004-09-22,12.893386840820312
2004-09-23,12.804640769958496
2004-09-24,12.944099426269531
2004-09-27,12.760270118713379
2004-09-28,12.931419372558594
2004-09-29,13.01382827758789
2004-09-30,12.963120460510254
2004-10-01,13.229351997375488
2004-10-04,13.394161224365234
2004-10-05,13.343451499938965
2004-10-06,13.337113380432129
2004-10-07,13.36880874633789
2004-10-08,13.15962028503418
2004-10-11,13.172301292419434
2004-10-12,13.254708290100098
2004-10-13,13.089898109436035
2004-10-14,12.88071346282959
2004-10-15,12.99481201171875
2004-10-18,13.01382827758789
2004-10-19,13.007490158081055
2004-10-20,13.045525550842285
2004-10-21,13.184980392456055
2004-10-22,13.140604972839355
2004-10-25,13.058198928833008
2004-10-26,13.330772399902344
2004-10-27,13.520940780639648
2004-10-28,13.44487476348877
2004-10-29,13.603349685668945
2004-11-01,13.72379207611084
2004-11-02,13.787178993225098
2004-11-03,14.07243824005127
2004-11-04,14.16751480102539
2004-11-05,14.16751480102539
2004-11-08,14.015377044677734
2004-11-09,14.021720886230469
2004-11-10,14.097785949707031
2004-11-11,14.294294357299805
2004-11-12,14.319644927978516
2004-11-15,14.338659286499023
2004-11-16,14.319644927978516
2004-11-17,14.459107398986816
2004-11-18,14.433749198913574
2004-11-19,14.129481315612793
2004-11-22,14.161173820495605
2004-11-23,14.237242698669434
2004-11-24,14.370363235473633
2004-11-26,14.604896545410156
2004-11-29,14.687304496765137
2004-11-30,14.782392501831055
2004-12-01,15.023268699645996
2004-12-02,14.883813858032227
2004-12-03,14.985236167907715
2004-12-06,14.92818832397461
2004-12-07,14.782392501831055
2004-12-08,14.70632266998291
2004-12-09,14.731680870056152
2004-12-10,14.75069522857666
2004-12-13,14.947200775146484
2004-12-14,15.2134370803833
2004-12-15,15.340211868286133
2004-12-16,15.219770431518555
2004-12-17,15.289502143859863
2004-12-20,15.435291290283203
2004-12-21,15.600111961364746
2004-12-22,15.80929183959961
2004-12-23,15.865066528320312
2004-12-27,15.935580253601074
2004-12-28,15.941984176635742
2004-12-29,16.025320053100586
2004-12-30,16.140701293945312
2004-12-31,16.127880096435547
2005-01-03,16.025320053100586
2005-01-04,15.48686695098877
2005-01-05,15.339441299438477
2005-01-06,15.320205688476562
2005-01-07,15.262514114379883
2005-01-10,15.192001342773438
2005-01-11,14.9996976852417
2005-01-12,15.185592651367188
2005-01-13,15.159948348999023
2005-01-14,15.550969123840332
2005-01-18,15.788145065307617
2005-01-19,15.807374954223633
2005-01-20,15.371484756469727
2005-01-21,15.326613426208496
2005-01-24,15.403534889221191
2005-01-25,15.518919944763184
2005-01-26,15.852238655090332
2005-01-27,15.845829963684082
2005-01-28,15.858656883239746
2005-01-31,16.083011627197266
2005-02-01,16.39710807800293
2005-02-02,16.46761703491211
2005-02-03,16.493255615234375
2005-02-04,16.64069175720215
2005-02-07,16.659923553466797
2005-02-08,16.544538497924805
2005-02-09,16.871456146240234
2005-02-10,16.96760368347168
2005-02-11,17.057350158691406
2005-02-14,16.897098541259766
2005-02-15,16.948375701904297
2005-02-16,16.91632843017578
2005-02-17,16.826583862304688
2005-02-18,16.794532775878906
2005-02-22,16.704788208007812
2005-02-23,16.762483596801758
2005-02-24,16.954788208007812
2005-02-25,17.339393615722656
2005-02-28,17.217605590820312
2005-03-01,17.204782485961914
2005-03-02,17.121448516845703
2005-03-03,17.076580047607422
2005-03-04,17.268882751464844
2005-03-07,17.4099063873291
2005-03-08,17.249650955200195
2005-03-09,17.057350158691406
2005-03-10,16.653507232666016
2005-03-11,16.820173263549805
2005-03-14,16.28813362121582
2005-03-15,16.044551849365234
2005-03-16,15.916349411010742
2005-03-17,16.070188522338867
2005-03-18,16.006088256835938
2005-03-21,15.768915176391602
2005-03-22,15.768915176391602
2005-03-23,15.42276382446289
2005-03-24,15.448408126831055
2005-03-28,15.38431167602539
2005-03-29,15.147126197814941
2005-03-30,15.339441299438477
2005-03-31,15.467644691467285
2005-04-01,15.54455852508545
2005-04-04,15.320205688476562
2005-04-05,15.050978660583496
2005-04-06,14.877903938293457
2005-04-07,15.294564247131348
2005-04-08,15.416360855102539
2005-04-11,15.38431167602539
2005-04-12,15.538147926330566
2005-04-13,15.345846176147461
2005-04-14,15.070208549499512
2005-04-15,14.7176513671875
2005-04-18,14.615094184875488
2005-04-19,15.025341033935547
2005-04-20,14.647139549255371
2005-04-21,14.9740629196167
2005-04-22,14.826620101928711
2005-04-25,15.38431167602539
2005-04-26,15.563786506652832
2005-04-27,15.38431167602539
2005-04-28,14.871496200561523
2005-04-29,15.095850944519043
2005-05-02,15.230463027954102
2005-05-03,15.300976753234863
2005-05-04,15.897117614746094
2005-05-05,15.826606750488281
2005-05-06,15.929167747497559
2005-05-09,15.845829963684082
2005-05-10,15.550969123840332
2005-05-11,15.621482849121094
2005-05-12,15.480454444885254
2005-05-13,15.320205688476562
2005-05-16,15.512507438659668
2005-05-17,15.647120475769043
2005-05-18,16.121463775634766
2005-05-19,16.204801559448242
2005-05-20,16.294544219970703
2005-05-23,16.416332244873047
2005-05-24,16.435562133789062
2005-05-25,16.480438232421875
2005-05-26,16.621463775634766
2005-05-27,16.724027633666992
2005-05-31,16.583003997802734
2005-06-01,16.826583862304688
2005-06-02,17.012483596801758
2005-06-03,16.736841201782227
2005-06-06,16.724027633666992
2005-06-07,16.608642578125
2005-06-08,16.557357788085938
2005-06-09,16.69197654724121
2005-06-10,16.704788208007812
2005-06-13,16.909914016723633
2005-06-14,17.115041732788086
2005-06-15,17.307348251342773
2005-06-16,17.352214813232422
2005-06-17,17.499649047851562
2005-06-20,17.550926208496094
2005-06-21,17.441951751708984
2005-06-22,17.326574325561523
2005-06-23,17.134267807006836
2005-06-24,17.031709671020508
2005-06-27,17.19195556640625
2005-06-28,17.307348251342773
2005-06-29,17.461183547973633
2005-06-30,17.358625411987305
2005-07-01,17.435546875
2005-07-05,17.615032196044922
2005-07-06,17.852203369140625
2005-07-07,17.865022659301758
2005-07-08,17.98040771484375
2005-07-11,17.877843856811523
2005-07-12,18.025279998779297
2005-07-13,18.172710418701172
2005-07-14,18.281686782836914
2005-07-15,18.191944122314453
2005-07-18,18.121427536010742
2005-07-19,18.512447357177734
2005-07-20,18.672700881958008
2005-07-21,18.64065170288086
2005-07-22,18.65987777709961
2005-07-25,18.2368106842041
2005-07-26,18.345787048339844
2005-07-27,18.51885986328125
2005-07-28,18.762441635131836
2005-07-29,18.86500358581543
2005-08-01,19.236791610717773
2005-08-02,19.34575843811035
2005-08-03,19.217565536499023
2005-08-04,19.19832992553711
2005-08-05,18.948339462280273
2005-08-08,19.050893783569336
2005-08-09,19.243209838867188
2005-08-10,19.384220123291016
2005-08-11,19.544477462768555
2005-08-12,19.339353561401367
2005-08-15,19.64703941345215
2005-08-16,19.0765380859375
2005-08-17,19.07012939453125
2005-08-18,19.050893783569336
2005-08-19,18.986799240112305
2005-08-22,19.179100036621094
2005-08-23,18.980388641357422
2005-08-24,18.723976135253906
2005-08-25,18.897052764892578
2005-08-26,18.647056579589844
2005-08-29,18.55091667175293
2005-08-30,18.198354721069336
2005-08-31,18.743213653564453
2005-09-01,19.1021728515625
2005-09-02,19.550888061523438
2005-09-06,20.031648635864258
2005-09-07,20.031648635864258
2005-09-08,19.807287216186523
2005-09-09,19.999597549438477
2005-09-12,19.98036766052246
2005-09-13,19.5893497467041
2005-09-14,19.749603271484375
2005-09-15,19.954727172851562
2005-09-16,20.191896438598633
2005-09-19,20.191896438598633
2005-09-20,20.159849166870117
2005-09-21,20.48035430908203
2005-09-22,20.30728530883789
2005-09-23,20.313692092895508
2005-09-26,20.422664642333984
2005-09-27,20.352153778076172
2005-09-28,20.525224685668945
2005-09-29,20.627788543701172
2005-09-30,20.999574661254883
2005-10-03,21.114959716796875
2005-10-04,20.986757278442383
2005-10-05,20.589326858520508
2005-10-06,19.704727172851562
2005-10-07,20.140613555908203
2005-10-10,20.070110321044922
2005-10-11,20.09575080871582
2005-10-12,19.34575843811035
2005-10-13,19.07012939453125
2005-10-14,19.121410369873047
2005-10-17,19.666269302368164
2005-10-18,19.364988327026367
2005-10-19,19.486787796020508
2005-10-20,19.018848419189453
2005-10-21,19.16628074645996
2005-10-24,19.85857582092285
2005-10-25,19.78165626525879
2005-10-26,20.04446792602539
2005-10-27,19.807287216186523
2005-10-28,20.10856819152832
2005-10-31,20.557281494140625
2005-11-01,20.717531204223633
2005-11-02,20.84573745727539
2005-11-03,20.570096969604492
2005-11-04,20.83291244506836
2005-11-07,20.897014617919922
2005-11-08,20.864965438842773
2005-11-09,20.83291244506836
2005-11-10,21.12778091430664
2005-11-11,21.159833908081055
2005-11-14,21.326492309570312
2005-11-15,21.288036346435547
2005-11-16,21.409826278686523
2005-11-17,21.64059066772461
2005-11-18,21.70468521118164
2005-11-21,22.0828914642334
2005-11-22,22.281600952148438
2005-11-23,22.134170532226562
2005-11-25,22.332876205444336
2005-11-28,22.26236915588379
2005-11-29,21.993144989013672
2005-11-30,22.179035186767578
2005-12-01,22.72390365600586
2005-12-02,22.967485427856445
2005-12-05,23.10850715637207
2005-12-06,23.44183349609375
2005-12-07,23.102100372314453
2005-12-08,22.832870483398438
2005-12-09,22.93543243408203
2005-12-12,23.102100372314453
2005-12-13,23.390554428100586
2005-12-14,23.42901611328125
2005-12-15,23.287996292114258
2005-12-16,23.050813674926758
2005-12-19,22.82004737854004
2005-12-20,23.050813674926758
2005-12-21,23.352096557617188
2005-12-22,23.30722427368164
2005-12-23,23.278644561767578
2005-12-27,23.09028434753418
2005-12-28,22.798006057739258
2005-12-29,23.291635513305664
2005-12-30,23.194210052490234
2006-01-03,24.16847801208496
2006-01-04,24.62314796447754
2006-01-05,24.29188346862793
2006-01-06,24.649124145507812
2006-01-09,24.99336814880371
2006-01-10,24.590667724609375
2006-01-11,25.038829803466797
2006-01-12,24.876455307006836
2006-01-13,24.792009353637695
2006-01-17,24.194459915161133
2006-01-18,24.02558708190918
2006-01-19,24.428295135498047
2006-01-20,24.090543746948242
2006-01-23,24.213937759399414
2006-01-24,24.908935546875
2006-01-25,24.915422439575195
2006-01-26,25.415555953979492
2006-01-27,25.233686447143555
2006-01-30,25.071306228637695
2006-01-31,25.227190017700195
2006-02-01,25.402559280395508
2006-02-02,25.110280990600586
2006-02-03,24.779027938842773
2006-02-06,24.889446258544922
2006-02-07,24.454273223876953
2006-02-08,24.40230369567871
2006-02-09,24.545202255249023
2006-02-10,24.142501831054688
2006-02-13,23.479999542236328
2006-02-14,23.817745208740234
2006-02-15,24.032087326049805
2006-02-16,24.53870391845703
2006-02-17,24.70757484436035
2006-02-21,24.53221321105957
2006-02-22,24.9414005279541
2006-02-23,25.233686447143555
2006-02-24,25.272653579711914
2006-02-27,25.116771697998047
2006-02-28,24.869962692260742
2006-03-01,25.454517364501953
2006-03-02,25.35059356689453
2006-03-03,25.201208114624023
2006-03-06,24.779027938842773
2006-03-07,24.161991119384766
2006-03-08,23.79825210571289
2006-03-09,23.791763305664062
2006-03-10,23.902183532714844
2006-03-13,24.22693634033203
2006-03-14,24.7855281829834
2006-03-15,25.04532814025879
2006-03-16,25.20771026611328
2006-03-17,25.337610244750977
2006-03-20,25.493486404418945
2006-03-21,25.038829803466797
2006-03-22,25.279150009155273
2006-03-23,24.75954246520996
2006-03-24,25.00635528564453
2006-03-27,24.74004364013672
2006-03-28,24.2594051361084
2006-03-29,24.584165573120117
2006-03-30,24.766040802001953
2006-03-31,24.90243148803711
2006-04-03,25.422046661376953
2006-04-04,25.42854118347168
2006-04-05,25.62339973449707
2006-04-06,25.344104766845703
2006-04-07,24.714080810546875
2006-04-10,24.733558654785156
2006-04-11,24.577678680419922
2006-04-12,24.68160057067871
2006-04-13,24.506229400634766
2006-04-17,25.01934242248535
2006-04-18,25.629901885986328
2006-04-19,25.564939498901367
2006-04-20,25.467512130737305
2006-04-21,25.688350677490234
2006-04-24,25.60391616821289
2006-04-25,25.564939498901367
2006-04-26,26.058568954467773
2006-04-27,25.798765182495117
2006-04-28,26.305391311645508
2006-05-01,26.44178581237793
2006-05-02,27.162744522094727
2006-05-03,27.3121337890625
2006-05-04,27.500492095947266
2006-05-05,27.701845169067383
2006-05-08,28.059080123901367
2006-05-09,28.435792922973633
2006-05-10,28.357860565185547
2006-05-11,27.688859939575195
2006-05-12,26.760042190551758
2006-05-15,26.240440368652344
2006-05-16,26.565200805664062
2006-05-17,25.4090576171875
2006-05-18,25.285654067993164
2006-05-19,25.25967025756836
2006-05-22,24.148996353149414
2006-05-23,23.772274017333984
2006-05-24,23.58391761779785
2006-05-25,24.590667724609375
2006-05-26,24.817996978759766
2006-05-30,23.479999542236328
2006-05-31,23.363086700439453
2006-06-01,24.161991119384766
2006-06-02,24.551692962646484
2006-06-05,23.674848556518555
2006-06-06,23.376070022583008
2006-06-07,22.7915096282959
2006-06-08,22.603151321411133
2006-06-09,21.986108779907227
2006-06-12,21.03131866455078
2006-06-13,20.453250885009766
2006-06-14,20.829973220825195
2006-06-15,22.232929229736328
2006-06-16,22.109516143798828
2006-06-19,21.434024810791016
2006-06-20,21.856210708618164
2006-06-21,22.746047973632812
2006-06-22,22.609647750854492
2006-06-23,22.99285125732422
2006-06-26,22.7590274810791
2006-06-27,22.187456130981445
2006-06-28,22.577165603637695
2006-06-29,23.869707107543945
2006-06-30,24.12950897216797
2006-07-03,25.52596664428711
2006-07-05,24.68160057067871
2006-07-06,25.584423065185547
2006-07-07,25.24018096923828
2006-07-10,25.032339096069336
2006-07-11,24.96088981628418
2006-07-12,24.590667724609375
2006-07-13,23.73980140686035
2006-07-14,23.291635513305664
2006-07-17,23.460512161254883
2006-07-18,24.278900146484375
2006-07-19,25.68186378479004
2006-07-20,25.136260986328125
2006-07-21,24.792009353637695
2006-07-24,25.714332580566406
2006-07-25,25.837743759155273
2006-07-26,25.480501174926758
2006-07-27,25.954648971557617
2006-07-28,26.4352970123291
2006-07-31,25.870208740234375
2006-08-01,25.655864715576172
2006-08-02,25.948152542114258
2006-08-03,26.02608871459961
2006-08-04,26.350841522216797
2006-08-07,26.409311294555664
2006-08-08,26.162500381469727
2006-08-09,25.909181594848633
2006-08-10,25.948152542114258
2006-08-11,26.175485610961914
2006-08-14,26.078060150146484
2006-08-15,26.643138885498047
2006-08-16,27.08480453491211
2006-08-17,27.14327049255371
2006-08-18,27.13677215576172
2006-08-21,26.90294075012207
2006-08-22,26.922435760498047
2006-08-23,26.422300338745117
2006-08-24,26.344362258911133
2006-08-25,26.493745803833008
2006-08-28,27.104291915893555
2006-08-29,27.234189987182617
2006-08-30,27.357601165771484
2006-08-31,26.870460510253906
2006-09-01,27.286161422729492
2006-09-05,27.42905616760254
2006-09-06,26.53271484375
2006-09-07,26.396318435668945
2006-09-08,26.383319854736328
2006-09-11,26.09754180908203
2006-09-12,26.922435760498047
2006-09-13,27.32512664794922
2006-09-14,27.214719772338867
2006-09-15,27.468032836914062
2006-09-18,28.05259132385254
2006-09-19,27.688859939575195
2006-09-20,28.098045349121094
2006-09-21,27.32512664794922
2006-09-22,27.07831382751465
2006-09-25,27.396577835083008
2006-09-26,27.773292541503906
2006-09-27,27.688859939575195
2006-09-28,27.98763656616211
2006-09-29,28.06557273864746
2006-10-02,27.662874221801758
2006-10-03,27.448528289794922
2006-10-04,28.305898666381836
2006-10-05,28.760560989379883
2006-10-06,28.559206008911133
2006-10-09,28.448793411254883
2006-10-10,28.825511932373047
2006-10-11,28.825511932373047
2006-10-12,29.526979446411133
2006-10-13,29.890718460083008
2006-10-16,30.007627487182617
2006-10-17,29.669885635375977
2006-10-18,29.975156784057617
2006-10-19,30.254446029663086
2006-10-20,30.260936737060547
2006-10-23,30.371355056762695
2006-10-24,30.475284576416016
2006-10-25,30.722089767456055
2006-10-26,30.839014053344727
2006-10-27,29.929685592651367
2006-10-30,29.163257598876953
2006-10-31,30.183006286621094
2006-11-01,30.066082000732422
2006-11-02,29.70885467529297
2006-11-03,29.910192489624023
2006-11-06,30.71559715270996
2006-11-07,30.494752883911133
2006-11-08,30.754573822021484
2006-11-09,30.611684799194336
2006-11-10,30.5856876373291
2006-11-13,30.936443328857422
2006-11-14,31.176767349243164
2006-11-15,31.30015754699707
2006-11-16,30.98189353942871
2006-11-17,30.916954040527344
2006-11-20,31.111799240112305
2006-11-21,31.339136123657227
2006-11-22,31.436561584472656
2006-11-24,31.34564208984375
2006-11-27,30.527233123779297
2006-11-28,30.559711456298828
2006-11-29,31.339136123657227
2006-11-30,31.339136123657227
2006-12-01,31.014379501342773
2006-12-04,32.112056732177734
2006-12-05,32.651161193847656
2006-12-06,32.573211669921875
2006-12-07,32.55372619628906
2006-12-08,32.84600067138672
2006-12-11,32.80054473876953
2006-12-12,32.378360748291016
2006-12-13,32.53425216674805
2006-12-14,32.99540328979492
2006-12-15,33.047359466552734
2006-12-18,32.87848663330078
2006-12-19,32.59270477294922
2006-12-20,32.4255485534668
2006-12-21,32.44522476196289
2006-12-22,32.209266662597656
2006-12-26,32.510772705078125
2006-12-27,33.06791687011719
2006-12-28,33.26454544067383
2006-12-29,33.59227752685547
2007-01-03,33.887229919433594
2007-01-04,33.59227752685547
2007-01-05,32.80571746826172
2007-01-08,33.02202224731445
2007-01-09,32.117488861083984
2007-01-10,32.44522476196289
2007-01-11,32.8385009765625
2007-01-12,33.00236511230469
2007-01-16,33.17279052734375
2007-01-17,33.231781005859375
2007-01-18,32.86471939086914
2007-01-19,33.10068130493164
2007-01-22,33.126895904541016
2007-01-23,33.723365783691406
2007-01-24,34.411598205566406
2007-01-25,33.29732131958008
2007-01-26,33.48740005493164
2007-01-29,33.10723876953125
2007-01-30,33.762691497802734
2007-01-31,34.36572265625
2007-02-01,34.988399505615234
2007-02-02,35.02772521972656
2007-02-05,35.09982681274414
2007-02-06,35.38823318481445
2007-02-07,35.44723129272461
2007-02-08,35.68318557739258
2007-02-09,35.13260269165039
2007-02-12,34.99495315551758
2007-02-13,35.64385986328125
2007-02-14,36.24687576293945
2007-02-15,36.12236404418945
2007-02-16,36.050254821777344
2007-02-20,36.06989288330078
2007-02-21,36.207557678222656
2007-02-22,36.07646942138672
2007-02-23,35.919151306152344
2007-02-26,35.158809661865234
2007-02-27,32.30757141113281
2007-02-28,33.087581634521484
2007-03-01,32.79261779785156
2007-03-02,32.26823806762695
2007-03-05,31.553804397583008
2007-03-06,32.70740509033203
2007-03-07,32.24202346801758
2007-03-08,33.251441955566406
2007-03-09,33.644718170166016
2007-03-12,33.788917541503906
2007-03-13,32.70085144042969
2007-03-14,33.126895904541016
2007-03-15,33.33008575439453
2007-03-16,32.96957778930664
2007-03-19,33.651268005371094
2007-03-20,33.939666748046875
2007-03-21,35.30957794189453
2007-03-22,35.480003356933594
2007-03-23,35.427555084228516
2007-03-26,35.25713348388672
2007-03-27,35.06706619262695
2007-03-28,34.896636962890625
2007-03-29,35.75529098510742
2007-03-30,35.41445541381836
2007-04-02,36.666378021240234
2007-04-03,37.026885986328125
2007-04-04,36.82368469238281
2007-04-05,36.961341857910156
2007-04-09,37.25628662109375
2007-04-10,37.157962799072266
2007-04-11,36.64671325683594
2007-04-12,37.22352600097656
2007-04-13,37.354610443115234
2007-04-16,37.295616149902344
2007-04-17,37.27595901489258
2007-04-18,37.0531120300293
2007-04-19,37.098968505859375
2007-04-20,37.43326950073242
2007-04-23,37.06620788574219
2007-04-24,36.935115814208984
2007-04-25,37.03343963623047
2007-04-26,36.9678955078125
2007-04-27,37.00065994262695
2007-04-30,36.279659271240234
2007-05-01,36.279659271240234
2007-05-02,37.12519454956055
2007-05-03,37.702003479003906
2007-05-04,38.19359588623047
2007-05-07,38.21981430053711
2007-05-08,37.88552474975586
2007-05-09,38.849063873291016
2007-05-10,37.87242126464844
2007-05-11,38.77041244506836
2007-05-14,38.15426254272461
2007-05-15,38.2132682800293
2007-05-16,39.4193115234375
2007-05-17,39.30132293701172
2007-05-18,39.71426010131836
2007-05-21,39.95022964477539
2007-05-22,40.11410140991211
2007-05-23,40.2386360168457
2007-05-24,39.26199722290039
2007-05-25,39.74702453613281
2007-05-29,40.03544235229492
2007-05-30,41.26114273071289
2007-05-31,41.20215606689453
2007-06-01,42.028038024902344
2007-06-04,42.04768371582031
2007-06-05,41.85106658935547
2007-06-06,40.82854461669922
2007-06-07,39.661827087402344
2007-06-08,40.56635665893555
2007-06-11,41.09073257446289
2007-06-12,40.40250015258789
2007-06-13,40.95308303833008
2007-06-14,41.47744369506836
2007-06-15,42.08047866821289
2007-06-18,42.17878723144531
2007-06-19,41.98215103149414
2007-06-20,41.025184631347656
2007-06-21,41.3332405090332
2007-06-22,41.28081130981445
2007-06-25,40.579471588134766
2007-06-26,39.812583923339844
2007-06-27,40.14030838012695
2007-06-28,40.56635665893555
2007-06-29,40.54669952392578
2007-07-02,40.99895095825195
2007-07-03,41.41189956665039
2007-07-05,42.08047866821289
2007-07-06,42.46064758300781
2007-07-09,41.89038848876953
2007-07-10,41.07106018066406
2007-07-11,41.40535354614258
2007-07-12,42.08047866821289
2007-07-13,42.01493453979492
2007-07-16,41.7855224609375
2007-07-17,41.37912368774414
2007-07-18,40.95964431762695
2007-07-19,41.49055480957031
2007-07-20,41.025184631347656
2007-07-23,41.392234802246094
2007-07-24,40.17963790893555
2007-07-25,39.53072738647461
2007-07-26,37.800315856933594
2007-07-27,37.688899993896484
2007-07-30,39.032588958740234
2007-07-31,38.53443908691406
2007-08-01,38.14772415161133
2007-08-02,38.514774322509766
2007-08-03,37.16452407836914
2007-08-06,37.18418884277344
2007-08-07,38.12805938720703
2007-08-08,39.09812927246094
2007-08-09,37.446380615234375
2007-08-10,37.05965042114258
2007-08-13,37.27595901489258
2007-08-14,36.58116912841797
2007-08-15,35.03428649902344
2007-08-16,34.77865982055664
2007-08-17,35.95193099975586
2007-08-20,35.56520080566406
2007-08-21,35.558650970458984
2007-08-22,37.12519454956055
2007-08-23,37.28251647949219
2007-08-24,38.15426254272461
2007-08-27,38.14772415161133
2007-08-28,36.423858642578125
2007-08-29,37.354610443115234
2007-08-30,37.18418884277344
2007-08-31,38.311580657958984
2007-09-04,39.06534957885742
2007-09-05,38.52788543701172
2007-09-06,38.737632751464844
2007-09-07,37.584014892578125
2007-09-10,37.1383171081543
2007-09-11,37.83308792114258
2007-09-12,37.47258758544922
2007-09-13,37.688899993896484
2007-09-14,37.380821228027344
2007-09-17,36.80402374267578
2007-09-18,38.41645050048828
2007-09-19,38.27226638793945
2007-09-20,38.069053649902344
2007-09-21,37.96417999267578
2007-09-24,38.09528350830078
2007-09-25,37.839637756347656
2007-09-26,37.983848571777344
2007-09-27,38.481990814208984
2007-09-28,38.53443908691406
2007-10-01,39.24232864379883
2007-10-02,40.225521087646484
2007-10-03,39.6356201171875
2007-10-04,39.629058837890625
2007-10-05,40.37626647949219
2007-10-08,40.527042388916016
2007-10-09,40.704010009765625
2007-10-10,40.83509826660156
2007-10-11,40.933414459228516
2007-10-12,41.72652053833008
2007-10-15,41.04484558105469
2007-10-16,41.04484558105469
2007-10-17,41.75273513793945
2007-10-18,41.69374465942383
2007-10-19,40.11410140991211
2007-10-22,40.06822204589844
2007-10-23,40.95964431762695
2007-10-24,40.58602523803711
2007-10-25,40.2124137878418
2007-10-26,40.90065002441406
2007-10-29,41.07106018066406
2007-10-30,40.343502044677734
2007-10-31,40.55980682373047
2007-11-01,39.360313415527344
2007-11-02,39.05226135253906
2007-11-05,38.278812408447266
2007-11-06,38.842491149902344
2007-11-07,37.41360092163086
2007-11-08,37.12519454956055
2007-11-09,36.47630310058594
2007-11-12,35.09982681274414
2007-11-13,37.08586502075195
2007-11-14,37.36772537231445
2007-11-15,36.71881103515625
2007-11-16,37.23662567138672
2007-11-19,35.78806686401367
2007-11-20,36.55494689941406
2007-11-21,35.38168716430664
2007-11-23,35.82085037231445
2007-11-26,34.72622299194336
2007-11-27,35.394798278808594
2007-11-28,36.987545013427734
2007-11-29,37.24972152709961
2007-11-30,38.036285400390625
2007-12-03,38.0821647644043
2007-12-04,37.92486572265625
2007-12-05,38.93428039550781
2007-12-06,39.6552734375
2007-12-07,39.82569122314453
2007-12-10,39.77981185913086
2007-12-11,38.21981430053711
2007-12-12,38.7507438659668
2007-12-13,38.17393493652344
2007-12-14,38.0821647644043
2007-12-17,36.594268798828125
2007-12-18,36.82368469238281
2007-12-19,36.65325927734375
2007-12-20,37.02465057373047
2007-12-21,37.88631820678711
2007-12-24,38.47410202026367
2007-12-26,38.44072341918945
2007-12-27,38.00654220581055
2007-12-28,37.83955764770508
2007-12-31,37.40538787841797
2008-01-02,36.483604431152344
2008-01-03,36.93781280517578
2008-01-04,35.668697357177734
2008-01-07,35.795623779296875
2008-01-08,35.668697357177734
2008-01-09,36.10956573486328
2008-01-10,36.9979362487793
2008-01-11,36.71071243286133
2008-01-14,36.55040740966797
2008-01-15,35.17441940307617
2008-01-16,34.332801818847656
2008-01-17,33.21063995361328
2008-01-18,33.851871490478516
2008-01-22,33.75168228149414
2008-01-23,35.040828704833984
2008-01-24,35.641990661621094
2008-01-25,34.80036926269531
2008-01-28,35.28797912597656
2008-01-29,36.203067779541016
2008-01-30,36.350013732910156
2008-01-31,37.05137252807617
2008-02-01,37.93974304199219
2008-02-04,37.832881927490234
2008-02-05,35.96928405761719
2008-02-06,35.78894805908203
2008-02-07,36.29658508300781
2008-02-08,36.22978591918945
2008-02-11,37.171600341796875
2008-02-12,37.29850387573242
2008-02-13,37.93974304199219
2008-02-14,37.57237243652344
2008-02-15,37.004608154296875
2008-02-19,37.22504425048828
2008-02-20,37.752716064453125
2008-02-21,37.478858947753906
2008-02-22,38.09336853027344
2008-02-25,38.7813720703125
2008-02-26,39.10866928100586
2008-02-27,39.66307067871094
2008-02-28,39.048545837402344
2008-02-29,37.124855041503906
2008-03-03,37.84622573852539
2008-03-04,37.505584716796875
2008-03-05,37.705955505371094
2008-03-06,36.483604431152344
2008-03-07,36.370059967041016
2008-03-10,35.70211410522461
2008-03-11,37.95310974121094
2008-03-12,37.51226043701172
2008-03-13,38.28708267211914
2008-03-14,37.171600341796875
2008-03-17,36.40345001220703
2008-03-18,38.1401252746582
2008-03-19,36.70403289794922
2008-03-20,37.111488342285156
2008-03-24,38.38726806640625
2008-03-25,38.734596252441406
2008-03-26,38.68117904663086
2008-03-27,38.74129104614258
2008-03-28,38.50082778930664
2008-03-31,39.476043701171875
2008-04-01,41.28620147705078
2008-04-02,40.9455451965332
2008-04-03,41.23275375366211
2008-04-04,40.73846435546875
2008-04-07,41.13924026489258
2008-04-08,40.91881561279297
2008-04-09,40.16403579711914
2008-04-10,40.7785530090332
2008-04-11,40.090545654296875
2008-04-14,40.15734100341797
2008-04-15,40.270904541015625
2008-04-16,41.07912826538086
2008-04-17,40.7785530090332
2008-04-18,40.95221710205078
2008-04-21,41.01233673095703
2008-04-22,41.25947189331055
2008-04-23,41.019020080566406
2008-04-24,41.11252975463867
2008-04-25,39.91020584106445
2008-04-28,39.5161247253418
2008-04-29,38.68117904663086
2008-04-30,39.028507232666016
2008-05-01,39.11534881591797
2008-05-02,39.6096305847168
2008-05-05,40.14399719238281
2008-05-06,40.538082122802734
2008-05-07,39.71650314331055
2008-05-08,39.83674240112305
2008-05-09,39.569557189941406
2008-05-12,39.91020584106445
2008-05-13,40.19743728637695
2008-05-14,40.798587799072266
2008-05-15,41.18599319458008
2008-05-16,41.352989196777344
2008-05-19,41.733726501464844
2008-05-20,41.28620147705078
2008-05-21,40.80527114868164
2008-05-22,41.11252975463867
2008-05-23,40.71175765991211
2008-05-27,41.18599319458008
2008-05-28,41.540008544921875
2008-05-29,41.80051040649414
2008-05-30,42.067684173583984
2008-06-02,41.45985412597656
2008-06-03,40.998966217041016
2008-06-04,41.105857849121094
2008-06-05,41.773807525634766
2008-06-06,40.46461486816406
2008-06-09,40.4178466796875
2008-06-10,39.676429748535156
2008-06-11,39.12871551513672
2008-06-12,39.66975021362305
2008-06-13,39.89684295654297
2008-06-16,39.83674240112305
2008-06-17,39.208866119384766
2008-06-18,38.39396667480469
2008-06-19,38.70120620727539
2008-06-20,38.4941520690918
2008-06-23,38.15349197387695
2008-06-24,38.20024108886719
2008-06-25,38.84770965576172
2008-06-26,37.9169921875
2008-06-27,38.254215240478516
2008-06-30,38.4025764465332
2008-07-01,37.68093490600586
2008-07-02,37.100914001464844
2008-07-03,36.918819427490234
2008-07-07,36.71648406982422
2008-07-08,37.323486328125
2008-07-09,36.35902786254883
2008-07-10,36.39275360107422
2008-07-11,36.089256286621094
2008-07-14,35.71156692504883
2008-07-15,35.65760803222656
2008-07-16,36.80415725708008
2008-07-17,36.952545166015625
2008-07-18,37.377437591552734
2008-07-21,37.22905731201172
2008-07-22,36.918819427490234
2008-07-23,36.9727668762207
2008-07-24,35.691341400146484
2008-07-25,35.98133850097656
2008-07-28,35.64411163330078
2008-07-29,36.55461883544922
2008-07-30,36.912071228027344
2008-07-31,36.487178802490234
2008-08-01,36.27809143066406
2008-08-04,35.83971405029297
2008-08-05,36.66926574707031
2008-08-06,37.0604362487793
2008-08-07,36.23762893676758
2008-08-08,36.20390319824219
2008-08-11,35.873435974121094
2008-08-12,35.30690002441406
2008-08-13,35.61715316772461
2008-08-14,36.419734954833984
2008-08-15,36.48042678833008
2008-08-18,35.799251556396484
2008-08-19,36.00831985473633
2008-08-20,36.170188903808594
2008-08-21,36.102745056152344
2008-08-22,36.062278747558594
2008-08-25,35.46878433227539
2008-08-26,34.88201141357422
2008-08-27,35.23271560668945
2008-08-28,35.40806579589844
2008-08-29,35.21247863769531
2008-09-02,35.2192268371582
2008-09-03,34.83479690551758
2008-09-04,34.13338851928711
2008-09-05,34.09966278076172
2008-09-08,34.713401794433594
2008-09-09,33.45219421386719
2008-09-10,33.15544509887695
2008-09-11,32.9328727722168
2008-09-12,33.18242645263672
2008-09-15,31.145626068115234
2008-09-16,31.820049285888672
2008-09-17,29.479740142822266
2008-09-18,31.604238510131836
2008-09-19,32.87892532348633
2008-09-22,32.177513122558594
2008-09-23,31.4760799407959
2008-09-24,31.381668090820312
2008-09-25,32.7912483215332
2008-09-26,32.40007019042969
2008-09-29,29.722549438476562
2008-09-30,31.4760799407959
2008-10-01,31.44235610961914
2008-10-02,29.209972381591797
2008-10-03,27.894811630249023
2008-10-06,25.365665435791016
2008-10-07,23.510961532592773
2008-10-08,22.83652114868164
2008-10-09,21.103212356567383
2008-10-10,20.46249008178711
2008-10-13,24.85983657836914
2008-10-14,24.448434829711914
2008-10-15,21.973236083984375
2008-10-16,21.406707763671875
2008-10-17,21.575319290161133
2008-10-20,22.182310104370117
2008-10-21,20.99530029296875
2008-10-22,18.688718795776367
2008-10-23,18.027761459350586
2008-10-24,16.982383728027344
2008-10-27,16.65865135192871
2008-10-28,19.2012882232666
2008-10-29,19.82177734375
2008-10-30,21.285310745239258
2008-10-31,20.840179443359375
2008-11-03,21.224609375
2008-11-04,22.600460052490234
2008-11-05,20.9818172454834
2008-11-06,19.639680862426758
2008-11-07,20.327606201171875
2008-11-10,20.772735595703125
2008-11-11,20.435518264770508
2008-11-12,18.985475540161133
2008-11-13,20.55691146850586
2008-11-14,19.889223098754883
2008-11-17,19.32268714904785
2008-11-18,19.315948486328125
2008-11-19,18.270559310913086
2008-11-20,17.198205947875977
2008-11-21,17.784971237182617
2008-11-24,19.32268714904785
2008-11-25,18.91802215576172
2008-11-26,20.307369232177734
2008-11-28,19.82177734375
2008-12-01,18.412193298339844
2008-12-02,19.3631534576416
2008-12-03,19.45758628845215
2008-12-04,19.106868743896484
2008-12-05,19.94991683959961
2008-12-08,21.501127243041992
2008-12-09,21.1706600189209
2008-12-10,22.256502151489258
2008-12-11,21.474151611328125
2008-12-12,21.211122512817383
2008-12-15,21.089723587036133
2008-12-16,23.07932472229004
2008-12-17,23.193971633911133
2008-12-18,22.728601455688477
2008-12-19,22.75559425354004
2008-12-22,22.519535064697266
2008-12-23,22.535247802734375
2008-12-24,22.425952911376953
2008-12-26,22.637712478637695
2008-12-29,21.9819393157959
2008-12-30,22.07074737548828
2008-12-31,22.04342269897461
2009-01-02,22.99974250793457
2009-01-05,23.436933517456055
2009-01-06,23.641857147216797
2009-01-07,22.425952911376953
2009-01-08,22.07074737548828
2009-01-09,21.756521224975586
2009-01-12,20.861665725708008
2009-01-13,20.725048065185547
2009-01-14,19.802865982055664
2009-01-15,19.87801170349121
2009-01-16,20.03512191772461
2009-01-20,18.771400451660156
2009-01-21,19.420339584350586
2009-01-22,18.92167854309082
2009-01-23,19.04464340209961
2009-01-26,19.188091278076172
2009-01-27,19.235902786254883
2009-01-28,19.966812133789062
2009-01-29,19.21541404724121
2009-01-30,18.914852142333984
2009-02-02,18.61428451538086
2009-02-03,18.778236389160156
2009-02-04,18.798721313476562
2009-02-05,19.030981063842773
2009-02-06,19.88484001159668
2009-02-09,20.07611083984375
2009-02-10,18.983163833618164
2009-02-11,18.771400451660156
2009-02-12,18.552814483642578
2009-02-13,18.59379768371582
2009-02-17,17.99267578125
2009-02-18,17.76042366027832
2009-02-19,17.507680892944336
2009-02-20,17.18662452697754
2009-02-23,16.537681579589844
2009-02-24,16.940715789794922
2009-02-25,16.61965560913086
2009-02-26,16.67430305480957
2009-02-27,16.3122615814209
2009-03-02,15.273969650268555
2009-03-03,15.21931266784668
2009-03-04,15.922897338867188
2009-03-05,15.410582542419434
2009-03-06,15.362770080566406
2009-03-09,14.884598731994629
2009-03-10,15.690648078918457
2009-03-11,16.004873275756836
2009-03-12,17.248104095458984
2009-03-13,17.94485855102539
2009-03-16,17.917531967163086
2009-03-17,18.464012145996094
2009-03-18,18.771400451660156
2009-03-19,18.53915023803711
2009-03-20,18.3205623626709
2009-03-23,19.181257247924805
2009-03-24,18.853370666503906
2009-03-25,19.106115341186523
2009-03-26,19.420339584350586
2009-03-27,19.04464340209961
2009-03-30,18.245418548583984
2009-03-31,18.6621036529541
2009-04-01,19.11977767944336
2009-04-02,20.082937240600586
2009-04-03,20.813854217529297
2009-04-06,20.533781051635742
2009-04-07,20.34935188293457
2009-04-08,20.58843421936035
2009-04-09,21.811168670654297
2009-04-13,22.145875930786133
2009-04-14,21.961448669433594
2009-04-15,22.234689712524414
2009-04-16,22.473770141601562
2009-04-17,22.57622718811035
2009-04-20,21.517438888549805
2009-04-21,21.872644424438477
2009-04-22,21.708698272705078
2009-04-23,22.125389099121094
2009-04-24,22.61721420288086
2009-04-27,20.9914493560791
2009-04-28,20.923139572143555
2009-04-29,21.79067039489746
2009-04-30,21.33983612060547
2009-05-01,21.79067039489746
2009-05-04,23.24565887451172
2009-05-05,23.662351608276367
2009-05-06,24.557201385498047
2009-05-07,24.167835235595703
2009-05-08,24.878250122070312
2009-05-11,24.447906494140625
2009-05-12,24.23615074157715
2009-05-13,23.300312042236328
2009-05-14,23.8399600982666
2009-05-15,23.63502311706543
2009-05-18,24.809946060180664
2009-05-19,25.29494285583496
2009-05-20,25.240299224853516
2009-05-21,24.386430740356445
2009-05-22,24.632341384887695
2009-05-26,25.30177116394043
2009-05-27,24.932899475097656
2009-05-28,25.219804763793945
2009-05-29,25.096843719482422
2009-06-01,25.773103713989258
2009-06-02,25.78676986694336
2009-06-03,24.91924285888672
2009-06-04,25.315441131591797
2009-06-05,25.527191162109375
2009-06-08,25.171985626220703
2009-06-09,25.124164581298828
2009-06-10,25.240299224853516
2009-06-11,25.861913681030273
2009-06-12,25.779930114746094
2009-06-15,25.07634925842285
2009-06-16,24.297624588012695
2009-06-17,24.29079818725586
2009-06-18,24.73480987548828
2009-06-19,24.762134552001953
2009-06-22,23.85361671447754
2009-06-23,23.880403518676758
2009-06-24,24.25815200805664
2009-06-25,25.15787124633789
2009-06-26,25.315837860107422
2009-06-29,25.41884994506836
2009-06-30,25.315837860107422
2009-07-01,25.542484283447266
2009-07-02,24.84881019592285
2009-07-06,24.683969497680664
2009-07-07,24.086442947387695
2009-07-08,23.660612106323242
2009-07-09,23.955949783325195
2009-07-10,23.715560913085938
2009-07-13,24.017765045166016
2009-07-14,24.340564727783203
2009-07-15,25.830947875976562
2009-07-16,25.879024505615234
2009-07-17,26.4009952545166
2009-07-20,26.840559005737305
2009-07-21,26.710063934326172
2009-07-22,27.115276336669922
2009-07-23,27.85702896118164
2009-07-24,27.637256622314453
2009-07-27,27.767751693725586
2009-07-28,27.671594619750977
2009-07-29,27.14275360107422
2009-07-30,27.678470611572266
2009-07-31,28.021869659423828
2009-08-03,28.900989532470703
2009-08-04,29.07267951965332
2009-08-05,29.29933738708496
2009-08-06,29.017745971679688
2009-08-07,29.780105590820312
2009-08-10,29.903732299804688
2009-08-11,29.052082061767578
2009-08-12,29.464168548583984
2009-08-13,29.89000129699707
2009-08-14,29.574066162109375
2009-08-17,28.681201934814453
2009-08-18,29.058948516845703
2009-08-19,29.271860122680664
2009-08-20,29.82131004333496
2009-08-21,30.439437866210938
2009-08-24,30.068565368652344
2009-08-25,29.986143112182617
2009-08-26,29.69083023071289
2009-08-27,29.862525939941406
2009-08-28,29.979276657104492
2009-08-31,29.14137077331543
2009-09-01,28.13176155090332
2009-09-02,28.351537704467773
2009-09-03,28.846038818359375
2009-09-04,29.264999389648438
2009-09-08,30.315818786621094
2009-09-09,29.869388580322266
2009-09-10,30.302078247070312
2009-09-11,30.58367347717285
2009-09-14,30.357027053833008
2009-09-15,30.71417236328125
2009-09-16,31.400985717773438
2009-09-17,31.194934844970703
2009-09-18,30.91334342956543
2009-09-21,30.466915130615234
2009-09-22,30.54246711730957
2009-09-23,29.80070686340332
2009-09-24,29.107030868530273
2009-09-25,29.264999389648438
2009-09-28,29.931201934814453
2009-09-29,30.1029052734375
2009-09-30,29.9998779296875
2009-10-01,29.017745971679688
2009-10-02,29.326810836791992
2009-10-05,29.965538024902344
2009-10-06,30.84465789794922
2009-10-07,30.97515869140625
2009-10-08,31.366641998291016
2009-10-09,31.510866165161133
2009-10-12,32.1083869934082
2009-10-13,32.35563659667969
2009-10-14,32.911956787109375
2009-10-15,32.94630432128906
2009-10-16,32.623504638671875
2009-10-19,32.94630432128906
2009-10-20,32.802066802978516
2009-10-21,32.93255615234375
2009-10-22,32.925682067871094
2009-10-23,32.293827056884766
2009-10-26,31.552072525024414
2009-10-27,30.858396530151367
2009-10-28,29.766372680664062
2009-10-29,31.11251449584961
2009-10-30,29.944944381713867
2009-11-02,30.274612426757812
2009-11-03,30.16472053527832
2009-11-04,30.707305908203125
2009-11-05,31.13312530517578
2009-11-06,30.98202133178711
2009-11-09,32.15646743774414
2009-11-10,32.197689056396484
2009-11-11,32.57541275024414
2009-11-12,32.17020034790039
2009-11-13,32.79520034790039
2009-11-16,33.420196533203125
2009-11-17,33.234764099121094
2009-11-18,32.89822769165039
2009-11-19,32.499874114990234
2009-11-20,32.314430236816406
2009-11-23,33.0974006652832
2009-11-24,33.042449951171875
2009-11-25,33.667449951171875
2009-11-27,33.172943115234375
2009-11-30,32.90509033203125
2009-12-01,34.10013961791992
2009-12-02,34.5877799987793
2009-12-03,34.6152458190918
2009-12-04,34.78695297241211
2009-12-07,34.64271926879883
2009-12-08,33.633121490478516
2009-12-09,33.75673294067383
2009-12-10,33.962791442871094
2009-12-11,34.16195297241211
2009-12-14,34.57404708862305
2009-12-15,34.6152458190918
2009-12-16,34.56718063354492
2009-12-17,34.113868713378906
2009-12-18,34.031455993652344
2009-12-21,33.90096664428711
2009-12-22,34.57072067260742
2009-12-23,34.7789421081543
2009-12-24,34.966331481933594
2009-12-28,34.62624740600586
2009-12-29,34.61931228637695
2009-12-30,34.16816711425781
2009-12-31,33.91831588745117
2010-01-04,35.39665985107422
2010-01-05,35.243953704833984
2010-01-06,35.67427062988281
2010-01-07,35.72979736328125
2010-01-08,35.63262176513672
2010-01-11,35.61874771118164
2010-01-12,35.22314453125
2010-01-13,35.46603775024414
2010-01-14,35.43135452270508
2010-01-15,34.76506805419922
2010-01-19,35.32030487060547
2010-01-20,34.35557556152344
2010-01-21,33.1409797668457
2010-01-22,32.81476974487305
2010-01-25,32.55104064941406
2010-01-26,32.842533111572266
2010-01-27,32.52328872680664
2010-01-28,32.4122314453125
2010-01-29,31.9263916015625
2010-02-01,32.68291091918945
2010-02-02,33.050750732421875
2010-02-03,33.161800384521484
2010-02-04,31.91945457458496
2010-02-05,31.995786666870117
2010-02-08,31.8222713470459
2010-02-09,32.363643646240234
2010-02-10,32.10685729980469
2010-02-11,32.76618957519531
2010-02-12,32.91194152832031
2010-02-16,33.717044830322266
2010-02-17,33.83503723144531
2010-02-18,34.1542854309082
2010-02-19,34.189002990722656
2010-02-22,34.022430419921875
2010-02-23,33.50188446044922
2010-02-24,33.751731872558594
2010-02-25,33.75869369506836
2010-02-26,33.75869369506836
2010-03-01,34.05018997192383
2010-03-02,34.348628997802734
2010-03-03,34.84834671020508
2010-03-04,34.6331901550293
2010-03-05,35.146793365478516
2010-03-08,35.09125518798828
2010-03-09,35.29253387451172
2010-03-10,35.389705657958984
2010-03-11,35.521583557128906
2010-03-12,35.556278228759766
2010-03-15,35.459110260009766
2010-03-16,35.778377532958984
2010-03-17,36.17398452758789
2010-03-18,36.1878662109375
2010-03-19,36.01435852050781
2010-03-22,36.1948127746582
2010-03-23,36.63900375366211
2010-03-24,36.10457992553711
2010-03-25,36.13233947753906
2010-03-26,36.2364501953125
2010-03-29,36.82639694213867
2010-03-30,36.98603057861328
2010-03-31,37.04155349731445
2010-04-01,37.409400939941406
2010-04-05,37.79806900024414
2010-04-06,38.027099609375
2010-04-07,37.55516052246094
2010-04-08,37.680084228515625
2010-04-09,38.19367599487305
2010-04-12,38.26308059692383
2010-04-13,38.20756149291992
2010-04-14,38.512943267822266
2010-04-15,38.485172271728516
2010-04-16,37.46493148803711
2010-04-19,37.471866607666016
2010-04-20,37.888301849365234
2010-04-21,37.73560333251953
2010-04-22,37.895240783691406
2010-04-23,38.31861114501953
2010-04-26,38.33942794799805
2010-04-27,36.2780876159668
2010-04-28,36.777809143066406
2010-04-29,37.28445816040039
2010-04-30,36.777809143066406
2010-05-03,37.1595458984375
2010-05-04,35.57016372680664
2010-05-05,34.91080856323242
2010-05-06,33.71010208129883
2010-05-07,33.848915100097656
2010-05-10,35.813079833984375
2010-05-11,35.59792709350586
2010-05-12,36.22257614135742
2010-05-13,36.01435852050781
2010-05-14,35.02186584472656
2010-05-17,34.77199935913086
2010-05-18,33.987728118896484
2010-05-19,33.50883483886719
2010-05-20,31.947216033935547
2010-05-21,32.83559036254883
2010-05-24,32.69679260253906
2010-05-25,32.6065673828125
2010-05-26,33.120155334472656
2010-05-27,34.792823791503906
2010-05-28,33.93219757080078
2010-06-01,33.3838996887207
2010-06-02,34.23064041137695
2010-06-03,34.12653350830078
2010-06-04,33.21038818359375
2010-06-07,32.842533111572266
2010-06-08,33.53659439086914
2010-06-09,33.64069747924805
2010-06-10,34.84834671020508
2010-06-11,35.22314453125
2010-06-14,35.1190299987793
2010-06-15,36.0351676940918
2010-06-16,36.1878662109375
2010-06-17,36.13233947753906
2010-06-18,36.285037994384766
2010-06-21,36.36138153076172
2010-06-22,35.68815231323242
2010-06-23,35.70001220703125
2010-06-24,35.10732650756836
2010-06-25,35.727901458740234
2010-06-28,35.55358123779297
2010-06-29,33.88014221191406
2010-06-30,33.392051696777344
2010-07-01,33.28049087524414
2010-07-02,33.16196060180664
2010-07-06,33.7685661315918
2010-07-07,34.493736267089844
2010-07-08,34.69593811035156
2010-07-09,34.835391998291016
2010-07-12,34.41006088256836
2010-07-13,35.177059173583984
2010-07-14,35.30256271362305
2010-07-15,35.24677658081055
2010-07-16,34.159053802490234
2010-07-19,34.263641357421875
2010-07-20,34.82145309448242
2010-07-21,34.60529708862305
2010-07-22,35.56752395629883
2010-07-23,35.78368377685547
2010-07-26,36.04166030883789
2010-07-27,35.86039352416992
2010-07-28,35.66514205932617
2010-07-29,35.50477600097656
2010-07-30,35.53266525268555
2010-08-02,36.243865966796875
2010-08-03,36.236907958984375
2010-08-04,36.50883483886719
2010-08-05,36.473976135253906
2010-08-06,36.13231658935547
2010-08-09,36.13231658935547
2010-08-10,36.013771057128906
2010-08-11,34.89815139770508
2010-08-12,35.044578552246094
2010-08-13,35.0306282043457
2010-08-16,35.28862380981445
2010-08-17,35.56056594848633
2010-08-18,35.70697784423828
2010-08-19,35.30256271362305
2010-08-20,35.218894958496094
2010-08-23,34.675010681152344
2010-08-24,33.79646301269531
2010-08-25,33.8104133605957
2010-08-26,33.25958251953125
2010-08-27,33.97774887084961
2010-08-30,33.343231201171875
2010-08-31,33.53150939941406
2010-09-01,34.52859878540039
2010-09-02,34.82841491699219
2010-09-03,35.17008590698242
2010-09-07,34.59135055541992
2010-09-08,34.71685791015625
2010-09-09,34.849334716796875
2010-09-10,35.19099044799805
2010-09-13,35.70697784423828
2010-09-14,35.94404983520508
2010-09-15,36.048641204833984
2010-09-16,35.88825607299805
2010-09-17,35.95799255371094
2010-09-20,36.30662155151367
2010-09-21,36.543697357177734
2010-09-22,36.6064453125
2010-09-23,36.543697357177734
2010-09-24,37.066646575927734
2010-09-27,36.88536071777344
2010-09-28,37.17124938964844
2010-09-29,37.03875732421875
2010-09-30,36.94811248779297
2010-10-01,37.58262252807617
2010-10-04,37.736019134521484
2010-10-05,38.30778503417969
2010-10-06,38.509986877441406
2010-10-07,37.96612548828125
2010-10-08,38.635498046875
2010-10-11,38.7052116394043
2010-10-12,38.68431854248047
2010-10-13,39.23514938354492
2010-10-14,39.09568405151367
2010-10-15,38.984127044677734
2010-10-18,39.207252502441406
2010-10-19,38.44026184082031
2010-10-20,39.12358093261719
2010-10-21,39.36762237548828
2010-10-22,39.61167526245117
2010-10-25,39.79993438720703
2010-10-26,39.695335388183594
2010-10-27,39.409454345703125
2010-10-28,39.75112533569336
2010-10-29,40.106727600097656
2010-11-01,40.350765228271484
2010-11-02,40.80399703979492
2010-11-03,40.83884811401367
2010-11-04,41.27116012573242
2010-11-05,41.487308502197266
2010-11-08,41.57795333862305
2010-11-09,41.02711486816406
2010-11-10,41.34784698486328
2010-11-11,41.236289978027344
2010-11-12,40.685447692871094
2010-11-15,40.62269973754883
2010-11-16,39.94635009765625
2010-11-17,40.232234954833984
2010-11-18,41.110782623291016
2010-11-19,41.52217483520508
2010-11-22,41.55005645751953
2010-11-23,40.50416564941406
2010-11-24,41.73833084106445
2010-11-26,40.97133255004883
2010-11-29,41.124725341796875
2010-11-30,41.20840072631836
2010-12-01,41.81502914428711
2010-12-02,42.3031005859375
2010-12-03,42.31007766723633
2010-12-06,42.456504821777344
2010-12-07,42.21247100830078
2010-12-08,42.26127243041992
2010-12-09,41.905670166015625
2010-12-10,42.21943664550781
2010-12-13,42.51926803588867
2010-12-14,42.62384796142578
2010-12-15,42.13576889038086
2010-12-16,42.37283706665039
2010-12-17,42.56806564331055
2010-12-20,42.575042724609375
2010-12-21,42.998165130615234
2010-12-22,43.11725616455078
2010-12-23,43.00516891479492
2010-12-27,42.92110061645508
2010-12-28,42.865055084228516
2010-12-29,42.927425384521484
2010-12-30,42.98349380493164
2010-12-31,43.389915466308594
2011-01-03,43.76130294799805
2011-01-04,43.78233337402344
2011-01-05,44.09767532348633
2011-01-06,43.90146255493164
2011-01-07,43.8874397277832
2011-01-10,43.74729537963867
2011-01-11,43.649192810058594
2011-01-12,43.754302978515625
2011-01-13,43.76130294799805
2011-01-14,43.978546142578125
2011-01-18,44.17475128173828
2011-01-19,43.677215576171875
2011-01-20,43.52306365966797
2011-01-21,43.31283187866211
2011-01-24,43.63518142700195
2011-01-25,43.34086227416992
2011-01-26,43.712257385253906
2011-01-27,43.46699905395508
2011-01-28,42.135589599609375
2011-01-31,42.577064514160156
2011-02-01,43.754302978515625
2011-02-02,44.02058792114258
2011-02-03,43.91547775268555
2011-02-04,43.4740104675293
2011-02-07,43.663211822509766
2011-02-08,43.48101806640625
2011-02-09,42.75223159790039
2011-02-10,42.32478713989258
2011-02-11,42.96246337890625
2011-02-14,42.79428482055664
2011-02-15,42.49296951293945
2011-02-16,42.87837600708008
2011-02-17,43.2988166809082
2011-02-18,43.621150970458984
2011-02-22,42.25471115112305
2011-02-23,41.84829330444336
2011-02-24,41.925376892089844
2011-02-25,42.408878326416016
2011-02-28,42.82932662963867
2011-03-01,42.2967643737793
2011-03-02,42.5560302734375
2011-03-03,43.26378631591797
2011-03-04,43.025535583496094
2011-03-07,42.42989730834961
2011-03-08,42.689170837402344
2011-03-09,42.724212646484375
2011-03-10,41.855289459228516
2011-03-11,42.31077194213867
2011-03-14,42.4859619140625
2011-03-15,41.89733123779297
2011-03-16,40.986385345458984
2011-03-17,41.04944610595703
2011-03-18,41.07746887207031
2011-03-21,41.610042572021484
2011-03-22,41.855289459228516
2011-03-23,42.57004928588867
2011-03-24,43.06758117675781
2011-03-25,42.836326599121094
2011-03-28,42.87136459350586
2011-03-29,43.05355453491211
2011-03-30,43.5931396484375
2011-03-31,44.04160690307617
2011-04-01,44.65825653076172
2011-04-04,44.693294525146484
2011-04-05,44.65825653076172
2011-04-06,44.84746551513672
2011-04-07,44.50409698486328
2011-04-08,44.7563591003418
2011-04-11,44.924530029296875
2011-04-12,44.2518310546875
2011-04-13,44.44804000854492
2011-04-14,44.24482345581055
2011-04-15,44.42000961303711
2011-04-18,43.249778747558594
2011-04-19,43.80335235595703
2011-04-20,44.43402099609375
2011-04-21,44.67227554321289
2011-04-25,44.42700958251953
2011-04-26,44.78439712524414
2011-04-27,44.83344650268555
2011-04-28,44.581172943115234
2011-04-29,45.0646858215332
2011-05-02,44.67227554321289
2011-05-03,43.537071228027344
2011-05-04,42.86436080932617
2011-05-05,42.45093536376953
2011-05-06,42.68217086791992
2011-05-09,42.955448150634766
2011-05-10,43.50204086303711
2011-05-11,42.7312126159668
2011-05-12,42.58406066894531
2011-05-13,42.107566833496094
2011-05-16,42.14960861206055
2011-05-17,41.91135025024414
2011-05-18,42.605079650878906
2011-05-19,42.80829620361328
2011-05-20,42.759254455566406
2011-05-23,42.27574157714844
2011-05-24,42.58406066894531
2011-05-25,42.82932662963867
2011-05-26,43.18670654296875
2011-05-27,43.537071228027344
2011-05-31,43.6982421875
2011-06-01,42.61209487915039
2011-06-02,42.87136459350586
2011-06-03,42.52799606323242
2011-06-06,41.66608428955078
2011-06-07,41.925376892089844
2011-06-08,41.603023529052734
2011-06-09,42.2266845703125
2011-06-10,41.504913330078125
2011-06-13,41.66608428955078
2011-06-14,42.38084030151367
2011-06-15,41.785213470458984
2011-06-16,41.49791717529297
2011-06-17,41.51893615722656
2011-06-20,41.72214889526367
2011-06-21,42.16361999511719
2011-06-22,42.2066764831543
2011-06-23,42.03728103637695
2011-06-24,41.86082458496094
2011-06-27,42.171382904052734
2011-06-28,43.131263732910156
2011-06-29,43.90058135986328
2011-06-30,44.1546745300293
2011-07-01,44.64873504638672
2011-07-05,44.39464569091797
2011-07-06,44.26760482788086
2011-07-07,44.76165008544922
2011-07-08,44.3099479675293
2011-07-11,43.66061019897461
2011-07-12,43.20185470581055
2011-07-13,43.865299224853516
2011-07-14,43.51945495605469
2011-07-15,43.526512145996094
2011-07-18,43.067745208740234
2011-07-19,43.364173889160156
2011-07-20,42.81365203857422
2011-07-21,43.31477355957031
2011-07-22,43.540618896484375
2011-07-25,43.28654479980469
2011-07-26,43.251251220703125
2011-07-27,43.3782958984375
2011-07-28,43.533573150634766
2011-07-29,43.625328063964844
2011-08-01,43.3782958984375
2011-08-02,41.818485260009766
2011-08-03,41.46558380126953
2011-08-04,39.27760314941406
2011-08-05,39.91283416748047
2011-08-08,36.553245544433594
2011-08-09,38.670631408691406
2011-08-10,36.80732727050781
2011-08-11,38.70591735839844
2011-08-12,38.649452209472656
2011-08-15,39.51759719848633
2011-08-16,39.545814514160156
2011-08-17,39.891666412353516
2011-08-18,38.62123107910156
2011-08-19,38.45183181762695
2011-08-22,38.79060745239258
2011-08-23,40.11044692993164
2011-08-24,39.68697738647461
2011-08-25,38.649452209472656
2011-08-26,39.03763961791992
2011-08-29,40.23749923706055
2011-08-30,39.969295501708984
2011-08-31,41.486759185791016
2011-09-01,41.409122467041016
2011-09-02,40.51982116699219
2011-09-06,39.60934829711914
2011-09-07,40.484527587890625
2011-09-08,39.80695724487305
2011-09-09,38.240089416503906
2011-09-12,37.78839111328125
2011-09-13,37.950714111328125
2011-09-14,38.2753791809082
2011-09-15,38.87531661987305
2011-09-16,38.698856353759766
2011-09-19,38.26125717163086
2011-09-20,37.27315139770508
2011-09-21,35.88978958129883
2011-09-22,33.341861724853516
2011-09-23,34.4146614074707
2011-09-26,35.47337341308594
2011-09-27,36.29914855957031
2011-09-28,35.318092346191406
2011-09-29,35.48747634887695
2011-09-30,34.569942474365234
2011-10-03,33.906490325927734
2011-10-04,34.66875076293945
2011-10-05,35.007545471191406
2011-10-06,35.840370178222656
2011-10-07,35.18398666381836
2011-10-10,36.4403190612793
2011-10-11,36.40501403808594
2011-10-12,37.2590446472168
2011-10-13,37.230796813964844
2011-10-14,37.7601432800293
2011-10-17,36.50383377075195
2011-10-18,37.71072769165039
2011-10-19,37.012001037597656
2011-10-20,36.292091369628906
2011-10-21,36.86377716064453
2011-10-24,38.04248046875
2011-10-25,37.64016342163086
2011-10-26,38.35301971435547
2011-10-27,40.27984619140625
2011-10-28,40.59745407104492
2011-10-31,39.01646423339844
2011-11-01,37.71072769165039
2011-11-02,38.47300720214844
2011-11-03,39.20703125
2011-11-04,39.058815002441406
2011-11-07,39.52463150024414
2011-11-08,40.15986633300781
2011-11-09,38.487117767333984
2011-11-10,38.847084045410156
2011-11-11,39.926944732666016
2011-11-14,39.432884216308594
2011-11-15,39.42583084106445
2011-11-16,38.72708511352539
2011-11-17,37.89424133300781
2011-11-18,38.06364059448242
2011-11-21,36.793209075927734
2011-11-22,37.04023742675781
2011-11-23,35.91096496582031
2011-11-25,35.035770416259766
2011-11-28,36.51795196533203
2011-11-29,37.23785400390625
2011-11-30,38.84001541137695
2011-12-01,38.607112884521484
2011-12-02,38.847084045410156
2011-12-05,39.46817398071289
2011-12-06,39.51759719848633
2011-12-07,39.362308502197266
2011-12-08,38.40242385864258
2011-12-09,39.37643051147461
2011-12-12,38.17656707763672
2011-12-13,37.69662857055664
2011-12-14,37.11786651611328
2011-12-15,37.2166862487793
2011-12-16,37.308433532714844
2011-12-19,36.74380874633789
2011-12-20,37.77195739746094
2011-12-21,38.02773666381836
2011-12-22,38.46116638183594
2011-12-23,38.54641342163086
2011-12-27,38.041961669921875
2011-12-28,37.658260345458984
2011-12-29,38.240901947021484
2011-12-30,38.198265075683594
2012-01-03,39.299591064453125
2012-01-04,39.264068603515625
2012-01-05,38.80221176147461
2012-01-06,38.58196258544922
2012-01-09,38.67432403564453
2012-01-10,39.16458511352539
2012-01-11,39.37063980102539
2012-01-12,39.661964416503906
2012-01-13,38.68853759765625
2012-01-17,39.171695709228516
2012-01-18,40.55012893676758
2012-01-19,40.93381881713867
2012-01-20,40.67802429199219
2012-01-23,40.58565902709961
2012-01-24,40.46486282348633
2012-01-25,41.189605712890625
2012-01-26,41.203819274902344
2012-01-27,41.45250701904297
2012-01-30,41.33882141113281
2012-01-31,41.33171463012695
2012-02-01,42.08487319946289
2012-02-02,42.3477783203125
2012-02-03,43.3140983581543
2012-02-06,43.15778732299805
2012-02-07,43.19331359863281
2012-02-08,43.06540298461914
2012-02-09,43.434898376464844
2012-02-10,42.89487838745117
2012-02-13,43.349632263183594
2012-02-14,42.766990661621094
2012-02-15,42.46857452392578
2012-02-16,43.00857925415039
2012-02-17,42.88066864013672
2012-02-21,42.58936309814453
2012-02-22,42.454349517822266
2012-02-23,42.61778259277344
2012-02-24,42.36909866333008
2012-02-27,42.13461685180664
2012-02-28,42.41884231567383
2012-02-29,42.16304016113281
2012-03-01,42.8664665222168
2012-03-02,43.086727142333984
2012-03-05,42.68172073364258
2012-03-06,41.49513244628906
2012-03-07,41.935665130615234
2012-03-08,42.80961990356445
2012-03-09,42.816734313964844
2012-03-12,42.674625396728516
2012-03-13,43.59831237792969
2012-03-14,43.06540298461914
2012-03-15,43.45620346069336
2012-03-16,43.38515853881836
2012-03-19,43.477535247802734
2012-03-20,43.079627990722656
2012-03-21,43.55568313598633
2012-03-22,43.09383773803711
2012-03-23,43.264366149902344
2012-03-26,44.29464340209961
2012-03-27,44.19516372680664
2012-03-28,43.93937683105469
2012-03-29,44.01042938232422
2012-03-30,44.42252731323242
2012-04-02,45.204124450683594
2012-04-03,45.13307189941406
2012-04-04,44.443851470947266
2012-04-05,44.20936965942383
2012-04-09,43.82569122314453
2012-04-10,42.710147857666016
2012-04-11,42.93751525878906
2012-04-12,43.50594711303711
2012-04-13,42.703041076660156
2012-04-16,42.68172073364258
2012-04-17,43.292789459228516
2012-04-18,43.12936782836914
2012-04-19,42.91621398925781
2012-04-20,43.39936828613281
2012-04-23,42.766990661621094
2012-04-24,42.603572845458984
2012-04-25,43.10094451904297
2012-04-26,43.22883987426758
2012-04-27,43.97489547729492
2012-04-30,43.93937683105469
2012-05-01,44.330169677734375
2012-05-02,44.32306671142578
2012-05-03,44.10990524291992
2012-05-04,43.46330642700195
2012-05-07,44.173851013183594
2012-05-08,42.80961990356445
2012-05-09,42.340667724609375
2012-05-10,42.36909866333008
2012-05-11,41.77225112915039
2012-05-14,40.88407897949219
2012-05-15,40.05986404418945
2012-05-16,39.72591018676758
2012-05-17,39.36353302001953
2012-05-18,39.01537322998047
2012-05-21,39.93197250366211
2012-05-22,39.590911865234375
2012-05-23,39.23564529418945
2012-05-24,39.313804626464844
2012-05-25,39.107749938964844
2012-05-29,40.22328567504883
2012-05-30,39.512752532958984
2012-05-31,38.7098503112793
2012-06-01,38.120113372802734
2012-06-04,38.354576110839844
2012-06-05,38.233787536621094
2012-06-06,38.87328338623047
2012-06-07,38.844844818115234
2012-06-08,39.313804626464844
2012-06-11,38.54641342163086
2012-06-12,39.143272399902344
2012-06-13,39.001163482666016
2012-06-14,39.569602966308594
2012-06-15,39.903541564941406
2012-06-18,40.47197723388672
2012-06-19,41.46672821044922
2012-06-20,41.58039855957031
2012-06-21,40.5615348815918
2012-06-22,41.372318267822266
2012-06-25,41.200111389160156
2012-06-26,42.082672119140625
2012-06-27,42.592105865478516
2012-06-28,42.65668487548828
2012-06-29,44.09172439575195
2012-07-02,44.28545379638672
2012-07-03,44.694454193115234
2012-07-05,43.95539093017578
2012-07-06,43.625343322753906
2012-07-09,43.991275787353516
2012-07-10,44.01280212402344
2012-07-11,44.28545379638672
2012-07-12,43.73297119140625
2012-07-13,44.47200393676758
2012-07-16,45.18235778808594
2012-07-17,45.74920654296875
2012-07-18,45.31151580810547
2012-07-19,44.97428512573242
2012-07-20,44.75185012817383
2012-07-23,44.06303024291992
2012-07-24,43.53923797607422
2012-07-25,43.33833694458008
2012-07-26,44.56529998779297
2012-07-27,45.47654724121094
2012-07-30,45.27564239501953
2012-07-31,44.58681869506836
2012-08-01,44.3930778503418
2012-08-02,44.56529998779297
2012-08-03,45.41196823120117
2012-08-06,45.2110595703125
2012-08-07,45.16083526611328
2012-08-08,45.09624481201172
2012-08-09,45.038848876953125
2012-08-10,45.24694061279297
2012-08-13,44.62269592285156
2012-08-14,44.737491607666016
2012-08-15,45.12495803833008
2012-08-16,45.20389175415039
2012-08-17,45.2397575378418
2012-08-20,45.046024322509766
2012-08-21,44.637046813964844
2012-08-22,44.70162582397461
2012-08-23,44.40025329589844
2012-08-24,44.70162582397461
2012-08-27,44.46483612060547
2012-08-28,44.55094528198242
2012-08-29,44.09890365600586
2012-08-30,43.9769287109375
2012-08-31,44.041507720947266
2012-09-04,44.27827835083008
2012-09-05,44.35722351074219
2012-09-06,45.081905364990234
2012-09-07,45.45501708984375
2012-09-10,45.110599517822266
2012-09-11,45.383277893066406
2012-09-12,45.55546569824219
2012-09-13,46.7106819152832
2012-09-14,47.169898986816406
2012-09-17,46.854190826416016
2012-09-18,46.811134338378906
2012-09-19,47.040733337402344
2012-09-20,46.545650482177734
2012-09-21,46.37344741821289
2012-09-24,46.445194244384766
2012-09-25,46.16537094116211
2012-09-26,46.26581954956055
2012-09-27,46.94028854370117
2012-09-28,46.91875457763672
2012-10-01,47.442562103271484
2012-10-02,47.3205680847168
2012-10-03,47.1340217590332
2012-10-04,48.06679153442383
2012-10-05,48.49012756347656
2012-10-08,48.274871826171875
2012-10-09,47.837181091308594
2012-10-10,47.40667724609375
2012-10-11,47.79414749145508
2012-10-12,47.887420654296875
2012-10-15,48.425559997558594
2012-10-16,49.07133865356445
2012-10-17,49.3081169128418
2012-10-18,49.27223587036133
2012-10-19,48.755615234375
2012-10-22,48.51883316040039
2012-10-23,47.99503707885742
2012-10-24,48.02375793457031
2012-10-25,47.90894317626953
2012-10-26,47.69368362426758
2012-10-31,47.01921463012695
2012-11-01,47.521480560302734
2012-11-02,47.62910461425781
2012-11-05,47.39950180053711
2012-11-06,47.72239303588867
2012-11-07,46.59588623046875
2012-11-08,46.0290412902832
2012-11-09,45.820953369140625
2012-11-12,45.90705108642578
2012-11-13,46.16537094116211
2012-11-14,45.577003479003906
2012-11-15,45.51242446899414
2012-11-16,46.16537094116211
2012-11-19,46.88288879394531
2012-11-20,47.12684631347656
2012-11-21,47.449729919433594
2012-11-23,48.05962371826172
2012-11-26,47.80848693847656
2012-11-27,47.53583526611328
2012-11-28,47.951995849609375
2012-11-29,48.31792068481445
2012-11-30,48.26053237915039
2012-12-03,48.425559997558594
2012-12-04,48.5905876159668
2012-12-05,48.626461029052734
2012-12-06,49.17897033691406
2012-12-07,49.45162582397461
2012-12-10,50.03997802734375
2012-12-11,50.197837829589844
2012-12-12,50.3843994140625
2012-12-13,49.91083526611328
2012-12-14,50.15478515625
2012-12-17,50.64987564086914
2012-12-18,51.22101593017578
2012-12-19,50.95486831665039
2012-12-20,50.86135482788086
2012-12-21,50.05573272705078
2012-12-24,49.81838607788086
2012-12-26,49.69609451293945
2012-12-27,49.89030075073242
2012-12-28,49.94066619873047
2012-12-31,50.73187255859375
2013-01-02,51.69574737548828
2013-01-03,51.59504699707031
2013-01-04,51.96907043457031
2013-01-07,51.86118698120117
2013-01-08,51.71012496948242
2013-01-09,52.299957275390625
2013-01-10,52.83222198486328
2013-01-11,52.760292053222656
2013-01-14,53.026432037353516
2013-01-15,52.86099624633789
2013-01-16,52.8825798034668
2013-01-17,53.083988189697266
2013-01-18,52.99045944213867
2013-01-22,53.242210388183594
2013-01-23,53.31415557861328
2013-01-24,53.45079803466797
2013-01-25,53.3573112487793
2013-01-28,53.23503112792969
2013-01-29,53.68818664550781
2013-01-30,53.32854461669922
2013-01-31,52.954490661621094
2013-02-01,53.911155700683594
2013-02-04,53.30694580078125
2013-02-05,53.558712005615234
2013-02-06,53.2781867980957
2013-02-07,52.522918701171875
2013-02-08,52.65959930419922
2013-02-11,52.55888748168945
2013-02-12,52.51573944091797
2013-02-13,51.6525764465332
2013-02-14,51.39362716674805
2013-02-15,51.59504699707031
2013-02-19,52.328712463378906
2013-02-20,51.58784484863281
2013-02-21,51.29292297363281
2013-02-22,51.47275161743164
2013-02-25,50.59520721435547
2013-02-26,50.408203125
2013-02-27,51.05556106567383
2013-02-28,51.30012130737305
2013-03-01,51.285736083984375
2013-03-04,51.242584228515625
2013-03-05,51.53750228881836
2013-03-06,51.681339263916016
2013-03-07,51.5302848815918
2013-03-08,52.443809509277344
2013-03-11,52.407833099365234
2013-03-12,52.717140197753906
2013-03-13,51.88992691040039
2013-03-14,51.99784469604492
2013-03-15,51.20662307739258
2013-03-18,50.71031951904297
2013-03-19,50.38661575317383
2013-03-20,51.10591506958008
2013-03-21,50.99801254272461
2013-03-22,51.49433135986328
2013-03-25,51.96186828613281
2013-03-26,52.88976287841797
2013-03-27,53.573089599609375
2013-03-28,53.65221405029297
2013-04-01,53.28538131713867
2013-04-02,53.853614807128906
2013-04-03,52.983272552490234
2013-04-04,52.86817932128906
2013-04-05,53.13433074951172
2013-04-08,53.45800018310547
2013-04-09,54.19887924194336
2013-04-10,54.85344314575195
2013-04-11,55.177120208740234
2013-04-12,54.27080154418945
2013-04-15,52.11293029785156
2013-04-16,52.85380935668945
2013-04-17,51.79644012451172
2013-04-18,51.66697311401367
2013-04-19,52.192054748535156
2013-04-22,52.35028076171875
2013-04-23,52.645198822021484
2013-04-24,52.04819869995117
2013-04-25,52.645198822021484
2013-04-26,51.818023681640625
2013-04-29,51.50871658325195
2013-04-30,52.04098129272461
2013-05-01,51.22820281982422
2013-05-02,51.68853759765625
2013-05-03,52.82502746582031
2013-05-06,52.37187576293945
2013-05-07,53.04081344604492
2013-05-08,52.84661102294922
2013-05-09,52.37187576293945
2013-05-10,51.96907043457031
2013-05-13,51.724510192871094
2013-05-14,51.86837387084961
2013-05-15,51.75327682495117
2013-05-16,51.22820281982422
2013-05-17,50.89731979370117
2013-05-20,50.15644073486328
2013-05-21,49.451534271240234
2013-05-22,48.59557342529297
2013-05-23,48.998374938964844
2013-05-24,48.55241775512695
2013-05-28,48.53804397583008
2013-05-29,48.422935485839844
2013-05-30,48.3006706237793
2013-05-31,49.1566276550293
2013-06-03,48.61715316772461
2013-06-04,48.34381866455078
2013-06-05,46.94120407104492
2013-06-06,47.8259162902832
2013-06-07,47.682071685791016
2013-06-10,47.61732864379883
2013-06-11,46.969974517822266
2013-06-12,46.13558578491211
2013-06-13,47.099449157714844
2013-06-14,46.603118896484375
2013-06-17,46.401729583740234
2013-06-18,46.07804489135742
2013-06-19,44.330162048339844
2013-06-20,42.30173873901367
2013-06-21,43.04262161254883
2013-06-24,42.402442932128906
2013-06-25,43.30875778198242
2013-06-26,44.25822448730469
2013-06-27,45.967044830322266
2013-06-28,47.28596496582031
2013-07-01,47.829505920410156
2013-07-02,47.162784576416016
2013-07-03,47.08306884765625
2013-07-05,46.735206604003906
2013-07-08,46.84391784667969
2013-07-09,46.92362594604492
2013-07-10,46.583030700683594
2013-07-11,47.65556716918945
2013-07-12,47.19901657104492
2013-07-15,47.94544982910156
2013-07-16,47.525115966796875
2013-07-17,48.481719970703125
2013-07-18,48.34402084350586
2013-07-19,47.894718170166016
2013-07-22,48.30779266357422
2013-07-23,49.0324821472168
2013-07-24,48.70637512207031
2013-07-25,48.82231903076172
2013-07-26,48.83681106567383
2013-07-29,47.55411148071289
2013-07-30,47.35844802856445
2013-07-31,47.880218505859375
2013-08-01,49.025230407714844
2013-08-02,50.083290100097656
2013-08-05,49.80065155029297
2013-08-06,49.865867614746094
2013-08-07,49.87312316894531
2013-08-08,50.931175231933594
2013-08-09,50.742733001708984
2013-08-12,50.02529525756836
2013-08-13,49.9600715637207
2013-08-14,50.14849853515625
2013-08-15,49.27888488769531
2013-08-16,48.74260330200195
2013-08-19,47.612083435058594
2013-08-20,48.24982833862305
2013-08-21,46.92362594604492
2013-08-22,46.996097564697266
2013-08-23,47.228004455566406
2013-08-26,46.1047248840332
2013-08-27,45.27859115600586
2013-08-28,44.49592208862305
2013-08-29,44.321990966796875
2013-08-30,44.619117736816406
2013-09-03,44.655357360839844
2013-09-04,45.140899658203125
2013-09-05,44.764060974121094
2013-09-06,45.64818572998047
2013-09-09,47.235252380371094
2013-09-10,48.04690933227539
2013-09-11,48.11936569213867
2013-09-12,46.930877685546875
2013-09-13,47.467140197753906
2013-09-16,47.938194274902344
2013-09-17,47.880218505859375
2013-09-18,49.79341125488281
2013-09-19,49.51803207397461
2013-09-20,48.13386535644531
2013-09-23,48.539695739746094
2013-09-24,48.10487747192383
2013-09-25,48.28604507446289
2013-09-26,47.80050277709961
2013-09-27,46.85840606689453
2013-09-30,46.30039978027344
2013-10-01,47.430904388427734
2013-10-02,47.60483932495117
2013-10-03,46.69173049926758
2013-10-04,47.15553665161133
2013-10-07,46.561283111572266
2013-10-08,45.56846618652344
2013-10-09,45.50324630737305
2013-10-10,46.88739013671875
2013-10-11,47.706295013427734
2013-10-14,47.77153015136719
2013-10-15,46.85840606689453
2013-10-16,47.409183502197266
2013-10-17,47.69180679321289
2013-10-18,47.532371520996094
2013-10-21,46.84391784667969
2013-10-22,48.01066970825195
2013-10-23,47.26424026489258
2013-10-24,46.8946418762207
2013-10-25,47.62657928466797
2013-10-28,48.32953643798828
2013-10-29,48.23531723022461
2013-10-30,47.72803497314453
2013-10-31,47.416412353515625
2013-11-01,47.619327545166016
2013-11-04,47.76426315307617
2013-11-05,46.242431640625
2013-11-06,46.36560821533203
2013-11-07,45.7278938293457
2013-11-08,45.6119499206543
2013-11-11,45.28583908081055
2013-11-12,45.22785568237305
2013-11-13,45.7713737487793
2013-11-14,46.95261764526367
2013-11-15,47.77875900268555
2013-11-18,47.67005157470703
2013-11-19,47.4888916015625
2013-11-20,47.04683303833008
2013-11-21,47.307716369628906
2013-11-22,47.829505920410156
2013-11-25,47.256988525390625
2013-11-26,47.228004455566406
2013-11-27,48.04690933227539
2013-11-29,48.713619232177734
2013-12-02,47.95995330810547
2013-12-03,48.00341033935547
2013-12-04,48.3802604675293
2013-12-05,48.20633316040039
2013-12-06,48.844051361083984
2013-12-09,49.44554901123047
2013-12-10,49.75718307495117
2013-12-11,48.887542724609375
2013-12-12,48.488975524902344
2013-12-13,48.90928268432617
2013-12-16,48.91653060913086
2013-12-17,48.37302017211914
2013-12-18,49.06695556640625
2013-12-19,48.70789337158203
2013-12-20,48.803138732910156
2013-12-23,49.433345794677734
2013-12-24,49.382057189941406
2013-12-26,49.132904052734375
2013-12-27,49.62193298339844
2013-12-30,49.74675369262695
2013-12-31,49.93032455444336
2014-01-02,48.549896240234375
2014-01-03,48.52786636352539
2014-01-06,48.00653076171875
2014-01-07,48.54254913330078
2014-01-08,47.859683990478516
2014-01-09,48.0726203918457
2014-01-10,49.254791259765625
2014-01-13,48.726112365722656
2014-01-14,48.93172836303711
2014-01-15,48.71876907348633
2014-01-16,48.13136672973633
2014-01-17,47.85234451293945
2014-01-21,47.55864334106445
2014-01-22,47.75688552856445
2014-01-23,46.9051399230957
2014-01-24,45.97261428833008
2014-01-27,46.15618133544922
2014-01-28,46.37645721435547
2014-01-29,45.979942321777344
2014-01-30,46.33974075317383
2014-01-31,46.17820739746094
2014-02-03,44.46001052856445
2014-02-04,45.34114456176758
2014-02-05,45.326454162597656
2014-02-06,45.77435302734375
2014-02-07,46.046043395996094
2014-02-10,45.5981330871582
2014-02-11,46.3838005065918
2014-02-12,46.24428939819336
2014-02-13,46.08275604248047
2014-02-14,46.61142349243164
2014-02-18,46.258975982666016
2014-02-19,45.392539978027344
2014-02-20,45.16490936279297
2014-02-21,45.385196685791016
2014-02-24,45.392539978027344
2014-02-25,44.746376037597656
2014-02-26,43.924007415771484
2014-02-27,44.46001052856445
2014-02-28,44.2911376953125
2014-03-03,43.68903732299805
2014-03-04,44.415958404541016
2014-03-05,44.46736145019531
2014-03-06,45.01072311401367
2014-03-07,44.790435791015625
2014-03-10,44.46001052856445
2014-03-11,44.16631317138672
2014-03-12,44.31315612792969
2014-03-13,43.4246940612793
2014-03-14,43.59357833862305
2014-03-17,43.938690185546875
2014-03-18,44.76106262207031
2014-03-19,44.415958404541016
2014-03-20,45.20897674560547
2014-03-21,46.06071853637695
2014-03-24,45.906524658203125
2014-03-25,46.001983642578125
2014-03-26,45.77435302734375
2014-03-27,46.21492004394531
2014-03-28,46.32505798339844
2014-03-31,46.95653533935547
2014-04-01,46.95653533935547
2014-04-02,47.235557556152344
2014-04-03,46.74358367919922
2014-04-04,47.27226257324219
2014-04-07,47.18415451049805
2014-04-08,47.53660202026367
2014-04-09,47.61003875732422
2014-04-10,46.76560974121094
2014-04-11,46.80968475341797
2014-04-14,47.118072509765625
2014-04-15,46.699527740478516
2014-04-16,47.3970947265625
2014-04-17,47.617374420166016
2014-04-21,47.066673278808594
2014-04-22,46.81702423095703
2014-04-23,46.515968322753906
2014-04-24,46.677513122558594
2014-04-25,46.317726135253906
2014-04-28,46.20023727416992
2014-04-29,47.04465866088867
2014-04-30,46.9051399230957
2014-05-01,47.308982849121094
2014-05-02,47.41177749633789
2014-05-05,47.41177749633789
2014-05-06,47.96247863769531
2014-05-07,48.513179779052734
2014-05-08,48.3663215637207
2014-05-09,48.3663215637207
2014-05-12,48.86563491821289
2014-05-13,49.17402267456055
2014-05-14,49.10792541503906
2014-05-15,48.417728424072266
2014-05-16,48.98311233520508
2014-05-19,48.946407318115234
2014-05-20,48.77017593383789
2014-05-21,48.86563491821289
2014-05-22,49.1519889831543
2014-05-23,49.129974365234375
2014-05-27,49.188697814941406
2014-05-28,49.10792541503906
2014-05-29,49.269474029541016
2014-05-30,48.62331771850586
2014-06-02,48.84360122680664
2014-06-03,49.01248550415039
2014-06-04,48.799560546875
2014-06-05,49.30620574951172
2014-06-06,49.8642463684082
2014-06-09,49.72472381591797
2014-06-10,49.73941421508789
2014-06-11,49.7173957824707
2014-06-12,49.702693939208984
2014-06-13,49.43836212158203
2014-06-16,49.40163803100586
2014-06-17,49.26213836669922
2014-06-18,50.025787353515625
2014-06-19,49.9743766784668
2014-06-20,50.033119201660156
2014-06-23,49.90095901489258
2014-06-24,49.73941421508789
2014-06-25,49.80571365356445
2014-06-26,49.53314971923828
2014-06-27,49.70258331298828
2014-06-30,49.95304489135742
2014-07-01,50.24770736694336
2014-07-02,50.54236602783203
2014-07-03,50.9401741027832
2014-07-07,50.689693450927734
2014-07-08,50.61603546142578
2014-07-09,51.12434005737305
2014-07-10,50.7928352355957
2014-07-11,50.88861083984375
2014-07-14,51.419002532958984
2014-07-15,51.4705696105957
2014-07-16,51.72104263305664
2014-07-17,51.23482894897461
2014-07-18,51.802066802978516
2014-07-21,51.62527084350586
2014-07-22,51.76523208618164
2014-07-23,51.735774993896484
2014-07-24,52.140933990478516
2014-07-25,52.251441955566406
2014-07-28,52.15567398071289
2014-07-29,51.868377685546875
2014-07-30,51.3011360168457
2014-07-31,50.38031005859375
2014-08-01,50.74128341674805
2014-08-04,51.360069274902344
2014-08-05,50.9401741027832
2014-08-06,51.01384735107422
2014-08-07,50.52764129638672
2014-08-08,50.726539611816406
2014-08-11,51.647369384765625
2014-08-12,51.80943298339844
2014-08-13,52.00095748901367
2014-08-14,52.12620544433594
2014-08-15,51.95677185058594
2014-08-18,52.398765563964844
2014-08-19,52.53873062133789
2014-08-20,52.41350555419922
2014-08-21,52.744998931884766
2014-08-22,52.47242736816406
2014-08-25,52.60502243041992
2014-08-26,52.6786994934082
2014-08-27,52.803932189941406
2014-08-28,52.75236892700195
2014-08-29,52.877601623535156
2014-09-02,52.767093658447266
2014-09-03,53.11333465576172
2014-09-04,53.32695770263672
2014-09-05,53.77632522583008
2014-09-08,53.47427749633789
2014-09-09,52.65660095214844
2014-09-10,52.523990631103516
2014-09-11,52.185123443603516
2014-09-12,52.199859619140625
2014-09-15,52.2366943359375
2014-09-16,52.67132568359375
2014-09-17,52.501895904541016
2014-09-18,52.57555389404297
2014-09-19,52.30299758911133
2014-09-22,51.45582962036133
2014-09-23,50.99911117553711
2014-09-24,51.33060073852539
2014-09-25,50.57184600830078
2014-09-26,50.395042419433594
2014-09-29,50.18878173828125
2014-09-30,50.63077163696289
2014-10-01,49.8204460144043
2014-10-02,49.99725341796875
2014-10-03,49.930946350097656
2014-10-06,50.535011291503906
2014-10-07,49.901485443115234
2014-10-08,50.4318733215332
2014-10-09,49.74678039550781
2014-10-10,48.85541534423828
2014-10-13,48.619693756103516
2014-10-14,48.67124938964844
2014-10-15,47.96406555175781
2014-10-16,47.93458938598633
2014-10-17,48.39868927001953
2014-10-20,48.36923599243164
2014-10-21,48.7375602722168
2014-10-22,48.53128433227539
2014-10-23,48.862789154052734
2014-10-24,48.83332824707031
2014-10-27,48.929080963134766
2014-10-28,49.65101623535156
2014-10-29,49.65837860107422
2014-10-30,50.17404556274414
2014-10-31,50.42451477050781
2014-11-03,50.05617904663086
2014-11-04,49.95304489135742
2014-11-05,49.97513961791992
2014-11-06,49.547874450683594
2014-11-07,49.73940658569336
2014-11-10,49.30478286743164
2014-11-11,49.08378601074219
2014-11-12,48.64179611206055
2014-11-13,48.50181579589844
2014-11-14,48.42815399169922
2014-11-17,48.538658142089844
2014-11-18,48.40605545043945
2014-11-19,48.921722412109375
2014-11-20,48.85541534423828
2014-11-21,49.54051208496094
2014-11-24,49.27530288696289
2014-11-25,49.06167984008789
2014-11-26,49.04695510864258
2014-11-28,48.12612533569336
2014-12-01,46.96220016479492
2014-12-02,46.05611038208008
2014-12-03,46.026634216308594
2014-12-04,45.64357376098633
2014-12-05,45.31207275390625
2014-12-08,44.91427993774414
2014-12-09,44.361785888671875
2014-12-10,42.93265151977539
2014-12-11,42.5643196105957
2014-12-12,41.56983947753906
2014-12-15,41.275169372558594
2014-12-16,41.13520431518555
2014-12-17,42.2965202331543
2014-12-18,43.90987777709961
2014-12-19,43.99164581298828
2014-12-22,44.07342529296875
2014-12-23,43.9619026184082
2014-12-24,44.07342529296875
2014-12-26,44.058555603027344
2014-12-29,44.08830642700195
2014-12-30,44.080867767333984
2014-12-31,44.155216217041016
2015-01-02,43.03256607055664
2015-01-05,41.761207580566406
2015-01-06,42.155250549316406
2015-01-07,43.15896224975586
2015-01-08,43.82065200805664
2015-01-09,44.02138137817383
2015-01-12,43.38943099975586
2015-01-13,43.19612503051758
2015-01-14,43.14407730102539
2015-01-15,42.72774124145508
2015-01-16,43.2481689453125
2015-01-20,43.38198471069336
2015-01-21,43.77603530883789
2015-01-22,44.802040100097656
2015-01-23,44.38569641113281
2015-01-26,44.55669403076172
2015-01-27,44.35594940185547
2015-01-28,43.545562744140625
2015-01-29,43.114341735839844
2015-01-30,41.82068634033203
2015-02-02,42.40803527832031
2015-02-03,43.054866790771484
2015-02-04,42.757476806640625
2015-02-05,43.53068923950195
2015-02-06,43.49351501464844
2015-02-09,43.69425964355469
2015-02-10,43.18125534057617
2015-02-11,42.11064529418945
2015-02-12,43.701698303222656
2015-02-13,43.939605712890625
2015-02-17,44.006526947021484
2015-02-18,43.939605712890625
2015-02-19,43.67195510864258
2015-02-20,43.902435302734375
2015-02-23,43.82065200805664
2015-02-24,44.45259475708008
2015-02-25,44.333648681640625
2015-02-26,44.62360382080078
2015-02-27,44.764862060546875
2015-03-02,44.25186538696289
2015-03-03,43.94704055786133
2015-03-04,43.38198471069336
2015-03-05,43.114341735839844
2015-03-06,42.09577560424805
2015-03-09,42.0734748840332
2015-03-10,41.44895553588867
2015-03-11,41.99168395996094
2015-03-12,42.74260711669922
2015-03-13,42.579044342041016
2015-03-16,42.95078659057617
2015-03-17,42.72774124145508
2015-03-18,44.07342529296875
2015-03-19,43.41917037963867
2015-03-20,44.103172302246094
2015-03-23,44.29647445678711
2015-03-24,44.44517135620117
2015-03-25,43.798336029052734
2015-03-26,43.084598541259766
2015-03-27,43.2407341003418
2015-03-30,43.21842956542969
2015-03-31,43.092041015625
2015-04-01,43.82065200805664
2015-04-02,44.44517135620117
2015-04-06,45.34478759765625
2015-04-07,45.300174713134766
2015-04-08,45.31504821777344
2015-04-09,44.72026062011719
2015-04-10,44.42286682128906
2015-04-13,43.954471588134766
2015-04-14,44.2816047668457
2015-04-15,44.60129928588867
2015-04-16,44.99534225463867
2015-04-17,44.311344146728516
2015-04-20,43.999088287353516
2015-04-21,44.118045806884766
2015-04-22,44.04369354248047
2015-04-23,44.56412887573242
2015-04-24,44.8317756652832
2015-04-27,44.74256134033203
2015-04-28,44.82434844970703
2015-04-29,44.482337951660156
2015-04-30,43.58273696899414
2015-05-01,43.36712646484375
2015-05-04,43.880123138427734
2015-05-05,44.02138137817383
2015-05-06,43.880123138427734
2015-05-07,43.77603530883789
2015-05-08,44.586429595947266
2015-05-11,44.14778137207031
2015-05-12,43.894996643066406
2015-05-13,44.08830642700195
2015-05-14,44.94330596923828
2015-05-15,45.25556564331055
2015-05-18,45.00278091430664
2015-05-19,44.61617660522461
2015-05-20,44.60873794555664
2015-05-21,44.3633918762207
2015-05-22,44.06599807739258
2015-05-26,43.53812026977539
2015-05-27,43.798336029052734
2015-05-28,43.790916442871094
2015-05-29,43.50094985961914
2015-06-01,43.2556037902832
2015-06-02,43.52325439453125
2015-06-03,43.18125534057617
2015-06-04,42.89873123168945
2015-06-05,42.40803527832031
2015-06-08,42.631080627441406
2015-06-09,42.712860107421875
2015-06-10,43.07716751098633
2015-06-11,43.404296875
2015-06-12,43.3299560546875
2015-06-15,42.995384216308594
2015-06-16,43.30020523071289
2015-06-17,43.71656036376953
2015-06-18,43.939605712890625
2015-06-19,43.74629592895508
2015-06-22,44.013954162597656
2015-06-23,44.0288200378418
2015-06-24,43.71656036376953
2015-06-25,43.69858932495117
2015-06-26,43.70608139038086
2015-06-29,42.62035369873047
2015-06-30,42.76262283325195
2015-07-01,42.493064880371094
2015-07-02,43.17445373535156
2015-07-06,42.710205078125
2015-07-07,42.81502914428711
2015-07-08,42.186058044433594
2015-07-09,42.44063949584961
2015-07-10,42.98725128173828
2015-07-13,43.144493103027344
2015-07-14,43.40656661987305
2015-07-15,43.114540100097656
2015-07-16,43.249324798583984
2015-07-17,42.92734909057617
2015-07-20,42.904884338378906
2015-07-21,42.86745071411133
2015-07-22,41.86409378051758
2015-07-23,41.901527404785156
2015-07-24,41.17521667480469
2015-07-27,40.67353820800781
2015-07-28,41.07038497924805
2015-07-29,41.317474365234375
2015-07-30,41.24259567260742
2015-07-31,42.186058044433594
2015-08-03,42.1785774230957
2015-08-04,42.25345230102539
2015-08-05,41.70684814453125
2015-08-06,41.76675033569336
2015-08-07,42.14862060546875
2015-08-10,42.560455322265625
2015-08-11,41.48221969604492
2015-08-12,41.167724609375
2015-08-13,40.66604995727539
2015-08-14,40.65106964111328
2015-08-17,40.725955963134766
2015-08-18,40.60614013671875
2015-08-19,39.85736846923828
2015-08-20,39.205936431884766
2015-08-21,37.83567428588867
2015-08-24,36.622650146484375
2015-08-25,37.01950454711914
2015-08-26,37.79823303222656
2015-08-27,39.26583480834961
2015-08-28,39.25835037231445
2015-08-31,39.57283020019531
2015-09-01,38.374794006347656
2015-09-02,38.846519470214844
2015-09-03,39.063663482666016
2015-09-04,38.374794006347656
2015-09-08,38.97380447387695
2015-09-09,38.666812896728516
2015-09-10,38.97380447387695
2015-09-11,38.86149597167969
2015-09-14,39.07115936279297
2015-09-15,39.44553756713867
2015-09-16,40.51628875732422
2015-09-17,40.27668380737305
2015-09-18,39.87234115600586
2015-09-21,39.86486053466797
2015-09-22,39.12357711791992
2015-09-23,38.41971206665039
2015-09-24,38.55449676513672
2015-09-25,38.165130615234375
2015-09-28,37.483741760253906
2015-09-29,37.85813903808594
2015-09-30,38.60691833496094
2015-10-01,38.539520263671875
2015-10-02,38.98129653930664
2015-10-05,39.730079650878906
2015-10-06,39.9771728515625
2015-10-07,40.306644439697266
2015-10-08,40.890682220458984
2015-10-09,41.167724609375
2015-10-12,40.92811584472656
2015-10-13,40.561222076416016
2015-10-14,40.725955963134766
2015-10-15,41.085357666015625
2015-10-16,41.29501724243164
2015-10-19,41.1452751159668
2015-10-20,41.09285354614258
2015-10-21,40.68851089477539
2015-10-22,41.354923248291016
2015-10-23,41.25758743286133
2015-10-26,41.45975112915039
2015-10-27,41.13028335571289
2015-10-28,40.93560028076172
2015-10-29,40.73343276977539
2015-10-30,40.973045349121094
2015-11-02,41.37739181518555
2015-11-03,42.01384353637695
2015-11-04,41.70684814453125
2015-11-05,41.29501724243164
2015-11-06,40.83077621459961
2015-11-09,40.11195373535156
2015-11-10,40.20930480957031
2015-11-11,40.359046936035156
2015-11-12,39.99215316772461
2015-11-13,39.67766189575195
2015-11-16,40.08948516845703
2015-11-17,40.08948516845703
2015-11-18,40.47884750366211
2015-11-19,41.09285354614258
2015-11-20,41.55708694458008
2015-11-23,41.332462310791016
2015-11-24,41.28004455566406
2015-11-25,40.93560028076172
2015-11-27,40.628604888916016
2015-11-30,40.126930236816406
2015-12-01,40.73343276977539
2015-12-02,40.00712203979492
2015-12-03,39.3182487487793
2015-12-04,39.535396575927734
2015-12-07,38.69676208496094
2015-12-08,38.05281448364258
2015-12-09,38.07528305053711
2015-12-10,37.813209533691406
2015-12-11,36.89970397949219
2015-12-14,37.064430236816406
2015-12-15,38.284934997558594
2015-12-16,39.04119873046875
2015-12-17,39.02622985839844
2015-12-18,38.41971206665039
2015-12-21,38.43254852294922
2015-12-22,38.560890197753906
2015-12-23,38.62882614135742
2015-12-24,38.4552001953125
2015-12-28,38.39480209350586
2015-12-29,38.403167724609375
2015-12-30,37.80287551879883
2015-12-31,37.86366653442383
2016-01-04,37.286170959472656
2016-01-05,37.17219543457031
2016-01-06,36.4123420715332
2016-01-07,34.99140930175781
2016-01-08,34.474708557128906
2016-01-11,34.96100997924805
2016-01-12,35.18136978149414
2016-01-13,34.96100997924805
2016-01-14,35.30295944213867
2016-01-15,34.03398513793945
2016-01-19,34.13276672363281
2016-01-20,33.69965744018555
2016-01-21,33.54008102416992
2016-01-22,34.565887451171875
2016-01-25,33.904808044433594
2016-01-26,34.74065399169922
2016-01-27,34.672264099121094
2016-01-28,35.325740814208984
2016-01-29,36.769466400146484
2016-02-01,36.564308166503906
2016-02-02,35.50811004638672
2016-02-03,36.33635330200195
2016-02-04,36.701080322265625
2016-02-05,35.79685974121094
2016-02-08,35.04459762573242
2016-02-09,34.444313049316406
2016-02-10,34.45949935913086
2016-02-11,33.54767990112305
2016-02-12,34.33793640136719
2016-02-16,34.96100997924805
2016-02-17,36.29076385498047
2016-02-18,36.35914993286133
2016-02-19,36.328758239746094
2016-02-22,36.95943069458008
2016-02-23,36.26796340942383
2016-02-24,36.328758239746094
2016-02-25,36.739078521728516
2016-02-26,36.35914993286133
2016-02-29,36.837860107421875
2016-03-01,37.91685485839844
2016-03-02,38.48674774169922
2016-03-03,38.319576263427734
2016-03-04,38.745094299316406
2016-03-07,39.03384780883789
2016-03-08,38.06122970581055
2016-03-09,38.51714324951172
2016-03-10,38.281585693359375
2016-03-11,38.95785903930664
2016-03-14,38.66911697387695
2016-03-15,38.03843688964844
2016-03-16,39.06424331665039
2016-03-17,40.17362976074219
2016-03-18,40.26481246948242
2016-03-21,40.28001403808594
2016-03-22,40.4091911315918
2016-03-23,39.86968994140625
2016-03-24,39.770912170410156
2016-03-28,40.20402526855469
2016-03-29,40.77391815185547
2016-03-30,41.12345504760742
2016-03-31,40.80431365966797
2016-04-01,40.78912353515625
2016-04-04,40.24201583862305
2016-04-05,39.21621322631836
2016-04-06,39.5505485534668
2016-04-07,38.71470642089844
2016-04-08,38.91987609863281
2016-04-11,39.15541458129883
2016-04-12,39.945674896240234
2016-04-13,40.20402526855469
2016-04-14,40.28761672973633
2016-04-15,39.884883880615234
2016-04-18,39.824092864990234
2016-04-19,40.91069793701172
2016-04-20,40.84989929199219
2016-04-21,40.23440933227539
2016-04-22,40.29520797729492
2016-04-25,39.9152717590332
2016-04-26,40.52316665649414
2016-04-27,41.077857971191406
2016-04-28,40.576351165771484
2016-04-29,41.06266784667969
2016-05-02,41.01707458496094
2016-05-03,39.89248275756836
2016-05-04,39.26179504394531
2016-05-05,38.91987609863281
2016-05-06,39.04144287109375
2016-05-09,38.319576263427734
2016-05-10,39.15541458129883
2016-05-11,38.98825454711914
2016-05-12,39.13262939453125
2016-05-13,38.45635986328125
2016-05-16,38.7223014831543
2016-05-17,38.60072708129883
2016-05-18,38.00043869018555
2016-05-19,37.60531234741211
2016-05-20,37.96244430541992
2016-05-23,37.620506286621094
2016-05-24,37.871253967285156
2016-05-25,38.12961959838867
2016-05-26,38.38796615600586
2016-05-27,38.41074752807617
2016-05-31,37.90166091918945
2016-06-01,37.84087371826172
2016-06-02,37.506534576416016
2016-06-03,37.856075286865234
2016-06-06,37.848472595214844
2016-06-07,38.60072708129883
2016-06-08,39.2998046875
2016-06-09,38.51714324951172
2016-06-10,37.31657791137695
2016-06-13,36.670692443847656
2016-06-14,36.19957733154297
2016-06-15,36.60989761352539
2016-06-16,36.739078521728516
2016-06-17,36.99742889404297
2016-06-20,37.635711669921875
2016-06-21,37.681297302246094
2016-06-22,38.11107635498047
2016-06-23,38.987545013427734
2016-06-24,36.38888931274414
2016-06-27,35.60468673706055
2016-06-28,36.64261245727539
2016-06-29,37.93424987792969
2016-06-30,38.726139068603516
2016-07-01,38.833778381347656
2016-07-05,37.519065856933594
2016-07-06,37.288429260253906
2016-07-07,37.2192268371582
2016-07-08,38.203330993652344
2016-07-11,38.48781204223633
2016-07-12,39.11056137084961
2016-07-13,38.84147262573242
2016-07-14,39.079803466796875
2016-07-15,38.94142150878906
2016-07-18,39.4565315246582
2016-07-19,39.14130401611328
2016-07-20,39.341209411621094
2016-07-21,39.25663375854492
2016-07-22,39.48729705810547
2016-07-25,38.5877571105957
2016-07-26,38.46474075317383
2016-07-27,38.25715255737305
2016-07-28,38.0726432800293
2016-07-29,38.195648193359375
2016-08-01,38.088008880615234
2016-08-02,37.79585647583008
2016-08-03,38.16489028930664
2016-08-04,38.14183807373047
2016-08-05,38.71845626831055
2016-08-08,39.225887298583984
2016-08-09,39.77945327758789
2016-08-10,39.971649169921875
2016-08-11,40.7327995300293
2016-08-12,40.71742630004883
2016-08-15,41.36323928833008
2016-08-16,41.224853515625
2016-08-17,40.78661346435547
2016-08-18,41.017269134521484
2016-08-19,40.67898178100586
2016-08-22,40.45602035522461
2016-08-23,39.48729705810547
2016-08-24,39.748695373535156
2016-08-25,39.940895080566406
2016-08-26,39.26433563232422
2016-08-29,39.410404205322266
2016-08-30,39.01061248779297
2016-08-31,38.80302429199219
2016-09-01,38.995235443115234
2016-09-02,39.579551696777344
2016-09-06,39.98703384399414
2016-09-07,39.61798858642578
2016-09-08,39.0029182434082
2016-09-09,37.81892013549805
2016-09-12,38.02650451660156
2016-09-13,37.14235305786133
2016-09-14,36.657981872558594
2016-09-15,36.46577453613281
2016-09-16,35.95833969116211
2016-09-19,35.91990280151367
2016-09-20,35.86607360839844
2016-09-21,36.60416793823242
2016-09-22,37.442195892333984
2016-09-23,36.82712936401367
2016-09-26,36.2581901550293
2016-09-27,37.6343994140625
2016-09-28,38.0341911315918
2016-09-29,37.40374755859375
2016-09-30,37.273048400878906
2016-10-03,37.79585647583008
2016-10-04,37.98037338256836
2016-10-05,38.38785171508789
2016-10-06,38.088008880615234
2016-10-07,37.81892013549805
2016-10-10,39.14900207519531
2016-10-11,38.926048278808594
2016-10-12,38.81071472167969
2016-10-13,38.541629791259766
2016-10-14,38.42629623413086
2016-10-17,38.60313034057617
2016-10-18,39.62568664550781
2016-10-19,40.25611877441406
2016-10-20,39.79481887817383
2016-10-21,39.940895080566406
2016-10-24,40.07929611206055
2016-10-25,39.871700286865234
2016-10-26,39.27201843261719
2016-10-27,39.23357009887695
2016-10-28,38.933738708496094
2016-10-31,39.079803466796875
2016-11-01,37.972686767578125
2016-11-02,37.40374755859375
2016-11-03,37.55751037597656
2016-11-04,37.94193649291992
2016-11-07,39.88707733154297
2016-11-08,40.58671569824219
2016-11-09,37.1269645690918
2016-11-10,33.98243713378906
2016-11-11,33.32124710083008
2016-11-14,33.920928955078125
2016-11-15,34.397605895996094
2016-11-16,34.259220123291016
2016-11-17,33.9901237487793
2016-11-18,33.03677749633789
2016-11-21,33.52882766723633
2016-11-22,33.436561584472656
2016-11-23,33.5749626159668
2016-11-25,33.89018630981445
2016-11-28,33.828670501708984
2016-11-29,33.86711883544922
2016-11-30,33.920928955078125
2016-12-01,33.26742172241211
2016-12-02,33.22899627685547
2016-12-05,33.598026275634766
2016-12-06,34.09008026123047
2016-12-07,34.597503662109375
2016-12-08,35.020362854003906
2016-12-09,35.24333190917969
2016-12-12,35.52778625488281
2016-12-13,35.56623840332031
2016-12-14,34.705142974853516
2016-12-15,34.666709899902344
2016-12-16,34.11315155029297
2016-12-19,34.028568267822266
2016-12-20,33.87480926513672
2016-12-21,33.611446380615234
2016-12-22,33.41063690185547
2016-12-23,33.75046157836914
2016-12-27,33.54964828491211
2016-12-28,33.76591110229492
2016-12-29,34.14433670043945
2016-12-30,33.958984375
2017-01-03,33.6963996887207
2017-01-04,33.28706741333008
2017-01-05,33.541934967041016
2017-01-06,33.30250930786133
2017-01-09,32.70009994506836
2017-01-10,32.406620025634766
2017-01-11,32.30622100830078
2017-01-12,32.46067810058594
2017-01-13,32.93952178955078
2017-01-17,32.78506088256836
2017-01-18,32.41434097290039
2017-01-19,32.23670959472656
2017-01-20,32.931800842285156
2017-01-23,33.85085678100586
2017-01-24,34.3374137878418
2017-01-25,35.1097526550293
2017-01-26,34.298805236816406
2017-01-27,34.83169937133789
2017-01-30,34.81626510620117
2017-01-31,34.60774230957031
2017-02-01,34.68496322631836
2017-02-02,35.24103927612305
2017-02-03,35.54225158691406
2017-02-06,35.047950744628906
2017-02-07,34.79309844970703
2017-02-08,35.117469787597656
2017-02-09,35.4495735168457
2017-02-10,36.00563430786133
2017-02-13,35.90523910522461
2017-02-14,35.804832458496094
2017-02-15,35.67354202270508
2017-02-16,35.503631591796875
2017-02-17,35.31055450439453
2017-02-21,36.384071350097656
2017-02-22,36.29140090942383
2017-02-23,36.538536071777344
2017-02-24,36.05197525024414
2017-02-27,36.19872283935547
2017-02-28,35.588584899902344
2017-03-01,36.51537322998047
2017-03-02,36.044254302978516
2017-03-03,37.04055404663086
2017-03-06,37.32631301879883
2017-03-07,37.2336311340332
2017-03-08,36.808860778808594
2017-03-09,36.32228469848633
2017-03-10,36.72390365600586
2017-03-13,36.654396057128906
2017-03-14,36.47675704956055
2017-03-15,37.658409118652344
2017-03-16,38.0986328125
2017-03-17,38.6701545715332
2017-03-20,38.925018310546875
2017-03-21,38.72420883178711
2017-03-22,38.77827453613281
2017-03-23,39.19532775878906
2017-03-24,39.8209114074707
2017-03-27,39.774566650390625
2017-03-28,39.58920669555664
2017-03-29,40.006263732910156
2017-03-30,39.874961853027344
2017-03-31,39.51970291137695
2017-04-03,39.882694244384766
2017-04-04,39.905860900878906
2017-04-05,39.905860900878906
2017-04-06,39.751399993896484
2017-04-07,40.21479415893555
2017-04-10,40.22251892089844
2017-04-11,40.08349609375
2017-04-12,39.68960952758789
2017-04-13,39.53514862060547
2017-04-17,39.9985466003418
2017-04-18,39.81318664550781
2017-04-19,39.334346771240234
2017-04-20,39.751399993896484
2017-04-21,39.67416763305664
2017-04-24,40.338356018066406
2017-04-25,40.19162368774414
2017-04-26,39.380680084228516
2017-04-27,39.72822570800781
2017-04-28,39.975372314453125
2017-05-01,40.21479415893555
2017-05-02,40.4310417175293
2017-05-03,39.84408187866211
2017-05-04,39.24939727783203
2017-05-05,39.797733306884766
2017-05-08,39.39612579345703
2017-05-09,39.72822570800781
2017-05-10,40.183895111083984
2017-05-11,40.176177978515625
2017-05-12,40.22251892089844
2017-05-15,40.71680450439453
2017-05-16,40.57778549194336
2017-05-17,39.797733306884766
2017-05-18,39.17987823486328
2017-05-19,40.168460845947266
2017-05-22,40.044883728027344
2017-05-23,40.23796463012695
2017-05-24,41.01028060913086
2017-05-25,40.65502166748047
2017-05-26,40.97938919067383
2017-05-30,40.19934844970703
2017-05-31,39.867244720458984
2017-06-01,40.2534065246582
2017-06-02,40.16073226928711
2017-06-05,41.28059387207031
2017-06-06,41.118404388427734
2017-06-07,41.24971008300781
2017-06-08,41.19564437866211
2017-06-09,41.21108627319336
2017-06-12,41.38872528076172
2017-06-13,41.489131927490234
2017-06-14,41.836669921875
2017-06-15,41.53546142578125
2017-06-16,42.060638427734375
2017-06-19,41.85211944580078
2017-06-20,41.24549865722656
2017-06-21,41.0737419128418
2017-06-22,41.46409606933594
2017-06-23,41.81542205810547
2017-06-26,42.3463134765625
2017-06-27,41.85445785522461
2017-06-28,42.439998626708984
2017-06-29,41.84664535522461
2017-06-30,42.11209487915039
2017-07-03,42.08087158203125
2017-07-05,42.04182815551758
2017-07-06,41.74516677856445
2017-07-07,42.26823806762695
2017-07-10,43.13483810424805
2017-07-11,43.02554702758789
2017-07-12,43.736000061035156
2017-07-13,43.993629455566406
2017-07-14,44.540138244628906
2017-07-17,44.65725326538086
2017-07-18,44.71189498901367
2017-07-19,44.61821365356445
2017-07-20,44.6962890625
2017-07-21,44.75092697143555
2017-07-24,44.641632080078125
2017-07-25,44.5245246887207
2017-07-26,44.930503845214844
2017-07-27,44.21223068237305
2017-07-28,44.25126266479492
2017-07-31,43.954593658447266
2017-08-01,43.907745361328125
2017-08-02,44.02486801147461
2017-08-03,44.00925827026367
2017-08-04,44.08732223510742
2017-08-07,44.02486801147461
2017-08-08,44.11854934692383
2017-08-09,43.76721954345703
2017-08-10,43.392478942871094
2017-08-11,43.728179931640625
2017-08-14,44.274688720703125
2017-08-15,44.29812240600586
2017-08-16,44.586978912353516
2017-08-17,43.89213943481445
2017-08-18,44.39180374145508
2017-08-21,44.75873947143555
2017-08-22,44.83681106567383
2017-08-23,44.71189498901367
2017-08-24,44.727508544921875
2017-08-25,44.98514175415039
2017-08-28,44.204429626464844
2017-08-29,44.181007385253906
2017-08-30,44.383995056152344
2017-08-31,44.08732223510742
2017-09-01,44.3137321472168
2017-09-05,43.37686538696289
2017-09-06,43.86091232299805
2017-09-07,44.04047393798828
2017-09-08,43.6110725402832
2017-09-11,44.05609130859375
2017-09-12,43.907745361328125
2017-09-13,43.634490966796875
2017-09-14,43.82187271118164
2017-09-15,43.76721954345703
2017-09-18,43.65011978149414
2017-09-19,43.44712829589844
2017-09-20,43.6110725402832
2017-09-21,43.50959014892578
2017-09-22,43.71257400512695
2017-09-25,43.40028381347656
2017-09-26,43.25975799560547
2017-09-27,42.48684310913086
2017-09-28,42.5024528503418
2017-09-29,42.63517379760742
2017-10-02,42.6820182800293
2017-10-03,42.81474304199219
2017-10-04,42.658599853515625
2017-10-05,42.158939361572266
2017-10-06,41.823219299316406
2017-10-09,41.41725158691406
2017-10-10,41.058128356933594
2017-10-11,41.32356643676758
2017-10-12,40.94101333618164
2017-10-13,40.69117736816406
2017-10-16,40.1915168762207
2017-10-17,41.237693786621094
2017-10-18,40.808292388916016
2017-10-19,41.034706115722656
2017-10-20,40.57408142089844
2017-10-23,40.090023040771484
2017-10-24,40.32424545288086
2017-10-25,39.56694793701172
2017-10-26,39.21561813354492
2017-10-27,39.56694793701172
2017-10-30,39.153167724609375
2017-10-31,39.2936897277832
2017-11-01,39.098514556884766
2017-11-02,39.278076171875
2017-11-03,39.13754653930664
2017-11-06,39.863616943359375
2017-11-07,39.6215934753418
2017-11-08,39.551326751708984
2017-11-09,39.637203216552734
2017-11-10,38.840877532958984
2017-11-13,38.83306121826172
2017-11-14,38.567623138427734
2017-11-15,38.380245208740234
2017-11-16,38.86430358886719
2017-11-17,39.23904037475586
2017-11-20,39.03605651855469
2017-11-21,39.84019470214844
2017-11-22,40.152488708496094
2017-11-24,40.01976013183594
2017-11-27,39.582557678222656
2017-11-28,39.8167724609375
2017-11-29,39.957298278808594
2017-11-30,39.18439483642578
2017-12-01,39.39519119262695
2017-12-04,39.31711959838867
2017-12-05,39.31711959838867
2017-12-06,38.70035171508789
2017-12-07,38.52077865600586
2017-12-08,39.059471130371094
2017-12-11,38.801841735839844
2017-12-12,38.606658935546875
2017-12-13,39.34054183959961
2017-12-14,39.05166244506836
2017-12-15,39.03605651855469
2017-12-18,39.645015716552734
2017-12-19,39.02909851074219
2017-12-20,38.887149810791016
2017-12-21,38.41397476196289
2017-12-22,37.980228424072266
2017-12-26,37.751522064208984
2017-12-27,38.24836349487305
2017-12-28,38.30356979370117
2017-12-29,38.871376037597656
2018-01-02,39.73097229003906
2018-01-03,39.72309112548828
2018-01-04,39.78618621826172
2018-01-05,40.20415115356445
2018-01-08,40.20415115356445
2018-01-09,39.896583557128906
2018-01-10,39.021217346191406
2018-01-11,39.19472122192383
2018-01-12,39.9754524230957
2018-01-16,40.74830627441406
2018-01-17,41.197818756103516
2018-01-18,41.49749755859375
2018-01-19,41.387088775634766
2018-01-22,41.442283630371094
2018-01-23,41.41863250732422
2018-01-24,42.522705078125
2018-01-25,42.17572021484375
2018-01-26,42.64099884033203
2018-01-29,42.04954147338867
2018-01-30,41.51327896118164
2018-01-31,41.88393020629883
2018-02-01,42.63312530517578
2018-02-02,41.702545166015625
2018-02-05,39.967567443847656
2018-02-06,41.040096282958984
2018-02-07,40.25147247314453
2018-02-08,39.06853103637695
2018-02-09,39.69942855834961
2018-02-12,39.92024230957031
2018-02-13,40.02277374267578
2018-02-14,40.630008697509766
2018-02-15,41.14262008666992
2018-02-16,41.0874137878418
2018-02-20,40.57480239868164
2018-02-21,40.11740493774414
2018-02-22,40.921810150146484
2018-02-23,40.83505630493164
2018-02-26,40.72464370727539
2018-02-27,39.86503601074219
2018-02-28,39.36031723022461
2018-03-01,39.565364837646484
2018-03-02,39.51805114746094
2018-03-05,39.644222259521484
2018-03-06,39.92024230957031
2018-03-07,39.81772994995117
2018-03-08,40.511714935302734
2018-03-09,40.90602493286133
2018-03-12,41.05586624145508
2018-03-13,40.89814376831055
2018-03-14,40.693092346191406
2018-03-15,40.10951614379883
2018-03-16,39.770408630371094
2018-03-19,39.28934860229492
2018-03-20,39.44707107543945
2018-03-21,40.62212371826172
2018-03-22,40.03065490722656
2018-03-23,39.39186477661133
2018-03-26,40.338218688964844
2018-03-27,39.943904876708984
2018-03-28,39.6126823425293
2018-03-29,40.630008697509766
2018-04-02,39.54959487915039
2018-04-03,40.4328498840332
2018-04-04,41.49749755859375
2018-04-05,41.552703857421875
2018-04-06,41.27668380737305
2018-04-09,41.166282653808594
2018-04-10,41.74985885620117
2018-04-11,41.812950134277344
2018-04-12,42.12051773071289
2018-04-13,42.48328399658203
2018-04-16,42.38865280151367
2018-04-17,42.71198654174805
2018-04-18,42.67255783081055
2018-04-19,41.42652130126953
2018-04-20,41.17416763305664
2018-04-23,40.30667495727539
2018-04-24,40.18838119506836
2018-04-25,40.22780227661133
2018-04-26,40.424964904785156
2018-04-27,40.74830627441406
2018-04-30,40.693092346191406
2018-05-01,40.14894485473633
2018-05-02,39.510154724121094
2018-05-03,38.94235610961914
2018-05-04,38.4770622253418
2018-05-07,37.522830963134766
2018-05-08,37.49127960205078
2018-05-09,37.3020133972168
2018-05-10,38.29568099975586
2018-05-11,37.90925598144531
2018-05-14,37.372982025146484
2018-05-15,37.03387451171875
2018-05-16,37.278350830078125
2018-05-17,36.521278381347656
2018-05-18,35.921913146972656
2018-05-21,35.78784942626953
2018-05-22,36.292572021484375
2018-05-23,36.8446044921875
2018-05-24,36.33200454711914
2018-05-25,36.27680206298828
2018-05-29,35.25946807861328
2018-05-30,35.61436080932617
2018-05-31,35.235801696777344
2018-06-01,35.47240447998047
2018-06-04,35.464515686035156
2018-06-05,34.52604293823242
2018-06-06,34.865150451660156
2018-06-07,34.58913803100586
2018-06-08,35.42507553100586
2018-06-11,35.19638442993164
2018-06-12,35.306785583496094
2018-06-13,35.22792434692383
2018-06-14,35.37775802612305
2018-06-15,35.535491943359375
2018-06-18,35.62223434448242
2018-06-19,35.465675354003906
2018-06-20,36.01683807373047
2018-06-21,35.9289665222168
2018-06-22,36.5679931640625
2018-06-25,36.847564697265625
2018-06-26,36.90346908569336
2018-06-27,36.432193756103516
2018-06-28,37.478599548339844
2018-06-29,37.65432357788086
2018-07-02,36.70378494262695
2018-07-03,37.830055236816406
2018-07-05,39.63528060913086
2018-07-06,40.28229904174805
2018-07-09,40.26632308959961
2018-07-10,40.66571044921875
2018-07-11,40.258331298828125
2018-07-12,40.29029083251953
2018-07-13,40.138519287109375
2018-07-16,40.33821105957031
2018-07-17,40.4180908203125
2018-07-18,40.54589080810547
2018-07-19,40.01869583129883
2018-07-20,40.322235107421875
2018-07-23,40.55387496948242
2018-07-24,40.913330078125
2018-07-25,41.44052505493164
2018-07-26,41.32071304321289
2018-07-27,41.43254089355469
2018-07-30,41.68014907836914
2018-07-31,41.52040100097656
2018-08-01,41.312713623046875
2018-08-02,40.857425689697266
2018-08-03,41.44851303100586
2018-08-06,41.472469329833984
2018-08-07,42.255279541015625
2018-08-08,42.127479553222656
2018-08-09,41.05710983276367
2018-08-10,39.63528060913086
2018-08-13,39.57937240600586
2018-08-14,40.4899787902832
2018-08-15,39.30779266357422
2018-08-16,39.33974838256836
2018-08-17,39.787052154541016
2018-08-20,39.95479202270508
2018-08-21,40.601806640625
2018-08-22,41.424556732177734
2018-08-23,40.753578186035156
2018-08-24,40.88937759399414
2018-08-27,41.71211242675781
2018-08-28,40.697662353515625
2018-08-29,41.208885192871094
2018-08-30,40.28229904174805
2018-08-31,40.210411071777344
2018-09-04,39.164005279541016
2018-09-05,39.012237548828125
2018-09-06,39.403648376464844
2018-09-07,39.363704681396484
2018-09-10,39.379676818847656
2018-09-11,39.51547622680664
2018-09-12,40.25035095214844
2018-09-13,41.033145904541016
2018-09-14,40.753578186035156
2018-09-17,40.64973449707031
2018-09-18,40.92132568359375
2018-09-19,40.99320983886719
2018-09-20,40.849422454833984
2018-09-21,40.729610443115234
2018-09-24,40.33821105957031
2018-09-25,40.4899787902832
2018-09-26,40.73760223388672
2018-09-27,40.8414421081543
2018-09-28,40.92132568359375
2018-10-01,41.22486114501953
2018-10-02,40.601806640625
2018-10-03,39.93082809448242
2018-10-04,39.395660400390625
2018-10-05,39.603336334228516
2018-10-08,39.403648376464844
2018-10-09,39.52346420288086
2018-10-10,38.868465423583984
2018-10-11,38.75663757324219
2018-10-12,38.90840148925781
2018-10-15,39.19596481323242
2018-10-16,39.77108383178711
2018-10-17,39.259864807128906
2018-10-18,37.957862854003906
2018-10-19,38.04573059082031
2018-10-22,37.406700134277344
2018-10-23,37.16706848144531
2018-10-24,36.15262985229492
2018-10-25,36.77566909790039
2018-10-26,36.64786148071289
2018-10-29,34.02787780761719
2018-10-30,33.90007400512695
2018-10-31,33.612518310546875
2018-11-01,35.018367767333984
2018-11-02,35.28994369506836
2018-11-05,36.30438995361328
2018-11-06,36.376277923583984
2018-11-07,36.504093170166016
2018-11-08,34.03586959838867
2018-11-09,34.139705657958984
2018-11-12,33.14921951293945
2018-11-13,32.41435623168945
2018-11-14,32.52618408203125
2018-11-15,32.14276885986328
2018-11-16,33.05336380004883
2018-11-19,32.893619537353516
2018-11-20,32.19068908691406
2018-11-21,32.238616943359375
2018-11-23,31.727394104003906
2018-11-26,30.16179656982422
2018-11-27,30.665037155151367
2018-11-28,32.03093338012695
2018-11-29,32.54215621948242
2018-11-30,32.21466064453125
2018-12-03,32.4063606262207
2018-12-04,31.86319351196289
2018-12-06,32.446292877197266
2018-12-07,32.430320739746094
2018-12-10,32.086856842041016
2018-12-11,32.01496124267578
2018-12-12,32.494224548339844
2018-12-13,32.238616943359375
2018-12-14,32.166725158691406
2018-12-17,31.679471969604492
2018-12-18,32.24553298950195
2018-12-19,32.35034942626953
2018-12-20,33.05992889404297
2018-12-21,32.592254638671875
2018-12-24,32.737388610839844
2018-12-26,33.05992889404297
2018-12-27,33.0921745300293
2018-12-28,33.17281723022461
2018-12-31,33.20507049560547
2019-01-02,34.12430191040039
2019-01-03,33.696937561035156
2019-01-04,34.39038848876953
2019-01-07,34.79356002807617
2019-01-08,35.366050720214844
2019-01-09,35.761165618896484
2019-01-10,35.8418083190918
2019-01-11,35.688594818115234
2019-01-14,35.85792541503906
2019-01-15,36.059513092041016
2019-01-16,36.45462417602539
2019-01-17,36.35786437988281
2019-01-18,36.34172821044922
2019-01-22,35.75310134887695
2019-01-23,36.02726364135742
2019-01-24,35.9708137512207
2019-01-25,36.13208770751953
2019-01-28,35.9708137512207
2019-01-29,36.13208770751953
2019-01-30,35.9708137512207
2019-01-31,36.2852897644043
2019-02-01,36.164344787597656
2019-02-04,36.35786437988281
2019-02-05,36.75296401977539
2019-02-06,36.47073745727539
2019-02-07,36.2852897644043
2019-02-08,35.82567596435547
2019-02-11,35.42250442504883
2019-02-12,35.46281814575195
2019-02-13,34.3742561340332
2019-02-14,34.962890625
2019-02-15,35.30962371826172
2019-02-19,35.446693420410156
2019-02-20,35.40637969970703
2019-02-21,35.616024017333984
2019-02-22,36.00307083129883
2019-02-25,36.099830627441406
2019-02-26,35.89018630981445
2019-02-27,35.551517486572266
2019-02-28,35.124168395996094
2019-03-01,34.90644836425781
2019-03-04,34.72099304199219
2019-03-05,34.55971908569336
2019-03-06,34.14848327636719
2019-03-07,33.68081283569336
2019-03-08,33.842079162597656
2019-03-11,34.229122161865234
2019-03-12,34.31782531738281
2019-03-13,34.406517028808594
2019-03-14,34.301692962646484
2019-03-15,34.8016242980957
2019-03-18,35.39025115966797
2019-03-19,35.33380126953125
2019-03-20,36.236907958984375
2019-03-21,36.34172821044922
2019-03-22,34.91450881958008
2019-03-25,35.41444396972656
2019-03-26,35.46281814575195
2019-03-27,35.067718505859375
2019-03-28,34.995155334472656
2019-03-29,35.148345947265625
2019-04-01,35.94662857055664
2019-04-02,35.60796356201172
2019-04-03,35.664398193359375
2019-04-04,36.220787048339844
2019-04-05,37.12387466430664
2019-04-08,37.696380615234375
2019-04-09,37.551239013671875
2019-04-10,37.583492279052734
2019-04-11,37.365787506103516
2019-04-12,37.502864837646484
2019-04-15,37.30934524536133
2019-04-16,37.60768508911133
2019-04-17,38.04310607910156
2019-04-18,38.00278854370117
2019-04-22,37.954410552978516
2019-04-23,37.60768508911133
2019-04-24,37.22063446044922
2019-04-25,37.422237396240234
2019-04-26,37.51091766357422
2019-04-29,37.26902770996094
2019-04-30,37.21257781982422
2019-05-01,36.84165954589844
2019-05-02,36.64813995361328
2019-05-03,37.091636657714844
2019-05-06,36.849735260009766
2019-05-07,36.253028869628906
2019-05-08,35.82567596435547
2019-05-09,35.59184265136719
2019-05-10,35.954681396484375
2019-05-13,35.42250442504883
2019-05-14,35.8418083190918
2019-05-15,35.90630340576172
2019-05-16,35.85792541503906
2019-05-17,35.664398193359375
2019-05-20,35.9869499206543
2019-05-21,35.94662857055664
2019-05-22,35.71278381347656
2019-05-23,35.46281814575195
2019-05-24,35.31767654418945
2019-05-28,34.91450881958008
2019-05-29,35.40637969970703
2019-05-30,35.91437530517578
2019-05-31,34.60810470581055
2019-06-03,34.406517028808594
2019-06-04,35.043521881103516
2019-06-05,35.2692985534668
2019-06-06,35.003211975097656
2019-06-07,35.13222885131836
2019-06-10,36.172401428222656
2019-06-11,36.36591720581055
2019-06-12,36.220787048339844
2019-06-13,36.01919174194336
2019-06-14,35.75310134887695
2019-06-17,35.60666275024414
2019-06-18,35.91929244995117
2019-06-19,36.22369384765625
2019-06-20,36.66795349121094
2019-06-21,36.2566032409668
2019-06-24,36.26483154296875
2019-06-25,36.16610336303711
2019-06-26,36.38001251220703
2019-06-27,35.82879638671875
2019-06-28,35.688934326171875
2019-07-01,36.08382797241211
2019-07-02,36.10851287841797
2019-07-03,36.182552337646484
2019-07-05,36.28128433227539
2019-07-08,36.64326858520508
2019-07-09,35.5079345703125
2019-07-10,35.5079345703125
2019-07-11,35.83702087402344
2019-07-12,35.79587936401367
2019-07-15,36.2566032409668
2019-07-16,35.91107177734375
2019-07-17,35.5902099609375
2019-07-18,35.236446380615234
2019-07-19,34.932044982910156
2019-07-22,34.57005310058594
2019-07-23,34.05175018310547
2019-07-24,34.4877815246582
2019-07-25,34.3232421875
2019-07-26,34.1340217590332
2019-07-29,34.69346237182617
2019-07-30,34.43019485473633
2019-07-31,33.95302200317383
2019-08-01,33.52521514892578
2019-08-02,33.097415924072266
2019-08-05,32.21712112426758
2019-08-06,32.56266403198242
2019-08-07,33.015140533447266
2019-08-08,33.3689079284668
2019-08-09,33.32777404785156
2019-08-12,32.48860549926758
2019-08-13,32.58733367919922
2019-08-14,31.45199966430664
2019-08-15,31.616548538208008
2019-08-16,32.184207916259766
2019-08-19,31.937397003173828
2019-08-20,32.143070220947266
2019-08-21,32.686058044433594
2019-08-22,32.35697555541992
2019-08-23,32.06080627441406
2019-08-26,32.332298278808594
2019-08-27,32.521522521972656
2019-08-28,32.74364471435547
2019-08-29,33.41825866699219
2019-08-30,34.150482177734375
2019-09-03,33.6979866027832
2019-09-04,34.43842315673828
2019-09-05,34.800411224365234
2019-09-06,35.12950134277344
2019-09-09,35.030765533447266
2019-09-10,34.95672607421875
2019-09-11,35.12126159667969
2019-09-12,35.21176528930664
2019-09-13,35.49971008300781
2019-09-16,35.41743087768555
2019-09-17,36.042694091796875
2019-09-18,35.68070602416992
2019-09-19,35.614891052246094
2019-09-20,35.97687530517578
2019-09-23,35.86993408203125
2019-09-24,35.5079345703125
2019-09-25,35.38452911376953
2019-09-26,35.252899169921875
2019-09-27,34.98963165283203
2019-09-30,35.14595413208008
2019-10-01,34.84978103637695
2019-10-02,34.35615158081055
2019-10-03,34.833316802978516
2019-10-04,35.90283203125
2019-10-07,35.37630844116211
2019-10-08,34.95672607421875
2019-10-09,35.06367874145508
2019-10-10,35.77942657470703
2019-10-11,36.2977294921875
2019-10-14,36.338863372802734
2019-10-15,36.396461486816406
2019-10-16,36.66795349121094
2019-10-17,36.56100082397461
2019-10-18,36.47050857543945
2019-10-21,36.857177734375
2019-10-22,36.750221252441406
2019-10-23,36.84071350097656
2019-10-24,36.857177734375
2019-10-25,36.82426071166992
2019-10-28,37.128665924072266
2019-10-29,36.997039794921875
2019-10-30,36.9229850769043
2019-10-31,36.45405197143555
2019-11-01,37.13688659667969
2019-11-04,37.0463981628418
2019-11-05,36.68439865112305
2019-11-06,37.09576416015625
2019-11-07,37.39193344116211
2019-11-08,37.03816604614258
2019-11-11,37.00526428222656
2019-11-12,36.19077682495117
2019-11-13,36.01801681518555
2019-11-14,36.26483154296875
2019-11-15,36.774898529052734
2019-11-18,36.48695373535156
2019-11-19,36.495182037353516
2019-11-20,36.355323791503906
2019-11-21,36.31418991088867
2019-11-22,36.58567810058594
2019-11-25,36.53631591796875
2019-11-26,35.97687530517578
2019-11-27,36.00978088378906
2019-11-29,35.80411911010742
2019-12-02,35.458580017089844
2019-12-03,35.22821807861328
2019-12-04,35.433902740478516
2019-12-05,35.549068450927734
2019-12-06,35.37630844116211
2019-12-09,35.47502899169922
2019-12-10,36.075599670410156
2019-12-11,36.70908737182617
2019-12-12,37.14512252807617
2019-12-13,37.638736724853516
2019-12-16,37.94107437133789
2019-12-17,37.96599197387695
2019-12-18,38.46434020996094
2019-12-19,38.2567024230957
2019-12-20,38.073970794677734
2019-12-23,37.93276596069336
2019-12-24,37.79987335205078
2019-12-26,38.04074478149414
2019-12-27,38.123802185058594
2019-12-30,37.35966491699219
2019-12-31,37.40119552612305
2020-01-02,38.42280960083008
2020-01-03,38.14041519165039
2020-01-06,38.31483840942383
2020-01-07,37.95768737792969
2020-01-08,38.29822540283203
2020-01-09,38.32313919067383
2020-01-10,38.53078842163086
2020-01-13,38.79657745361328
2020-01-14,38.555702209472656
2020-01-15,38.43942642211914
2020-01-16,39.20356369018555
2020-01-17,39.87633514404297
2020-01-21,39.54410171508789
2020-01-22,39.676998138427734
2020-01-23,39.369686126708984
2020-01-24,38.937774658203125
2020-01-27,37.84140396118164
2020-01-28,38.821495056152344
2020-01-29,39.228477478027344
2020-01-30,38.846412658691406
2020-01-31,38.090579986572266
2020-02-03,38.82979965209961
2020-02-04,39.23678970336914
2020-02-05,39.16203308105469
2020-02-06,38.638771057128906
2020-02-07,38.39789581298828
2020-02-10,38.36466598510742
2020-02-11,39.19525909423828
2020-02-12,39.75174331665039
2020-02-13,39.494266510009766
2020-02-14,39.62716293334961
2020-02-18,39.43613052368164
2020-02-19,39.502567291259766
2020-02-20,38.871334075927734
2020-02-21,38.71352005004883
2020-02-24,37.40119552612305
2020-02-25,36.79486846923828
2020-02-26,36.429405212402344
2020-02-27,34.99250793457031
2020-02-28,34.56890106201172
2020-03-02,35.71511459350586
2020-03-03,35.74002456665039
2020-03-04,36.45432662963867
2020-03-05,34.99250793457031
2020-03-06,33.70509338378906
2020-03-09,30.025611877441406
2020-03-10,31.32962989807129
2020-03-11,29.751523971557617
2020-03-12,27.51724624633789
2020-03-13,28.538862228393555
2020-03-16,24.18660545349121
2020-03-17,26.07202911376953
2020-03-18,23.879289627075195
2020-03-19,23.754701614379883
2020-03-20,22.4589900970459
2020-03-23,20.86426544189453
2020-03-24,22.184894561767578
2020-03-25,24.012178421020508
2020-03-26,25.208223342895508
2020-03-27,23.18990135192871
2020-03-30,22.990564346313477
2020-03-31,23.547054290771484
2020-04-01,22.159976959228516
2020-04-02,22.101837158203125
2020-04-03,21.262950897216797
2020-04-06,22.483905792236328
2020-04-07,22.799528121948242
2020-04-08,23.181598663330078
2020-04-09,23.472301483154297
2020-04-13,23.4639949798584
2020-04-14,23.870983123779297
2020-04-15,22.608491897583008
2020-04-16,22.450685501098633
2020-04-17,23.430774688720703
2020-04-20,22.924116134643555
2020-04-21,22.226423263549805
2020-04-22,22.42576789855957
2020-04-23,22.12675666809082
2020-04-24,22.184894561767578
2020-04-27,22.77461051940918
2020-04-28,23.763004302978516
2020-04-29,25.19161033630371
2020-04-30,24.31119155883789
2020-05-01,23.33941078186035
2020-05-04,24.336109161376953
2020-05-05,24.668344497680664
2020-05-06,24.385942459106445
2020-05-07,24.635120391845703
2020-05-08,25.63182258605957
2020-05-11,25.32450294494629
2020-05-12,24.817846298217773
2020-05-13,24.2447452545166
2020-05-14,24.552061080932617
2020-05-15,24.003875732421875
2020-05-18,25.274667739868164
2020-05-19,24.31119155883789
2020-05-20,25.224834442138672
2020-05-21,25.233142852783203
2020-05-22,25.407562255859375
2020-05-26,26.420873641967773
2020-05-27,26.786334991455078
2020-05-28,26.520545959472656
2020-05-29,26.487319946289062
2020-06-01,27.259765625
2020-06-02,28.015596389770508
2020-06-03,28.60530662536621
2020-06-04,27.990680694580078
2020-06-05,29.269775390625
2020-06-08,30.125280380249023
2020-06-09,28.945852279663086
2020-06-10,28.47241973876953
2020-06-11,26.113557815551758
2020-06-12,27.450801849365234
2020-06-15,27.304067611694336
2020-06-16,27.487483978271484
2020-06-17,27.462465286254883
2020-06-18,26.76215362548828
2020-06-19,27.57085418701172
2020-06-22,27.462465286254883
2020-06-23,27.712587356567383
2020-06-24,26.995594024658203
2020-06-25,27.08730125427246
2020-06-26,26.31195068359375
2020-06-29,26.628761291503906
2020-06-30,26.5787353515625
2020-07-01,26.837186813354492
2020-07-02,27.262380599975586
2020-07-06,27.53750228881836
2020-07-07,26.870534896850586
2020-07-08,26.70379638671875
2020-07-09,26.286935806274414
2020-07-10,26.31195068359375
2020-07-13,25.861740112304688
2020-07-14,26.136869430541992
2020-07-15,26.745479583740234
2020-07-16,26.528715133666992
2020-07-17,26.228578567504883
2020-07-20,26.353635787963867
2020-07-21,27.037277221679688
2020-07-22,27.4457950592041
2020-07-23,27.145658493041992
2020-07-24,27.31239891052246
2020-07-27,27.996047973632812
2020-07-28,27.95435905456543
2020-07-29,27.971033096313477
2020-07-30,27.4457950592041
2020-07-31,27.12064552307129
2020-08-03,27.08730125427246
2020-08-04,26.928892135620117
2020-08-05,27.73759651184082
2020-08-06,27.72926139831543
2020-08-07,27.745935440063477
2020-08-10,27.946027755737305
2020-08-11,28.196138381958008
2020-08-12,28.271169662475586
2020-08-13,28.462923049926758
2020-08-14,28.91312599182129
2020-08-17,28.90479278564453
2020-08-18,28.804746627807617
2020-08-19,28.67135238647461
2020-08-20,28.57964324951172
2020-08-21,28.32119369506836
2020-08-24,28.271169662475586
2020-08-25,28.562971115112305
2020-08-26,28.137775421142578
2020-08-27,27.754270553588867
2020-08-28,28.504608154296875
2020-08-31,27.43745994567871
2020-09-01,28.096094131469727
2020-09-02,27.87099266052246
2020-09-03,27.420785903930664
2020-09-04,27.66256332397461
2020-09-08,27.070627212524414
2020-09-09,27.695913314819336
2020-09-10,27.462465286254883
2020-09-11,27.97937774658203
2020-09-14,28.696365356445312
2020-09-15,28.44625473022461
2020-09-16,28.621334075927734
2020-09-17,28.2878475189209
2020-09-18,27.804290771484375
2020-09-21,27.254039764404297
2020-09-22,26.93723487854004
2020-09-23,26.06183433532715
2020-09-24,26.820510864257812
2020-09-25,26.862197875976562
2020-09-28,27.220699310302734
2020-09-29,27.170673370361328
2020-09-30,27.8126277923584
2020-10-01,27.595863342285156
2020-10-02,27.72926139831543
2020-10-05,28.329532623291016
2020-10-06,27.996047973632812
2020-10-07,28.596317291259766
2020-10-08,29.471712112426758
2020-10-09,29.863561630249023
2020-10-12,29.64679527282715
2020-10-13,29.254953384399414
2020-10-14,29.254953384399414
2020-10-15,29.32164764404297
2020-10-16,29.396682739257812
2020-10-19,29.021512985229492
2020-10-20,29.721834182739258
2020-10-21,30.005290985107422
2020-10-22,30.18870735168457
2020-10-23,30.413806915283203
2020-10-26,29.83854866027832
2020-10-27,29.546756744384766
2020-10-28,28.596317291259766
2020-10-29,28.112770080566406
2020-10-30,28.479598999023438
2020-11-02,28.421236038208008
2020-11-03,28.8464298248291
2020-11-04,29.12989044189453
2020-11-05,30.39714241027832
2020-11-06,30.647249221801758
2020-11-09,31.839458465576172
2020-11-10,32.423057556152344
2020-11-11,32.581459045410156
2020-11-12,31.839458465576172
2020-11-13,32.656494140625
2020-11-16,33.7736701965332
2020-11-17,33.95709228515625
2020-11-18,34.04879379272461
2020-11-19,33.94875717163086
2020-11-20,34.132164001464844
2020-11-23,34.23221206665039
2020-11-24,34.890846252441406
2020-11-25,34.649078369140625
2020-11-27,34.51567077636719
2020-11-30,33.823692321777344
2020-12-01,35.057586669921875
2020-12-02,35.532806396484375
2020-12-03,35.8496208190918
2020-12-04,35.932979583740234
2020-12-07,35.4577751159668
2020-12-08,35.632850646972656
2020-12-09,35.065921783447266
2020-12-10,35.54948043823242
2020-12-11,35.266014099121094
2020-12-14,35.171024322509766
2020-12-15,35.65857696533203
2020-12-16,35.935977935791016
2020-12-17,36.55803298950195
2020-12-18,35.80147933959961
2020-12-21,35.20465087890625
2020-12-22,34.44811248779297
2020-12-23,35.48204803466797
2020-12-24,35.62495803833008
2020-12-28,35.742645263671875
2020-12-29,36.642093658447266
2020-12-30,36.69606399536133
2020-12-31,36.257503509521484
2021-01-04,36.54425811767578
2021-01-05,36.74666976928711
2021-01-06,37.885250091552734
2021-01-07,37.581634521484375
2021-01-08,38.02863311767578
2021-01-11,37.556331634521484
2021-01-12,37.61536407470703
2021-01-13,37.210533142089844
2021-01-14,37.809349060058594
2021-01-15,37.514156341552734
2021-01-19,37.2442741394043
2021-01-20,37.2442741394043
2021-01-21,36.771968841552734
2021-01-22,36.232200622558594
2021-01-25,36.375579833984375
2021-01-26,36.42617416381836
2021-01-27,35.19483184814453
2021-01-28,35.39724349975586
2021-01-29,33.89599609375
2021-02-01,35.22856140136719
2021-02-02,35.09362030029297
2021-02-03,34.95867919921875
2021-02-04,35.009281158447266
2021-02-05,35.50687789916992
2021-02-08,35.54905319213867
2021-02-09,36.19846725463867
2021-02-10,36.012916564941406
2021-02-11,35.61652374267578
2021-02-12,35.85266876220703
2021-02-16,35.77676773071289
2021-02-17,36.088829040527344
2021-02-18,35.34663772583008
2021-02-19,35.17796325683594
2021-02-22,34.57072067260742
2021-02-23,35.34663772583008
2021-02-24,35.62495422363281
2021-02-25,34.08998107910156
2021-02-26,34.292396545410156
2021-03-01,34.975547790527344
2021-03-02,35.591224670410156
2021-03-03,35.498443603515625
2021-03-04,35.169525146484375
2021-03-05,35.08518600463867
2021-03-08,35.30447006225586
2021-03-09,35.70929718017578
2021-03-10,36.65390396118164
2021-03-11,37.134639739990234
2021-03-12,36.96595764160156
2021-03-15,37.37921142578125
2021-03-16,37.7081298828125
2021-03-17,37.649105072021484
2021-03-18,37.39608383178711
2021-03-19,36.957523345947266
2021-03-22,36.957523345947266
2021-03-23,36.17315673828125
2021-03-24,35.9454460144043
2021-03-25,36.58642578125
2021-03-26,37.134639739990234
2021-03-29,37.26957702636719
2021-03-30,37.328609466552734
2021-03-31,36.96595764160156
2021-04-01,37.59006118774414
2021-04-05,38.14670944213867
2021-04-06,38.256351470947266
2021-04-07,38.138275146484375
2021-04-08,38.644309997558594
2021-04-09,38.0623664855957
2021-04-12,37.91899490356445
2021-04-13,38.18043899536133
2021-04-14,38.787689208984375
2021-04-15,39.14191436767578
2021-04-16,39.293724060058594
2021-04-19,39.03226852416992
2021-04-20,38.998531341552734
2021-04-21,39.52987289428711
2021-04-22,39.59734344482422
2021-04-23,39.875667572021484
2021-04-26,39.622642517089844
2021-04-27,39.10817337036133
2021-04-28,39.19251251220703
2021-04-29,39.37806701660156
2021-04-30,38.3406867980957
2021-05-03,38.92262649536133
2021-05-04,38.65274429321289
2021-05-05,38.56840515136719
2021-05-06,39.21781921386719
2021-05-07,39.681678771972656
2021-05-10,40.061214447021484
2021-05-11,39.681678771972656
2021-05-12,38.80455017089844
2021-05-13,39.33588790893555
2021-05-14,39.73229217529297
2021-05-17,40.111820220947266
2021-05-18,40.3817024230957
2021-05-19,39.93470001220703
2021-05-20,40.54194641113281
2021-05-21,40.297359466552734
2021-05-24,40.19615173339844
2021-05-25,39.77444839477539
2021-05-26,39.96000289916992
2021-05-27,40.20458221435547
2021-05-28,40.57568359375
2021-06-01,41.04798126220703
2021-06-02,41.12388229370117
2021-06-03,40.55037307739258
2021-06-04,40.87086868286133
2021-06-07,42.11908721923828
2021-06-08,41.925113677978516
2021-06-09,41.78173065185547
2021-06-10,41.983184814453125
2021-06-11,41.94068908691406
2021-06-14,41.62617874145508
2021-06-15,41.379669189453125
2021-06-16,40.53813171386719
2021-06-17,40.1726188659668
2021-06-18,39.79860305786133
2021-06-21,40.087615966796875
2021-06-22,40.062110900878906
2021-06-23,40.33412170410156
2021-06-24,41.07365417480469
2021-06-25,41.27766799926758
2021-06-28,41.031150817871094
2021-06-29,41.03965377807617
2021-06-30,40.79314041137695
2021-07-01,40.77614212036133
2021-07-02,41.14165496826172
2021-07-06,40.50413513183594
2021-07-07,40.682640075683594
2021-07-08,40.13861846923828
2021-07-09,40.67414093017578
2021-07-12,40.67414093017578
2021-07-13,39.917606353759766
2021-07-14,40.699642181396484
2021-07-15,41.14165496826172
2021-07-16,41.18416213989258
2021-07-19,39.89210891723633
2021-07-20,39.84109878540039
2021-07-21,40.308624267578125
2021-07-22,40.640132904052734
2021-07-23,40.79314041137695
2021-07-26,41.430667877197266
2021-07-27,41.58367156982422
2021-07-28,41.91518783569336
2021-07-29,42.280704498291016
2021-07-30,41.66867446899414
2021-08-02,41.54967498779297
2021-08-03,42.365699768066406
2021-08-04,41.69417953491211
2021-08-05,41.81318283081055
2021-08-06,41.51567077636719
2021-08-09,41.16716003417969
2021-08-10,41.44766616821289
2021-08-11,41.91518783569336
2021-08-12,41.71968078613281
2021-08-13,42.17870330810547
2021-08-16,42.110694885253906
2021-08-17,42.07669448852539
2021-08-18,42.425209045410156
2021-08-19,41.49867248535156
2021-08-20,41.269161224365234
2021-08-23,41.86418533325195
2021-08-24,41.983184814453125
2021-08-25,42.13619613647461
2021-08-26,41.91518783569336
2021-08-27,42.47621154785156
2021-08-30,42.75672149658203
2021-08-31,43.44525146484375
2021-09-01,42.79072189331055
2021-09-02,42.91823196411133
2021-09-03,42.77372741699219
2021-09-07,42.86722183227539
2021-09-08,42.3827018737793
2021-09-09,42.391204833984375
2021-09-10,42.51020812988281
2021-09-13,42.646217346191406
2021-09-14,42.85872268676758
2021-09-15,43.35174560546875
2021-09-16,43.19873809814453
2021-09-17,42.2467041015625
2021-09-20,41.47317123413086
2021-09-21,41.54967498779297
2021-09-22,42.13619613647461
2021-09-23,42.3147087097168
2021-09-24,41.88118362426758
2021-09-27,42.27220153808594
2021-09-28,41.27766799926758
2021-09-29,40.94614791870117
2021-09-30,41.02265548706055
2021-10-01,41.25216293334961
2021-10-04,40.88664627075195
2021-10-05,40.91215133666992
2021-10-06,40.827144622802734
2021-10-07,40.67414093017578
2021-10-08,40.844146728515625
2021-10-11,40.725135803222656
2021-10-12,41.07365417480469
2021-10-13,41.481666564941406
2021-10-14,41.61767578125
2021-10-15,42.5697135925293
2021-10-18,42.34870529174805
2021-10-19,42.408203125
2021-10-20,42.5697135925293
2021-10-21,42.008689880371094
2021-10-22,42.10219192504883
2021-10-25,42.13619613647461
2021-10-26,42.28920364379883
2021-10-27,41.77067565917969
2021-10-28,41.47317123413086
2021-10-29,41.099159240722656
2021-11-01,40.96315002441406
2021-11-02,40.827144622802734
2021-11-03,41.507164001464844
2021-11-04,41.66017532348633
2021-11-05,42.22119903564453
2021-11-08,42.425209045410156
2021-11-09,42.365699768066406
2021-11-10,41.43917465209961
2021-11-11,41.37116622924805
2021-11-12,41.46466827392578
2021-11-15,41.23515701293945
2021-11-16,40.81013870239258
2021-11-17,40.81013870239258
2021-11-18,40.41062545776367
2021-11-19,40.181114196777344
2021-11-22,39.662593841552734
2021-11-23,39.65410232543945
2021-11-24,39.1270751953125
2021-11-26,37.59701919555664
2021-11-29,37.97102737426758
2021-11-30,38.51505661010742
2021-12-01,38.727561950683594
2021-12-02,39.83260726928711
2021-12-03,39.696598052978516
2021-12-06,39.61159133911133
2021-12-07,40.39363098144531
2021-12-08,40.69113540649414
2021-12-09,40.750640869140625
2021-12-10,40.86964416503906
2021-12-13,40.01470947265625
2021-12-14,40.376678466796875
2021-12-15,40.79897689819336
2021-12-16,41.307456970214844
2021-12-17,42.08309555053711
2021-12-20,41.695281982421875
2021-12-21,41.95383071899414
2021-12-22,42.52263259887695
2021-12-23,42.850128173828125
2021-12-27,43.3327522277832
2021-12-28,43.38446044921875
2021-12-29,43.25518798828125
2021-12-30,43.6774787902832
2021-12-31,43.60853576660156
2022-01-03,43.45340347290039
2022-01-04,43.55682373046875
2022-01-05,43.29827880859375
2022-01-06,43.47926712036133
2022-01-07,43.746429443359375
2022-01-10,43.470645904541016
2022-01-11,43.539588928222656
2022-01-12,44.28937911987305
2022-01-13,44.20320129394531
2022-01-14,44.18595886230469
2022-01-18,43.54821014404297
2022-01-19,43.02249526977539
2022-01-20,42.77256393432617
2022-01-21,42.30717468261719
2022-01-24,41.61771011352539
2022-01-25,41.4108772277832
2022-01-26,41.22127151489258
2022-01-27,40.721412658691406
2022-01-28,40.81620788574219
2022-01-31,41.84178924560547
2022-02-01,42.38474655151367
2022-02-02,42.55711364746094
2022-02-03,41.79008102416992
2022-02-04,41.6004753112793
2022-02-07,41.61771011352539
2022-02-08,42.574344635009766
2022-02-09,43.29827880859375
2022-02-10,42.867366790771484
2022-02-11,43.36722946166992
2022-02-14,42.884605407714844
2022-02-15,43.71195983886719
2022-02-16,44.237674713134766
2022-02-17,43.50511932373047
2022-02-18,43.27241897583008
2022-02-22,43.48788070678711
2022-02-23,42.45369338989258
2022-02-24,41.721134185791016
2022-02-25,43.151763916015625
2022-02-28,43.38446044921875
2022-03-01,42.85874557495117
2022-03-02,43.05696487426758
2022-03-03,43.03110885620117
2022-03-04,42.289939880371094
2022-03-07,40.497337341308594
2022-03-08,41.26436996459961
2022-03-09,42.81565856933594
2022-03-10,42.41921615600586
2022-03-11,42.35889434814453
2022-03-14,42.03138732910156
2022-03-15,42.600196838378906
2022-03-16,43.39308166503906
2022-03-17,44.349708557128906
2022-03-18,45.32358169555664
2022-03-21,44.98746109008789
2022-03-22,45.75448989868164
2022-03-23,45.470088958740234
2022-03-24,46.20264434814453
2022-03-25,46.17678451538086
2022-03-28,46.23711395263672
2022-03-29,47.00414276123047
2022-03-30,47.01275634765625
2022-03-31,47.37472915649414
2022-04-01,47.710838317871094
2022-04-04,47.46091079711914
2022-04-05,46.65941619873047
2022-04-06,46.20264434814453
2022-04-07,46.047515869140625
2022-04-08,45.814815521240234
2022-04-11,45.88376998901367
2022-04-12,45.78034591674805
2022-04-13,46.10784149169922
2022-04-14,45.383907318115234
2022-04-18,46.03889083862305
2022-04-19,45.832054138183594
2022-04-20,45.47871398925781
2022-04-21,44.591026306152344
2022-04-22,44.366947174072266
2022-04-25,44.19457244873047
2022-04-26,43.444793701171875
2022-04-27,43.22071838378906
2022-04-28,43.53097152709961
2022-04-29,42.600196838378906
2022-05-02,42.83289337158203
2022-05-03,42.574344635009766
2022-05-04,43.51374053955078
2022-05-05,42.31578826904297
2022-05-06,41.73836898803711
2022-05-09,40.97134017944336
2022-05-10,41.04890823364258
2022-05-11,41.32468795776367
2022-05-12,41.497066497802734
2022-05-13,42.143428802490234
2022-05-16,42.90184020996094
2022-05-17,43.867088317871094
2022-05-18,42.798423767089844
2022-05-19,43.73781204223633
2022-05-20,44.048072814941406
2022-05-23,43.97050476074219
2022-05-24,44.12563705444336
2022-05-25,44.47036361694336
2022-05-26,44.789241790771484
2022-05-27,45.814815521240234
2022-05-31,44.875423431396484
2022-06-01,44.51346206665039
2022-06-02,44.38418197631836
2022-06-03,44.151493072509766
2022-06-06,43.51374053955078
2022-06-07,43.66886520385742
2022-06-08,43.50511932373047
2022-06-09,42.974063873291016
2022-06-10,41.478023529052734
2022-06-13,40.27943420410156
2022-06-14,39.807003021240234
2022-06-15,40.5244026184082
2022-06-16,39.605777740478516
2022-06-17,40.07822036743164
2022-06-21,40.576900482177734
2022-06-22,40.20069885253906
2022-06-23,39.973228454589844
2022-06-24,41.40803146362305
2022-06-27,41.60926055908203
2022-06-28,41.21555709838867
2022-06-29,40.90934753417969
2022-06-30,40.760623931884766
2022-07-01,40.64688491821289
2022-07-05,39.96448516845703
2022-07-06,39.946983337402344
2022-07-07,39.850746154785156
2022-07-08,40.20944595336914
2022-07-11,39.53578567504883
2022-07-12,39.492042541503906
2022-07-13,39.47454833984375
2022-07-14,38.844635009765625
2022-07-15,39.76325607299805
2022-07-18,39.859500885009766
2022-07-19,39.946983337402344
2022-07-20,39.78950881958008
2022-07-21,39.67576599121094
2022-07-22,39.850746154785156
2022-07-25,39.98197555541992
2022-07-26,39.553287506103516
2022-07-27,39.99073028564453
2022-07-28,41.040584564208984
2022-07-29,40.94434356689453
2022-08-01,40.288185119628906
2022-08-02,39.01960754394531
2022-08-03,39.807003021240234
2022-08-04,40.09571838378906
2022-08-05,39.667022705078125
2022-08-08,40.58564758300781
2022-08-09,40.4981575012207
2022-08-10,41.25930404663086
2022-08-11,41.819217681884766
2022-08-12,42.57162094116211
2022-08-15,42.352901458740234
2022-08-16,42.387901306152344
2022-08-17,42.11668395996094
2022-08-18,41.86296844482422
2022-08-19,41.556758880615234
2022-08-22,41.18055725097656
2022-08-23,41.443023681640625
2022-08-24,41.22431182861328
2022-08-25,41.67049789428711
2022-08-26,40.71687316894531
2022-08-29,40.1744499206543
2022-08-30,39.51829147338867
2022-08-31,38.713401794433594
2022-09-01,39.089603424072266
2022-09-02,39.87699508666992
2022-09-06,39.36956024169922
2022-09-07,39.798255920410156
2022-09-08,40.13945770263672
2022-09-09,40.821861267089844
2022-09-12,41.775482177734375
2022-09-13,40.51565933227539
2022-09-14,40.64688491821289
2022-09-15,40.41941833496094
2022-09-16,40.20944595336914
2022-09-19,40.76936340332031
2022-09-20,41.00558090209961
2022-09-21,40.96184158325195
2022-09-22,40.50690460205078
2022-09-23,39.29956817626953
2022-09-26,38.32845687866211
2022-09-27,38.68715286254883
2022-09-28,39.605777740478516
2022-09-29,39.229583740234375
2022-09-30,38.6959114074707
2022-10-03,39.59703063964844
2022-10-04,40.244441986083984
2022-10-05,39.693267822265625
2022-10-06,40.03446960449219
2022-10-07,39.745758056640625
2022-10-10,39.72826385498047
2022-10-11,39.82450485229492
2022-10-12,39.92948532104492
2022-10-13,40.04322052001953
2022-10-14,39.553287506103516
2022-10-17,40.463165283203125
2022-10-18,40.48065948486328
2022-10-19,40.261940002441406
2022-10-20,40.48940658569336
2022-10-21,41.495521545410156
2022-10-24,42.046695709228516
2022-10-25,42.90407180786133
2022-10-26,43.245277404785156
2022-10-27,43.096553802490234
2022-10-28,43.55148696899414
2022-10-31,44.242637634277344
2022-11-01,45.135013580322266
2022-11-02,44.37387466430664
2022-11-03,44.90755081176758
2022-11-04,46.21112060546875
2022-11-07,45.887413024902344
2022-11-08,45.76492691040039
2022-11-09,45.38873291015625
2022-11-10,46.482330322265625
2022-11-11,46.90227127075195
2022-11-14,46.87602233886719
2022-11-15,46.89352035522461
2022-11-16,46.94601821899414
2022-11-17,46.6485595703125
2022-11-18,46.6748046875
2022-11-21,46.394840240478516
2022-11-22,46.981014251708984
2022-11-23,47.479698181152344
2022-11-25,47.24347686767578
2022-11-28,46.727298736572266
2022-11-29,46.19361877441406
2022-11-30,47.15599060058594
2022-12-01,47.435951232910156
2022-12-02,46.534820556640625
2022-12-05,45.301239013671875
2022-12-06,45.54621124267578
2022-12-07,45.6424446105957
2022-12-08,45.992401123046875
2022-12-09,45.07378005981445
2022-12-12,45.5374641418457
2022-12-13,45.53300094604492
2022-12-14,45.20266342163086
2022-12-15,44.283077239990234
2022-12-16,44.33664321899414
2022-12-19,44.738399505615234
2022-12-20,44.934818267822266
2022-12-21,45.46157455444336
2022-12-22,45.345516204833984
2022-12-23,46.36330795288086
2022-12-27,45.90797805786133
2022-12-28,45.274085998535156
2022-12-29,45.059814453125
2022-12-30,44.14915084838867
2023-01-03,44.943748474121094
2023-01-04,46.0329704284668
2023-01-05,46.63114929199219
2023-01-06,47.94356918334961
2023-01-09,48.345333099365234
2023-01-10,48.648887634277344
2023-01-11,49.72024154663086
2023-01-12,50.43449020385742
2023-01-13,50.6041259765625
2023-01-17,50.488059997558594
2023-01-18,50.041656494140625
2023-01-19,50.005943298339844
2023-01-20,50.77375793457031
2023-01-23,51.46121597290039
2023-01-24,51.809410095214844
2023-01-25,51.89868927001953
2023-01-26,52.19331359863281
2023-01-27,51.82726287841797
2023-01-30,51.443363189697266
2023-01-31,51.47014617919922
2023-02-01,52.62186050415039
2023-02-02,51.43443298339844
2023-02-03,50.85411071777344
2023-02-06,50.398780822753906
2023-02-07,50.25593185424805
2023-02-08,49.863094329833984
2023-02-09,50.077369689941406
2023-02-10,50.27378845214844
2023-02-13,50.961246490478516
2023-02-14,50.979095458984375
2023-02-15,51.282657623291016
2023-02-16,52.050472259521484
2023-02-17,52.264739990234375
2023-02-21,51.27372741699219
2023-02-22,51.65763854980469
2023-02-23,51.550498962402344
2023-02-24,51.07731246948242
2023-02-27,51.38086700439453
2023-02-28,51.46121597290039
2023-03-01,52.764713287353516
2023-03-02,52.46115493774414
2023-03-03,53.845001220703125
2023-03-06,53.389671325683594
2023-03-07,52.22903060913086
2023-03-08,53.04147720336914
2023-03-09,52.13081741333008
2023-03-10,50.87196350097656
2023-03-13,49.586326599121094
2023-03-14,50.53269577026367
2023-03-15,48.90779113769531
2023-03-16,49.916664123535156
2023-03-17,48.738162994384766
2023-03-20,49.26491928100586
2023-03-21,50.202362060546875
2023-03-22,50.282718658447266
2023-03-23,50.488059997558594
2023-03-24,50.925537109375
2023-03-27,51.36301040649414
2023-03-28,52.086181640625
2023-03-29,52.9343376159668
2023-03-30,53.16646957397461
2023-03-31,53.14862060546875
2023-04-03,52.916481018066406
2023-04-04,53.1129035949707
2023-04-05,51.845123291015625
2023-04-06,52.345096588134766
2023-04-10,52.75578689575195
2023-04-11,53.09505081176758
2023-04-12,53.22004318237305
2023-04-13,53.95214080810547
2023-04-14,53.4343147277832
2023-04-17,53.85393142700195
2023-04-18,53.30931854248047
2023-04-19,53.246822357177734
2023-04-20,53.550376892089844
2023-04-21,53.52359390258789
2023-04-24,53.89856719970703
2023-04-25,53.19325256347656
2023-04-26,52.604000091552734
2023-04-27,53.39860534667969
2023-04-28,54.35390090942383
2023-05-01,54.53246307373047
2023-05-02,54.2199821472168
2023-05-03,54.246768951416016
2023-05-04,54.07712936401367
2023-05-05,54.68423843383789
2023-05-08,54.71995162963867
2023-05-09,55.22885513305664
2023-05-10,56.14844512939453
2023-05-11,55.54133224487305
2023-05-12,55.46097946166992
2023-05-15,56.362709045410156
2023-05-16,56.02344512939453
2023-05-17,55.66632080078125
2023-05-18,55.49668884277344
2023-05-19,54.407470703125
2023-05-22,53.21110916137695
2023-05-23,52.57722473144531
2023-05-24,53.3182487487793
2023-05-25,53.56822967529297
2023-05-26,54.65745544433594
2023-05-30,53.782508850097656
2023-05-31,53.4343147277832
2023-06-01,53.71107864379883
2023-06-02,54.15748596191406
2023-06-05,54.68423843383789
2023-06-06,55.7020378112793
2023-06-07,55.70023727416992
2023-06-08,55.94307327270508
2023-06-09,56.59064483642578
2023-06-12,56.320823669433594
2023-06-13,56.74354553222656
2023-06-14,57.63396072387695
2023-06-15,57.86780548095703
2023-06-16,57.651947021484375
2023-06-20,56.545677185058594
2023-06-21,56.45573425292969
2023-06-22,55.77219009399414
2023-06-23,55.4573974609375
2023-06-26,55.53834533691406
2023-06-27,56.49171447753906
2023-06-28,56.08698272705078
2023-06-29,56.23987579345703
2023-06-30,55.925086975097656
2023-07-03,56.74354553222656
2023-07-05,56.851478576660156
2023-07-06,55.46638488769531
2023-07-07,56.311832427978516
2023-07-10,56.320823669433594
2023-07-11,56.84248352050781
2023-07-12,57.15726852416992
2023-07-13,57.76887512207031
2023-07-14,57.481056213378906
2023-07-17,57.45408248901367
2023-07-18,57.75987243652344
2023-07-19,57.526031494140625
2023-07-20,56.77952194213867
2023-07-21,56.572662353515625
2023-07-24,56.99538040161133
2023-07-25,57.02236557006836
2023-07-26,57.85881423950195
2023-07-27,57.85881423950195
2023-07-28,58.785194396972656
2023-07-31,58.4883918762207
2023-08-01,57.23822021484375
2023-08-02,55.727210998535156
2023-08-03,55.04366683959961
2023-08-04,56.446739196777344
2023-08-07,56.662601470947266
2023-08-08,56.095970153808594
2023-08-09,56.68958282470703
2023-08-10,56.47372817993164
2023-08-11,55.808162689208984
2023-08-14,55.75420379638672
2023-08-15,55.86213302612305
2023-08-16,55.97005844116211
2023-08-17,55.358455657958984
2023-08-18,55.6282844543457
2023-08-21,55.52934646606445
2023-08-22,55.799171447753906
2023-08-23,56.98638916015625
2023-08-24,56.17691421508789
2023-08-25,56.527687072753906
2023-08-28,56.84248352050781
2023-08-29,57.50804138183594
2023-08-30,57.79585266113281
2023-08-31,55.4573974609375
2023-09-01,55.27751541137695
2023-09-05,54.018348693847656
2023-09-06,53.68556213378906
2023-09-07,53.11893844604492
2023-09-08,53.4067497253418
2023-09-11,54.16225051879883
2023-09-12,53.91941452026367
2023-09-13,53.892425537109375
2023-09-14,54.20722198486328
2023-09-15,53.88343811035156
2023-09-18,54.0813102722168
2023-09-19,54.7018928527832
2023-09-20,54.96272277832031
2023-09-21,53.93740463256836
2023-09-22,53.946388244628906
2023-09-25,52.912078857421875
2023-09-26,52.31846237182617
2023-09-27,52.12958908081055
2023-09-28,52.58829116821289
2023-09-29,52.37242889404297
2023-10-02,51.87775421142578
2023-10-03,50.15089416503906
2023-10-04,50.528656005859375
2023-10-05,48.747825622558594
2023-10-06,49.206520080566406
2023-10-09,48.79279708862305
2023-10-10,50.57361602783203
2023-10-11,50.78048324584961
2023-10-12,49.82711410522461
2023-10-13,49.32344055175781
2023-10-16,50.24983215332031
2023-10-17,49.75516128540039
2023-10-18,48.76581573486328
2023-10-19,48.31610870361328
2023-10-20,47.911376953125
2023-10-23,47.974334716796875
2023-10-24,47.8574104309082
2023-10-25,48.064273834228516
2023-10-26,49.089599609375
2023-10-27,49.044620513916016
2023-10-30,49.42238235473633
2023-10-31,49.2874641418457
2023-11-01,50.816463470458984
2023-11-02,53.02899932861328
2023-11-03,53.54166030883789
2023-11-06,53.68556213378906
2023-11-07,53.23585891723633
2023-11-08,52.92107009887695
2023-11-09,52.06663513183594
2023-11-10,53.073970794677734
2023-11-13,53.002017974853516
2023-11-14,55.25053024291992
2023-11-15,55.6552619934082
2023-11-16,55.42142105102539
2023-11-17,55.84414291381836
2023-11-20,56.51869201660156
2023-11-21,55.808162689208984
2023-11-22,56.00603485107422
2023-11-24,56.20390319824219
2023-11-27,55.75420379638672
2023-11-28,56.16792678833008
2023-11-29,55.82615661621094
2023-11-30,56.87845993041992
2023-12-01,57.38212203979492
2023-12-04,56.59064483642578
2023-12-05,57.04035186767578
2023-12-06,57.373130798339844
2023-12-07,57.14828109741211
2023-12-08,57.49905014038086
2023-12-11,57.50804138183594
2023-12-12,58.02070617675781
2023-12-13,58.80318832397461
2023-12-14,60.99774169921875
2023-12-15,60.898799896240234
2023-12-18,61.71726608276367
2023-12-19,61.897151947021484
2023-12-20,60.7713737487793
2023-12-21,61.949188232421875
2023-12-22,61.91266632080078
2023-12-26,62.36917495727539
2023-12-27,62.50613784790039
2023-12-28,62.049617767333984
2023-12-29,61.949188232421875
2024-01-02,61.355712890625
2024-01-03,59.958778381347656
2024-01-04,59.657474517822266
2024-01-05,61.06354522705078
2024-01-08,61.16398620605469
2024-01-09,59.56616973876953
2024-01-10,59.83095169067383
2024-01-11,60.2874755859375
2024-01-12,60.57963943481445
2024-01-16,58.81748962402344
2024-01-17,58.09619140625
2024-01-18,58.379234313964844
2024-01-19,59.456607818603516
2024-01-22,58.47053527832031
2024-01-23,58.835750579833984
2024-01-24,58.826622009277344
2024-01-25,59.794429779052734
2024-01-26,60.61616516113281
2024-01-29,60.607025146484375
2024-01-30,61.200504302978516
2024-01-31,60.8626823425293
2024-02-01,61.7574577331543
2024-02-02,62.0313606262207
2024-02-05,61.72093200683594
2024-02-06,62.92612838745117
2024-02-07,62.8256950378418
2024-02-08,61.657012939453125
2024-02-09,61.556583404541016
2024-02-12,61.66615295410156
2024-02-13,60.76224899291992
2024-02-14,61.46527862548828
2024-02-15,61.70267105102539
2024-02-16,61.447021484375
2024-02-20,61.45615005493164
2024-02-21,61.28268051147461
2024-02-22,61.355712890625
2024-02-23,60.743980407714844
2024-02-26,60.4152946472168
2024-02-27,60.36964416503906
2024-02-28,59.24661636352539
2024-02-29,59.56616973876953
2024-03-01,59.9313850402832
2024-03-04,59.92226028442383
2024-03-05,60.150508880615234
2024-03-06,59.9770393371582
2024-03-07,59.88573455810547
2024-03-08,59.88573455810547
2024-03-11,60.113983154296875
2024-03-12,59.83095169067383
2024-03-13,61.32831954956055
2024-03-14,61.41962814331055
2024-03-15,61.12745666503906
2024-03-18,61.12745666503906
2024-03-19,60.314857482910156
2024-03-20,62.00397491455078
2024-03-21,61.74832534790039
2024-03-22,61.61137771606445
2024-03-25,61.7117919921875
2024-03-26,62.50613784790039
2024-03-27,63.07221984863281
2024-03-28,63.28220748901367
2024-04-01,62.92612838745117
2024-04-02,63.16352081298828
2024-04-03,63.017433166503906
2024-04-04,63.2730827331543
2024-04-05,64.2043685913086
2024-04-08,64.43263244628906
2024-04-09,63.738731384277344
2024-04-10,62.48788070678711
2024-04-11,62.697872161865234
2024-04-12,61.556583404541016
2024-04-15,60.75312042236328
2024-04-16,59.22835922241211
2024-04-17,59.27400207519531
2024-04-18,59.27400207519531
2024-04-19,59.24661636352539
2024-04-22,59.89486312866211
2024-04-23,60.70745849609375
2024-04-24,60.050079345703125
2024-04-25,60.07747268676758
2024-04-26,61.03615188598633
2024-04-29,61.4013671875
2024-04-30,59.78530502319336
2024-05-01,60.196163177490234
2024-05-02,60.38790512084961
2024-05-03,60.990509033203125
2024-05-06,61.538326263427734
2024-05-07,61.154850006103516
2024-05-08,61.22789001464844
2024-05-09,62.62482452392578
2024-05-10,62.5152702331543
2024-05-13,62.3783073425293
2024-05-14,61.76658630371094
2024-05-15,62.652225494384766
2024-05-16,62.71613311767578
2024-05-17,62.962650299072266
2024-05-20,62.87135314941406
2024-05-21,61.76658630371094
2024-05-22,61.54745101928711
2024-05-23,60.698341369628906
2024-05-24,60.18703079223633
2024-05-28,59.63009262084961
2024-05-29,59.01835632324219
2024-05-30,59.137046813964844
2024-05-31,59.25574493408203
2024-06-03,52.89191818237305
2024-06-04,54.2979850769043
2024-06-05,56.57142639160156
2024-06-06,55.34796905517578
2024-06-07,52.27105712890625
2024-06-10,52.80974197387695
2024-06-11,52.13401794433594
2024-06-12,51.10293197631836
2024-06-13,51.22261428833008
2024-06-14,51.19499588012695
2024-06-17,51.04770278930664
2024-06-18,52.281314849853516
2024-06-20,52.63114547729492
2024-06-21,52.72320556640625
2024-06-24,53.02700424194336
2024-06-25,52.56669998168945
2024-06-26,51.81180191040039
2024-06-27,51.74736022949219
2024-06-28,52.115604400634766
2024-07-01,52.474639892578125
2024-07-02,51.88545227050781
2024-07-03,53.1558952331543
2024-07-05,52.7324104309082
2024-07-08,53.708255767822266
2024-07-09,54.297447204589844
2024-07-10,55.50344467163086
2024-07-11,55.715179443359375
2024-07-12,56.8475341796875
2024-07-15,55.705970764160156
2024-07-16,56.129451751708984
2024-07-17,55.2088508605957
2024-07-18,53.708255767822266
2024-07-19,53.93840789794922
2024-07-22,54.91425704956055
2024-07-23,53.818729400634766
2024-07-24,52.64955520629883
2024-07-25,52.014339447021484
2024-07-26,52.12480926513672
2024-07-29,51.41594314575195
2024-07-30,50.89119338989258
2024-07-31,52.03274917602539
2024-08-01,50.78992462158203
2024-08-02,49.68519973754883
2024-08-05,48.3963508605957
2024-08-06,48.54364776611328
2024-08-07,49.611549377441406
2024-08-08,50.66104507446289
2024-08-09,51.2318229675293
2024-08-12,50.476924896240234
2024-08-13,51.38832473754883
2024-08-14,51.894657135009766
2024-08-15,52.888916015625
2024-08-16,52.74161911010742
2024-08-19,52.520668029785156
2024-08-20,51.563236236572266
2024-08-21,50.62422180175781
2024-08-22,49.80488204956055
2024-08-23,51.0292854309082
2024-08-26,49.841705322265625
2024-08-27,48.43317794799805
2024-08-28,48.56206130981445
2024-08-29,48.64491271972656
2024-08-30,48.82903289794922
2024-09-03,47.91762924194336
2024-09-04,48.00969314575195
2024-09-05,47.880802154541016
2024-09-06,47.337650299072266
2024-09-09,47.63224792480469
2024-09-10,46.960201263427734
2024-09-11,47.99127960205078
2024-09-12,49.501075744628906
2024-09-13,50.06264877319336
2024-09-16,50.22835922241211
2024-09-17,50.66104507446289
2024-09-18,50.329620361328125
2024-09-19,50.73469543457031
2024-09-20,49.69440841674805
2024-09-23,49.942970275878906
2024-09-24,51.25944137573242
2024-09-25,49.979793548583984
2024-09-26,50.532161712646484
2024-09-27,49.67599868774414
2024-09-30,49.445838928222656
2024-10-01,49.482666015625
2024-10-02,50.090267181396484
2024-10-03,49.666786193847656
2024-10-04,51.06611251831055
2024-10-07,50.23756408691406
2024-10-08,49.896942138671875
2024-10-09,49.70361328125
2024-10-10,50.16391372680664
2024-10-11,50.697872161865234
2024-10-14,49.979793548583984
2024-10-15,49.51948928833008
2024-10-16,49.10521697998047
2024-10-17,49.32616424560547
2024-10-18,49.71282196044922
2024-10-21,49.26171875
2024-10-22,49.00395202636719
2024-10-23,49.0868034362793
2024-10-24,48.78300857543945
2024-10-25,48.405555725097656
2024-10-28,48.405555725097656
2024-10-29,47.77033615112305
2024-10-30,47.43891906738281
2024-10-31,47.79795455932617
2024-11-01,47.05226135253906
2024-11-04,47.67827224731445
2024-11-05,47.6230354309082
2024-11-06,48.17539978027344
2024-11-07,49.43663787841797
2024-11-08,48.046512603759766
2024-11-11,47.42050552368164
2024-11-12,46.5643424987793
2024-11-13,46.41704177856445
2024-11-14,46.444664001464844
2024-11-15,46.4722785949707
2024-11-18,46.923377990722656
2024-11-19,46.88655090332031
2024-11-20,46.297359466552734
2024-11-21,46.1224479675293
2024-11-22,46.15006637573242
2024-11-25,46.297359466552734
2024-11-26,45.06374740600586
2024-11-27,45.23866653442383
2024-11-29,46.27894973754883
2024-12-02,46.35260009765625
2024-12-03,46.840518951416016
2024-12-04,47.27320861816406
2024-12-05,47.945255279541016
2024-12-06,47.595420837402344
2024-12-09,48.331905364990234
2024-12-10,47.83477783203125
2024-12-11,47.90842819213867
2024-12-12,47.38368225097656
2024-12-13,48.26746368408203
2024-12-16,47.337650299072266
2024-12-17,47.128692626953125
2024-12-18,46.01743698120117
2024-12-19,45.55203628540039
2024-12-20,46.416351318359375
2024-12-23,45.83697509765625
2024-12-24,45.97944641113281
2024-12-26,45.98894119262695
2024-12-27,45.58053207397461
2024-12-30,44.345802307128906
2024-12-31,44.46927261352539
2025-01-02,45.32408905029297
2025-01-03,44.48827362060547
2025-01-06,45.59953308105469
2025-01-07,46.121917724609375
2025-01-08,45.52354431152344
2025-01-10,44.77320861816406
2025-01-13,45.07714080810547
2025-01-14,45.533042907714844
2025-01-15,46.1029167175293
2025-01-16,45.02015686035156
2025-01-17,45.08664321899414
2025-01-21,45.94145584106445
2025-01-22,46.77727127075195
2025-01-23,47.10969924926758
2025-01-24,47.54660415649414
2025-01-27,46.81526565551758
2025-01-28,47.157188415527344
2025-01-29,47.26166534423828
2025-01-30,47.50861358642578
2025-01-31,46.52082443237305
2025-02-03,47.67957305908203
2025-02-04,47.622589111328125
2025-02-05,47.08120346069336
2025-02-06,48.163970947265625
2025-02-07,48.135475158691406
2025-02-10,48.211456298828125
2025-02-11,48.705345153808594
2025-02-12,49.30371856689453
2025-02-13,49.750125885009766
2025-02-14,50.02556228637695
2025-02-18,50.54794692993164
2025-02-19,49.62664794921875
2025-02-20,50.20602035522461
2025-02-21,49.379703521728516
2025-02-24,49.075767517089844
2025-02-25,48.48689651489258
2025-02-26,48.904808044433594
2025-02-27,48.04999542236328
2025-02-28,47.98350524902344
2025-03-03,47.34714126586914
2025-03-04,47.50861358642578
2025-03-05,48.46790313720703
2025-03-06,48.866817474365234
2025-03-07,48.94279861450195
2025-03-10,47.64158248901367
2025-03-11,47.7270622253418
2025-03-12,48.42041015625
2025-03-13,48.619869232177734
2025-03-14,49.73112487792969
2025-03-17,50.60493469238281
2025-03-18,49.77861404418945
2025-03-19,49.788108825683594
2025-03-20,49.636146545410156
2025-03-21,49.10426330566406
2025-03-24,49.42719268798828
2025-03-25,49.949581146240234
2025-03-26,49.3986930847168
2025-03-27,49.53166961669922
2025-03-28,49.028282165527344
2025-03-31,48.40141296386719
2025-04-01,49.43668746948242
2025-04-02,49.541168212890625
2025-04-03,51.535728454589844
2025-04-04,47.413631439208984
2025-04-07,46.08392333984375
2025-04-08,45.64702224731445
2025-04-09,49.25623321533203
2025-04-10,47.77455139160156
2025-04-11,48.135475158691406
2025-04-14,49.30371856689453
2025-04-15,49.56965637207031
2025-04-16,50.35799026489258
2025-04-17,52.17209243774414
2025-04-21,51.611717224121094
2025-04-22,52.72296905517578
2025-04-23,53.672760009765625
2025-04-24,54.46109390258789
2025-04-25,55.03096389770508
2025-04-28,55.201927185058594
2025-04-29,53.5872802734375
2025-04-30,54.10966491699219
2025-05-01,53.824729919433594
2025-05-02,54.081172943115234
2025-05-05,53.834228515625
2025-05-06,55.4583740234375
2025-05-07,56.123226165771484
2025-05-08,55.19243240356445
2025-05-09,55.201927185058594
2025-05-12,54.93598937988281
2025-05-13,56.113731384277344
2025-05-14,56.37967300415039
2025-05-15,56.284690856933594
2025-05-16,56.52214050292969
2025-05-19,57.5289192199707
2025-05-20,57.49092483520508
2025-05-21,57.291473388671875
2025-05-22,56.82607650756836
2025-05-23,57.6239013671875
2025-05-27,58.06080627441406
2025-05-28,57.84235763549805
2025-05-29,58.15578079223633
2025-05-30,57.14900207519531
2025-06-02,57.59540939331055
2025-06-03,57.35795593261719
2025-06-04,57.2249870300293
2025-06-05,57.67139434814453
2025-06-06,58.165283203125
2025-06-09,58.02281188964844
2025-06-10,58.279258728027344
2025-06-11,58.469215393066406
2025-06-12,58.47871398925781
2025-06-13,57.994319915771484
2025-06-16,57.84251022338867
2025-06-17,56.96259307861328
2025-06-18,57.02061080932617
2025-06-20,56.18903732299805
2025-06-23,56.024654388427734
2025-06-24,57.2526741027832
2025-06-25,57.70713806152344
2025-06-26,58.31631088256836
2025-06-27,58.32598114013672
2025-06-30,58.558048248291016
2025-07-01,59.09953689575195
2025-07-02,59.55399703979492
2025-07-03,59.660362243652344
2025-07-07,59.089866638183594
2025-07-08,58.87713623046875
2025-07-09,58.28730010986328
2025-07-10,58.296974182128906
2025-07-11,58.14226531982422
2025-07-14,57.63945007324219
2025-07-15,57.417057037353516
2025-07-16,57.79416275024414
2025-07-17,57.81350326538086
2025-07-18,57.49441146850586
2025-07-21,57.28168487548828
2025-07-22,57.0786247253418
2025-07-23,58.47102355957031
2025-07-24,58.83845901489258
2025-07-25,59.0318489074707
2025-07-28,58.07457733154297
2025-07-29,58.91581726074219
2025-07-30,58.180938720703125
2025-07-31,58.15193176269531
2025-08-01,57.62977981567383
2025-08-04,57.27201461791992
2025-08-05,58.20027542114258
2025-08-06,58.75143814086914
2025-08-07,59.61201858520508
2025-08-08,59.60234451293945
2025-08-11,59.505653381347656
2025-08-12,60.26953887939453
2025-08-13,59.94077682495117
2025-08-14,58.97383499145508
2025-08-15,59.31226348876953
2025-08-18,59.16722106933594
2025-08-19,59.22523880004883
2025-08-20,59.14788055419922
2025-08-21,59.51531982421875
2025-08-22,60.7239990234375
2025-08-25,59.6700325012207
2025-08-26,59.40895462036133
2025-08-27,59.89242935180664
2025-08-28,60.4532585144043
2025-08-29,59.89242935180664
2025-09-02,60.83036422729492
2025-09-03,60.7239990234375
2025-09-04,60.985076904296875
2025-09-05,61.71995162963867
2025-09-08,62.02937316894531
2025-09-09,62.135738372802734
2025-09-10,62.15507507324219
2025-09-11,63.53779983520508
2025-09-12,63.93425369262695
2025-09-15,64.56275939941406
2025-09-16,64.5917739868164
2025-09-17,64.3306884765625
2025-09-18,63.769866943359375
2025-09-19,63.91490936279297
2025-09-22,64.68846893310547
2025-09-23,65.2009506225586
2025-09-24,64.27267456054688
2025-09-25,63.99226760864258
2025-09-26,64.9205322265625
2025-09-29,65.2299575805664
2025-09-30,65.95516204833984
2025-10-01,64.57242584228516
2025-10-02,64.68846893310547
2025-10-03,64.60143280029297
2025-10-06,63.276729583740234
2025-10-07,62.88995361328125
2025-10-08,63.55714416503906
2025-10-09,63.25738525390625
2025-10-10,62.261436462402344
2025-10-13,63.30573654174805
2025-10-14,62.69655990600586
2025-10-15,63.6925163269043
2025-10-16,64.83351135253906
2025-10-17,63.94392013549805
2025-10-20,63.76020431518555
2025-10-21,62.91896057128906
2025-10-22,63.34441375732422
2025-10-23,63.837554931640625
2025-10-24,63.209041595458984
2025-10-27,64.13731384277344
2025-10-28,64.88185119628906
2025-10-29,65.2009506225586
2025-10-30,64.52408599853516
2025-10-31,64.3306884765625
2025-11-03,64.04061889648438
2025-11-04,63.47978591918945
2025-11-05,64.95921325683594
2025-11-06,64.75614929199219
2025-11-07,65.57804870605469
2025-11-10,65.66507720947266
2025-11-11,67.04779815673828
2025-11-12,65.90681457519531
2025-11-13,65.15259552001953
2025-11-14,64.99788665771484
2025-11-17,63.6925163269043
2025-11-18,64.466064453125
2025-11-19,64.56275939941406
2025-11-20,63.837554931640625
2025-11-21,63.856895446777344
2025-11-24,64.35003662109375
2025-11-25,65.51036071777344
2025-11-26,65.63606262207031
2025-11-28,66.15821838378906
2025-12-01,66.1968994140625
2025-12-02,66.43862915039062
2025-12-03,66.16789245605469
2025-12-04,66.54499053955078
2025-12-05,66.40962982177734
2025-12-08,66.3709487915039
2025-12-09,66.98011779785156
2025-12-10,66.75772094726562
2025-12-11,68.7109375
2025-12-12,68.35317993164062
2025-12-15,68.1501235961914
2025-12-16,67.28977966308594
2025-12-17,66.47181701660156
2025-12-18,67.75296020507812
2025-12-19,67.85150909423828
2025-12-22,68.93555450439453
2025-12-23,70.00975799560547
2025-12-24,69.92105865478516
2025-12-26,70.11815643310547
2025-12-29,69.48744201660156
2025-12-30,68.48223114013672
2025-12-31,68.32455444335938
2026-01-02,68.64977264404297
2026-01-05,69.55642700195312
2026-01-06,69.02425384521484
2026-01-07,68.90599060058594
2026-01-08,69.45787811279297
2026-01-09,70.02945709228516
2026-01-12,71.01496124267578
2026-01-13,70.92626953125
2026-01-14,72.3158187866211
2026-01-15,72.18770599365234
2026-01-16,72.92682647705078
2026-01-20,73.5279769897461
2026-01-21,74.26710510253906
2026-01-22,74.65144348144531
2026-01-23,74.9766616821289
2026-01-26,75.5876693725586
2026-01-27,76.73085021972656
2026-01-28,77.5882339477539
2026-01-29,77.31228637695312
2026-01-30,74.03058624267578
2026-02-02,74.33609008789062
2026-02-03,77.6177978515625
2026-02-04,76.10012817382812
2026-02-05,75.71578979492188
2026-02-06,78.71170043945312
2026-02-09,79.50009155273438
2026-02-10,79.31285095214844
2026-02-11,79.52965545654297
2026-02-12,78.76097106933594
2026-02-13,79.85487365722656
2026-02-17,79.58879089355469
2026-02-18,78.98764038085938
2026-02-19,78.78068542480469
2026-02-20,80.0519790649414
2026-02-23,78.38648223876953
2026-02-24,79.20445251464844
2026-02-25,79.28327941894531
2026-02-26,79.49024200439453
2026-02-27,79.76618194580078
2026-03-02,78.3076400756836
2026-03-03,74.27696228027344
2026-03-04,76.7801284790039
2026-03-05,74.15869903564453
2026-03-06,72.65088653564453
2026-03-09,72.81842041015625
2026-03-10,73.6758041381836
2026-03-11,73.60681915283203
2026-03-12,71.12336730957031
2026-03-13,70.49264526367188
2026-03-16,72.09901428222656
2026-03-17,72.3158187866211
2026-03-18,71.33031463623047
2026-03-19,71.13322448730469
2026-03-20,68.85671997070312
2026-03-23,70.06887817382812
2026-03-24,71.4091567993164
2026-03-25,74.07000732421875
2026-03-26,72.22712707519531
2026-03-27,71.06423950195312
2026-03-30,71.7048110961914
2026-03-31,74.13899230957031
2026-04-01,75.26245880126953
2026-04-02,75.0062255859375
2026-04-06,75.09491729736328
2026-04-07,74.83869171142578
2026-04-08,77.96272277832031
2026-04-09,78.278076171875
2026-04-10,78.35691833496094
2026-04-13,78.14996337890625
2026-04-14,77.60794067382812
2026-04-15,78.278076171875
2026-04-16,77.86417388916016
2026-04-17,78.3076400756836
2026-04-20,78.72154998779297
2026-04-21,76.86882019042969
2026-04-22,77.19403076171875
2026-04-23,76.4844741821289
2026-04-24,77.33200073242188
2026-04-27,75.97200775146484
2026-04-28,75.17375946044922
2026-04-29,74.30652618408203
2026-04-30,75.3314437866211
2026-05-01,75.54825592041016
2026-05-04,74.55290222167969
2026-05-05,76.43519592285156
2026-05-06,78.36676788330078
2026-05-07,78.38648223876953
2026-05-08,78.71170043945312
2026-05-11,79.05662536621094
2026-05-12,78.8299560546875
2026-05-13,79.10589599609375
2026-05-14,77.85431671142578
2026-05-15,76.09027099609375
2026-05-18,76.77027130126953
2026-05-19,76.3957748413086
2026-05-20,77.31228637695312
2026-05-21,76.67172241210938
2026-05-22,76.6323013305664
2026-05-26,77.71634674072266
2026-05-27,78.40618896484375
2026-05-28,77.66706848144531
2026-05-29,77.2925796508789
2026-06-01,76.74070739746094
2026-06-02,77.93315887451172
2026-06-03,76.94766235351562
2026-06-04,76.24795532226562
2026-06-05,74.01087188720703
2026-06-08,73.81377410888672
2026-06-09,73.6758041381836
2026-06-10,73.33088684082031
2026-06-11,76.2183837890625
2026-06-12,77.33200073242188
2026-06-15,77.76000213623047
2026-06-16,77.9800033569336
2026-06-17,77.30999755859375
2026-06-18,77.33000183105469
2026-06-22,75.95999908447266
2026-06-23,74.7300033569336
2026-06-24,73.79000091552734
2026-06-25,75.52999877929688
2026-06-26,75.37000274658203
2026-06-29,76.12000274658203
2026-06-30,75.2699966430664
2026-07-01,75.2699966430664
2026-07-02,75.5
2026-07-06,76.43000030517578
2026-07-07,75.04000091552734
2026-07-08,74.70999908447266
2026-07-09,74.23999786376953
2026-07-10,74.86000061035156
2026-07-13,74.1500015258789
2026-07-14,75.33999633789062
2026-07-15,75.38999938964844
2026-07-16,75.22000122070312
2026-07-17,75.11000061035156
2026-07-20,75.08999633789062
2026-07-21,75.83999633789062
2026-07-22,76.70999908447266
2026-07-23,75.0
2026-07-24,75.44999694824219
2026-07-27,76.54000091552734
2026-07-28,76.77999877929688
2026-07-29,75.56999969482422
2026-07-30,77.11000061035156
2026-07-31,76.80999755859375
2026-08-03,76.58000183105469
