Date,Close
2010-02-02,3.933029890060425
2010-02-03,3.9349982738494873
2010-02-04,3.933029890060425
2010-02-05,3.9349982738494873
2010-02-08,3.933029890060425
2010-02-09,3.933029890060425
2010-02-10,3.933029890060425
2010-02-11,3.936964273452759
2010-02-12,3.933029890060425
2010-02-16,3.938929319381714
2010-02-17,3.9349982738494873
2010-02-18,3.9349982738494873
2010-02-19,3.9349982738494873
2010-02-22,3.9349982738494873
2010-02-23,3.9349982738494873
2010-02-24,3.933029890060425
2010-02-25,3.933029890060425
2010-02-26,3.933029890060425
2010-03-01,3.933029890060425
2010-03-02,3.933029890060425
2010-03-03,3.933029890060425
2010-03-04,3.933029890060425
2010-03-05,3.933029890060425
2010-03-08,3.933029890060425
2010-03-09,3.933029890060425
2010-03-10,3.933029890060425
2010-03-11,3.933029890060425
2010-03-12,3.933029890060425
2010-03-15,3.933029890060425
2010-03-16,3.933029890060425
2010-03-17,3.933029890060425
2010-03-18,3.9133663177490234
2010-03-19,3.9231979846954346
2010-03-22,3.933029890060425
2010-03-23,3.960564136505127
2010-03-24,3.933029890060425
2010-03-25,3.921231269836426
2010-03-26,3.933029890060425
2010-03-29,3.933029890060425
2010-03-30,3.933029890060425
2010-03-31,3.948763847351074
2010-04-01,4.0775065422058105
2010-04-05,4.015145778656006
2010-04-06,3.9829609394073486
2010-04-07,3.9467530250549316
2010-04-08,3.9829609394073486
2010-04-09,3.9829609394073486
2010-04-12,4.013134002685547
2010-04-13,4.009111404418945
2010-04-14,3.9869847297668457
2010-04-15,3.9970412254333496
2010-04-16,3.952784776687622
2010-04-19,3.9668655395507812
2010-04-20,3.9668655395507812
2010-04-21,3.926633834838867
2010-04-22,3.8783581256866455
2010-04-23,3.9045069217681885
2010-04-26,3.888413429260254
2010-04-27,3.8300797939300537
2010-04-28,3.8662896156311035
2010-04-29,3.912555456161499
2010-04-30,3.896460771560669
2010-05-03,3.914564371109009
2010-05-04,3.83208966255188
2010-05-05,3.809962034225464
2010-05-06,3.4780495166778564
2010-05-07,3.393563747406006
2010-05-10,3.4901201725006104
2010-05-11,3.6208717823028564
2010-05-12,3.640988826751709
2010-05-13,3.687255382537842
2010-05-14,3.5846641063690186
2010-05-17,3.5223047733306885
2010-05-18,3.4639687538146973
2010-05-19,3.447875499725342
2010-05-20,3.2587850093841553
2010-05-21,3.264820098876953
2010-05-24,3.3291914463043213
2010-05-25,3.2044732570648193
2010-05-26,3.218553304672241
2010-05-27,3.3593649864196777
2010-05-28,3.369422674179077
2010-06-01,3.2990167140960693
2010-06-02,3.355342149734497
2010-06-03,3.3895392417907715
2010-06-04,3.2467153072357178
2010-06-07,3.1803324222564697
2010-06-08,3.198437213897705
2010-06-09,3.200448989868164
2010-06-10,3.3231570720672607
2010-06-11,3.3432741165161133
2010-06-14,3.3835043907165527
2010-06-15,3.4639687538146973
2010-06-16,3.4438533782958984
2010-06-17,3.4619553089141846
2010-06-18,3.4760379791259766
2010-06-21,3.470003128051758
2010-06-22,3.405632972717285
2010-06-23,3.3814918994903564
2010-06-24,3.3794820308685303
2010-06-25,3.415689706802368
2010-06-28,3.4378175735473633
2010-06-29,3.3855159282684326
2010-06-30,3.387529134750366
2010-07-01,3.4081954956054688
2010-07-02,3.3627243041992188
2010-07-06,3.3689258098602295
2010-07-07,3.4433321952819824
2010-07-08,3.4784674644470215
2010-07-09,3.499136209487915
2010-07-12,3.461932897567749
2010-07-13,3.45159912109375
2010-07-14,3.4267966747283936
2010-07-15,3.488802909851074
2010-07-16,3.4143967628479004
2010-07-19,3.468134641647339
2010-07-20,3.461932897567749
2010-07-21,3.3875274658203125
2010-07-22,3.468134641647339
2010-07-23,3.5342724323272705
2010-07-26,3.5776753425598145
2010-07-27,3.5818088054656982
2010-07-28,3.5900766849517822
2010-07-29,3.5983431339263916
2010-07-30,3.6148793697357178
2010-08-02,3.678950786590576
2010-08-03,3.703752040863037
2010-08-04,3.6996185779571533
2010-08-05,3.6975505352020264
2010-08-06,3.6748175621032715
2010-08-09,3.687217950820923
2010-08-10,3.656214475631714
2010-08-11,3.542539596557617
2010-08-12,3.5198047161102295
2010-08-13,3.546673536300659
2010-08-16,3.5590744018554688
2010-08-17,3.5880091190338135
2010-08-18,3.567340612411499
2010-08-19,3.5177366733551025
2010-08-20,3.501202344894409
2010-08-23,3.457798719406128
2010-08-24,3.3978607654571533
2010-08-25,3.3751258850097656
2010-08-26,3.311055898666382
2010-08-27,3.364792823791504
2010-08-30,3.3441240787506104
2010-08-31,3.3585927486419678
2010-09-01,3.48673677444458
2010-09-02,3.542539596557617
2010-09-03,3.5900766849517822
2010-09-07,3.557007312774658
2010-09-08,3.6004104614257812
2010-09-09,3.6417477130889893
2010-09-10,3.6892848014831543
2010-09-13,3.761622667312622
2010-09-14,3.7533559799194336
2010-09-15,3.74715518951416
2010-09-16,3.7595560550689697
2010-09-17,3.790557861328125
2010-09-20,3.8442962169647217
2010-09-21,3.906301259994507
2010-09-22,3.8752992153167725
2010-09-23,3.8112282752990723
2010-09-24,3.8649632930755615
2010-09-27,3.873231887817383
2010-09-28,3.93523907661438
2010-09-29,3.9083662033081055
2010-09-30,3.9001007080078125
2010-10-01,3.9382121562957764
2010-10-04,3.9170398712158203
2010-10-05,3.9530324935913086
2010-10-06,3.9530324935913086
2010-10-07,3.9445643424987793
2010-10-08,3.9572677612304688
2010-10-11,3.959385633468628
2010-10-12,3.995380163192749
2010-10-13,4.050431251525879
2010-10-14,4.0229058265686035
2010-10-15,4.050431251525879
2010-10-18,4.073720455169678
2010-10-19,3.976325511932373
2010-10-20,4.05678129196167
2010-10-21,4.048313617706299
2010-10-22,4.06525182723999
2010-10-25,4.061017036437988
2010-10-26,4.020787239074707
2010-10-27,3.995380163192749
2010-10-28,3.989029884338379
2010-10-29,4.018669605255127
2010-11-01,4.016552448272705
2010-11-02,4.048313617706299
2010-11-03,4.084307670593262
2010-11-04,4.169000148773193
2010-11-05,4.162647724151611
2010-11-08,4.141476154327393
2010-11-09,4.113949775695801
2010-11-10,4.090658187866211
2010-11-11,4.120299816131592
2010-11-12,4.0271406173706055
2010-11-15,4.016552448272705
2010-11-16,3.921273708343506
2010-11-17,4.008083820343018
2010-11-18,4.077957630157471
2010-11-19,4.139359951019287
2010-11-22,4.109714031219482
2010-11-23,4.048313617706299
2010-11-24,4.054665565490723
2010-11-26,4.06525182723999
2010-11-29,4.088542461395264
2010-11-30,4.128769397735596
2010-12-01,4.156295299530029
2010-12-02,4.219816207885742
2010-12-03,4.188053607940674
2010-12-06,4.21134614944458
2010-12-07,4.192290782928467
2010-12-08,4.160530090332031
2010-12-09,4.179587364196777
2010-12-10,4.21134614944458
2010-12-13,4.202877521514893
2010-12-14,4.185938358306885
2010-12-15,4.149944305419922
2010-12-16,4.145709991455078
2010-12-17,4.236754417419434
2010-12-20,4.181703090667725
2010-12-21,4.179587364196777
2010-12-22,4.2049946784973145
2010-12-23,4.2071123123168945
2010-12-27,4.236754417419434
2010-12-28,4.21558141708374
2010-12-29,4.232912540435791
2010-12-30,4.248074531555176
2010-12-31,4.26757287979126
2011-01-03,4.282736301422119
2011-01-04,4.226413249969482
2011-01-05,4.261074542999268
2011-01-06,4.280568599700928
2011-01-07,4.26757287979126
2011-01-10,4.230746269226074
2011-01-11,4.265405178070068
2011-01-12,4.26757287979126
2011-01-13,4.291403293609619
2011-01-14,4.297898292541504
2011-01-18,4.3217291831970215
2011-01-19,4.276238918304443
2011-01-20,4.26757287979126
2011-01-21,4.26757287979126
2011-01-24,4.291403293609619
2011-01-25,4.284900665283203
2011-01-26,4.302231788635254
2011-01-27,4.315230846405029
2011-01-28,4.248074531555176
2011-01-31,4.265405178070068
2011-02-01,4.330394744873047
2011-02-02,4.334726333618164
2011-02-03,4.356389045715332
2011-02-04,4.369386672973633
2011-02-07,4.375885963439941
2011-02-08,4.391049385070801
2011-02-09,4.375885963439941
2011-02-10,4.371555805206299
2011-02-11,4.378052711486816
2011-02-14,4.384552955627441
2011-02-15,4.380218029022217
2011-02-16,4.4170451164245605
2011-02-17,4.430041313171387
2011-02-18,4.430041313171387
2011-02-22,4.3238935470581055
2011-02-23,4.245909690856934
2011-02-24,4.2437424659729
2011-02-25,4.330394744873047
2011-02-28,4.371555805206299
2011-03-01,4.30872917175293
2011-03-02,4.339059829711914
2011-03-03,4.419211387634277
2011-03-04,4.406213760375977
2011-03-07,4.360722064971924
2011-03-08,4.386717319488525
2011-03-09,4.358554363250732
2011-03-10,4.304399013519287
2011-03-11,4.3217291831970215
2011-03-14,4.306562423706055
2011-03-15,4.336892127990723
2011-03-16,4.3282270431518555
2011-03-17,4.386717319488525
2011-03-18,4.382384300231934
2011-03-21,4.4538702964782715
2011-03-22,4.464705944061279
2011-03-23,4.5686845779418945
2011-03-24,4.5946807861328125
2011-03-25,4.5881829261779785
2011-03-28,4.6575026512146
2011-03-29,4.7138261795043945
2011-03-30,4.793977737426758
2011-03-31,4.7463202476501465
2011-04-01,4.828152656555176
2011-04-04,4.781708717346191
2011-04-05,4.828152656555176
2011-04-06,4.790554046630859
2011-04-07,4.812671661376953
2011-04-08,4.730838775634766
2011-04-11,4.653428554534912
2011-04-12,4.573806285858154
2011-04-13,4.591499328613281
2011-04-14,4.719779014587402
2011-04-15,4.735260963439941
2011-04-18,4.68439245223999
2011-04-19,4.708721160888672
2011-04-20,4.6998724937438965
2011-04-21,4.708721160888672
2011-04-25,4.662276268005371
2011-04-26,4.702085971832275
2011-04-27,4.691026210784912
2011-04-28,4.733051300048828
2011-04-29,4.7927656173706055
2011-05-02,4.797189235687256
2011-05-03,4.790554046630859
2011-05-04,4.759590148925781
2011-05-05,4.673333644866943
2011-05-06,4.702085971832275
2011-05-09,4.744106292724609
2011-05-10,4.783918380737305
2011-05-11,4.744106292724609
2011-05-12,4.799401760101318
2011-05-13,4.790554046630859
2011-05-16,4.730838775634766
2011-05-17,4.695450782775879
2011-05-18,4.728626728057861
2011-05-19,4.715355396270752
2011-05-20,4.704296588897705
2011-05-23,4.675545692443848
2011-05-24,4.6069817543029785
2011-05-25,4.584865570068359
2011-05-26,4.582653999328613
2011-05-27,4.604773044586182
2011-05-31,4.651215553283691
2011-06-01,4.611407279968262
2011-06-02,4.553900718688965
2011-06-03,4.518514156341553
2011-06-06,4.427835941314697
2011-06-07,4.503032207489014
2011-06-08,4.483126640319824
2011-06-09,4.560535907745361
2011-06-10,4.494184970855713
2011-06-13,4.425621509552002
2011-06-14,4.496397018432617
2011-06-15,4.454373836517334
2011-06-16,4.388024806976318
2011-06-17,4.40129280090332
2011-06-20,4.461009979248047
2011-06-21,4.587075710296631
2011-06-22,4.593710422515869
2011-06-23,4.613619327545166
2011-06-24,4.578228950500488
2011-06-27,4.609193325042725
2011-06-28,4.713144302368164
2011-06-29,4.7242045402526855
2011-06-30,4.730838775634766
2011-07-01,4.735357761383057
2011-07-05,4.762468338012695
2011-07-06,4.7692437171936035
2011-07-07,4.870911121368408
2011-07-08,4.852836608886719
2011-07-11,4.7602081298828125
2011-07-12,4.694690704345703
2011-07-13,4.665319442749023
2011-07-14,4.635950565338135
2011-07-15,4.6969499588012695
2011-07-18,4.672097206115723
2011-07-19,4.7443928718566895
2011-07-20,4.746652126312256
2011-07-21,4.814427852630615
2011-07-22,4.818946838378906
2011-07-25,4.785060882568359
2011-07-26,4.728577136993408
2011-07-27,4.586247444152832
2011-07-28,4.480062961578369
2011-07-29,4.3783955574035645
2011-08-01,4.452951908111572
2011-08-02,4.407766342163086
2011-08-03,4.430359363555908
2011-08-04,4.134400844573975
2011-08-05,4.028215408325195
2011-08-08,3.58088755607605
2011-08-09,3.890402317047119
2011-08-10,3.827143669128418
2011-08-11,4.025956630706787
2011-08-12,4.111806869506836
2011-08-15,4.238325595855713
2011-08-16,4.231546401977539
2011-08-17,4.213473320007324
2011-08-18,4.055325984954834
2011-08-19,3.9129955768585205
2011-08-22,3.795513391494751
2011-08-23,3.9717352390289307
2011-08-24,4.059844017028809
2011-08-25,4.073400974273682
2011-08-26,4.098252296447754
2011-08-29,4.227028846740723
2011-08-30,4.208954334259033
2011-08-31,4.2247700691223145
2011-09-01,4.175066947937012
2011-09-02,4.134400844573975
2011-09-06,4.100511074066162
2011-09-07,4.152473449707031
2011-09-08,4.073400974273682
2011-09-09,3.98529052734375
2011-09-12,3.9604382514953613
2011-09-13,3.9649572372436523
2011-09-14,3.994328022003174
2011-09-15,4.082435607910156
2011-09-16,4.107288360595703
2011-09-19,4.07565975189209
2011-09-20,4.118585586547852
2011-09-21,3.99206805229187
2011-09-22,3.759366512298584
2011-09-23,3.702885389328003
2011-09-26,3.689331531524658
2011-09-27,3.7684035301208496
2011-09-28,3.696108102798462
2011-09-29,3.655442714691162
2011-09-30,3.610257148742676
2011-10-03,3.487049102783203
2011-10-04,3.3638386726379395
2011-10-05,3.4916975498199463
2011-10-06,3.566089630126953
2011-10-07,3.561439037322998
2011-10-10,3.698596239089966
2011-10-11,3.6869728565216064
2011-10-12,3.7706615924835205
2011-10-13,3.8078560829162598
2011-10-14,3.8775978088378906
2011-10-17,3.831101655960083
2011-10-18,3.9984822273254395
2011-10-19,3.92409086227417
2011-10-20,3.835754632949829
2011-10-21,3.891545534133911
2011-10-24,4.049626350402832
2011-10-25,4.077523708343506
2011-10-26,4.0937933921813965
2011-10-27,4.196081161499023
2011-10-28,4.196081161499023
2011-10-31,4.086819171905518
2011-11-01,3.9984822273254395
2011-11-02,3.9543135166168213
2011-11-03,4.075195789337158
2011-11-04,4.061249732971191
2011-11-07,4.049626350402832
2011-11-08,4.075195789337158
2011-11-09,4.007782459259033
2011-11-10,3.991508722305298
2011-11-11,4.003131866455078
2011-11-14,3.9426896572113037
2011-11-15,3.9729104042053223
2011-11-16,3.9264163970947266
2011-11-17,3.831101655960083
2011-11-18,3.821805238723755
2011-11-21,3.7171950340270996
2011-11-22,3.689295530319214
2011-11-23,3.5939838886260986
2011-11-25,3.5916600227355957
2011-11-28,3.689295530319214
2011-11-29,3.7264928817749023
2011-11-30,3.8868954181671143
2011-12-01,3.8682994842529297
2011-12-02,3.8985209465026855
2011-12-05,3.9566376209259033
2011-12-06,3.9543135166168213
2011-12-07,3.949665069580078
2011-12-08,3.8171560764312744
2011-12-09,3.8682994842529297
2011-12-12,3.78228497505188
2011-12-13,3.735790491104126
2011-12-14,3.6660494804382324
2011-12-15,3.652101755142212
2011-12-16,3.647453784942627
2011-12-19,3.5730628967285156
2011-12-20,3.6544268131256104
2011-12-21,3.647453784942627
2011-12-22,3.7078945636749268
2011-12-23,3.754387617111206
2011-12-27,3.756711721420288
2011-12-28,3.6897566318511963
2011-12-29,3.6706273555755615
2011-12-30,3.680192470550537
2012-01-03,3.78301739692688
2012-01-04,3.7973639965057373
2012-01-05,3.7949726581573486
2012-01-06,3.838017463684082
2012-01-09,3.8714969158172607
2012-01-10,3.9408414363861084
2012-01-11,3.962364673614502
2012-01-12,3.950408458709717
2012-01-13,3.9145395755767822
2012-01-17,3.931278944015503
2012-01-18,3.981494188308716
2012-01-19,4.041276454925537
2012-01-20,4.062799453735352
2012-01-23,4.069972991943359
2012-01-24,4.069972991943359
2012-01-25,4.136929035186768
2012-01-26,4.091493129730225
2012-01-27,4.134538650512695
2012-01-30,4.1417107582092285
2012-01-31,4.170406818389893
2012-02-01,4.249319553375244
2012-02-02,4.270840167999268
2012-02-03,4.297143936157227
2012-02-06,4.321055889129639
2012-02-07,4.356925010681152
2012-02-08,4.366490840911865
2012-02-09,4.399970054626465
2012-02-10,4.340188026428223
2012-02-13,4.404751777648926
2012-02-14,4.388012409210205
2012-02-15,4.371273994445801
2012-02-16,4.421491622924805
2012-02-17,4.409534931182861
2012-02-21,4.440621376037598
2012-02-22,4.443015098571777
2012-02-23,4.454970359802246
2012-02-24,4.466925621032715
2012-02-27,4.5027971267700195
2012-02-28,4.5027971267700195
2012-02-29,4.488448619842529
2012-03-01,4.53627347946167
2012-03-02,4.529099941253662
2012-03-05,4.5123610496521
2012-03-06,4.366490840911865
2012-03-07,4.311492443084717
2012-03-08,4.325839996337891
2012-03-09,4.337796211242676
2012-03-12,4.323447227478027
2012-03-13,4.368882656097412
2012-03-14,4.378448009490967
2012-03-15,4.431055545806885
2012-03-16,4.450186252593994
2012-03-19,4.476490497589111
2012-03-20,4.457360744476318
2012-03-21,4.450186252593994
2012-03-22,4.392796516418457
2012-03-23,4.404751777648926
2012-03-26,4.462143898010254
2012-03-27,4.464534282684326
2012-03-28,4.414319038391113
2012-03-29,4.407145023345947
2012-03-30,4.419098854064941
2012-04-02,4.453413963317871
2012-04-03,4.441158294677734
2012-04-04,4.421552658081055
2012-04-05,4.409296989440918
2012-04-09,4.367629528045654
2012-04-10,4.303905963897705
2012-04-11,4.352924823760986
2012-04-12,4.399493217468262
2012-04-13,4.370081424713135
2012-04-16,4.426453590393066
2012-04-17,4.473020076751709
2012-04-18,4.482824802398682
2012-04-19,4.470570087432861
2012-04-20,4.460766792297363
2012-04-23,4.468118667602539
2012-04-24,4.453413963317871
2012-04-25,4.48037576675415
2012-04-26,4.526943206787109
2012-04-27,4.556354522705078
2012-04-30,4.580864429473877
2012-05-01,4.607824325561523
2012-05-02,4.583315849304199
2012-05-03,4.544100284576416
2012-05-04,4.428902626037598
2012-05-07,4.416650772094727
2012-05-08,4.377432346343994
2012-05-09,4.3823347091674805
2012-05-10,4.360276222229004
2012-05-11,4.367629528045654
2012-05-14,4.28184700012207
2012-05-15,4.149493217468262
2012-05-16,4.134788513183594
2012-05-17,4.107825756072998
2012-05-18,3.9901797771453857
2012-05-21,4.083317279815674
2012-05-22,4.110278129577637
2012-05-23,4.095571994781494
2012-05-24,4.080865859985352
2012-05-25,4.078414440155029
2012-05-29,4.166648864746094
2012-05-30,4.147041320800781
2012-05-31,4.102924346923828
2012-06-01,3.9681217670440674
2012-06-04,3.919102430343628
2012-06-05,3.9803757667541504
2012-06-06,4.0171403884887695
2012-06-07,4.03429651260376
2012-06-08,4.071061134338379
2012-06-11,4.03674840927124
2012-06-12,4.056355953216553
2012-06-13,4.03184700012207
2012-06-14,4.0122389793396
2012-06-15,4.019591331481934
2012-06-18,4.041649341583252
2012-06-19,4.156846046447754
2012-06-20,4.178906440734863
2012-06-21,4.0122389793396
2012-06-22,4.122532844543457
2012-06-25,4.080865859985352
2012-06-26,4.056355953216553
2012-06-27,3.9950811862945557
2012-06-28,3.9730217456817627
2012-06-29,4.04655122756958
2012-07-02,4.157416820526123
2012-07-03,4.182614803314209
2012-07-05,4.170015335083008
2012-07-06,4.1498589515686035
2012-07-09,4.132220268249512
2012-07-10,4.1221418380737305
2012-07-11,4.104503154754639
2012-07-12,4.096946716308594
2012-07-13,4.086866855621338
2012-07-16,4.1977314949035645
2012-07-17,4.190171241760254
2012-07-18,4.222925662994385
2012-07-19,4.227966785430908
2012-07-20,4.192693710327148
2012-07-23,4.1674957275390625
2012-07-24,4.177573204040527
2012-07-25,4.177573204040527
2012-07-26,4.233006477355957
2012-07-27,4.283398151397705
2012-07-30,4.343870639801025
2012-07-31,4.389224529266357
2012-08-01,4.424498558044434
2012-08-02,4.308595180511475
2012-08-03,4.361507415771484
2012-08-06,4.391745090484619
2012-08-07,4.464813709259033
2012-08-08,4.505127429962158
2012-08-09,4.540403842926025
2012-08-10,4.552999973297119
2012-08-13,4.540403842926025
2012-08-14,4.522768497467041
2012-08-15,4.459774494171143
2012-08-16,4.4673333168029785
2012-08-17,4.4320573806762695
2012-08-20,4.434578895568848
2012-08-21,4.457253932952881
2012-08-22,4.414419651031494
2012-08-23,4.4496965408325195
2012-08-24,4.421978950500488
2012-08-27,4.389224529266357
2012-08-28,4.396782875061035
2012-08-29,4.439619064331055
2012-08-30,4.4270195960998535
2012-08-31,4.497568607330322
2012-09-04,4.411900997161865
2012-09-05,4.394263744354248
2012-09-06,4.4270195960998535
2012-09-07,4.434578895568848
2012-09-10,4.4018235206604
2012-09-11,4.416941165924072
2012-09-12,4.454736709594727
2012-09-13,4.472373008728027
2012-09-14,4.532844543457031
2012-09-17,4.502608776092529
2012-09-18,4.47741174697876
2012-09-19,4.4925312995910645
2012-09-20,4.457253932952881
2012-09-21,4.464813709259033
2012-09-24,4.47741174697876
2012-09-25,4.462295055389404
2012-09-26,4.4471755027771
2012-09-27,4.419462203979492
2012-09-28,4.3993024826049805
2012-10-01,4.431546688079834
2012-10-02,4.379955768585205
2012-10-03,4.351583003997803
2012-10-04,4.3851141929626465
2012-10-05,4.364480495452881
2012-10-08,4.356740474700928
2012-10-09,4.315471172332764
2012-10-10,4.274198532104492
2012-10-11,4.336106777191162
2012-10-12,4.312891483306885
2012-10-15,4.3412652015686035
2012-10-16,4.361900329589844
2012-10-17,4.377377986907959
2012-10-18,4.369637489318848
2012-10-19,4.292254447937012
2012-10-22,4.299993515014648
2012-10-23,4.256141662597656
2012-10-24,4.253561496734619
2012-10-25,4.281938076019287
2012-10-26,4.2716169357299805
2012-10-31,4.274198532104492
2012-11-01,4.351583003997803
2012-11-02,4.36706018447876
2012-11-05,4.330946922302246
2012-11-06,4.354162693023682
2012-11-07,4.263880252838135
2012-11-08,4.191656112670898
2012-11-09,4.1581220626831055
2012-11-12,4.168437957763672
2012-11-13,4.127166748046875
2012-11-14,3.967242479324341
2012-11-15,3.8150503635406494
2012-11-16,3.944024085998535
2012-11-19,4.070420265197754
2012-11-20,4.078157424926758
2012-11-21,4.114270210266113
2012-11-23,4.173597812652588
2012-11-26,4.147801876068115
2012-11-27,4.147801876068115
2012-11-28,4.165860176086426
2012-11-29,4.189074516296387
2012-11-30,4.18133544921875
2012-12-03,4.183915615081787
2012-12-04,4.1581220626831055
2012-12-05,4.186496734619141
2012-12-06,4.201973915100098
2012-12-07,4.191656112670898
2012-12-10,4.189074516296387
2012-12-11,4.2122907638549805
2012-12-12,4.222609043121338
2012-12-13,4.2122907638549805
2012-12-14,4.235505104064941
2012-12-17,4.2716169357299805
2012-12-18,4.299993515014648
2012-12-19,4.2896728515625
2012-12-20,4.307731628417969
2012-12-21,4.310312271118164
2012-12-24,4.328365802764893
2012-12-26,4.302572727203369
2012-12-27,4.314468860626221
2012-12-28,4.2801008224487305
2012-12-31,4.3329758644104
2013-01-02,4.433434009552002
2013-01-03,4.428146839141846
2013-01-04,4.494237422943115
2013-01-07,4.5100998878479
2013-01-08,4.507457256317139
2013-01-09,4.5206756591796875
2013-01-10,4.544468879699707
2013-01-11,4.557685852050781
2013-01-14,4.555042266845703
2013-01-15,4.536535739898682
2013-01-16,4.565617084503174
2013-01-17,4.594696998596191
2013-01-18,4.6026291847229
2013-01-22,4.618492126464844
2013-01-23,4.674006938934326
2013-01-24,4.6845808029174805
2013-01-25,4.676651954650879
2013-01-28,4.687225818634033
2013-01-29,4.74009895324707
2013-01-30,4.716306209564209
2013-01-31,4.692514419555664
2013-02-01,4.718949794769287
2013-02-04,4.658144474029541
2013-02-05,4.71366548538208
2013-02-06,4.708375453948975
2013-02-07,4.650213241577148
2013-02-08,4.687225818634033
2013-02-11,4.676651954650879
2013-02-12,4.695157527923584
2013-02-13,4.708375453948975
2013-02-14,4.6713643074035645
2013-02-15,4.695157527923584
2013-02-19,4.732168674468994
2013-02-20,4.681938171386719
2013-02-21,4.6396379470825195
2013-02-22,4.658144474029541
2013-02-25,4.613203048706055
2013-02-26,4.626420021057129
2013-02-27,4.676651954650879
2013-02-28,4.6845808029174805
2013-03-01,4.681938171386719
2013-03-04,4.6396379470825195
2013-03-05,4.613203048706055
2013-03-06,4.631709575653076
2013-03-07,4.676651954650879
2013-03-08,4.681938171386719
2013-03-11,4.66343355178833
2013-03-12,4.697800159454346
2013-03-13,4.66607666015625
2013-03-14,4.681938171386719
2013-03-15,4.644927024841309
2013-03-18,4.6898698806762695
2013-03-19,4.6713643074035645
2013-03-20,4.607914924621582
2013-03-21,4.597341060638428
2013-03-22,4.6026291847229
2013-03-25,4.584123611450195
2013-03-26,4.578835964202881
2013-03-27,4.6158447265625
2013-03-28,4.592054843902588
2013-04-01,4.536564826965332
2013-04-02,4.552806377410889
2013-04-03,4.482428550720215
2013-04-04,4.493256568908691
2013-04-05,4.50678825378418
2013-04-08,4.50408411026001
2013-04-09,4.498669147491455
2013-04-10,4.555513858795166
2013-04-11,4.569046497344971
2013-04-12,4.54197883605957
2013-04-15,4.455361843109131
2013-04-16,4.50678825378418
2013-04-17,4.4607768058776855
2013-04-18,4.439120769500732
2013-04-19,4.45806884765625
2013-04-22,4.439120769500732
2013-04-23,4.4607768058776855
2013-04-24,4.493256568908691
2013-04-25,4.54197883605957
2013-04-26,4.533858299255371
2013-04-29,4.536564826965332
2013-04-30,4.569046497344971
2013-05-01,4.50678825378418
2013-05-02,4.5257391929626465
2013-05-03,4.579873085021973
2013-05-06,4.582581996917725
2013-05-07,4.615062713623047
2013-05-08,4.615062713623047
2013-05-09,4.587994575500488
2013-05-10,4.612357139587402
2013-05-13,4.642128944396973
2013-05-14,4.688145637512207
2013-05-15,4.677316188812256
2013-05-16,4.680023193359375
2013-05-17,4.709798812866211
2013-05-20,4.726038932800293
2013-05-21,4.720628261566162
2013-05-22,4.682732105255127
2013-05-23,4.674610614776611
2013-05-24,4.669198036193848
2013-05-28,4.72874641418457
2013-05-29,4.66107702255249
2013-05-30,4.682732105255127
2013-05-31,4.682732105255127
2013-06-03,4.625888347625732
2013-06-04,4.617769241333008
2013-06-05,4.574458122253418
2013-06-06,4.642128944396973
2013-06-07,4.704385757446289
2013-06-10,4.655663967132568
2013-06-11,4.623182773590088
2013-06-12,4.579873085021973
2013-06-13,4.696265697479248
2013-06-14,4.726038932800293
2013-06-17,4.739573001861572
2013-06-18,4.704385757446289
2013-06-19,4.690849781036377
2013-06-20,4.606941223144531
2013-06-21,4.560925006866455
2013-06-24,4.468894958496094
2013-06-25,4.468894958496094
2013-06-26,4.66107702255249
2013-06-27,4.698972702026367
2013-06-28,4.704385757446289
2013-07-01,4.711315631866455
2013-07-02,4.7611985206604
2013-07-03,4.727941989898682
2013-07-05,4.697458267211914
2013-07-08,4.6946868896484375
2013-07-09,4.686369895935059
2013-07-10,4.6614298820495605
2013-07-11,4.725170612335205
2013-07-12,4.73902702331543
2013-07-15,4.7999958992004395
2013-07-16,4.7833685874938965
2013-07-17,4.755655288696289
2013-07-18,4.750112056732178
2013-07-19,4.777825832366943
2013-07-22,4.788912773132324
2013-07-23,4.8138556480407715
2013-07-24,4.7999958992004395
2013-07-25,4.847112655639648
2013-07-26,4.844338417053223
2013-07-29,4.8055419921875
2013-07-30,4.772285461425781
2013-07-31,4.722400188446045
2013-08-01,4.777825832366943
2013-08-02,4.786141872406006
2013-08-05,4.811082363128662
2013-08-06,4.794455528259277
2013-08-07,4.71962833404541
2013-08-08,4.73902702331543
2013-08-09,4.750112056732178
2013-08-12,4.711315631866455
2013-08-13,4.6946868896484375
2013-08-14,4.658657550811768
2013-08-15,4.581059455871582
2013-08-16,4.561659812927246
2013-08-19,4.509006977081299
2013-08-20,4.545032501220703
2013-08-21,4.509006977081299
2013-08-22,4.553348064422607
2013-08-23,4.564431190490723
2013-08-26,4.545032501220703
2013-08-27,4.467435359954834
2013-08-28,4.461892127990723
2013-08-29,4.461892127990723
2013-08-30,4.461892127990723
2013-09-03,4.484060287475586
2013-09-04,4.514546871185303
2013-09-05,4.545032501220703
2013-09-06,4.558890342712402
2013-09-09,4.611546039581299
2013-09-10,4.647573947906494
2013-09-11,4.686369895935059
2013-09-12,4.6392598152160645
2013-09-13,4.6503448486328125
2013-09-16,4.666971683502197
2013-09-17,4.672515392303467
2013-09-18,4.752883434295654
2013-09-19,4.763970851898193
2013-09-20,4.705772399902344
2013-09-23,4.705772399902344
2013-09-24,4.700227737426758
2013-09-25,4.741800308227539
2013-09-26,4.763970851898193
2013-09-27,4.752883434295654
2013-09-30,4.672515392303467
2013-10-01,4.736407279968262
2013-10-02,4.696650505065918
2013-10-03,4.679614067077637
2013-10-04,4.6739349365234375
2013-10-07,4.642700672149658
2013-10-08,4.619984149932861
2013-10-09,4.617144584655762
2013-10-10,4.696650505065918
2013-10-11,4.727883338928223
2013-10-14,4.733567237854004
2013-10-15,4.710848808288574
2013-10-16,4.747765064239502
2013-10-17,4.770480155944824
2013-10-18,4.801714897155762
2013-10-21,4.8045549392700195
2013-10-22,4.855668067932129
2013-10-23,4.838630199432373
2013-10-24,4.855668067932129
2013-10-25,4.867023468017578
2013-10-28,4.8727030754089355
2013-10-29,4.8727030754089355
2013-10-30,4.864185810089111
2013-10-31,4.858508110046387
2013-11-01,4.838630199432373
2013-11-04,4.886903285980225
2013-11-05,4.87554407119751
2013-11-06,4.912458419799805
2013-11-07,4.878384113311768
2013-11-08,4.88406229019165
2013-11-11,4.9039411544799805
2013-11-12,4.844308853149414
2013-11-13,4.832949638366699
2013-11-14,4.858508110046387
2013-11-15,4.87554407119751
2013-11-18,4.84146785736084
2013-11-19,4.832949638366699
2013-11-20,4.815913200378418
2013-11-21,4.8499884605407715
2013-11-22,4.844308853149414
2013-11-25,4.821592330932617
2013-11-26,4.813075542449951
2013-11-27,4.798875331878662
2013-11-29,4.818752765655518
2013-12-02,4.793199062347412
2013-12-03,4.793199062347412
2013-12-04,4.7960357666015625
2013-12-05,4.790355682373047
2013-12-06,4.798875331878662
2013-12-09,4.790355682373047
2013-12-10,4.764801979064941
2013-12-11,4.705171585083008
2013-12-12,4.6739349365234375
2013-12-13,4.659735202789307
2013-12-16,4.722208023071289
2013-12-17,4.7307257652282715
2013-12-18,4.793199062347412
2013-12-19,4.778999328613281
2013-12-20,4.824433326721191
2013-12-23,4.88406229019165
2013-12-24,4.9039411544799805
2013-12-26,4.92097806930542
2013-12-27,4.942785263061523
2013-12-30,4.931154727935791
2013-12-31,4.977674961090088
2014-01-02,4.919524192810059
2014-01-03,4.916615962982178
2014-01-06,4.907895088195801
2014-01-07,4.922431468963623
2014-01-08,4.919524192810059
2014-01-09,4.902079105377197
2014-01-10,4.913707256317139
2014-01-13,4.887539863586426
2014-01-14,4.936969757080078
2014-01-15,4.954413890838623
2014-01-16,4.9660444259643555
2014-01-17,4.968952178955078
2014-01-21,4.951507091522217
2014-01-22,4.9573211669921875
2014-01-23,4.9253387451171875
2014-01-24,4.806129455566406
2014-01-27,4.7363505363464355
2014-01-28,4.771239757537842
2014-01-29,4.7363505363464355
2014-01-30,4.739255428314209
2014-01-31,4.7247209548950195
2014-02-03,4.643310070037842
2014-02-04,4.6694769859313965
2014-02-05,4.684015274047852
2014-02-06,4.7130889892578125
2014-02-07,4.765425682067871
2014-02-10,4.797408103942871
2014-02-11,4.870096206665039
2014-02-12,4.858467102050781
2014-02-13,4.893357753753662
2014-02-14,4.919524192810059
2014-02-18,4.945689678192139
2014-02-19,4.9253387451171875
2014-02-20,4.9660444259643555
2014-02-21,4.989303112030029
2014-02-24,5.0212883949279785
2014-02-25,5.027102470397949
2014-02-26,5.044548034667969
2014-02-27,5.05617618560791
2014-02-28,5.05617618560791
2014-03-03,4.986396312713623
2014-03-04,5.038732051849365
2014-03-05,5.061992645263672
2014-03-06,5.073620796203613
2014-03-07,5.067809104919434
2014-03-10,5.067809104919434
2014-03-11,5.059084892272949
2014-03-12,5.061992645263672
2014-03-13,4.954413890838623
2014-03-14,4.951507091522217
2014-03-17,4.9660444259643555
2014-03-18,5.0212883949279785
2014-03-19,4.995119571685791
2014-03-20,4.992210865020752
2014-03-21,5.006750106811523
2014-03-24,5.006750106811523
2014-03-25,5.053269386291504
2014-03-26,5.082343578338623
2014-03-27,5.05617618560791
2014-03-28,5.067809104919434
2014-03-31,5.111419677734375
2014-04-01,5.151597499847412
2014-04-02,5.130764484405518
2014-04-03,5.136715888977051
2014-04-04,5.098026752471924
2014-04-07,5.065290451049805
2014-04-08,5.080169200897217
2014-04-09,5.124812602996826
2014-04-10,5.1010026931762695
2014-04-11,5.065290451049805
2014-04-14,5.041481018066406
2014-04-15,5.07421875
2014-04-16,5.121836185455322
2014-04-17,5.139692783355713
2014-04-21,5.1426682472229
2014-04-22,5.151597499847412
2014-04-23,5.1694560050964355
2014-04-24,5.160526275634766
2014-04-25,5.157549858093262
2014-04-28,5.166478157043457
2014-04-29,5.187312602996826
2014-04-30,5.2081403732299805
2014-05-01,5.220048904418945
2014-05-02,5.23492431640625
2014-05-05,5.214095115661621
2014-05-06,5.211118698120117
2014-05-07,5.228978157043457
2014-05-08,5.223021984100342
2014-05-09,5.199214935302734
2014-05-12,5.246830940246582
2014-05-13,5.252784252166748
2014-05-14,5.240879535675049
2014-05-15,5.2021894454956055
2014-05-16,5.249808311462402
2014-05-19,5.294449329376221
2014-05-20,5.279568672180176
2014-05-21,5.31825590133667
2014-05-22,5.386707305908203
2014-05-23,5.404563903808594
2014-05-27,5.395637035369873
2014-05-28,5.446229457855225
2014-05-29,5.47896671295166
2014-05-30,5.502775192260742
2014-06-02,5.508726596832275
2014-06-03,5.431349277496338
2014-06-04,5.383732318878174
2014-06-05,5.362899303436279
2014-06-06,5.398612976074219
2014-06-09,5.37777853012085
2014-06-10,5.431349277496338
2014-06-11,5.461111545562744
2014-06-12,5.440276622772217
2014-06-13,5.526585578918457
2014-06-16,5.502775192260742
2014-06-17,5.419445514678955
2014-06-18,5.431349277496338
2014-06-19,5.437301158905029
2014-06-20,5.443254470825195
2014-06-23,5.431349277496338
2014-06-24,5.419445514678955
2014-06-25,5.425396919250488
2014-06-26,5.467061996459961
2014-06-27,5.493845462799072
2014-06-30,5.5295610427856445
2014-07-01,5.567590713500977
2014-07-02,5.56150484085083
2014-07-03,5.601054668426514
2014-07-07,5.643649578094482
2014-07-08,5.643649578094482
2014-07-09,5.725793361663818
2014-07-10,5.661903381347656
2014-07-11,5.634522438049316
2014-07-14,5.704497814178467
2014-07-15,5.686243057250977
2014-07-16,5.716666221618652
2014-07-17,5.655818939208984
2014-07-18,5.686243057250977
2014-07-21,5.607144355773926
2014-07-22,5.674074172973633
2014-07-23,5.716666221618652
2014-07-24,5.737965106964111
2014-07-25,5.731880187988281
2014-07-28,5.692327976226807
2014-07-29,5.692327976226807
2014-07-30,5.6375651359558105
2014-07-31,5.564548015594482
2014-08-01,5.491529941558838
2014-08-04,5.327241897583008
2014-08-05,5.281605243682861
2014-08-06,5.299859523773193
2014-08-07,5.302900791168213
2014-08-08,5.388088226318359
2014-08-11,5.442851543426514
2014-08-12,5.400259494781494
2014-08-13,5.433722496032715
2014-08-14,5.46110725402832
2014-08-15,5.44589376449585
2014-08-18,5.52803897857666
2014-08-19,5.552377223968506
2014-08-20,5.558465003967285
2014-08-21,5.573676586151123
2014-08-22,5.555419445037842
2014-08-25,5.5828022956848145
2014-08-26,5.5828022956848145
2014-08-27,5.5828022956848145
2014-08-28,5.546294212341309
2014-08-29,5.497612953186035
2014-09-02,5.44589376449585
2014-09-03,5.451979160308838
2014-09-04,5.46110725402832
2014-09-05,5.476317405700684
2014-09-08,5.451979160308838
2014-09-09,5.476317405700684
2014-09-10,5.44893741607666
2014-09-11,5.4398088455200195
2014-09-12,5.394172668457031
2014-09-15,5.363748550415039
2014-09-16,5.455019950866699
2014-09-17,5.430681228637695
2014-09-18,5.433722496032715
2014-09-19,5.412429332733154
2014-09-22,5.354619979858398
2014-09-23,5.327241897583008
2014-09-24,5.336369037628174
2014-09-25,5.296816825866699
2014-09-26,5.2846479415893555
2014-09-29,5.269434928894043
2014-09-30,5.214669704437256
2014-10-01,5.21934700012207
2014-10-02,5.172606468200684
2014-10-03,5.175721645355225
2014-10-06,5.144561767578125
2014-10-07,5.110283851623535
2014-10-08,5.141445636749268
2014-10-09,5.066661357879639
2014-10-10,4.80491304397583
2014-10-13,4.723897933959961
2014-10-14,4.739477634429932
2014-10-15,4.748825550079346
2014-10-16,4.861003875732422
2014-10-17,4.845422744750977
2014-10-20,4.873467445373535
2014-10-21,5.010573387145996
2014-10-22,4.994991779327393
2014-10-23,5.051077842712402
2014-10-24,5.079122543334961
2014-10-27,5.047964572906494
2014-10-28,5.1040520668029785
2014-10-29,5.153909683227539
2014-10-30,5.1944169998168945
2014-10-31,5.181951999664307
2014-11-03,5.166374206542969
2014-11-04,5.11651611328125
2014-11-05,5.153909683227539
2014-11-06,5.163257598876953
2014-11-07,5.169487953186035
2014-11-10,5.166374206542969
2014-11-11,5.125865936279297
2014-11-12,5.125865936279297
2014-11-13,5.07600736618042
2014-11-14,5.060428619384766
2014-11-17,5.01680326461792
2014-11-18,5.051077842712402
2014-11-19,5.166374206542969
2014-11-20,5.110283851623535
2014-11-21,5.153909683227539
2014-11-24,5.178838729858398
2014-11-25,5.181951999664307
2014-11-26,5.2162299156188965
2014-11-28,5.113399028778076
2014-12-01,5.107168674468994
2014-12-02,5.135213375091553
2014-12-03,5.160140037536621
2014-12-04,5.166374206542969
2014-12-05,5.166374206542969
2014-12-08,5.107168674468994
2014-12-09,4.994991779327393
2014-12-10,4.935787200927734
2014-12-11,4.966947078704834
2014-12-12,4.892163276672363
2014-12-15,4.823609828948975
2014-12-16,4.776869773864746
2014-12-17,4.879698753356934
2014-12-18,4.994991779327393
2014-12-19,5.066661357879639
2014-12-22,5.026150703430176
2014-12-23,5.147677421569824
2014-12-24,5.278550148010254
2014-12-26,5.247390270233154
2014-12-29,5.24260139465332
2014-12-30,5.111695289611816
2014-12-31,4.999946594238281
2015-01-02,4.971213340759277
2015-01-05,4.840306282043457
2015-01-06,4.872233867645264
2015-01-07,4.904163360595703
2015-01-08,4.990368843078613
2015-01-09,5.003137111663818
2015-01-12,4.920126438140869
2015-01-13,4.837113857269287
2015-01-14,4.849885940551758
2015-01-15,4.824342250823975
2015-01-16,4.913741111755371
2015-01-20,4.913741111755371
2015-01-21,4.920126438140869
2015-01-22,5.0063323974609375
2015-01-23,4.955248832702637
2015-01-26,4.942475318908691
2015-01-27,4.95205545425415
2015-01-28,4.891391754150391
2015-01-29,4.920126438140869
2015-01-30,4.856270790100098
2015-02-02,4.872233867645264
2015-02-03,4.955248832702637
2015-02-04,4.904163360595703
2015-02-05,4.942475318908691
2015-02-06,4.872233867645264
2015-02-09,4.8307271003723145
2015-02-10,4.881812572479248
2015-02-11,4.862654209136963
2015-02-12,4.920126438140869
2015-02-13,4.958437919616699
2015-02-17,4.926511764526367
2015-02-18,4.955248832702637
2015-02-19,4.968019962310791
2015-02-20,4.993559837341309
2015-02-23,4.999946594238281
2015-02-24,5.02548885345459
2015-02-25,5.031874656677246
2015-02-26,5.012719631195068
2015-02-27,5.022297382354736
2015-03-02,5.063802242279053
2015-03-03,5.019104957580566
2015-03-04,4.996753215789795
2015-03-05,5.012719631195068
2015-03-06,4.961633682250977
2015-03-09,4.980790138244629
2015-03-10,4.875427722930908
2015-03-11,4.853076934814453
2015-03-12,4.8881988525390625
2015-03-13,4.840306282043457
2015-03-16,4.86584997177124
2015-03-17,4.849885940551758
2015-03-18,4.926511764526367
2015-03-19,4.8881988525390625
2015-03-20,4.897777080535889
2015-03-23,4.9233198165893555
2015-03-24,4.9233198165893555
2015-03-25,4.897777080535889
2015-03-26,4.897777080535889
2015-03-27,4.8945841789245605
2015-03-30,4.936089992523193
2015-03-31,4.929704666137695
2015-04-01,4.947738170623779
2015-04-02,4.951016902923584
2015-04-06,4.993640422821045
2015-04-07,4.983804702758789
2015-04-08,4.990365505218506
2015-04-09,4.996921062469482
2015-04-10,5.006758213043213
2015-04-13,4.967410564422607
2015-04-14,5.006758213043213
2015-04-15,5.049380779266357
2015-04-16,5.026430606842041
2015-04-17,4.9608540534973145
2015-04-20,4.983804702758789
2015-04-21,4.990365505218506
2015-04-22,4.987083911895752
2015-04-23,5.032988548278809
2015-04-24,5.046103000640869
2015-04-27,5.02971076965332
2015-04-28,5.0559401512146
2015-04-29,5.02315092086792
2015-04-30,4.983804702758789
2015-05-01,5.02971076965332
2015-05-04,5.026430606842041
2015-05-05,4.987083911895752
2015-05-06,4.947738170623779
2015-05-07,4.954296112060547
2015-05-08,5.006758213043213
2015-05-11,4.990365505218506
2015-05-12,5.006758213043213
2015-05-13,5.006758213043213
2015-05-14,5.082167625427246
2015-05-15,5.065776348114014
2015-05-18,5.082167625427246
2015-05-19,5.075610160827637
2015-05-20,5.069055080413818
2015-05-21,5.088728904724121
2015-05-22,5.088728904724121
2015-05-26,5.000199794769287
2015-05-27,5.026430606842041
2015-05-28,5.019873142242432
2015-05-29,4.983804702758789
2015-06-01,4.954296112060547
2015-06-02,4.973968982696533
2015-06-03,5.039543628692627
2015-06-04,4.983804702758789
2015-06-05,4.951016902923584
2015-06-08,4.9215087890625
2015-06-09,4.9149489402771
2015-06-10,4.954296112060547
2015-06-11,4.987083911895752
2015-06-12,4.937901020050049
2015-06-15,4.928065299987793
2015-06-16,4.931343078613281
2015-06-17,4.908393859863281
2015-06-18,4.9608540534973145
2015-06-19,4.9215087890625
2015-06-22,4.964132308959961
2015-06-23,4.990365505218506
2015-06-24,4.964132308959961
2015-06-25,4.911670684814453
2015-06-26,4.872326850891113
2015-06-29,4.77724027633667
2015-06-30,4.793635368347168
2015-07-01,4.798693656921387
2015-07-02,4.788576602935791
2015-07-06,4.741364479064941
2015-07-07,4.721131324768066
2015-07-08,4.640195369720459
2015-07-09,4.63345193862915
2015-07-10,4.7143874168396
2015-07-13,4.754852294921875
2015-07-14,4.788576602935791
2015-07-15,4.781830310821533
2015-07-16,4.812180519104004
2015-07-17,4.778459072113037
2015-07-20,4.775088310241699
2015-07-21,4.754852294921875
2015-07-22,4.7379937171936035
2015-07-23,4.7143874168396
2015-07-24,4.61659049987793
2015-07-27,4.535658359527588
2015-07-28,4.576125621795654
2015-07-29,4.643568515777588
2015-07-30,4.663801670074463
2015-07-31,4.6772918701171875
2015-08-03,4.653686046600342
2015-08-04,4.684036731719971
2015-08-05,4.71776008605957
2015-08-06,4.71776008605957
2015-08-07,4.687407970428467
2015-08-10,4.754852294921875
2015-08-11,4.694153308868408
2015-08-12,4.6368255615234375
2015-08-13,4.63345193862915
2015-08-14,4.6199631690979
2015-08-17,4.592986106872559
2015-08-18,4.579495906829834
2015-08-19,4.542402267456055
2015-08-20,4.451352596282959
2015-08-21,4.316462993621826
2015-08-24,4.0702900886535645
2015-08-25,4.130989074707031
2015-08-26,4.232155799865723
2015-08-27,4.309718132019043
2015-08-28,4.275994300842285
2015-08-31,4.222038269042969
2015-09-01,4.171455383300781
2015-09-02,4.201807022094727
2015-09-03,4.245645523071289
2015-09-04,4.198435306549072
2015-09-08,4.242273330688477
2015-09-09,4.218667984008789
2015-09-10,4.265878677368164
2015-09-11,4.245645523071289
2015-09-14,4.208550453186035
2015-09-15,4.218667984008789
2015-09-16,4.272623538970947
2015-09-17,4.269250869750977
2015-09-18,4.302974224090576
2015-09-21,4.265878677368164
2015-09-22,4.222038269042969
2015-09-23,4.275994300842285
2015-09-24,4.249019145965576
2015-09-25,4.211923599243164
2015-09-28,4.097265243530273
2015-09-29,4.0770344734191895
2015-09-30,4.134362697601318
2015-10-01,4.104817867279053
2015-10-02,4.136099815368652
2015-10-05,4.2473225593566895
2015-10-06,4.292506217956543
2015-10-07,4.334216117858887
2015-10-08,4.3620195388793945
2015-10-09,4.44543981552124
2015-10-12,4.46281623840332
2015-10-13,4.403729438781738
2015-10-14,4.375924110412598
2015-10-15,4.410682201385498
2015-10-16,4.435011863708496
2015-10-19,4.410682201385498
2015-10-20,4.417632579803467
2015-10-21,4.407204627990723
2015-10-22,4.508001327514648
2015-10-23,4.5253801345825195
2015-10-26,4.4975738525390625
2015-10-27,4.417632579803467
2015-10-28,4.431536674499512
2015-10-29,4.3967790603637695
2015-10-30,4.441962242126465
2015-11-02,4.504525661468506
2015-11-03,4.511476993560791
2015-11-04,4.508001327514648
2015-11-05,4.508001327514648
2015-11-06,4.48019552230835
2015-11-09,4.421107292175293
2015-11-10,4.375924110412598
2015-11-11,4.348118305206299
2015-11-12,4.289030075073242
2015-11-13,4.313359260559082
2015-11-16,4.379399299621582
2015-11-17,4.358545780181885
2015-11-18,4.4002532958984375
2015-11-19,4.403729438781738
2015-11-20,4.435011863708496
2015-11-23,4.417632579803467
2015-11-24,4.393301963806152
2015-11-25,4.379399299621582
2015-11-27,4.36549711227417
2015-11-30,4.36549711227417
2015-12-01,4.448915004730225
2015-12-02,4.403729438781738
2015-12-03,4.34116792678833
2015-12-04,4.379399299621582
2015-12-07,4.299457550048828
2015-12-08,4.254273414611816
2015-12-09,4.243846416473389
2015-12-10,4.257749557495117
2015-12-11,4.2056121826171875
2015-12-14,4.143051624298096
2015-12-15,4.14652681350708
2015-12-16,4.254273414611816
2015-12-17,4.264699935913086
2015-12-18,4.299457550048828
2015-12-21,4.302933216094971
2015-12-22,4.358545780181885
2015-12-23,4.4280595779418945
2015-12-24,4.4280595779418945
2015-12-28,4.441962242126465
2015-12-29,4.46164083480835
2015-12-30,4.411550045013428
2015-12-31,4.386504650115967
2016-01-04,4.336413860321045
2016-01-05,4.31494665145874
2016-01-06,4.214766979217529
2016-01-07,4.13605260848999
2016-01-08,4.111005783081055
2016-01-11,4.053761005401611
2016-01-12,4.100273132324219
2016-01-13,4.0394487380981445
2016-01-14,4.064495086669922
2016-01-15,3.935689926147461
2016-01-19,3.9106452465057373
2016-01-20,3.760373830795288
2016-01-21,3.8677093982696533
2016-01-22,3.964313507080078
2016-01-25,3.896333694458008
2016-01-26,3.9428460597991943
2016-01-27,3.9500012397766113
2016-01-28,4.0036702156066895
2016-01-29,4.13962984085083
2016-02-01,4.150363922119141
2016-02-02,4.068073749542236
2016-02-03,4.093116760253906
2016-02-04,4.103851795196533
2016-02-05,4.025136947631836
2016-02-08,3.985781192779541
2016-02-09,3.935689926147461
2016-02-10,3.914222002029419
2016-02-11,3.842663288116455
2016-02-12,3.921377658843994
2016-02-16,3.9285333156585693
2016-02-17,4.096696376800537
2016-02-18,4.060914993286133
2016-02-19,4.0752272605896
2016-02-22,4.1539411544799805
2016-02-23,4.11458683013916
2016-02-24,4.093116760253906
2016-02-25,4.1539411544799805
2016-02-26,4.178987503051758
2016-02-29,4.14678430557251
2016-03-01,4.236233234405518
2016-03-02,4.257699966430664
2016-03-03,4.282749176025391
2016-03-04,4.322103500366211
2016-03-07,4.304213523864746
2016-03-08,4.289902687072754
2016-03-09,4.339992046356201
2016-03-10,4.279168128967285
2016-03-11,4.407972812652588
2016-03-14,4.3471479415893555
2016-03-15,4.300636291503906
2016-03-16,4.325679779052734
2016-03-17,4.411550045013428
2016-03-18,4.375772476196289
2016-03-21,4.382927417755127
2016-03-22,4.372193813323975
2016-03-23,4.339992046356201
2016-03-24,4.293478965759277
2016-03-28,4.31494665145874
2016-03-29,4.400816917419434
2016-03-30,4.46164083480835
2016-03-31,4.46164083480835
2016-04-01,4.426626682281494
2016-04-04,4.345539093017578
2016-04-05,4.290253639221191
2016-04-06,4.323423385620117
2016-04-07,4.28656530380249
2016-04-08,4.323423385620117
2016-04-11,4.338167667388916
2016-04-12,4.367652893066406
2016-04-13,4.404510974884033
2016-04-14,4.426626682281494
2016-04-15,4.4155683517456055
2016-04-18,4.470856666564941
2016-04-19,4.540886402130127
2016-04-20,4.581429481506348
2016-04-21,4.559314727783203
2016-04-22,4.551941394805908
2016-04-25,4.489284992218018
2016-04-26,4.526144027709961
2016-04-27,4.581429481506348
2016-04-28,4.544569969177246
2016-04-29,4.511398792266846
2016-05-02,4.522456169128418
2016-05-03,4.456111907958984
2016-05-04,4.4339985847473145
2016-05-05,4.3971381187438965
2016-05-06,4.44505500793457
2016-05-09,4.408196449279785
2016-05-10,4.463483810424805
2016-05-11,4.448740482330322
2016-05-12,4.459797382354736
2016-05-13,4.4339985847473145
2016-05-16,4.441370487213135
2016-05-17,4.437681674957275
2016-05-18,4.430312156677246
2016-05-19,4.404510974884033
2016-05-20,4.4155683517456055
2016-05-23,4.400824546813965
2016-05-24,4.4339985847473145
2016-05-25,4.470856666564941
2016-05-26,4.474540710449219
2016-05-27,4.4966559410095215
2016-05-31,4.478227138519287
2016-06-01,4.518771648406982
2016-06-02,4.555627822875977
2016-06-03,4.540886402130127
2016-06-06,4.566687107086182
2016-06-07,4.585113525390625
2016-06-08,4.644087314605713
2016-06-09,4.618287563323975
2016-06-10,4.504026889801025
2016-06-13,4.492969512939453
2016-06-14,4.481911659240723
2016-06-15,4.485598564147949
2016-06-16,4.470856666564941
2016-06-17,4.507714748382568
2016-06-20,4.563000679016113
2016-06-21,4.581429481506348
2016-06-22,4.585113525390625
2016-06-23,4.633030891418457
2016-06-24,4.422939777374268
2016-06-27,4.327109336853027
2016-06-28,4.422939777374268
2016-06-29,4.489284992218018
2016-06-30,4.555627822875977
2016-07-01,4.56892204284668
2016-07-05,4.48916482925415
2016-07-06,4.530940532684326
2016-07-07,4.561326026916504
2016-07-08,4.603103160858154
2016-07-11,4.6220927238464355
2016-07-12,4.675264358520508
2016-07-13,4.652475833892822
2016-07-14,4.6980509757995605
2016-07-15,4.705648899078369
2016-07-18,4.709445953369141
2016-07-19,4.686656951904297
2016-07-20,4.690454483032227
2016-07-21,4.65627384185791
2016-07-22,4.648677349090576
2016-07-25,4.65627384185791
2016-07-26,4.701849937438965
2016-07-27,4.6980509757995605
2016-07-28,4.713242053985596
2016-07-29,4.709445953369141
2016-08-01,4.686656951904297
2016-08-02,4.6220927238464355
2016-08-03,4.641082763671875
2016-08-04,4.648677349090576
2016-08-05,4.6980509757995605
2016-08-08,4.705648899078369
2016-08-09,4.755019664764404
2016-08-10,4.796798229217529
2016-08-11,4.876554489135742
2016-08-12,4.880352020263672
2016-08-15,4.88415002822876
2016-08-16,4.8651604652404785
2016-08-17,4.88415002822876
2016-08-18,4.9297261238098145
2016-08-19,4.944916248321533
2016-08-22,4.9145331382751465
2016-08-23,4.899343013763428
2016-08-24,4.918330669403076
2016-08-25,4.876554489135742
2016-08-26,4.842370986938477
2016-08-29,4.918330669403076
2016-08-30,4.956312656402588
2016-08-31,4.9487152099609375
2016-09-01,4.960109233856201
2016-09-02,4.98289680480957
2016-09-06,5.039865970611572
2016-09-07,5.051258563995361
2016-09-08,5.051258563995361
2016-09-09,4.9145331382751465
2016-09-12,4.9335246086120605
2016-09-13,4.9145331382751465
2016-09-14,4.91073751449585
2016-09-15,4.868958950042725
2016-09-16,4.8575663566589355
2016-09-19,4.861363410949707
2016-09-20,4.8651604652404785
2016-09-21,4.9145331382751465
2016-09-22,4.975301265716553
2016-09-23,4.9411187171936035
2016-09-26,4.8917460441589355
2016-09-27,5.001885414123535
2016-09-28,5.123419761657715
2016-09-29,5.039865970611572
2016-09-30,5.11962366104126
2016-10-03,5.008368492126465
2016-10-04,4.891258716583252
2016-10-05,4.922489643096924
2016-10-06,4.918583393096924
2016-10-07,4.95371675491333
2016-10-10,4.981043815612793
2016-10-11,4.902971267700195
2016-10-12,4.914681434631348
2016-10-13,4.875645160675049
2016-10-14,4.871740341186523
2016-10-17,4.8522210121154785
2016-10-18,4.906872272491455
2016-10-19,4.9420061111450195
2016-10-20,4.926392555236816
2016-10-21,4.961523056030273
2016-10-24,5.004466533660889
2016-10-25,5.023982524871826
2016-10-26,5.0435004234313965
2016-10-27,4.9927544593811035
2016-10-28,4.899066925048828
2016-10-31,4.906872272491455
2016-11-01,4.899066925048828
2016-11-02,4.785862445831299
2016-11-03,4.7351155281066895
2016-11-04,4.750729084014893
2016-11-07,4.840512275695801
2016-11-08,4.86393404006958
2016-11-09,5.023982524871826
2016-11-10,5.23868465423584
2016-11-11,5.246491432189941
2016-11-14,5.215260982513428
2016-11-15,5.160610198974609
2016-11-16,5.105958461761475
2016-11-17,5.152804374694824
2016-11-18,5.133284568786621
2016-11-21,5.1762261390686035
2016-11-22,5.223069190979004
2016-11-23,5.211359024047852
2016-11-25,5.4455742835998535
2016-11-28,5.32846736907959
2016-11-29,5.324563980102539
2016-11-30,5.28552770614624
2016-12-01,5.26600980758667
2016-12-02,5.242587566375732
2016-12-05,5.281621932983398
2016-12-06,5.332372188568115
2016-12-07,5.37531042098999
2016-12-08,5.3596978187561035
2016-12-09,5.37531042098999
2016-12-12,5.3635993003845215
2016-12-13,5.3635993003845215
2016-12-14,5.32846736907959
2016-12-15,5.297238826751709
2016-12-16,5.308949947357178
2016-12-19,5.297238826751709
2016-12-20,5.187936305999756
2016-12-21,5.2191643714904785
2016-12-22,5.258202075958252
2016-12-23,5.226973533630371
2016-12-27,5.254298210144043
2016-12-28,5.262277126312256
2016-12-29,5.194454669952393
2016-12-30,5.178494453430176
2017-01-03,5.190464973449707
2017-01-04,5.230360984802246
2017-01-05,5.238338470458984
2017-01-06,5.2582879066467285
2017-01-09,5.310153484344482
2017-01-10,5.29419469833374
2017-01-11,5.3460588455200195
2017-01-12,5.302172660827637
2017-01-13,5.326111316680908
2017-01-17,5.369996547698975
2017-01-18,5.330099582672119
2017-01-19,5.318130016326904
2017-01-20,5.322120189666748
2017-01-23,5.350048065185547
2017-01-24,5.473726749420166
2017-01-25,5.537561893463135
2017-01-26,5.513621807098389
2017-01-27,5.5415496826171875
2017-01-30,5.505642414093018
2017-01-31,5.4976654052734375
2017-02-01,5.505642414093018
2017-02-02,5.505642414093018
2017-02-03,5.4976654052734375
2017-02-06,5.513621807098389
2017-02-07,5.48569393157959
2017-02-08,5.47771692276001
2017-02-09,5.4976654052734375
2017-02-10,5.505642414093018
2017-02-13,5.553516864776611
2017-02-14,5.553516864776611
2017-02-15,5.54553747177124
2017-02-16,5.505642414093018
2017-02-17,5.469736576080322
2017-02-21,5.4976654052734375
2017-02-22,5.52160120010376
2017-02-23,5.525589942932129
2017-02-24,5.505642414093018
2017-02-27,5.5575079917907715
2017-02-28,5.537561893463135
2017-03-01,5.581446170806885
2017-03-02,5.549529075622559
2017-03-03,5.549529075622559
2017-03-06,5.54553747177124
2017-03-07,5.537561893463135
2017-03-08,5.5415496826171875
2017-03-09,5.533572196960449
2017-03-10,5.54553747177124
2017-03-13,5.561497688293457
2017-03-14,5.561497688293457
2017-03-15,5.577455997467041
2017-03-16,5.641289234161377
2017-03-17,5.701134204864502
2017-03-20,5.725070953369141
2017-03-21,5.601393699645996
2017-03-22,5.617350101470947
2017-03-23,5.641289234161377
2017-03-24,5.633312225341797
2017-03-27,5.625331878662109
2017-03-28,5.733049392700195
2017-03-29,5.796885967254639
2017-03-30,5.828798294067383
2017-03-31,6.044238090515137
2017-04-03,6.03610372543335
2017-04-04,5.77985143661499
2017-04-05,5.844933032989502
2017-04-06,5.889673709869385
2017-04-07,5.934418201446533
2017-04-10,5.971024036407471
2017-04-11,5.99136209487915
2017-04-12,5.873406887054443
2017-04-13,5.80018949508667
2017-04-17,5.861201286315918
2017-04-18,5.873406887054443
2017-04-19,5.926281452178955
2017-04-20,5.901876926422119
2017-04-21,5.905945301055908
2017-04-24,5.975090980529785
2017-04-25,6.04423713684082
2017-04-26,6.084911346435547
2017-04-27,6.097116470336914
2017-04-28,6.109317779541016
2017-05-01,6.093049049377441
2017-05-02,6.121519565582275
2017-05-03,6.109317779541016
2017-05-04,6.0686421394348145
2017-05-05,6.064576148986816
2017-05-08,6.072708606719971
2017-05-09,6.052372455596924
2017-05-10,6.0686421394348145
2017-05-11,6.03610372543335
2017-05-12,6.04423713684082
2017-05-15,6.0605058670043945
2017-05-16,6.04423713684082
2017-05-17,5.946619510650635
2017-05-18,5.946619510650635
2017-05-19,6.052372455596924
2017-05-22,6.080844402313232
2017-05-23,6.162194728851318
2017-05-24,6.133722305297852
2017-05-25,6.109317779541016
2017-05-26,6.040170669555664
2017-05-30,6.03610372543335
2017-05-31,6.154060363769531
2017-06-01,6.1499924659729
2017-06-02,6.158126354217529
2017-06-05,6.178465366363525
2017-06-06,6.121519565582275
2017-06-07,6.178465366363525
2017-06-08,6.158126354217529
2017-06-09,6.243544578552246
2017-06-12,6.259815692901611
2017-06-13,6.263880252838135
2017-06-14,6.231340408325195
2017-06-15,6.174395561218262
2017-06-16,6.263880252838135
2017-06-19,6.304555416107178
2017-06-20,6.231340408325195
2017-06-21,6.26794958114624
2017-06-22,6.308623313903809
2017-06-23,6.430646896362305
2017-06-26,6.418442726135254
2017-06-27,6.507927894592285
2017-06-28,6.446918487548828
2017-06-29,6.32082462310791
2017-06-30,6.357431888580322
2017-07-03,6.407163619995117
2017-07-05,6.336709976196289
2017-07-06,6.2952680587768555
2017-07-07,6.345000267028809
2017-07-10,6.415453910827637
2017-07-11,6.4486083984375
2017-07-12,6.4776201248168945
2017-07-13,6.456896781921387
2017-07-14,6.4817633628845215
2017-07-17,6.432032585144043
2017-07-18,6.411309719085693
2017-07-19,6.415453910827637
2017-07-20,6.4195966720581055
2017-07-21,6.4776201248168945
2017-07-24,6.452751159667969
2017-07-25,6.4776201248168945
2017-07-26,6.452751159667969
2017-07-27,6.4817633628845215
2017-07-28,6.502483367919922
2017-07-31,6.4195966720581055
2017-08-01,6.403020858764648
2017-08-02,6.4403181076049805
2017-08-03,6.4983391761779785
2017-08-04,6.456896781921387
2017-08-07,6.51906156539917
2017-08-08,6.427886486053467
2017-08-09,6.324276447296143
2017-08-10,6.092194557189941
2017-08-11,6.1253461837768555
2017-08-14,6.170934677124023
2017-08-15,6.175079822540283
2017-08-16,6.2082366943359375
2017-08-17,6.15435791015625
2017-08-18,6.179227352142334
2017-08-21,6.183370590209961
2017-08-22,6.2289557456970215
2017-08-23,6.216525554656982
2017-08-24,6.216525554656982
2017-08-25,6.237247467041016
2017-08-28,6.220668315887451
2017-08-29,6.2082366943359375
2017-08-30,6.216525554656982
2017-08-31,6.266258716583252
2017-09-01,6.299410343170166
2017-09-05,6.241390228271484
2017-09-06,6.253823280334473
2017-09-07,6.245534420013428
2017-09-08,6.2289557456970215
2017-09-11,6.2786865234375
2017-09-12,6.345000267028809
2017-09-13,6.320133209228516
2017-09-14,6.349144458770752
2017-09-15,6.4195966720581055
2017-09-18,6.535637378692627
2017-09-19,6.655823707580566
2017-09-20,6.709702491760254
2017-09-21,6.713846683502197
2017-09-22,6.705556392669678
2017-09-25,6.659969329833984
2017-09-26,6.659969329833984
2017-09-27,6.6848368644714355
2017-09-28,6.705556392669678
2017-09-29,6.809165000915527
2017-10-02,6.925207614898682
2017-10-03,6.79868221282959
2017-10-04,6.777594089508057
2017-10-05,6.79868221282959
2017-10-06,6.743852615356445
2017-10-09,6.7227654457092285
2017-10-10,6.802900314331055
2017-10-11,6.819770812988281
2017-10-12,6.891468048095703
2017-10-13,6.8071160316467285
2017-10-16,6.828205108642578
2017-10-17,6.88303279876709
2017-10-18,6.88303279876709
2017-10-19,6.840857028961182
2017-10-20,6.887249946594238
2017-10-23,6.88303279876709
2017-10-24,6.88303279876709
2017-10-25,6.840857028961182
2017-10-26,6.823986053466797
2017-10-27,6.828205108642578
2017-10-30,6.849290370941162
2017-10-31,6.8535075187683105
2017-11-01,6.8619465827941895
2017-11-02,6.8071160316467285
2017-11-03,6.819770812988281
2017-11-06,6.786028861999512
2017-11-07,6.769157409667969
2017-11-08,6.836636543273926
2017-11-09,6.743852615356445
2017-11-10,6.777594089508057
2017-11-13,6.693244934082031
2017-11-14,6.532975673675537
2017-11-15,6.537193775177002
2017-11-16,6.558281898498535
2017-11-17,6.617326259613037
2017-11-20,6.655284881591797
2017-11-21,6.714332103729248
2017-11-22,6.764939308166504
2017-11-24,6.828205108642578
2017-11-27,6.689026355743408
2017-11-28,6.752289295196533
2017-11-29,6.7227654457092285
2017-11-30,6.752289295196533
2017-12-01,6.73541784286499
2017-12-04,6.823986053466797
2017-12-05,6.832422733306885
2017-12-06,6.777594089508057
2017-12-07,6.811336517333984
2017-12-08,6.752289295196533
2017-12-11,6.752289295196533
2017-12-12,6.726983547210693
2017-12-13,6.794463634490967
2017-12-14,6.760723114013672
2017-12-15,6.87037992477417
2017-12-18,6.954730033874512
2017-12-19,7.055953025817871
2017-12-20,7.064384937286377
2017-12-21,7.072824478149414
2017-12-22,7.085474491119385
2017-12-26,7.376486778259277
2017-12-27,7.271047115325928
2017-12-28,7.318236827850342
2017-12-29,7.228148460388184
2018-01-02,7.296784400939941
2018-01-03,7.2924957275390625
2018-01-04,7.3997368812561035
2018-01-05,7.39544677734375
2018-01-08,7.369710445404053
2018-01-09,7.365419387817383
2018-01-10,7.335392475128174
2018-01-11,7.339682579040527
2018-01-12,7.39544677734375
2018-01-16,7.266758918762207
2018-01-17,7.266758918762207
2018-01-18,7.219571113586426
2018-01-19,7.258175373077393
2018-01-22,7.266758918762207
2018-01-23,7.223862171173096
2018-01-24,7.232442855834961
2018-01-25,7.172384262084961
2018-01-26,7.309656143188477
2018-01-29,7.283914089202881
2018-01-30,7.236730098724365
2018-01-31,7.275335788726807
2018-02-01,7.258175373077393
2018-02-02,7.0737199783325195
2018-02-05,6.546087741851807
2018-02-06,6.751995086669922
2018-02-07,6.760571002960205
2018-02-08,6.558956146240234
2018-02-09,6.524637699127197
2018-02-12,6.657621383666992
2018-02-13,6.743412971496582
2018-02-14,6.833497047424316
2018-02-15,6.867814540863037
2018-02-16,6.932160377502441
2018-02-20,6.833497047424316
2018-02-21,6.782021522521973
2018-02-22,6.842076778411865
2018-02-23,6.932160377502441
2018-02-26,6.923578262329102
2018-02-27,6.846366882324219
2018-02-28,6.691937446594238
2018-03-01,6.631879806518555
2018-03-02,6.601852893829346
2018-03-05,6.584693431854248
2018-03-06,6.640461444854736
2018-03-07,6.661908149719238
2018-03-08,6.644748687744141
2018-03-09,6.726255893707275
2018-03-12,6.691937446594238
2018-03-13,6.610433101654053
2018-03-14,6.588983535766602
2018-03-15,6.584693431854248
2018-03-16,6.606142997741699
2018-03-19,6.5503740310668945
2018-03-20,6.571824550628662
2018-03-21,6.584693431854248
2018-03-22,6.460291862487793
2018-03-23,6.413104057312012
2018-03-26,6.481741428375244
2018-03-27,6.4645819664001465
2018-03-28,6.40881872177124
2018-03-29,6.516060829162598
2018-04-02,6.5597920417785645
2018-04-03,6.5597920417785645
2018-04-04,6.4766998291015625
2018-04-05,6.542297840118408
2018-04-06,6.4766998291015625
2018-04-09,6.454835414886475
2018-04-10,6.524806022644043
2018-04-11,6.516057968139648
2018-04-12,6.5597920417785645
2018-04-13,6.555415630340576
2018-04-16,6.60352087020874
2018-04-17,6.638508319854736
2018-04-18,6.642882347106934
2018-04-19,6.60352087020874
2018-04-20,6.6210150718688965
2018-04-23,6.651627540588379
2018-04-24,6.629762172698975
2018-04-25,6.59915018081665
2018-04-26,6.673492431640625
2018-04-27,6.743464946746826
2018-04-30,6.6953606605529785
2018-05-01,6.629762172698975
2018-05-02,6.629762172698975
2018-05-03,6.634134769439697
2018-05-04,6.686612129211426
2018-05-07,6.778450012207031
2018-05-08,6.634134769439697
2018-05-09,6.660372257232666
2018-05-10,6.70410680770874
2018-05-11,6.712851524353027
2018-05-14,6.717225551605225
2018-05-15,6.708482265472412
2018-05-16,6.743464946746826
2018-05-17,6.721598148345947
2018-05-18,6.70410680770874
2018-05-21,6.765330791473389
2018-05-22,6.712851524353027
2018-05-23,6.70410680770874
2018-05-24,6.7259721755981445
2018-05-25,6.647254467010498
2018-05-29,6.590403079986572
2018-05-30,6.7259721755981445
2018-05-31,6.586028575897217
2018-06-01,6.656002044677734
2018-06-04,6.6909871101379395
2018-06-05,6.743464946746826
2018-06-06,6.800317287445068
2018-06-07,6.852795600891113
2018-06-08,6.848422050476074
2018-06-11,6.887783050537109
2018-06-12,6.865915298461914
2018-06-13,6.835302352905273
2018-06-14,6.865915298461914
2018-06-15,6.896526336669922
2018-06-18,6.844047546386719
2018-06-19,6.765330791473389
2018-06-20,6.800317287445068
2018-06-21,6.782823085784912
2018-06-22,6.817811012268066
2018-06-25,6.782823085784912
2018-06-26,6.848422050476074
2018-06-27,6.795942783355713
2018-06-28,6.778450012207031
2018-06-29,6.800317287445068
2018-07-02,6.644346237182617
2018-07-03,6.639886856079102
2018-07-05,6.648801803588867
2018-07-06,6.622063636779785
2018-07-09,6.635436058044434
2018-07-10,6.586414813995361
2018-07-11,6.439355850219727
2018-07-12,6.457181930541992
2018-07-13,6.408161640167236
2018-07-16,6.501744270324707
2018-07-17,6.599783420562744
2018-07-18,6.648801803588867
2018-07-19,6.702278137207031
2018-07-20,6.7156476974487305
2018-07-23,6.7290143966674805
2018-07-24,6.827056407928467
2018-07-25,6.813685417175293
2018-07-26,6.782492637634277
2018-07-27,6.684454441070557
2018-07-30,6.573044776916504
2018-07-31,6.657713890075684
2018-08-01,6.6086955070495605
2018-08-02,6.528482437133789
2018-08-03,6.51511287689209
2018-08-06,6.564130783081055
2018-08-07,6.635436058044434
2018-08-08,6.644346237182617
2018-08-09,6.693366527557373
2018-08-10,6.635436058044434
2018-08-13,6.635436058044434
2018-08-14,6.666628837585449
2018-08-15,6.590871334075928
2018-08-16,6.590871334075928
2018-08-17,6.559675693511963
2018-08-20,6.5953288078308105
2018-08-21,6.630977153778076
2018-08-22,6.684454441070557
2018-08-23,6.662171840667725
2018-08-24,6.746840476989746
2018-08-27,6.809230804443359
2018-08-28,6.800317287445068
2018-08-29,6.840424537658691
2018-08-30,6.822596549987793
2018-08-31,6.818141460418701
2018-09-04,6.7512969970703125
2018-09-05,6.742385387420654
2018-09-06,6.809230804443359
2018-09-07,6.760209083557129
2018-09-10,6.773580074310303
2018-09-11,6.844877243041992
2018-09-12,6.8938984870910645
2018-09-13,6.938462734222412
2018-09-14,6.871618270874023
2018-09-17,6.8805317878723145
2018-09-18,6.9117231369018555
2018-09-19,6.969656467437744
2018-09-20,7.018674373626709
2018-09-21,7.000849723815918
2018-09-24,6.9473748207092285
2018-09-25,6.956286430358887
2018-09-26,6.9785685539245605
2018-09-27,7.000849723815918
2018-09-28,7.009760856628418
2018-10-01,6.996142387390137
2018-10-02,6.937124252319336
2018-10-03,6.8781023025512695
2018-10-04,6.778223037719727
2018-10-05,6.6238627433776855
2018-10-08,6.614783763885498
2018-10-09,6.601162910461426
2018-10-10,6.396862983703613
2018-10-11,6.110843658447266
2018-10-12,6.228884696960449
2018-10-15,6.27882194519043
2018-10-16,6.442264080047607
2018-10-17,6.360542297363281
2018-10-18,6.292442321777344
2018-10-19,6.1834821701049805
2018-10-22,6.142622947692871
2018-10-23,5.947401523590088
2018-10-24,5.788501739501953
2018-10-25,5.724943161010742
2018-10-26,5.74310302734375
2018-10-29,5.697702407836914
2018-10-30,5.720402240753174
2018-10-31,5.770341873168945
2018-11-01,5.865684509277344
2018-11-02,5.856601238250732
2018-11-05,5.888382911682129
2018-11-06,5.888382911682129
2018-11-07,5.956483364105225
2018-11-08,5.906543254852295
2018-11-09,5.8520636558532715
2018-11-12,5.793041706085205
2018-11-13,5.802122592926025
2018-11-14,5.793041706085205
2018-11-15,5.847522258758545
2018-11-16,5.856601238250732
2018-11-19,5.806661128997803
2018-11-20,5.729482650756836
2018-11-21,5.747642993927002
2018-11-23,5.738560676574707
2018-11-26,5.793041706085205
2018-11-27,5.783963680267334
2018-11-28,5.833901882171631
2018-11-29,5.911081790924072
2018-11-30,5.929244041442871
2018-12-03,6.015502452850342
2018-12-04,5.879303932189941
2018-12-06,5.824820518493652
2018-12-07,5.793041706085205
2018-12-10,5.625062465667725
2018-12-11,5.647761821746826
2018-12-12,5.684082984924316
2018-12-13,5.693161487579346
2018-12-14,5.5978217124938965
2018-12-17,5.511564254760742
2018-12-18,5.429840564727783
2018-12-19,5.36174201965332
2018-12-20,5.161982536315918
2018-12-21,5.134741306304932
2018-12-24,5.11658239364624
2018-12-26,5.425301551818848
2018-12-27,5.384440898895264
2018-12-28,5.38444185256958
2018-12-31,5.4584736824035645
2019-01-02,5.5226311683654785
2019-01-03,5.478213310241699
2019-01-04,5.606533527374268
2019-01-07,5.720043659210205
2019-01-08,5.838493347167969
2019-01-09,5.907588481903076
2019-01-10,5.912522792816162
2019-01-11,5.937199592590332
2019-01-14,5.937199592590332
2019-01-15,6.065516948699951
2019-01-16,6.080321788787842
2019-01-17,6.045774459838867
2019-01-18,6.026034832000732
2019-01-22,5.9520039558410645
2019-01-23,5.947070121765137
2019-01-24,5.9520039558410645
2019-01-25,5.981617450714111
2019-01-28,5.9520039558410645
2019-01-29,6.01123046875
2019-01-30,6.085258483886719
2019-01-31,6.095130920410156
2019-02-01,6.095130920410156
2019-02-04,6.1444830894470215
2019-02-05,6.1444830894470215
2019-02-06,6.105000019073486
2019-02-07,6.065516948699951
2019-02-08,5.99642276763916
2019-02-11,6.035904884338379
2019-02-12,6.124739170074463
2019-02-13,6.109935760498047
2019-02-14,6.124739170074463
2019-02-15,6.198773384094238
2019-02-19,6.198773384094238
2019-02-20,6.257995128631592
2019-02-21,6.228384017944336
2019-02-22,6.292542457580566
2019-02-25,6.2974772453308105
2019-02-26,6.253058433532715
2019-02-27,6.2678632736206055
2019-02-28,6.2678632736206055
2019-03-01,6.277738571166992
2019-03-04,6.23331880569458
2019-03-05,6.218512058258057
2019-03-06,6.18396520614624
2019-03-07,6.12967586517334
2019-03-08,6.080321788787842
2019-03-11,6.149418830871582
2019-03-12,6.169160842895508
2019-03-13,6.18396520614624
2019-03-14,6.169160842895508
2019-03-15,6.18396520614624
2019-03-18,6.223448753356934
2019-03-19,6.257995128631592
2019-03-20,6.223448753356934
2019-03-21,6.277738571166992
2019-03-22,6.218512058258057
2019-03-25,6.090196132659912
2019-03-26,6.134612083435059
2019-03-27,6.164224624633789
2019-03-28,6.159290313720703
2019-03-29,6.218512058258057
2019-04-01,6.269025802612305
2019-04-02,6.243770599365234
2019-04-03,6.269025802612305
2019-04-04,6.263980388641357
2019-04-05,6.258925914764404
2019-04-08,6.263980388641357
2019-04-09,6.228614807128906
2019-04-10,6.269025802612305
2019-04-11,6.258925914764404
2019-04-12,6.294286727905273
2019-04-15,6.309441566467285
2019-04-16,6.309441566467285
2019-04-17,6.284183025360107
2019-04-18,6.309441566467285
2019-04-22,6.253873825073242
2019-04-23,6.27913236618042
2019-04-24,6.253873825073242
2019-04-25,6.188201904296875
2019-04-26,6.208408832550049
2019-04-29,6.253873825073242
2019-04-30,6.258925914764404
2019-05-01,6.269025802612305
2019-05-02,6.223561763763428
2019-05-03,6.263980388641357
2019-05-06,6.208408832550049
2019-05-07,6.127583980560303
2019-05-08,6.072017192840576
2019-05-09,6.0568623542785645
2019-05-10,6.092221260070801
2019-05-13,5.9659318923950195
2019-05-14,6.006346702575684
2019-05-15,5.996242046356201
2019-05-16,6.036655426025391
2019-05-17,6.006346702575684
2019-05-20,5.9659318923950195
2019-05-21,5.981086254119873
2019-05-22,6.001292705535889
2019-05-23,5.940676212310791
2019-05-24,5.981086254119873
2019-05-28,5.945728302001953
2019-05-29,5.880053520202637
2019-05-30,5.875004291534424
2019-05-31,5.789127349853516
2019-06-03,5.809333801269531
2019-06-04,5.9154157638549805
2019-06-05,5.940676212310791
2019-06-06,5.991189956665039
2019-06-07,6.011397838592529
2019-06-10,6.0568623542785645
2019-06-11,6.066965103149414
2019-06-12,6.046759605407715
2019-06-13,6.0972747802734375
2019-06-14,6.082119464874268
2019-06-17,6.0619120597839355
2019-06-18,6.107377529144287
2019-06-19,6.127583980560303
2019-06-20,6.137687683105469
2019-06-21,6.127583980560303
2019-06-24,6.157893657684326
2019-06-25,6.152843475341797
2019-06-26,6.188201904296875
2019-06-27,6.213459491729736
2019-06-28,6.289235591888428
2019-07-01,6.232342720031738
2019-07-02,6.154760360717773
2019-07-03,6.253030300140381
2019-07-05,6.232342720031738
2019-07-08,6.170279502868652
2019-07-09,6.103041172027588
2019-07-10,6.123727321624756
2019-07-11,6.103041172027588
2019-07-12,6.108211040496826
2019-07-15,6.165106773376465
2019-07-16,6.113383769989014
2019-07-17,6.113383769989014
2019-07-18,6.139245986938477
2019-07-19,6.118557453155518
2019-07-22,6.108211040496826
2019-07-23,6.123727321624756
2019-07-24,6.1340718269348145
2019-07-25,6.0875244140625
2019-07-26,6.072009563446045
2019-07-29,6.0875244140625
2019-07-30,6.051319122314453
2019-07-31,6.02028751373291
2019-08-01,5.953051567077637
2019-08-02,5.8961567878723145
2019-08-05,5.761684894561768
2019-08-06,5.823747158050537
2019-08-07,5.803060531616211
2019-08-08,5.849609375
2019-08-09,5.823747158050537
2019-08-12,5.777200698852539
2019-08-13,5.777200698852539
2019-08-14,5.642725944519043
2019-08-15,5.627209186553955
2019-08-16,5.653069019317627
2019-08-19,5.720308303833008
2019-08-20,5.74616813659668
2019-08-21,5.803060531616211
2019-08-22,5.797889232635498
2019-08-23,5.720308303833008
2019-08-26,5.684103488922119
2019-08-27,5.684103488922119
2019-08-28,5.715136528015137
2019-08-29,5.74616813659668
2019-08-30,5.797889232635498
2019-09-03,5.730650901794434
2019-09-04,5.813404083251953
2019-09-05,5.808233261108398
2019-09-06,5.875470161437988
2019-09-09,5.875470161437988
2019-09-10,5.942706108093262
2019-09-11,5.999598979949951
2019-09-12,6.051319122314453
2019-09-13,6.0875244140625
2019-09-16,6.082351207733154
2019-09-17,6.072009563446045
2019-09-18,6.051319122314453
2019-09-19,6.06166410446167
2019-09-20,6.077179908752441
2019-09-23,6.046146869659424
2019-09-24,5.8961567878723145
2019-09-25,5.90132999420166
2019-09-26,5.922019004821777
2019-09-27,5.870298862457275
2019-09-30,5.922019004821777
2019-10-01,5.826495170593262
2019-10-02,5.715664386749268
2019-10-03,5.7262187004089355
2019-10-04,5.800106525421143
2019-10-07,5.815938472747803
2019-10-08,5.763162612915039
2019-10-09,5.794827461242676
2019-10-10,5.800106525421143
2019-10-11,5.863434791564941
2019-10-14,5.800106525421143
2019-10-15,5.873992443084717
2019-10-16,5.83704948425293
2019-10-17,5.9003801345825195
2019-10-18,5.8951029777526855
2019-10-21,5.9531569480896
2019-10-22,5.963713645935059
2019-10-23,5.963713645935059
2019-10-24,5.958434104919434
2019-10-25,5.958434104919434
2019-10-28,5.968989849090576
2019-10-29,5.947880268096924
2019-10-30,5.963713645935059
2019-10-31,5.9531569480896
2019-11-01,5.990099906921387
2019-11-04,6.016488075256348
2019-11-05,6.042875289916992
2019-11-06,6.074542045593262
2019-11-07,6.111485004425049
2019-11-08,6.09037446975708
2019-11-11,6.032320499420166
2019-11-12,6.032320499420166
2019-11-13,6.0059332847595215
2019-11-14,5.974266529083252
2019-11-15,6.000654220581055
2019-11-18,5.990099906921387
2019-11-19,5.990099906921387
2019-11-20,5.974266529083252
2019-11-21,5.926768779754639
2019-11-22,5.968989849090576
2019-11-25,5.963713645935059
2019-11-26,5.9531569480896
2019-11-27,5.942600250244141
2019-11-29,5.8951029777526855
2019-12-02,5.852880954742432
2019-12-03,5.842326641082764
2019-12-04,5.88454532623291
2019-12-05,5.9003801345825195
2019-12-06,5.932044506072998
2019-12-09,5.926768779754639
2019-12-10,5.926768779754639
2019-12-11,6.000654220581055
2019-12-12,6.048155307769775
2019-12-13,6.027041912078857
2019-12-16,6.048155307769775
2019-12-17,6.0850958824157715
2019-12-18,6.0850958824157715
2019-12-19,6.106205940246582
2019-12-20,6.1800923347473145
2019-12-23,6.206482410430908
2019-12-24,6.243424892425537
2019-12-26,6.227591037750244
2019-12-27,6.217036247253418
2019-12-30,6.1088547706604
2019-12-31,6.194970607757568
2020-01-02,6.227262496948242
2020-01-03,6.162675857543945
2020-01-06,6.146528720855713
2020-01-07,6.1788225173950195
2020-01-08,6.2218804359436035
2020-01-09,6.2218804359436035
2020-01-10,6.194970607757568
2020-01-13,6.216500759124756
2020-01-14,6.281088829040527
2020-01-15,6.318761348724365
2020-01-16,6.34028959274292
2020-01-17,6.34028959274292
2020-01-21,6.281088829040527
2020-01-22,6.313378810882568
2020-01-23,6.275702953338623
2020-01-24,6.227262496948242
2020-01-27,6.1303815841674805
2020-01-28,6.189587593078613
2020-01-29,6.168060779571533
2020-01-30,6.157295227050781
2020-01-31,6.114236354827881
2020-02-03,6.103470802307129
2020-02-04,6.146528720855713
2020-02-05,6.2057342529296875
2020-02-06,6.200352191925049
2020-02-07,6.168060779571533
2020-02-10,6.162675857543945
2020-02-11,6.1842041015625
2020-02-12,6.2326459884643555
2020-02-13,6.248793125152588
2020-02-14,6.254173278808594
2020-02-18,6.2326459884643555
2020-02-19,6.264937877655029
2020-02-20,6.2057342529296875
2020-02-21,6.1842041015625
2020-02-24,6.011974334716797
2020-02-25,5.8397417068481445
2020-02-26,5.845124244689941
2020-02-27,5.645980358123779
2020-02-28,5.419926166534424
2020-03-02,5.5544819831848145
2020-03-03,5.619071006774902
2020-03-04,5.775153636932373
2020-03-05,5.662129878997803
2020-03-06,5.5760111808776855
2020-03-09,5.113137722015381
2020-03-10,5.134666919708252
2020-03-11,4.876317501068115
2020-03-12,4.112039089202881
2020-03-13,4.370387077331543
2020-03-16,3.961336374282837
2020-03-17,4.122803688049316
2020-03-18,3.627636671066284
2020-03-19,3.697605609893799
2020-03-20,3.7137527465820312
2020-03-23,3.5199921131134033
2020-03-24,4.063598155975342
2020-03-25,4.3488593101501465
2020-03-26,4.483413219451904
2020-03-27,4.461885929107666
2020-03-30,4.456502914428711
2020-03-31,4.375770568847656
2020-04-01,4.137070655822754
2020-04-02,4.181377410888672
2020-04-03,4.09830379486084
2020-04-06,4.452752113342285
2020-04-07,4.4638285636901855
2020-04-08,4.635512828826904
2020-04-09,4.796122074127197
2020-04-13,4.646589756011963
2020-04-14,4.796122074127197
2020-04-15,4.751816749572754
2020-04-16,4.674281120300293
2020-04-17,4.807199478149414
2020-04-20,4.629973888397217
2020-04-21,4.563515663146973
2020-04-22,4.591207981109619
2020-04-23,4.524747848510742
2020-04-24,4.574593544006348
2020-04-27,4.668741703033447
2020-04-28,4.724125862121582
2020-04-29,4.851504802703857
2020-04-30,4.724125862121582
2020-05-01,4.629973888397217
2020-05-04,4.652127742767334
2020-05-05,4.696433067321777
2020-05-06,4.618897914886475
2020-05-07,4.64105224609375
2020-05-08,4.746278285980225
2020-05-11,4.729663848876953
2020-05-12,4.707509994506836
2020-05-13,4.557977199554443
2020-05-14,4.580130577087402
2020-05-15,4.563515663146973
2020-05-18,4.724125862121582
2020-05-19,4.674281120300293
2020-05-20,4.790584087371826
2020-05-21,4.735203266143799
2020-05-22,4.7739691734313965
2020-05-26,4.9290385246276855
2020-05-27,5.023191928863525
2020-05-28,5.017651557922363
2020-05-29,4.978885173797607
2020-06-01,5.073034763336182
2020-06-02,5.095187187194824
2020-06-03,5.205953121185303
2020-06-04,5.1948771476745605
2020-06-05,5.32779598236084
2020-06-08,5.3111796379089355
2020-06-09,5.211491107940674
2020-06-10,5.22810697555542
2020-06-11,4.906888008117676
2020-06-12,4.984421730041504
2020-06-15,5.034265995025635
2020-06-16,5.167185306549072
2020-06-17,5.1782612800598145
2020-06-18,5.106264591217041
2020-06-19,5.056421279907227
2020-06-22,5.1173415184021
2020-06-23,5.150570392608643
2020-06-24,4.995499610900879
2020-06-25,5.050882339477539
2020-06-26,4.956730842590332
2020-06-29,4.890273094177246
2020-06-30,4.995499610900879
2020-07-01,5.05743932723999
2020-07-02,5.040390968322754
2020-07-06,5.051754951477051
2020-07-07,5.000613689422607
2020-07-08,5.029028415679932
2020-07-09,4.960835933685303
2020-07-10,4.960835933685303
2020-07-13,4.9835662841796875
2020-07-14,5.063122272491455
2020-07-15,5.114264965057373
2020-07-16,5.136993408203125
2020-07-17,5.119946479797363
2020-07-20,5.114264965057373
2020-07-21,5.131309986114502
2020-07-22,5.136993408203125
2020-07-23,5.182453632354736
2020-07-24,5.193819046020508
2020-07-27,5.2392802238464355
2020-07-28,5.2335968017578125
2020-07-29,5.290424346923828
2020-07-30,5.1483588218688965
2020-07-31,5.15972375869751
2020-08-03,5.171090126037598
2020-08-04,5.210867404937744
2020-08-05,5.2620086669921875
2020-08-06,5.1995015144348145
2020-08-07,5.1995015144348145
2020-08-10,5.273375034332275
2020-08-11,5.2392802238464355
2020-08-12,5.2961039543151855
2020-08-13,5.290424346923828
2020-08-14,5.313153266906738
2020-08-17,5.38134241104126
2020-08-18,5.364293575286865
2020-08-19,5.352930545806885
2020-08-20,5.3302001953125
2020-08-21,5.290424346923828
2020-08-24,5.31883430480957
2020-08-25,5.307469367980957
2020-08-26,5.307469367980957
2020-08-27,5.358612060546875
2020-08-28,5.387025833129883
2020-08-31,5.3983917236328125
2020-09-01,5.409755706787109
2020-09-02,5.500675201416016
2020-09-03,5.3472490310668945
2020-09-04,5.267693042755127
2020-09-08,5.1995015144348145
2020-09-09,5.335882663726807
2020-09-10,5.2961039543151855
2020-09-11,5.3756608963012695
2020-09-14,5.432486534118652
2020-09-15,5.460898399353027
2020-09-16,5.472262859344482
2020-09-17,5.466580867767334
2020-09-18,5.449531555175781
2020-09-21,5.3756608963012695
2020-09-22,5.392705917358398
2020-09-23,5.307469367980957
2020-09-24,5.31883430480957
2020-09-25,5.352930545806885
2020-09-28,5.409755706787109
2020-09-29,5.3983917236328125
2020-09-30,5.4040727615356445
2020-10-01,5.426779747009277
2020-10-02,5.450072288513184
2020-10-05,5.525765419006348
2020-10-06,5.5432353019714355
2020-10-07,5.607287406921387
2020-10-08,5.607287406921387
2020-10-09,5.688803195953369
2020-10-12,5.741207599639893
2020-10-13,5.682982921600342
2020-10-14,5.7179179191589355
2020-10-15,5.665511608123779
2020-10-16,5.618931293487549
2020-10-19,5.583992958068848
2020-10-20,5.630576133728027
2020-10-21,5.6014628410339355
2020-10-22,5.630576133728027
2020-10-23,5.49083137512207
2020-10-26,5.368553161621094
2020-10-27,5.351085662841797
2020-10-28,5.12399959564209
2020-10-29,5.222986221313477
2020-10-30,5.176402568817139
2020-11-02,5.228808403015137
2020-11-03,5.380198955535889
2020-11-04,5.49083137512207
2020-11-05,5.578171730041504
2020-11-06,5.613107681274414
2020-11-09,5.840194225311279
2020-11-10,5.682982921600342
2020-11-11,5.694626331329346
2020-11-12,5.700448513031006
2020-11-13,5.9217119216918945
2020-11-16,5.863483905792236
2020-11-17,5.857663154602051
2020-11-18,5.880954265594482
2020-11-19,5.950826168060303
2020-11-20,5.979939937591553
2020-11-23,6.049810409545898
2020-11-24,6.043990612030029
2020-11-25,5.968294143676758
2020-11-27,6.009054183959961
2020-11-30,5.979939937591553
2020-12-01,6.113861083984375
2020-12-02,6.078927040100098
2020-12-03,6.1022186279296875
2020-12-04,6.049810409545898
2020-12-07,6.038167476654053
2020-12-08,6.049810409545898
2020-12-09,6.043990612030029
2020-12-10,6.038167476654053
2020-12-11,6.06145715713501
2020-12-14,6.0672807693481445
2020-12-15,6.259430885314941
2020-12-16,6.294368267059326
2020-12-17,6.30018949508667
2020-12-18,6.24196195602417
2020-12-21,6.271078109741211
2020-12-22,6.230316162109375
2020-12-23,6.207027435302734
2020-12-24,6.24196195602417
2020-12-28,6.276900291442871
2020-12-29,6.201203346252441
2020-12-30,6.182756423950195
2020-12-31,6.1291985511779785
2021-01-04,6.14705228805542
2021-01-05,6.21845817565918
2021-01-06,6.492190837860107
2021-01-07,6.617156505584717
2021-01-08,6.515993118286133
2021-01-11,6.450536727905273
2021-01-12,6.492190837860107
2021-01-13,6.510042667388916
2021-01-14,6.539796829223633
2021-01-15,6.468388080596924
2021-01-19,6.480291366577148
2021-01-20,6.486240863800049
2021-01-21,6.444584369659424
2021-01-22,6.450536727905273
2021-01-25,6.40293025970459
2021-01-26,6.450536727905273
2021-01-27,6.349374294281006
2021-01-28,6.379129886627197
2021-01-29,6.2779669761657715
2021-02-01,6.361277103424072
2021-02-02,6.43863582611084
2021-02-03,6.408883571624756
2021-02-04,6.367228031158447
2021-02-05,6.30772066116333
2021-02-08,6.331522464752197
2021-02-09,6.510042667388916
2021-02-10,6.587402820587158
2021-02-11,6.569550514221191
2021-02-12,6.581451892852783
2021-02-16,6.611206531524658
2021-02-17,6.635009288787842
2021-02-18,6.551701068878174
2021-02-19,6.5576491355896
2021-02-22,6.6647629737854
2021-02-23,6.646909713745117
2021-02-24,6.75997257232666
2021-02-25,6.712366580963135
2021-02-26,6.9979987144470215
2021-03-01,7.081308364868164
2021-03-02,7.194372653961182
2021-03-03,7.087258815765381
2021-03-04,7.0634541511535645
2021-03-05,7.140815258026123
2021-03-08,7.122964859008789
2021-03-09,7.194372653961182
2021-03-10,7.212226390838623
2021-03-11,7.111063003540039
2021-03-12,7.194372653961182
2021-03-15,7.295533180236816
2021-03-16,7.289580821990967
2021-03-17,7.259828090667725
2021-03-18,7.140815258026123
2021-03-19,7.182470798492432
2021-03-22,7.176519870758057
2021-03-23,7.140815258026123
2021-03-24,7.170569896697998
2021-03-25,7.164620876312256
2021-03-26,7.325286865234375
2021-03-29,7.360991477966309
2021-03-30,7.366942405700684
2021-03-31,7.366942405700684
2021-04-01,7.396650791168213
2021-04-05,7.445150852203369
2021-04-06,7.408776760101318
2021-04-07,7.487593650817871
2021-04-08,7.536096096038818
2021-04-09,7.505781650543213
2021-04-12,7.4997172355651855
2021-04-13,7.511844158172607
2021-04-14,7.542156219482422
2021-04-15,7.542156219482422
2021-04-16,7.548221111297607
2021-04-19,7.530031681060791
2021-04-20,7.481529712677002
2021-04-21,7.445150852203369
2021-04-22,7.390585899353027
2021-04-23,7.360272407531738
2021-04-26,7.390585899353027
2021-04-27,7.348146438598633
2021-04-28,7.360272407531738
2021-04-29,7.457279205322266
2021-04-30,7.4997172355651855
2021-05-03,7.584598064422607
2021-05-04,7.566409587860107
2021-05-05,7.5906596183776855
2021-05-06,7.566409587860107
2021-05-07,7.602785587310791
2021-05-10,7.614910125732422
2021-05-11,7.536096096038818
2021-05-12,7.348146438598633
2021-05-13,7.3723978996276855
2021-05-14,7.433027267456055
2021-05-17,7.475465297698975
2021-05-18,7.572470664978027
2021-05-19,7.614910125732422
2021-05-20,7.7907328605651855
2021-05-21,7.73010778427124
2021-05-24,7.8998637199401855
2021-05-25,8.166629791259766
2021-05-26,8.002931594848633
2021-05-27,7.942306041717529
2021-05-28,7.796796798706055
2021-06-01,8.015058517456055
2021-06-02,8.38489055633545
2021-06-03,8.342451095581055
2021-06-04,7.481529712677002
2021-06-07,7.657353401184082
2021-06-08,7.73010778427124
2021-06-09,7.608847618103027
2021-06-10,7.687664031982422
2021-06-11,7.73010778427124
2021-06-14,7.857425212860107
2021-06-15,7.948366641998291
2021-06-16,7.9241156578063965
2021-06-17,7.711919784545898
2021-06-18,7.505781650543213
2021-06-21,7.766481876373291
2021-06-22,7.687664031982422
2021-06-23,7.572470664978027
2021-06-24,7.754358768463135
2021-06-25,7.736169338226318
2021-06-28,7.845297336578369
2021-06-29,7.881677150726318
2021-06-30,7.766481876373291
2021-07-01,7.9140214920043945
2021-07-02,8.012792587280273
2021-07-06,7.920194625854492
2021-07-07,7.846117973327637
2021-07-08,7.951063632965088
2021-07-09,7.8646345138549805
2021-07-12,7.852291584014893
2021-07-13,8.000445365905762
2021-07-14,8.167120933532715
2021-07-15,8.099218368530273
2021-07-16,8.117734909057617
2021-07-19,7.981927394866943
2021-07-20,7.969579696655273
2021-07-21,7.876984119415283
2021-07-22,7.7782111167907715
2021-07-23,8.056005477905273
2021-07-26,8.093043327331543
2021-07-27,8.148603439331055
2021-07-28,8.185644149780273
2021-07-29,8.216507911682129
2021-07-30,8.210334777832031
2021-08-02,8.160948753356934
2021-08-03,8.148603439331055
2021-08-04,7.975749492645264
2021-08-05,7.988101005554199
2021-08-06,7.981927394866943
2021-08-09,7.951063632965088
2021-08-10,8.080696105957031
2021-08-11,8.173293113708496
2021-08-12,8.204160690307617
2021-08-13,8.216507911682129
2021-08-16,8.247371673583984
2021-08-17,8.247371673583984
2021-08-18,8.136258125305176
2021-08-19,8.086873054504395
2021-08-20,7.981927394866943
2021-08-23,8.018965721130371
2021-08-24,8.006620407104492
2021-08-25,8.000445365905762
2021-08-26,7.852291584014893
2021-08-27,8.068349838256836
2021-08-30,7.981927394866943
2021-08-31,7.981927394866943
2021-09-01,7.981927394866943
2021-09-02,7.932541370391846
2021-09-03,8.111560821533203
2021-09-07,8.086873054504395
2021-09-08,8.086873054504395
2021-09-09,8.123907089233398
2021-09-10,8.241202354431152
2021-09-13,8.216507911682129
2021-09-14,8.185644149780273
2021-09-15,8.197986602783203
2021-09-16,8.148603439331055
2021-09-17,8.093043327331543
2021-09-20,7.784384727478027
2021-09-21,7.710307598114014
2021-09-22,7.710307598114014
2021-09-23,7.710307598114014
2021-09-24,7.716480255126953
2021-09-27,7.79672908782959
2021-09-28,7.846117973327637
2021-09-29,7.8708086013793945
2021-09-30,7.753517150878906
2021-10-01,7.815766334533691
2021-10-04,7.746602535247803
2021-10-05,7.721451282501221
2021-10-06,7.6019816398620605
2021-10-07,7.633420944213867
2021-10-08,7.671148777008057
2021-10-11,7.664860725402832
2021-10-12,7.5831193923950195
2021-10-13,7.608271598815918
2021-10-14,7.620843887329102
2021-10-15,7.65857458114624
2021-10-18,7.576831817626953
2021-10-19,7.6774373054504395
2021-10-20,7.77175235748291
2021-10-21,7.746602535247803
2021-10-22,7.778042793273926
2021-10-25,7.652286529541016
2021-10-26,7.652286529541016
2021-10-27,7.633420944213867
2021-10-28,7.645994186401367
2021-10-29,7.627134323120117
2021-11-01,7.633420944213867
2021-11-02,7.645994186401367
2021-11-03,7.65857458114624
2021-11-04,7.608271598815918
2021-11-05,7.639708518981934
2021-11-08,7.715165138244629
2021-11-09,7.727739334106445
2021-11-10,7.696299076080322
2021-11-11,7.740315914154053
2021-11-12,7.746602535247803
2021-11-15,7.75288724899292
2021-11-16,7.790616989135742
2021-11-17,7.803191661834717
2021-11-18,7.828344345092773
2021-11-19,7.76546573638916
2021-11-22,7.784330368041992
2021-11-23,7.75288724899292
2021-11-24,7.847208023071289
2021-11-26,7.570542812347412
2021-11-29,7.7340288162231445
2021-11-30,7.620843887329102
2021-12-01,7.501376152038574
2021-12-02,7.325317859649658
2021-12-03,7.287590980529785
2021-12-06,7.39448356628418
2021-12-07,7.526528358459473
2021-12-08,7.5453925132751465
2021-12-09,7.513952732086182
2021-12-10,7.438498020172119
2021-12-13,7.369332790374756
2021-12-14,7.275015830993652
2021-12-15,7.369332790374756
2021-12-16,7.369332790374756
2021-12-17,7.337893962860107
2021-12-20,7.243574619293213
2021-12-21,7.381906986236572
2021-12-22,7.476224899291992
2021-12-23,7.6774373054504395
2021-12-27,7.7340288162231445
2021-12-28,7.708874225616455
2021-12-29,7.77175235748291
2021-12-30,7.739078521728516
2021-12-31,7.739078521728516
2022-01-03,7.777519226074219
2022-01-04,7.751895427703857
2022-01-05,7.642980575561523
2022-01-06,7.617356300354004
2022-01-07,7.636575222015381
2022-01-10,7.623762130737305
2022-01-11,7.662201404571533
2022-01-12,7.713451862335205
2022-01-13,7.70064115524292
2022-01-14,7.726268291473389
2022-01-18,7.649388790130615
2022-01-19,7.649388790130615
2022-01-20,7.578916072845459
2022-01-21,7.264998912811279
2022-01-24,7.1753058433532715
2022-01-25,7.130460739135742
2022-01-26,7.130460739135742
2022-01-27,7.066395282745361
2022-01-28,7.098428726196289
2022-01-31,7.168900489807129
2022-02-01,7.1624932289123535
2022-02-02,7.1753058433532715
2022-02-03,7.098428726196289
2022-02-04,7.079207897186279
2022-02-07,7.0599894523620605
2022-02-08,7.1432719230651855
2022-02-09,7.207340717315674
2022-02-10,7.1432719230651855
2022-02-11,7.053584575653076
2022-02-14,7.015142440795898
2022-02-15,7.08561372756958
2022-02-16,7.1432719230651855
2022-02-17,7.0599894523620605
2022-02-18,7.034361362457275
2022-02-22,6.944672107696533
2022-02-23,6.899827003479004
2022-02-24,6.944672107696533
2022-02-25,7.092020034790039
2022-02-28,7.079207897186279
2022-03-01,6.925451755523682
2022-03-02,7.008734226226807
2022-03-03,7.027954578399658
2022-03-04,6.951079845428467
2022-03-07,6.765290260314941
2022-03-08,6.797321319580078
2022-03-09,6.88701057434082
2022-03-10,6.89341926574707
2022-03-11,6.880605220794678
2022-03-14,6.8037285804748535
2022-03-15,6.880605220794678
2022-03-16,7.0599894523620605
2022-03-17,7.271404266357422
2022-03-18,7.335470676422119
2022-03-21,7.354689598083496
2022-03-22,7.425160884857178
2022-03-23,7.341874122619629
2022-03-24,7.3739094734191895
2022-03-25,7.495631217956543
2022-03-28,7.4892258644104
2022-03-29,7.5340704917907715
2022-03-30,7.476411819458008
2022-03-31,7.4507856369018555
2022-04-01,7.450130939483643
2022-04-04,7.391315937042236
2022-04-05,7.319429397583008
2022-04-06,7.227938652038574
2022-04-07,7.267146587371826
2022-04-08,7.312892913818359
2022-04-11,7.234471321105957
2022-04-12,7.201794624328613
2022-04-13,7.254075527191162
2022-04-14,7.241006374359131
2022-04-18,7.312892913818359
2022-04-19,7.384781837463379
2022-04-20,7.378244876861572
2022-04-21,7.286752700805664
2022-04-22,7.129908084869385
2022-04-25,6.953458309173584
2022-04-26,6.809683799743652
2022-04-27,6.835824489593506
2022-04-28,6.875036716461182
2022-04-29,6.7116546630859375
2022-05-02,6.665908336639404
2022-05-03,6.724724292755127
2022-05-04,6.835824489593506
2022-05-05,6.665908336639404
2022-05-06,6.698585033416748
2022-05-09,6.482922077178955
2022-05-10,6.4371771812438965
2022-05-11,6.456783771514893
2022-05-12,6.345682621002197
2022-05-13,6.522134304046631
2022-05-16,6.5874857902526855
2022-05-17,6.803145885467529
2022-05-18,6.580951690673828
2022-05-19,6.626697540283203
2022-05-20,6.567880630493164
2022-05-23,6.646303176879883
2022-05-24,6.685514450073242
2022-05-25,6.698585033416748
2022-05-26,6.750865459442139
2022-05-27,7.038414478302002
2022-05-31,6.986133098602295
2022-06-01,6.959993839263916
2022-06-02,7.090695858001709
2022-06-03,7.012271881103516
2022-06-06,7.090695858001709
2022-06-07,7.149511814117432
2022-06-08,7.116837501525879
2022-06-09,7.005739688873291
2022-06-10,6.901176929473877
2022-06-13,6.6332316398620605
2022-06-14,6.52866792678833
2022-06-15,6.613628387451172
2022-06-16,6.397963523864746
2022-06-17,6.339146614074707
2022-06-21,6.4371771812438965
2022-06-22,6.339146614074707
2022-06-23,6.247655868530273
2022-06-24,6.404499530792236
2022-06-27,6.430640697479248
2022-06-28,6.430640697479248
2022-06-29,6.411033630371094
2022-06-30,6.384893894195557
2022-07-01,6.4578375816345215
2022-07-05,6.330688953399658
2022-07-06,6.350763320922852
2022-07-07,6.4578375816345215
2022-07-08,6.4578375816345215
2022-07-11,6.4578375816345215
2022-07-12,6.451147079467773
2022-07-13,6.477914333343506
2022-07-14,6.397609710693359
2022-07-15,6.471222877502441
2022-07-18,6.5113749504089355
2022-07-19,6.584987163543701
2022-07-20,6.578295707702637
2022-07-21,6.571601867675781
2022-07-22,6.578295707702637
2022-07-25,6.605063438415527
2022-07-26,6.605063438415527
2022-07-27,6.651907444000244
2022-07-28,6.698750972747803
2022-07-29,6.7656731605529785
2022-08-01,6.812518119812012
2022-08-02,6.859363079071045
2022-08-03,6.906205177307129
2022-08-04,6.912898540496826
2022-08-05,6.919590473175049
2022-08-08,6.866055488586426
2022-08-09,6.852668762207031
2022-08-10,6.892821788787842
2022-08-11,6.879437446594238
2022-08-12,6.9262824058532715
2022-08-15,6.892821788787842
2022-08-16,6.899513244628906
2022-08-17,6.8058247566223145
2022-08-18,6.845977306365967
2022-08-19,6.779057502746582
2022-08-22,6.718827724456787
2022-08-23,6.772367000579834
2022-08-24,6.79913330078125
2022-08-25,6.845977306365967
2022-08-26,6.725521564483643
2022-08-29,6.73221492767334
2022-08-30,6.625140190124512
2022-08-31,6.645216464996338
2022-09-01,6.571601867675781
2022-09-02,6.571601867675781
2022-09-06,6.558218002319336
2022-09-07,6.5515265464782715
2022-09-08,6.584987163543701
2022-09-09,6.685367584228516
2022-09-12,6.785748481750488
2022-09-13,6.558218002319336
2022-09-14,6.558218002319336
2022-09-15,6.4645304679870605
2022-09-16,6.397609710693359
2022-09-19,6.424378871917725
2022-09-20,6.303921222686768
2022-09-21,6.243692874908447
2022-09-22,6.163387775421143
2022-09-23,6.063005447387695
2022-09-26,5.935858726501465
2022-09-27,5.848860263824463
2022-09-28,5.996086120605469
2022-09-29,5.8756303787231445
2022-09-30,5.915781021118164
2022-10-03,6.07997465133667
2022-10-04,6.210506916046143
2022-10-05,6.011274337768555
2022-10-06,5.970054626464844
2022-10-07,5.880742073059082
2022-10-10,5.8944830894470215
2022-10-11,5.825783729553223
2022-10-12,5.839524745941162
2022-10-13,5.887612819671631
2022-10-14,5.825783729553223
2022-10-17,5.942574977874756
2022-10-18,5.997533798217773
2022-10-19,5.970054626464844
2022-10-20,5.887612819671631
2022-10-21,6.011274337768555
2022-10-24,6.038754940032959
2022-10-25,6.1349358558654785
2022-10-26,6.2036356925964355
2022-10-27,6.251725196838379
2022-10-28,6.272335529327393
2022-10-31,6.2036356925964355
2022-11-01,6.3135552406311035
2022-11-02,6.183024883270264
2022-11-03,6.155545711517334
2022-11-04,6.196765899658203
2022-11-07,6.2448530197143555
2022-11-08,6.286076068878174
2022-11-09,6.2036356925964355
2022-11-10,6.416606903076172
2022-11-11,6.437215805053711
2022-11-14,6.416606903076172
2022-11-15,6.471565246582031
2022-11-16,6.471565246582031
2022-11-17,6.416606903076172
2022-11-18,6.450958251953125
2022-11-21,6.457826614379883
2022-11-22,6.526527404785156
2022-11-23,6.574618816375732
2022-11-25,6.608965873718262
2022-11-28,6.5471367835998535
2022-11-29,6.540266990661621
2022-11-30,6.712017059326172
2022-12-01,6.780717372894287
2022-12-02,6.801328659057617
2022-12-05,6.698276996612549
2022-12-06,6.718888759613037
2022-12-07,6.773848533630371
2022-12-08,6.780717372894287
2022-12-09,6.698276996612549
2022-12-12,6.74636697769165
2022-12-13,6.787586688995361
2022-12-14,6.773848533630371
2022-12-15,6.65018892288208
2022-12-16,6.5471367835998535
2022-12-19,6.505916595458984
2022-12-20,6.540266990661621
2022-12-21,6.519655227661133
2022-12-22,6.395999431610107
2022-12-23,6.444086074829102
2022-12-27,6.444086074829102
2022-12-28,6.389125823974609
2022-12-29,6.444769382476807
2022-12-30,6.458856105804443
2023-01-03,6.5152058601379395
2023-01-04,6.627898216247559
2023-01-05,6.60676908493042
2023-01-06,6.740596771240234
2023-01-09,6.796940803527832
2023-01-10,6.796940803527832
2023-01-11,6.832159996032715
2023-01-12,6.867377281188965
2023-01-13,6.916680335998535
2023-01-17,6.93076753616333
2023-01-18,6.8532891273498535
2023-01-19,6.811028003692627
2023-01-20,6.874421119689941
2023-01-23,6.88146448135376
2023-01-24,6.832159996032715
2023-01-25,6.867377281188965
2023-01-26,6.909637451171875
2023-01-27,7.00120210647583
2023-01-30,7.0505051612854
2023-01-31,7.1702470779418945
2023-02-01,7.198422431945801
2023-02-02,7.184335708618164
2023-02-03,7.0505051612854
2023-02-06,6.93076753616333
2023-02-07,6.958940505981445
2023-02-08,6.93076753616333
2023-02-09,6.89555025100708
2023-02-10,6.93781042098999
2023-02-13,7.02233362197876
2023-02-14,7.02233362197876
2023-02-15,7.036418437957764
2023-02-16,6.973029613494873
2023-02-17,6.93076753616333
2023-02-21,6.88146448135376
2023-02-22,6.867377281188965
2023-02-23,6.8885087966918945
2023-02-24,6.902593612670898
2023-02-27,6.846247673034668
2023-02-28,6.846247673034668
2023-03-01,6.825116157531738
2023-03-02,6.839202404022217
2023-03-03,6.958940505981445
2023-03-06,6.93781042098999
2023-03-07,6.8532891273498535
2023-03-08,6.867377281188965
2023-03-09,6.818073749542236
2023-03-10,6.747637748718262
2023-03-13,6.627898216247559
2023-03-14,6.726507186889648
2023-03-15,6.571552753448486
2023-03-16,6.6419854164123535
2023-03-17,6.508159637451172
2023-03-20,6.571552753448486
2023-03-21,6.627898216247559
2023-03-22,6.585637092590332
2023-03-23,6.557467937469482
2023-03-24,6.564508438110352
2023-03-27,6.60676908493042
2023-03-28,6.634943008422852
2023-03-29,6.733550071716309
2023-03-30,6.789899826049805
2023-03-31,6.796940803527832
2023-04-03,6.825079441070557
2023-04-04,6.789005279541016
2023-04-05,6.7240753173828125
2023-04-06,6.789005279541016
2023-04-10,6.803435325622559
2023-04-11,6.825079441070557
2023-04-12,6.810650825500488
2023-04-13,6.897225856781006
2023-04-14,6.875582218170166
2023-04-17,7.012661457061768
2023-04-18,6.9910173416137695
2023-04-19,7.005445957183838
2023-04-20,6.918869972229004
2023-04-21,6.911655902862549
2023-04-24,6.897225856781006
2023-04-25,6.789005279541016
2023-04-26,6.752933025360107
2023-04-27,6.817864418029785
2023-04-28,6.839507579803467
2023-05-01,6.868367671966553
2023-05-02,6.781792163848877
2023-05-03,6.774579048156738
2023-05-04,6.76736307144165
2023-05-05,6.810650825500488
2023-05-08,6.803435325622559
2023-05-09,6.861154079437256
2023-05-10,6.882797718048096
2023-05-11,6.882797718048096
2023-05-12,6.882797718048096
2023-05-15,6.911655902862549
2023-05-16,6.918869972229004
2023-05-17,6.9693732261657715
2023-05-18,6.962156295776367
2023-05-19,6.954944133758545
2023-05-22,6.926085472106934
2023-05-23,6.846721172332764
2023-05-24,6.7240753173828125
2023-05-25,6.695215702056885
2023-05-26,6.731290340423584
2023-05-30,6.731290340423584
2023-05-31,6.688002586364746
2023-06-01,6.6735734939575195
2023-06-02,6.861154079437256
2023-06-05,6.839507579803467
2023-06-06,6.890011310577393
2023-06-07,6.911655902862549
2023-06-08,6.947729587554932
2023-06-09,6.933302402496338
2023-06-12,6.976586818695068
2023-06-13,7.041519641876221
2023-06-14,7.1136674880981445
2023-06-15,7.214675426483154
2023-06-16,7.2723894119262695
2023-06-20,7.265174388885498
2023-06-21,7.214675426483154
2023-06-22,7.149739742279053
2023-06-23,6.962156295776367
2023-06-26,6.9838032722473145
2023-06-27,7.070377826690674
2023-06-28,7.04873514175415
2023-06-29,7.070377826690674
2023-06-30,7.120880126953125
2023-07-03,7.149687767028809
2023-07-05,7.127526760101318
2023-07-06,6.9945807456970215
2023-07-07,7.075826644897461
2023-07-10,7.053668022155762
2023-07-11,7.120142936706543
2023-07-12,7.208775043487549
2023-07-13,7.2530903816223145
2023-07-14,7.2457051277160645
2023-07-17,7.2530903816223145
2023-07-18,7.260477066040039
2023-07-19,7.2752485275268555
2023-07-20,7.3047943115234375
2023-07-21,7.378653049468994
2023-07-24,7.445128440856934
2023-07-25,7.541146755218506
2023-07-26,7.548535346984863
2023-07-27,7.496829986572266
2023-07-28,7.50421667098999
2023-07-31,7.6002349853515625
2023-08-01,7.474672317504883
2023-08-02,7.3417229652404785
2023-08-03,7.2752485275268555
2023-08-04,7.260477066040039
2023-08-07,7.29002046585083
2023-08-08,7.282636642456055
2023-08-09,7.3047943115234375
2023-08-10,7.3343400955200195
2023-08-11,7.3343400955200195
2023-08-14,7.29002046585083
2023-08-15,7.23093318939209
2023-08-16,7.194004058837891
2023-08-17,7.134914875030518
2023-08-18,7.134914875030518
2023-08-21,7.149687767028809
2023-08-22,7.164458751678467
2023-08-23,7.2530903816223145
2023-08-24,7.18661642074585
2023-08-25,7.23093318939209
2023-08-28,7.29002046585083
2023-08-29,7.393424987792969
2023-08-30,7.393424987792969
2023-08-31,7.363882064819336
2023-09-01,7.356494903564453
2023-09-05,7.260477066040039
2023-09-06,7.164458751678467
2023-09-07,7.157073020935059
2023-09-08,7.194004058837891
2023-09-11,7.171844482421875
2023-09-12,7.149687767028809
2023-09-13,7.090599060058594
2023-09-14,7.120142936706543
2023-09-15,7.075826644897461
2023-09-18,7.075826644897461
2023-09-19,7.097987174987793
2023-09-20,7.105370044708252
2023-09-21,7.0167388916015625
2023-09-22,7.053668022155762
2023-09-25,7.097987174987793
2023-09-26,6.979807376861572
2023-09-27,6.979807376861572
2023-09-28,7.024125099182129
2023-09-29,6.965035438537598
2023-10-02,6.911290168762207
2023-10-03,6.812880516052246
2023-10-04,6.729614734649658
2023-10-05,6.714474201202393
2023-10-06,6.797741413116455
2023-10-09,6.790172576904297
2023-10-10,6.888579368591309
2023-10-11,6.964277744293213
2023-10-12,6.933997631072998
2023-10-13,6.933997631072998
2023-10-16,6.964277744293213
2023-10-17,6.964277744293213
2023-10-18,6.911290168762207
2023-10-19,6.797741413116455
2023-10-20,6.706902503967285
2023-10-23,6.631206035614014
2023-10-24,6.669055461883545
2023-10-25,6.5782151222229
2023-10-26,6.525225639343262
2023-10-27,6.547936916351318
2023-10-30,6.653916358947754
2023-10-31,6.699333190917969
2023-11-01,6.7674641609191895
2023-11-02,6.97184944152832
2023-11-03,7.047549724578857
2023-11-06,6.994557857513428
2023-11-07,6.994557857513428
2023-11-08,6.97184944152832
2023-11-09,6.926429271697998
2023-11-10,7.024837017059326
2023-11-13,7.062689781188965
2023-11-14,7.221656322479248
2023-11-15,7.274643898010254
2023-11-16,7.289783477783203
2023-11-17,7.297353267669678
2023-11-20,7.297353267669678
2023-11-21,7.320062160491943
2023-11-22,7.289783477783203
2023-11-24,7.3427734375
2023-11-27,7.289783477783203
2023-11-28,7.251933574676514
2023-11-29,7.3049211502075195
2023-11-30,7.320062160491943
2023-12-01,7.357911586761475
2023-12-04,7.3427734375
2023-12-05,7.289783477783203
2023-12-06,7.516880512237549
2023-12-07,7.547161102294922
2023-12-08,7.569870948791504
2023-12-11,7.516880512237549
2023-12-12,7.554728031158447
2023-12-13,7.585008144378662
2023-12-14,7.660706520080566
2023-12-15,7.653136730194092
2023-12-18,7.622856616973877
2023-12-19,7.675846576690674
2023-12-20,7.630425930023193
2023-12-21,7.637996673583984
2023-12-22,7.675846576690674
2023-12-26,7.751545429229736
2023-12-27,7.743974685668945
2023-12-28,7.766430854797363
2023-12-29,7.882577896118164
2024-01-02,7.952267169952393
2024-01-03,7.781917095184326
2024-01-04,7.77417516708374
2024-01-05,7.727713584899902
2024-01-08,7.696741104125977
2024-01-09,7.805144786834717
2024-01-10,7.797402381896973
2024-01-11,7.7896623611450195
2024-01-12,7.882577896118164
2024-01-16,7.735456943511963
2024-01-17,7.634796619415283
2024-01-18,7.611565589904785
2024-01-19,7.6193108558654785
2024-01-22,7.611565589904785
2024-01-23,7.6193108558654785
2024-01-24,7.650279998779297
2024-01-25,7.689000129699707
2024-01-26,7.735456943511963
2024-01-29,7.81289005279541
2024-01-30,7.7586870193481445
2024-01-31,7.712225914001465
2024-02-01,7.766430854797363
2024-02-02,7.658027172088623
2024-02-05,7.658027172088623
2024-02-06,7.689000129699707
2024-02-07,7.696741104125977
2024-02-08,7.681253910064697
2024-02-09,7.681253910064697
2024-02-12,7.735456943511963
2024-02-13,7.634796619415283
2024-02-14,7.704484939575195
2024-02-15,7.719973564147949
2024-02-16,7.696741104125977
2024-02-20,7.689000129699707
2024-02-21,7.719973564147949
2024-02-22,7.7586870193481445
2024-02-23,7.77417516708374
2024-02-26,7.704484939575195
2024-02-27,7.735456943511963
2024-02-28,7.712225914001465
2024-02-29,7.77417516708374
2024-03-01,7.843865871429443
2024-03-04,7.851605415344238
2024-03-05,7.851605415344238
2024-03-06,7.92129373550415
2024-03-07,7.944525241851807
2024-03-08,7.983239650726318
2024-03-11,7.998728275299072
2024-03-12,8.006467819213867
2024-03-13,8.006467819213867
2024-03-14,7.890322208404541
2024-03-15,7.874835014343262
2024-03-18,7.890322208404541
2024-03-19,7.898065567016602
2024-03-20,7.998728275299072
2024-03-21,8.045187950134277
2024-03-22,8.068413734436035
2024-03-25,8.045187950134277
2024-03-26,7.990983009338379
2024-03-27,8.05292797088623
2024-03-28,8.14584732055664
2024-04-01,8.065899848937988
2024-04-02,8.010491371154785
2024-04-03,8.065899848937988
2024-04-04,8.137138366699219
2024-04-05,8.224212646484375
2024-04-08,8.2875337600708
2024-04-09,8.374603271484375
2024-04-10,8.263785362243652
2024-04-11,8.35085678100586
2024-04-12,8.279618263244629
2024-04-15,8.200464248657227
2024-04-16,8.121310234069824
2024-04-17,8.192550659179688
2024-04-18,8.176719665527344
2024-04-19,8.152970314025879
2024-04-22,8.216296195983887
2024-04-23,8.232124328613281
2024-04-24,8.160884857177734
2024-04-25,8.034235954284668
2024-04-26,8.057985305786133
2024-04-29,8.065899848937988
2024-04-30,7.9788289070129395
2024-05-01,7.898880958557129
2024-05-02,7.93086051940918
2024-05-03,7.994822025299072
2024-05-06,8.010808944702148
2024-05-07,8.050783157348633
2024-05-08,8.050783157348633
2024-05-09,8.082763671875
2024-05-10,8.090757369995117
2024-05-13,8.066773414611816
2024-05-14,8.146720886230469
2024-05-15,8.194689750671387
2024-05-16,8.178699493408203
2024-05-17,8.170707702636719
2024-05-20,8.194689750671387
2024-05-21,8.298623085021973
2024-05-22,8.282631874084473
2024-05-23,8.138728141784668
2024-05-24,8.42654037475586
2024-05-28,8.386568069458008
2024-05-29,8.250653266906738
2024-05-30,8.338597297668457
2024-05-31,8.42654037475586
2024-06-03,8.386185646057129
2024-06-04,8.378110885620117
2024-06-05,8.329683303833008
2024-06-06,8.394251823425293
2024-06-07,8.305468559265137
2024-06-10,8.337756156921387
2024-06-11,8.3135404586792
2024-06-12,8.3458251953125
2024-06-13,8.305468559265137
2024-06-14,8.27318286895752
2024-06-17,8.232827186584473
2024-06-18,8.265113830566406
2024-06-20,8.370040893554688
2024-06-21,8.353898048400879
2024-06-24,8.321610450744629
2024-06-25,8.329683303833008
2024-06-26,8.240897178649902
2024-06-27,8.265113830566406
2024-06-28,8.257039070129395
2024-07-01,8.322249412536621
2024-07-02,8.346701622009277
2024-07-03,8.363006591796875
2024-07-05,8.436365127563477
2024-07-08,8.387456893920898
2024-07-09,8.387456893920898
2024-07-10,8.387456893920898
2024-07-11,8.468968391418457
2024-07-12,8.607540130615234
2024-07-15,8.591233253479004
2024-07-16,8.705349922180176
2024-07-17,8.656445503234863
2024-07-18,8.566781997680664
2024-07-19,8.534177780151367
2024-07-22,8.574933052062988
2024-07-23,8.599385261535645
2024-07-24,8.485271453857422
2024-07-25,8.41191291809082
2024-07-26,8.395609855651855
2024-07-29,8.436365127563477
2024-07-30,8.493423461914062
2024-07-31,8.607540130615234
2024-08-01,8.5087890625
2024-08-02,8.385354042053223
2024-08-05,8.130253791809082
2024-08-06,8.278379440307617
2024-08-07,8.352436065673828
2024-08-08,8.327752113342285
2024-08-09,8.418269157409668
2024-08-12,8.418269157409668
2024-08-13,8.467643737792969
2024-08-14,8.558160781860352
2024-08-15,8.65691089630127
2024-08-16,8.673367500305176
2024-08-19,8.65691089630127
2024-08-20,8.76388931274414
2024-08-21,8.829720497131348
2024-08-22,8.846179008483887
2024-08-23,8.953155517578125
2024-08-26,8.994300842285156
2024-08-27,8.895551681518555
2024-08-28,8.903780937194824
2024-08-29,8.92023754119873
2024-08-30,8.936697959899902
2024-09-03,8.895167350769043
2024-09-04,8.787199974060059
2024-09-05,8.812112808227539
2024-09-06,8.621088027954102
2024-09-09,8.770590782165527
2024-09-10,8.646005630493164
2024-09-11,8.670918464660645
2024-09-12,8.911781311035156
2024-09-13,8.945005416870117
2024-09-16,8.97822380065918
2024-09-17,9.028056144714355
2024-09-18,9.036362648010254
2024-09-19,9.077890396118164
2024-09-20,9.052970886230469
2024-09-23,9.277219772338867
2024-09-24,9.210775375366211
2024-09-25,9.219082832336426
2024-09-26,9.29383373260498
2024-09-27,9.385194778442383
2024-09-30,9.435026168823242
2024-10-01,9.42664623260498
2024-10-02,9.334476470947266
2024-10-03,9.233925819396973
2024-10-04,9.309335708618164
2024-10-07,9.259061813354492
2024-10-08,9.259061813354492
2024-10-09,9.334476470947266
2024-10-10,9.242300987243652
2024-10-11,9.259061813354492
2024-10-14,9.376372337341309
2024-10-15,9.376372337341309
2024-10-16,9.376372337341309
2024-10-17,9.49367904663086
2024-10-18,9.636130332946777
2024-10-21,9.736678123474121
2024-10-22,9.84560775756836
2024-10-23,9.745058059692383
2024-10-24,9.594231605529785
2024-10-25,9.72829818725586
2024-10-28,9.786953926086426
2024-10-29,9.761816024780273
2024-10-30,9.812092781066895
2024-10-31,9.694782257080078
2024-11-01,9.70323371887207
2024-11-04,9.66097354888916
2024-11-05,9.787758827209473
2024-11-06,9.82156753540039
2024-11-07,9.838471412658691
2024-11-08,9.830018043518066
2024-11-11,9.872282028198242
2024-11-12,9.47502326965332
2024-11-13,9.610260963439941
2024-11-14,9.55954360961914
2024-11-15,9.644068717956543
2024-11-18,9.813112258911133
2024-11-19,9.652520179748535
2024-11-20,9.753950119018555
2024-11-21,9.830018043518066
2024-11-22,9.280620574951172
2024-11-25,9.3397855758667
2024-11-26,9.272167205810547
2024-11-27,9.31442928314209
2024-11-29,9.356689453125
2024-12-02,9.331103324890137
2024-12-03,9.254340171813965
2024-12-04,9.271398544311523
2024-12-05,9.254340171813965
2024-12-06,9.203163146972656
2024-12-09,9.151986122131348
2024-12-10,9.151986122131348
2024-12-11,9.279925346374512
2024-12-12,9.194632530212402
2024-12-13,9.17757511138916
2024-12-16,9.04110336303711
2024-12-17,8.964341163635254
2024-12-18,8.802285194396973
2024-12-19,8.6231689453125
2024-12-20,8.674342155456543
2024-12-23,8.674342155456543
2024-12-24,8.810813903808594
2024-12-26,8.793754577636719
2024-12-27,8.742576599121094
2024-12-30,8.7167387008667
2024-12-31,8.742576599121094
2025-01-02,8.768418312072754
2025-01-03,8.811485290527344
2025-01-06,8.7167387008667
2025-01-07,8.725350379943848
2025-01-08,8.647829055786133
2025-01-10,8.570310592651367
2025-01-13,8.570310592651367
2025-01-14,8.673670768737793
2025-01-15,8.837325096130371
2025-01-16,8.957910537719727
2025-01-17,8.983752250671387
2025-01-21,9.104338645935059
2025-01-22,9.087112426757812
2025-01-23,9.121566772460938
2025-01-24,9.130178451538086
2025-01-27,9.061273574829102
2025-01-28,9.026819229125977
2025-01-29,9.035431861877441
2025-01-30,9.05265998840332
2025-01-31,9.009591102600098
2025-02-03,9.053074836730957
2025-02-04,9.087862014770508
2025-02-05,9.192216873168945
2025-02-06,9.15743350982666
2025-02-07,9.183523178100586
2025-02-10,9.218308448791504
2025-02-11,9.24439811706543
2025-02-12,9.218308448791504
2025-02-13,9.261791229248047
2025-02-14,9.313970565795898
2025-02-18,9.305274963378906
2025-02-19,9.253093719482422
2025-02-20,9.296577453613281
2025-02-21,9.174825668334961
2025-02-24,9.131342887878418
2025-02-25,9.140040397644043
2025-02-26,9.174825668334961
2025-02-27,9.131342887878418
2025-02-28,9.15743350982666
2025-03-03,9.1837739944458
2025-03-04,9.09597396850586
2025-03-05,9.210111618041992
2025-03-06,9.08719539642334
2025-03-07,9.218893051147461
2025-03-10,9.01695728302002
2025-03-11,9.069633483886719
2025-03-12,9.104752540588379
2025-03-13,9.078413963317871
2025-03-14,9.218893051147461
2025-03-17,9.26279354095459
2025-03-18,9.19255256652832
2025-03-19,9.289132118225098
2025-03-20,9.210111618041992
2025-03-21,9.210111618041992
2025-03-24,9.289132118225098
2025-03-25,9.333028793334961
2025-03-26,9.324250221252441
2025-03-27,9.289132118225098
2025-03-28,9.26279354095459
2025-03-31,9.289132118225098
2025-04-01,9.32458782196045
2025-04-02,9.404359817504883
2025-04-03,9.058677673339844
2025-04-04,8.411628723144531
2025-04-07,8.065945625305176
2025-04-08,8.12799072265625
2025-04-09,8.6864013671875
2025-04-10,8.50912857055664
2025-04-11,8.721858024597168
2025-04-14,8.90799331665039
2025-04-15,8.925721168518066
2025-04-16,8.91685676574707
2025-04-17,8.996630668640137
2025-04-21,8.810492515563965
2025-04-22,9.067540168762207
2025-04-23,8.996630668640137
2025-04-24,9.271405220031738
2025-04-25,9.262541770935059
2025-04-28,9.315723419189453
2025-04-29,9.395496368408203
2025-04-30,9.413223266601562
2025-05-01,9.493754386901855
2025-05-02,9.636922836303711
2025-05-05,9.583233833312988
2025-05-06,9.619024276733398
2025-05-07,9.64587116241455
2025-05-08,9.654817581176758
2025-05-09,9.663764953613281
2025-05-12,9.771141052246094
2025-05-13,9.86956787109375
2025-05-14,10.012735366821289
2025-05-15,10.02168083190918
2025-05-16,10.003787994384766
2025-05-19,9.959049224853516
2025-05-20,10.084319114685059
2025-05-21,10.066423416137695
2025-05-22,10.0485258102417
2025-05-23,10.0485258102417
2025-05-27,10.066423416137695
2025-05-28,10.057476043701172
2025-05-29,10.120111465454102
2025-05-30,10.164848327636719
2025-06-02,10.146796226501465
2025-06-03,10.164849281311035
2025-06-04,10.255125045776367
2025-06-05,10.182905197143555
2025-06-06,10.291234016418457
2025-06-09,10.27318000793457
2025-06-10,10.300261497497559
2025-06-11,10.327342987060547
2025-06-12,10.318315505981445
2025-06-13,10.300261497497559
2025-06-16,10.354424476623535
2025-06-17,10.291234016418457
2025-06-18,10.27318000793457
2025-06-20,10.282205581665039
2025-06-23,10.30928897857666
2025-06-24,10.408589363098145
2025-06-25,10.417617797851562
2025-06-26,10.516918182373047
2025-06-27,10.553028106689453
2025-06-30,10.553028106689453
2025-07-01,10.598554611206055
2025-07-02,10.64408016204834
2025-07-03,10.662291526794434
2025-07-07,10.55302906036377
2025-07-08,10.571239471435547
2025-07-09,10.607659339904785
2025-07-10,10.598554611206055
2025-07-11,10.53481674194336
2025-07-14,10.698712348937988
2025-07-15,10.65318775177002
2025-07-16,10.680501937866211
2025-07-17,10.689608573913574
2025-07-18,10.680501937866211
2025-07-21,10.689608573913574
2025-07-22,10.726027488708496
2025-07-23,10.807976722717285
2025-07-24,10.789765357971191
2025-07-25,10.807976722717285
2025-07-28,10.817082405090332
2025-07-29,10.789765357971191
2025-07-30,10.826189041137695
2025-07-31,10.826189041137695
2025-08-01,10.761910438537598
2025-08-04,10.86291790008545
2025-08-05,10.918012619018555
2025-08-06,11.083297729492188
2025-08-07,11.120026588439941
2025-08-08,11.202672004699707
2025-08-11,11.193487167358398
2025-08-12,11.175122261047363
2025-08-13,11.266947746276855
2025-08-14,11.138392448425293
2025-08-15,11.22103500366211
2025-08-18,11.138392448425293
2025-08-19,11.202672004699707
2025-08-20,11.184306144714355
2025-08-21,11.193487167358398
2025-08-22,11.257765769958496
2025-08-25,11.303680419921875
2025-08-26,11.3771390914917
2025-08-27,11.386320114135742
2025-08-28,11.404685020446777
2025-08-29,11.496511459350586
2025-09-02,11.450227737426758
2025-09-03,11.385432243347168
2025-09-04,11.450227737426758
2025-09-05,11.394691467285156
2025-09-08,11.357664108276367
2025-09-09,11.459485054016113
2025-09-10,11.468741416931152
2025-09-11,11.524280548095703
2025-09-12,11.542794227600098
2025-09-15,11.524280548095703
2025-09-16,11.450227737426758
2025-09-17,11.533535957336426
2025-09-18,11.505765914916992
2025-09-19,11.468741416931152
2025-09-22,11.43171501159668
2025-09-23,11.246585845947266
2025-09-24,11.339151382446289
2025-09-25,11.218817710876465
2025-09-26,11.181790351867676
2025-09-29,11.255842208862305
2025-09-30,11.228073120117188
2025-10-01,11.284074783325195
2025-10-02,11.358741760253906
2025-10-03,11.321407318115234
2025-10-06,11.36807632446289
2025-10-07,11.414740562438965
2025-10-08,11.414740562438965
2025-10-09,11.312074661254883
2025-10-10,11.088071823120117
2025-10-13,11.125404357910156
2025-10-14,11.2094087600708
2025-10-15,11.293408393859863
2025-10-16,11.396074295043945
2025-10-17,11.405407905578613
2025-10-20,11.433408737182617
2025-10-21,11.49874210357666
2025-10-22,11.321407318115234
2025-10-23,11.396074295043945
2025-10-24,11.480074882507324
2025-10-27,11.452075004577637
2025-10-28,11.37740707397461
2025-10-29,11.508074760437012
2025-10-30,11.573408126831055
2025-10-31,11.489410400390625
2025-11-03,11.423541069030762
2025-11-04,11.216522216796875
2025-11-05,11.188294410705566
2025-11-06,11.160064697265625
2025-11-07,11.141244888305664
2025-11-10,10.971866607666016
2025-11-11,11.084784507751465
2025-11-12,11.160064697265625
2025-11-13,11.122425079345703
2025-11-14,11.160064697265625
2025-11-17,11.000096321105957
2025-11-18,10.943638801574707
2025-11-19,10.877768516540527
2025-11-20,10.689571380615234
2025-11-21,10.81190013885498
2025-11-24,10.934229850769043
2025-11-25,10.962458610534668
2025-11-26,11.028326988220215
2025-11-28,11.122425079345703
2025-12-01,11.084465980529785
2025-12-02,11.122425079345703
2025-12-03,11.226816177368164
2025-12-04,11.274267196655273
2025-12-05,11.331205368041992
2025-12-08,11.302736282348633
2025-12-09,11.302736282348633
2025-12-10,11.397639274597168
2025-12-11,11.388148307800293
2025-12-12,11.416618347167969
2025-12-15,11.464071273803711
2025-12-16,11.407130241394043
2025-12-17,11.331205368041992
2025-12-18,11.416618347167969
2025-12-19,11.483049392700195
2025-12-22,11.587440490722656
2025-12-23,11.6728515625
2025-12-24,11.71081256866455
2025-12-26,11.71081256866455
2025-12-29,11.71081256866455
2025-12-30,11.768219947814941
2025-12-31,11.768219947814941
2026-01-02,11.787352561950684
2026-01-05,11.825624465942383
2026-01-06,11.86389446258545
2026-01-07,11.86389446258545
2026-01-08,11.86389446258545
2026-01-09,11.902164459228516
2026-01-12,12.016977310180664
2026-01-13,12.064815521240234
2026-01-14,12.103086471557617
2026-01-15,12.198762893676758
2026-01-16,12.370980262756348
2026-01-20,12.390115737915039
2026-01-21,12.610172271728516
2026-01-22,12.61974048614502
2026-01-23,12.677145957946777
2026-01-26,12.858931541442871
2026-01-27,12.801525115966797
2026-01-28,12.782388687133789
2026-01-29,12.916337013244629
2026-01-30,12.87806510925293
2026-02-02,12.868427276611328
2026-02-03,12.868427276611328
2026-02-04,12.91662311553955
2026-02-05,12.7816743850708
2026-02-06,13.013016700744629
2026-02-09,13.0419340133667
2026-02-10,13.244359016418457
2026-02-11,13.388948440551758
2026-02-12,13.446784019470215
2026-02-13,13.543176651000977
2026-02-17,13.446784019470215
2026-02-18,13.475701332092285
2026-02-19,13.456422805786133
2026-02-20,13.543176651000977
2026-02-23,13.601011276245117
2026-02-24,13.649208068847656
2026-02-25,13.707043647766113
2026-02-26,13.764880180358887
2026-02-27,13.764880180358887
2026-03-02,13.813416481018066
2026-03-03,13.531906127929688
2026-03-04,13.570734977722168
2026-03-05,13.182445526123047
2026-03-06,12.891227722167969
2026-03-09,12.638839721679688
2026-03-10,12.667961120605469
2026-03-11,12.638839721679688
2026-03-12,12.415573120117188
2026-03-13,12.318499565124512
2026-03-16,12.425280570983887
2026-03-17,12.444693565368652
2026-03-18,12.38645076751709
2026-03-19,12.221427917480469
2026-03-20,11.842844009399414
2026-03-23,12.027281761169434
2026-03-24,12.017574310302734
2026-03-25,12.318499565124512
2026-03-26,12.036989212036133
2026-03-27,11.930211067199707
2026-03-30,11.833136558532715
2026-03-31,12.114646911621094
2026-04-01,12.310359954833984
2026-04-02,12.222289085388184
2026-04-06,12.261431694030762
2026-04-07,12.241862297058105
2026-04-08,12.701786994934082
2026-04-09,12.81921672821045
2026-04-10,12.799643516540527
2026-04-13,12.946428298950195
2026-04-14,13.249784469604492
2026-04-15,13.220427513122559
2026-04-16,13.171499252319336
2026-04-17,13.347640991210938
2026-04-20,13.347640991210938
2026-04-21,13.005142211914062
2026-04-22,12.887714385986328
2026-04-23,13.034499168395996
2026-04-24,13.20085620880127
2026-04-27,13.347640991210938
2026-04-28,13.30849838256836
2026-04-29,13.318284034729004
2026-04-30,13.523782730102539
2026-05-01,13.287215232849121
2026-05-04,13.267500877380371
2026-05-05,13.287215232849121
2026-05-06,13.375927925109863
2026-05-07,13.405499458312988
2026-05-08,13.484354972839355
2026-05-11,13.484354972839355
2026-05-12,13.523782730102539
2026-05-13,13.602639198303223
2026-05-14,13.750494003295898
2026-05-15,13.582924842834473
2026-05-18,13.553354263305664
2026-05-19,13.573067665100098
2026-05-20,13.632209777832031
2026-05-21,13.711065292358398
2026-05-22,13.563210487365723
2026-05-26,13.691351890563965
2026-05-27,13.770207405090332
2026-05-28,13.760350227355957
2026-05-29,13.829349517822266
2026-06-01,13.77971076965332
2026-06-02,13.78963851928711
2026-06-03,13.78963851928711
2026-06-04,13.859132766723633
2026-06-05,13.749927520751953
2026-06-08,13.561300277709961
2026-06-09,13.462023735046387
2026-06-10,13.323034286499023
2026-06-11,13.481878280639648
2026-06-12,13.650650024414062
2026-06-15,13.898843765258789
2026-06-16,13.809494018554688
2026-06-17,13.650650024414062
2026-06-18,13.68043327331543
2026-06-22,13.700288772583008
2026-06-23,13.68043327331543
2026-06-24,13.531517028808594
2026-06-25,13.601011276245117
2026-06-26,13.481878280639648
2026-06-29,13.591083526611328
2026-06-30,13.739999771118164
2026-07-01,13.8100004196167
2026-07-02,13.84000015258789
2026-07-06,13.819999694824219
2026-07-07,13.630000114440918
2026-07-08,13.460000038146973
2026-07-09,13.550000190734863
2026-07-10,13.5600004196167
2026-07-13,13.510000228881836
2026-07-14,13.65999984741211
2026-07-15,13.649999618530273
2026-07-16,13.739999771118164
2026-07-17,13.470000267028809
2026-07-20,13.319999694824219
2026-07-21,13.350000381469727
2026-07-22,13.449999809265137
2026-07-23,13.380000114440918
2026-07-24,13.4399995803833
2026-07-27,13.199999809265137
2026-07-28,13.15999984741211
2026-07-29,12.869999885559082
2026-07-30,12.90999984741211
2026-07-31,13.100000381469727
2026-08-03,13.04010009765625
