Date,Close
2009-09-28,20.559829711914062
2009-09-29,20.559829711914062
2009-09-30,20.288230895996094
2009-10-01,20.304683685302734
2009-10-02,20.016620635986328
2009-10-05,20.016620635986328
2009-10-06,20.016620635986328
2009-10-07,20.543371200561523
2009-10-08,20.543371200561523
2009-10-09,20.543371200561523
2009-10-12,20.889055252075195
2009-10-13,20.889055252075195
2009-10-14,21.103044509887695
2009-10-15,21.103044509887695
2009-10-16,21.12773895263672
2009-10-19,21.2923526763916
2009-10-20,21.177122116088867
2009-10-21,21.012502670288086
2009-10-22,21.05366325378418
2009-10-23,21.086589813232422
2009-10-26,20.97134780883789
2009-10-27,20.831439971923828
2009-10-28,20.576297760009766
2009-10-29,20.872594833374023
2009-10-30,20.4034481048584
2009-11-02,20.51868438720703
2009-11-03,20.535139083862305
2009-11-04,20.658599853515625
2009-11-05,21.03720474243164
2009-11-06,21.103044509887695
2009-11-09,21.448732376098633
2009-11-10,21.572189331054688
2009-11-11,21.679182052612305
2009-11-12,21.54749870300293
2009-11-13,21.58041763305664
2009-11-16,21.860258102416992
2009-11-17,21.991947174072266
2009-11-18,21.917865753173828
2009-11-19,21.761489868164062
2009-11-20,21.712108612060547
2009-11-23,21.991947174072266
2009-11-24,21.991947174072266
2009-11-25,22.066017150878906
2009-11-27,21.74502944946289
2009-11-30,21.736791610717773
2009-12-01,22.107168197631836
2009-12-02,22.16478157043457
2009-12-03,21.917865753173828
2009-12-04,22.000179290771484
2009-12-07,22.000179290771484
2009-12-08,21.670961380004883
2009-12-09,21.703887939453125
2009-12-10,21.97548484802246
2009-12-11,22.08247947692871
2009-12-14,22.131858825683594
2009-12-15,22.016630172729492
2009-12-16,22.000179290771484
2009-12-17,22.000179290771484
2009-12-18,21.75326919555664
2009-12-21,22.107168197631836
2009-12-22,22.197715759277344
2009-12-23,22.279516220092773
2009-12-24,22.279516220092773
2009-12-28,22.436538696289062
2009-12-29,22.494382858276367
2009-12-30,22.477859497070312
2009-12-31,22.395214080810547
2010-01-04,22.519166946411133
2010-01-05,22.4117374420166
2010-01-06,22.477859497070312
2010-01-07,22.38695526123047
2010-01-08,22.469594955444336
2010-01-11,22.527437210083008
2010-01-12,22.527437210083008
2010-01-13,22.5770263671875
2010-01-14,22.659652709960938
2010-01-15,22.494382858276367
2010-01-19,22.767093658447266
2010-01-20,22.502649307250977
2010-01-21,22.122499465942383
2010-01-22,21.69278335571289
2010-01-25,21.7836856842041
2010-01-26,21.758893966674805
2010-01-27,21.8084659576416
2010-01-28,21.477922439575195
2010-01-29,21.246530532836914
2010-02-01,21.461389541625977
2010-02-02,21.701047897338867
2010-02-03,21.69278335571289
2010-02-04,21.15562629699707
2010-02-05,20.93250274658203
2010-02-08,21.114307403564453
2010-02-09,21.353958129882812
2010-02-10,21.312637329101562
2010-02-11,21.39528465270996
2010-02-12,21.2382755279541
2010-02-16,21.69278335571289
2010-02-17,21.81673812866211
2010-02-18,21.982017517089844
2010-02-19,22.006811141967773
2010-02-22,22.006811141967773
2010-02-23,21.709308624267578
2010-02-24,21.841533660888672
2010-02-25,21.717573165893555
2010-02-26,21.866323471069336
2010-03-01,22.023340225219727
2010-03-02,22.105976104736328
2010-03-03,22.114234924316406
2010-03-04,22.172094345092773
2010-03-05,22.345626831054688
2010-03-08,22.444799423217773
2010-03-09,22.469594955444336
2010-03-10,22.519166946411133
2010-03-11,22.585281372070312
2010-03-12,22.62660026550293
2010-03-15,22.64313316345215
2010-03-16,22.78361701965332
2010-03-17,22.91584014892578
2010-03-18,22.91584014892578
2010-03-19,22.824939727783203
2010-03-22,22.98194694519043
2010-03-23,23.039796829223633
2010-03-24,22.937049865722656
2010-03-25,22.98676872253418
2010-03-26,22.937049865722656
2010-03-29,23.06963539123535
2010-03-30,23.111064910888672
2010-03-31,22.97848129272461
2010-04-01,23.03648567199707
2010-04-05,23.20221519470215
2010-04-06,23.243656158447266
2010-04-07,23.119352340698242
2010-04-08,23.218793869018555
2010-04-09,23.309946060180664
2010-04-12,23.318222045898438
2010-04-13,23.41766357421875
2010-04-14,23.550251007080078
2010-04-15,23.57509994506836
2010-04-16,23.35965347290039
2010-04-19,23.434242248535156
2010-04-20,23.517101287841797
2010-04-21,23.508811950683594
2010-04-22,23.492244720458984
2010-04-23,23.616540908813477
2010-04-26,23.533674240112305
2010-04-27,23.094497680664062
2010-04-28,23.169069290161133
2010-04-29,23.442514419555664
2010-04-30,23.14420509338379
2010-05-03,23.326509475708008
2010-05-04,22.837615966796875
2010-05-05,22.696731567382812
2010-05-06,22.216123580932617
2010-05-07,21.70235252380371
2010-05-10,22.522724151611328
2010-05-11,22.539297103881836
2010-05-12,22.837615966796875
2010-05-13,22.572433471679688
2010-05-14,22.224409103393555
2010-05-17,22.24098777770996
2010-05-18,22.033815383911133
2010-05-19,21.909521102905273
2010-05-20,21.1140193939209
2010-05-21,21.279743194580078
2010-05-24,21.1140193939209
2010-05-25,20.981428146362305
2010-05-26,20.873708724975586
2010-05-27,21.395761489868164
2010-05-28,21.288028717041016
2010-06-01,21.07257843017578
2010-06-02,21.445476531982422
2010-06-03,21.619489669799805
2010-06-04,20.915136337280273
2010-06-07,20.732837677001953
2010-06-08,20.89856719970703
2010-06-09,20.732837677001953
2010-06-10,21.246601104736328
2010-06-11,21.130590438842773
2010-06-14,21.379180908203125
2010-06-15,21.7520809173584
2010-06-16,21.76865005493164
2010-06-17,21.801795959472656
2010-06-18,21.834941864013672
2010-06-21,21.71063804626465
2010-06-22,21.511764526367188
2010-06-23,21.420616149902344
2010-06-24,21.147167205810547
2010-06-25,21.155439376831055
2010-06-28,21.039443969726562
2010-06-29,20.34337615966797
2010-06-30,20.161069869995117
2010-07-01,20.111351013183594
2010-07-02,19.964815139770508
2010-07-06,20.139652252197266
2010-07-07,20.75575065612793
2010-07-08,20.93891143798828
2010-07-09,21.0804500579834
2010-07-12,21.122072219848633
2010-07-13,21.505054473876953
2010-07-14,21.488399505615234
2010-07-15,21.42180061340332
2010-07-16,20.94723892211914
2010-07-19,20.997196197509766
2010-07-20,21.330215454101562
2010-07-21,21.04714584350586
2010-07-22,21.61328887939453
2010-07-23,21.72151756286621
2010-07-26,21.87970733642578
2010-07-27,21.863065719604492
2010-07-28,21.746501922607422
2010-07-29,21.629934310913086
2010-07-30,21.638261795043945
2010-08-02,22.05454444885254
2010-08-03,21.987943649291992
2010-08-04,22.187759399414062
2010-08-05,22.121150970458984
2010-08-06,22.037900924682617
2010-08-09,22.19607925415039
2010-08-10,22.096176147460938
2010-08-11,21.505054473876953
2010-08-12,21.26361656188965
2010-08-13,21.26361656188965
2010-08-16,21.21365737915039
2010-08-17,21.53003692626953
2010-08-18,21.54667854309082
2010-08-19,21.21365737915039
2010-08-20,21.113758087158203
2010-08-23,21.022178649902344
2010-08-24,20.71411895751953
2010-08-25,20.797378540039062
2010-08-26,20.580913543701172
2010-08-27,20.872310638427734
2010-08-30,20.664169311523438
2010-08-31,20.555927276611328
2010-09-01,21.088773727416992
2010-09-02,21.313568115234375
2010-09-03,21.563335418701172
2010-09-07,21.496728897094727
2010-09-08,21.53003692626953
2010-09-09,21.58831214904785
2010-09-10,21.68821144104004
2010-09-13,21.946311950683594
2010-09-14,21.979616165161133
2010-09-15,22.037900924682617
2010-09-16,22.087852478027344
2010-09-17,22.15445327758789
2010-09-20,22.479156494140625
2010-09-21,22.50412940979004
2010-09-22,22.4291934967041
2010-09-23,22.313072204589844
2010-09-24,22.714065551757812
2010-09-27,22.822660446166992
2010-09-28,22.672285079956055
2010-09-29,22.672285079956055
2010-09-30,22.663942337036133
2010-10-01,22.69735336303711
2010-10-04,22.521921157836914
2010-10-05,22.964677810668945
2010-10-06,22.97303009033203
2010-10-07,22.964677810668945
2010-10-08,23.181875228881836
2010-10-11,23.17352294921875
2010-10-12,23.198577880859375
2010-10-13,23.51603126525879
2010-10-14,23.44085121154785
2010-10-15,23.566150665283203
2010-10-18,23.766647338867188
2010-10-19,23.365663528442383
2010-10-20,23.666406631469727
2010-10-21,23.716522216796875
2010-10-22,23.741579055786133
2010-10-25,23.85853385925293
2010-10-26,23.866891860961914
2010-10-27,23.79170799255371
2010-10-28,23.816770553588867
2010-10-29,23.783353805541992
2010-11-01,23.84183692932129
2010-11-02,24.075740814208984
2010-11-03,24.10915184020996
2010-11-04,24.576969146728516
2010-11-05,24.643795013427734
2010-11-08,24.60203742980957
2010-11-09,24.501781463623047
2010-11-10,24.576969146728516
2010-11-11,24.46001625061035
2010-11-12,24.150917053222656
2010-11-15,24.05902862548828
2010-11-16,23.599571228027344
2010-11-17,23.708173751831055
2010-11-18,24.100801467895508
2010-11-19,24.192691802978516
2010-11-22,24.192691802978516
2010-11-23,23.85018539428711
2010-11-24,24.209402084350586
2010-11-26,24.075740814208984
2010-11-29,24.02561378479004
2010-11-30,23.866891860961914
2010-12-01,24.426597595214844
2010-12-02,24.643795013427734
2010-12-03,24.660507202148438
2010-12-06,24.710628509521484
2010-12-07,24.710628509521484
2010-12-08,24.735687255859375
2010-12-09,24.744043350219727
2010-12-10,24.877704620361328
2010-12-13,24.894412994384766
2010-12-14,24.886066436767578
2010-12-15,24.810876846313477
2010-12-16,24.894412994384766
2010-12-17,24.986310958862305
2010-12-20,25.019725799560547
2010-12-21,25.086545944213867
2010-12-22,25.12677764892578
2010-12-23,25.05972671508789
2010-12-27,25.12677764892578
2010-12-28,25.143539428710938
2010-12-29,25.185441970825195
2010-12-30,25.160306930541992
2010-12-31,25.084877014160156
2011-01-03,25.311166763305664
2011-01-04,25.260873794555664
2011-01-05,25.4117431640625
2011-01-06,25.37821388244629
2011-01-07,25.37821388244629
2011-01-10,25.369836807250977
2011-01-11,25.478790283203125
2011-01-12,25.705080032348633
2011-01-13,25.663179397583008
2011-01-14,25.86432647705078
2011-01-18,25.99004364013672
2011-01-19,25.721843719482422
2011-01-20,25.705080032348633
2011-01-21,25.738601684570312
2011-01-24,25.881092071533203
2011-01-25,25.948135375976562
2011-01-26,26.0738525390625
2011-01-27,26.132530212402344
2011-01-28,25.629655838012695
2011-01-31,25.805662155151367
2011-02-01,26.19119644165039
2011-02-02,26.20795249938965
2011-02-03,26.275005340576172
2011-02-04,26.30014419555664
2011-02-07,26.434247970581055
2011-02-08,26.585105895996094
2011-02-09,26.51805877685547
2011-02-10,26.492916107177734
2011-02-11,26.618637084960938
2011-02-14,26.735979080200195
2011-02-15,26.61024284362793
2011-02-16,26.819778442382812
2011-02-17,26.861684799194336
2011-02-18,26.895212173461914
2011-02-22,26.417484283447266
2011-02-23,26.21633529663086
2011-02-24,26.241487503051758
2011-02-25,26.451005935668945
2011-02-28,26.585105895996094
2011-03-01,26.174434661865234
2011-03-02,26.26662254333496
2011-03-03,26.677303314208984
2011-03-04,26.434247970581055
2011-03-07,26.241487503051758
2011-03-08,26.417484283447266
2011-03-09,26.325292587280273
2011-03-10,25.86432647705078
2011-03-11,26.00680160522461
2011-03-14,25.889467239379883
2011-03-15,25.604509353637695
2011-03-16,25.00106430053711
2011-03-17,25.311166763305664
2011-03-18,25.311166763305664
2011-03-21,25.805662155151367
2011-03-22,25.721843719482422
2011-03-23,25.86432647705078
2011-03-24,26.14520263671875
2011-03-25,26.212482452392578
2011-03-28,26.128387451171875
2011-03-29,26.313390731811523
2011-03-30,26.447946548461914
2011-03-31,26.422719955444336
2011-04-01,26.498409271240234
2011-04-04,26.50681495666504
2011-04-05,26.515226364135742
2011-04-06,26.574085235595703
2011-04-07,26.532039642333984
2011-04-08,26.447946548461914
2011-04-11,26.38066864013672
2011-04-12,26.119970321655273
2011-04-13,26.23771095275879
2011-04-14,26.229291915893555
2011-04-15,26.229291915893555
2011-04-18,25.96860122680664
2011-04-19,26.136789321899414
2011-04-20,26.60773277282715
2011-04-21,26.834781646728516
2011-04-25,26.775924682617188
2011-04-26,26.99456787109375
2011-04-27,27.145936965942383
2011-04-28,27.196399688720703
2011-04-29,27.255266189575195
2011-05-02,27.171171188354492
2011-05-03,27.1122989654541
2011-05-04,26.98615837097168
2011-05-05,26.691816329956055
2011-05-06,26.7927303314209
2011-05-09,26.977745056152344
2011-05-10,27.12912368774414
2011-05-11,26.868431091308594
2011-05-12,26.99456787109375
2011-05-13,26.767513275146484
2011-05-16,26.574085235595703
2011-05-17,26.50681495666504
2011-05-18,26.750688552856445
2011-05-19,26.834781646728516
2011-05-20,26.63296127319336
2011-05-23,26.304983139038086
2011-05-24,26.29657745361328
2011-05-25,26.414310455322266
2011-05-26,26.532039642333984
2011-05-27,26.574085235595703
2011-05-31,26.84319305419922
2011-06-01,26.347030639648438
2011-06-02,26.28816795349121
2011-06-03,26.02747344970703
2011-06-06,25.85086441040039
2011-06-07,25.834049224853516
2011-06-08,25.69949722290039
2011-06-09,25.85086441040039
2011-06-10,25.44721794128418
2011-06-13,25.43040657043457
2011-06-14,25.775182723999023
2011-06-15,25.363115310668945
2011-06-16,25.35470962524414
2011-06-17,25.40515899658203
2011-06-20,25.52289581298828
2011-06-21,25.909730911254883
2011-06-22,25.749954223632812
2011-06-23,25.615407943725586
2011-06-24,25.37152099609375
2011-06-27,25.64063835144043
2011-06-28,26.02747344970703
2011-06-29,26.229291915893555
2011-06-30,26.54044532775879
2011-07-01,26.902063369750977
2011-07-05,26.91810417175293
2011-07-06,27.08702850341797
2011-07-07,27.407978057861328
2011-07-08,27.230619430541992
2011-07-11,26.867431640625
2011-07-12,26.72385025024414
2011-07-13,26.842092514038086
2011-07-14,26.656269073486328
2011-07-15,26.892776489257812
2011-07-18,26.7322998046875
2011-07-19,27.264404296875
2011-07-20,27.213726043701172
2011-07-21,27.484006881713867
2011-07-22,27.55156898498535
2011-07-25,27.484006881713867
2011-07-26,27.374210357666016
2011-07-27,26.825197219848633
2011-07-28,26.791414260864258
2011-07-29,26.571819305419922
2011-08-01,26.512683868408203
2011-08-02,25.8961124420166
2011-08-03,26.090373992919922
2011-08-04,24.8825740814209
2011-08-05,24.94169044494629
2011-08-08,23.488948822021484
2011-08-09,24.494041442871094
2011-08-10,23.43826675415039
2011-08-11,24.367347717285156
2011-08-12,24.63762855529785
2011-08-15,25.02615737915039
2011-08-16,24.84878158569336
2011-08-17,24.755878448486328
2011-08-18,23.733890533447266
2011-08-19,23.320022583007812
2011-08-22,23.40448570251465
2011-08-23,24.24065399169922
2011-08-24,24.46025276184082
2011-08-25,24.10551643371582
2011-08-26,24.553176879882812
2011-08-29,25.144399642944336
2011-08-30,25.26264762878418
2011-08-31,25.338665008544922
2011-09-01,25.085283279418945
2011-09-02,24.553176879882812
2011-09-06,24.46870994567871
2011-09-07,25.051488876342773
2011-09-08,24.840335845947266
2011-09-09,24.23220443725586
2011-09-12,24.350460052490234
2011-09-13,24.544719696044922
2011-09-14,24.933244705200195
2011-09-15,25.338665008544922
2011-09-16,25.46535873413086
2011-09-19,25.37245750427246
2011-09-20,25.355554580688477
2011-09-21,24.738975524902344
2011-09-22,23.97882652282715
2011-09-23,23.994930267333984
2011-09-26,24.50347900390625
2011-09-27,24.78316879272461
2011-09-28,24.325489044189453
2011-09-29,24.33395767211914
2011-09-30,23.901689529418945
2011-10-03,23.206680297851562
2011-10-04,23.647418975830078
2011-10-05,24.054262161254883
2011-10-06,24.452619552612305
2011-10-07,24.36785316467285
2011-10-10,25.130693435668945
2011-10-11,25.19000816345215
2011-10-12,25.401905059814453
2011-10-13,25.435806274414062
2011-10-14,25.952831268310547
2011-10-17,25.469715118408203
2011-10-18,25.791793823242188
2011-10-19,25.42733383178711
2011-10-20,25.418867111206055
2011-10-21,25.885032653808594
2011-10-24,26.2325382232666
2011-10-25,25.673137664794922
2011-10-26,25.893503189086914
2011-10-27,26.69021987915039
2011-10-28,26.698699951171875
2011-10-31,26.1562557220459
2011-11-01,25.48666763305664
2011-11-02,25.901973724365234
2011-11-03,26.36813735961914
2011-11-04,26.25796127319336
2011-11-07,26.39357566833496
2011-11-08,26.75803565979004
2011-11-09,25.85112762451172
2011-11-10,26.003684997558594
2011-11-11,26.42746925354004
2011-11-14,26.274913787841797
2011-11-15,26.55461883544922
2011-11-16,26.020639419555664
2011-11-17,25.605318069458008
2011-11-18,25.579893112182617
2011-11-21,25.113733291625977
2011-11-22,25.062877655029297
2011-11-23,24.57975959777832
2011-11-25,24.461090087890625
2011-11-28,25.062877655029297
2011-11-29,25.215444564819336
2011-11-30,26.12234878540039
2011-12-01,26.19015884399414
2011-12-02,26.13081932067871
2011-12-05,26.300338745117188
2011-12-06,26.376625061035156
2011-12-07,26.359670639038086
2011-12-08,25.885032653808594
2011-12-09,26.376625061035156
2011-12-12,26.05453872680664
2011-12-13,25.825695037841797
2011-12-14,25.48666763305664
2011-12-15,25.5290470123291
2011-12-16,25.54599952697754
2011-12-19,25.359521865844727
2011-12-20,26.029111862182617
2011-12-21,25.952831268310547
2011-12-22,26.101869583129883
2011-12-23,26.35735321044922
2011-12-27,26.37438201904297
2011-12-28,26.025218963623047
2011-12-29,26.30624771118164
2011-12-30,26.246639251708984
2012-01-03,26.595794677734375
2012-01-04,26.646894454956055
2012-01-05,26.68096160888672
2012-01-06,26.672447204589844
2012-01-09,26.655406951904297
2012-01-10,26.83424949645996
2012-01-11,26.817216873168945
2012-01-12,26.842771530151367
2012-01-13,26.783153533935547
2012-01-17,26.970516204833984
2012-01-18,27.225996017456055
2012-01-19,27.3792781829834
2012-01-20,27.3792781829834
2012-01-23,27.430374145507812
2012-01-24,27.370765686035156
2012-01-25,27.7795352935791
2012-01-26,27.677345275878906
2012-01-27,27.668832778930664
2012-01-30,27.660310745239258
2012-01-31,27.651796340942383
2012-02-01,27.830636978149414
2012-02-02,27.856185913085938
2012-02-03,28.239402770996094
2012-02-06,28.239402770996094
2012-02-07,28.3160457611084
2012-02-08,28.32456398010254
2012-02-09,28.486370086669922
2012-02-10,28.27347755432129
2012-02-13,28.494890213012695
2012-02-14,28.503406524658203
2012-02-15,28.29901885986328
2012-02-16,28.64818000793457
2012-02-17,28.64818000793457
2012-02-21,28.716306686401367
2012-02-22,28.68224334716797
2012-02-23,28.784439086914062
2012-02-24,28.8951473236084
2012-02-27,28.929208755493164
2012-02-28,29.073986053466797
2012-02-29,28.97179412841797
2012-03-01,29.125076293945312
2012-03-02,29.08249855041504
2012-03-05,28.954763412475586
2012-03-06,28.554500579833984
2012-03-07,28.741865158081055
2012-03-08,29.056949615478516
2012-03-09,29.065473556518555
2012-03-12,29.14211082458496
2012-03-13,29.610509872436523
2012-03-14,29.68714714050293
2012-03-15,29.806367874145508
2012-03-16,29.840442657470703
2012-03-19,29.976701736450195
2012-03-20,29.925600051879883
2012-03-21,29.85746955871582
2012-03-22,29.729721069335938
2012-03-23,29.7639217376709
2012-03-26,30.174089431762695
2012-03-27,30.165552139282227
2012-03-28,30.037363052368164
2012-03-29,30.02027130126953
2012-03-30,30.045913696289062
2012-04-02,30.319366455078125
2012-04-03,30.302284240722656
2012-04-04,29.98609733581543
2012-04-05,30.045913696289062
2012-04-09,29.806642532348633
2012-04-10,29.33664321899414
2012-04-11,29.473369598388672
2012-04-12,29.840824127197266
2012-04-13,29.49899673461914
2012-04-16,29.362272262573242
2012-04-17,29.909177780151367
2012-04-18,29.8151798248291
2012-04-19,29.516094207763672
2012-04-20,29.558813095092773
2012-04-23,29.319547653198242
2012-04-24,29.328081130981445
2012-04-25,29.900630950927734
2012-04-26,30.01172637939453
2012-04-27,30.165552139282227
2012-04-30,29.977548599243164
2012-05-01,30.054443359375
2012-05-02,30.045913696289062
2012-05-03,29.866458892822266
2012-05-04,29.345172882080078
2012-05-07,29.302457809448242
2012-05-08,29.208452224731445
2012-05-09,29.088815689086914
2012-05-10,29.01190948486328
2012-05-11,29.11444854736328
2012-05-14,28.704273223876953
2012-05-15,28.610254287719727
2012-05-16,28.541908264160156
2012-05-17,28.054813385009766
2012-05-18,27.781356811523438
2012-05-21,28.41371726989746
2012-05-22,28.39663314819336
2012-05-23,28.379547119140625
2012-05-24,28.447908401489258
2012-05-25,28.268455505371094
2012-05-29,28.644451141357422
2012-05-30,28.328271865844727
2012-05-31,28.19153594970703
2012-06-01,27.507904052734375
2012-06-04,27.567718505859375
2012-06-05,27.653169631958008
2012-06-06,28.182985305786133
2012-06-07,28.311174392700195
2012-06-08,28.422258377075195
2012-06-11,28.123172760009766
2012-06-12,28.311174392700195
2012-06-13,28.165903091430664
2012-06-14,28.447908401489258
2012-06-15,28.721357345581055
2012-06-18,28.81536102294922
2012-06-19,29.131546020507812
2012-06-20,29.01190948486328
2012-06-21,28.388090133666992
2012-06-22,28.601720809936523
2012-06-25,28.148805618286133
2012-06-26,28.282672882080078
2012-06-27,28.445709228515625
2012-06-28,28.299827575683594
2012-06-29,29.046377182006836
2012-07-02,29.123594284057617
2012-07-03,29.320964813232422
2012-07-05,29.338117599487305
2012-07-06,29.06354331970215
2012-07-09,29.046377182006836
2012-07-10,28.72886848449707
2012-07-11,28.711719512939453
2012-07-12,28.574426651000977
2012-07-13,28.99488067626953
2012-07-16,28.883337020874023
2012-07-17,29.089282989501953
2012-07-18,29.35529136657715
2012-07-19,29.569805145263672
2012-07-20,29.286638259887695
2012-07-23,28.96915054321289
2012-07-24,28.78035545349121
2012-07-25,28.651653289794922
2012-07-26,29.15792465209961
2012-07-27,29.66419792175293
2012-07-30,29.681360244750977
2012-07-31,29.604143142700195
2012-08-01,29.48400115966797
2012-08-02,29.320964813232422
2012-08-03,29.784326553344727
2012-08-06,29.89589500427246
2012-08-07,29.96453857421875
2012-08-08,29.921615600585938
2012-08-09,29.94736099243164
2012-08-10,29.94736099243164
2012-08-13,30.06751251220703
2012-08-14,30.093238830566406
2012-08-15,30.15330696105957
2012-08-16,30.367830276489258
2012-08-17,30.496538162231445
2012-08-20,30.479379653930664
2012-08-21,30.316354751586914
2012-08-22,30.41074562072754
2012-08-23,30.15330696105957
2012-08-24,30.367830276489258
2012-08-27,30.367830276489258
2012-08-28,30.37641143798828
2012-08-29,30.402151107788086
2012-08-30,30.13614845275879
2012-08-31,30.290611267089844
2012-09-04,30.256277084350586
2012-09-05,30.23054313659668
2012-09-06,30.779712677001953
2012-09-07,30.805452346801758
2012-09-10,30.590927124023438
2012-09-11,30.651004791259766
2012-09-12,30.702484130859375
2012-09-13,31.165849685668945
2012-09-14,31.285991668701172
2012-09-17,31.32889747619629
2012-09-18,31.320316314697266
2012-09-19,31.388961791992188
2012-09-20,31.337467193603516
2012-09-21,31.3460636138916
2012-09-24,31.262466430664062
2012-09-25,30.926406860351562
2012-09-26,30.75407600402832
2012-09-27,31.0556640625
2012-09-28,30.848857879638672
2012-10-01,30.90917205810547
2012-10-02,30.917804718017578
2012-10-03,31.133211135864258
2012-10-04,31.288328170776367
2012-10-05,31.21076202392578
2012-10-08,31.081518173217773
2012-10-09,30.69375228881836
2012-10-10,30.538654327392578
2012-10-11,30.504179000854492
2012-10-12,30.47832489013672
2012-10-15,30.745447158813477
2012-10-16,31.072891235351562
2012-10-17,31.012571334838867
2012-10-18,30.78853988647461
2012-10-19,30.27152442932129
2012-10-22,30.314594268798828
2012-10-23,29.918224334716797
2012-10-24,29.840669631958008
2012-10-25,29.87512969970703
2012-10-26,29.96131134033203
2012-10-31,29.89236831665039
2012-11-01,30.211193084716797
2012-11-02,29.95269203186035
2012-11-05,30.038864135742188
2012-11-06,30.20258903503418
2012-11-07,29.642478942871094
2012-11-08,29.27195167541504
2012-11-09,29.280561447143555
2012-11-12,29.349483489990234
2012-11-13,29.25472068786621
2012-11-14,28.798006057739258
2012-11-15,28.77215576171875
2012-11-16,28.9100341796875
2012-11-19,29.5390567779541
2012-11-20,29.530452728271484
2012-11-21,29.63385009765625
2012-11-23,29.900989532470703
2012-11-26,30.056095123291016
2012-11-27,29.95269203186035
2012-11-28,30.20258903503418
2012-11-29,30.331844329833984
2012-11-30,30.323211669921875
2012-12-03,30.176725387573242
2012-12-04,30.125028610229492
2012-12-05,30.030242919921875
2012-12-06,30.116418838500977
2012-12-07,30.08194351196289
2012-12-10,30.09918785095215
2012-12-11,30.357688903808594
2012-12-12,30.28013801574707
2012-12-13,30.107789993286133
2012-12-14,29.87512969970703
2012-12-17,30.219818115234375
2012-12-18,30.5300235748291
2012-12-19,30.343626022338867
2012-12-20,30.421669006347656
2012-12-21,30.18758201599121
2012-12-24,30.10955047607422
2012-12-26,29.910154342651367
2012-12-27,29.953502655029297
2012-12-28,29.563371658325195
2012-12-31,30.09221076965332
2013-01-02,30.889802932739258
2013-01-03,30.75977325439453
2013-01-04,30.837812423706055
2013-01-07,30.794448852539062
2013-01-08,30.725107192993164
2013-01-09,30.803125381469727
2013-01-10,30.985191345214844
2013-01-11,31.045881271362305
2013-01-14,30.90714454650879
2013-01-15,30.85515022277832
2013-01-16,30.889802932739258
2013-01-17,31.08055305480957
2013-01-18,31.132572174072266
2013-01-22,31.1759090423584
2013-01-23,31.39264488220215
2013-01-24,31.184587478637695
2013-01-25,31.245267868041992
2013-01-28,31.22791862487793
2013-01-29,31.366641998291016
2013-01-30,31.22791862487793
2013-01-31,31.1759090423584
2013-02-01,31.470685958862305
2013-02-04,31.08055305480957
2013-02-05,31.409976959228516
2013-02-06,31.37531852722168
2013-02-07,31.366641998291016
2013-02-08,31.65274429321289
2013-02-11,31.59206199645996
2013-02-12,31.531370162963867
2013-02-13,31.522693634033203
2013-02-14,31.566051483154297
2013-02-15,31.5487060546875
2013-02-19,31.748111724853516
2013-02-20,31.418678283691406
2013-02-21,31.271276473999023
2013-02-22,31.514022827148438
2013-02-25,31.14989471435547
2013-02-26,31.253944396972656
2013-02-27,31.65274429321289
2013-02-28,31.522693634033203
2013-03-01,31.644067764282227
2013-03-04,31.739425659179688
2013-03-05,32.060203552246094
2013-03-06,32.10356140136719
2013-03-07,32.129573822021484
2013-03-08,32.22493362426758
2013-03-11,32.32896041870117
2013-03-12,32.24227523803711
2013-03-13,32.26829528808594
2013-03-14,32.459014892578125
2013-03-15,32.34632873535156
2013-03-18,32.22493362426758
2013-03-19,32.18157196044922
2013-03-20,32.363651275634766
2013-03-21,32.11223602294922
2013-03-22,32.363651275634766
2013-03-25,32.32969665527344
2013-03-26,32.59956741333008
2013-03-27,32.53861618041992
2013-03-28,32.67789840698242
2013-04-01,32.51250076293945
2013-04-02,32.74753952026367
2013-04-03,32.48638916015625
2013-04-04,32.53861618041992
2013-04-05,32.33842086791992
2013-04-08,32.5560417175293
2013-04-09,32.669189453125
2013-04-10,33.13054656982422
2013-04-11,33.182769775390625
2013-04-12,33.15665817260742
2013-04-15,32.460262298583984
2013-04-16,32.956443786621094
2013-04-17,32.477699279785156
2013-04-18,32.2165412902832
2013-04-19,32.48638916015625
2013-04-22,32.69530487060547
2013-04-23,32.94773864746094
2013-04-24,32.921634674072266
2013-04-25,33.06092071533203
2013-04-26,33.06959533691406
2013-04-29,33.34816360473633
2013-04-30,33.45262145996094
2013-05-01,33.208900451660156
2013-05-02,33.59191131591797
2013-05-03,33.91399002075195
2013-05-06,33.96620559692383
2013-05-07,34.06195068359375
2013-05-08,34.192527770996094
2013-05-09,34.14030075073242
2013-05-10,34.25346374511719
2013-05-13,34.314414978027344
2013-05-14,34.54942321777344
2013-05-15,34.706111907958984
2013-05-16,34.5233154296875
2013-05-17,34.81927490234375
2013-05-20,34.81927490234375
2013-05-21,34.81927490234375
2013-05-22,34.54942321777344
2013-05-23,34.48849105834961
2013-05-24,34.38404083251953
2013-05-28,34.66259002685547
2013-05-29,34.34922790527344
2013-05-30,34.45367431640625
2013-05-31,33.96620559692383
2013-06-03,34.192527770996094
2013-06-04,34.0184440612793
2013-06-05,33.53097152709961
2013-06-06,33.713768005371094
2013-06-07,34.22734451293945
2013-06-10,34.1838264465332
2013-06-11,33.90528106689453
2013-06-12,33.59191131591797
2013-06-13,34.00102996826172
2013-06-14,33.86174011230469
2013-06-17,34.079383850097656
2013-06-18,34.34922790527344
2013-06-19,33.940086364746094
2013-06-20,32.999977111816406
2013-06-21,33.06959533691406
2013-06-24,32.70401382446289
2013-06-25,32.973854064941406
2013-06-26,33.30462646484375
2013-06-27,33.41780471801758
2013-06-28,33.174076080322266
2013-07-01,33.45262145996094
2013-07-02,33.44125747680664
2013-07-03,33.55500030517578
2013-07-05,33.826236724853516
2013-07-08,34.00997543334961
2013-07-09,34.20246505737305
2013-07-10,34.24622344970703
2013-07-11,34.797447204589844
2013-07-12,34.797447204589844
2013-07-15,34.91118621826172
2013-07-16,34.823707580566406
2013-07-17,34.91118621826172
2013-07-18,34.93743896484375
2013-07-19,34.77993392944336
2013-07-22,34.88494110107422
2013-07-23,34.797447204589844
2013-07-24,34.75369644165039
2013-07-25,34.91118621826172
2013-07-26,34.98994064331055
2013-07-29,34.919944763183594
2013-07-30,34.98994064331055
2013-07-31,34.88494110107422
2013-08-01,35.261192321777344
2013-08-02,35.374916076660156
2013-08-05,35.40991973876953
2013-08-06,35.18242645263672
2013-08-07,35.10367965698242
2013-08-08,35.25242614746094
2013-08-09,35.1124382019043
2013-08-12,35.121185302734375
2013-08-13,35.199928283691406
2013-08-14,35.0074348449707
2013-08-15,34.578712463378906
2013-08-16,34.47372055053711
2013-08-19,34.38622283935547
2013-08-20,34.44746017456055
2013-08-21,34.298728942871094
2013-08-22,34.578712463378906
2013-08-23,34.797447204589844
2013-08-26,34.74496841430664
2013-08-27,34.20246505737305
2013-08-28,34.25496292114258
2013-08-29,34.41245651245117
2013-08-30,34.31621551513672
2013-09-03,34.43871307373047
2013-09-04,34.67494583129883
2013-09-05,34.75369644165039
2013-09-06,34.77119445800781
2013-09-09,35.1124382019043
2013-09-10,35.36618423461914
2013-09-11,35.488677978515625
2013-09-12,35.488677978515625
2013-09-13,35.52365493774414
2013-09-16,35.70742416381836
2013-09-17,35.89989471435547
2013-09-18,36.36363983154297
2013-09-19,36.40739059448242
2013-09-20,36.18865203857422
2013-09-23,36.10114669799805
2013-09-24,35.97642517089844
2013-09-25,35.81833267211914
2013-09-26,36.02912521362305
2013-09-27,35.94130325317383
2013-09-30,35.78319549560547
2013-10-01,36.06426239013672
2013-10-02,35.90615463256836
2013-10-03,35.61629104614258
2013-10-04,35.93250274658203
2013-10-07,35.6075325012207
2013-10-08,35.08930587768555
2013-10-09,35.06296920776367
2013-10-10,35.89737319946289
2013-10-11,36.09939193725586
2013-10-14,36.31019973754883
2013-10-15,36.073036193847656
2013-10-16,36.57368850708008
2013-10-17,36.78449249267578
2013-10-18,37.11825942993164
2013-10-21,37.09189224243164
2013-10-22,37.32905197143555
2013-10-23,37.23242950439453
2013-10-24,37.41688537597656
2013-10-25,37.627681732177734
2013-10-28,37.74187088012695
2013-10-29,37.90876007080078
2013-10-30,37.72428894042969
2013-10-31,37.67158889770508
2013-11-01,37.71551513671875
2013-11-04,37.812129974365234
2013-11-05,37.75065612792969
2013-11-06,37.92631912231445
2013-11-07,37.4608154296875
2013-11-08,37.7857780456543
2013-11-11,37.8033447265625
2013-11-12,37.768226623535156
2013-11-13,38.137115478515625
2013-11-14,38.38304901123047
2013-11-15,38.462100982666016
2013-11-18,38.295223236083984
2013-11-19,38.181034088134766
2013-11-20,38.01414489746094
2013-11-21,38.23372268676758
2013-11-22,38.523590087890625
2013-11-25,38.44451904296875
2013-11-26,38.576290130615234
2013-11-27,38.73438262939453
2013-11-29,38.883689880371094
2013-12-02,38.7431526184082
2013-12-03,38.523590087890625
2013-12-04,38.50600051879883
2013-12-05,38.39182662963867
2013-12-06,38.7607421875
2013-12-09,38.82221984863281
2013-12-10,38.68169403076172
2013-12-11,38.31276321411133
2013-12-12,38.1546745300293
2013-12-13,38.1546745300293
2013-12-16,38.40939712524414
2013-12-17,38.330345153808594
2013-12-18,38.84856033325195
2013-12-19,38.82221984863281
2013-12-20,39.129638671875
2013-12-23,39.35020446777344
2013-12-24,39.429622650146484
2013-12-26,39.69429397583008
2013-12-27,39.632545471191406
2013-12-30,39.65901184082031
2013-12-31,39.84428024291992
2014-01-02,39.5090217590332
2014-01-03,39.41197204589844
2014-01-06,39.200225830078125
2014-01-07,39.464900970458984
2014-01-08,39.464900970458984
2014-01-09,39.5090217590332
2014-01-10,39.6060676574707
2014-01-13,39.05903244018555
2014-01-14,39.5178337097168
2014-01-15,39.8001823425293
2014-01-16,39.782535552978516
2014-01-17,39.65018844604492
2014-01-21,39.86193084716797
2014-01-22,39.879573822021484
2014-01-23,39.59724807739258
2014-01-24,38.944366455078125
2014-01-27,38.5208625793457
2014-01-28,38.60908126831055
2014-01-29,38.21204376220703
2014-01-30,38.741424560546875
2014-01-31,38.556148529052734
2014-02-03,37.64738464355469
2014-02-04,37.973819732666016
2014-02-05,37.9826545715332
2014-02-06,38.31792449951172
2014-02-07,38.891414642333984
2014-02-10,39.041404724121094
2014-02-11,39.456077575683594
2014-02-12,39.464900970458984
2014-02-13,39.773704528808594
2014-02-14,39.88840103149414
2014-02-18,39.94132614135742
2014-02-19,39.570777893066406
2014-02-20,39.870750427246094
2014-02-21,39.782535552978516
2014-02-24,39.97663116455078
2014-02-25,39.93252182006836
2014-02-26,39.97663116455078
2014-02-27,40.206031799316406
2014-02-28,40.276607513427734
2014-03-03,40.038387298583984
2014-03-04,40.65599822998047
2014-03-05,40.64716720581055
2014-03-06,40.629520416259766
2014-03-07,40.52366256713867
2014-03-10,40.58540344238281
2014-03-11,40.40895080566406
2014-03-12,40.47953796386719
2014-03-13,39.97663116455078
2014-03-14,39.80897903442383
2014-03-17,40.144264221191406
2014-03-18,40.532470703125
2014-03-19,40.2413215637207
2014-03-20,40.400146484375
2014-03-21,40.108985900878906
2014-03-24,39.94132614135742
2014-03-25,40.120201110839844
2014-03-26,39.74830627441406
2014-03-27,39.650909423828125
2014-03-28,39.7306022644043
2014-03-31,40.111351013183594
2014-04-01,40.4566764831543
2014-04-02,40.58063888549805
2014-04-03,40.43012237548828
2014-04-04,39.757164001464844
2014-04-07,39.49152374267578
2014-04-08,39.60663604736328
2014-04-09,40.14677047729492
2014-04-10,39.32328796386719
2014-04-11,38.880558013916016
2014-04-14,39.18162155151367
2014-04-15,39.37641906738281
2014-04-16,39.87227249145508
2014-04-17,39.925411224365234
2014-04-21,40.06707000732422
2014-04-22,40.28843688964844
2014-04-23,40.16447067260742
2014-04-24,40.23531723022461
2014-04-25,39.8457145690918
2014-04-28,40.10249710083008
2014-04-29,40.24418258666992
2014-04-30,40.35042953491211
2014-05-01,40.36813735961914
2014-05-02,40.33272171020508
2014-05-05,40.52751541137695
2014-05-06,40.173343658447266
2014-05-07,40.27958679199219
2014-05-08,40.253028869628906
2014-05-09,40.39469528198242
2014-05-12,40.83742141723633
2014-05-13,40.86399841308594
2014-05-14,40.651485443115234
2014-05-15,40.27073669433594
2014-05-16,40.483245849609375
2014-05-19,40.6869010925293
2014-05-20,40.43896484375
2014-05-21,40.793148040771484
2014-05-22,40.925968170166016
2014-05-23,41.11192321777344
2014-05-27,41.37757110595703
2014-05-28,41.37757110595703
2014-05-29,41.53693771362305
2014-05-30,41.69633483886719
2014-06-02,41.678611755371094
2014-06-03,41.572357177734375
2014-06-04,41.705177307128906
2014-06-05,41.96194839477539
2014-06-06,42.094791412353516
2014-06-09,42.13905334472656
2014-06-10,42.10363006591797
2014-06-11,42.00623321533203
2014-06-12,41.634342193603516
2014-06-13,41.69633483886719
2014-06-16,41.7406005859375
2014-06-17,41.76716232299805
2014-06-18,42.10363006591797
2014-06-19,42.11249542236328
2014-06-20,42.12134552001953
2014-06-23,42.08592987060547
2014-06-24,41.873416900634766
2014-06-25,42.14789962768555
2014-06-26,42.07707214355469
2014-06-27,42.24530792236328
2014-06-30,42.2718620300293
2014-07-01,42.670326232910156
2014-07-02,42.67921829223633
2014-07-03,42.89267349243164
2014-07-07,42.77703857421875
2014-07-08,42.447994232177734
2014-07-09,42.643653869628906
2014-07-10,42.50136184692383
2014-07-11,42.634761810302734
2014-07-14,42.92823791503906
2014-07-15,42.74148178100586
2014-07-16,42.78594970703125
2014-07-17,42.243446350097656
2014-07-18,42.77703857421875
2014-07-21,42.69703674316406
2014-07-22,42.901554107666016
2014-07-23,43.07942581176758
2014-07-24,43.070533752441406
2014-07-25,42.83931350708008
2014-07-28,42.83931350708008
2014-07-29,42.71479797363281
2014-07-30,42.768165588378906
2014-07-31,41.9055061340332
2014-08-01,41.736515045166016
2014-08-04,42.15451431274414
2014-08-05,41.736515045166016
2014-08-06,41.64760208129883
2014-08-07,41.478614807128906
2014-08-08,41.87881851196289
2014-08-11,42.10115051269531
2014-08-12,42.00333023071289
2014-08-13,42.367958068847656
2014-08-14,42.519142150878906
2014-08-15,42.60807418823242
2014-08-18,43.01716613769531
2014-08-19,43.27508544921875
2014-08-20,43.42626953125
2014-08-21,43.40847396850586
2014-08-22,43.42626953125
2014-08-25,43.604129791259766
2014-08-26,43.684173583984375
2014-08-27,43.586341857910156
2014-08-28,43.53299331665039
2014-08-29,43.61302947998047
2014-09-02,43.67527770996094
2014-09-03,43.53299331665039
2014-09-04,43.39069747924805
2014-09-05,43.577457427978516
2014-09-08,43.586341857910156
2014-09-09,43.3017463684082
2014-09-10,43.577457427978516
2014-09-11,43.56856155395508
2014-09-12,43.29285430908203
2014-09-15,43.15946578979492
2014-09-16,43.51519775390625
2014-09-17,43.684173583984375
2014-09-18,43.82646942138672
2014-09-19,43.87982177734375
2014-09-22,43.461830139160156
2014-09-23,43.39958953857422
2014-09-24,43.73600769042969
2014-09-25,43.05779266357422
2014-09-26,43.38798141479492
2014-09-29,43.40583801269531
2014-09-30,43.33442687988281
2014-10-01,42.7454719543457
2014-10-02,42.754390716552734
2014-10-03,43.20058822631836
2014-10-06,43.12026596069336
2014-10-07,42.51344680786133
2014-10-08,43.316585540771484
2014-10-09,42.54912567138672
2014-10-10,42.02262878417969
2014-10-13,41.344425201416016
2014-10-14,41.201622009277344
2014-10-15,40.916072845458984
2014-10-16,40.94283676147461
2014-10-17,41.460418701171875
2014-10-20,41.9066162109375
2014-10-21,42.67407989501953
2014-10-22,42.37065124511719
2014-10-23,42.93287658691406
2014-10-24,43.26304626464844
2014-10-27,43.20058822631836
2014-10-28,43.682464599609375
2014-10-29,43.593238830566406
2014-10-30,43.89664077758789
2014-10-31,44.33390426635742
2014-11-03,44.44099044799805
2014-11-04,44.26251220703125
2014-11-05,44.396385192871094
2014-11-06,44.56594467163086
2014-11-07,44.53916549682617
2014-11-10,44.690860748291016
2014-11-11,44.76226043701172
2014-11-12,44.815799713134766
2014-11-13,44.94073486328125
2014-11-14,44.91396713256836
2014-11-17,44.87828826904297
2014-11-18,45.163841247558594
2014-11-19,45.07460403442383
2014-11-20,45.13705825805664
2014-11-21,45.378028869628906
2014-11-24,45.60111618041992
2014-11-25,45.583255767822266
2014-11-26,45.779605865478516
2014-11-28,45.824214935302734
2014-12-01,45.378028869628906
2014-12-02,45.54757308959961
2014-12-03,45.69927978515625
2014-12-04,45.6546516418457
2014-12-05,45.6546516418457
2014-12-08,45.35124588012695
2014-12-09,45.30661392211914
2014-12-10,44.64625549316406
2014-12-11,45.03891372680664
2014-12-12,44.51239013671875
2014-12-15,43.843101501464844
2014-12-16,43.47722244262695
2014-12-17,44.19112777709961
2014-12-18,45.13705825805664
2014-12-19,45.45832824707031
2014-12-22,45.55649185180664
2014-12-23,45.62789535522461
2014-12-24,45.626094818115234
2014-12-26,45.867923736572266
2014-12-29,45.90373611450195
2014-12-30,45.64399719238281
2014-12-31,45.16928482055664
2015-01-02,45.10658645629883
2015-01-05,44.35421371459961
2015-01-06,43.94221115112305
2015-01-07,44.5064811706543
2015-01-08,45.33051681518555
2015-01-09,44.99015426635742
2015-01-12,44.67666244506836
2015-01-13,44.60500717163086
2015-01-14,44.37211990356445
2015-01-15,44.01386260986328
2015-01-16,44.551273345947266
2015-01-20,44.75728988647461
2015-01-21,44.91849899291992
2015-01-22,45.563385009765625
2015-01-23,45.491737365722656
2015-01-26,45.572349548339844
2015-01-27,44.748321533203125
2015-01-28,44.390045166015625
2015-01-29,44.92745590209961
2015-01-30,44.4527473449707
2015-02-02,44.91849899291992
2015-02-03,45.491737365722656
2015-02-04,45.384246826171875
2015-02-05,45.83209228515625
2015-02-06,45.67087173461914
2015-02-09,45.491737365722656
2015-02-10,46.0649528503418
2015-02-11,46.23516082763672
2015-02-12,46.53072738647461
2015-02-13,46.70986557006836
2015-02-17,46.799434661865234
2015-02-18,46.88005447387695
2015-02-19,47.06813430786133
2015-02-20,47.28310775756836
2015-02-23,47.435386657714844
2015-02-24,47.50703048706055
2015-02-25,47.435386657714844
2015-02-26,47.50703048706055
2015-02-27,47.42641830444336
2015-03-02,47.704078674316406
2015-03-03,47.5876350402832
2015-03-04,47.363704681396484
2015-03-05,47.399539947509766
2015-03-06,46.781517028808594
2015-03-09,46.978572845458984
2015-03-10,46.226192474365234
2015-03-11,45.92167663574219
2015-03-12,46.459068298339844
2015-03-13,46.23516082763672
2015-03-16,46.7546501159668
2015-03-17,46.745704650878906
2015-03-18,47.22936248779297
2015-03-19,47.16666793823242
2015-03-20,47.60555648803711
2015-03-23,47.49806594848633
2015-03-24,47.274147033691406
2015-03-25,46.48472213745117
2015-03-26,46.49371337890625
2015-03-27,46.457740783691406
2015-03-30,47.01519775390625
2015-03-31,46.55664825439453
2015-04-01,46.349857330322266
2015-04-02,46.520694732666016
2015-04-06,46.835384368896484
2015-04-07,46.754451751708984
2015-04-08,46.89832305908203
2015-04-09,47.15006637573242
2015-04-10,47.347877502441406
2015-04-13,47.114112854003906
2015-04-14,47.06915283203125
2015-04-15,47.33888626098633
2015-04-16,47.25798034667969
2015-04-17,46.68252182006836
2015-04-20,47.27595138549805
2015-04-21,47.27595138549805
2015-04-22,47.56365966796875
2015-04-23,47.716514587402344
2015-04-24,48.01322555541992
2015-04-27,47.8154296875
2015-04-28,47.878353118896484
2015-04-29,47.60862731933594
2015-04-30,47.01519775390625
2015-05-01,47.58164596557617
2015-05-04,47.67155075073242
2015-05-05,47.06915283203125
2015-05-06,46.610595703125
2015-05-07,47.105106353759766
2015-05-08,47.770469665527344
2015-05-11,47.58164596557617
2015-05-12,47.43778991699219
2015-05-13,47.37483596801758
2015-05-14,48.04019546508789
2015-05-15,48.04918670654297
2015-05-18,48.184059143066406
2015-05-19,48.13010025024414
2015-05-20,48.26498031616211
2015-05-21,48.26498031616211
2015-05-22,48.184059143066406
2015-05-26,47.707542419433594
2015-05-27,48.19306182861328
2015-05-28,48.12112808227539
2015-05-29,47.72551345825195
2015-06-01,47.896339416503906
2015-06-02,47.84239196777344
2015-06-03,47.95030975341797
2015-06-04,47.56365966796875
2015-06-05,47.39283752441406
2015-06-08,47.06915283203125
2015-06-09,46.98822784423828
2015-06-10,47.60862731933594
2015-06-11,47.716514587402344
2015-06-12,47.356868743896484
2015-06-15,47.141075134277344
2015-06-16,47.36587142944336
2015-06-17,47.527706146240234
2015-06-18,47.98624038696289
2015-06-19,47.824405670166016
2015-06-22,48.14809036254883
2015-06-23,48.1570930480957
2015-06-24,47.94130325317383
2015-06-25,47.788448333740234
2015-06-26,47.68055725097656
2015-06-29,46.68252182006836
2015-06-30,46.84435272216797
2015-07-01,47.26694869995117
2015-07-02,47.2534065246582
2015-07-06,47.1811637878418
2015-07-07,47.44307327270508
2015-07-08,46.66634750366211
2015-07-09,46.783782958984375
2015-07-10,47.48823547363281
2015-07-13,48.093345642089844
2015-07-14,48.31913757324219
2015-07-15,48.30108642578125
2015-07-16,48.81587219238281
2015-07-17,49.30357360839844
2015-07-20,49.529380798339844
2015-07-21,49.28553771972656
2015-07-22,48.95134353637695
2015-07-23,48.617183685302734
2015-07-24,48.201717376708984
2015-07-27,47.903690338134766
2015-07-28,48.50880813598633
2015-07-29,48.70748519897461
2015-07-30,48.779747009277344
2015-07-31,48.824913024902344
2015-08-03,48.6713752746582
2015-08-04,48.5991325378418
2015-08-05,48.80685806274414
2015-08-06,48.24688720703125
2015-08-07,48.10237503051758
2015-08-10,48.60814666748047
2015-08-11,48.192710876464844
2015-08-12,48.201717376708984
2015-08-13,48.201717376708984
2015-08-14,48.31010818481445
2015-08-17,48.689430236816406
2015-08-18,48.617183685302734
2015-08-19,48.31010818481445
2015-08-20,47.21727752685547
2015-08-21,45.60062026977539
2015-08-24,43.74913787841797
2015-08-25,43.378849029541016
2015-08-26,45.28451919555664
2015-08-27,46.341217041015625
2015-08-28,46.32313919067383
2015-08-31,45.78125762939453
2015-09-01,44.50778579711914
2015-09-02,45.438045501708984
2015-09-03,45.37482833862305
2015-09-04,44.869041442871094
2015-09-08,45.916725158691406
2015-09-09,45.33870315551758
2015-09-10,45.618675231933594
2015-09-11,45.92577362060547
2015-09-14,45.808353424072266
2015-09-15,46.42250061035156
2015-09-16,46.711509704589844
2015-09-17,46.83795166015625
2015-09-18,46.16058349609375
2015-09-21,46.31412887573242
2015-09-22,45.763179779052734
2015-09-23,45.69996643066406
2015-09-24,45.618675231933594
2015-09-25,45.3095703125
2015-09-28,44.04039001464844
2015-09-29,44.0494384765625
2015-09-30,44.82001876831055
2015-10-01,45.082916259765625
2015-10-02,45.66312026977539
2015-10-05,46.37023162841797
2015-10-06,46.09825134277344
2015-10-07,46.35210037231445
2015-10-08,46.669368743896484
2015-10-09,46.905086517333984
2015-10-12,47.01386642456055
2015-10-13,46.75096130371094
2015-10-14,46.44274139404297
2015-10-15,47.186126708984375
2015-10-16,47.43088912963867
2015-10-19,47.61219024658203
2015-10-20,47.42182922363281
2015-10-21,47.15892028808594
2015-10-22,47.92949676513672
2015-10-23,48.81791687011719
2015-10-26,48.86323165893555
2015-10-27,48.87230682373047
2015-10-28,49.34371566772461
2015-10-29,49.40717697143555
2015-10-30,49.171470642089844
2015-11-02,49.651947021484375
2015-11-03,49.679141998291016
2015-11-04,49.56128692626953
2015-11-05,49.670066833496094
2015-11-06,49.534088134765625
2015-11-09,49.108009338378906
2015-11-10,49.108009338378906
2015-11-11,49.08987808227539
2015-11-12,48.491554260253906
2015-11-13,47.820701599121094
2015-11-16,48.4281005859375
2015-11-17,48.500633239746094
2015-11-18,49.41624450683594
2015-11-19,49.40717697143555
2015-11-20,49.7335319519043
2015-11-23,49.6610107421875
2015-11-24,49.60662078857422
2015-11-25,49.651947021484375
2015-11-27,49.688201904296875
2015-11-30,49.34371566772461
2015-12-01,49.860450744628906
2015-12-02,49.43437576293945
2015-12-03,48.736328125
2015-12-04,49.84231948852539
2015-12-07,49.59754180908203
2015-12-08,49.49783706665039
2015-12-09,48.87230682373047
2015-12-10,49.108009338378906
2015-12-11,48.0836067199707
2015-12-14,48.446224212646484
2015-12-15,48.72726058959961
2015-12-16,49.570350646972656
2015-12-17,48.83604431152344
2015-12-18,47.93855667114258
2015-12-21,48.26491928100586
2015-12-22,48.61846923828125
2015-12-23,49.108009338378906
2015-12-24,49.0625
2015-12-28,49.044288635253906
2015-12-29,49.62685775756836
2015-12-30,49.37199020385742
2015-12-31,48.734806060791016
2016-01-04,47.81546401977539
2016-01-05,47.952003479003906
2016-01-06,47.51508331298828
2016-01-07,46.25892639160156
2016-01-08,45.894832611083984
2016-01-11,46.01316452026367
2016-01-12,46.495582580566406
2016-01-13,45.09380340576172
2016-01-14,45.87662124633789
2016-01-15,44.90264892578125
2016-01-19,45.121116638183594
2016-01-20,44.82982635498047
2016-01-21,44.96638107299805
2016-01-22,45.976741790771484
2016-01-25,45.457923889160156
2016-01-26,45.76739501953125
2016-01-27,44.98457717895508
2016-01-28,45.3577880859375
2016-01-29,46.26803970336914
2016-02-01,46.495582580566406
2016-02-02,45.72187805175781
2016-02-03,45.82200241088867
2016-02-04,45.75828552246094
2016-02-05,44.54766082763672
2016-02-08,43.97420120239258
2016-02-09,44.05611038208008
2016-02-10,44.128936767578125
2016-02-11,43.746639251708984
2016-02-12,44.420223236083984
2016-02-16,45.18483352661133
2016-02-17,46.0313720703125
2016-02-18,45.71278381347656
2016-02-19,45.776493072509766
2016-02-22,46.37726974487305
2016-02-23,45.82200241088867
2016-02-24,46.07688522338867
2016-02-25,46.550201416015625
2016-02-26,46.413665771484375
2016-02-29,46.0313720703125
2016-03-01,47.27840805053711
2016-03-02,47.19648742675781
2016-03-03,47.29661560058594
2016-03-04,47.37854766845703
2016-03-07,47.16007995605469
2016-03-08,46.98714065551758
2016-03-09,47.05083465576172
2016-03-10,47.123661041259766
2016-03-11,47.76994705200195
2016-03-14,47.83366394042969
2016-03-15,47.85186004638672
2016-03-16,48.18865966796875
2016-03-17,48.33430862426758
2016-03-18,48.498138427734375
2016-03-21,48.62559509277344
2016-03-22,48.652889251708984
2016-03-23,48.389793395996094
2016-03-24,48.40805435180664
2016-03-28,48.44459533691406
2016-03-29,49.02926254272461
2016-03-30,49.23937225341797
2016-03-31,49.08406448364258
2016-04-01,49.60478210449219
2016-04-04,49.49515914916992
2016-04-05,49.08406448364258
2016-04-06,49.6870002746582
2016-04-07,49.102333068847656
2016-04-08,49.0657844543457
2016-04-11,48.9013557434082
2016-04-12,49.3489875793457
2016-04-13,49.769229888916016
2016-04-14,49.778358459472656
2016-04-15,49.7326774597168
2016-04-18,49.99759292602539
2016-04-19,49.9153938293457
2016-04-20,49.88797378540039
2016-04-21,49.750938415527344
2016-04-22,49.44949722290039
2016-04-25,49.403804779052734
2016-04-26,49.2941780090332
2016-04-27,49.07493209838867
2016-04-28,48.6638298034668
2016-04-29,48.48114776611328
2016-05-02,48.9013557434082
2016-05-03,48.58163070678711
2016-05-04,48.389793395996094
2016-05-05,48.40805435180664
2016-05-06,48.618167877197266
2016-05-09,48.764339447021484
2016-05-10,49.394676208496094
2016-05-11,48.819149017333984
2016-05-12,48.718658447265625
2016-05-13,48.44459533691406
2016-05-16,48.93790054321289
2016-05-17,48.3441162109375
2016-05-18,48.28929901123047
2016-05-19,48.10659408569336
2016-05-20,48.389793395996094
2016-05-23,48.23448944091797
2016-05-24,49.001853942871094
2016-05-25,49.2485237121582
2016-05-26,49.339866638183594
2016-05-27,49.513431549072266
2016-05-31,49.46776580810547
2016-06-01,49.513431549072266
2016-06-02,49.586524963378906
2016-06-03,49.60478210449219
2016-06-06,49.76009750366211
2016-06-07,49.66873550415039
2016-06-08,49.87884521484375
2016-06-09,49.80575942993164
2016-06-10,49.43122482299805
2016-06-13,49.02926254272461
2016-06-14,49.001853942871094
2016-06-15,48.92877197265625
2016-06-16,49.0657844543457
2016-06-17,48.709529876708984
2016-06-20,48.974456787109375
2016-06-21,49.001853942871094
2016-06-22,48.92877197265625
2016-06-23,49.38554382324219
2016-06-24,47.85993576049805
2016-06-27,47.11085891723633
2016-06-28,47.978702545166016
2016-06-29,48.72779846191406
2016-06-30,49.1754150390625
2016-07-01,49.43122482299805
2016-07-05,49.23937225341797
2016-07-06,49.530303955078125
2016-07-07,49.53947067260742
2016-07-08,50.29201889038086
2016-07-11,50.448055267333984
2016-07-12,50.67748260498047
2016-07-13,50.64076232910156
2016-07-14,50.91607666015625
2016-07-15,50.851844787597656
2016-07-18,51.06292724609375
2016-07-19,50.91607666015625
2016-07-20,51.32905960083008
2016-07-21,51.11798858642578
2016-07-22,51.283180236816406
2016-07-25,51.191410064697266
2016-07-26,51.06292724609375
2016-07-27,51.25564193725586
2016-07-28,51.430023193359375
2016-07-29,51.45753860473633
2016-08-01,51.68697738647461
2016-08-02,51.43918991088867
2016-08-03,51.40247344970703
2016-08-04,51.558494567871094
2016-08-05,51.76959228515625
2016-08-08,51.64107894897461
2016-08-09,51.81547164916992
2016-08-10,51.70534133911133
2016-08-11,51.9990119934082
2016-08-12,51.86134338378906
2016-08-15,51.989845275878906
2016-08-16,51.65027618408203
2016-08-17,51.751216888427734
2016-08-18,51.732872009277344
2016-08-19,51.67780685424805
2016-08-22,51.732872009277344
2016-08-23,51.83381271362305
2016-08-24,51.38411331176758
2016-08-25,51.34741973876953
2016-08-26,51.31070327758789
2016-08-29,51.430023193359375
2016-08-30,51.23727798461914
2016-08-31,51.17304611206055
2016-09-01,51.200584411621094
2016-09-02,51.430023193359375
2016-09-06,51.62273406982422
2016-09-07,51.64107894897461
2016-09-08,51.37495422363281
2016-09-09,50.27367401123047
2016-09-12,50.90690994262695
2016-09-13,50.383792877197266
2016-09-14,50.46638488769531
2016-09-15,51.053741455078125
2016-09-16,50.943603515625
2016-09-19,50.78759002685547
2016-09-20,50.943603515625
2016-09-21,51.45753860473633
2016-09-22,51.77874755859375
2016-09-23,51.558494567871094
2016-09-26,51.08610916137695
2016-09-27,51.47285079956055
2016-09-28,51.500484466552734
2016-09-29,51.12295913696289
2016-09-30,51.43602752685547
2016-10-03,51.30710983276367
2016-10-04,51.11373519897461
2016-10-05,51.18741226196289
2016-10-06,51.25187301635742
2016-10-07,51.067710876464844
2016-10-10,51.279483795166016
2016-10-11,50.727012634277344
2016-10-12,50.819087982177734
2016-10-13,50.6901741027832
2016-10-14,50.80067825317383
2016-10-17,50.55207443237305
2016-10-18,50.984832763671875
2016-10-19,50.984832763671875
2016-10-20,50.929588317871094
2016-10-21,51.1597900390625
2016-10-24,51.55572509765625
2016-10-25,51.279483795166016
2016-10-26,51.12295913696289
2016-10-27,50.9480094909668
2016-10-28,50.625728607177734
2016-10-31,50.54285430908203
2016-11-01,50.14691925048828
2016-11-02,49.898284912109375
2016-11-03,49.48392868041992
2016-11-04,49.456302642822266
2016-11-07,50.57968521118164
2016-11-08,50.819087982177734
2016-11-09,51.1597900390625
2016-11-10,50.84672546386719
2016-11-11,50.77305603027344
2016-11-14,50.33108139038086
2016-11-15,50.717811584472656
2016-11-16,50.892765045166016
2016-11-17,51.26108932495117
2016-11-18,51.067710876464844
2016-11-21,51.518898010253906
2016-11-22,51.675437927246094
2016-11-23,51.518898010253906
2016-11-25,51.675437927246094
2016-11-28,51.546531677246094
2016-11-29,51.76752853393555
2016-11-30,51.279483795166016
2016-12-01,50.819087982177734
2016-12-02,50.837520599365234
2016-12-05,51.141361236572266
2016-12-06,51.17820739746094
2016-12-07,51.85039138793945
2016-12-08,51.86881637573242
2016-12-09,52.31999206542969
2016-12-12,52.22791290283203
2016-12-13,52.68831253051758
2016-12-14,52.43050765991211
2016-12-15,52.559417724609375
2016-12-16,52.45812225341797
2016-12-19,52.66070556640625
2016-12-20,52.79882049560547
2016-12-21,52.6975212097168
2016-12-22,52.518184661865234
2016-12-23,52.60139465332031
2016-12-27,52.758548736572266
2016-12-28,52.444236755371094
2016-12-29,52.425724029541016
2016-12-30,52.06521224975586
2017-01-03,52.46270751953125
2017-01-04,52.813995361328125
2017-01-05,53.008148193359375
2017-01-06,53.38717269897461
2017-01-09,53.368682861328125
2017-01-10,53.35020065307617
2017-01-11,53.377925872802734
2017-01-12,53.33171081542969
2017-01-13,53.44264602661133
2017-01-17,53.4149169921875
2017-01-18,53.488868713378906
2017-01-19,53.35944747924805
2017-01-20,53.39640808105469
2017-01-23,53.50735855102539
2017-01-24,53.74771499633789
2017-01-25,54.135990142822266
2017-01-26,54.14521789550781
2017-01-27,54.182193756103516
2017-01-30,53.89562225341797
2017-01-31,53.81242370605469
2017-02-01,53.99732208251953
2017-02-02,53.94184494018555
2017-02-03,54.182193756103516
2017-02-06,54.15446472167969
2017-02-07,54.339359283447266
2017-02-08,54.4410514831543
2017-02-09,54.69064712524414
2017-02-10,54.89402770996094
2017-02-13,55.180606842041016
2017-02-14,55.40249252319336
2017-02-15,55.726043701171875
2017-02-16,55.726043701171875
2017-02-17,55.85546112060547
2017-02-21,56.095821380615234
2017-02-22,56.169776916503906
2017-02-23,56.15129089355469
2017-02-24,56.30843734741211
2017-02-27,56.36391067504883
2017-02-28,56.24372863769531
2017-03-01,57.02028274536133
2017-03-02,56.687477111816406
2017-03-03,56.76143264770508
2017-03-06,56.650489807128906
2017-03-07,56.54879379272461
2017-03-08,56.650489807128906
2017-03-09,56.65973663330078
2017-03-10,56.84463119506836
2017-03-13,56.85386276245117
2017-03-14,56.75217056274414
2017-03-15,57.186683654785156
2017-03-16,57.04800033569336
2017-03-17,57.04800033569336
2017-03-20,57.029510498046875
2017-03-21,56.456356048583984
2017-03-22,56.6135139465332
2017-03-23,56.47483444213867
2017-03-24,56.45722579956055
2017-03-27,56.522132873535156
2017-03-28,56.85600280761719
2017-03-29,56.98582458496094
2017-03-30,57.06001281738281
2017-03-31,57.06001281738281
2017-04-03,56.9579963684082
2017-04-04,57.06001281738281
2017-04-05,56.88380813598633
2017-04-06,56.94872283935547
2017-04-07,56.9579963684082
2017-04-10,56.98582458496094
2017-04-11,56.81890106201172
2017-04-12,56.70761489868164
2017-04-13,56.522132873535156
2017-04-17,56.94872283935547
2017-04-18,56.86526870727539
2017-04-19,56.82816696166992
2017-04-20,57.29184341430664
2017-04-21,57.19911575317383
2017-04-24,57.764793395996094
2017-04-25,58.12646484375
2017-04-26,58.07081985473633
2017-04-27,58.29338073730469
2017-04-28,58.46030044555664
2017-05-01,58.710693359375
2017-05-02,58.83125305175781
2017-05-03,58.58085632324219
2017-05-04,58.75706481933594
2017-05-05,58.95180130004883
2017-05-08,59.0074462890625
2017-05-09,59.044532775878906
2017-05-10,58.988895416259766
2017-05-11,58.95180130004883
2017-05-12,58.99818420410156
2017-05-15,59.10945510864258
2017-05-16,59.183631896972656
2017-05-17,58.061553955078125
2017-05-18,58.51595687866211
2017-05-19,58.70142364501953
2017-05-22,59.03527069091797
2017-05-23,59.12800216674805
2017-05-24,59.44331359863281
2017-05-25,59.869876861572266
2017-05-26,59.91625213623047
2017-05-30,59.97189712524414
2017-05-31,59.990447998046875
2017-06-01,60.34282302856445
2017-06-02,60.806522369384766
2017-06-05,60.769405364990234
2017-06-06,60.602481842041016
2017-06-07,60.81576919555664
2017-06-08,60.66740417480469
2017-06-09,60.03679275512695
2017-06-12,59.73078918457031
2017-06-13,60.1944580078125
2017-06-14,60.22227478027344
2017-06-15,60.01824951171875
2017-06-16,59.9440803527832
2017-06-19,60.59321594238281
2017-06-20,60.287193298339844
2017-06-21,60.574676513671875
2017-06-22,60.546836853027344
2017-06-23,60.70449447631836
2017-06-26,60.5375862121582
2017-06-27,59.82352828979492
2017-06-28,60.40774154663086
2017-06-29,59.59168243408203
2017-06-30,59.79570007324219
2017-07-03,59.471126556396484
2017-07-05,59.814231872558594
2017-07-06,59.346923828125
2017-07-07,59.84962463378906
2017-07-10,60.17545700073242
2017-07-11,60.18475341796875
2017-07-12,60.789886474609375
2017-07-13,60.85502624511719
2017-07-14,61.2367057800293
2017-07-17,61.24601364135742
2017-07-18,61.497352600097656
2017-07-19,61.8325080871582
2017-07-20,61.869747161865234
2017-07-21,61.87907028198242
2017-07-24,61.972137451171875
2017-07-25,61.94422149658203
2017-07-26,62.07453155517578
2017-07-27,61.88836669921875
2017-07-28,61.683563232421875
2017-07-31,61.48805618286133
2017-08-01,61.646331787109375
2017-08-02,61.8325080871582
2017-08-03,61.758026123046875
2017-08-04,61.79527282714844
2017-08-07,62.07453155517578
2017-08-08,62.00007629394531
2017-08-09,62.06523132324219
2017-08-10,61.003963470458984
2017-08-11,61.348411560058594
2017-08-14,62.06523132324219
2017-08-15,62.06523132324219
2017-08-16,62.20486831665039
2017-08-17,61.218101501464844
2017-08-18,61.087764739990234
2017-08-21,61.199466705322266
2017-08-22,61.94422149658203
2017-08-23,61.67424774169922
2017-08-24,61.56253433227539
2017-08-25,61.506690979003906
2017-08-28,61.66492462158203
2017-08-29,61.93490219116211
2017-08-30,62.36314392089844
2017-08-31,62.819297790527344
2017-09-01,62.819297790527344
2017-09-05,62.446903228759766
2017-09-06,62.549339294433594
2017-09-07,62.81000518798828
2017-09-08,62.57726287841797
2017-09-11,63.163734436035156
2017-09-12,63.266143798828125
2017-09-13,63.284767150878906
2017-09-14,63.079978942871094
2017-09-15,63.20100021362305
2017-09-18,63.18235397338867
2017-09-19,63.25682067871094
2017-09-20,63.21027374267578
2017-09-21,62.958919525146484
2017-09-22,62.930999755859375
2017-09-25,62.372440338134766
2017-09-26,62.524658203125
2017-09-27,62.907501220703125
2017-09-28,63.0195198059082
2017-09-29,63.32767105102539
2017-10-02,63.41172409057617
2017-10-03,63.505088806152344
2017-10-04,63.60781478881836
2017-10-05,64.0933609008789
2017-10-06,64.14939880371094
2017-10-09,64.15872955322266
2017-10-10,64.21475219726562
2017-10-11,64.43883514404297
2017-10-12,64.44819641113281
2017-10-13,64.56023406982422
2017-10-16,64.77501678466797
2017-10-17,64.82168579101562
2017-10-18,64.85906982421875
2017-10-19,64.77501678466797
2017-10-20,65.07380676269531
2017-10-23,64.70964813232422
2017-10-24,64.793701171875
2017-10-25,64.58827209472656
2017-10-26,64.59758758544922
2017-10-27,65.8768539428711
2017-10-30,65.86749267578125
2017-10-31,65.99823760986328
2017-11-01,65.9888916015625
2017-11-02,65.99823760986328
2017-11-03,66.3997802734375
2017-11-06,66.55848693847656
2017-11-07,66.65187072753906
2017-11-08,66.8572998046875
2017-11-09,66.58648681640625
2017-11-10,66.59587097167969
2017-11-13,66.66122436523438
2017-11-14,66.58648681640625
2017-11-15,66.06358337402344
2017-11-16,66.69856262207031
2017-11-17,66.44644165039062
2017-11-20,66.53047943115234
2017-11-21,67.21214294433594
2017-11-22,67.17478942871094
2017-11-24,67.46427154541016
2017-11-27,67.54830932617188
2017-11-28,67.79106903076172
2017-11-29,67.25882720947266
2017-11-30,67.8750991821289
2017-12-01,67.66967010498047
2017-12-04,67.11874389648438
2017-12-05,67.0907211303711
2017-12-06,67.2961654663086
2017-12-07,67.60430145263672
2017-12-08,67.94046783447266
2017-12-11,68.23926544189453
2017-12-12,68.30462646484375
2017-12-13,68.38867950439453
2017-12-14,68.3512954711914
2017-12-15,68.87422180175781
2017-12-18,69.31310272216797
2017-12-19,69.032958984375
2017-12-20,68.9302749633789
2017-12-21,68.93025207519531
2017-12-22,68.8177490234375
2017-12-26,68.6115493774414
2017-12-27,68.8177490234375
2017-12-28,68.8646240234375
2017-12-29,68.56468200683594
2018-01-02,69.2583236694336
2018-01-03,69.84883117675781
2018-01-04,70.12062072753906
2018-01-05,70.81425476074219
2018-01-08,70.91734313964844
2018-01-09,71.04856872558594
2018-01-10,70.98299407958984
2018-01-11,71.45162963867188
2018-01-12,71.89217376708984
2018-01-16,71.68596649169922
2018-01-17,72.49203491210938
2018-01-18,72.45457458496094
2018-01-19,72.82009887695312
2018-01-22,73.41061401367188
2018-01-23,73.77616882324219
2018-01-24,73.5418472290039
2018-01-25,73.55120086669922
2018-01-26,74.56353759765625
2018-01-29,74.09485626220703
2018-01-30,73.40123748779297
2018-01-31,73.62620544433594
2018-02-01,73.37312316894531
2018-02-02,71.81716918945312
2018-02-05,68.82714080810547
2018-02-06,70.57056427001953
2018-02-07,69.95193481445312
2018-02-08,67.13995361328125
2018-02-09,68.29286193847656
2018-02-12,69.41764831542969
2018-02-13,69.64260864257812
2018-02-14,70.63613891601562
2018-02-15,71.68596649169922
2018-02-16,71.62034606933594
2018-02-20,71.31104278564453
2018-02-21,71.1798095703125
2018-02-22,71.28292083740234
2018-02-23,72.41708374023438
2018-02-26,73.37312316894531
2018-02-27,72.44518280029297
2018-02-28,71.76095581054688
2018-03-01,70.67366027832031
2018-03-02,70.98299407958984
2018-03-05,71.79842376708984
2018-03-06,71.91091918945312
2018-03-07,72.03276062011719
2018-03-08,72.45457458496094
2018-03-09,73.701171875
2018-03-12,73.71056365966797
2018-03-13,73.1481704711914
2018-03-14,72.85762023925781
2018-03-15,72.94194793701172
2018-03-16,72.7826156616211
2018-03-19,71.63909912109375
2018-03-20,71.84527587890625
2018-03-21,71.47035217285156
2018-03-22,69.57474517822266
2018-03-23,68.14624786376953
2018-03-26,70.20442199707031
2018-03-27,68.42818450927734
2018-03-28,68.14624786376953
2018-03-29,69.33039855957031
2018-04-02,67.60112762451172
2018-04-03,68.47518157958984
2018-04-04,69.3586196899414
2018-04-05,69.95068359375
2018-04-06,68.35301208496094
2018-04-09,68.51277160644531
2018-04-10,69.76275634765625
2018-04-11,69.33039855957031
2018-04-12,69.98828887939453
2018-04-13,69.81909942626953
2018-04-16,70.42997741699219
2018-04-17,71.57656860351562
2018-04-18,71.62356567382812
2018-04-19,71.05030059814453
2018-04-20,70.15742492675781
2018-04-23,70.12924194335938
2018-04-24,68.72891235351562
2018-04-25,68.74771881103516
2018-04-26,70.0540771484375
2018-04-27,70.1668701171875
2018-04-30,69.64054107666016
2018-05-01,70.01648712158203
2018-05-02,69.80033111572266
2018-05-03,69.7439193725586
2018-05-04,70.79653930664062
2018-05-07,71.14425659179688
2018-05-08,71.05030059814453
2018-05-09,71.75513458251953
2018-05-10,72.45999145507812
2018-05-11,72.6009750366211
2018-05-14,72.65737915039062
2018-05-15,71.98065948486328
2018-05-16,72.28145599365234
2018-05-17,72.20624542236328
2018-05-18,72.14984130859375
2018-05-21,72.71376037597656
2018-05-22,72.44120788574219
2018-05-23,72.91112518310547
2018-05-24,72.86412048339844
2018-05-25,72.8829345703125
2018-05-29,72.38482666015625
2018-05-30,73.14608001708984
2018-05-31,72.83592224121094
2018-06-01,73.7099609375
2018-06-04,74.26444244384766
2018-06-05,74.4806137084961
2018-06-06,75.05390930175781
2018-06-07,74.69676208496094
2018-06-08,74.91292572021484
2018-06-11,75.04449462890625
2018-06-12,75.30766296386719
2018-06-13,75.08209991455078
2018-06-14,75.5238037109375
2018-06-15,75.4110336303711
2018-06-18,75.4110336303711
2018-06-19,74.88475036621094
2018-06-20,75.21367645263672
2018-06-21,74.74376678466797
2018-06-22,74.6780014038086
2018-06-25,73.3810043334961
2018-06-26,73.7099609375
2018-06-27,72.85472106933594
2018-06-28,73.48440551757812
2018-06-29,73.6065902709961
2018-07-02,74.029541015625
2018-07-03,73.43358612060547
2018-07-05,74.15963745117188
2018-07-06,74.99880981445312
2018-07-09,75.74371337890625
2018-07-10,75.98883819580078
2018-07-11,75.63055419921875
2018-07-12,76.57350158691406
2018-07-13,76.77147674560547
2018-07-16,76.54517364501953
2018-07-17,77.0166244506836
2018-07-18,77.08262634277344
2018-07-19,76.6583023071289
2018-07-20,76.696044921875
2018-07-23,76.76205444335938
2018-07-24,77.1580810546875
2018-07-25,78.11981964111328
2018-07-26,77.20521545410156
2018-07-27,76.41315460205078
2018-07-30,75.35710906982422
2018-07-31,75.89457702636719
2018-08-01,76.24345397949219
2018-08-02,77.06378173828125
2018-08-03,77.18635559082031
2018-08-06,77.62010192871094
2018-08-07,77.87464904785156
2018-08-08,77.88409423828125
2018-08-09,77.90298461914062
2018-08-10,77.31837463378906
2018-08-13,77.30892181396484
2018-08-14,77.74269104003906
2018-08-15,77.13919067382812
2018-08-16,77.48808288574219
2018-08-17,77.57293701171875
2018-08-20,77.64836883544922
2018-08-21,77.79924774169922
2018-08-22,77.98783111572266
2018-08-23,77.94068145751953
2018-08-24,78.53470611572266
2018-08-27,79.24188232421875
2018-08-28,79.27018737792969
2018-08-29,80.09993743896484
2018-08-30,79.9113540649414
2018-08-31,79.99620819091797
2018-09-04,79.86420440673828
2018-09-05,79.0344467163086
2018-09-06,78.85529327392578
2018-09-07,78.72329711914062
2018-09-10,78.80816650390625
2018-09-11,79.4021987915039
2018-09-12,79.3833236694336
2018-09-13,79.95848083496094
2018-09-14,79.86420440673828
2018-09-17,79.08160400390625
2018-09-18,79.60021209716797
2018-09-19,79.59074401855469
2018-09-20,80.26021575927734
2018-09-21,80.0433349609375
2018-09-24,80.10936737060547
2018-09-25,80.2036361694336
2018-09-26,80.24713134765625
2018-09-27,80.7765121459961
2018-09-28,80.7481460571289
2018-10-01,81.12628936767578
2018-10-02,80.88993835449219
2018-10-03,81.0128402709961
2018-10-04,79.79338073730469
2018-10-05,79.0938720703125
2018-10-08,78.75353240966797
2018-10-09,78.83863830566406
2018-10-10,75.67186737060547
2018-10-11,74.46186065673828
2018-10-12,76.1255874633789
2018-10-15,75.35045623779297
2018-10-16,77.4206771850586
2018-10-17,77.26940155029297
2018-10-18,75.76639556884766
2018-10-19,75.64348602294922
2018-10-22,75.67186737060547
2018-10-23,75.27481842041016
2018-10-24,72.41053009033203
2018-10-25,74.42405700683594
2018-10-26,72.75082397460938
2018-10-29,71.484130859375
2018-10-30,72.4483642578125
2018-10-31,73.76232147216797
2018-11-01,74.65093994140625
2018-11-02,73.82847595214844
2018-11-05,73.85688781738281
2018-11-06,74.42405700683594
2018-11-07,76.57935333251953
2018-11-08,76.2957534790039
2018-11-09,75.36935424804688
2018-11-12,73.4881820678711
2018-11-13,73.3464126586914
2018-11-14,72.67521667480469
2018-11-15,73.61107635498047
2018-11-16,73.43148040771484
2018-11-19,71.27616882324219
2018-11-20,70.03780364990234
2018-11-21,70.26467895507812
2018-11-23,69.79203796386719
2018-11-26,71.03984832763672
2018-11-27,71.35179901123047
2018-11-28,73.64888763427734
2018-11-29,73.47875213623047
2018-11-30,74.14045715332031
2018-12-03,75.36935424804688
2018-12-04,72.6846694946289
2018-12-06,72.902099609375
2018-12-07,70.84131622314453
2018-12-10,71.38015747070312
2018-12-11,71.44632720947266
2018-12-12,72.05133056640625
2018-12-13,72.01351165771484
2018-12-14,70.36866760253906
2018-12-17,68.72965240478516
2018-12-18,69.17546844482422
2018-12-19,67.78114318847656
2018-12-20,66.65237426757812
2018-12-21,64.79327392578125
2018-12-24,63.1523551940918
2018-12-26,66.83259582519531
2018-12-27,67.38275146484375
2018-12-28,67.34004211425781
2018-12-31,68.07057189941406
2019-01-02,67.99466705322266
2019-01-03,65.76517486572266
2019-01-04,68.47850036621094
2019-01-07,69.07620239257812
2019-01-08,69.83515167236328
2019-01-09,70.28105926513672
2019-01-10,70.6131591796875
2019-01-11,70.42340087890625
2019-01-14,69.90158081054688
2019-01-15,70.96416473388672
2019-01-16,71.06851196289062
2019-01-17,71.52388000488281
2019-01-18,72.36824798583984
2019-01-22,71.2772216796875
2019-01-23,71.34362030029297
2019-01-24,71.3816146850586
2019-01-25,72.20695495605469
2019-01-28,71.3910903930664
2019-01-29,71.02106475830078
2019-01-30,72.70030975341797
2019-01-31,73.59209442138672
2019-02-01,73.4118423461914
2019-02-04,74.24673461914062
2019-02-05,74.825439453125
2019-02-06,74.5882568359375
2019-02-07,73.7723617553711
2019-02-08,73.7533950805664
2019-02-11,73.86722564697266
2019-02-12,74.88237762451172
2019-02-13,75.0626220703125
2019-02-14,74.96773529052734
2019-02-15,75.4990234375
2019-02-19,75.51802062988281
2019-02-20,75.54645538330078
2019-02-21,75.29979705810547
2019-02-22,75.9449234008789
2019-02-25,76.0777359008789
2019-02-26,76.13468170166016
2019-02-27,76.05878448486328
2019-02-28,75.81209564208984
2019-03-01,76.42877197265625
2019-03-04,76.14414978027344
2019-03-05,76.11568450927734
2019-03-06,75.71723175048828
2019-03-07,74.8918685913086
2019-03-08,74.87286376953125
2019-03-11,76.13468170166016
2019-03-12,76.35287475585938
2019-03-13,76.90312957763672
2019-03-14,76.93161010742188
2019-03-15,77.31106567382812
2019-03-18,77.54826354980469
2019-03-19,77.72850799560547
2019-03-20,77.87882995605469
2019-03-21,78.85875701904297
2019-03-22,77.24141693115234
2019-03-25,77.32703399658203
2019-03-26,77.63148498535156
2019-03-27,77.29850769042969
2019-03-28,77.60292053222656
2019-03-29,78.23085021972656
2019-04-01,79.10608673095703
2019-04-02,79.35345458984375
2019-04-03,79.55323028564453
2019-04-04,79.63885498046875
2019-04-05,80.00037384033203
2019-04-08,80.07648468017578
2019-04-09,79.74352264404297
2019-04-10,80.03845977783203
2019-04-11,79.88621520996094
2019-04-12,80.33338165283203
2019-04-15,80.4284896850586
2019-04-16,80.29531860351562
2019-04-17,80.28579711914062
2019-04-18,80.4950942993164
2019-04-22,80.70440673828125
2019-04-23,81.60820770263672
2019-04-24,81.40839385986328
2019-04-25,81.6272201538086
2019-04-26,81.9792251586914
2019-04-29,82.06483459472656
2019-04-30,81.85552978515625
2019-05-01,81.35130310058594
2019-05-02,81.10396575927734
2019-05-03,82.08387756347656
2019-05-06,81.67479705810547
2019-05-07,80.14307403564453
2019-05-08,80.14307403564453
2019-05-09,79.81961059570312
2019-05-10,80.07648468017578
2019-05-13,77.70760345458984
2019-05-14,78.44017028808594
2019-05-15,79.33443450927734
2019-05-16,80.11454772949219
2019-05-17,79.57227325439453
2019-05-20,78.70654296875
2019-05-21,79.41053009033203
2019-05-22,79.24881744384766
2019-05-23,78.21179962158203
2019-05-24,78.31645965576172
2019-05-28,77.9073715209961
2019-05-29,77.36511993408203
2019-05-30,77.68858337402344
2019-05-31,76.55644989013672
2019-06-03,75.35770416259766
2019-06-04,77.24141693115234
2019-06-05,78.08812713623047
2019-06-06,78.5542984008789
2019-06-07,79.94329833984375
2019-06-10,80.39995574951172
2019-06-11,80.38092803955078
2019-06-12,80.18113708496094
2019-06-13,80.40946960449219
2019-06-14,80.39995574951172
2019-06-17,80.71682739257812
2019-06-18,81.52808380126953
2019-06-19,81.84306335449219
2019-06-20,82.7497787475586
2019-06-21,82.63524627685547
2019-06-24,82.48252868652344
2019-06-25,81.24176788330078
2019-06-26,81.37539672851562
2019-06-27,81.62354278564453
2019-06-28,81.89078521728516
2019-07-01,82.65433502197266
2019-07-02,83.03610229492188
2019-07-03,83.79967498779297
2019-07-05,83.63739776611328
2019-07-08,83.12199401855469
2019-07-09,83.41787719726562
2019-07-10,84.04782104492188
2019-07-11,84.24825286865234
2019-07-12,84.5345687866211
2019-07-15,84.64911651611328
2019-07-16,84.34368896484375
2019-07-17,83.95237731933594
2019-07-18,84.01921081542969
2019-07-19,83.3988037109375
2019-07-22,83.93328857421875
2019-07-23,84.41051483154297
2019-07-24,84.81136322021484
2019-07-25,84.23870086669922
2019-07-26,84.9926986694336
2019-07-29,84.79228210449219
2019-07-30,84.48686218261719
2019-07-31,83.50377655029297
2019-08-01,83.1410903930664
2019-08-02,82.31076049804688
2019-08-05,79.6478500366211
2019-08-06,80.812255859375
2019-08-07,81.19403839111328
2019-08-08,82.8929443359375
2019-08-09,82.36801147460938
2019-08-12,81.49946594238281
2019-08-13,82.92157745361328
2019-08-14,80.46868133544922
2019-08-15,80.67865753173828
2019-08-16,81.87171173095703
2019-08-19,82.9024887084961
2019-08-20,82.47298431396484
2019-08-21,83.255615234375
2019-08-22,83.0838394165039
2019-08-23,80.92681121826172
2019-08-26,81.928955078125
2019-08-27,81.68080139160156
2019-08-28,82.12940216064453
2019-08-29,83.2079086303711
2019-08-30,83.09337615966797
2019-09-03,82.40618133544922
2019-09-04,83.27472686767578
2019-09-05,84.52503204345703
2019-09-06,84.38187408447266
2019-09-09,83.9046630859375
2019-09-10,83.44652557373047
2019-09-11,84.0764389038086
2019-09-12,84.46776580810547
2019-09-13,84.19100189208984
2019-09-16,83.89509582519531
2019-09-17,84.29597473144531
2019-09-18,84.35321807861328
2019-09-19,84.60136413574219
2019-09-20,83.89509582519531
2019-09-23,83.82830810546875
2019-09-24,83.0499496459961
2019-09-25,83.64352416992188
2019-09-26,83.49034118652344
2019-09-27,82.76275634765625
2019-09-30,83.34674072265625
2019-10-01,82.62874603271484
2019-10-02,81.13529968261719
2019-10-03,82.00645446777344
2019-10-04,83.2031478881836
2019-10-07,82.925537109375
2019-10-08,81.70008087158203
2019-10-09,82.57129669189453
2019-10-10,83.07869720458984
2019-10-11,83.98818969726562
2019-10-14,83.99774932861328
2019-10-15,84.93595123291016
2019-10-16,84.7061767578125
2019-10-17,84.85933685302734
2019-10-18,84.19878387451172
2019-10-21,84.79234313964844
2019-10-22,84.01689147949219
2019-10-23,84.15091705322266
2019-10-24,84.7444839477539
2019-10-25,85.13699340820312
2019-10-28,85.79757690429688
2019-10-29,85.54866027832031
2019-10-30,86.00818634033203
2019-10-31,85.8932876586914
2019-11-01,86.58258056640625
2019-11-04,86.78361511230469
2019-11-05,86.53473663330078
2019-11-06,86.66873168945312
2019-11-07,86.9367904663086
2019-11-08,87.31973266601562
2019-11-11,87.21444702148438
2019-11-12,87.53035736083984
2019-11-13,87.6260986328125
2019-11-14,87.73139190673828
2019-11-15,88.5451431274414
2019-11-18,88.67916870117188
2019-11-19,88.80364990234375
2019-11-20,88.38239288330078
2019-11-21,88.1813735961914
2019-11-22,88.25794982910156
2019-11-25,89.13871002197266
2019-11-26,89.41634368896484
2019-11-27,89.89501190185547
2019-11-29,89.64610290527344
2019-12-02,88.61216735839844
2019-12-03,88.1430435180664
2019-12-04,88.5451431274414
2019-12-05,88.73661041259766
2019-12-06,89.55036926269531
2019-12-09,89.27273559570312
2019-12-10,89.09085083007812
2019-12-11,89.52165985107422
2019-12-12,90.06734466552734
2019-12-13,90.34496307373047
2019-12-16,91.14652252197266
2019-12-17,91.0985336303711
2019-12-18,91.24250030517578
2019-12-19,91.81848907470703
2019-12-20,92.11605072021484
2019-12-23,92.3752670288086
2019-12-24,92.33685302734375
2019-12-26,93.07601165771484
2019-12-27,93.16240692138672
2019-12-30,92.54801177978516
2019-12-31,92.71121978759766
2020-01-02,93.98794555664062
2020-01-03,93.31599426269531
2020-01-06,93.88233184814453
2020-01-07,93.6807632446289
2020-01-08,94.41031646728516
2020-01-09,95.32225799560547
2020-01-10,95.13026428222656
2020-01-13,96.042236328125
2020-01-14,95.6102523803711
2020-01-15,95.984619140625
2020-01-16,96.91577911376953
2020-01-17,97.36693572998047
2020-01-21,97.40535736083984
2020-01-22,97.4245376586914
2020-01-23,97.58773040771484
2020-01-24,96.67579650878906
2020-01-27,94.98625946044922
2020-01-28,96.15744018554688
2020-01-29,96.5221939086914
2020-01-30,96.74295806884766
2020-01-31,95.07267761230469
2020-02-03,96.26300048828125
2020-02-04,98.14448547363281
2020-02-05,98.5572738647461
2020-02-06,99.42121124267578
2020-02-07,99.0372543334961
2020-02-10,100.1891860961914
2020-02-11,100.03559112548828
2020-02-12,100.9283218383789
2020-02-13,100.74594116210938
2020-02-14,101.1107177734375
2020-02-18,101.10111999511719
2020-02-19,101.84027099609375
2020-02-20,101.1395263671875
2020-02-21,99.57481384277344
2020-02-24,95.67745208740234
2020-02-25,92.98960876464844
2020-02-26,93.08560943603516
2020-02-27,88.55464935302734
2020-02-28,88.765869140625
2020-03-02,93.18161010742188
2020-03-03,90.2249526977539
2020-03-04,94.1895523071289
2020-03-05,91.00252532958984
2020-03-06,89.67780303955078
2020-03-09,84.5229263305664
2020-03-10,88.19950103759766
2020-03-11,84.27333068847656
2020-03-12,76.79537963867188
2020-03-13,83.61096954345703
2020-03-16,73.96353912353516
2020-03-17,77.39051818847656
2020-03-18,75.0386734008789
2020-03-19,75.33626556396484
2020-03-20,71.95728302001953
2020-03-23,70.5173568725586
2020-03-24,77.07376098632812
2020-03-25,77.45892333984375
2020-03-26,82.00401306152344
2020-03-27,79.11521911621094
2020-03-30,81.90771484375
2020-03-31,81.08922576904297
2020-04-01,77.55522918701172
2020-04-02,79.18260955810547
2020-04-03,77.98855590820312
2020-04-06,83.61212921142578
2020-04-07,83.20767974853516
2020-04-08,85.68245697021484
2020-04-09,86.25057220458984
2020-04-13,86.41426849365234
2020-04-14,89.86161041259766
2020-04-15,88.69645690917969
2020-04-16,89.76532745361328
2020-04-17,91.11344146728516
2020-04-20,89.86161041259766
2020-04-21,86.7320556640625
2020-04-22,89.02384948730469
2020-04-23,89.0719985961914
2020-04-24,90.46826171875
2020-04-27,91.20973205566406
2020-04-28,89.77495574951172
2020-04-29,92.51933288574219
2020-04-30,92.69268035888672
2020-05-01,90.30455780029297
2020-05-04,91.17119598388672
2020-05-05,92.26896667480469
2020-05-06,92.34598541259766
2020-05-07,93.43412017822266
2020-05-08,94.54150390625
2020-05-11,95.32148742675781
2020-05-12,93.5496597290039
2020-05-13,92.24971008300781
2020-05-14,93.15486145019531
2020-05-15,93.9733657836914
2020-05-18,95.88963317871094
2020-05-19,95.36000061035156
2020-05-20,96.96809387207031
2020-05-21,96.1399917602539
2020-05-22,96.5251693725586
2020-05-26,96.70812225341797
2020-05-27,97.3051528930664
2020-05-28,97.49773406982422
2020-05-29,98.19104766845703
2020-06-01,98.72066497802734
2020-06-02,99.38507843017578
2020-06-03,99.99172973632812
2020-06-04,99.07695007324219
2020-06-05,101.20504760742188
2020-06-08,102.15835571289062
2020-06-09,102.50502014160156
2020-06-10,103.33313751220703
2020-06-11,97.74811553955078
2020-06-12,98.78807067871094
2020-06-15,99.55603790283203
2020-06-16,101.7846908569336
2020-06-17,101.83293151855469
2020-06-18,102.0162353515625
2020-06-19,101.7171630859375
2020-06-22,102.88453674316406
2020-06-23,103.82038116455078
2020-06-24,101.46630096435547
2020-06-25,102.6240463256836
2020-06-26,99.9902114868164
2020-06-29,101.11900329589844
2020-06-30,102.86526489257812
2020-07-01,104.41854858398438
2020-07-02,104.91059875488281
2020-07-06,107.37078857421875
2020-07-07,106.6182632446289
2020-07-08,107.99790954589844
2020-07-09,108.47064208984375
2020-07-10,108.99160766601562
2020-07-13,106.96559143066406
2020-07-14,108.0750732421875
2020-07-15,108.31627655029297
2020-07-16,107.45760345458984
2020-07-17,107.68916320800781
2020-07-20,110.39055633544922
2020-07-21,109.4064712524414
2020-07-22,110.00464630126953
2020-07-23,107.21642303466797
2020-07-24,106.70508575439453
2020-07-27,108.27767944335938
2020-07-28,107.30327606201172
2020-07-29,108.52852630615234
2020-07-30,108.85655212402344
2020-07-31,110.90190124511719
2020-08-03,112.32012176513672
2020-08-04,112.59026336669922
2020-08-05,113.32350158691406
2020-08-06,114.84786224365234
2020-08-07,113.65153503417969
2020-08-10,113.2559814453125
2020-08-11,111.43254089355469
2020-08-12,113.91202545166016
2020-08-13,114.442626953125
2020-08-14,114.32688903808594
2020-08-17,115.39777374267578
2020-08-18,116.41082000732422
2020-08-19,115.98632049560547
2020-08-20,117.48171997070312
2020-08-21,118.35966491699219
2020-08-24,119.044677734375
2020-08-25,119.93225860595703
2020-08-26,122.73977661132812
2020-08-27,122.49859619140625
2020-08-28,123.26077270507812
2020-08-31,124.03262329101562
2020-09-01,125.72096252441406
2020-09-02,126.99452209472656
2020-09-03,120.78129577636719
2020-09-04,119.06397247314453
2020-09-08,114.27864837646484
2020-09-09,117.67469024658203
2020-09-10,115.18551635742188
2020-09-11,114.6549072265625
2020-09-14,116.52658081054688
2020-09-15,117.9351577758789
2020-09-16,116.16961669921875
2020-09-17,114.60665893554688
2020-09-18,113.15950012207031
2020-09-21,113.34280395507812
2020-09-22,115.16625213623047
2020-09-23,111.8956069946289
2020-09-24,112.26299285888672
2020-09-25,114.80562591552734
2020-09-28,116.71017456054688
2020-09-29,116.32347106933594
2020-09-30,117.3386001586914
2020-10-01,118.6727294921875
2020-10-02,116.04308319091797
2020-10-05,118.41173553466797
2020-10-06,116.24612426757812
2020-10-07,118.33439636230469
2020-10-08,118.88545989990234
2020-10-09,120.73199462890625
2020-10-12,123.63233947753906
2020-10-13,123.3713150024414
2020-10-14,122.43354797363281
2020-10-15,121.55377197265625
2020-10-16,121.13805389404297
2020-10-19,119.07880401611328
2020-10-20,119.62987518310547
2020-10-21,119.58155822753906
2020-10-22,119.04981231689453
2020-10-23,119.65888977050781
2020-10-26,117.74462890625
2020-10-27,118.39239501953125
2020-10-28,113.63581848144531
2020-10-29,115.2600326538086
2020-10-30,112.72703552246094
2020-11-02,113.12342071533203
2020-11-03,114.99897003173828
2020-11-04,120.18094635009766
2020-11-05,123.00395965576172
2020-11-06,123.04263305664062
2020-11-09,120.98338317871094
2020-11-10,119.20450592041016
2020-11-11,121.50543212890625
2020-11-12,120.7513656616211
2020-11-13,121.62144470214844
2020-11-16,122.22085571289062
2020-11-17,121.90182495117188
2020-11-18,120.87702941894531
2020-11-19,121.50543212890625
2020-11-20,120.48065185546875
2020-11-23,120.49030303955078
2020-11-24,121.96949768066406
2020-11-25,122.5882568359375
2020-11-27,123.34232330322266
2020-11-30,123.32298278808594
2020-12-01,124.9278564453125
2020-12-02,124.5894775390625
2020-12-03,124.55081176757812
2020-12-04,125.15990447998047
2020-12-07,125.67227935791016
2020-12-08,125.89463806152344
2020-12-09,123.79670715332031
2020-12-10,123.99974822998047
2020-12-11,123.77738189697266
2020-12-14,124.12030029296875
2020-12-15,125.49588012695312
2020-12-16,126.33861541748047
2020-12-17,127.29765319824219
2020-12-18,126.87141418457031
2020-12-21,126.89083862304688
2020-12-22,127.20079803466797
2020-12-23,126.55174255371094
2020-12-24,127.16204071044922
2020-12-28,128.89599609375
2020-12-29,128.6829071044922
2020-12-30,128.4310302734375
2020-12-31,128.87667846679688
2021-01-04,126.96830749511719
2021-01-05,127.62700653076172
2021-01-06,125.84461212158203
2021-01-07,128.6151123046875
2021-01-08,129.94223022460938
2021-01-11,128.0338897705078
2021-01-12,127.51078033447266
2021-01-13,128.4794464111328
2021-01-14,127.08455657958984
2021-01-15,126.43550109863281
2021-01-19,127.84013366699219
2021-01-20,130.94000244140625
2021-01-21,132.00558471679688
2021-01-22,131.86026000976562
2021-01-25,133.1680145263672
2021-01-26,133.3714141845703
2021-01-27,130.13592529296875
2021-01-28,130.60093688964844
2021-01-29,127.76261901855469
2021-02-01,130.48472595214844
2021-02-02,132.3833770751953
2021-02-03,132.24774169921875
2021-02-04,133.5845489501953
2021-02-05,133.9333038330078
2021-02-08,134.5048065185547
2021-02-09,134.32078552246094
2021-02-10,134.03021240234375
2021-02-11,134.55328369140625
2021-02-12,135.10543823242188
2021-02-16,134.62109375
2021-02-17,134.39828491210938
2021-02-18,133.9042205810547
2021-02-19,132.71273803710938
2021-02-22,130.16502380371094
2021-02-23,129.90345764160156
2021-02-24,130.8915557861328
2021-02-25,126.87141418457031
2021-02-26,127.21047973632812
2021-03-01,130.49441528320312
2021-03-02,129.00257873535156
2021-03-03,125.66056060791016
2021-03-04,123.8878173828125
2021-03-05,125.89305877685547
2021-03-08,123.25816345214844
2021-03-09,127.19110107421875
2021-03-10,127.08455657958984
2021-03-11,129.6128692626953
2021-03-12,128.7410430908203
2021-03-15,129.84535217285156
2021-03-16,130.46530151367188
2021-03-17,130.54286193847656
2021-03-18,127.4429702758789
2021-03-19,127.61734771728516
2021-03-22,129.593505859375
2021-03-23,129.37069702148438
2021-03-24,127.70451354980469
2021-03-25,127.6133041381836
2021-03-26,129.48599243164062
2021-03-29,129.72853088378906
2021-03-30,128.89410400390625
2021-03-31,130.5436553955078
2021-04-01,132.4841766357422
2021-04-05,135.0942840576172
2021-04-06,134.9584503173828
2021-04-07,135.61822509765625
2021-04-08,136.95724487304688
2021-04-09,138.3253631591797
2021-04-12,138.3642120361328
2021-04-13,139.71290588378906
2021-04-14,138.09251403808594
2021-04-15,140.46974182128906
2021-04-16,140.5958709716797
2021-04-19,139.67410278320312
2021-04-20,138.9851837158203
2021-04-21,139.93601989746094
2021-04-22,138.28659057617188
2021-04-23,140.0428009033203
2021-04-26,140.68321228027344
2021-04-27,140.3435821533203
2021-04-28,139.96519470214844
2021-04-29,140.5182342529297
2021-04-30,139.6934814453125
2021-05-03,139.31507873535156
2021-05-04,137.26776123046875
2021-05-05,136.89903259277344
2021-05-06,137.87901306152344
2021-05-07,138.8299560546875
2021-05-10,135.98695373535156
2021-05-11,135.48243713378906
2021-05-12,132.07667541503906
2021-05-13,133.46421813964844
2021-05-14,135.89962768554688
2021-05-17,135.3562469482422
2021-05-18,134.37628173828125
2021-05-19,134.3374786376953
2021-05-20,136.5011749267578
2021-05-21,135.6958770751953
2021-05-24,137.7917022705078
2021-05-25,137.93724060058594
2021-05-26,138.17013549804688
2021-05-27,137.5394287109375
2021-05-28,137.85963439941406
2021-06-01,137.17068481445312
2021-06-02,137.5006103515625
2021-06-03,136.40420532226562
2021-06-04,138.4224395751953
2021-06-07,138.81048583984375
2021-06-08,138.85903930664062
2021-06-09,139.0531005859375
2021-06-10,140.4451904296875
2021-06-11,140.6200714111328
2021-06-14,142.0286865234375
2021-06-15,141.27093505859375
2021-06-16,140.71722412109375
2021-06-17,142.43670654296875
2021-06-18,141.3389434814453
2021-06-21,142.52415466308594
2021-06-22,143.80648803710938
2021-06-23,143.82591247558594
2021-06-24,144.57395935058594
2021-06-25,144.56422424316406
2021-06-28,145.92431640625
2021-06-29,146.51693725585938
2021-06-30,146.3031768798828
2021-07-01,146.78890991210938
2021-07-02,148.61524963378906
2021-07-06,149.57701110839844
2021-07-07,150.1696014404297
2021-07-08,149.2369842529297
2021-07-09,150.2667236328125
2021-07-12,150.84963989257812
2021-07-13,150.79135131835938
2021-07-14,151.4130859375
2021-07-15,150.5873260498047
2021-07-16,149.51870727539062
2021-07-19,147.7215118408203
2021-07-20,149.8004150390625
2021-07-21,150.83993530273438
2021-07-22,151.95709228515625
2021-07-23,154.15261840820312
2021-07-26,154.41493225097656
2021-07-27,152.79254150390625
2021-07-28,152.91885375976562
2021-07-29,153.0937042236328
2021-07-30,151.88914489746094
2021-08-02,151.72396850585938
2021-08-03,152.80227661132812
2021-08-04,152.860595703125
2021-08-05,153.9389190673828
2021-08-06,153.3463134765625
2021-08-09,153.414306640625
2021-08-10,152.67601013183594
2021-08-11,152.394287109375
2021-08-12,153.20059204101562
2021-08-13,153.7543182373047
2021-08-16,154.34690856933594
2021-08-17,152.91885375976562
2021-08-18,151.37425231933594
2021-08-19,151.99598693847656
2021-08-20,153.6377410888672
2021-08-23,155.48353576660156
2021-08-24,155.5806884765625
2021-08-25,155.5806884765625
2021-08-26,154.7841033935547
2021-08-27,156.23158264160156
2021-08-30,158.09677124023438
2021-08-31,157.72764587402344
2021-09-01,157.91221618652344
2021-09-02,157.80535888671875
2021-09-03,158.33966064453125
2021-09-07,158.6116943359375
2021-09-08,158.16477966308594
2021-09-09,157.38760375976562
2021-09-10,156.0566864013672
2021-09-13,156.01785278320312
2021-09-14,155.72640991210938
2021-09-15,156.8241729736328
2021-09-16,156.90187072753906
2021-09-17,154.97837829589844
2021-09-20,152.0348358154297
2021-09-21,152.3359832763672
2021-09-22,153.56971740722656
2021-09-23,155.0949249267578
2021-09-24,155.36642456054688
2021-09-27,154.1112060546875
2021-09-28,149.820068359375
2021-09-29,149.71302795410156
2021-09-30,148.55508422851562
2021-10-01,150.17039489746094
2021-10-04,146.92037963867188
2021-10-05,148.92486572265625
2021-10-06,149.96603393554688
2021-10-07,151.37692260742188
2021-10-08,150.86119079589844
2021-10-11,149.9368438720703
2021-10-12,149.59629821777344
2021-10-13,150.48171997070312
2021-10-14,153.0992431640625
2021-10-15,154.49069213867188
2021-10-18,155.95025634765625
2021-10-19,157.12765502929688
2021-10-20,156.7676239013672
2021-10-21,157.95472717285156
2021-10-22,157.11788940429688
2021-10-25,158.48992919921875
2021-10-26,158.94725036621094
2021-10-27,159.45321655273438
2021-10-28,161.107421875
2021-10-29,161.95396423339844
2021-11-01,161.7301483154297
2021-11-02,162.53778076171875
2021-11-03,163.97792053222656
2021-11-04,165.87535095214844
2021-11-05,166.34239196777344
2021-11-08,166.1575164794922
2021-11-09,165.16502380371094
2021-11-10,162.93673706054688
2021-11-11,163.0924530029297
2021-11-12,165.00933837890625
2021-11-15,164.9996337890625
2021-11-16,166.42025756835938
2021-11-17,166.42025756835938
2021-11-18,168.2398681640625
2021-11-19,169.1350555419922
2021-11-22,167.2667694091797
2021-11-23,166.62460327148438
2021-11-24,167.55873107910156
2021-11-26,163.8903045654297
2021-11-29,167.05270385742188
2021-11-30,164.9120330810547
2021-12-01,162.34315490722656
2021-12-02,163.1897430419922
2021-12-03,161.06851196289062
2021-12-06,163.0145721435547
2021-12-07,167.59762573242188
2021-12-08,168.5220184326172
2021-12-09,166.76080322265625
2021-12-10,168.882080078125
2021-12-13,166.53005981445312
2021-12-14,164.5522003173828
2021-12-15,168.3033447265625
2021-12-16,164.42555236816406
2021-12-17,163.4317626953125
2021-12-20,161.45388793945312
2021-12-21,164.92245483398438
2021-12-22,167.1536407470703
2021-12-23,168.4202117919922
2021-12-27,171.09959411621094
2021-12-28,170.5344696044922
2021-12-29,170.54425048828125
2021-12-30,169.8037567138672
2021-12-31,168.8976287841797
2022-01-03,170.60272216796875
2022-01-04,168.97555541992188
2022-01-05,163.8507080078125
2022-01-06,163.27584838867188
2022-01-07,161.7266845703125
2022-01-10,161.44412231445312
2022-01-11,163.24659729003906
2022-01-12,164.06504821777344
2022-01-13,160.00216674804688
2022-01-14,160.66465759277344
2022-01-18,157.17665100097656
2022-01-19,155.1987762451172
2022-01-20,153.25015258789062
2022-01-21,149.28468322753906
2022-01-24,150.05435180664062
2022-01-25,146.9560546875
2022-01-26,147.42373657226562
2022-01-27,146.3422393798828
2022-01-28,151.58407592773438
2022-01-31,155.72488403320312
2022-02-01,156.81613159179688
2022-02-02,158.18991088867188
2022-02-03,152.11016845703125
2022-02-04,153.99063110351562
2022-02-07,152.60708618164062
2022-02-08,154.24392700195312
2022-02-09,156.95252990722656
2022-02-10,153.5716552734375
2022-02-11,149.03135681152344
2022-02-14,149.382080078125
2022-02-15,152.52915954589844
2022-02-16,152.49989318847656
2022-02-17,148.21295166015625
2022-02-18,146.73196411132812
2022-02-22,144.84176635742188
2022-02-23,141.3245086669922
2022-02-24,145.582275390625
2022-02-25,147.97909545898438
2022-02-28,148.15447998046875
2022-03-01,146.04995727539062
2022-03-02,148.4857177734375
2022-03-03,146.5468292236328
2022-03-04,144.56900024414062
2022-03-07,138.9861297607422
2022-03-08,138.23594665527344
2022-03-09,143.24391174316406
2022-03-10,142.19163513183594
2022-03-11,139.54148864746094
2022-03-14,137.38824462890625
2022-03-15,141.7239990234375
2022-03-16,146.03048706054688
2022-03-17,147.8037109375
2022-03-18,150.81434631347656
2022-03-21,150.54151916503906
2022-03-22,153.24038696289062
2022-03-23,151.18458557128906
2022-03-24,154.00357055664062
2022-03-25,154.1108856201172
2022-03-28,156.51126098632812
2022-03-29,159.0872039794922
2022-03-30,157.389404296875
2022-03-31,155.01829528808594
2022-04-01,155.11593627929688
2022-04-04,158.0334014892578
2022-04-05,155.00857543945312
2022-04-06,151.5543975830078
2022-04-07,152.05201721191406
2022-04-08,150.36398315429688
2022-04-11,146.65609741210938
2022-04-12,146.12921142578125
2022-04-13,148.56857299804688
2022-04-14,145.5339813232422
2022-04-18,145.70960998535156
2022-04-19,148.67587280273438
2022-04-20,147.0951690673828
2022-04-21,144.5679931640625
2022-04-22,140.44056701660156
2022-04-25,142.10906982421875
2022-04-26,136.71316528320312
2022-04-27,137.31808471679688
2022-04-28,142.2163848876953
2022-04-29,135.75689697265625
2022-05-02,137.48397827148438
2022-05-03,137.43521118164062
2022-05-04,142.1481170654297
2022-05-05,135.28854370117188
2022-05-06,134.1566925048828
2022-05-09,129.0046844482422
2022-05-10,130.08778381347656
2022-05-11,126.39940643310547
2022-05-12,125.78466796875
2022-05-13,129.97071838378906
2022-05-16,128.7509765625
2022-05-17,131.85389709472656
2022-05-18,125.511474609375
2022-05-19,124.66256713867188
2022-05-20,124.2332534790039
2022-05-23,126.76043701171875
2022-05-24,124.36007690429688
2022-05-25,125.99935913085938
2022-05-26,129.1900634765625
2022-05-27,133.44435119628906
2022-05-31,132.9759521484375
2022-06-01,132.0978240966797
2022-06-02,135.552001953125
2022-06-03,132.2734832763672
2022-06-06,132.79063415527344
2022-06-07,133.89321899414062
2022-06-08,132.85891723632812
2022-06-09,129.3772430419922
2022-06-10,124.57936096191406
2022-06-13,119.16584014892578
2022-06-14,119.38081359863281
2022-06-15,122.09735107421875
2022-06-16,117.43624114990234
2022-06-17,118.59907531738281
2022-06-21,121.5989990234375
2022-06-22,121.52081298828125
2022-06-23,123.46537780761719
2022-06-24,127.92129516601562
2022-06-27,127.01251220703125
2022-06-28,123.37744903564453
2022-06-29,123.8073959350586
2022-06-30,122.38072967529297
2022-07-01,123.48493194580078
2022-07-05,124.94092559814453
2022-07-06,125.80082702636719
2022-07-07,128.0189666748047
2022-07-08,128.1851043701172
2022-07-11,126.10372924804688
2022-07-12,124.569580078125
2022-07-13,124.1689682006836
2022-07-14,124.64775848388672
2022-07-15,126.76824188232422
2022-07-18,125.42949676513672
2022-07-19,128.89846801757812
2022-07-20,130.2860107421875
2022-07-21,132.15243530273438
2022-07-22,130.3837432861328
2022-07-25,130.01243591308594
2022-07-26,127.647705078125
2022-07-27,132.23060607910156
2022-07-28,134.1654052734375
2022-07-29,137.03826904296875
2022-08-01,136.56922912597656
2022-08-02,135.85589599609375
2022-08-03,138.90469360351562
2022-08-04,139.520263671875
2022-08-05,138.75808715820312
2022-08-08,138.2597198486328
2022-08-09,137.21414184570312
2022-08-10,140.54629516601562
2022-08-11,139.86227416992188
2022-08-12,142.5788116455078
2022-08-15,143.54620361328125
2022-08-16,143.59507751464844
2022-08-17,142.647216796875
2022-08-18,142.8817596435547
2022-08-19,140.65382385253906
2022-08-22,137.3607635498047
2022-08-23,136.99917602539062
2022-08-24,137.27279663085938
2022-08-25,139.3248291015625
2022-08-26,133.989501953125
2022-08-29,132.72894287109375
2022-08-30,131.23388671875
2022-08-31,130.11993408203125
2022-09-01,130.4619140625
2022-09-02,128.75189208984375
2022-09-06,128.2144317626953
2022-09-07,130.54006958007812
2022-09-08,131.05799865722656
2022-09-09,133.47158813476562
2022-09-12,135.27938842773438
2022-09-13,128.478271484375
2022-09-14,129.19161987304688
2022-09-15,127.21775817871094
2022-09-16,126.23075866699219
2022-09-19,127.37409210205078
2022-09-20,126.3675765991211
2022-09-21,124.08101654052734
2022-09-22,123.08430480957031
2022-09-23,121.11041259765625
2022-09-26,120.57543182373047
2022-09-27,120.48724365234375
2022-09-28,122.39788818359375
2022-09-29,119.37026977539062
2022-09-30,117.07750701904297
2022-10-03,119.67399597167969
2022-10-04,123.40706634521484
2022-10-05,123.39728546142578
2022-10-06,122.29989624023438
2022-10-07,118.1063003540039
2022-10-10,116.96971893310547
2022-10-11,115.78414154052734
2022-10-12,115.77436828613281
2022-10-13,118.49823760986328
2022-10-14,115.17667388916016
2022-10-17,118.82156372070312
2022-10-18,119.98753356933594
2022-10-19,119.47803497314453
2022-10-20,118.71379089355469
2022-10-21,121.63362884521484
2022-10-24,123.230712890625
2022-10-25,125.37649536132812
2022-10-26,122.8681869506836
2022-10-27,121.53564453125
2022-10-28,124.63185119628906
2022-10-31,123.42667388916016
2022-11-01,121.82958221435547
2022-11-02,117.95934295654297
2022-11-03,115.68618774414062
2022-11-04,117.05790710449219
2022-11-07,118.35127258300781
2022-11-08,119.00772857666016
2022-11-09,116.14667510986328
2022-11-10,124.16154479980469
2022-11-11,126.08197784423828
2022-11-14,124.70044708251953
2022-11-15,126.01336669921875
2022-11-16,124.98457336425781
2022-11-17,124.69063568115234
2022-11-18,124.8865966796875
2022-11-21,123.75001525878906
2022-11-22,125.45487976074219
2022-11-23,126.69924926757812
2022-11-25,126.33673095703125
2022-11-28,124.30850982666016
2022-11-29,123.40706634521484
2022-11-30,128.68826293945312
2022-12-01,128.62945556640625
2022-12-02,128.37472534179688
2022-12-05,126.15054321289062
2022-12-06,123.91657257080078
2022-12-07,123.3874740600586
2022-12-08,124.68084716796875
2022-12-09,123.8871841430664
2022-12-12,125.64105224609375
2022-12-13,126.6908950805664
2022-12-14,125.82665252685547
2022-12-15,122.1634292602539
2022-12-16,120.51349639892578
2022-12-19,119.05998992919922
2022-12-20,118.96178436279297
2022-12-21,120.81793975830078
2022-12-22,118.34307098388672
2022-12-23,118.8930435180664
2022-12-27,117.6163101196289
2022-12-28,116.06459045410156
2022-12-29,118.60822296142578
2022-12-30,118.37252044677734
2023-01-03,117.37078857421875
2023-01-04,117.60649108886719
2023-01-05,115.6324462890625
2023-01-06,118.52965545654297
2023-01-09,119.12875366210938
2023-01-10,119.84567260742188
2023-01-11,122.0750503540039
2023-01-12,122.61519622802734
2023-01-13,123.28300476074219
2023-01-17,123.4205093383789
2023-01-18,121.71165466308594
2023-01-19,120.7786865234375
2023-01-20,123.84282684326172
2023-01-23,125.6793441772461
2023-01-24,125.56149291992188
2023-01-25,125.3552474975586
2023-01-26,127.20159912109375
2023-01-27,128.2819061279297
2023-01-30,126.1114730834961
2023-01-31,128.1542510986328
2023-02-01,130.19700622558594
2023-02-02,133.49684143066406
2023-02-03,131.7781982421875
2023-02-06,130.7469940185547
2023-02-07,133.06475830078125
2023-02-08,131.2969512939453
2023-02-09,130.2362823486328
2023-02-10,129.83364868164062
2023-02-13,131.670166015625
2023-02-14,132.18084716796875
2023-02-15,132.86831665039062
2023-02-16,130.39344787597656
2023-02-17,129.75506591796875
2023-02-21,126.7792739868164
2023-02-22,126.94625091552734
2023-02-23,128.0658721923828
2023-02-24,126.00344848632812
2023-02-27,126.76947021484375
2023-02-28,126.41590118408203
2023-03-01,125.54186248779297
2023-03-02,126.48466491699219
2023-03-03,128.96939086914062
2023-03-06,129.39169311523438
2023-03-07,127.64353942871094
2023-03-08,128.0658721923828
2023-03-09,126.00344848632812
2023-03-10,124.10799407958984
2023-03-13,125.03116607666016
2023-03-14,127.53551483154297
2023-03-15,127.9479751586914
2023-03-16,130.93360900878906
2023-03-17,130.48182678222656
2023-03-20,130.86483764648438
2023-03-21,132.79957580566406
2023-03-22,130.93360900878906
2023-03-23,132.25912475585938
2023-03-24,132.85940551757812
2023-03-27,132.30833435058594
2023-03-28,131.52108764648438
2023-03-29,133.51873779296875
2023-03-30,134.54217529296875
2023-03-31,136.71694946289062
2023-04-03,136.97280883789062
2023-04-04,136.52012634277344
2023-04-05,135.46719360351562
2023-04-06,136.46109008789062
2023-04-10,136.14620971679688
2023-04-11,135.49671936035156
2023-04-12,134.6504364013672
2023-04-13,137.238525390625
2023-04-14,136.80551147460938
2023-04-17,136.95315551757812
2023-04-18,137.14993286132812
2023-04-19,137.25820922851562
2023-04-20,136.5595245361328
2023-04-21,136.6677703857422
2023-04-24,136.50047302246094
2023-04-25,134.06983947753906
2023-04-26,134.88662719726562
2023-04-27,137.89784240722656
2023-04-28,138.83274841308594
2023-05-01,138.7933807373047
2023-05-02,137.7108917236328
2023-05-03,136.91375732421875
2023-05-04,136.40206909179688
2023-05-05,139.3247528076172
2023-05-08,139.5314178466797
2023-05-09,138.7638397216797
2023-05-10,140.2104034423828
2023-05-11,140.4958038330078
2023-05-12,140.14154052734375
2023-05-15,140.46630859375
2023-05-16,140.46630859375
2023-05-17,142.24745178222656
2023-05-18,144.18606567382812
2023-05-19,143.8711700439453
2023-05-22,143.97938537597656
2023-05-23,141.93255615234375
2023-05-24,141.22401428222656
2023-05-25,144.24510192871094
2023-05-26,147.03985595703125
2023-05-30,147.4335174560547
2023-05-31,146.60687255859375
2023-06-01,148.32901000976562
2023-06-02,150.03147888183594
2023-06-05,149.9231719970703
2023-06-06,149.9035186767578
2023-06-07,147.6021728515625
2023-06-08,149.26780700683594
2023-06-09,149.77044677734375
2023-06-12,151.99790954589844
2023-06-13,152.90464782714844
2023-06-14,153.6044158935547
2023-06-15,155.59530639648438
2023-06-16,154.71812438964844
2023-06-20,154.5012969970703
2023-06-21,152.9637908935547
2023-06-22,154.69839477539062
2023-06-23,153.28903198242188
2023-06-26,151.3277130126953
2023-06-27,153.64381408691406
2023-06-28,153.90008544921875
2023-06-29,153.96910095214844
2023-06-30,156.27536010742188
2023-07-03,156.38380432128906
2023-07-05,156.54148864746094
2023-07-06,155.4868927001953
2023-07-07,154.65899658203125
2023-07-10,154.4618682861328
2023-07-11,155.01377868652344
2023-07-12,156.7090301513672
2023-07-13,158.86746215820312
2023-07-14,159.57711791992188
2023-07-17,160.69082641601562
2023-07-18,162.05093383789062
2023-07-19,162.07064819335938
2023-07-20,158.9660186767578
2023-07-21,158.50283813476562
2023-07-24,159.11387634277344
2023-07-25,160.05020141601562
2023-07-26,159.6756591796875
2023-07-27,158.86746215820312
2023-07-28,161.50885009765625
2023-07-31,161.7355499267578
2023-08-01,161.3610076904297
2023-08-02,158.1775665283203
2023-08-03,157.74388122558594
2023-08-04,156.99484252929688
2023-08-07,158.22682189941406
2023-08-08,157.635498046875
2023-08-09,155.83184814453125
2023-08-10,156.05853271484375
2023-08-11,155.31935119628906
2023-08-14,157.13284301757812
2023-08-15,155.59530639648438
2023-08-16,154.4322967529297
2023-08-17,152.81593322753906
2023-08-18,152.53994750976562
2023-08-21,154.84628295898438
2023-08-22,154.73782348632812
2023-08-23,157.09341430664062
2023-08-24,154.17605590820312
2023-08-25,155.348876953125
2023-08-28,156.35421752929688
2023-08-29,159.56723022460938
2023-08-30,160.53314208984375
2023-08-31,160.8485107421875
2023-09-01,160.70066833496094
2023-09-05,160.9569091796875
2023-09-06,159.28143310546875
2023-09-07,158.5520782470703
2023-09-08,158.89707946777344
2023-09-11,160.74009704589844
2023-09-12,158.7196502685547
2023-09-13,159.43910217285156
2023-09-14,160.4739990234375
2023-09-15,157.86216735839844
2023-09-18,158.03958129882812
2023-09-19,157.76361083984375
2023-09-20,155.51644897460938
2023-09-21,152.62869262695312
2023-09-22,152.54986572265625
2023-09-25,153.3087158203125
2023-09-26,150.77784729003906
2023-09-27,150.78768920898438
2023-09-28,151.8640594482422
2023-09-29,151.903564453125
2023-10-02,153.51315307617188
2023-10-03,150.76795959472656
2023-10-04,152.86141967773438
2023-10-05,152.93051147460938
2023-10-06,155.45848083496094
2023-10-09,156.19908142089844
2023-10-10,156.8409423828125
2023-10-11,158.26290893554688
2023-10-12,157.77903747558594
2023-10-13,156.14971923828125
2023-10-16,157.8778076171875
2023-10-17,157.2556915283203
2023-10-18,155.0930938720703
2023-10-19,153.76002502441406
2023-10-20,151.55795288085938
2023-10-23,152.1306915283203
2023-10-24,153.4440155029297
2023-10-25,150.3730010986328
2023-10-26,147.1439208984375
2023-10-27,147.7462921142578
2023-10-30,150.0076141357422
2023-10-31,150.51124572753906
2023-11-01,153.0786590576172
2023-11-02,155.79425048828125
2023-11-03,156.9594268798828
2023-11-06,158.134521484375
2023-11-07,159.70465087890625
2023-11-08,160.385986328125
2023-11-09,159.062744140625
2023-11-10,162.3017120361328
2023-11-13,162.08444213867188
2023-11-14,164.9580078125
2023-11-15,164.89877319335938
2023-11-16,165.6492462158203
2023-11-17,165.38262939453125
2023-11-20,167.13043212890625
2023-11-21,166.67620849609375
2023-11-22,167.35755920410156
2023-11-24,166.96258544921875
2023-11-27,166.84408569335938
2023-11-28,167.32794189453125
2023-11-29,166.70584106445312
2023-11-30,166.71572875976562
2023-12-01,166.9428253173828
2023-12-04,165.33323669433594
2023-12-05,166.46884155273438
2023-12-06,165.5010986328125
2023-12-07,167.5945587158203
2023-12-08,168.43394470214844
2023-12-11,168.44378662109375
2023-12-12,169.7472686767578
2023-12-13,171.60374450683594
2023-12-14,170.81373596191406
2023-12-15,171.4358367919922
2023-12-18,172.95655822753906
2023-12-19,173.7169189453125
2023-12-20,171.38824462890625
2023-12-21,173.17955017089844
2023-12-22,173.189453125
2023-12-26,173.634765625
2023-12-27,173.99107360839844
2023-12-28,173.98114013671875
2023-12-29,173.4071502685547
2024-01-02,170.84397888183594
2024-01-03,169.4287567138672
2024-01-04,168.6172637939453
2024-01-05,168.706298828125
2024-01-08,172.3284454345703
2024-01-09,172.74407958984375
2024-01-10,174.6244354248047
2024-01-11,175.0697784423828
2024-01-12,175.24794006347656
2024-01-16,175.1885528564453
2024-01-17,174.3770294189453
2024-01-18,176.76210021972656
2024-01-19,179.46385192871094
2024-01-22,179.80030822753906
2024-01-23,180.37432861328125
2024-01-24,181.26504516601562
2024-01-25,181.48275756835938
2024-01-26,181.15615844726562
2024-01-29,183.06619262695312
2024-01-30,182.25466918945312
2024-01-31,178.42466735839844
2024-02-01,181.15615844726562
2024-02-02,184.8673858642578
2024-02-05,184.99598693847656
2024-02-06,184.8772430419922
2024-02-07,187.3612823486328
2024-02-08,187.4998321533203
2024-02-09,189.49896240234375
2024-02-12,188.44003295898438
2024-02-13,185.8174285888672
2024-02-14,187.8561248779297
2024-02-15,188.0639190673828
2024-02-16,186.81698608398438
2024-02-20,184.91685485839844
2024-02-21,184.5506591796875
2024-02-22,190.43907165527344
2024-02-23,190.13230895996094
2024-02-26,189.52862548828125
2024-02-27,189.84532165527344
2024-02-28,188.9843292236328
2024-02-29,190.3302459716797
2024-03-01,192.45799255371094
2024-03-04,191.41885375976562
2024-03-05,188.25198364257812
2024-03-06,189.192138671875
2024-03-07,191.78501892089844
2024-03-08,189.56820678710938
2024-03-11,188.7171173095703
2024-03-12,192.20068359375
2024-03-13,191.41885375976562
2024-03-14,191.88401794433594
2024-03-15,189.44943237304688
2024-03-18,191.25062561035156
2024-03-19,192.5074920654297
2024-03-20,194.65505981445312
2024-03-21,194.65403747558594
2024-03-22,195.0305938720703
2024-03-25,194.12889099121094
2024-03-26,193.37576293945312
2024-03-27,193.8315887451172
2024-03-28,193.3262481689453
2024-04-01,193.56405639648438
2024-04-02,192.0182342529297
2024-04-03,192.33529663085938
2024-04-04,189.70941162109375
2024-04-05,192.40469360351562
2024-04-08,192.36505126953125
2024-04-09,192.513671875
2024-04-10,191.21559143066406
2024-04-11,194.1784210205078
2024-04-12,191.79031372070312
2024-04-15,188.2725830078125
2024-04-16,188.34197998046875
2024-04-17,186.61776733398438
2024-04-18,185.88450622558594
2024-04-19,181.89114379882812
2024-04-22,183.58558654785156
2024-04-23,186.4889678955078
2024-04-24,186.191650390625
2024-04-25,185.1413116455078
2024-04-26,188.73831176757812
2024-04-29,188.88694763183594
2024-04-30,185.71604919433594
2024-05-01,185.02243041992188
2024-05-02,187.62850952148438
2024-05-03,191.02731323242188
2024-05-06,193.45504760742188
2024-05-07,193.6730499267578
2024-05-08,193.4352264404297
2024-05-09,193.99014282226562
2024-05-10,194.13877868652344
2024-05-13,194.34686279296875
2024-05-14,195.4765167236328
2024-05-15,198.5284881591797
2024-05-16,197.755615234375
2024-05-17,197.8348388671875
2024-05-20,198.9149627685547
2024-05-21,199.64822387695312
2024-05-22,198.88523864746094
2024-05-23,198.498779296875
2024-05-24,200.1536102294922
2024-05-28,201.5408477783203
2024-05-29,200.8571319580078
2024-05-30,197.55740356445312
2024-05-31,198.33030700683594
2024-06-03,199.60861206054688
2024-06-04,200.4112091064453
2024-06-05,204.05775451660156
2024-06-06,204.3154296875
2024-06-07,204.1072998046875
2024-06-10,204.89013671875
2024-06-11,206.94720458984375
2024-06-12,209.81361389160156
2024-06-13,211.07327270507812
2024-06-14,211.9956512451172
2024-06-17,214.20745849609375
2024-06-18,214.37606811523438
2024-06-20,213.00732421875
2024-06-21,212.37257385253906
2024-06-24,210.07150268554688
2024-06-25,212.6502685546875
2024-06-26,214.0189971923828
2024-06-27,214.385986328125
2024-06-28,212.76930236816406
2024-07-01,214.95135498046875
2024-07-02,216.82591247558594
2024-07-03,218.6211395263672
2024-07-05,221.19993591308594
2024-07-08,221.5074005126953
2024-07-09,221.94381713867188
2024-07-10,224.12588500976562
2024-07-11,218.6409912109375
2024-07-12,219.7617950439453
2024-07-15,220.56517028808594
2024-07-16,219.7319793701172
2024-07-17,213.5330047607422
2024-07-18,212.12460327148438
2024-07-19,210.63682556152344
2024-07-22,213.88015747070312
2024-07-23,214.04876708984375
2024-07-24,205.9156951904297
2024-07-25,203.58485412597656
2024-07-26,205.33050537109375
2024-07-29,205.70741271972656
2024-07-30,202.513671875
2024-07-31,208.41513061523438
2024-08-01,204.6064453125
2024-08-02,200.39114379882812
2024-08-05,193.07138061523438
2024-08-06,195.09471130371094
2024-08-07,193.4383544921875
2024-08-08,199.15135192871094
2024-08-09,200.7878875732422
2024-08-12,201.6507568359375
2024-08-13,206.49095153808594
2024-08-14,207.05630493164062
2024-08-15,211.34104919433594
2024-08-16,211.60887145996094
2024-08-19,214.2372283935547
2024-08-20,214.24713134765625
2024-08-21,214.93150329589844
2024-08-22,211.57911682128906
2024-08-23,214.0091094970703
2024-08-26,212.53125
2024-08-27,213.07676696777344
2024-08-28,211.0533905029297
2024-08-29,210.15084838867188
2024-08-30,212.62049865722656
2024-09-03,206.143798828125
2024-09-04,205.4197540283203
2024-09-05,205.93551635742188
2024-09-06,201.0259246826172
2024-09-09,203.3567657470703
2024-09-10,205.48919677734375
2024-09-11,210.13101196289062
2024-09-12,212.6502685546875
2024-09-13,213.2949676513672
2024-09-16,212.31304931640625
2024-09-17,212.71971130371094
2024-09-18,211.84686279296875
2024-09-19,217.07388305664062
2024-09-20,216.79617309570312
2024-09-23,216.91519165039062
2024-09-24,217.8474884033203
2024-09-25,218.32723999023438
2024-09-26,218.6549835205078
2024-09-27,217.2346954345703
2024-09-30,218.5556640625
2024-10-01,215.02978515625
2024-10-02,215.3972625732422
2024-10-03,215.43701171875
2024-10-04,217.83062744140625
2024-10-07,215.31781005859375
2024-10-08,219.0324249267578
2024-10-09,220.46261596679688
2024-10-10,220.54209899902344
2024-10-11,220.62155151367188
2024-10-14,222.6874237060547
2024-10-15,220.5321502685547
2024-10-16,220.68113708496094
2024-10-17,221.0188446044922
2024-10-18,222.3000946044922
2024-10-21,223.33299255371094
2024-10-22,223.5912628173828
2024-10-23,219.92628479003906
2024-10-24,221.56509399414062
2024-10-25,222.54837036132812
2024-10-28,222.80661010742188
2024-10-29,224.76324462890625
2024-10-30,223.8693389892578
2024-10-31,217.16517639160156
2024-11-01,218.8933563232422
2024-11-04,218.06900024414062
2024-11-05,220.92945861816406
2024-11-06,226.31265258789062
2024-11-07,230.2159423828125
2024-11-08,230.7423553466797
2024-11-11,230.40463256835938
2024-11-12,230.53379821777344
2024-11-13,230.5834503173828
2024-11-14,229.2425994873047
2024-11-15,224.0977783203125
2024-11-18,224.93206787109375
2024-11-19,227.36544799804688
2024-11-20,226.8787841796875
2024-11-21,227.11717224121094
2024-11-22,226.9781036376953
2024-11-25,226.91848754882812
2024-11-26,229.173095703125
2024-11-27,227.60382080078125
2024-11-29,229.62001037597656
2024-12-02,231.77529907226562
2024-12-03,233.12606811523438
2024-12-04,236.53274536132812
2024-12-05,236.46322631835938
2024-12-06,238.21127319335938
2024-12-09,237.04920959472656
2024-12-10,236.63206481933594
2024-12-11,240.8532257080078
2024-12-12,239.38327026367188
2024-12-13,239.85006713867188
2024-12-16,243.04823303222656
2024-12-17,242.36221313476562
2024-12-18,234.2393798828125
2024-12-19,234.3388214111328
2024-12-20,236.82435607910156
2024-12-23,239.32980346679688
2024-12-24,242.62069702148438
2024-12-26,242.18324279785156
2024-12-27,238.6537322998047
2024-12-30,235.77047729492188
2024-12-31,233.9113006591797
2025-01-02,232.8971710205078
2025-01-03,236.6454315185547
2025-01-06,239.50875854492188
2025-01-07,234.79617309570312
2025-01-08,235.12425231933594
2025-01-10,231.415771484375
2025-01-13,230.36190795898438
2025-01-14,229.20858764648438
2025-01-15,235.00494384765625
2025-01-16,232.73809814453125
2025-01-17,235.76055908203125
2025-01-21,237.44078063964844
2025-01-22,240.9603271484375
2025-01-23,241.92474365234375
2025-01-24,240.85098266601562
2025-01-27,233.4639129638672
2025-01-28,238.9221649169922
2025-01-29,237.2816925048828
2025-01-30,237.4706268310547
2025-01-31,236.9138641357422
2025-02-03,234.3388214111328
2025-02-04,236.9337158203125
2025-02-05,237.23199462890625
2025-02-06,238.7034454345703
2025-02-07,235.64125061035156
2025-02-10,237.83847045898438
2025-02-11,237.6296844482422
2025-02-12,237.3314208984375
2025-02-13,240.403564453125
2025-02-14,240.76150512695312
2025-02-18,240.42347717285156
2025-02-19,240.97027587890625
2025-02-20,240.10531616210938
2025-02-21,234.92538452148438
2025-02-24,232.5889892578125
2025-02-25,230.232666015625
2025-02-26,231.0479278564453
2025-02-27,225.06268310546875
2025-02-28,229.0694122314453
2025-03-03,223.1537628173828
2025-03-04,221.84140014648438
2025-03-05,225.0129852294922
2025-03-06,219.29620361328125
2025-03-07,219.98220825195312
2025-03-10,211.31253051757812
2025-03-11,210.85519409179688
2025-03-12,213.62908935546875
2025-03-13,208.9761199951172
2025-03-14,214.41455078125
2025-03-17,214.5139617919922
2025-03-18,210.8382568359375
2025-03-19,213.8739776611328
2025-03-20,213.59530639648438
2025-03-21,214.61048889160156
2025-03-24,219.19891357421875
2025-03-25,220.22410583496094
2025-03-26,215.794921875
2025-03-27,215.06837463378906
2025-03-28,209.50453186035156
2025-03-31,209.95242309570312
2025-04-01,211.46530151367188
2025-04-02,213.29669189453125
2025-04-03,201.5519256591797
2025-04-04,189.6379852294922
2025-04-07,189.74746704101562
2025-04-08,186.6221466064453
2025-04-09,207.81248474121094
2025-04-10,199.7603759765625
2025-04-11,203.28378295898438
2025-04-14,205.04551696777344
2025-04-15,204.95591735839844
2025-04-16,198.45651245117188
2025-04-17,198.9143524169922
2025-04-21,193.17135620117188
2025-04-22,198.53611755371094
2025-04-23,203.01504516601562
2025-04-24,208.72817993164062
2025-04-25,211.7937469482422
2025-04-28,211.61460876464844
2025-04-29,213.14736938476562
2025-04-30,213.15733337402344
2025-05-01,215.53616333007812
2025-05-02,218.73110961914062
2025-05-05,217.12864685058594
2025-05-06,215.43663024902344
2025-05-07,216.0338134765625
2025-05-08,217.2779541015625
2025-05-09,216.830078125
2025-05-12,225.92727661132812
2025-05-13,229.04261779785156
2025-05-14,230.67494201660156
2025-05-15,230.7147674560547
2025-05-16,231.92906188964844
2025-05-19,231.94894409179688
2025-05-20,231.1228485107422
2025-05-21,227.82830810546875
2025-05-22,228.52505493164062
2025-05-23,226.2258758544922
2025-05-27,231.5906219482422
2025-05-28,230.72471618652344
2025-05-29,231.57073974609375
2025-05-30,230.79437255859375
2025-06-02,232.57601928710938
2025-06-03,233.9395751953125
2025-06-04,234.8552703857422
2025-06-05,233.00399780273438
2025-06-06,235.46243286132812
2025-06-09,235.7112579345703
2025-06-10,237.48292541503906
2025-06-11,236.60704040527344
2025-06-12,237.62225341796875
2025-06-13,234.55667114257812
2025-06-16,237.5277862548828
2025-06-17,234.9871063232422
2025-06-18,234.5686492919922
2025-06-20,233.263427734375
2025-06-23,235.7244110107422
2025-06-24,239.2713623046875
2025-06-25,240.39724731445312
2025-06-26,242.34010314941406
2025-06-27,243.84457397460938
2025-06-30,245.6081085205078
2025-07-01,243.03753662109375
2025-07-02,245.0102996826172
2025-07-03,247.4513397216797
2025-07-07,245.90701293945312
2025-07-08,245.6579132080078
2025-07-09,247.99932861328125
2025-07-10,247.94952392578125
2025-07-11,247.42144775390625
2025-07-14,248.0989532470703
2025-07-15,248.75653076171875
2025-07-16,249.63333129882812
2025-07-17,251.34703063964844
2025-07-18,251.04812622070312
2025-07-21,251.76548767089844
2025-07-22,250.1912841796875
2025-07-23,252.35333251953125
2025-07-24,253.11056518554688
2025-07-25,254.44566345214844
2025-07-28,255.1231689453125
2025-07-29,253.80799865722656
2025-07-30,254.4257354736328
2025-07-31,254.63497924804688
2025-08-01,249.48385620117188
2025-08-04,254.2862548828125
2025-08-05,252.37327575683594
2025-08-06,255.8903350830078
2025-08-07,255.49180603027344
2025-08-08,258.05242919921875
2025-08-11,257.5940856933594
2025-08-12,260.4834899902344
2025-08-13,260.1845703125
2025-08-14,260.70269775390625
2025-08-15,260.0251770019531
2025-08-18,259.87567138671875
2025-08-19,256.1095275878906
2025-08-20,254.7146453857422
2025-08-21,253.5489501953125
2025-08-22,257.40478515625
2025-08-25,256.9365234375
2025-08-26,258.4808349609375
2025-08-27,258.9092712402344
2025-08-28,260.4436340332031
2025-08-29,257.4645690917969
2025-09-02,255.1231689453125
2025-09-03,257.8332214355469
2025-09-04,260.1048889160156
2025-09-05,259.7860412597656
2025-09-08,261.3104248046875
2025-09-09,262.2171325683594
2025-09-10,264.2496643066406
2025-09-11,265.4054260253906
2025-09-12,266.53131103515625
2025-09-15,269.1317138671875
2025-09-16,268.9422607421875
2025-09-17,267.9150390625
2025-09-18,269.3211975097656
2025-09-19,272.0438537597656
2025-09-22,274.8761901855469
2025-09-23,271.8443908691406
2025-09-24,270.7074890136719
2025-09-25,269.241455078125
2025-09-26,270.20880126953125
2025-09-29,271.19610595703125
2025-09-30,272.9115295410156
2025-10-01,274.5570373535156
2025-10-02,274.7964172363281
2025-10-03,273.71929931640625
2025-10-06,275.31500244140625
2025-10-07,273.9686279296875
2025-10-08,276.8109130859375
2025-10-09,276.5716247558594
2025-10-10,267.7055969238281
2025-10-13,273.0411376953125
2025-10-14,270.47808837890625
2025-10-15,271.7646179199219
2025-10-16,270.7273864746094
2025-10-17,272.1934509277344
2025-10-20,275.2950744628906
2025-10-21,275.1554260253906
2025-10-22,273.2007141113281
2025-10-23,275.40472412109375
2025-10-24,277.92791748046875
2025-10-27,282.7748107910156
2025-10-28,285.6968994140625
2025-10-29,287.4820861816406
2025-10-30,282.96429443359375
2025-10-31,283.552734375
2025-11-03,284.85919189453125
2025-11-04,280.08209228515625
2025-11-05,280.4012451171875
2025-11-06,275.7537841796875
2025-11-07,274.9161071777344
2025-11-10,281.1192932128906
2025-11-11,280.8998718261719
2025-11-12,280.4211730957031
2025-11-13,274.5670471191406
2025-11-14,275.3050231933594
2025-11-17,272.8217468261719
2025-11-18,269.1117858886719
2025-11-19,271.24603271484375
2025-11-20,265.7408752441406
2025-11-21,266.8379211425781
2025-11-24,272.93145751953125
2025-11-25,274.537109375
2025-11-26,276.7012634277344
2025-11-28,278.0874938964844
2025-12-01,277.0203857421875
2025-12-02,278.3468017578125
2025-12-03,277.8880615234375
2025-12-04,278.4066467285156
2025-12-05,279.0747985839844
2025-12-08,278.99505615234375
2025-12-09,279.1346435546875
2025-12-10,279.4039611816406
2025-12-11,278.96514892578125
2025-12-12,274.4573059082031
2025-12-15,273.2206726074219
2025-12-16,274.1550598144531
2025-12-17,268.9740295410156
2025-12-18,272.42803955078125
2025-12-19,276.34124755859375
2025-12-22,277.6390075683594
2025-12-23,279.7453918457031
2025-12-24,280.35430908203125
2025-12-26,280.54400634765625
2025-12-29,279.0166320800781
2025-12-30,278.4476013183594
2025-12-31,276.4610595703125
2026-01-02,275.3030700683594
2026-01-05,276.12164306640625
2026-01-06,276.8803405761719
2026-01-07,278.02838134765625
2026-01-08,275.8421325683594
2026-01-09,277.3595275878906
2026-01-12,277.9584655761719
2026-01-13,277.0899658203125
2026-01-14,273.6059875488281
2026-01-15,273.795654296875
2026-01-16,273.5461120605469
2026-01-20,266.8177795410156
2026-01-21,269.09381103515625
2026-01-22,271.0604248046875
2026-01-23,272.6875915527344
2026-01-26,274.5743103027344
2026-01-27,276.5808410644531
2026-01-28,276.17156982421875
2026-01-29,273.6858825683594
2026-01-30,271.8290710449219
2026-02-02,272.74749755859375
2026-02-03,267.9158630371094
2026-02-04,264.791259765625
2026-02-05,260.1792907714844
2026-02-06,266.2287902832031
2026-02-09,268.60467529296875
2026-02-10,267.6363525390625
2026-02-11,266.77783203125
2026-02-12,261.81640625
2026-02-13,260.4288330078125
2026-02-17,261.6866455078125
2026-02-18,263.18408203125
2026-02-19,262.1858215332031
2026-02-20,264.17236328125
2026-02-23,261.0078430175781
2026-02-24,263.6831970214844
2026-02-25,267.1272277832031
2026-02-26,264.162353515625
2026-02-27,261.8463439941406
2026-03-02,262.8646240234375
2026-03-03,261.2474060058594
2026-03-04,263.8628845214844
2026-03-05,263.802978515625
2026-03-06,260.36895751953125
2026-03-09,263.3238220214844
2026-03-10,263.0542907714844
2026-03-11,263.10418701171875
2026-03-12,258.5720520019531
2026-03-13,255.607177734375
2026-03-16,258.6319274902344
2026-03-17,258.7528381347656
2026-03-18,254.79660034179688
2026-03-19,253.67767333984375
2026-03-20,249.43173217773438
2026-03-23,252.9983367919922
2026-03-24,250.16102600097656
2026-03-25,251.75950622558594
2026-03-26,246.0050048828125
2026-03-27,240.5302276611328
2026-03-30,239.67105102539062
2026-03-31,248.60252380371094
2026-04-01,250.76046752929688
2026-04-02,250.76046752929688
2026-04-06,251.74952697753906
2026-04-07,251.87939453125
2026-04-08,258.2532958984375
2026-04-09,259.7319030761719
2026-04-10,260.36126708984375
2026-04-13,263.758056640625
2026-04-14,268.6033935546875
2026-04-15,273.70855712890625
2026-04-16,274.1281433105469
2026-04-17,277.87457275390625
2026-04-20,276.9554443359375
2026-04-21,274.9373779296875
2026-04-22,279.63287353515625
2026-04-23,276.1162414550781
2026-04-24,280.0325012207031
2026-04-27,280.6918640136719
2026-04-28,278.7337341308594
2026-04-29,278.1443176269531
2026-04-30,278.7037658691406
2026-05-01,280.7318420410156
2026-05-04,280.052490234375
2026-05-05,281.2313537597656
2026-05-06,286.2965393066406
2026-05-07,287.1357116699219
2026-05-08,289.5034484863281
2026-05-11,289.3335876464844
2026-05-12,289.2436828613281
2026-05-13,291.7213439941406
2026-05-14,295.4178161621094
2026-05-15,292.0310363769531
2026-05-18,291.45159912109375
2026-05-19,289.1338195800781
2026-05-20,292.6903991699219
2026-05-21,292.550537109375
2026-05-22,293.08001708984375
2026-05-26,294.47869873046875
2026-05-27,294.5686340332031
2026-05-28,297.8454895019531
2026-05-29,299.623779296875
2026-06-01,301.87164306640625
2026-06-02,300.5928649902344
2026-06-03,296.36688232421875
2026-06-04,297.3659362792969
2026-06-05,287.76513671875
2026-06-08,288.254638671875
2026-06-09,285.8169860839844
2026-06-10,280.52203369140625
2026-06-11,284.74798583984375
2026-06-12,284.7380065917969
2026-06-15,291.3999938964844
2026-06-16,289.0400085449219
2026-06-17,284.8999938964844
2026-06-18,288.739990234375
2026-06-22,285.0400085449219
2026-06-23,280.5199890136719
2026-06-24,279.739990234375
2026-06-25,275.9700012207031
2026-06-26,278.17999267578125
2026-06-29,285.5899963378906
2026-06-30,290.6199951171875
2026-07-01,287.80999755859375
2026-07-02,283.3900146484375
2026-07-06,287.7799987792969
2026-07-07,283.82000732421875
2026-07-08,284.80999755859375
2026-07-09,288.6499938964844
2026-07-10,290.4800109863281
2026-07-13,284.6700134277344
2026-07-14,288.760009765625
2026-07-15,289.5299987792969
2026-07-16,283.8299865722656
2026-07-17,279.45001220703125
2026-07-20,279.4200134277344
2026-07-21,284.17999267578125
2026-07-22,283.0899963378906
2026-07-23,277.05999755859375
2026-07-24,274.8999938964844
2026-07-27,273.4200134277344
2026-07-28,271.7300109863281
2026-07-29,265.5799865722656
2026-07-30,274.04998779296875
2026-07-31,276.3800048828125
2026-08-03,280.67498779296875
