Date,Close
1994-07-20,2.343080759048462
1994-07-21,2.4137768745422363
1994-07-22,2.3834786415100098
1994-07-25,2.423877000808716
1994-07-26,2.3834786415100098
1994-07-27,2.4642763137817383
1994-07-28,2.5046725273132324
1994-07-29,2.5046725273132324
1994-08-01,2.625866651535034
1994-08-02,2.625866651535034
1994-08-03,2.545071840286255
1994-08-04,2.545071840286255
1994-08-05,2.5046725273132324
1994-08-08,2.5046725273132324
1994-08-09,2.5854690074920654
1994-08-10,2.423877000808716
1994-08-11,2.4642763137817383
1994-08-12,2.545071840286255
1994-08-15,2.444075584411621
1994-08-16,2.423877000808716
1994-08-17,2.545071840286255
1994-08-18,2.4642763137817383
1994-08-19,2.5046725273132324
1994-08-22,2.5046725273132324
1994-08-23,2.423877000808716
1994-08-24,2.6056675910949707
1994-08-25,2.666264295578003
1994-08-26,2.545071840286255
1994-08-29,2.625866651535034
1994-08-30,2.4642763137817383
1994-08-31,2.545071840286255
1994-09-01,2.5854690074920654
1994-09-02,2.423877000808716
1994-09-06,2.423877000808716
1994-09-07,2.423877000808716
1994-09-08,2.5046725273132324
1994-09-09,2.423877000808716
1994-09-12,2.423877000808716
1994-09-13,2.545071840286255
1994-09-14,2.4642763137817383
1994-09-15,2.4642763137817383
1994-09-16,2.423877000808716
1994-09-19,2.423877000808716
1994-09-20,2.545071840286255
1994-09-21,2.423877000808716
1994-09-22,2.444075584411621
1994-09-23,2.3834786415100098
1994-09-26,2.4540600776672363
1994-09-27,2.3932137489318848
1994-09-28,2.3932137489318848
1994-09-29,2.3932137489318848
1994-09-30,2.4540600776672363
1994-10-03,2.3932137489318848
1994-10-04,2.3932137489318848
1994-10-05,2.47434139251709
1994-10-06,2.3932137489318848
1994-10-07,2.3932137489318848
1994-10-10,2.3932137489318848
1994-10-11,2.3932137489318848
1994-10-12,2.3932137489318848
1994-10-13,2.352651596069336
1994-10-14,2.352651596069336
1994-10-17,2.4337785243988037
1994-10-18,2.352651596069336
1994-10-19,2.3932137489318848
1994-10-20,2.352651596069336
1994-10-21,2.4337785243988037
1994-10-24,2.3932137489318848
1994-10-25,2.4337785243988037
1994-10-26,2.352651596069336
1994-10-27,2.352651596069336
1994-10-28,2.4134960174560547
1994-10-31,2.47434139251709
1994-11-01,2.4337785243988037
1994-11-02,2.352651596069336
1994-11-03,2.4134960174560547
1994-11-04,2.352651596069336
1994-11-07,2.352651596069336
1994-11-08,2.352651596069336
1994-11-09,2.352651596069336
1994-11-10,2.352651596069336
1994-11-11,2.4337785243988037
1994-11-14,2.352651596069336
1994-11-15,2.5149030685424805
1994-11-16,2.352651596069336
1994-11-17,2.3729326725006104
1994-11-18,2.47434139251709
1994-11-21,2.4540600776672363
1994-11-22,2.3932137489318848
1994-11-23,2.3932137489318848
1994-11-25,2.3932137489318848
1994-11-28,2.3729326725006104
1994-11-29,2.4337785243988037
1994-11-30,2.5149030685424805
1994-12-01,2.352651596069336
1994-12-02,2.4337785243988037
1994-12-05,2.47434139251709
1994-12-06,2.352651596069336
1994-12-07,2.3120880126953125
1994-12-08,2.2715256214141846
1994-12-09,2.2715256214141846
1994-12-12,2.3932137489318848
1994-12-13,2.2715256214141846
1994-12-14,2.251244068145752
1994-12-15,2.230961799621582
1994-12-16,2.230961799621582
1994-12-19,2.230961799621582
1994-12-20,2.230961799621582
1994-12-21,2.3120880126953125
1994-12-22,2.230961799621582
1994-12-23,2.240741014480591
1994-12-27,2.240741014480591
1994-12-28,2.3222203254699707
1994-12-29,2.3222203254699707
1994-12-30,2.240741014480591
1995-01-03,2.240741014480591
1995-01-04,2.3018505573272705
1995-01-05,2.240741014480591
1995-01-06,2.281480550765991
1995-01-09,2.3222203254699707
1995-01-10,2.261110544204712
1995-01-11,2.240741014480591
1995-01-12,2.261110544204712
1995-01-13,2.1999995708465576
1995-01-16,2.1999995708465576
1995-01-17,2.1185178756713867
1995-01-18,2.1185178756713867
1995-01-19,2.1185178756713867
1995-01-20,2.1185178756713867
1995-01-23,2.179629325866699
1995-01-24,2.1185178756713867
1995-01-25,2.1185178756713867
1995-01-26,2.179629325866699
1995-01-27,2.2203683853149414
1995-01-30,2.3222203254699707
1995-01-31,2.1999995708465576
1995-02-01,2.1999995708465576
1995-02-02,2.240741014480591
1995-02-03,2.342592716217041
1995-02-06,2.240741014480591
1995-02-07,2.240741014480591
1995-02-08,2.281480550765991
1995-02-09,2.240741014480591
1995-02-10,2.261110544204712
1995-02-13,2.3629627227783203
1995-02-14,2.342592716217041
1995-02-15,2.281480550765991
1995-02-16,2.3629627227783203
1995-02-17,2.3629627227783203
1995-02-21,2.342592716217041
1995-02-22,2.342592716217041
1995-02-23,2.342592716217041
1995-02-24,2.3629627227783203
1995-02-27,2.3629627227783203
1995-02-28,2.4444456100463867
1995-03-01,2.3222203254699707
1995-03-02,2.3222203254699707
1995-03-03,2.3629627227783203
1995-03-06,2.3222203254699707
1995-03-07,2.403702974319458
1995-03-08,2.3629627227783203
1995-03-09,2.3833322525024414
1995-03-10,2.342592716217041
1995-03-13,2.403702974319458
1995-03-14,2.4851861000061035
1995-03-15,2.525925636291504
1995-03-16,2.4851861000061035
1995-03-17,2.5462961196899414
1995-03-20,2.525925636291504
1995-03-21,2.5666661262512207
1995-03-22,2.525925636291504
1995-03-23,2.6074068546295166
1995-03-24,2.5666661262512207
1995-03-27,2.5355844497680664
1995-03-28,2.5355844497680664
1995-03-29,2.5355844497680664
1995-03-30,2.5355844497680664
1995-03-31,2.5355844497680664
1995-04-03,2.658273696899414
1995-04-04,2.5355844497680664
1995-04-05,2.5969290733337402
1995-04-06,2.5355844497680664
1995-04-07,2.5355844497680664
1995-04-10,2.4537928104400635
1995-04-11,2.5151355266571045
1995-04-12,2.5355844497680664
1995-04-13,2.5355844497680664
1995-04-17,2.4946892261505127
1995-04-18,2.4537928104400635
1995-04-19,2.576481580734253
1995-04-20,2.4946892261505127
1995-04-21,2.5458085536956787
1995-04-24,2.5458085536956787
1995-04-25,2.5355844497680664
1995-04-26,2.5458085536956787
1995-04-27,2.6276018619537354
1995-04-28,2.617377996444702
1995-05-01,2.658273696899414
1995-05-02,2.617377996444702
1995-05-03,2.586705207824707
1995-05-04,2.6378259658813477
1995-05-05,2.617377996444702
1995-05-08,2.576481580734253
1995-05-09,2.64805006980896
1995-05-10,2.617377996444702
1995-05-11,2.576481580734253
1995-05-12,2.576481580734253
1995-05-15,2.6276018619537354
1995-05-16,2.576481580734253
1995-05-17,2.5969290733337402
1995-05-18,2.699171304702759
1995-05-19,2.6889467239379883
1995-05-22,2.699171304702759
1995-05-23,2.699171304702759
1995-05-24,2.699171304702759
1995-05-25,2.699171304702759
1995-05-26,2.699171304702759
1995-05-30,2.699171304702759
1995-05-31,2.699171304702759
1995-06-01,2.8320839405059814
1995-06-02,2.82185959815979
1995-06-05,2.760514497756958
1995-06-06,2.862757921218872
1995-06-07,2.862757921218872
1995-06-08,2.7809641361236572
1995-06-09,2.862757921218872
1995-06-12,2.7809641361236572
1995-06-13,2.862757921218872
1995-06-14,2.9036529064178467
1995-06-15,2.7809641361236572
1995-06-16,2.7809641361236572
1995-06-19,2.842308282852173
1995-06-20,2.7911877632141113
1995-06-21,2.82185959815979
1995-06-22,2.862757921218872
1995-06-23,2.8320839405059814
1995-06-26,2.82185959815979
1995-06-27,2.862757921218872
1995-06-28,2.8726072311401367
1995-06-29,2.8931241035461426
1995-06-30,3.077791690826416
1995-07-03,3.0983126163482666
1995-07-05,2.9957189559936523
1995-07-06,3.036754846572876
1995-07-07,2.9957189559936523
1995-07-10,3.1188297271728516
1995-07-11,3.1188297271728516
1995-07-12,3.241942882537842
1995-07-13,3.2829768657684326
1995-07-14,3.2829768657684326
1995-07-17,3.2829768657684326
1995-07-18,3.1598663330078125
1995-07-19,3.1598663330078125
1995-07-20,3.1598663330078125
1995-07-21,3.180384397506714
1995-07-24,3.1598663330078125
1995-07-25,3.1598663330078125
1995-07-26,3.2009050846099854
1995-07-27,3.2829768657684326
1995-07-28,3.2009050846099854
1995-07-31,3.241942882537842
1995-08-01,3.1701245307922363
1995-08-02,3.1598663330078125
1995-08-03,3.1598663330078125
1995-08-04,3.1598663330078125
1995-08-07,3.1598663330078125
1995-08-08,3.036754846572876
1995-08-09,3.036754846572876
1995-08-10,3.036754846572876
1995-08-11,3.1598663330078125
1995-08-14,3.1188297271728516
1995-08-15,3.1598663330078125
1995-08-16,3.1598663330078125
1995-08-17,3.180384397506714
1995-08-18,3.139347553253174
1995-08-21,3.180384397506714
1995-08-22,3.2009050846099854
1995-08-23,3.241942882537842
1995-08-24,3.1598663330078125
1995-08-25,3.2009050846099854
1995-08-28,3.2009050846099854
1995-08-29,3.262458086013794
1995-08-30,3.3240153789520264
1995-08-31,3.3034965991973877
1995-09-01,3.3240153789520264
1995-09-05,3.3240153789520264
1995-09-06,3.241942882537842
1995-09-07,3.3240153789520264
1995-09-08,3.241942882537842
1995-09-11,3.3240153789520264
1995-09-12,3.241942882537842
1995-09-13,3.241942882537842
1995-09-14,3.2829768657684326
1995-09-15,3.2829768657684326
1995-09-18,3.3240153789520264
1995-09-19,3.241942882537842
1995-09-20,3.241942882537842
1995-09-21,3.3650519847869873
1995-09-22,3.3034965991973877
1995-09-25,3.241942882537842
1995-09-26,3.262458086013794
1995-09-27,3.253401041030884
1995-09-28,3.3151729106903076
1995-09-29,3.3151729106903076
1995-10-02,3.2945804595947266
1995-10-03,3.2945804595947266
1995-10-04,3.273991107940674
1995-10-05,3.273991107940674
1995-10-06,3.2122178077697754
1995-10-09,3.2945804595947266
1995-10-10,3.171035051345825
1995-10-11,3.253401041030884
1995-10-12,3.171035051345825
1995-10-13,3.171035051345825
1995-10-16,3.2945804595947266
1995-10-17,3.2122178077697754
1995-10-18,3.171035051345825
1995-10-19,3.171035051345825
1995-10-20,3.232809543609619
1995-10-23,3.2122178077697754
1995-10-24,3.2945804595947266
1995-10-25,3.171035051345825
1995-10-26,3.2945804595947266
1995-10-27,3.171035051345825
1995-10-30,3.171035051345825
1995-10-31,3.335766077041626
1995-11-01,3.335766077041626
1995-11-02,3.253401041030884
1995-11-03,3.171035051345825
1995-11-06,3.171035051345825
1995-11-07,3.335766077041626
1995-11-08,3.253401041030884
1995-11-09,3.335766077041626
1995-11-10,3.253401041030884
1995-11-13,3.171035051345825
1995-11-14,3.171035051345825
1995-11-15,3.171035051345825
1995-11-16,3.2122178077697754
1995-11-17,3.171035051345825
1995-11-20,3.171035051345825
1995-11-21,3.171035051345825
1995-11-22,3.1298534870147705
1995-11-24,3.109262228012085
1995-11-27,3.047487735748291
1995-11-28,3.047487735748291
1995-11-29,3.047487735748291
1995-11-30,3.171035051345825
1995-12-01,3.0886712074279785
1995-12-04,3.1298534870147705
1995-12-05,3.171035051345825
1995-12-06,3.047487735748291
1995-12-07,3.171035051345825
1995-12-08,3.171035051345825
1995-12-11,3.06807804107666
1995-12-12,3.047487735748291
1995-12-13,3.0886712074279785
1995-12-14,3.171035051345825
1995-12-15,3.0886712074279785
1995-12-18,3.0886712074279785
1995-12-19,3.06807804107666
1995-12-20,3.171035051345825
1995-12-21,3.109262228012085
1995-12-22,3.171035051345825
1995-12-26,3.1298534870147705
1995-12-27,3.1414272785186768
1995-12-28,3.0794241428375244
1995-12-29,3.2240967750549316
1996-01-02,3.1827609539031982
1996-01-03,3.2654311656951904
1996-01-04,3.3067643642425537
1996-01-05,3.2240967750549316
1996-01-08,3.1491775512695312
1996-01-09,3.1207587718963623
1996-01-10,3.1414272785186768
1996-01-11,3.1620938777923584
1996-01-12,3.2240967750549316
1996-01-15,3.1414272785186768
1996-01-16,3.3067643642425537
1996-01-17,3.3894331455230713
1996-01-18,3.2654311656951904
1996-01-19,3.3894331455230713
1996-01-22,3.3481006622314453
1996-01-23,3.3481006622314453
1996-01-24,3.2654311656951904
1996-01-25,3.2654311656951904
1996-01-26,3.6581077575683594
1996-01-29,3.720109224319458
1996-01-30,3.554771900177002
1996-01-31,3.554771900177002
1996-02-01,3.554771900177002
1996-02-02,3.554771900177002
1996-02-05,3.6167736053466797
1996-02-06,3.554771900177002
1996-02-07,3.5857715606689453
1996-02-08,3.5754377841949463
1996-02-09,3.513437271118164
1996-02-12,3.513437271118164
1996-02-13,3.513437271118164
1996-02-14,3.513437271118164
1996-02-15,3.513437271118164
1996-02-16,3.5754377841949463
1996-02-20,3.513437271118164
1996-02-21,3.637441396713257
1996-02-22,3.720109224319458
1996-02-23,3.844116687774658
1996-02-26,3.8647797107696533
1996-02-27,4.009450912475586
1996-02-28,4.1747894287109375
1996-02-29,4.092122554779053
1996-03-01,4.25745964050293
1996-03-04,4.1747894287109375
1996-03-05,4.371128082275391
1996-03-06,4.3401288986206055
1996-03-07,4.402130603790283
1996-03-08,4.216124534606934
1996-03-11,4.278125762939453
1996-03-12,4.319462299346924
1996-03-13,4.216124534606934
1996-03-14,4.216124534606934
1996-03-15,4.3401288986206055
1996-03-18,4.3401288986206055
1996-03-19,4.298793792724609
1996-03-20,4.25745964050293
1996-03-21,4.464131832122803
1996-03-22,4.443467140197754
1996-03-25,4.381463050842285
1996-03-26,4.3401288986206055
1996-03-27,4.476067543029785
1996-03-28,4.351734638214111
1996-03-29,4.4346232414245605
1996-04-01,4.351734638214111
1996-04-02,4.476067543029785
1996-04-03,4.476067543029785
1996-04-04,4.351734638214111
1996-04-08,4.310288429260254
1996-04-09,4.476067543029785
1996-04-10,4.413900852203369
1996-04-11,4.351734638214111
1996-04-12,4.413900852203369
1996-04-15,4.413900852203369
1996-04-16,4.4346232414245605
1996-04-17,4.387998104095459
1996-04-18,4.558958530426025
1996-04-19,4.4346232414245605
1996-04-22,4.476067543029785
1996-04-23,4.476067543029785
1996-04-24,4.558958530426025
1996-04-25,4.600403785705566
1996-04-26,4.683295726776123
1996-04-29,4.641849040985107
1996-04-30,4.641849040985107
1996-05-01,4.558958530426025
1996-05-02,4.641849040985107
1996-05-03,4.641849040985107
1996-05-06,4.517512798309326
1996-05-07,4.662569999694824
1996-05-08,4.683295726776123
1996-05-09,4.641849040985107
1996-05-10,4.807628631591797
1996-05-13,4.828353404998779
1996-05-14,4.807628631591797
1996-05-15,4.849073886871338
1996-05-16,4.807628631591797
1996-05-17,4.7661848068237305
1996-05-20,4.828353404998779
1996-05-21,4.890516757965088
1996-05-22,4.807628631591797
1996-05-23,4.828353404998779
1996-05-24,4.849073886871338
1996-05-28,4.807628631591797
1996-05-29,4.724738597869873
1996-05-30,4.724738597869873
1996-05-31,4.641849040985107
1996-06-03,4.641849040985107
1996-06-04,4.683295726776123
1996-06-05,4.605584621429443
1996-06-06,4.683295726776123
1996-06-07,4.517512798309326
1996-06-10,4.558958530426025
1996-06-11,4.393178939819336
1996-06-12,4.558958530426025
1996-06-13,4.558958530426025
1996-06-14,4.558958530426025
1996-06-17,4.393178939819336
1996-06-18,4.558958530426025
1996-06-19,4.455346584320068
1996-06-20,4.476067543029785
1996-06-21,4.558958530426025
1996-06-24,4.662569999694824
1996-06-25,4.600403785705566
1996-06-26,4.6120381355285645
1996-06-27,4.487388610839844
1996-06-28,4.570487022399902
1996-07-01,4.570487022399902
1996-07-02,4.6120381355285645
1996-07-03,4.632812023162842
1996-07-05,4.528937816619873
1996-07-08,4.695138454437256
1996-07-09,4.653589248657227
1996-07-10,4.653589248657227
1996-07-11,4.570487022399902
1996-07-12,4.570487022399902
1996-07-15,4.570487022399902
1996-07-16,4.570487022399902
1996-07-17,4.570487022399902
1996-07-18,4.674363136291504
1996-07-19,4.73668909072876
1996-07-22,4.73668909072876
1996-07-23,4.6120381355285645
1996-07-24,4.6120381355285645
1996-07-25,4.674363136291504
1996-07-26,4.674363136291504
1996-07-29,4.6120381355285645
1996-07-30,4.653589248657227
1996-07-31,4.6120381355285645
1996-08-01,4.819787502288818
1996-08-02,4.7782368659973145
1996-08-05,4.819787502288818
1996-08-06,4.819787502288818
1996-08-07,4.7782368659973145
1996-08-08,4.7782368659973145
1996-08-09,4.7782368659973145
1996-08-12,4.7782368659973145
1996-08-13,4.944436550140381
1996-08-14,4.965210437774658
1996-08-15,4.985987663269043
1996-08-16,4.985987663269043
1996-08-19,4.985987663269043
1996-08-20,5.06908655166626
1996-08-21,4.944436550140381
1996-08-22,4.944436550140381
1996-08-23,4.965210437774658
1996-08-26,5.027535915374756
1996-08-27,4.944436550140381
1996-08-28,5.027535915374756
1996-08-29,4.944436550140381
1996-08-30,5.027535915374756
1996-09-03,5.027535915374756
1996-09-04,4.944436550140381
1996-09-05,5.027535915374756
1996-09-06,4.944436550140381
1996-09-09,4.819787502288818
1996-09-10,4.861334800720215
1996-09-11,4.73668909072876
1996-09-12,4.73668909072876
1996-09-13,4.653589248657227
1996-09-16,4.73668909072876
1996-09-17,4.7782368659973145
1996-09-18,4.799011707305908
1996-09-19,4.73668909072876
1996-09-20,4.7782368659973145
1996-09-23,4.715915679931641
1996-09-24,4.715915679931641
1996-09-25,4.695138454437256
1996-09-26,4.833475589752197
1996-09-27,4.77097225189209
1996-09-30,4.70847225189209
1996-10-01,4.8126397132873535
1996-10-02,5.000146865844727
1996-10-03,4.8751420974731445
1996-10-04,4.916809558868408
1996-10-07,5.083482265472412
1996-10-08,4.95847749710083
1996-10-09,5.000146865844727
1996-10-10,5.000146865844727
1996-10-11,5.000146865844727
1996-10-14,5.000146865844727
1996-10-15,5.000146865844727
1996-10-16,4.8751420974731445
1996-10-17,5.000146865844727
1996-10-18,4.916809558868408
1996-10-21,4.916809558868408
1996-10-22,4.8751420974731445
1996-10-23,4.8751420974731445
1996-10-24,4.916809558868408
1996-10-25,4.937643051147461
1996-10-28,4.937643051147461
1996-10-29,4.916809558868408
1996-10-30,4.916809558868408
1996-10-31,4.937643051147461
1996-11-01,5.000146865844727
1996-11-04,5.000146865844727
1996-11-05,4.916809558868408
1996-11-06,4.8751420974731445
1996-11-07,4.95847749710083
1996-11-08,4.8751420974731445
1996-11-11,5.04181432723999
1996-11-12,4.916809558868408
1996-11-13,4.916809558868408
1996-11-14,4.916809558868408
1996-11-15,4.916809558868408
1996-11-18,4.833475589752197
1996-11-19,4.95847749710083
1996-11-20,4.833475589752197
1996-11-21,4.791806221008301
1996-11-22,4.833475589752197
1996-11-25,4.8751420974731445
1996-11-26,4.8959784507751465
1996-11-27,4.77097225189209
1996-11-29,4.77097225189209
1996-12-02,4.791806221008301
1996-12-03,4.833475589752197
1996-12-04,4.8126397132873535
1996-12-05,4.833475589752197
1996-12-06,4.791806221008301
1996-12-09,4.750140190124512
1996-12-10,4.77097225189209
1996-12-11,4.791806221008301
1996-12-12,4.791806221008301
1996-12-13,4.645967960357666
1996-12-16,4.625135898590088
1996-12-17,4.750140190124512
1996-12-18,4.70847225189209
1996-12-19,4.625135898590088
1996-12-20,4.833475589752197
1996-12-23,4.750140190124512
1996-12-24,4.750140190124512
1996-12-26,4.750140190124512
1996-12-27,4.888864040374756
1996-12-30,4.763512134552002
1996-12-31,4.72172737121582
1997-01-02,4.888864040374756
1997-01-03,4.888864040374756
1997-01-06,4.763512134552002
1997-01-07,4.763512134552002
1997-01-08,4.763512134552002
1997-01-09,4.847080707550049
1997-01-10,4.888864040374756
1997-01-13,4.847080707550049
1997-01-14,4.805293560028076
1997-01-15,4.805293560028076
1997-01-16,4.805293560028076
1997-01-17,4.805293560028076
1997-01-20,4.805293560028076
1997-01-21,4.805293560028076
1997-01-22,4.8679728507995605
1997-01-23,4.8261871337890625
1997-01-24,4.8261871337890625
1997-01-27,4.8261871337890625
1997-01-28,4.8261871337890625
1997-01-29,4.72172737121582
1997-01-30,4.763512134552002
1997-01-31,4.74261999130249
1997-02-03,4.74261999130249
1997-02-04,4.784400939941406
1997-02-05,4.8679728507995605
1997-02-06,4.815742492675781
1997-02-07,4.763512134552002
1997-02-10,4.8679728507995605
1997-02-11,4.784400939941406
1997-02-12,4.74261999130249
1997-02-13,4.784400939941406
1997-02-14,4.805293560028076
1997-02-18,4.805293560028076
1997-02-19,4.784400939941406
1997-02-20,4.763512134552002
1997-02-21,4.784400939941406
1997-02-24,4.805293560028076
1997-02-25,4.847080707550049
1997-02-26,4.784400939941406
1997-02-27,4.805293560028076
1997-02-28,4.763512134552002
1997-03-03,4.8261871337890625
1997-03-04,4.763512134552002
1997-03-05,4.888864040374756
1997-03-06,4.763512134552002
1997-03-07,4.763512134552002
1997-03-10,4.763512134552002
1997-03-11,4.888864040374756
1997-03-12,4.805293560028076
1997-03-13,4.847080707550049
1997-03-14,4.805293560028076
1997-03-17,4.805293560028076
1997-03-18,4.888864040374756
1997-03-19,4.888864040374756
1997-03-20,5.014221668243408
1997-03-21,4.930648326873779
1997-03-24,4.95154333114624
1997-03-25,5.035114288330078
1997-03-26,5.090415954589844
1997-03-27,5.111364841461182
1997-03-31,5.100891590118408
1997-04-01,5.111364841461182
1997-04-02,5.090415954589844
1997-04-03,5.111364841461182
1997-04-04,5.195158958435059
1997-04-07,5.153262615203857
1997-04-08,4.839037895202637
1997-04-09,4.943777561187744
1997-04-10,4.9228315353393555
1997-04-11,4.901882171630859
1997-04-14,4.880936145782471
1997-04-15,4.901882171630859
1997-04-16,4.880936145782471
1997-04-17,4.9228315353393555
1997-04-18,4.859986782073975
1997-04-21,4.9856743812561035
1997-04-22,4.96472692489624
1997-04-23,4.880936145782471
1997-04-24,4.901882171630859
1997-04-25,4.901882171630859
1997-04-28,4.859986782073975
1997-04-29,4.859986782073975
1997-04-30,4.901882171630859
1997-05-01,4.859986782073975
1997-05-02,4.943777561187744
1997-05-05,5.0275726318359375
1997-05-06,4.9856743812561035
1997-05-07,5.111364841461182
1997-05-08,4.943777561187744
1997-05-09,4.943777561187744
1997-05-12,4.9856743812561035
1997-05-13,5.0275726318359375
1997-05-14,4.943777561187744
1997-05-15,4.943777561187744
1997-05-16,4.96472692489624
1997-05-19,5.0275726318359375
1997-05-20,4.901882171630859
1997-05-21,4.96472692489624
1997-05-22,5.0694684982299805
1997-05-23,5.341796398162842
1997-05-27,5.488435745239258
1997-05-28,5.341796398162842
1997-05-29,5.362743377685547
1997-05-30,5.73981237411499
1997-06-02,5.907397747039795
1997-06-03,5.697916507720947
1997-06-04,5.614121913909912
1997-06-05,5.781707763671875
1997-06-06,5.697916507720947
1997-06-09,5.697916507720947
1997-06-10,5.5722270011901855
1997-06-11,5.425588607788086
1997-06-12,5.425588607788086
1997-06-13,5.614121913909912
1997-06-16,5.614121913909912
1997-06-17,5.614121913909912
1997-06-18,5.697916507720947
1997-06-19,5.781707763671875
1997-06-20,5.781707763671875
1997-06-23,5.781707763671875
1997-06-24,5.781707763671875
1997-06-25,5.802654266357422
1997-06-26,5.865506172180176
1997-06-27,5.949293613433838
1997-06-30,6.116881847381592
1997-07-01,6.033088207244873
1997-07-02,6.116881847381592
1997-07-03,6.326362609863281
1997-07-07,6.53584623336792
1997-07-08,6.53584623336792
1997-07-09,6.368259906768799
1997-07-10,6.43110466003418
1997-07-11,6.410155773162842
1997-07-14,6.53584623336792
1997-07-15,6.53584623336792
1997-07-16,6.6615309715271
1997-07-17,6.53584623336792
1997-07-18,6.6615309715271
1997-07-21,6.326362609863281
1997-07-22,6.242570400238037
1997-07-23,6.200671672821045
1997-07-24,6.368259906768799
1997-07-25,6.53584623336792
1997-07-28,6.452052593231201
1997-07-29,6.452052593231201
1997-07-30,6.452052593231201
1997-07-31,6.738382339477539
1997-08-01,6.738382339477539
1997-08-04,6.717383861541748
1997-08-05,6.675402641296387
1997-08-06,6.675402641296387
1997-08-07,6.6963911056518555
1997-08-08,6.801357746124268
1997-08-11,6.717383861541748
1997-08-12,6.654410362243652
1997-08-13,6.864332675933838
1997-08-14,6.927308559417725
1997-08-15,6.633424758911133
1997-08-18,6.59143590927124
1997-08-19,6.59143590927124
1997-08-20,6.885320663452148
1997-08-21,6.885320663452148
1997-08-22,6.843348979949951
1997-08-25,6.528460502624512
1997-08-26,6.5494537353515625
1997-08-27,6.801357746124268
1997-08-28,6.654410362243652
1997-08-29,6.507469177246094
1997-09-02,6.59143590927124
1997-09-03,6.507469177246094
1997-09-04,6.801357746124268
1997-09-05,6.654410362243652
1997-09-08,6.633424758911133
1997-09-09,6.675402641296387
1997-09-10,6.843348979949951
1997-09-11,6.717383861541748
1997-09-12,6.843348979949951
1997-09-15,6.6229248046875
1997-09-16,6.59143590927124
1997-09-17,6.759374141693115
1997-09-18,6.738382339477539
1997-09-19,6.633424758911133
1997-09-22,6.717383861541748
1997-09-23,6.717383861541748
1997-09-24,6.717383861541748
1997-09-25,6.675402641296387
1997-09-26,6.5494537353515625
1997-09-29,6.5494537353515625
1997-09-30,6.675402641296387
1997-10-01,6.717383861541748
1997-10-02,6.885320663452148
1997-10-03,6.633424758911133
1997-10-06,6.654410362243652
1997-10-07,6.717383861541748
1997-10-08,6.717383861541748
1997-10-09,6.948301315307617
1997-10-10,6.822348117828369
1997-10-13,6.801357746124268
1997-10-14,6.906316757202148
1997-10-15,6.801357746124268
1997-10-16,6.969294548034668
1997-10-17,6.906316757202148
1997-10-20,6.801357746124268
1997-10-21,6.948301315307617
1997-10-22,6.885320663452148
1997-10-23,6.927308559417725
1997-10-24,6.717383861541748
1997-10-27,6.738382339477539
1997-10-28,6.486475467681885
1997-10-29,6.690126419067383
1997-10-30,6.774279594421387
1997-10-31,7.1529693603515625
1997-11-03,7.195043563842773
1997-11-04,7.22659969329834
1997-11-05,6.984663009643555
1997-11-06,6.984663009643555
1997-11-07,6.963622570037842
1997-11-10,7.131932258605957
1997-11-11,7.216084003448486
1997-11-12,6.984663009643555
1997-11-13,7.1529693603515625
1997-11-14,7.1529693603515625
1997-11-17,7.068813323974609
1997-11-18,7.1529693603515625
1997-11-19,7.1529693603515625
1997-11-20,7.068813323974609
1997-11-21,7.131932258605957
1997-11-24,7.237119674682617
1997-11-25,7.237119674682617
1997-11-26,6.99517822265625
1997-11-28,7.174009323120117
1997-12-01,7.1529693603515625
1997-12-02,7.174009323120117
1997-12-03,7.195043563842773
1997-12-04,7.216084003448486
1997-12-05,7.216084003448486
1997-12-08,7.047773361206055
1997-12-09,7.047773361206055
1997-12-10,7.300232887268066
1997-12-11,7.237119674682617
1997-12-12,7.026737213134766
1997-12-15,7.321274757385254
1997-12-16,7.026737213134766
1997-12-17,7.110894680023193
1997-12-18,7.068813323974609
1997-12-19,7.110894680023193
1997-12-22,7.110894680023193
1997-12-23,7.174009323120117
1997-12-24,7.237119674682617
1997-12-26,7.489575386047363
1997-12-29,7.321274757385254
1997-12-30,7.321274757385254
1997-12-31,7.405424118041992
1998-01-02,7.489575386047363
1998-01-05,7.321274757385254
1998-01-06,7.321274757385254
1998-01-07,7.195043563842773
1998-01-08,7.195043563842773
1998-01-09,7.1371917724609375
1998-01-12,7.026737213134766
1998-01-13,6.816355228424072
1998-01-14,6.816355228424072
1998-01-15,7.110894680023193
1998-01-16,7.047773361206055
1998-01-20,7.068813323974609
1998-01-21,7.279194355010986
1998-01-22,7.195043563842773
1998-01-23,6.732204914093018
1998-01-26,6.92154598236084
1998-01-27,7.110894680023193
1998-01-28,7.167386054992676
1998-01-29,7.251708984375
1998-01-30,7.220090866088867
1998-02-02,7.251708984375
1998-02-03,7.2306294441223145
1998-02-04,7.209550380706787
1998-02-05,7.2306294441223145
1998-02-06,7.167386054992676
1998-02-09,7.251708984375
1998-02-10,7.2306294441223145
1998-02-11,7.2306294441223145
1998-02-12,7.251708984375
1998-02-13,7.188470363616943
1998-02-17,7.2306294441223145
1998-02-18,7.146305561065674
1998-02-19,7.188470363616943
1998-02-20,7.083065509796143
1998-02-23,7.188470363616943
1998-02-24,7.1568427085876465
1998-02-25,7.083065509796143
1998-02-26,7.104143142700195
1998-02-27,7.083065509796143
1998-03-02,7.104143142700195
1998-03-03,7.251708984375
1998-03-04,7.209550380706787
1998-03-05,6.972391605377197
1998-03-06,7.1568427085876465
1998-03-09,7.209550380706787
1998-03-10,6.872260093688965
1998-03-11,7.109414100646973
1998-03-12,7.167386054992676
1998-03-13,7.209550380706787
1998-03-16,6.830097675323486
1998-03-17,6.703610420227051
1998-03-18,6.745774269104004
1998-03-19,6.766854286193848
1998-03-20,6.745774269104004
1998-03-23,6.787936687469482
1998-03-24,6.703610420227051
1998-03-25,6.745774269104004
1998-03-26,6.830097675323486
1998-03-27,6.914414405822754
1998-03-30,6.745774269104004
1998-03-31,6.745774269104004
1998-04-01,6.914414405822754
1998-04-02,6.914414405822754
1998-04-03,6.998739719390869
1998-04-06,6.8511810302734375
1998-04-07,6.924962520599365
1998-04-08,6.924962520599365
1998-04-09,6.935499668121338
1998-04-13,6.998739719390869
1998-04-14,7.05144739151001
1998-04-15,7.083065509796143
1998-04-16,7.0409040451049805
1998-04-17,6.956579685211182
1998-04-20,7.114688396453857
1998-04-21,6.998739719390869
1998-04-22,7.083065509796143
1998-04-23,7.251708984375
1998-04-24,7.378194332122803
1998-04-27,7.3149495124816895
1998-04-28,7.146305561065674
1998-04-29,7.371898174285889
1998-04-30,7.773234844207764
1998-05-01,7.773234844207764
1998-05-04,7.752113342285156
1998-05-05,8.026710510253906
1998-05-06,7.942217826843262
1998-05-07,8.037274360656738
1998-05-08,8.195690155029297
1998-05-11,8.1112060546875
1998-05-12,8.195690155029297
1998-05-13,8.301305770874023
1998-05-14,8.269622802734375
1998-05-15,8.364672660827637
1998-05-18,8.237936019897461
1998-05-19,8.364672660827637
1998-05-20,8.195690155029297
1998-05-21,8.343555450439453
1998-05-22,8.406922340393066
1998-05-26,8.28018569946289
1998-05-27,8.322427749633789
1998-05-28,8.195690155029297
1998-05-29,8.396360397338867
1998-06-01,8.744889259338379
1998-06-02,8.385799407958984
1998-06-03,8.41748046875
1998-06-04,8.57590103149414
1998-06-05,8.618149757385254
1998-06-08,8.607589721679688
1998-06-09,8.618149757385254
1998-06-10,8.512537002563477
1998-06-11,8.512537002563477
1998-06-12,8.406922340393066
1998-06-15,8.533658027648926
1998-06-16,8.259056091308594
1998-06-17,8.449172973632812
1998-06-18,8.385799407958984
1998-06-19,8.449172973632812
1998-06-22,8.406922340393066
1998-06-23,8.364672660827637
1998-06-24,8.068957328796387
1998-06-25,8.28018569946289
1998-06-26,8.28018569946289
1998-06-29,8.28018569946289
1998-06-30,8.301305770874023
1998-07-01,8.322427749633789
1998-07-02,8.195690155029297
1998-07-06,8.491415023803711
1998-07-07,8.237936019897461
1998-07-08,8.195690155029297
1998-07-09,8.153448104858398
1998-07-10,7.963342666625977
1998-07-13,8.195690155029297
1998-07-14,8.364672660827637
1998-07-15,8.428045272827148
1998-07-16,8.449172973632812
1998-07-17,8.364672660827637
1998-07-20,8.660394668579102
1998-07-21,8.702642440795898
1998-07-22,8.57590103149414
1998-07-23,8.406922340393066
1998-07-24,8.1112060546875
1998-07-27,8.449172973632812
1998-07-28,8.28018569946289
1998-07-29,8.209763526916504
1998-07-30,8.336724281311035
1998-07-31,7.448034286499023
1998-08-03,7.744258403778076
1998-08-04,7.786581993103027
1998-08-05,7.53267240524292
1998-08-06,7.701943874359131
1998-08-07,8.252083778381348
1998-08-10,7.701943874359131
1998-08-11,8.125129699707031
1998-08-12,7.701943874359131
1998-08-13,7.913536548614502
1998-08-14,7.786581993103027
1998-08-17,8.125129699707031
1998-08-18,8.294403076171875
1998-08-19,8.4636812210083
1998-08-20,8.209763526916504
1998-08-21,8.4636812210083
1998-08-24,8.4636812210083
1998-08-25,8.379040718078613
1998-08-26,8.252083778381348
1998-08-27,8.400199890136719
1998-08-28,8.505998611450195
1998-08-31,8.336724281311035
1998-09-01,8.950336456298828
1998-09-02,9.013812065124512
1998-09-03,9.267724990844727
1998-09-04,9.41584300994873
1998-09-08,9.394684791564941
1998-09-09,9.31004524230957
1998-09-10,9.140772819519043
1998-09-11,9.140772819519043
1998-09-14,8.675265312194824
1998-09-15,8.802227973937988
1998-09-16,8.802227973937988
1998-09-17,8.802227973937988
1998-09-18,9.056133270263672
1998-09-21,9.140772819519043
1998-09-22,9.098454475402832
1998-09-23,9.437000274658203
1998-09-24,8.886857986450195
1998-09-25,9.151351928710938
1998-09-28,8.971501350402832
1998-09-29,8.802227973937988
1998-09-30,8.4636812210083
1998-10-01,8.802227973937988
1998-10-02,8.62237548828125
1998-10-05,8.505998611450195
1998-10-06,8.971501350402832
1998-10-07,8.971501350402832
1998-10-08,8.971501350402832
1998-10-09,8.971501350402832
1998-10-12,9.31004524230957
1998-10-13,9.267724990844727
1998-10-14,9.331209182739258
1998-10-15,9.690910339355469
1998-10-16,9.817864418029785
1998-10-19,9.881343841552734
1998-10-20,10.833505630493164
1998-10-21,10.833505630493164
1998-10-22,10.494959831237793
1998-10-23,10.833505630493164
1998-10-26,10.748865127563477
1998-10-27,10.156414031982422
1998-10-28,10.341194152832031
1998-10-29,9.832612037658691
1998-10-30,9.366411209106445
1998-11-02,9.196880340576172
1998-11-03,9.578323364257812
1998-11-04,9.663084983825684
1998-11-05,9.493562698364258
1998-11-06,9.451173782348633
1998-11-09,9.620705604553223
1998-11-10,9.70546817779541
1998-11-11,9.493562698364258
1998-11-12,9.408793449401855
1998-11-13,9.408793449401855
1998-11-16,9.578323364257812
1998-11-17,9.493562698364258
1998-11-18,9.493562698364258
1998-11-19,9.578323364257812
1998-11-20,9.493562698364258
1998-11-23,9.578323364257812
1998-11-24,9.578323364257812
1998-11-25,9.578323364257812
1998-11-27,10.086907386779785
1998-11-30,10.171666145324707
1998-12-01,10.510723114013672
1998-12-02,10.637872695922852
1998-12-03,10.468341827392578
1998-12-04,10.341194152832031
1998-12-07,10.36238956451416
1998-12-08,10.309412002563477
1998-12-09,10.044525146484375
1998-12-10,10.065714836120605
1998-12-11,10.044525146484375
1998-12-14,9.112119674682617
1998-12-15,9.832612037658691
1998-12-16,9.917378425598145
1998-12-17,10.171666145324707
1998-12-18,9.790230751037598
1998-12-21,10.002140998840332
1998-12-22,9.832612037658691
1998-12-23,9.663084983825684
1998-12-24,9.578323364257812
1998-12-28,9.874998092651367
1998-12-29,10.510723114013672
1998-12-30,10.637872695922852
1998-12-31,10.680253982543945
1999-01-04,10.55310344696045
1999-01-05,10.171666145324707
1999-01-06,10.468341827392578
1999-01-07,10.171666145324707
1999-01-08,10.447153091430664
1999-01-11,10.002140998840332
1999-01-12,10.235243797302246
1999-01-13,10.25643253326416
1999-01-14,10.171666145324707
1999-01-15,10.002140998840332
1999-01-19,9.747847557067871
1999-01-20,9.663084983825684
1999-01-21,9.324030876159668
1999-01-22,9.175691604614258
1999-01-25,9.324030876159668
1999-01-26,8.984980583190918
1999-01-27,8.87289810180664
1999-01-28,9.339892387390137
1999-01-29,9.59461498260498
1999-02-01,10.019156455993652
1999-02-02,10.188970565795898
1999-02-03,9.849339485168457
1999-02-04,9.74320125579834
1999-02-05,9.828112602233887
1999-02-08,10.019156455993652
1999-02-09,10.188970565795898
1999-02-10,9.721978187561035
1999-02-11,9.849339485168457
1999-02-12,9.467252731323242
1999-02-16,9.679522514343262
1999-02-17,9.509708404541016
1999-02-18,9.764430046081543
1999-02-19,9.849339485168457
1999-02-22,9.764430046081543
1999-02-23,9.509708404541016
1999-02-24,9.976701736450195
1999-02-25,9.849339485168457
1999-02-26,9.721978187561035
1999-03-01,9.913019180297852
1999-03-02,9.891794204711914
1999-03-03,9.955472946166992
1999-03-04,9.721978187561035
1999-03-05,9.764430046081543
1999-03-08,9.276208877563477
1999-03-09,9.467252731323242
1999-03-10,9.29743480682373
1999-03-11,9.721978187561035
1999-03-12,9.679522514343262
1999-03-15,9.509708404541016
1999-03-16,9.339892387390137
1999-03-17,9.339892387390137
1999-03-18,9.29743480682373
1999-03-19,9.085164070129395
1999-03-22,9.233759880065918
1999-03-23,9.085164070129395
1999-03-24,9.106393814086914
1999-03-25,8.745532989501953
1999-03-26,8.830438613891602
1999-03-29,8.745532989501953
1999-03-30,9.488479614257812
1999-03-31,9.29743480682373
1999-04-01,9.424795150756836
1999-04-05,9.509708404541016
1999-04-06,9.424795150756836
1999-04-07,8.957804679870605
1999-04-08,9.000258445739746
1999-04-09,9.127620697021484
1999-04-12,8.745532989501953
1999-04-13,8.87289810180664
1999-04-14,9.849339485168457
1999-04-15,10.316332817077637
1999-04-16,9.934248924255371
1999-04-19,9.552160263061523
1999-04-20,9.679522514343262
1999-04-21,9.764430046081543
1999-04-22,9.934248924255371
1999-04-23,9.934248924255371
1999-04-26,9.573385238647461
1999-04-27,9.254984855651855
1999-04-28,9.100191116333008
1999-04-29,9.865628242492676
1999-04-30,9.057669639587402
1999-05-03,9.56795883178711
1999-05-04,9.61048412322998
1999-05-05,10.120777130126953
1999-05-06,9.993204116821289
1999-05-07,9.865628242492676
1999-05-10,10.03572940826416
1999-05-11,10.03572940826416
1999-05-12,9.865628242492676
1999-05-13,9.88688850402832
1999-05-14,9.865628242492676
1999-05-17,9.69553279876709
1999-05-18,9.865628242492676
1999-05-19,9.6530122756958
1999-05-20,9.823104858398438
1999-05-21,10.03572940826416
1999-05-24,9.908156394958496
1999-05-25,10.03572940826416
1999-05-26,10.03572940826416
1999-05-27,9.950681686401367
1999-05-28,9.865628242492676
1999-06-01,10.046356201171875
1999-06-02,10.20582389831543
1999-06-03,10.078255653381348
1999-06-04,10.20582389831543
1999-06-07,10.227089881896973
1999-06-08,10.20582389831543
1999-06-09,10.20582389831543
1999-06-10,9.865628242492676
1999-06-11,9.950681686401367
1999-06-14,9.69553279876709
1999-06-15,9.908156394958496
1999-06-16,9.865628242492676
1999-06-17,9.7805814743042
1999-06-18,9.801843643188477
1999-06-21,10.120777130126953
1999-06-22,10.003839492797852
1999-06-23,10.03572940826416
1999-06-24,9.950681686401367
1999-06-25,10.03572940826416
1999-06-28,10.03572940826416
1999-06-29,10.078255653381348
1999-06-30,10.078255653381348
1999-07-01,10.20582389831543
1999-07-02,10.33339786529541
1999-07-06,10.120777130126953
1999-07-07,10.546019554138184
1999-07-08,10.524758338928223
1999-07-09,10.97126293182373
1999-07-12,10.811796188354492
1999-07-13,10.37591552734375
1999-07-14,10.716117858886719
1999-07-15,10.886214256286621
1999-07-16,10.716117858886719
1999-07-19,10.886214256286621
1999-07-20,10.97126293182373
1999-07-21,10.886214256286621
1999-07-22,10.524758338928223
1999-07-23,10.163305282592773
1999-07-26,10.33339786529541
1999-07-27,10.37591552734375
1999-07-28,10.391255378723145
1999-07-29,10.306078910827637
1999-07-30,10.391255378723145
1999-08-02,10.391255378723145
1999-08-03,10.433839797973633
1999-08-04,10.306078910827637
1999-08-05,10.220901489257812
1999-08-06,10.178317070007324
1999-08-09,10.093144416809082
1999-08-10,10.519012451171875
1999-08-11,10.391255378723145
1999-08-12,10.524334907531738
1999-08-13,10.391255378723145
1999-08-16,10.007969856262207
1999-08-17,9.83762264251709
1999-08-18,9.645978927612305
1999-08-19,9.709861755371094
1999-08-20,9.709861755371094
1999-08-23,9.539510726928711
1999-08-24,9.539510726928711
1999-08-25,9.624679565429688
1999-08-26,9.283988952636719
1999-08-27,9.283988952636719
1999-08-30,9.241401672363281
1999-08-31,9.241401672363281
1999-09-01,9.241401672363281
1999-09-02,9.32657527923584
1999-09-03,9.262699127197266
1999-09-07,9.113642692565918
1999-09-08,8.858116149902344
1999-09-09,8.56001091003418
1999-09-10,8.474834442138672
1999-09-13,8.645182609558105
1999-09-14,8.602595329284668
1999-09-15,8.858116149902344
1999-09-16,8.698415756225586
1999-09-17,8.900707244873047
1999-09-20,9.32657527923584
1999-09-21,9.880206108093262
1999-09-22,9.880206108093262
1999-09-23,9.496922492980957
1999-09-24,9.667272567749023
1999-09-27,9.518218994140625
1999-09-28,9.880206108093262
1999-09-29,9.390459060668945
1999-09-30,10.263489723205566
1999-10-01,10.135730743408203
1999-10-04,10.007969856262207
1999-10-05,9.32657527923584
1999-10-06,9.283988952636719
1999-10-07,9.32657527923584
1999-10-08,9.582097053527832
1999-10-11,8.730350494384766
1999-10-12,8.687768936157227
1999-10-13,8.687768936157227
1999-10-14,8.687768936157227
1999-10-15,9.582097053527832
1999-10-18,9.198812484741211
1999-10-19,8.730350494384766
1999-10-20,8.879405975341797
1999-10-21,9.007171630859375
1999-10-22,8.772940635681152
1999-10-25,8.762296676635742
1999-10-26,8.645182609558105
1999-10-27,8.576231956481934
1999-10-28,8.618897438049316
1999-10-29,8.576231956481934
1999-11-01,8.618897438049316
1999-11-02,8.533557891845703
1999-11-03,8.576231956481934
1999-11-04,8.533557891845703
1999-11-05,8.469565391540527
1999-11-08,8.469565391540527
1999-11-09,8.448227882385254
1999-11-10,8.23488998413086
1999-11-11,8.149551391601562
1999-11-12,8.533557891845703
1999-11-15,8.362892150878906
1999-11-16,8.448227882385254
1999-11-17,8.405562400817871
1999-11-18,8.618897438049316
1999-11-19,8.448227882385254
1999-11-22,8.064215660095215
1999-11-23,7.765539646148682
1999-11-24,7.018858909606934
1999-11-26,7.125524520874023
1999-11-29,7.1681904792785645
1999-11-30,7.936215400695801
1999-12-01,7.722870349884033
1999-12-02,7.637539386749268
1999-12-03,7.8082122802734375
1999-12-06,7.8082122802734375
1999-12-07,7.8295464515686035
1999-12-08,8.064215660095215
1999-12-09,7.936215400695801
1999-12-10,7.8295464515686035
1999-12-13,8.448227882385254
1999-12-14,8.533557891845703
1999-12-15,9.045578956604004
1999-12-16,9.045578956604004
1999-12-17,9.216243743896484
1999-12-20,9.429586410522461
1999-12-21,8.960236549377441
1999-12-22,9.301583290100098
1999-12-23,9.445585250854492
1999-12-27,9.002907752990723
1999-12-28,9.472254753112793
1999-12-29,9.173582077026367
1999-12-30,9.216243743896484
1999-12-31,9.386921882629395
2000-01-03,9.386921882629395
2000-01-04,8.91757583618164
2000-01-05,9.472254753112793
2000-01-06,9.152243614196777
2000-01-07,8.874902725219727
2000-01-10,8.533557891845703
2000-01-11,9.002907752990723
2000-01-12,9.130916595458984
2000-01-13,9.173582077026367
2000-01-14,8.78956413269043
2000-01-18,9.002907752990723
2000-01-19,8.661567687988281
2000-01-20,8.320223808288574
2000-01-21,8.192221641540527
2000-01-24,8.490897178649902
2000-01-25,8.277560234069824
2000-01-26,8.251222610473633
2000-01-27,7.9519548416137695
2000-01-28,8.037460327148438
2000-01-31,7.9519548416137695
2000-02-01,7.695438385009766
2000-02-02,7.524428844451904
2000-02-03,7.267917633056641
2000-02-04,7.35341739654541
2000-02-07,7.267917633056641
2000-02-08,7.18241024017334
2000-02-09,7.267917633056641
2000-02-10,7.9519548416137695
2000-02-11,7.780941009521484
2000-02-14,6.883146286010742
2000-02-15,7.310665607452393
2000-02-16,7.35341739654541
2000-02-17,7.524428844451904
2000-02-18,7.43892240524292
2000-02-22,7.310665607452393
2000-02-23,7.310665607452393
2000-02-24,7.289289474487305
2000-02-25,7.481679916381836
2000-02-28,7.609935283660889
2000-02-29,8.27259635925293
2000-03-01,7.695438385009766
2000-03-02,7.695438385009766
2000-03-03,7.738193988800049
2000-03-06,7.695438385009766
2000-03-07,7.652685642242432
2000-03-08,7.609935283660889
2000-03-09,7.738193988800049
2000-03-10,8.29396915435791
2000-03-13,7.674065589904785
2000-03-14,7.866447448730469
2000-03-15,7.802318096160889
2000-03-16,7.9519548416137695
2000-03-17,7.759566307067871
2000-03-20,7.738193988800049
2000-03-21,7.7168192863464355
2000-03-22,7.823695182800293
2000-03-23,7.738193988800049
2000-03-24,7.738193988800049
2000-03-27,7.695438385009766
2000-03-28,7.652685642242432
2000-03-29,7.652685642242432
2000-03-30,7.524428844451904
2000-03-31,7.738193988800049
2000-04-03,7.524428844451904
2000-04-04,7.43892240524292
2000-04-05,7.18241024017334
2000-04-06,7.695438385009766
2000-04-07,7.7168192863464355
2000-04-10,7.503050327301025
2000-04-11,7.7168192863464355
2000-04-12,7.6313090324401855
2000-04-13,7.7168192863464355
2000-04-14,7.225161552429199
2000-04-17,7.609935283660889
2000-04-18,7.524428844451904
2000-04-19,7.524428844451904
2000-04-20,7.524428844451904
2000-04-24,7.18241024017334
2000-04-25,7.139654636383057
2000-04-26,7.4132184982299805
2000-04-27,7.2203898429870605
2000-04-28,7.884582996368408
2000-05-01,8.055985450744629
2000-05-02,8.077409744262695
2000-05-03,8.098834991455078
2000-05-04,8.141683578491211
2000-05-05,8.270240783691406
2000-05-08,8.055985450744629
2000-05-09,7.884582996368408
2000-05-10,7.798878192901611
2000-05-11,7.756025314331055
2000-05-12,8.270240783691406
2000-05-15,8.441644668579102
2000-05-16,8.484492301940918
2000-05-17,8.184532165527344
2000-05-18,8.227385520935059
2000-05-19,8.313090324401855
2000-05-22,8.463064193725586
2000-05-23,8.313090324401855
2000-05-24,8.52734661102295
2000-05-25,8.505915641784668
2000-05-26,8.355939865112305
2000-05-30,8.334512710571289
2000-05-31,8.570196151733398
2000-06-01,8.677318572998047
2000-06-02,8.91300106048584
2000-06-05,9.212956428527832
2000-06-06,9.19153118133545
2000-06-07,9.25581169128418
2000-06-08,9.577189445495605
2000-06-09,9.59861946105957
2000-06-12,9.25581169128418
2000-06-13,9.384363174438477
2000-06-14,9.298659324645996
2000-06-15,9.277234077453613
2000-06-16,9.577189445495605
2000-06-19,9.59861946105957
2000-06-20,9.555768013000488
2000-06-21,9.59861946105957
2000-06-22,9.555768013000488
2000-06-23,9.54505729675293
2000-06-26,9.555768013000488
2000-06-27,9.72716999053955
2000-06-28,9.684320449829102
2000-06-29,9.72716999053955
2000-06-30,9.941425323486328
2000-07-03,9.98427677154541
2000-07-05,9.962850570678711
2000-07-06,9.920001029968262
2000-07-07,9.89857292175293
2000-07-10,9.941425323486328
2000-07-11,9.941425323486328
2000-07-12,10.06998062133789
2000-07-13,9.89857292175293
2000-07-14,9.89857292175293
2000-07-17,9.877150535583496
2000-07-18,9.834297180175781
2000-07-19,9.855724334716797
2000-07-20,9.920001029968262
2000-07-21,9.66289234161377
2000-07-24,9.641467094421387
2000-07-25,9.684320449829102
2000-07-26,9.855724334716797
2000-07-27,9.657593727111816
2000-07-28,9.657593727111816
2000-07-31,9.614670753479004
2000-08-01,9.571748733520508
2000-08-02,9.657593727111816
2000-08-03,9.657593727111816
2000-08-04,9.684422492980957
2000-08-07,9.614670753479004
2000-08-08,9.958051681518555
2000-08-09,9.979510307312012
2000-08-10,9.700516700744629
2000-08-11,9.872206687927246
2000-08-14,9.807825088500977
2000-08-15,9.829283714294434
2000-08-16,9.893669128417969
2000-08-17,9.958051681518555
2000-08-18,9.893669128417969
2000-08-21,9.958051681518555
2000-08-22,9.958051681518555
2000-08-23,10.000975608825684
2000-08-24,10.000975608825684
2000-08-25,9.915129661560059
2000-08-28,9.936592102050781
2000-08-29,9.958051681518555
2000-08-30,9.872206687927246
2000-08-31,9.958051681518555
2000-09-01,9.936592102050781
2000-09-05,9.936592102050781
2000-09-06,9.936592102050781
2000-09-07,9.958051681518555
2000-09-08,9.958051681518555
2000-09-11,9.958051681518555
2000-09-12,9.958051681518555
2000-09-13,9.936592102050781
2000-09-14,9.958051681518555
2000-09-15,9.958051681518555
2000-09-18,9.936592102050781
2000-09-19,9.979510307312012
2000-09-20,10.129738807678223
2000-09-21,10.086820602416992
2000-09-22,10.04389762878418
2000-09-25,10.108283042907715
2000-09-26,9.786360740661621
2000-09-27,9.958051681518555
2000-09-28,10.108283042907715
2000-09-29,10.086820602416992
2000-10-02,10.086820602416992
2000-10-03,10.000975608825684
2000-10-04,9.786360740661621
2000-10-05,9.743435859680176
2000-10-06,9.528827667236328
2000-10-09,9.593207359313965
2000-10-10,9.593207359313965
2000-10-11,9.721975326538086
2000-10-12,9.915129661560059
2000-10-13,9.958051681518555
2000-10-16,9.850744247436523
2000-10-17,9.528827667236328
2000-10-18,9.571748733520508
2000-10-19,9.936592102050781
2000-10-20,9.936592102050781
2000-10-23,9.958051681518555
2000-10-24,9.872206687927246
2000-10-25,9.378597259521484
2000-10-26,9.27129077911377
2000-10-27,9.39599609375
2000-10-30,9.417495727539062
2000-10-31,9.28848934173584
2000-11-01,9.1594820022583
2000-11-02,8.987476348876953
2000-11-03,9.09498119354248
2000-11-06,9.266992568969727
2000-11-07,9.245490074157715
2000-11-08,9.632508277893066
2000-11-09,9.627137184143066
2000-11-10,9.568002700805664
2000-11-13,9.675507545471191
2000-11-14,9.589505195617676
2000-11-15,9.589505195617676
2000-11-16,9.611003875732422
2000-11-17,9.729267120361328
2000-11-20,9.589505195617676
2000-11-21,9.589505195617676
2000-11-22,9.675507545471191
2000-11-24,9.852893829345703
2000-11-27,9.933524131774902
2000-11-28,9.89052677154541
2000-11-29,9.847522735595703
2000-11-30,9.933524131774902
2000-12-01,10.105531692504883
2000-12-04,9.998027801513672
2000-12-05,10.019529342651367
2000-12-06,9.976527214050293
2000-12-07,10.041025161743164
2000-12-08,10.019529342651367
2000-12-11,9.976527214050293
2000-12-12,10.062530517578125
2000-12-13,10.062530517578125
2000-12-14,10.127035140991211
2000-12-15,10.127035140991211
2000-12-18,10.148538589477539
2000-12-19,10.299050331115723
2000-12-20,10.062530517578125
2000-12-21,10.213040351867676
2000-12-22,10.320547103881836
2000-12-26,10.342046737670898
2000-12-27,10.406548500061035
2000-12-28,10.965575218200684
2000-12-29,10.858075141906738
2001-01-02,10.277544021606445
2001-01-03,10.471052169799805
2001-01-04,10.4925537109375
2001-01-05,10.449549674987793
2001-01-08,10.514053344726562
2001-01-09,10.4925537109375
2001-01-10,10.836570739746094
2001-01-11,10.79356861114502
2001-01-12,10.879572868347168
2001-01-16,10.879572868347168
2001-01-17,10.68606185913086
2001-01-18,10.879572868347168
2001-01-19,10.729069709777832
2001-01-22,10.664566993713379
2001-01-23,10.68606185913086
2001-01-24,10.729069709777832
2001-01-25,10.724757194519043
2001-01-26,10.78936767578125
2001-01-29,10.81090259552002
2001-01-30,10.660148620605469
2001-01-31,10.681689262390137
2001-02-01,10.703224182128906
2001-02-02,10.81090259552002
2001-02-05,10.724757194519043
2001-02-06,10.574012756347656
2001-02-07,10.315583229064941
2001-02-08,10.337116241455078
2001-02-09,10.315583229064941
2001-02-12,10.767831802368164
2001-02-13,10.59554672241211
2001-02-14,10.78936767578125
2001-02-15,10.78936767578125
2001-02-16,10.423258781433105
2001-02-20,10.164831161499023
2001-02-21,10.229436874389648
2001-02-22,10.2509765625
2001-02-23,10.207901954650879
2001-02-26,10.552470207214355
2001-02-27,10.5309419631958
2001-02-28,10.724757194519043
2001-03-01,10.509401321411133
2001-03-02,10.81090259552002
2001-03-05,10.940115928649902
2001-03-06,10.940115928649902
2001-03-07,11.06932544708252
2001-03-08,10.961650848388672
2001-03-09,11.01548957824707
2001-03-12,10.983181953430176
2001-03-13,11.327754974365234
2001-03-14,11.047794342041016
2001-03-15,11.1985445022583
2001-03-16,11.177010536193848
2001-03-19,11.343908309936523
2001-03-20,11.284685134887695
2001-03-21,11.327754974365234
2001-03-22,11.370824813842773
2001-03-23,11.370824813842773
2001-03-26,11.370824813842773
2001-03-27,11.26314640045166
2001-03-28,11.11240005493164
2001-03-29,11.06932544708252
2001-03-30,11.273919105529785
2001-04-02,11.06932544708252
2001-04-03,11.09086799621582
2001-04-04,11.09086799621582
2001-04-05,11.026256561279297
2001-04-06,11.1985445022583
2001-04-09,11.119294166564941
2001-04-10,11.367382049560547
2001-04-11,11.177865982055664
2001-04-12,11.188206672668457
2001-04-16,11.201988220214844
2001-04-17,11.370824813842773
2001-04-18,11.370824813842773
2001-04-19,11.370824813842773
2001-04-20,11.25023078918457
2001-04-23,11.119294166564941
2001-04-24,11.295021057128906
2001-04-25,11.474202156066895
2001-04-26,11.705409049987793
2001-04-27,11.715764999389648
2001-04-30,11.643293380737305
2001-05-01,11.69160270690918
2001-05-02,11.715764999389648
2001-05-03,11.501809120178223
2001-05-04,11.746820449829102
2001-05-07,11.560469627380371
2001-05-08,11.525959968566895
2001-05-09,11.491460800170898
2001-05-10,11.61913776397705
2001-05-11,11.584624290466309
2001-05-14,11.767518997192383
2001-05-15,11.715764999389648
2001-05-16,12.250651359558105
2001-05-17,12.31966781616211
2001-05-18,12.250651359558105
2001-05-21,12.243753433227539
2001-05-22,12.185083389282227
2001-05-23,12.205784797668457
2001-05-24,12.205784797668457
2001-05-25,12.122969627380371
2001-05-29,12.119516372680664
2001-05-30,12.16782283782959
2001-05-31,12.085002899169922
2001-06-01,12.340371131896973
2001-06-04,12.3679838180542
2001-06-05,12.682010650634766
2001-06-06,12.802790641784668
2001-06-07,12.837301254272461
2001-06-08,12.854558944702148
2001-06-11,12.996037483215332
2001-06-12,13.11336612701416
2001-06-13,13.182394027709961
2001-06-14,13.320427894592285
2001-06-15,13.247953414916992
2001-06-18,13.234151840209961
2001-06-19,13.35838508605957
2001-06-20,14.165891647338867
2001-06-21,14.045106887817383
2001-06-22,13.886367797851562
2001-06-25,14.138279914855957
2001-06-26,14.649008750915527
2001-06-27,14.462665557861328
2001-06-28,14.804305076599121
2001-06-29,15.170093536376953
2001-07-02,15.183897972106934
2001-07-03,15.128695487976074
2001-07-05,14.938892364501953
2001-07-06,14.959592819213867
2001-07-09,14.010603904724121
2001-07-10,13.92432975769043
2001-07-11,14.034762382507324
2001-07-12,14.424704551696777
2001-07-13,14.23491096496582
2001-07-16,14.114126205444336
2001-07-17,13.87256908416748
2001-07-18,13.72072696685791
2001-07-19,13.710376739501953
2001-07-20,14.165891647338867
2001-07-23,13.631004333496094
2001-07-24,13.803555488586426
2001-07-25,13.941584587097168
2001-07-26,14.293573379516602
2001-07-27,14.321220397949219
2001-07-30,14.683993339538574
2001-07-31,15.03986644744873
2001-08-01,14.877477645874023
2001-08-02,14.787649154663086
2001-08-03,14.943127632141113
2001-08-06,15.216069221496582
2001-08-07,15.240262985229492
2001-08-08,14.528511047363281
2001-08-09,14.511245727539062
2001-08-10,14.72890853881836
2001-08-13,15.236811637878418
2001-08-14,15.236811637878418
2001-08-15,15.150429725646973
2001-08-16,15.20225715637207
2001-08-17,15.188441276550293
2001-08-20,15.19188404083252
2001-08-21,14.787649154663086
2001-08-22,14.804924011230469
2001-08-23,15.174622535705566
2001-08-24,15.236811637878418
2001-08-27,15.350823402404785
2001-08-28,15.212624549865723
2001-08-29,15.222986221313477
2001-08-30,15.184975624084473
2001-08-31,15.236811637878418
2001-09-04,14.407588958740234
2001-09-05,13.564555168151855
2001-09-06,12.915013313293457
2001-09-07,12.956470489501953
2001-09-10,14.656352996826172
2001-09-17,15.26445198059082
2001-09-18,14.704720497131348
2001-09-19,15.195348739624023
2001-09-20,14.338496208190918
2001-09-21,14.103549003601074
2001-09-24,14.165731430053711
2001-09-25,13.958436012268066
2001-09-26,13.488543510437012
2001-09-27,15.409564971923828
2001-09-28,15.243720054626465
2001-10-01,15.20225715637207
2001-10-02,14.670185089111328
2001-10-03,14.988042831420898
2001-10-04,14.994956016540527
2001-10-05,15.050230026245117
2001-10-08,15.167712211608887
2001-10-09,15.153875350952148
2001-10-10,15.340463638305664
2001-10-11,15.112421035766602
2001-10-12,15.001855850219727
2001-10-15,15.44410514831543
2001-10-16,15.720518112182617
2001-10-17,15.029502868652344
2001-10-18,15.37501049041748
2001-10-19,15.81725788116455
2001-10-22,15.616866111755371
2001-10-23,15.347371101379395
2001-10-24,16.660289764404297
2001-10-25,17.309843063354492
2001-10-26,16.515178680419922
2001-10-29,15.772221565246582
2001-10-30,15.184225082397461
2001-10-31,15.945164680480957
2001-11-01,15.910577774047852
2001-11-02,15.654616355895996
2001-11-05,15.218810081481934
2001-11-06,15.460929870605469
2001-11-07,15.16346549987793
2001-11-08,15.253403663635254
2001-11-09,14.921354293823242
2001-11-12,14.94902515411377
2001-11-13,15.080451965332031
2001-11-14,15.945164680480957
2001-11-15,16.048927307128906
2001-11-16,16.007429122924805
2001-11-19,16.048927307128906
2001-11-20,15.862157821655273
2001-11-21,16.042007446289062
2001-11-23,16.36713409423828
2001-11-26,16.809871673583984
2001-11-27,16.602338790893555
2001-11-28,16.436311721801758
2001-11-29,16.733776092529297
2001-11-30,16.671512603759766
2001-12-03,16.533164978027344
2001-12-04,16.533164978027344
2001-12-05,16.87212562561035
2001-12-06,16.913633346557617
2001-12-07,16.602338790893555
2001-12-10,16.498577117919922
2001-12-11,16.450157165527344
2001-12-12,16.643842697143555
2001-12-13,16.567750930786133
2001-12-14,17.017393112182617
2001-12-17,17.017393112182617
2001-12-18,17.22492790222168
2001-12-19,16.94822120666504
2001-12-20,16.567750930786133
2001-12-21,17.07965660095215
2001-12-24,17.121156692504883
2001-12-26,17.211091995239258
2001-12-27,17.287187576293945
2001-12-28,17.2387638092041
2001-12-31,17.003562927246094
2002-01-02,16.602338790893555
2002-01-03,16.602338790893555
2002-01-04,17.031225204467773
2002-01-07,16.865211486816406
2002-01-08,17.190336227416992
2002-01-09,17.086572647094727
2002-01-10,16.94822120666504
2002-01-11,16.844463348388672
2002-01-14,17.086572647094727
2002-01-15,17.294103622436523
2002-01-16,16.844463348388672
2002-01-17,17.294103622436523
2002-01-18,16.609254837036133
2002-01-22,16.574663162231445
2002-01-23,16.793500900268555
2002-01-24,16.620372772216797
2002-01-25,16.41954803466797
2002-01-28,16.52342414855957
2002-01-29,16.41262435913086
2002-01-30,16.44724464416504
2002-01-31,17.202089309692383
2002-02-01,17.04280662536621
2002-02-04,16.689624786376953
2002-02-05,17.347511291503906
2002-02-06,17.202089309692383
2002-02-07,17.347511291503906
2002-02-08,17.409841537475586
2002-02-11,17.409841537475586
2002-02-12,17.2921142578125
2002-02-13,17.305967330932617
2002-02-14,17.112049102783203
2002-02-15,16.932008743286133
2002-02-19,17.02895736694336
2002-02-20,17.03588104248047
2002-02-21,17.03588104248047
2002-02-22,17.2921142578125
2002-02-25,17.38214111328125
2002-02-26,17.112049102783203
2002-02-27,16.758878707885742
2002-02-28,16.751955032348633
2002-03-01,16.966632843017578
2002-03-04,17.056657791137695
2002-03-05,17.236711502075195
2002-03-06,17.125904083251953
2002-03-07,17.098207473754883
2002-03-08,17.08435821533203
2002-03-11,16.99433708190918
2002-03-12,17.132841110229492
2002-03-13,16.73809242248535
2002-03-14,16.932008743286133
2002-03-15,17.153610229492188
2002-03-18,17.20901107788086
2002-03-19,17.31289291381836
2002-03-20,17.31289291381836
2002-03-21,17.5760498046875
2002-03-22,17.264429092407227
2002-03-25,16.959705352783203
2002-03-26,17.38214111328125
2002-03-27,17.479097366333008
2002-03-28,17.38214111328125
2002-04-01,17.1605281829834
2002-04-02,17.347511291503906
2002-04-03,17.31289291381836
2002-04-04,17.347511291503906
2002-04-05,17.31289291381836
2002-04-08,17.395986557006836
2002-04-09,17.340591430664062
2002-04-10,17.479097366333008
2002-04-11,17.63144302368164
2002-04-12,19.84056854248047
2002-04-15,19.341964721679688
2002-04-16,19.854429244995117
2002-04-17,19.556636810302734
2002-04-18,19.71590805053711
2002-04-19,19.805952072143555
2002-04-22,19.07880973815918
2002-04-23,19.05110740661621
2002-04-24,18.836429595947266
2002-04-25,18.919523239135742
2002-04-26,18.708803176879883
2002-04-29,18.923683166503906
2002-04-30,18.923683166503906
2002-05-01,19.06232261657715
2002-05-02,19.06232261657715
2002-05-03,19.06232261657715
2002-05-06,18.951417922973633
2002-05-07,18.285964965820312
2002-05-08,18.6602783203125
2002-05-09,18.13346290588379
2002-05-10,17.364046096801758
2002-05-13,17.828462600708008
2002-05-14,17.814605712890625
2002-05-15,18.022554397583008
2002-05-16,17.627452850341797
2002-05-17,17.883926391601562
2002-05-20,17.336315155029297
2002-05-21,17.67597198486328
2002-05-22,17.68984031677246
2002-05-23,17.745281219482422
2002-05-24,17.571990966796875
2002-05-28,17.669044494628906
2002-05-29,17.54426383972168
2002-05-30,17.426424026489258
2002-05-31,17.329383850097656
2002-06-03,17.329383850097656
2002-06-04,17.585857391357422
2002-06-05,17.627452850341797
2002-06-06,17.336315155029297
2002-06-07,17.315521240234375
2002-06-10,17.398704528808594
2002-06-11,17.093700408935547
2002-06-12,16.64314079284668
2002-06-13,16.37973976135254
2002-06-14,17.156084060668945
2002-06-17,17.3085880279541
2002-06-18,16.878812789916992
2002-06-19,16.303478240966797
2002-06-20,16.989723205566406
2002-06-21,17.2392635345459
2002-06-24,17.1768798828125
2002-06-25,17.26006507873535
2002-06-26,16.94814109802246
2002-06-27,16.774852752685547
2002-06-28,16.18564796447754
2002-07-01,16.033145904541016
2002-07-02,15.644965171813965
2002-07-03,15.021113395690918
2002-07-05,15.249857902526855
2002-07-08,15.249857902526855
2002-07-09,15.319181442260742
2002-07-10,15.326112747192383
2002-07-11,15.166668891906738
2002-07-12,15.49940013885498
2002-07-15,15.319181442260742
2002-07-16,14.903264999389648
2002-07-17,14.92406177520752
2002-07-18,14.847818374633789
2002-07-19,15.04190444946289
2002-07-22,15.145882606506348
2002-07-23,15.11121654510498
2002-07-24,15.811326026916504
2002-07-25,16.088594436645508
2002-07-26,16.289613723754883
2002-07-29,17.140392303466797
2002-07-30,17.195911407470703
2002-07-31,16.30765724182129
2002-08-01,16.404815673828125
2002-08-02,15.988452911376953
2002-08-05,15.960694313049316
2002-08-06,16.79341697692871
2002-08-07,17.12651824951172
2002-08-08,17.175094604492188
2002-08-09,17.202848434448242
2002-08-12,17.147335052490234
2002-08-13,17.202848434448242
2002-08-14,17.327760696411133
2002-08-15,16.821178436279297
2002-08-16,17.195911407470703
2002-08-19,16.987728118896484
2002-08-20,16.74483871459961
2002-08-21,16.703205108642578
2002-08-22,17.300006866455078
2002-08-23,17.26529312133789
2002-08-26,17.209789276123047
2002-08-27,17.334697723388672
2002-08-28,17.348567962646484
2002-08-29,17.140392303466797
2002-08-30,16.828121185302734
2002-09-03,16.737913131713867
2002-09-04,17.293058395385742
2002-09-05,16.883628845214844
2002-09-06,17.341632843017578
2002-09-09,17.348567962646484
2002-09-10,17.334697723388672
2002-09-11,17.251422882080078
2002-09-12,17.327760696411133
2002-09-13,17.348567962646484
2002-09-16,17.209789276123047
2002-09-17,17.03630828857422
2002-09-18,16.89751625061035
2002-09-19,16.418691635131836
2002-09-20,16.48114585876465
2002-09-23,16.113353729248047
2002-09-24,15.26674747467041
2002-09-25,15.8912935256958
2002-09-26,16.654630661010742
2002-09-27,16.04396629333496
2002-09-30,16.21744728088379
2002-10-01,16.377056121826172
2002-10-02,15.925994873046875
2002-10-03,16.488088607788086
2002-10-04,16.279905319213867
2002-10-07,15.93293285369873
2002-10-08,16.134174346923828
2002-10-09,15.2944974899292
2002-10-10,15.974576950073242
2002-10-11,16.50196647644043
2002-10-14,15.863539695739746
2002-10-15,16.647701263427734
2002-10-16,16.432571411132812
2002-10-17,16.654630661010742
2002-10-18,16.48114585876465
2002-10-21,16.640762329101562
2002-10-22,16.550540924072266
2002-10-23,16.737913131713867
2002-10-24,16.279905319213867
2002-10-25,16.21744728088379
2002-10-28,16.564422607421875
2002-10-29,16.82008934020996
2002-10-30,16.889556884765625
2002-10-31,16.222591400146484
2002-11-01,16.743667602539062
2002-11-04,16.451875686645508
2002-11-05,15.618165016174316
2002-11-06,16.46576499938965
2002-11-07,16.1878662109375
2002-11-08,16.5074462890625
2002-11-11,16.521345138549805
2002-11-12,15.979439735412598
2002-11-13,16.16701889038086
2002-11-14,16.326812744140625
2002-11-15,16.153127670288086
2002-11-18,15.930804252624512
2002-11-19,16.014171600341797
2002-11-20,16.083654403686523
2002-11-21,16.118391036987305
2002-11-22,15.979439735412598
2002-11-25,15.87521743774414
2002-11-26,15.2499418258667
2002-11-27,15.972491264343262
2002-11-29,15.840485572814941
2002-12-02,15.771005630493164
2002-12-03,15.944704055786133
2002-12-04,15.847431182861328
2002-12-05,15.632059097290039
2002-12-06,15.958581924438477
2002-12-09,15.791861534118652
2002-12-10,15.9030122756958
2002-12-11,16.048913955688477
2002-12-12,16.014171600341797
2002-12-13,15.659850120544434
2002-12-16,15.798803329467773
2002-12-17,15.562575340270996
2002-12-18,15.28467845916748
2002-12-19,15.131832122802734
2002-12-20,15.131832122802734
2002-12-23,15.77795124053955
2002-12-24,15.993332862854004
2002-12-26,15.944704055786133
2002-12-27,15.632059097290039
2002-12-30,15.340256690979004
2002-12-31,15.51395320892334
2003-01-02,15.8196382522583
2003-01-03,16.118391036987305
2003-01-06,16.472707748413086
2003-01-07,16.326812744140625
2003-01-08,16.326812744140625
2003-01-09,16.60471534729004
2003-01-10,16.59082794189453
2003-01-13,17.25779151916504
2003-01-14,17.473163604736328
2003-01-15,17.34810447692871
2003-01-16,17.417583465576172
2003-01-17,17.54264259338379
2003-01-21,17.028522491455078
2003-01-22,17.09800910949707
2003-01-23,17.11189079284668
2003-01-24,17.04241180419922
2003-01-27,16.014171600341797
2003-01-28,16.514402389526367
2003-01-29,16.50604248046875
2003-01-30,15.900897026062012
2003-01-31,15.886987686157227
2003-02-03,15.963497161865234
2003-02-04,16.401714324951172
2003-02-05,16.095659255981445
2003-02-06,15.84525203704834
2003-02-07,15.657444953918457
2003-02-10,15.859162330627441
2003-02-11,15.365302085876465
2003-02-12,15.260967254638672
2003-02-13,15.344440460205078
2003-02-14,15.26793384552002
2003-02-18,15.82439136505127
2003-02-19,15.650500297546387
2003-02-20,15.532241821289062
2003-02-21,15.984368324279785
2003-02-24,15.67832088470459
2003-02-25,15.991324424743652
2003-02-26,15.78959846496582
2003-02-27,16.067840576171875
2003-02-28,15.84525203704834
2003-03-03,15.942638397216797
2003-03-04,15.796567916870117
2003-03-05,15.761788368225098
2003-03-06,15.713091850280762
2003-03-07,15.671357154846191
2003-03-10,15.10097885131836
2003-03-11,15.462690353393555
2003-03-12,15.636578559875488
2003-03-13,16.053926467895508
2003-03-14,15.53919792175293
2003-03-17,16.22782325744629
2003-03-18,16.102617263793945
2003-03-19,16.20695686340332
2003-03-20,16.137399673461914
2003-03-21,16.102617263793945
2003-03-24,15.914816856384277
2003-03-25,15.99828052520752
2003-03-26,16.053926467895508
2003-03-27,16.123485565185547
2003-03-28,15.810481071472168
2003-03-31,16.067840576171875
2003-04-01,15.838302612304688
2003-04-02,16.853837966918945
2003-04-03,17.027738571166992
2003-04-04,16.784284591674805
2003-04-07,16.65908432006836
2003-04-08,16.617340087890625
2003-04-09,16.44344139099121
2003-04-10,16.43649673461914
2003-04-11,16.311296463012695
2003-04-14,16.916446685791016
2003-04-15,16.693859100341797
2003-04-16,16.346071243286133
2003-04-17,16.631250381469727
2003-04-21,16.693859100341797
2003-04-22,17.041643142700195
2003-04-23,16.985998153686523
2003-04-24,17.041643142700195
2003-04-25,16.90948486328125
2003-04-28,16.554744720458984
2003-04-29,16.408676147460938
2003-04-30,16.469955444335938
2003-05-01,16.261032104492188
2003-05-02,16.462987899780273
2003-05-05,16.449071884155273
2003-05-06,16.4978084564209
2003-05-07,16.644052505493164
2003-05-08,16.50477409362793
2003-05-09,16.400312423706055
2003-05-12,16.386383056640625
2003-05-13,16.400312423706055
2003-05-14,16.33067512512207
2003-05-15,16.274967193603516
2003-05-16,16.059078216552734
2003-05-19,16.073001861572266
2003-05-20,16.247100830078125
2003-05-21,16.086929321289062
2003-05-22,16.254070281982422
2003-05-23,16.3515682220459
2003-05-27,16.623165130615234
2003-05-28,16.71369171142578
2003-05-29,16.887800216674805
2003-05-30,16.734590530395508
2003-06-02,16.678874969482422
2003-06-03,16.66495132446289
2003-06-04,16.685834884643555
2003-06-05,16.71369171142578
2003-06-06,16.316747665405273
2003-06-09,16.60923957824707
2003-06-10,17.2011775970459
2003-06-11,17.236007690429688
2003-06-12,17.35438346862793
2003-06-13,17.21510887145996
2003-06-16,17.277780532836914
2003-06-17,17.194215774536133
2003-06-18,17.027080535888672
2003-06-19,17.089757919311523
2003-06-20,16.92957878112793
2003-06-23,16.574417114257812
2003-06-24,16.825122833251953
2003-06-25,16.992250442504883
2003-06-26,17.236007690429688
2003-06-27,17.14547348022461
2003-06-30,17.24296760559082
2003-07-01,17.29171371459961
2003-07-02,17.375288009643555
2003-07-03,17.639921188354492
2003-07-07,18.106504440307617
2003-07-08,18.43381118774414
2003-07-09,18.155250549316406
2003-07-10,17.883665084838867
2003-07-11,18.141326904296875
2003-07-14,17.96025848388672
2003-07-15,17.71651840209961
2003-07-16,17.570268630981445
2003-07-17,17.514556884765625
2003-07-18,17.68866729736328
2003-07-21,17.702594757080078
2003-07-22,17.897584915161133
2003-07-23,17.75830078125
2003-07-24,17.417062759399414
2003-07-25,17.723485946655273
2003-07-28,17.814010620117188
2003-07-29,17.89627456665039
2003-07-30,17.95205307006836
2003-07-31,17.959030151367188
2003-08-01,17.78473472595215
2003-08-04,17.596500396728516
2003-08-05,17.1921443939209
2003-08-06,17.49889373779297
2003-08-07,17.46403694152832
2003-08-08,17.561643600463867
2003-08-11,17.617412567138672
2003-08-12,17.74289894104004
2003-08-13,17.812618255615234
2003-08-14,17.812618255615234
2003-08-15,17.728958129882812
2003-08-18,18.579504013061523
2003-08-19,18.823509216308594
2003-08-20,18.649221420288086
2003-08-21,18.830482482910156
2003-08-22,18.216970443725586
2003-08-25,18.216970443725586
2003-08-26,18.189085006713867
2003-08-27,18.23092269897461
2003-08-28,18.60041618347168
2003-08-29,18.523727416992188
2003-09-02,19.102378845214844
2003-09-03,19.520681381225586
2003-09-04,19.11632537841797
2003-09-05,18.935062408447266
2003-09-08,19.443988800048828
2003-09-09,19.485820770263672
2003-09-10,19.41610336303711
2003-09-11,19.590394973754883
2003-09-12,19.58342170715332
2003-09-15,19.430051803588867
2003-09-16,19.841367721557617
2003-09-17,19.36034393310547
2003-09-18,19.520681381225586
2003-09-19,19.51370620727539
2003-09-22,19.24878692626953
2003-09-23,19.520681381225586
2003-09-24,18.81654167175293
2003-09-25,18.300640106201172
2003-09-26,18.384296417236328
2003-09-29,18.523727416992188
2003-09-30,18.419153213500977
2003-10-01,19.388214111328125
2003-10-02,19.67405891418457
2003-10-03,19.694974899291992
2003-10-06,19.799551010131836
2003-10-07,19.862295150756836
2003-10-08,19.667089462280273
2003-10-09,19.492782592773438
2003-10-10,19.367305755615234
2003-10-13,19.485820770263672
2003-10-14,19.38124656677246
2003-10-15,19.199987411499023
2003-10-16,19.234840393066406
2003-10-17,19.039628982543945
2003-10-20,19.095409393310547
2003-10-21,18.914142608642578
2003-10-22,18.39126968383789
2003-10-23,18.64224624633789
2003-10-24,18.356416702270508
2003-10-27,18.928089141845703
2003-10-28,19.193010330200195
2003-10-29,19.83534049987793
2003-10-30,19.186031341552734
2003-10-31,18.843917846679688
2003-11-03,20.002899169921875
2003-11-04,20.093658447265625
2003-11-05,20.22631072998047
2003-11-06,20.233299255371094
2003-11-07,20.198402404785156
2003-11-10,20.07969856262207
2003-11-11,19.84929847717285
2003-11-12,20.002899169921875
2003-11-13,20.107629776000977
2003-11-14,19.814395904541016
2003-11-17,19.974964141845703
2003-11-18,19.577009201049805
2003-11-19,19.84929847717285
2003-11-20,19.723634719848633
2003-11-21,19.94704246520996
2003-11-24,20.275190353393555
2003-11-25,20.240283966064453
2003-11-26,20.219331741333008
2003-11-28,19.87722396850586
2003-12-01,20.40785026550293
2003-12-02,20.114608764648438
2003-12-03,19.94704246520996
2003-12-04,20.05875587463379
2003-12-05,19.94704246520996
2003-12-08,19.94704246520996
2003-12-09,19.828359603881836
2003-12-10,19.444355010986328
2003-12-11,20.016864776611328
2003-12-12,20.386903762817383
2003-12-15,19.360578536987305
2003-12-16,19.646831512451172
2003-12-17,20.261220932006836
2003-12-18,20.24726676940918
2003-12-19,20.261220932006836
2003-12-22,20.351993560791016
2003-12-23,20.589374542236328
2003-12-24,20.331058502197266
2003-12-26,20.519556045532227
2003-12-29,21.022247314453125
2003-12-30,20.931480407714844
2003-12-31,20.65919303894043
2004-01-02,21.16188621520996
2004-01-05,21.839113235473633
2004-01-06,21.580791473388672
2004-01-07,21.399269104003906
2004-01-08,21.95781135559082
2004-01-09,21.25962257385254
2004-01-12,21.839113235473633
2004-01-13,22.10442543029785
2004-01-14,22.341808319091797
2004-01-15,21.92289924621582
2004-01-16,22.341808319091797
2004-01-20,22.80959129333496
2004-01-21,22.649015426635742
2004-01-22,21.483043670654297
2004-01-23,21.13394546508789
2004-01-26,21.34341049194336
2004-01-27,20.624277114868164
2004-01-28,20.687206268310547
2004-01-29,20.98783302307129
2004-01-30,20.98084831237793
2004-02-02,22.288211822509766
2004-02-03,22.099454879760742
2004-02-04,21.449247360229492
2004-02-05,21.791828155517578
2004-02-06,22.337154388427734
2004-02-09,22.337154388427734
2004-02-10,22.372108459472656
2004-02-11,22.372108459472656
2004-02-12,22.595823287963867
2004-02-13,22.162372589111328
2004-02-17,23.218046188354492
2004-02-18,22.588838577270508
2004-02-19,21.631031036376953
2004-02-20,21.60306739807129
2004-02-23,21.22553253173828
2004-02-24,21.952625274658203
2004-02-25,22.092456817626953
2004-02-26,22.30917739868164
2004-02-27,21.784835815429688
2004-03-01,22.22528648376465
2004-03-02,22.288211822509766
2004-03-03,22.24626350402832
2004-03-04,22.0574893951416
2004-03-05,21.945632934570312
2004-03-08,22.015544891357422
2004-03-09,21.91766929626465
2004-03-10,21.973602294921875
2004-03-11,21.7498779296875
2004-03-12,22.8265323638916
2004-03-15,22.18333625793457
2004-03-16,22.162372589111328
2004-03-17,23.19007682800293
2004-03-18,22.525911331176758
2004-03-19,22.798582077026367
2004-03-22,22.148387908935547
2004-03-23,21.938648223876953
2004-03-24,21.60306739807129
2004-03-25,22.12041473388672
2004-03-26,22.32316780090332
2004-03-29,22.854507446289062
2004-03-30,22.86149024963379
2004-03-31,23.2110652923584
2004-04-01,22.651752471923828
2004-04-02,22.372108459472656
2004-04-05,22.43502426147461
2004-04-06,22.30917739868164
2004-04-07,21.798826217651367
2004-04-08,21.833770751953125
2004-04-12,21.770851135253906
2004-04-13,21.09269905090332
2004-04-14,21.309431076049805
2004-04-15,21.134641647338867
2004-04-16,21.162612915039062
2004-04-19,21.183584213256836
2004-04-20,20.67322540283203
2004-04-21,20.98084831237793
2004-04-22,21.62404441833496
2004-04-23,21.65900230407715
2004-04-26,22.295204162597656
2004-04-27,21.96660804748535
2004-04-28,21.665607452392578
2004-04-29,21.658597946166992
2004-04-30,21.357587814331055
2004-05-03,22.246612548828125
2004-05-04,22.211624145507812
2004-05-05,21.980615615844727
2004-05-06,21.420597076416016
2004-05-07,21.02158546447754
2004-05-10,20.755565643310547
2004-05-11,21.035579681396484
2004-05-12,20.902578353881836
2004-05-13,20.685571670532227
2004-05-14,20.468563079833984
2004-05-17,20.209564208984375
2004-05-18,20.62957191467285
2004-05-19,20.62957191467285
2004-05-20,20.447568893432617
2004-05-21,20.69257926940918
2004-05-24,20.69257926940918
2004-05-25,21.266592025756836
2004-05-26,21.231586456298828
2004-05-27,21.74960708618164
2004-05-28,22.15561866760254
2004-06-01,22.351619720458984
2004-06-02,22.134613037109375
2004-06-03,21.48360252380371
2004-06-04,21.756601333618164
2004-06-07,21.917598724365234
2004-06-08,21.812606811523438
2004-06-09,22.050607681274414
2004-06-10,21.910606384277344
2004-06-14,21.86160659790039
2004-06-15,22.197622299194336
2004-06-16,22.323619842529297
2004-06-17,22.0786190032959
2004-06-18,22.708635330200195
2004-06-21,22.127613067626953
2004-06-22,22.085607528686523
2004-06-23,22.407621383666992
2004-06-24,22.218624114990234
2004-06-25,22.88363265991211
2004-06-28,22.715627670288086
2004-06-29,22.820632934570312
2004-06-30,23.058643341064453
2004-07-01,22.729639053344727
2004-07-02,22.554628372192383
2004-07-06,22.652637481689453
2004-07-07,22.694639205932617
2004-07-08,22.33061981201172
2004-07-09,22.30261993408203
2004-07-12,22.225616455078125
2004-07-13,22.358619689941406
2004-07-14,22.029611587524414
2004-07-15,22.68762969970703
2004-07-16,21.903608322143555
2004-07-19,21.70060157775879
2004-07-20,22.57562828063965
2004-07-21,21.70060157775879
2004-07-22,22.043609619140625
2004-07-23,22.470630645751953
2004-07-26,23.04464340209961
2004-07-27,24.647695541381836
2004-07-28,24.17112159729004
2004-07-29,24.08002471923828
2004-07-30,23.967893600463867
2004-08-02,24.346338272094727
2004-08-03,23.77166748046875
2004-08-04,23.806713104248047
2004-08-05,23.456295013427734
2004-08-06,22.895647048950195
2004-08-09,23.316133499145508
2004-08-10,23.932857513427734
2004-08-11,23.8137149810791
2004-08-12,23.77166748046875
2004-08-13,23.848756790161133
2004-08-16,23.820724487304688
2004-08-17,23.8137149810791
2004-08-18,24.388376235961914
2004-08-19,23.652528762817383
2004-08-20,24.528549194335938
2004-08-23,23.862770080566406
2004-08-24,23.91883659362793
2004-08-25,24.717763900756836
2004-08-26,24.276248931884766
2004-08-27,24.54256248474121
2004-08-30,24.367351531982422
2004-08-31,24.773826599121094
2004-09-01,24.977075576782227
2004-09-02,25.285429000854492
2004-09-03,24.738792419433594
2004-09-07,25.04014778137207
2004-09-08,24.47248649597168
2004-09-09,24.885955810546875
2004-09-10,25.124235153198242
2004-09-13,25.054149627685547
2004-09-14,24.70374298095703
2004-09-15,24.956043243408203
2004-09-16,25.17330551147461
2004-09-17,25.08919906616211
2004-09-20,24.528549194335938
2004-09-21,25.096206665039062
2004-09-22,24.199161529541016
2004-09-23,24.115060806274414
2004-09-24,24.360347747802734
2004-09-27,24.02396011352539
2004-09-28,24.53555679321289
2004-09-29,23.897796630859375
2004-09-30,23.74363136291504
2004-10-01,24.89298439025879
2004-10-04,25.418575286865234
2004-10-05,25.55175018310547
2004-10-06,25.25738525390625
2004-10-07,24.262235641479492
2004-10-08,22.818553924560547
2004-10-11,23.547393798828125
2004-10-12,23.29511070251465
2004-10-13,22.524211883544922
2004-10-14,22.433103561401367
2004-10-15,22.643362045288086
2004-10-18,22.965728759765625
2004-10-19,22.21586036682129
2004-10-20,22.94470977783203
2004-10-21,23.393217086791992
2004-10-22,22.62233543395996
2004-10-25,23.189990997314453
2004-10-26,23.715599060058594
2004-10-27,24.406816482543945
2004-10-28,24.189287185668945
2004-10-29,23.515594482421875
2004-11-01,24.24542808532715
2004-11-02,24.294544219970703
2004-11-03,24.526119232177734
2004-11-04,25.19979476928711
2004-11-05,24.89805030822754
2004-11-08,24.589275360107422
2004-11-09,24.933134078979492
2004-11-10,25.18577003479004
2004-11-11,25.66995620727539
2004-11-12,25.964706420898438
2004-11-15,25.964706420898438
2004-11-16,24.624366760253906
2004-11-17,25.27699089050293
2004-11-18,24.385765075683594
2004-11-19,23.61385726928711
2004-11-22,24.95418930053711
2004-11-23,24.884014129638672
2004-11-24,25.424360275268555
2004-11-26,25.648916244506836
2004-11-29,25.620861053466797
2004-11-30,25.873472213745117
2004-12-01,26.105070114135742
2004-12-02,26.098041534423828
2004-12-03,25.67698860168457
2004-12-06,25.620861053466797
2004-12-07,25.19278335571289
2004-12-08,26.076982498168945
2004-12-09,26.119094848632812
2004-12-10,25.789262771606445
2004-12-13,25.999784469604492
2004-12-14,26.03488540649414
2004-12-15,26.259435653686523
2004-12-16,26.076982498168945
2004-12-17,26.069963455200195
2004-12-20,26.01382064819336
2004-12-21,26.666454315185547
2004-12-22,26.38575553894043
2004-12-23,26.329608917236328
2004-12-27,25.824352264404297
2004-12-28,26.427858352661133
2004-12-29,26.231369018554688
2004-12-30,26.041898727416992
2004-12-31,25.824352264404297
2005-01-03,25.733123779296875
2005-01-04,25.726112365722656
2005-01-05,24.98927116394043
2005-01-06,25.543663024902344
2005-01-07,24.862964630126953
2005-01-10,25.389263153076172
2005-01-11,25.319093704223633
2005-01-12,25.571725845336914
2005-01-13,24.645414352416992
2005-01-14,25.19278335571289
2005-01-18,25.67698860168457
2005-01-19,24.884014129638672
2005-01-20,25.136640548706055
2005-01-21,24.862964630126953
2005-01-24,24.67348861694336
2005-01-25,24.855941772460938
2005-01-26,24.652441024780273
2005-01-27,24.557573318481445
2005-01-28,24.585681915283203
2005-01-31,24.388948440551758
2005-02-01,24.438119888305664
2005-02-02,24.698108673095703
2005-02-03,24.72620964050293
2005-02-04,25.576425552368164
2005-02-07,25.042394638061523
2005-02-08,25.527231216430664
2005-02-09,25.014305114746094
2005-02-10,25.063488006591797
2005-02-11,25.43587875366211
2005-02-14,25.154836654663086
2005-02-15,24.979169845581055
2005-02-16,25.154836654663086
2005-02-17,24.53649139404297
2005-02-18,24.789443969726562
2005-02-22,24.19220542907715
2005-02-23,24.023576736450195
2005-02-24,24.845666885375977
2005-02-25,25.3515682220459
2005-02-28,24.438119888305664
2005-03-01,25.014305114746094
2005-03-02,24.96511459350586
2005-03-03,25.260225296020508
2005-03-04,25.40777587890625
2005-03-07,24.95105743408203
2005-03-08,24.53649139404297
2005-03-09,24.438119888305664
2005-03-10,24.178152084350586
2005-03-11,24.234357833862305
2005-03-14,24.065725326538086
2005-03-15,23.995458602905273
2005-03-16,24.41002655029297
2005-03-17,24.41704559326172
2005-03-18,24.276514053344727
2005-03-21,23.925195693969727
2005-03-22,23.398216247558594
2005-03-23,23.524694442749023
2005-03-24,23.38416290283203
2005-03-28,23.004730224609375
2005-03-29,22.48476219177246
2005-03-30,23.039854049682617
2005-03-31,23.018770217895508
2005-04-01,22.807987213134766
2005-04-04,23.43334197998047
2005-04-05,23.59494972229004
2005-04-06,23.94627571105957
2005-04-07,23.79168128967285
2005-04-08,23.292800903320312
2005-04-11,23.363079071044922
2005-04-12,23.665218353271484
2005-04-13,23.074995040893555
2005-04-14,22.892301559448242
2005-04-15,22.231809616088867
2005-04-18,22.62529182434082
2005-04-19,22.68853187561035
2005-04-20,22.772851943969727
2005-04-21,24.28354263305664
2005-04-22,24.86673927307129
2005-04-25,24.96511459350586
2005-04-26,24.065725326538086
2005-04-27,24.625057220458984
2005-04-28,24.273277282714844
2005-04-29,24.969820022583008
2005-05-02,24.86426544189453
2005-05-03,25.15977668762207
2005-05-04,25.7578125
2005-05-05,26.03221321105957
2005-05-06,26.1658935546875
2005-05-09,26.03221321105957
2005-05-10,25.792993545532227
2005-05-11,25.947786331176758
2005-05-12,25.518613815307617
2005-05-13,24.983896255493164
2005-05-16,25.919652938842773
2005-05-17,25.828168869018555
2005-05-18,26.313629150390625
2005-05-19,26.03221321105957
2005-05-20,25.905561447143555
2005-05-23,26.264389038085938
2005-05-24,26.03925132751465
2005-05-25,25.7015323638916
2005-05-26,26.102569580078125
2005-05-27,26.053319931030273
2005-05-31,26.025175094604492
2005-06-01,26.222177505493164
2005-06-02,26.313629150390625
2005-06-03,25.7578125
2005-06-06,26.369922637939453
2005-06-07,26.236255645751953
2005-06-08,26.21513557434082
2005-06-09,26.243276596069336
2005-06-10,26.313629150390625
2005-06-13,26.313629150390625
2005-06-14,26.59507179260254
2005-06-15,26.454362869262695
2005-06-16,26.665430068969727
2005-06-17,26.77096176147461
2005-06-20,26.735780715942383
2005-06-21,26.834287643432617
2005-06-22,27.087566375732422
2005-06-23,26.34881591796875
2005-06-24,26.61617660522461
2005-06-27,26.95389747619629
2005-06-28,27.36899757385254
2005-06-29,27.48859977722168
2005-06-30,27.411211013793945
2005-07-01,28.0444278717041
2005-07-05,28.26253890991211
2005-07-06,27.903709411621094
2005-07-07,27.657466888427734
2005-07-08,28.311796188354492
2005-07-11,29.247543334960938
2005-07-12,28.635427474975586
2005-07-13,28.072566986083984
2005-07-14,27.73484992980957
2005-07-15,27.692646026611328
2005-07-18,27.03832244873047
2005-07-19,27.32678985595703
2005-07-20,27.439361572265625
2005-07-21,26.84836196899414
2005-07-22,27.439361572265625
2005-07-25,27.059423446655273
2005-07-26,27.32678985595703
2005-07-27,27.471179962158203
2005-07-28,27.774080276489258
2005-07-29,27.471179962158203
2005-08-01,27.288053512573242
2005-08-02,27.92904281616211
2005-08-03,27.421873092651367
2005-08-04,27.203506469726562
2005-08-05,27.27396583557129
2005-08-08,27.189437866210938
2005-08-09,27.034460067749023
2005-08-10,26.949941635131836
2005-08-11,27.126039505004883
2005-08-12,27.02036476135254
2005-08-15,27.689546585083008
2005-08-16,26.731576919555664
2005-08-17,26.837228775024414
2005-08-18,26.386423110961914
2005-08-19,26.21737289428711
2005-08-22,26.816110610961914
2005-08-23,26.675228118896484
2005-08-24,26.506168365478516
2005-08-25,26.5202693939209
2005-08-26,26.358259201049805
2005-08-29,27.090818405151367
2005-08-30,26.907676696777344
2005-08-31,28.175582885742188
2005-09-01,28.20376205444336
2005-09-02,27.85155487060547
2005-09-06,28.288278579711914
2005-09-07,28.154434204101562
2005-09-08,27.872692108154297
2005-09-09,28.175582885742188
2005-09-12,28.288278579711914
2005-09-13,26.978111267089844
2005-09-14,26.41460418701172
2005-09-15,26.675228118896484
2005-09-16,27.24578285217285
2005-09-19,26.724538803100586
2005-09-20,26.555482864379883
2005-09-21,26.32303237915039
2005-09-22,26.062406539916992
2005-09-23,26.597742080688477
2005-09-26,26.632970809936523
2005-09-27,26.421646118164062
2005-09-28,25.977876663208008
2005-09-29,26.555482864379883
2005-09-30,26.625917434692383
2005-10-03,26.611831665039062
2005-10-04,25.935611724853516
2005-10-05,24.935382843017578
2005-10-06,25.231231689453125
2005-10-07,25.47071647644043
2005-10-10,25.49185562133789
2005-10-11,24.794513702392578
2005-10-12,24.724058151245117
2005-10-13,25.09035301208496
2005-10-14,25.280532836914062
2005-10-17,24.801555633544922
2005-10-18,24.449350357055664
2005-10-19,25.46367645263672
2005-10-20,25.034000396728516
2005-10-21,25.005817413330078
2005-10-24,25.125568389892578
2005-10-25,24.9987850189209
2005-10-26,24.914249420166016
2005-10-27,24.681474685668945
2005-10-28,25.21756935119629
2005-10-31,25.35159683227539
2005-11-01,25.055334091186523
2005-11-02,25.47855567932129
2005-11-03,25.295148849487305
2005-11-04,25.358654022216797
2005-11-07,25.831256866455078
2005-11-08,25.99349021911621
2005-11-09,26.529586791992188
2005-11-10,28.01089859008789
2005-11-11,27.51006317138672
2005-11-14,26.80469512939453
2005-11-15,26.85407257080078
2005-11-16,26.416730880737305
2005-11-17,26.80469512939453
2005-11-18,27.418373107910156
2005-11-21,27.721696853637695
2005-11-22,27.728742599487305
2005-11-23,27.912145614624023
2005-11-25,27.651155471801758
2005-11-28,27.044517517089844
2005-11-29,27.601764678955078
2005-11-30,27.714637756347656
2005-12-01,28.22957992553711
2005-12-02,28.300113677978516
2005-12-05,28.046157836914062
2005-12-06,28.37769889831543
2005-12-07,28.17315101623535
2005-12-08,28.0179443359375
2005-12-09,28.278942108154297
2005-12-12,27.862768173217773
2005-12-13,27.954484939575195
2005-12-14,27.700532913208008
2005-12-15,27.64409065246582
2005-12-16,27.15736198425293
2005-12-19,26.959869384765625
2005-12-20,26.451993942260742
2005-12-21,26.889324188232422
2005-12-22,26.614233016967773
2005-12-23,26.522533416748047
2005-12-27,26.21217918395996
2005-12-28,26.49431800842285
2005-12-29,26.21217918395996
2005-12-30,25.683130264282227
2006-01-03,26.670671463012695
2006-01-04,25.16819953918457
2006-01-05,24.900142669677734
2006-01-06,25.795989990234375
2006-01-09,25.99349021911621
2006-01-10,26.127513885498047
2006-01-11,26.120464324951172
2006-01-12,25.64079475402832
2006-01-13,26.127513885498047
2006-01-17,26.169828414916992
2006-01-18,26.205114364624023
2006-01-19,26.80469512939453
2006-01-20,26.74121856689453
2006-01-23,27.60883140563965
2006-01-24,26.92460823059082
2006-01-25,26.981033325195312
2006-01-26,27.721696853637695
2006-01-27,27.799375534057617
2006-01-30,27.1213436126709
2006-01-31,26.408002853393555
2006-02-01,26.612831115722656
2006-02-02,26.146677017211914
2006-02-03,26.224363327026367
2006-02-06,26.641075134277344
2006-02-07,26.224363327026367
2006-02-08,26.584571838378906
2006-02-09,26.259687423706055
2006-02-10,26.570438385009766
2006-02-13,26.13254737854004
2006-02-14,26.789386749267578
2006-02-15,27.1213436126709
2006-02-16,27.35441017150879
2006-02-17,26.86708641052246
2006-02-21,26.2738094329834
2006-02-22,27.07190704345703
2006-02-23,26.782316207885742
2006-02-24,27.036588668823242
2006-02-27,27.227283477783203
2006-02-28,26.23141860961914
2006-03-01,26.42212677001953
2006-03-02,26.415056228637695
2006-03-03,26.33030891418457
2006-03-06,26.13961410522461
2006-03-07,26.13961410522461
2006-03-08,25.8782901763916
2006-03-09,25.567522048950195
2006-03-10,25.40507698059082
2006-03-13,25.369770050048828
2006-03-14,25.595773696899414
2006-03-15,26.711708068847656
2006-03-16,26.542198181152344
2006-03-17,26.902395248413086
2006-03-20,26.909469604492188
2006-03-21,26.06897735595703
2006-03-22,26.365631103515625
2006-03-23,26.641075134277344
2006-03-24,26.838830947875977
2006-03-27,26.874147415161133
2006-03-28,26.68345069885254
2006-03-29,27.19196891784668
2006-03-30,26.95889663696289
2006-03-31,27.022470474243164
2006-04-03,26.56337547302246
2006-04-04,26.379749298095703
2006-04-05,26.492759704589844
2006-04-06,26.648134231567383
2006-04-07,25.885343551635742
2006-04-10,25.433338165283203
2006-04-11,24.578733444213867
2006-04-12,24.493972778320312
2006-04-13,25.21437644958496
2006-04-17,24.55046272277832
2006-04-18,24.825929641723633
2006-04-19,24.96012306213379
2006-04-20,24.451589584350586
2006-04-21,24.465713500976562
2006-04-24,24.33151626586914
2006-04-25,24.875349044799805
2006-04-26,24.86123275756836
2006-04-27,24.663469314575195
2006-04-28,24.578733444213867
2006-05-01,24.54339599609375
2006-05-02,24.882417678833008
2006-05-03,24.868276596069336
2006-05-04,25.44824981689453
2006-05-05,25.64630889892578
2006-05-08,25.61093521118164
2006-05-09,25.618017196655273
2006-05-10,25.787752151489258
2006-05-11,25.801898956298828
2006-05-12,25.63922119140625
2006-05-15,25.858476638793945
2006-05-16,26.240407943725586
2006-05-17,26.091882705688477
2006-05-18,25.87969970703125
2006-05-19,25.752376556396484
2006-05-22,25.05217170715332
2006-05-23,25.19363021850586
2006-05-24,25.342164993286133
2006-05-25,25.504838943481445
2006-05-26,25.172409057617188
2006-05-30,24.514638900756836
2006-05-31,24.585363388061523
2006-06-01,25.76654815673828
2006-06-02,25.427053451538086
2006-06-05,24.3873233795166
2006-06-06,24.981435775756836
2006-06-07,24.981435775756836
2006-06-08,25.667503356933594
2006-06-09,25.122894287109375
2006-06-12,24.967294692993164
2006-06-13,25.20069694519043
2006-06-14,24.924856185913086
2006-06-15,24.839981079101562
2006-06-16,24.557065963745117
2006-06-19,24.28122901916504
2006-06-20,23.849782943725586
2006-06-21,23.750770568847656
2006-06-22,23.899293899536133
2006-06-23,23.849782943725586
2006-06-26,24.44390296936035
2006-06-27,24.06903648376465
2006-06-28,23.743688583374023
2006-06-29,24.719755172729492
2006-06-30,24.3802547454834
2006-07-03,24.39439582824707
2006-07-05,24.450984954833984
2006-07-06,24.76218605041504
2006-07-07,24.57828712463379
2006-07-10,24.57828712463379
2006-07-11,24.924856185913086
2006-07-12,23.87100601196289
2006-07-13,23.40418815612793
2006-07-14,23.015178680419922
2006-07-17,23.02932357788086
2006-07-18,23.283945083618164
2006-07-19,24.507556915283203
2006-07-20,23.418338775634766
2006-07-21,22.541292190551758
2006-07-24,23.800275802612305
2006-07-25,23.36174964904785
2006-07-26,23.934656143188477
2006-07-27,23.75757598876953
2006-07-28,24.062162399291992
2006-07-31,24.324237823486328
2006-08-01,24.189653396606445
2006-08-02,24.168418884277344
2006-08-03,24.92631721496582
2006-08-04,25.337162017822266
2006-08-07,25.08216667175293
2006-08-08,24.203815460205078
2006-08-09,24.10465431213379
2006-08-10,24.706745147705078
2006-08-11,24.565082550048828
2006-08-14,24.65716552734375
2006-08-15,25.5921573638916
2006-08-16,26.088003158569336
2006-08-17,26.682998657226562
2006-08-18,26.32883071899414
2006-08-21,26.12340545654297
2006-08-22,25.974645614624023
2006-08-23,25.138832092285156
2006-08-24,25.330080032348633
2006-08-25,24.983003616333008
2006-08-28,25.167158126831055
2006-08-29,25.372577667236328
2006-08-30,25.280500411987305
2006-08-31,25.21674346923828
2006-09-01,25.181320190429688
2006-09-05,25.485918045043945
2006-09-06,24.777578353881836
2006-09-07,24.7988224029541
2006-09-08,24.82008934020996
2006-09-11,25.046743392944336
2006-09-12,25.641746520996094
2006-09-13,25.974645614624023
2006-09-14,25.330080032348633
2006-09-15,25.422164916992188
2006-09-18,25.627578735351562
2006-09-19,25.046743392944336
2006-09-20,25.648826599121094
2006-09-21,25.40799331665039
2006-09-22,24.961740493774414
2006-09-25,25.443410873413086
2006-09-26,25.910919189453125
2006-09-27,25.917993545532227
2006-09-28,26.279245376586914
2006-09-29,26.059659957885742
2006-10-02,25.478836059570312
2006-10-03,25.259239196777344
2006-10-04,25.910919189453125
2006-10-05,26.69009017944336
2006-10-06,26.56258201599121
2006-10-09,26.548412322998047
2006-10-10,26.059659957885742
2006-10-11,25.50716781616211
2006-10-12,25.783422470092773
2006-10-13,26.12340545654297
2006-10-16,26.675914764404297
2006-10-17,26.760910034179688
2006-10-18,26.81049156188965
2006-10-19,27.058406829833984
2006-10-20,27.115089416503906
2006-10-23,27.2071590423584
2006-10-24,27.384252548217773
2006-10-25,27.554256439208984
2006-10-26,28.262596130371094
2006-10-27,27.36530113220215
2006-10-30,27.60647201538086
2006-10-31,27.25180435180664
2006-11-01,26.521217346191406
2006-11-02,26.7340145111084
2006-11-03,27.17380142211914
2006-11-06,27.719955444335938
2006-11-07,27.819272994995117
2006-11-08,28.287403106689453
2006-11-09,27.63484764099121
2006-11-10,27.805095672607422
2006-11-13,28.067533493041992
2006-11-14,28.386714935302734
2006-11-15,28.613697052001953
2006-11-16,28.982528686523438
2006-11-17,29.358478546142578
2006-11-20,29.606746673583984
2006-11-21,29.479063034057617
2006-11-22,28.69171142578125
2006-11-24,28.812301635742188
2006-11-27,27.71286392211914
2006-11-28,27.84054183959961
2006-11-29,28.131364822387695
2006-11-30,28.40799903869629
2006-12-01,27.904390335083008
2006-12-04,28.55695343017578
2006-12-05,28.40089988708496
2006-12-06,27.819272994995117
2006-12-07,27.599380493164062
2006-12-08,27.677396774291992
2006-12-11,27.641939163208008
2006-12-12,27.3865909576416
2006-12-13,27.37240219116211
2006-12-14,27.273090362548828
2006-12-15,27.59228515625
2006-12-18,26.8616886138916
2006-12-19,27.06031608581543
2006-12-20,28.088802337646484
2006-12-21,27.819272994995117
2006-12-22,27.719955444335938
2006-12-26,28.358339309692383
2006-12-27,28.918682098388672
2006-12-28,28.230670928955078
2006-12-29,27.911466598510742
2007-01-03,28.287403106689453
2007-01-04,28.471839904785156
2007-01-05,28.25904655456543
2007-01-08,28.237764358520508
2007-01-09,28.613697052001953
2007-01-10,28.57822608947754
2007-01-11,28.698814392089844
2007-01-12,29.7698917388916
2007-01-16,29.71312713623047
2007-01-17,29.344289779663086
2007-01-18,29.131500244140625
2007-01-19,28.81939125061035
2007-01-22,28.79103660583496
2007-01-23,29.039287567138672
2007-01-24,28.90451431274414
2007-01-25,28.535667419433594
2007-01-26,28.91160011291504
2007-01-29,29.106935501098633
2007-01-30,28.93646240234375
2007-01-31,28.801509857177734
2007-02-01,29.376840591430664
2007-02-02,29.419466018676758
2007-02-05,28.758893966674805
2007-02-06,29.817197799682617
2007-02-07,29.39814567565918
2007-02-08,29.852718353271484
2007-02-09,29.689346313476562
2007-02-12,29.092735290527344
2007-02-13,29.114038467407227
2007-02-14,29.007497787475586
2007-02-15,29.48338508605957
2007-02-16,29.462064743041992
2007-02-20,30.00897216796875
2007-02-21,29.660940170288086
2007-02-22,29.46916389465332
2007-02-23,29.355527877807617
2007-02-26,29.106935501098633
2007-02-27,28.623947143554688
2007-02-28,28.417953491210938
2007-03-01,28.48188018798828
2007-03-02,27.551443099975586
2007-03-05,27.160785675048828
2007-03-06,27.8426513671875
2007-03-07,27.643774032592773
2007-03-08,27.8426513671875
2007-03-09,27.8426513671875
2007-03-12,28.155162811279297
2007-03-13,27.544334411621094
2007-03-14,27.65799331665039
2007-03-15,27.61536979675293
2007-03-16,27.267333984375
2007-03-19,27.856861114501953
2007-03-20,28.354047775268555
2007-03-21,29.007497787475586
2007-03-22,28.822839736938477
2007-03-23,28.964876174926758
2007-03-26,29.071420669555664
2007-03-27,28.822839736938477
2007-03-28,28.75179672241211
2007-03-29,28.82993507385254
2007-03-30,28.908065795898438
2007-04-02,29.0998477935791
2007-04-03,29.071420669555664
2007-04-04,29.07852554321289
2007-04-05,29.02169418334961
2007-04-09,28.609739303588867
2007-04-10,29.050100326538086
2007-04-11,28.581335067749023
2007-04-12,28.758893966674805
2007-04-13,29.07852554321289
2007-04-16,29.27739906311035
2007-04-17,27.79293441772461
2007-04-18,26.997432708740234
2007-04-19,28.23329734802246
2007-04-20,29.0998477935791
2007-04-23,29.106935501098633
2007-04-24,29.19217300415039
2007-04-25,29.043001174926758
2007-04-26,30.58281898498535
2007-04-27,30.36945152282715
2007-04-30,29.985397338867188
2007-05-01,30.134754180908203
2007-05-02,30.75352668762207
2007-05-03,30.739273071289062
2007-05-04,30.75352668762207
2007-05-07,30.75352668762207
2007-05-08,30.75352668762207
2007-05-09,30.831748962402344
2007-05-10,31.329608917236328
2007-05-11,31.329608917236328
2007-05-14,31.10202980041504
2007-05-15,30.94554328918457
2007-05-16,31.151792526245117
2007-05-17,30.902868270874023
2007-05-18,30.981109619140625
2007-05-21,31.180255889892578
2007-05-22,31.14468765258789
2007-05-23,30.73218536376953
2007-05-24,30.31255340576172
2007-05-25,30.148977279663086
2007-05-29,31.08779525756836
2007-05-30,31.294055938720703
2007-05-31,31.443408966064453
2007-06-01,31.720787048339844
2007-06-04,31.791912078857422
2007-06-05,31.222932815551758
2007-06-06,31.0593318939209
2007-06-07,30.27698516845703
2007-06-08,30.981109619140625
2007-06-11,30.860197067260742
2007-06-12,30.212982177734375
2007-06-13,30.95977210998535
2007-06-14,30.974008560180664
2007-06-15,31.151792526245117
2007-06-18,31.571428298950195
2007-06-19,31.7847900390625
2007-06-20,31.137584686279297
2007-06-21,30.888654708862305
2007-06-22,30.589942932128906
2007-06-25,30.234323501586914
2007-06-26,30.639711380004883
2007-06-27,31.194473266601562
2007-06-28,30.974008560180664
2007-06-29,31.01666259765625
2007-07-02,31.45762062072754
2007-07-03,32.2684211730957
2007-07-05,31.855920791625977
2007-07-06,32.00528335571289
2007-07-09,31.436283111572266
2007-07-10,30.639711380004883
2007-07-11,31.137584686279297
2007-07-12,32.474700927734375
2007-07-13,32.06929397583008
2007-07-16,31.96969985961914
2007-07-17,31.855920791625977
2007-07-18,31.749242782592773
2007-07-19,31.038009643554688
2007-07-20,28.740734100341797
2007-07-23,29.04657554626465
2007-07-24,28.001060485839844
2007-07-25,28.598493576049805
2007-07-26,27.30405616760254
2007-07-27,26.787673950195312
2007-07-30,27.243526458740234
2007-07-31,27.250627517700195
2007-08-01,27.64949607849121
2007-08-02,28.026979446411133
2007-08-03,27.17229652404785
2007-08-06,28.952898025512695
2007-08-07,29.39450454711914
2007-08-08,32.022705078125
2007-08-09,33.30475616455078
2007-08-10,30.83324432373047
2007-08-13,28.981407165527344
2007-08-14,28.86031150817871
2007-08-15,28.48994255065918
2007-08-16,30.398761749267578
2007-08-17,31.118148803710938
2007-08-20,30.591081619262695
2007-08-21,30.591081619262695
2007-08-22,30.676563262939453
2007-08-23,30.092510223388672
2007-08-24,30.705039978027344
2007-08-27,30.249204635620117
2007-08-28,29.33041000366211
2007-08-29,30.78339385986328
2007-08-30,30.36317253112793
2007-08-31,30.726411819458008
2007-09-04,31.27484703063965
2007-09-05,30.377408981323242
2007-09-06,31.054052352905273
2007-09-07,29.971431732177734
2007-09-10,29.77199935913086
2007-09-11,30.15660858154297
2007-09-12,29.828969955444336
2007-09-13,31.168012619018555
2007-09-14,30.86174774169922
2007-09-17,29.629558563232422
2007-09-18,31.602493286132812
2007-09-19,32.022705078125
2007-09-20,31.517004013061523
2007-09-21,31.33182716369629
2007-09-24,30.868858337402344
2007-09-25,30.49848175048828
2007-09-26,31.374557495117188
2007-09-27,31.445768356323242
2007-09-28,31.196489334106445
2007-10-01,32.19364929199219
2007-10-02,32.59961700439453
2007-10-03,32.12953567504883
2007-10-04,32.05119323730469
2007-10-05,32.38594436645508
2007-10-08,32.3289680480957
2007-10-09,32.827537536621094
2007-10-10,32.93438720703125
2007-10-11,32.30048370361328
2007-10-12,32.45004653930664
2007-10-15,31.659469604492188
2007-10-16,31.502744674682617
2007-10-17,31.445768356323242
2007-10-18,31.84465217590332
2007-10-19,30.49136734008789
2007-10-22,31.716432571411133
2007-10-23,31.346073150634766
2007-10-24,31.203628540039062
2007-10-25,31.317584991455078
2007-10-26,32.6209831237793
2007-10-29,32.178802490234375
2007-10-30,32.25013732910156
2007-10-31,32.499755859375
2007-11-01,30.231828689575195
2007-11-02,30.567026138305664
2007-11-05,30.039281845092773
2007-11-06,30.345935821533203
2007-11-07,28.520204544067383
2007-11-08,30.210433959960938
2007-11-09,30.759578704833984
2007-11-12,31.429981231689453
2007-11-13,33.1202278137207
2007-11-14,32.628116607666016
2007-11-15,32.592472076416016
2007-11-16,32.09323501586914
2007-11-19,30.973546981811523
2007-11-20,30.509981155395508
2007-11-21,29.796789169311523
2007-11-23,30.930768966674805
2007-11-26,29.953676223754883
2007-11-27,30.49571990966797
2007-11-28,31.829357147216797
2007-11-29,31.322999954223633
2007-11-30,31.47989845275879
2007-12-03,30.866579055786133
2007-12-04,30.7667236328125
2007-12-05,31.544078826904297
2007-12-06,32.74224090576172
2007-12-07,33.04176712036133
2007-12-10,32.906272888183594
2007-12-11,31.92208480834961
2007-12-12,32.628116607666016
2007-12-13,32.82783508300781
2007-12-14,32.19307327270508
2007-12-17,32.10749053955078
2007-12-18,33.961761474609375
2007-12-19,34.111549377441406
2007-12-20,34.23278045654297
2007-12-21,34.824737548828125
2007-12-24,35.259769439697266
2007-12-26,35.08860778808594
2007-12-27,34.51805114746094
2007-12-28,34.34688186645508
2007-12-31,33.42689895629883
2008-01-02,32.806419372558594
2008-01-03,32.870609283447266
2008-01-04,31.91492462158203
2008-01-07,32.749366760253906
2008-01-08,32.007652282714844
2008-01-09,32.92054748535156
2008-01-10,33.312774658203125
2008-01-11,33.27000427246094
2008-01-14,34.0330924987793
2008-01-15,34.296974182128906
2008-01-16,35.202728271484375
2008-01-17,34.87464904785156
2008-01-18,33.46254348754883
2008-01-22,33.633705139160156
2008-01-23,34.296974182128906
2008-01-24,35.110008239746094
2008-01-25,34.77482223510742
2008-01-28,36.19403839111328
2008-01-29,35.30256652832031
2008-01-30,34.38254928588867
2008-01-31,34.896697998046875
2008-02-01,35.31085205078125
2008-02-04,34.968109130859375
2008-02-05,33.83986282348633
2008-02-06,33.48283386230469
2008-02-07,34.625343322753906
2008-02-08,33.861289978027344
2008-02-11,33.53282165527344
2008-02-12,34.396827697753906
2008-02-13,35.14662170410156
2008-02-14,34.00407791137695
2008-02-15,34.04695129394531
2008-02-19,34.05408477783203
2008-02-20,34.01838302612305
2008-02-21,33.48997116088867
2008-02-22,33.65420150756836
2008-02-25,34.11121368408203
2008-02-26,34.453948974609375
2008-02-27,33.761314392089844
2008-02-28,33.19004821777344
2008-02-29,32.03325271606445
2008-03-03,32.57594680786133
2008-03-04,32.54738235473633
2008-03-05,32.29745864868164
2008-03-06,31.433433532714844
2008-03-07,31.440582275390625
2008-03-10,31.076406478881836
2008-03-11,33.125789642333984
2008-03-12,32.26176834106445
2008-03-13,33.547088623046875
2008-03-14,32.49740219116211
2008-03-17,32.37602233886719
2008-03-18,34.33256530761719
2008-03-19,34.07550048828125
2008-03-20,34.91096878051758
2008-03-24,35.26800537109375
2008-03-25,34.98952102661133
2008-03-26,34.811012268066406
2008-03-27,34.66103744506836
2008-03-28,34.71101760864258
2008-03-31,34.453948974609375
2008-04-01,35.703590393066406
2008-04-02,36.04634475708008
2008-04-03,36.16059494018555
2008-04-04,35.96778869628906
2008-04-07,35.95349884033203
2008-04-08,35.5750617980957
2008-04-09,35.182315826416016
2008-04-10,36.13203048706055
2008-04-11,35.4179573059082
2008-04-14,35.5036506652832
2008-04-15,35.66790008544922
2008-04-16,36.39623260498047
2008-04-17,35.960655212402344
2008-04-18,36.281986236572266
2008-04-21,36.139183044433594
2008-04-22,35.410823822021484
2008-04-23,36.224857330322266
2008-04-24,36.73185348510742
2008-04-25,34.98237991333008
2008-04-28,35.646461486816406
2008-04-29,35.15376281738281
2008-04-30,35.3036994934082
2008-05-01,36.2974853515625
2008-05-02,35.26081085205078
2008-05-05,34.85329055786133
2008-05-06,35.20362854003906
2008-05-07,34.27418518066406
2008-05-08,35.046329498291016
2008-05-09,34.796085357666016
2008-05-12,34.22414016723633
2008-05-13,34.13835144042969
2008-05-14,33.880977630615234
2008-05-15,33.9453239440918
2008-05-16,34.16694641113281
2008-05-19,33.9953727722168
2008-05-20,34.038272857666016
2008-05-21,33.49491882324219
2008-05-22,33.280433654785156
2008-05-23,33.08738327026367
2008-05-27,33.809478759765625
2008-05-28,33.43772506713867
2008-05-29,33.97392272949219
2008-05-30,34.038272857666016
2008-06-02,33.36621856689453
2008-06-03,33.38051986694336
2008-06-04,33.766597747802734
2008-06-05,34.7103157043457
2008-06-06,33.32332992553711
2008-06-09,33.34476852416992
2008-06-10,33.65934753417969
2008-06-11,32.88006591796875
2008-06-12,33.49491882324219
2008-06-13,33.63076400756836
2008-06-16,33.351924896240234
2008-06-17,33.037349700927734
2008-06-18,32.64413833618164
2008-06-19,33.58070373535156
2008-06-20,33.07310485839844
2008-06-23,32.93011474609375
2008-06-24,32.71562957763672
2008-06-25,33.266136169433594
2008-06-26,32.20086669921875
2008-06-27,32.636993408203125
2008-06-30,32.35816192626953
2008-07-01,32.38676071166992
2008-07-02,31.40013313293457
2008-07-03,31.543123245239258
2008-07-07,31.879138946533203
2008-07-08,33.53065872192383
2008-07-09,32.72993087768555
2008-07-10,33.130279541015625
2008-07-11,33.8309326171875
2008-07-14,33.988216400146484
2008-07-15,33.609317779541016
2008-07-16,34.91047286987305
2008-07-17,35.032039642333984
2008-07-18,35.17502975463867
2008-07-21,35.232200622558594
2008-07-22,36.83367156982422
2008-07-23,35.91855239868164
2008-07-24,35.7183837890625
2008-07-25,35.675479888916016
2008-07-28,35.46099853515625
2008-07-29,36.40471267700195
2008-07-30,35.78270721435547
2008-07-31,35.7254638671875
2008-08-01,35.589439392089844
2008-08-04,35.65388107299805
2008-08-05,35.96881866455078
2008-08-06,35.890098571777344
2008-08-07,35.81850814819336
2008-08-08,37.39325714111328
2008-08-11,38.68885803222656
2008-08-12,37.79411315917969
2008-08-13,37.82990646362305
2008-08-14,37.808433532714844
2008-08-15,37.39325714111328
2008-08-18,37.006736755371094
2008-08-19,36.677459716796875
2008-08-20,36.383995056152344
2008-08-21,35.9974479675293
2008-08-22,36.14777374267578
2008-08-25,35.52503967285156
2008-08-26,35.925880432128906
2008-08-27,36.13345718383789
2008-08-28,36.52714920043945
2008-08-29,35.95451354980469
2008-09-02,35.43914031982422
2008-09-03,35.30314636230469
2008-09-04,34.07196807861328
2008-09-05,33.74269104003906
2008-09-08,35.39619445800781
2008-09-09,35.18861770629883
2008-09-10,35.38902282714844
2008-09-11,35.882930755615234
2008-09-12,35.983131408691406
2008-09-15,35.53219223022461
2008-09-16,37.35746383666992
2008-09-17,37.35031509399414
2008-09-18,39.61940383911133
2008-09-19,37.4075927734375
2008-09-22,36.42692947387695
2008-09-23,36.505672454833984
2008-09-24,35.567962646484375
2008-09-25,35.9401969909668
2008-09-26,35.890098571777344
2008-09-29,33.628170013427734
2008-09-30,36.319576263427734
2008-10-01,36.05472946166992
2008-10-02,35.86145782470703
2008-10-03,34.394065856933594
2008-10-06,33.427738189697266
2008-10-07,31.888782501220703
2008-10-08,32.07490158081055
2008-10-09,29.426433563232422
2008-10-10,31.717002868652344
2008-10-13,32.955326080322266
2008-10-14,31.752779006958008
2008-10-15,28.202428817749023
2008-10-16,30.793621063232422
2008-10-17,29.505189895629883
2008-10-20,31.029821395874023
2008-10-21,30.178022384643555
2008-10-22,29.08286476135254
2008-10-23,28.159481048583984
2008-10-24,26.971254348754883
2008-10-27,25.88323402404785
2008-10-28,28.002004623413086
2008-10-29,29.088233947753906
2008-10-30,30.644119262695312
2008-10-31,31.999221801757812
2008-11-03,32.257328033447266
2008-11-04,32.23581314086914
2008-11-05,31.153167724609375
2008-11-06,30.371652603149414
2008-11-07,31.604877471923828
2008-11-10,30.50786781311035
2008-11-11,30.8233585357666
2008-11-12,28.349729537963867
2008-11-13,30.75882339477539
2008-11-14,29.131267547607422
2008-11-17,28.572006225585938
2008-11-18,27.71162223815918
2008-11-19,26.38519287109375
2008-11-20,24.363279342651367
2008-11-21,25.488954544067383
2008-11-24,27.353130340576172
2008-11-25,27.475004196166992
2008-11-26,29.224458694458008
2008-11-28,29.274656295776367
2008-12-01,25.790081024169922
2008-12-02,27.49652862548828
2008-12-03,28.72974967956543
2008-12-04,28.062952041625977
2008-12-05,30.500713348388672
2008-12-08,30.50786781311035
2008-12-09,28.92333221435547
2008-12-10,29.145591735839844
2008-12-11,27.22406768798828
2008-12-12,27.768980026245117
2008-12-15,26.31348991394043
2008-12-16,27.855009078979492
2008-12-17,27.48218536376953
2008-12-18,26.836883544921875
2008-12-19,26.327835083007812
2008-12-22,25.64668846130371
2008-12-23,25.302539825439453
2008-12-24,25.567821502685547
2008-12-26,25.696876525878906
2008-12-29,25.015729904174805
2008-12-30,25.524797439575195
2008-12-31,26.299142837524414
2009-01-02,25.976512908935547
2009-01-05,25.259519577026367
2009-01-06,26.055377960205078
2009-01-07,25.632349014282227
2009-01-08,25.747072219848633
2009-01-09,24.728940963745117
2009-01-12,24.39912986755371
2009-01-13,24.406301498413086
2009-01-14,24.334604263305664
2009-01-15,24.771963119506836
2009-01-16,25.876131057739258
2009-01-20,25.53196907043457
2009-01-21,26.38519287109375
2009-01-22,26.213117599487305
2009-01-23,26.922935485839844
2009-01-26,27.654264450073242
2009-01-27,27.941057205200195
2009-01-28,28.63653564453125
2009-01-29,27.907604217529297
2009-01-30,27.965059280395508
2009-02-02,27.6131649017334
2009-02-03,28.173316955566406
2009-02-04,27.814247131347656
2009-02-05,28.123048782348633
2009-02-06,28.913015365600586
2009-02-09,28.496492385864258
2009-02-10,27.354623794555664
2009-02-11,27.771160125732422
2009-02-12,27.76397132873535
2009-02-13,27.534170150756836
2009-02-17,27.139175415039062
2009-02-18,26.52874183654785
2009-02-19,25.911130905151367
2009-02-20,25.911130905151367
2009-02-23,25.135509490966797
2009-02-24,25.336591720581055
2009-02-25,25.049327850341797
2009-02-26,24.23781967163086
2009-02-27,24.94879913330078
2009-03-02,23.505290985107422
2009-03-03,22.981048583984375
2009-03-04,23.534027099609375
2009-03-05,22.262889862060547
2009-03-06,22.270069122314453
2009-03-09,21.501636505126953
2009-03-10,22.1982479095459
2009-03-11,22.69377899169922
2009-03-12,22.686594009399414
2009-03-13,22.82305335998535
2009-03-16,22.636329650878906
2009-03-17,23.541200637817383
2009-03-18,23.42630386352539
2009-03-19,22.39933204650879
2009-03-20,21.997163772583008
2009-03-23,22.44961166381836
2009-03-24,21.695547103881836
2009-03-25,21.386734008789062
2009-03-26,21.695547103881836
2009-03-27,20.95583724975586
2009-03-30,20.19459342956543
2009-03-31,20.690122604370117
2009-04-01,20.481849670410156
2009-04-02,21.10665512084961
2009-04-03,21.099470138549805
2009-04-06,20.79065704345703
2009-04-07,20.00068473815918
2009-04-08,20.32386016845703
2009-04-09,20.91993522644043
2009-04-13,20.2376766204834
2009-04-14,19.821149826049805
2009-04-15,19.742155075073242
2009-04-16,20.158687591552734
2009-04-17,20.50339698791504
2009-04-20,21.128198623657227
2009-04-21,21.006114959716797
2009-04-22,20.79065704345703
2009-04-23,20.67576026916504
2009-04-24,21.882259368896484
2009-04-27,21.745813369750977
2009-04-28,21.93971061706543
2009-04-29,22.614782333374023
2009-04-30,22.539220809936523
2009-05-01,22.4312744140625
2009-05-04,22.49603843688965
2009-05-05,21.956310272216797
2009-05-06,21.970703125
2009-05-07,21.67564582824707
2009-05-08,21.913127899169922
2009-05-11,21.65406036376953
2009-05-12,21.488544464111328
2009-05-13,21.251060485839844
2009-05-14,20.862451553344727
2009-05-15,20.776098251342773
2009-05-18,20.862451553344727
2009-05-19,20.660951614379883
2009-05-20,20.337116241455078
2009-05-21,20.03485870361328
2009-05-22,20.03485870361328
2009-05-26,21.481346130371094
2009-05-27,20.862451553344727
2009-05-28,20.790485382080078
2009-05-29,20.545812606811523
2009-06-01,21.171897888183594
2009-06-02,21.74761199951172
2009-06-03,22.093048095703125
2009-06-04,22.121835708618164
2009-06-05,22.35211181640625
2009-06-08,22.064254760742188
2009-06-09,22.200990676879883
2009-06-10,21.891544342041016
2009-06-11,22.532032012939453
2009-06-12,22.582401275634766
2009-06-15,22.04986572265625
2009-06-16,21.963510513305664
2009-06-17,22.294538497924805
2009-06-18,22.071455001831055
2009-06-19,22.150615692138672
2009-06-22,21.6612548828125
2009-06-23,21.402185440063477
2009-06-24,20.833660125732422
2009-06-25,21.582090377807617
2009-06-26,21.805194854736328
2009-06-29,22.04986572265625
2009-06-30,22.395294189453125
2009-07-01,22.711925506591797
2009-07-02,21.905935287475586
2009-07-06,21.43816566467285
2009-07-07,20.97759246826172
2009-07-08,20.948806762695312
2009-07-09,20.531414031982422
2009-07-10,20.552995681762695
2009-07-13,20.754505157470703
2009-07-14,21.00638198852539
2009-07-15,21.920330047607422
2009-07-16,22.028282165527344
2009-07-17,21.67564582824707
2009-07-20,21.790790557861328
2009-07-21,21.589284896850586
2009-07-22,21.740413665771484
2009-07-23,21.69004249572754
2009-07-24,21.783599853515625
2009-07-27,21.99229621887207
2009-07-28,22.272951126098633
2009-07-29,22.35211181640625
2009-07-30,22.913434982299805
2009-07-31,22.54206085205078
2009-08-03,23.039636611938477
2009-08-04,23.255970001220703
2009-08-05,23.3713436126709
2009-08-06,23.501136779785156
2009-08-07,24.424175262451172
2009-08-10,24.604450225830078
2009-08-11,24.409748077392578
2009-08-12,25.07317543029785
2009-08-13,25.534687042236328
2009-08-14,25.06596565246582
2009-08-17,24.957796096801758
2009-08-18,25.015487670898438
2009-08-19,25.20297622680664
2009-08-20,25.556318283081055
2009-08-21,26.205333709716797
2009-08-24,25.93129539489746
2009-08-25,25.988985061645508
2009-08-26,25.880821228027344
2009-08-27,25.686126708984375
2009-08-28,25.29671859741211
2009-08-31,25.123659133911133
2009-09-01,24.8352108001709
2009-09-02,24.878469467163086
2009-09-03,25.08038902282715
2009-09-04,25.354412078857422
2009-09-08,25.354412078857422
2009-09-09,25.779876708984375
2009-09-10,25.988985061645508
2009-09-11,25.628446578979492
2009-09-14,26.082731246948242
2009-09-15,25.76544952392578
2009-09-16,25.91687774658203
2009-09-17,26.046676635742188
2009-09-18,25.981781005859375
2009-09-21,25.981781005859375
2009-09-22,26.06832504272461
2009-09-23,26.104368209838867
2009-09-24,25.599592208862305
2009-09-25,25.145288467407227
2009-09-28,25.541902542114258
2009-09-29,25.570751190185547
2009-09-30,25.513059616088867
2009-10-01,24.72703742980957
2009-10-02,24.878469467163086
2009-10-05,25.289520263671875
2009-10-06,25.534687042236328
2009-10-07,25.556318283081055
2009-10-08,26.097156524658203
2009-10-09,26.18369483947754
2009-10-12,26.666839599609375
2009-10-13,26.789426803588867
2009-10-14,27.142770767211914
2009-10-15,27.337478637695312
2009-10-16,27.51055335998535
2009-10-19,27.705242156982422
2009-10-20,27.48169708251953
2009-10-21,28.195592880249023
2009-10-22,28.440784454345703
2009-10-23,27.871112823486328
2009-10-26,27.460063934326172
2009-10-27,27.66197967529297
2009-10-28,27.597082138061523
2009-10-29,27.264759063720703
2009-10-30,26.53510093688965
2009-11-02,26.462854385375977
2009-11-03,26.636232376098633
2009-11-04,26.07274055480957
2009-11-05,26.925228118896484
2009-11-06,26.954111099243164
2009-11-09,27.13471794128418
2009-11-10,26.961328506469727
2009-11-11,26.860197067260742
2009-11-12,26.202774047851562
2009-11-13,25.13357162475586
2009-11-16,26.166662216186523
2009-11-17,25.94992446899414
2009-11-18,25.30695152282715
2009-11-19,25.148019790649414
2009-11-20,25.025197982788086
2009-11-23,25.30695152282715
2009-11-24,25.41532325744629
2009-11-25,25.119123458862305
2009-11-27,24.996307373046875
2009-11-30,25.025197982788086
2009-12-01,25.025197982788086
2009-12-02,25.191368103027344
2009-12-03,24.94572639465332
2009-12-04,25.350299835205078
2009-12-07,25.32140350341797
2009-12-08,24.7723388671875
2009-12-09,24.90961265563965
2009-12-10,24.642309188842773
2009-12-11,25.039653778076172
2009-12-14,25.169694900512695
2009-12-15,24.859046936035156
2009-12-16,24.656761169433594
2009-12-17,24.555631637573242
2009-12-18,24.606185913085938
2009-12-21,25.234710693359375
2009-12-22,25.285274505615234
2009-12-23,25.7620906829834
2009-12-24,25.71874237060547
2009-12-28,25.53812599182129
2009-12-29,25.805435180664062
2009-12-30,26.10885238647461
2009-12-31,25.595932006835938
2010-01-04,25.913793563842773
2010-01-05,25.13357162475586
2010-01-06,24.56284523010254
2010-01-07,24.88071060180664
2010-01-08,24.94572639465332
2010-01-11,24.989086151123047
2010-01-12,24.996307373046875
2010-01-13,25.155237197875977
2010-01-14,25.33585548400879
2010-01-15,24.88071060180664
2010-01-19,25.299726486206055
2010-01-20,24.7723388671875
2010-01-21,24.570072174072266
2010-01-22,24.70010757446289
2010-01-25,24.80124855041504
2010-01-26,24.7723388671875
2010-01-27,25.039653778076172
2010-01-28,24.619794845581055
2010-01-29,24.503969192504883
2010-02-01,24.648754119873047
2010-02-02,24.576353073120117
2010-02-03,23.99724769592285
2010-02-04,23.476028442382812
2010-02-05,23.43259048461914
2010-02-08,23.019973754882812
2010-02-09,23.32401466369629
2010-02-10,23.056169509887695
2010-02-11,22.969301223754883
2010-02-12,23.52670669555664
2010-02-16,23.38916778564453
2010-02-17,23.70768165588379
2010-02-18,24.03343391418457
2010-02-19,24.735605239868164
2010-02-22,24.63426971435547
2010-02-23,24.59807586669922
2010-02-24,24.735605239868164
2010-02-25,24.677701950073242
2010-02-26,24.265077590942383
2010-03-01,24.431568145751953
2010-03-02,24.45330238342285
2010-03-03,24.525684356689453
2010-03-04,24.322998046875
2010-03-05,24.547401428222656
2010-03-08,24.648754119873047
2010-03-09,24.75009536743164
2010-03-10,24.98898696899414
2010-03-11,24.923828125
2010-03-12,25.03241539001465
2010-03-15,25.285776138305664
2010-03-16,25.51742172241211
2010-03-17,25.720125198364258
2010-03-18,25.66944694519043
2010-03-19,25.394357681274414
2010-03-22,25.597061157226562
2010-03-23,26.09654426574707
2010-03-24,26.01691436767578
2010-03-25,25.502954483032227
2010-03-26,25.3292179107666
2010-03-29,25.459518432617188
2010-03-30,25.785274505615234
2010-03-31,25.698406219482422
2010-04-01,25.42331314086914
2010-04-05,25.77078628540039
2010-04-06,26.060354232788086
2010-04-07,25.864892959594727
2010-04-08,25.843177795410156
2010-04-09,25.66944694519043
2010-04-12,25.72736358642578
2010-04-13,25.96623420715332
2010-04-14,26.168930053710938
2010-04-15,26.335439682006836
2010-04-16,26.16169548034668
2010-04-19,25.96623420715332
2010-04-20,25.987958908081055
2010-04-21,26.18341064453125
2010-04-22,25.51018524169922
2010-04-23,26.13273811340332
2010-04-26,26.03139305114746
2010-04-27,25.85041046142578
2010-04-28,25.70563316345215
2010-04-29,25.85795783996582
2010-04-30,25.386493682861328
2010-05-03,25.611358642578125
2010-05-04,24.944049835205078
2010-05-05,24.79172706604004
2010-05-06,24.43631935119629
2010-05-07,23.58043098449707
2010-05-10,24.42180061340332
2010-05-11,24.356529235839844
2010-05-12,24.864253997802734
2010-05-13,24.769969940185547
2010-05-14,24.58138656616211
2010-05-17,24.864253997802734
2010-05-18,24.327516555786133
2010-05-19,24.247726440429688
2010-05-20,23.689224243164062
2010-05-21,23.776268005371094
2010-05-24,23.275789260864258
2010-05-25,23.174251556396484
2010-05-26,23.15247917175293
2010-05-27,23.892324447631836
2010-05-28,23.486143112182617
2010-06-01,23.15247917175293
2010-06-02,23.812528610229492
2010-06-03,23.428110122680664
2010-06-04,22.74630355834961
2010-06-07,22.166038513183594
2010-06-08,22.086252212524414
2010-06-09,21.8323917388916
2010-06-10,22.144277572631836
2010-06-11,22.45616912841797
2010-06-14,22.37638282775879
2010-06-15,22.920377731323242
2010-06-16,23.04368782043457
2010-06-17,23.094451904296875
2010-06-18,22.891366958618164
2010-06-21,22.601234436035156
2010-06-22,22.24582862854004
2010-06-23,22.057241439819336
2010-06-24,21.520505905151367
2010-06-25,21.418947219848633
2010-06-28,21.723587036132812
2010-06-29,21.281131744384766
2010-06-30,21.237619400024414
2010-07-01,20.983755111694336
2010-07-02,20.9329776763916
2010-07-06,20.62834930419922
2010-07-07,21.194095611572266
2010-07-08,21.310155868530273
2010-07-09,21.53499984741211
2010-07-12,21.397188186645508
2010-07-13,21.99921226501465
2010-07-14,21.868654251098633
2010-07-15,21.65105628967285
2010-07-16,21.353670120239258
2010-07-19,21.687318801879883
2010-07-20,21.897659301757812
2010-07-21,21.658306121826172
2010-07-22,22.622989654541016
2010-07-23,25.1761474609375
2010-07-26,26.02478790283203
2010-07-27,26.29315757751465
2010-07-28,25.99576759338379
2010-07-29,26.075714111328125
2010-07-30,26.242877960205078
2010-08-02,26.453622817993164
2010-08-03,26.104782104492188
2010-08-04,26.162918090820312
2010-08-05,25.988510131835938
2010-08-06,25.7196102142334
2010-08-09,25.97397804260254
2010-08-10,25.48705291748047
2010-08-11,24.3605899810791
2010-08-12,24.41872787475586
2010-08-13,23.801002502441406
2010-08-16,23.931808471679688
2010-08-17,24.46233558654785
2010-08-18,24.396923065185547
2010-08-19,23.76465606689453
2010-08-20,23.691980361938477
2010-08-23,23.364946365356445
2010-08-24,22.89982795715332
2010-08-25,23.350406646728516
2010-08-26,22.921628952026367
2010-08-27,23.757389068603516
2010-08-30,22.972496032714844
2010-08-31,22.878019332885742
2010-09-01,23.517555236816406
2010-09-02,23.670188903808594
2010-09-03,23.94634437561035
2010-09-07,23.604768753051758
2010-09-08,23.735578536987305
2010-09-09,23.72104835510254
2010-09-10,23.7501220703125
2010-09-13,24.455066680908203
2010-09-14,24.215242385864258
2010-09-15,24.324256896972656
2010-09-16,23.917268753051758
2010-09-17,23.92453956604004
2010-09-20,24.687623977661133
2010-09-21,24.41872787475586
2010-09-22,23.910009384155273
2010-09-23,23.466699600219727
2010-09-24,24.447797775268555
2010-09-27,24.178909301757812
2010-09-28,24.85477638244629
2010-09-29,25.290822982788086
2010-09-30,25.69782066345215
2010-10-01,25.5960693359375
2010-10-04,24.811159133911133
2010-10-05,25.89402198791504
2010-10-06,25.806819915771484
2010-10-07,25.71234130859375
2010-10-08,26.0466365814209
2010-10-11,25.85042381286621
2010-10-12,25.639659881591797
2010-10-13,25.806819915771484
2010-10-14,25.755939483642578
2010-10-15,25.508846282958984
2010-10-18,25.60332679748535
2010-10-19,25.029193878173828
2010-10-20,25.283559799194336
2010-10-21,24.890207290649414
2010-10-22,24.87564468383789
2010-10-25,24.941200256347656
2010-10-26,24.737245559692383
2010-10-27,24.234634399414062
2010-10-28,24.176362991333008
2010-10-29,24.052518844604492
2010-11-01,23.294960021972656
2010-11-02,23.7465877532959
2010-11-03,23.994247436523438
2010-11-04,24.82465362548828
2010-11-05,24.751808166503906
2010-11-08,24.85379981994629
2010-11-09,24.285625457763672
2010-11-10,24.438587188720703
2010-11-11,23.97968101501465
2010-11-12,24.31476402282715
2010-11-15,24.234634399414062
2010-11-16,23.49163818359375
2010-11-17,23.389657974243164
2010-11-18,23.863130569458008
2010-11-19,23.826719284057617
2010-11-22,24.023386001586914
2010-11-23,23.81214714050293
2010-11-24,24.16907501220703
2010-11-26,24.016103744506836
2010-11-29,23.78301239013672
2010-11-30,23.6591796875
2010-12-01,23.957828521728516
2010-12-02,24.052518844604492
2010-12-03,24.139936447143555
2010-12-06,23.906841278076172
2010-12-07,24.059812545776367
2010-12-08,24.438587188720703
2010-12-09,24.693532943725586
2010-12-10,25.276277542114258
2010-12-13,25.18157958984375
2010-12-14,25.086877822875977
2010-12-15,25.203428268432617
2010-12-16,25.41466522216797
2010-12-17,25.086877822875977
2010-12-20,24.475013732910156
2010-12-21,24.475013732910156
2010-12-22,24.60612678527832
2010-12-23,24.890207290649414
2010-12-27,25.385530471801758
2010-12-28,25.48751449584961
2010-12-29,25.553081512451172
2010-12-30,25.56035804748535
2010-12-31,25.480236053466797
2011-01-03,25.502077102661133
2011-01-04,25.429243087768555
2011-01-05,25.378259658813477
2011-01-06,25.31269645690918
2011-01-07,24.96304702758789
2011-01-10,24.649824142456055
2011-01-11,24.642547607421875
2011-01-12,25.065027236938477
2011-01-13,24.904781341552734
2011-01-14,25.196147918701172
2011-01-18,25.574926376342773
2011-01-19,25.283554077148438
2011-01-20,25.203428268432617
2011-01-21,24.999469757080078
2011-01-24,25.458377838134766
2011-01-25,25.56035804748535
2011-01-26,26.09210968017578
2011-01-27,26.457143783569336
2011-01-28,25.82929229736328
2011-01-31,25.873088836669922
2011-02-01,26.68345069885254
2011-02-02,26.54473304748535
2011-02-03,25.989887237548828
2011-02-04,25.82929229736328
2011-02-07,25.975297927856445
2011-02-08,26.274627685546875
2011-02-09,26.026411056518555
2011-02-10,26.077505111694336
2011-02-11,26.274627685546875
2011-02-14,26.362228393554688
2011-02-15,26.354930877685547
2011-02-16,26.559345245361328
2011-02-17,26.64694595336914
2011-02-18,26.938961029052734
2011-02-22,26.661550521850586
2011-02-23,26.70535659790039
2011-02-24,26.807571411132812
2011-02-25,27.092275619506836
2011-02-28,27.121482849121094
2011-03-01,26.10671043395996
2011-03-02,26.384130477905273
2011-03-03,27.063081741333008
2011-03-04,26.75644874572754
2011-03-07,26.303813934326172
2011-03-08,26.822168350219727
2011-03-09,26.822168350219727
2011-03-10,25.989887237548828
2011-03-11,25.98259735107422
2011-03-14,25.89499282836914
2011-03-15,25.967998504638672
2011-03-16,25.9241943359375
2011-03-17,25.88768768310547
2011-03-18,26.420631408691406
2011-03-21,27.055776596069336
2011-03-22,27.026573181152344
2011-03-23,27.32590103149414
2011-03-24,26.953577041625977
2011-03-25,27.260190963745117
2011-03-28,26.909759521484375
2011-03-29,27.09958267211914
2011-03-30,27.888031005859375
2011-03-31,28.143564224243164
2011-04-01,28.683792114257812
2011-04-04,28.844409942626953
2011-04-05,28.99772071838379
2011-04-06,29.202146530151367
2011-04-07,29.048830032348633
2011-04-08,28.778709411621094
2011-04-11,28.786012649536133
2011-04-12,28.23847770690918
2011-04-13,27.946453094482422
2011-04-14,27.80044174194336
2011-04-15,28.38448715209961
2011-04-18,27.464609146118164
2011-04-19,27.4354190826416
2011-04-20,27.96104621887207
2011-04-21,28.2968692779541
2011-04-25,26.836755752563477
2011-04-26,28.092451095581055
2011-04-27,28.20926284790039
2011-04-28,28.692087173461914
2011-04-29,29.365148544311523
2011-05-02,29.167621612548828
2011-05-03,29.05056381225586
2011-05-04,28.479944229125977
2011-05-05,28.194623947143555
2011-05-06,28.143421173095703
2011-05-09,28.472620010375977
2011-05-10,28.88230323791504
2011-05-11,28.20924949645996
2011-05-12,28.699411392211914
2011-05-13,28.22389793395996
2011-05-16,27.69716453552246
2011-05-17,27.375280380249023
2011-05-18,27.543537139892578
2011-05-19,27.850793838500977
2011-05-20,27.360637664794922
2011-05-23,26.81195640563965
2011-05-24,26.87049102783203
2011-05-25,27.2874813079834
2011-05-26,27.543537139892578
2011-05-27,27.850793838500977
2011-05-31,28.596994400024414
2011-06-01,27.755699157714844
2011-06-02,27.572795867919922
2011-06-03,26.85585594177246
2011-06-06,26.841222763061523
2011-06-07,26.93633270263672
2011-06-08,26.92901611328125
2011-06-09,26.93633270263672
2011-06-10,26.87049102783203
2011-06-13,26.97291374206543
2011-06-14,27.41185188293457
2011-06-15,26.97291374206543
2011-06-16,27.155799865722656
2011-06-17,27.170438766479492
2011-06-20,27.558170318603516
2011-06-21,27.94589614868164
2011-06-22,27.850793838500977
2011-06-23,27.858116149902344
2011-06-24,27.792264938354492
2011-06-27,27.94589614868164
2011-06-28,28.80914878845215
2011-06-29,28.977413177490234
2011-06-30,29.387081146240234
2011-07-01,29.79676055908203
2011-07-05,29.869924545288086
2011-07-06,29.811399459838867
2011-07-07,29.65777015686035
2011-07-08,29.167621612548828
2011-07-11,28.333629608154297
2011-07-12,28.289737701416016
2011-07-13,28.22389793395996
2011-07-14,27.653263092041016
2011-07-15,27.784948348999023
2011-07-18,27.280170440673828
2011-07-19,27.858116149902344
2011-07-20,27.799570083618164
2011-07-21,27.799570083618164
2011-07-22,27.4045352935791
2011-07-25,27.258216857910156
2011-07-26,26.93633270263672
2011-07-27,26.416919708251953
2011-07-28,26.446247100830078
2011-07-29,26.534229278564453
2011-08-01,26.40225601196289
2011-08-02,25.603078842163086
2011-08-03,25.969669342041016
2011-08-04,24.891878128051758
2011-08-05,24.297998428344727
2011-08-08,21.885791778564453
2011-08-09,23.80675506591797
2011-08-10,22.765621185302734
2011-08-11,24.144023895263672
2011-08-12,24.283327102661133
2011-08-15,25.009191513061523
2011-08-16,24.811235427856445
2011-08-17,24.297998428344727
2011-08-18,22.333044052124023
2011-08-19,22.032432556152344
2011-08-22,21.937116622924805
2011-08-23,22.406356811523438
2011-08-24,22.875598907470703
2011-08-25,21.97378158569336
2011-08-26,23.154211044311523
2011-08-29,24.488630294799805
2011-08-30,24.554607391357422
2011-08-31,24.495962142944336
2011-09-01,23.75543212890625
2011-09-02,22.721637725830078
2011-09-06,22.846269607543945
2011-09-07,23.75543212890625
2011-09-08,22.890270233154297
2011-09-09,22.399028778076172
2011-09-12,22.575000762939453
2011-09-13,22.692304611206055
2011-09-14,22.8829345703125
2011-09-15,23.095558166503906
2011-09-16,22.91225814819336
2011-09-19,22.450347900390625
2011-09-20,22.545665740966797
2011-09-21,21.90778350830078
2011-09-22,21.196590423583984
2011-09-23,21.724485397338867
2011-09-26,21.97378158569336
2011-09-27,22.978246688842773
2011-09-28,22.31837272644043
2011-09-29,22.846269607543945
2011-09-30,22.5310001373291
2011-10-03,21.39455795288086
2011-10-04,23.190872192382812
2011-10-05,22.824281692504883
2011-10-06,23.491479873657227
2011-10-07,22.91959571838379
2011-10-10,23.89474105834961
2011-10-11,24.195354461669922
2011-10-12,24.708581924438477
2011-10-13,24.56927490234375
2011-10-14,24.877212524414062
2011-10-17,23.865402221679688
2011-10-18,24.913877487182617
2011-10-19,24.7525691986084
2011-10-20,24.671920776367188
2011-10-21,25.588401794433594
2011-10-24,26.24829864501953
2011-10-25,25.463768005371094
2011-10-26,25.566415786743164
2011-10-27,27.308574676513672
2011-10-28,26.91897964477539
2011-10-31,25.8310546875
2011-11-01,24.765165328979492
2011-11-02,25.59581756591797
2011-11-03,27.117464065551758
2011-11-04,26.41176986694336
2011-11-07,26.088327407836914
2011-11-08,26.852821350097656
2011-11-09,25.08125114440918
2011-11-10,26.13978385925293
2011-11-11,24.155044555664062
2011-11-14,24.162397384643555
2011-11-15,24.280012130737305
2011-11-16,24.08153533935547
2011-11-17,24.015377044677734
2011-11-18,24.06684112548828
2011-11-21,23.640483856201172
2011-11-22,23.853662490844727
2011-11-23,23.258241653442383
2011-11-25,22.618711471557617
2011-11-28,23.265586853027344
2011-11-29,23.045059204101562
2011-11-30,24.382915496826172
2011-12-01,24.05213165283203
2011-12-02,24.00067138671875
2011-12-05,24.427026748657227
2011-12-06,24.382915496826172
2011-12-07,24.250608444213867
2011-12-08,23.30968475341797
2011-12-09,23.625776290893555
2011-12-12,23.074464797973633
2011-12-13,22.559906005859375
2011-12-14,22.067394256591797
2011-12-15,22.604007720947266
2011-12-16,22.39082908630371
2011-12-19,21.76599884033203
2011-12-20,23.02300453186035
2011-12-21,22.84658432006836
2011-12-22,23.015657424926758
2011-12-23,22.839235305786133
2011-12-27,23.29498863220215
2011-12-28,22.80247688293457
2011-12-29,23.177370071411133
2011-12-30,23.103870391845703
2012-01-03,23.58167839050293
2012-01-04,23.317041397094727
2012-01-05,23.32439422607422
2012-01-06,23.29498863220215
2012-01-09,23.081809997558594
2012-01-10,23.368499755859375
2012-01-11,23.42730712890625
2012-01-12,23.36115074157715
2012-01-13,22.927448272705078
2012-01-17,22.787784576416016
2012-01-18,23.258241653442383
2012-01-19,23.20677947998047
2012-01-20,23.55961799621582
2012-01-23,23.48611831665039
2012-01-24,23.684589385986328
2012-01-25,24.08153533935547
2012-01-26,24.06684112548828
2012-01-27,24.272666931152344
2012-01-30,24.21385383605957
2012-01-31,24.22854995727539
2012-02-01,25.00038719177246
2012-02-02,24.830873489379883
2012-02-03,24.897216796875
2012-02-06,24.48447036743164
2012-02-07,24.506576538085938
2012-02-08,24.359167098999023
2012-02-09,24.55080223083496
2012-02-10,23.563167572021484
2012-02-13,23.725318908691406
2012-02-14,23.39365577697754
2012-02-15,23.305206298828125
2012-02-16,23.511577606201172
2012-02-17,23.319948196411133
2012-02-21,23.334678649902344
2012-02-22,23.305206298828125
2012-02-23,23.45261001586914
2012-02-24,23.356796264648438
2012-02-27,23.039871215820312
2012-02-28,23.0472412109375
2012-02-29,22.862977981567383
2012-03-01,22.612382888793945
2012-03-02,22.40601921081543
2012-03-05,22.509201049804688
2012-03-06,22.523948669433594
2012-03-07,22.605016708374023
2012-03-08,23.010387420654297
2012-03-09,23.327316284179688
2012-03-12,23.36417007446289
2012-03-13,23.85798454284668
2012-03-14,23.41576385498047
2012-03-15,23.600019454956055
2012-03-16,23.47472381591797
2012-03-19,23.710573196411133
2012-03-20,23.459976196289062
2012-03-21,23.459976196289062
2012-03-22,23.40839958190918
2012-03-23,23.70321273803711
2012-03-26,24.09383773803711
2012-03-27,23.607393264770508
2012-03-28,23.46735191345215
2012-03-29,23.518945693969727
2012-03-30,23.319948196411133
2012-04-02,23.46735191345215
2012-04-03,23.202016830444336
2012-04-04,22.89246368408203
2012-04-05,22.767168045043945
2012-04-09,22.671356201171875
2012-04-10,22.214384078979492
2012-04-11,22.63449478149414
2012-04-12,22.966167449951172
2012-04-13,22.568159103393555
2012-04-16,22.870349884033203
2012-04-17,23.143049240112305
2012-04-18,22.78927993774414
2012-04-19,22.722936630249023
2012-04-20,22.523948669433594
2012-04-23,21.794267654418945
2012-04-24,21.963788986206055
2012-04-25,22.214384078979492
2012-04-26,22.221773147583008
2012-04-27,22.406591415405273
2012-04-30,22.177427291870117
2012-05-01,22.12567710876465
2012-05-02,22.221773147583008
2012-05-03,22.17003631591797
2012-05-04,22.022184371948242
2012-05-07,22.18482208251953
2012-05-08,22.384410858154297
2012-05-09,22.147851943969727
2012-05-10,22.229175567626953
2012-05-11,22.206995010375977
2012-05-14,22.362234115600586
2012-05-15,22.288305282592773
2012-05-16,22.177427291870117
2012-05-17,22.162641525268555
2012-05-18,22.066532135009766
2012-05-21,22.288305282592773
2012-05-22,21.91128921508789
2012-05-23,22.199602127075195
2012-05-24,22.317882537841797
2012-05-25,22.236562728881836
2012-05-29,22.524871826171875
2012-05-30,22.162641525268555
2012-05-31,22.266130447387695
2012-06-01,22.17003631591797
2012-06-04,22.12567710876465
2012-06-05,22.022184371948242
2012-06-06,22.495298385620117
2012-06-07,22.569225311279297
2012-06-08,22.85015106201172
2012-06-11,22.118282318115234
2012-06-12,22.458335876464844
2012-06-13,22.2513484954834
2012-06-14,22.3030948638916
2012-06-15,23.153223037719727
2012-06-18,23.19759178161621
2012-06-19,23.715059280395508
2012-06-20,23.81855583190918
2012-06-21,22.872318267822266
2012-06-22,23.19759178161621
2012-06-25,22.657936096191406
2012-06-26,22.613588333129883
2012-06-27,23.286296844482422
2012-06-28,23.456321716308594
2012-06-29,24.018150329589844
2012-07-02,24.04771614074707
2012-07-03,24.239919662475586
2012-07-05,23.8776912689209
2012-07-06,23.589384078979492
2012-07-09,23.456321716308594
2012-07-10,23.19019889831543
2012-07-11,23.234542846679688
2012-07-12,23.286296844482422
2012-07-13,23.825950622558594
2012-07-16,23.330646514892578
2012-07-17,23.34543228149414
2012-07-18,23.44892692565918
2012-07-19,23.382394790649414
2012-07-20,21.408611297607422
2012-07-23,21.25337028503418
2012-07-24,21.105514526367188
2012-07-25,21.290332794189453
2012-07-26,21.41638946533203
2012-07-27,22.017061233520508
2012-07-30,21.7426815032959
2012-07-31,21.50538444519043
2012-08-01,21.030778884887695
2012-08-02,21.02336311340332
2012-08-03,21.6240291595459
2012-08-06,21.6240291595459
2012-08-07,21.89099884033203
2012-08-08,22.00965118408203
2012-08-09,22.291433334350586
2012-08-10,22.15053367614746
2012-08-13,22.054140090942383
2012-08-14,21.920652389526367
2012-08-15,22.0986270904541
2012-08-16,22.395252227783203
2012-08-17,22.721548080444336
2012-08-20,22.751211166381836
2012-08-21,22.92918586730957
2012-08-22,22.78829002380371
2012-08-23,22.313690185546875
2012-08-24,22.202455520629883
2012-08-27,21.913238525390625
2012-08-28,22.106048583984375
2012-08-29,22.0986270904541
2012-08-30,22.0986270904541
2012-08-31,22.195035934448242
2012-09-04,22.343345642089844
2012-09-05,21.950313568115234
2012-09-06,22.321102142333984
2012-09-07,22.269195556640625
2012-09-10,22.321102142333984
2012-09-11,22.46200180053711
2012-09-12,22.610315322875977
2012-09-13,22.906936645507812
2012-09-14,23.136825561523438
2012-09-17,23.077503204345703
2012-09-18,23.22580909729004
2012-09-19,23.040420532226562
2012-09-20,22.862451553344727
2012-09-21,22.840192794799805
2012-09-24,22.632556915283203
2012-09-25,22.395252227783203
2012-09-26,22.469411849975586
2012-09-27,22.58064842224121
2012-09-28,22.113462448120117
2012-10-01,21.861330032348633
2012-10-02,21.942907333374023
2012-10-03,21.913238525390625
2012-10-04,21.898408889770508
2012-10-05,21.85391616821289
2012-10-08,21.89099884033203
2012-10-09,21.616615295410156
2012-10-10,21.653696060180664
2012-10-11,21.646276473999023
2012-10-12,21.60178565979004
2012-10-15,21.868749618530273
2012-10-16,21.957738876342773
2012-10-17,22.291433334350586
2012-10-18,22.335927963256836
2012-10-19,21.564708709716797
2012-10-22,21.60919761657715
2012-10-23,21.371902465820312
2012-10-24,21.216171264648438
2012-10-25,21.564708709716797
2012-10-26,21.26066780090332
2012-10-31,21.334823608398438
2012-11-01,22.12087059020996
2012-11-02,21.41638946533203
2012-11-05,21.690771102905273
2012-11-06,22.068973541259766
2012-11-07,21.438634872436523
2012-11-08,21.41638946533203
2012-11-09,21.379314422607422
2012-11-12,21.371902465820312
2012-11-13,21.09752082824707
2012-11-14,20.949207305908203
2012-11-15,21.03820037841797
2012-11-16,20.852800369262695
2012-11-19,21.408979415893555
2012-11-20,21.171676635742188
2012-11-21,21.156789779663086
2012-11-23,21.72980308532715
2012-11-26,21.94561004638672
2012-11-27,21.900964736938477
2012-11-28,21.79677963256836
2012-11-29,22.34746551513672
2012-11-30,22.511186599731445
2012-12-03,22.816299438476562
2012-12-04,22.94280242919922
2012-12-05,23.2255916595459
2012-12-06,23.40418815612793
2012-12-07,23.605113983154297
2012-12-10,24.021848678588867
2012-12-11,24.43114471435547
2012-12-12,24.26742935180664
2012-12-13,24.126041412353516
2012-12-14,24.05162239074707
2012-12-17,24.237661361694336
2012-12-18,24.237661361694336
2012-12-19,24.08882713317871
2012-12-20,24.48324203491211
2012-12-21,24.155807495117188
2012-12-24,23.843250274658203
2012-12-26,23.791154861450195
2012-12-27,23.73906707763672
2012-12-28,23.493494033813477
2012-12-31,23.887901306152344
2013-01-02,24.34185028076172
2013-01-03,24.47579574584961
2013-01-04,24.73625373840332
2013-01-07,24.46836280822754
2013-01-08,24.386499404907227
2013-01-09,24.579980850219727
2013-01-10,24.766019821166992
2013-01-11,24.498123168945312
2013-01-14,24.557659149169922
2013-01-15,24.579980850219727
2013-01-16,24.4162654876709
2013-01-17,25.033926010131836
2013-01-18,23.694416046142578
2013-01-22,24.550214767456055
2013-01-23,24.52045249938965
2013-01-24,24.408479690551758
2013-01-25,24.0427303314209
2013-01-28,24.445802688598633
2013-01-29,24.505517959594727
2013-01-30,24.303983688354492
2013-01-31,24.453271865844727
2013-02-01,24.311450958251953
2013-02-04,23.975553512573242
2013-02-05,23.983013153076172
2013-02-06,23.93076515197754
2013-02-07,23.818798065185547
2013-02-08,23.856115341186523
2013-02-11,23.88597297668457
2013-02-12,24.16963005065918
2013-02-13,24.251733779907227
2013-02-14,24.072587966918945
2013-02-15,24.35623550415039
2013-02-19,25.00562858581543
2013-02-20,24.58762550354004
2013-02-21,25.169843673706055
2013-02-22,25.199705123901367
2013-02-25,24.386089324951172
2013-02-26,24.662267684936523
2013-02-27,24.7518367767334
2013-02-28,24.632415771484375
2013-03-01,24.6921329498291
2013-03-04,24.774234771728516
2013-03-05,25.139989852905273
2013-03-06,24.92351722717285
2013-03-07,25.117597579956055
2013-03-08,25.78938865661621
2013-03-11,25.341529846191406
2013-03-12,25.684885025024414
2013-03-13,25.796857833862305
2013-03-14,26.289501190185547
2013-03-15,25.684885025024414
2013-03-18,25.752063751220703
2013-03-19,25.82670783996582
2013-03-20,26.237262725830078
2013-03-21,25.923751831054688
2013-03-22,25.97599983215332
2013-03-25,25.990924835205078
2013-03-26,26.013317108154297
2013-03-27,25.78938865661621
2013-03-28,26.065568923950195
2013-04-01,25.41617202758789
2013-04-02,25.132526397705078
2013-04-03,24.878738403320312
2013-04-04,24.92351722717285
2013-04-05,25.16238021850586
2013-04-08,25.28181266784668
2013-04-09,25.26688575744629
2013-04-10,25.901355743408203
2013-04-11,25.886432647705078
2013-04-12,26.050636291503906
2013-04-15,25.087739944458008
2013-04-16,25.334064483642578
2013-04-17,24.97577667236328
2013-04-18,24.878738403320312
2013-04-19,25.25196075439453
2013-04-22,25.22209358215332
2013-04-23,25.57292366027832
2013-04-24,26.11035919189453
2013-04-25,26.581954956054688
2013-04-26,26.6867618560791
2013-04-29,26.96373748779297
2013-04-30,27.555118560791016
2013-05-01,27.173328399658203
2013-05-02,27.577564239501953
2013-05-03,28.273744583129883
2013-05-06,28.303682327270508
2013-05-07,28.752824783325195
2013-05-08,29.08969497680664
2013-05-09,28.977413177490234
2013-05-10,29.32174301147461
2013-05-13,28.58066749572754
2013-05-14,28.820194244384766
2013-05-15,28.939979553222656
2013-05-16,28.603120803833008
2013-05-17,28.902544021606445
2013-05-20,28.865121841430664
2013-05-21,28.797752380371094
2013-05-22,28.43843650817871
2013-05-23,28.498323440551758
2013-05-24,28.603120803833008
2013-05-28,29.044780731201172
2013-05-29,29.007347106933594
2013-05-30,28.692943572998047
2013-05-31,28.70792579650879
2013-06-03,28.752824783325195
2013-06-04,28.543241500854492
2013-06-05,28.13152313232422
2013-06-06,28.296192169189453
2013-06-07,28.445911407470703
2013-06-10,28.715410232543945
2013-06-11,28.445911407470703
2013-06-12,28.22882843017578
2013-06-13,28.827686309814453
2013-06-14,28.213851928710938
2013-06-17,28.498323440551758
2013-06-18,28.77528953552246
2013-06-19,28.10157012939453
2013-06-20,27.592546463012695
2013-06-21,27.98928451538086
2013-06-24,28.109054565429688
2013-06-25,28.004255294799805
2013-06-26,27.79466438293457
2013-06-27,27.929397583007812
2013-06-28,28.221342086791992
2013-07-01,28.999860763549805
2013-07-02,29.097177505493164
2013-07-03,29.276840209960938
2013-07-05,29.651121139526367
2013-07-08,29.478961944580078
2013-07-09,29.50141143798828
2013-07-10,29.35918617248535
2013-07-11,29.531354904174805
2013-07-12,29.46398162841797
2013-07-15,29.56878089904785
2013-07-16,29.845767974853516
2013-07-17,29.853242874145508
2013-07-18,29.853242874145508
2013-07-19,29.808326721191406
2013-07-22,29.12712287902832
2013-07-23,28.947452545166016
2013-07-24,28.954952239990234
2013-07-25,29.435283660888672
2013-07-26,29.195117950439453
2013-07-29,29.08254051208496
2013-07-30,28.977468490600586
2013-07-31,29.029993057250977
2013-08-01,30.058208465576172
2013-08-02,30.050703048706055
2013-08-05,29.9531307220459
2013-08-06,29.810537338256836
2013-08-07,29.525341033935547
2013-08-08,29.615400314331055
2013-08-09,29.675445556640625
2013-08-12,29.705472946166992
2013-08-13,29.735475540161133
2013-08-14,29.53285026550293
2013-08-15,29.04501724243164
2013-08-16,29.052507400512695
2013-08-19,29.075037002563477
2013-08-20,29.697969436645508
2013-08-21,29.187604904174805
2013-08-22,29.5178279876709
2013-08-23,29.435283660888672
2013-08-26,29.11255645751953
2013-08-27,28.512149810791016
2013-08-28,28.61720848083496
2013-08-29,28.519662857055664
2013-08-30,27.694080352783203
2013-09-03,27.604019165039062
2013-09-04,27.573989868164062
2013-09-05,27.558979034423828
2013-09-06,27.61151885986328
2013-09-09,28.2869815826416
2013-09-10,28.669755935668945
2013-09-11,28.332019805908203
2013-09-12,28.136878967285156
2013-09-13,28.14438247680664
2013-09-16,28.26447105407715
2013-09-17,28.37705421447754
2013-09-18,28.392053604125977
2013-09-19,28.347034454345703
2013-09-20,28.294506072998047
2013-09-23,28.3170108795166
2013-09-24,27.814167022705078
2013-09-25,27.739110946655273
2013-09-26,28.226959228515625
2013-09-27,28.309497833251953
2013-09-30,28.579689025878906
2013-10-01,29.142578125
2013-10-02,29.10504722595215
2013-10-03,28.78232765197754
2013-10-04,28.909915924072266
2013-10-07,28.902414321899414
2013-10-08,28.579689025878906
2013-10-09,28.677257537841797
2013-10-10,29.232641220092773
2013-10-11,29.577878952026367
2013-10-14,29.945632934570312
2013-10-15,29.41276741027832
2013-10-16,29.420272827148438
2013-10-17,29.480316162109375
2013-10-18,30.388429641723633
2013-10-21,30.51602554321289
2013-10-22,30.876283645629883
2013-10-23,30.673633575439453
2013-10-24,30.83123779296875
2013-10-25,30.793710708618164
2013-10-28,30.68113899230957
2013-10-29,30.793710708618164
2013-10-30,30.643619537353516
2013-10-31,30.470996856689453
2013-11-01,30.726167678833008
2013-11-04,31.01886749267578
2013-11-05,30.793710708618164
2013-11-06,30.771196365356445
2013-11-07,30.343412399291992
2013-11-08,30.591089248657227
2013-11-11,30.561059951782227
2013-11-12,30.583568572998047
2013-11-13,30.726167678833008
2013-11-14,30.576068878173828
2013-11-15,31.26654052734375
2013-11-18,30.748680114746094
2013-11-19,30.621091842651367
2013-11-20,30.70365333557129
2013-11-21,31.50133514404297
2013-11-22,31.73462677001953
2013-11-25,31.62928581237793
2013-11-26,31.689470291137695
2013-11-27,31.764738082885742
2013-11-29,31.742164611816406
2013-12-02,31.38846778869629
2013-12-03,31.140121459960938
2013-12-04,30.78642463684082
2013-12-05,30.97457504272461
2013-12-06,31.09496307373047
2013-12-09,31.275588989257812
2013-12-10,31.012187957763672
2013-12-11,30.568193435668945
2013-12-12,30.666025161743164
2013-12-13,30.658504486083984
2013-12-16,31.727108001708984
2013-12-17,31.283117294311523
2013-12-18,31.29816246032715
2013-12-19,30.90683937072754
2013-12-20,31.192808151245117
2013-12-23,31.21537971496582
2013-12-24,31.546485900878906
2013-12-26,31.569074630737305
2013-12-27,31.907711029052734
2013-12-30,31.56157112121582
2013-12-31,32.06574630737305
2014-01-02,31.30568504333496
2014-01-03,31.456192016601562
2014-01-06,31.012187957763672
2014-01-07,31.373401641845703
2014-01-08,31.200313568115234
2014-01-09,31.29062843322754
2014-01-10,31.463706970214844
2014-01-13,31.516389846801758
2014-01-14,32.186161041259766
2014-01-15,32.8258171081543
2014-01-16,32.810768127441406
2014-01-17,32.95375061035156
2014-01-21,33.11177444458008
2014-01-22,33.164459228515625
2014-01-23,33.23970413208008
2014-01-24,32.186161041259766
2014-01-27,31.877614974975586
2014-01-28,31.93030548095703
2014-01-29,31.704532623291016
2014-01-30,31.878068923950195
2014-01-31,32.08177185058594
2014-02-03,30.474695205688477
2014-02-04,30.150238037109375
2014-02-05,30.044612884521484
2014-02-06,30.218149185180664
2014-02-07,30.165328979492188
2014-02-10,30.308691024780273
2014-02-11,30.225690841674805
2014-02-12,30.414329528808594
2014-02-13,30.542583465576172
2014-02-14,30.889671325683594
2014-02-18,30.9726505279541
2014-02-19,30.55768585205078
2014-02-20,30.77648162841797
2014-02-21,30.73121452331543
2014-02-24,30.836843490600586
2014-02-25,30.474695205688477
2014-02-26,30.42940902709961
2014-02-27,30.670848846435547
2014-02-28,30.957565307617188
2014-03-03,30.595401763916016
2014-03-04,31.26691436767578
2014-03-05,30.836843490600586
2014-03-06,31.42536735534668
2014-03-07,31.26691436767578
2014-03-10,31.123563766479492
2014-03-11,30.821752548217773
2014-03-12,30.670848846435547
2014-03-13,30.263416290283203
2014-03-14,30.0596981048584
2014-03-17,30.36150360107422
2014-03-18,30.821752548217773
2014-03-19,30.57276153564453
2014-03-20,30.64068031311035
2014-03-21,30.58786392211914
2014-03-24,30.474695205688477
2014-03-25,30.550132751464844
2014-03-26,30.406768798828125
2014-03-27,30.46713638305664
2014-03-28,30.444501876831055
2014-03-31,30.79156494140625
2014-04-01,31.017929077148438
2014-04-02,31.500825881958008
2014-04-03,32.45148849487305
2014-04-04,31.938432693481445
2014-04-07,31.696985244750977
2014-04-08,31.893156051635742
2014-04-09,32.45148849487305
2014-04-10,32.33831787109375
2014-04-11,31.67435073852539
2014-04-14,31.432903289794922
2014-04-15,31.4857177734375
2014-04-16,31.523447036743164
2014-04-17,31.772430419921875
2014-04-21,31.56871795654297
2014-04-22,31.440448760986328
2014-04-23,31.123563766479492
2014-04-24,31.06303596496582
2014-04-25,30.783119201660156
2014-04-28,30.66208267211914
2014-04-29,30.450246810913086
2014-04-30,30.525903701782227
2014-05-01,30.344341278076172
2014-05-02,30.344341278076172
2014-05-05,30.33676528930664
2014-05-06,30.268680572509766
2014-05-07,30.412429809570312
2014-05-08,30.329200744628906
2014-05-09,30.760419845581055
2014-05-12,31.471553802490234
2014-05-13,31.032785415649414
2014-05-14,30.450246810913086
2014-05-15,30.321640014648438
2014-05-16,30.5788516998291
2014-05-19,30.707475662231445
2014-05-20,30.170333862304688
2014-05-21,30.193023681640625
2014-05-22,30.2913761138916
2014-05-23,30.518333435058594
2014-05-27,30.836076736450195
2014-05-28,30.66208267211914
2014-05-29,30.828506469726562
2014-05-30,31.01764488220215
2014-06-02,30.571298599243164
2014-06-03,30.14006805419922
2014-06-04,30.185455322265625
2014-06-05,30.798254013061523
2014-06-06,30.669633865356445
2014-06-09,30.926860809326172
2014-06-10,30.73016929626465
2014-06-11,30.571298599243164
2014-06-12,30.525903701782227
2014-06-13,30.344341278076172
2014-06-16,30.245986938476562
2014-06-17,30.38216209411621
2014-06-18,30.488073348999023
2014-06-19,30.556167602539062
2014-06-20,30.548601150512695
2014-06-23,30.548601150512695
2014-06-24,30.283811569213867
2014-06-25,30.5788516998291
2014-06-26,30.75286102294922
2014-06-27,31.486692428588867
2014-06-30,31.4488582611084
2014-07-01,32.1297492980957
2014-07-02,31.98600196838379
2014-07-03,32.364261627197266
2014-07-07,32.32643127441406
2014-07-08,32.25834655761719
2014-07-09,32.32643127441406
2014-07-10,32.20539474487305
2014-07-11,31.766613006591797
2014-07-14,31.902780532836914
2014-07-15,31.690963745117188
2014-07-16,31.811996459960938
2014-07-17,31.403474807739258
2014-07-18,32.6290397644043
2014-07-21,32.659297943115234
2014-07-22,33.23427963256836
2014-07-23,33.45366287231445
2014-07-24,33.02137756347656
2014-07-25,32.915199279785156
2014-07-28,32.953102111816406
2014-07-29,33.28680419921875
2014-07-30,33.279232025146484
2014-07-31,32.98344039916992
2014-08-01,32.75592803955078
2014-08-04,32.937931060791016
2014-08-05,33.12754821777344
2014-08-06,33.23372268676758
2014-08-07,33.10478973388672
2014-08-08,33.19580078125
2014-08-11,33.62051773071289
2014-08-12,33.63566970825195
2014-08-13,33.87078857421875
2014-08-14,33.89353942871094
2014-08-15,34.37135314941406
2014-08-18,34.796058654785156
2014-08-19,35.031158447265625
2014-08-20,35.084259033203125
2014-08-21,35.289039611816406
2014-08-22,35.11459732055664
2014-08-25,35.1828498840332
2014-08-26,35.190433502197266
2014-08-27,35.008399963378906
2014-08-28,34.87189483642578
2014-08-29,35.000831604003906
2014-09-02,34.99323654174805
2014-09-03,35.0766716003418
2014-09-04,35.031158447265625
2014-09-05,35.09941482543945
2014-09-08,35.493797302246094
2014-09-09,35.357276916503906
2014-09-10,35.75925064086914
2014-09-11,35.85783386230469
2014-09-12,35.425540924072266
2014-09-15,35.554473876953125
2014-09-16,35.78200149536133
2014-09-17,35.72890090942383
2014-09-18,35.175270080566406
2014-09-19,34.1817512512207
2014-09-22,33.65843200683594
2014-09-23,33.9011344909668
2014-09-24,33.931461334228516
2014-09-25,33.825294494628906
2014-09-26,33.89353942871094
2014-09-29,33.73428726196289
2014-09-30,33.28680419921875
2014-10-01,32.68008041381836
2014-10-02,32.953102111816406
2014-10-03,32.85451889038086
2014-10-06,32.75592803955078
2014-10-07,32.551143646240234
2014-10-08,32.604244232177734
2014-10-09,31.769977569580078
2014-10-10,31.42111587524414
2014-10-13,31.368022918701172
2014-10-14,31.747230529785156
2014-10-15,32.37672805786133
2014-10-16,32.86209487915039
2014-10-17,32.49806213378906
2014-10-20,32.846923828125
2014-10-21,33.30197525024414
2014-10-22,32.83176040649414
2014-10-23,33.355072021484375
2014-10-24,33.4309196472168
2014-10-27,33.38541030883789
2014-10-28,34.46235656738281
2014-10-29,34.242401123046875
2014-10-30,34.386512756347656
2014-10-31,34.94773864746094
2014-11-03,34.84157180786133
2014-11-04,34.43202590942383
2014-11-05,34.985660552978516
2014-11-06,35.16767883300781
2014-11-07,35.069091796875
2014-11-10,35.30418395996094
2014-11-11,35.023582458496094
2014-11-12,34.978084564208984
2014-11-13,34.84914779663086
2014-11-14,36.138465881347656
2014-11-17,35.40279769897461
2014-11-18,35.64548873901367
2014-11-19,35.50139617919922
2014-11-20,35.67630386352539
2014-11-21,35.64588165283203
2014-11-24,35.71432113647461
2014-11-25,36.094581604003906
2014-11-26,35.91206741333008
2014-11-28,35.03744888305664
2014-12-01,35.20478439331055
2014-12-02,35.73714828491211
2014-12-03,35.706729888916016
2014-12-04,35.91966247558594
2014-12-05,36.12501525878906
2014-12-08,35.56222152709961
2014-12-09,36.42922592163086
2014-12-10,35.585044860839844
2014-12-11,35.55462646484375
2014-12-12,34.7636604309082
2014-12-15,34.565940856933594
2014-12-16,34.512691497802734
2014-12-17,35.379695892333984
2014-12-18,35.82840347290039
2014-12-19,35.77517318725586
2014-12-22,36.39120101928711
2014-12-23,36.733428955078125
2014-12-24,36.99201202392578
2014-12-26,37.43312072753906
2014-12-29,37.51678466796875
2014-12-30,37.273414611816406
2014-12-31,37.01483154296875
2015-01-02,36.61174774169922
2015-01-05,36.17825698852539
2015-01-06,35.3949089050293
2015-01-07,35.56983184814453
2015-01-08,36.185855865478516
2015-01-09,35.88924026489258
2015-01-12,35.615455627441406
2015-01-13,35.98812484741211
2015-01-14,35.455745697021484
2015-01-15,34.72563934326172
2015-01-16,35.2199821472168
2015-01-20,34.46707534790039
2015-01-21,34.01836395263672
2015-01-22,34.86254119873047
2015-01-23,35.88924026489258
2015-01-26,36.44442367553711
2015-01-27,35.98812484741211
2015-01-28,35.60026168823242
2015-01-29,35.95869064331055
2015-01-30,35.33332443237305
2015-02-02,35.31806945800781
2015-02-03,36.66795349121094
2015-02-04,36.263755798339844
2015-02-05,36.54593276977539
2015-02-06,36.34764862060547
2015-02-09,36.52305221557617
2015-02-10,36.80522918701172
2015-02-11,36.942508697509766
2015-02-12,36.911991119384766
2015-02-13,37.468727111816406
2015-02-17,37.171295166015625
2015-02-18,37.33144760131836
2015-02-19,37.04164123535156
2015-02-20,37.056915283203125
2015-02-23,37.026390075683594
2015-02-24,36.98826599121094
2015-02-25,36.72895812988281
2015-02-26,36.995872497558594
2015-02-27,36.889122009277344
2015-03-02,36.80522918701172
2015-03-03,36.5764274597168
2015-03-04,36.22562789916992
2015-03-05,36.1417236328125
2015-03-06,35.356197357177734
2015-03-09,35.8214225769043
2015-03-10,35.676509857177734
2015-03-11,36.0120735168457
2015-03-12,37.163673400878906
2015-03-13,37.4229621887207
2015-03-16,37.81954574584961
2015-03-17,38.13984298706055
2015-03-18,38.50593948364258
2015-03-19,38.1932373046875
2015-03-20,38.925376892089844
2015-03-23,39.27619934082031
2015-03-24,39.87104415893555
2015-03-25,38.994022369384766
2015-03-26,39.085540771484375
2015-03-27,39.337223052978516
2015-03-30,39.7337760925293
2015-03-31,39.28382110595703
2015-04-01,39.34483337402344
2015-04-02,39.382957458496094
2015-04-06,39.665138244628906
2015-04-07,39.16180419921875
2015-04-08,39.390594482421875
2015-04-09,39.32195281982422
2015-04-10,39.039772033691406
2015-04-13,38.78047180175781
2015-04-14,38.46015930175781
2015-04-15,38.78047180175781
2015-04-16,38.78047180175781
2015-04-17,38.03308868408203
2015-04-20,38.57457733154297
2015-04-21,38.63556671142578
2015-04-22,38.69658279418945
2015-04-23,38.89487838745117
2015-04-24,38.74233627319336
2015-04-27,38.643192291259766
2015-04-28,39.245697021484375
2015-04-29,38.330509185791016
2015-04-30,37.10710144042969
2015-05-01,37.19888687133789
2015-05-04,36.89302444458008
2015-05-05,36.62540817260742
2015-05-06,37.0153694152832
2015-05-07,37.183597564697266
2015-05-08,37.16828536987305
2015-05-11,37.16828536987305
2015-05-12,37.09947204589844
2015-05-13,37.06890106201172
2015-05-14,37.6652946472168
2015-05-15,37.313568115234375
2015-05-18,37.88703536987305
2015-05-19,38.44520950317383
2015-05-20,38.43756866455078
2015-05-21,38.78928756713867
2015-05-22,38.575199127197266
2015-05-26,37.8564567565918
2015-05-27,38.10112762451172
2015-05-28,38.4681396484375
2015-05-29,37.96350860595703
2015-06-01,38.27699661254883
2015-06-02,38.68224334716797
2015-06-03,39.37040328979492
2015-06-04,38.88869094848633
2015-06-05,39.16395568847656
2015-06-08,38.911624908447266
2015-06-09,39.09514236450195
2015-06-10,39.951515197753906
2015-06-11,39.89036178588867
2015-06-12,39.752716064453125
2015-06-15,39.81387710571289
2015-06-16,40.41795349121094
2015-06-17,41.29724884033203
2015-06-18,41.80189514160156
2015-06-19,41.66427230834961
2015-06-22,41.52663803100586
2015-06-23,42.107757568359375
2015-06-24,41.97776794433594
2015-06-25,41.79425811767578
2015-06-26,41.572505950927734
2015-06-29,40.52498245239258
2015-06-30,40.63203811645508
2015-07-01,41.396644592285156
2015-07-02,41.075504302978516
2015-07-06,40.693199157714844
2015-07-07,40.57086181640625
2015-07-08,40.67026901245117
2015-07-09,40.112091064453125
2015-07-10,41.473114013671875
2015-07-13,41.54194641113281
2015-07-14,41.62602996826172
2015-07-15,41.4043083190918
2015-07-16,41.32783889770508
2015-07-17,41.62602996826172
2015-07-20,41.259029388427734
2015-07-21,41.083168029785156
2015-07-22,41.572505950927734
2015-07-23,40.85376739501953
2015-07-24,40.64732360839844
2015-07-27,40.30323028564453
2015-07-28,40.6243782043457
2015-07-29,40.73143768310547
2015-07-30,40.808074951171875
2015-07-31,41.275638580322266
2015-08-03,41.283302307128906
2015-08-04,41.130008697509766
2015-08-05,41.19899368286133
2015-08-06,40.80040740966797
2015-08-07,40.72376251220703
2015-08-10,41.01502990722656
2015-08-11,40.992027282714844
2015-08-12,40.486148834228516
2015-08-13,40.532142639160156
2015-08-14,40.90007400512695
2015-08-17,41.31396484375
2015-08-18,41.19133758544922
2015-08-19,40.8770637512207
2015-08-20,40.56281280517578
2015-08-21,39.8882942199707
2015-08-24,38.1176872253418
2015-08-25,37.56581115722656
2015-08-26,38.28632736206055
2015-08-27,38.899505615234375
2015-08-28,38.80754089355469
2015-08-31,38.922508239746094
2015-09-01,38.0180549621582
2015-09-02,38.677223205566406
2015-09-03,38.684906005859375
2015-09-04,38.4856071472168
2015-09-08,39.528045654296875
2015-09-09,39.02215576171875
2015-09-10,38.96083068847656
2015-09-11,39.00681686401367
2015-09-14,38.54692077636719
2015-09-15,39.16779327392578
2015-09-16,39.76565170288086
2015-09-17,39.8806266784668
2015-09-18,39.413047790527344
2015-09-21,38.470279693603516
2015-09-22,38.12534713745117
2015-09-23,37.89542007446289
2015-09-24,37.949066162109375
2015-09-25,37.857086181640625
2015-09-28,37.320533752441406
2015-09-29,37.11357498168945
2015-09-30,37.535152435302734
2015-10-01,37.558143615722656
2015-10-02,38.025699615478516
2015-10-05,39.29808807373047
2015-10-06,38.71555709838867
2015-10-07,39.09879684448242
2015-10-08,40.194889068603516
2015-10-09,40.486148834228516
2015-10-12,40.96904754638672
2015-10-13,40.90007400512695
2015-10-14,40.58579635620117
2015-10-15,41.57456970214844
2015-10-16,41.75087356567383
2015-10-19,42.45603561401367
2015-10-20,42.670650482177734
2015-10-21,42.095794677734375
2015-10-22,42.747318267822266
2015-10-23,43.19187927246094
2015-10-26,43.52912521362305
2015-10-27,43.498477935791016
2015-10-28,44.402950286865234
2015-10-29,44.26495361328125
2015-10-30,44.2496337890625
2015-11-02,45.14643478393555
2015-11-03,44.37993621826172
2015-11-04,43.46013641357422
2015-11-05,43.35283660888672
2015-11-06,43.690086364746094
2015-11-09,43.29917526245117
2015-11-10,43.85105514526367
2015-11-11,44.211307525634766
2015-11-12,43.39882278442383
2015-11-13,42.79330825805664
2015-11-16,42.90060043334961
2015-11-17,43.4754638671875
2015-11-18,44.45658874511719
2015-11-19,44.54111099243164
2015-11-20,45.08674240112305
2015-11-23,45.60929870605469
2015-11-24,46.108821868896484
2015-11-25,45.90901184082031
2015-11-27,46.43157958984375
2015-11-30,45.96281051635742
2015-12-01,46.339359283447266
2015-12-02,46.10112762451172
2015-12-03,45.071372985839844
2015-12-04,45.11747741699219
2015-12-07,44.11077117919922
2015-12-08,43.534420013427734
2015-12-09,42.904266357421875
2015-12-10,42.689090728759766
2015-12-11,42.258724212646484
2015-12-14,42.005149841308594
2015-12-15,42.458534240722656
2015-12-16,42.489288330078125
2015-12-17,41.62857437133789
2015-12-18,40.93693923950195
2015-12-21,41.85143280029297
2015-12-22,42.573814392089844
2015-12-23,42.38169479370117
2015-12-24,42.25105285644531
2015-12-28,42.27409744262695
2015-12-29,42.550750732421875
2015-12-30,42.0205078125
2015-12-31,41.07527160644531
2016-01-04,39.45378494262695
2016-01-05,40.352901458740234
2016-01-06,39.6766357421875
2016-01-07,39.138702392578125
2016-01-08,38.285675048828125
2016-01-11,38.16273880004883
2016-01-12,38.77750778198242
2016-01-13,37.68627166748047
2016-01-14,37.41730880737305
2016-01-15,37.20212936401367
2016-01-19,37.394248962402344
2016-01-20,37.97060775756836
2016-01-21,37.07149124145508
2016-01-22,37.724700927734375
2016-01-25,37.03306579589844
2016-01-26,37.91682052612305
2016-01-27,37.09454345703125
2016-01-28,37.22559356689453
2016-01-29,38.47441864013672
2016-02-01,38.0504264831543
2016-02-02,36.95579147338867
2016-02-03,36.77077865600586
2016-02-04,36.7091178894043
2016-02-05,35.99989318847656
2016-02-08,36.924949645996094
2016-02-09,36.40846633911133
2016-02-10,35.953643798828125
2016-02-11,36.208045959472656
2016-02-12,36.77077865600586
2016-02-16,36.56264114379883
2016-02-17,37.109962463378906
2016-02-18,36.63201904296875
2016-02-19,36.64743423461914
2016-02-22,37.248722076416016
2016-02-23,36.59347915649414
2016-02-24,36.51637649536133
2016-02-25,36.177207946777344
2016-02-26,36.37763214111328
2016-02-29,36.51637649536133
2016-03-01,37.23330307006836
2016-03-02,37.248722076416016
2016-03-03,37.934791564941406
2016-03-04,38.11979293823242
2016-03-07,38.46670150756836
2016-03-08,37.3720703125
2016-03-09,37.79604721069336
2016-03-10,37.75749969482422
2016-03-11,37.87312698364258
2016-03-14,37.3720703125
2016-03-15,37.30268096923828
2016-03-16,37.53394317626953
2016-03-17,38.335655212402344
2016-03-18,38.505245208740234
2016-03-21,38.451290130615234
2016-03-22,38.636287689208984
2016-03-23,38.25086212158203
2016-03-24,37.826866149902344
2016-03-28,37.96563720703125
2016-03-29,39.26069641113281
2016-03-30,39.53821563720703
2016-03-31,39.67698287963867
2016-04-01,40.26283645629883
2016-04-04,39.50739288330078
2016-04-05,38.9677734375
2016-04-06,38.79817581176758
2016-04-07,38.520668029785156
2016-04-08,38.55149841308594
2016-04-11,38.443580627441406
2016-04-12,38.405033111572266
2016-04-13,39.81573486328125
2016-04-14,39.29153823852539
2016-04-15,39.237579345703125
2016-04-18,39.50739288330078
2016-04-19,39.76179122924805
2016-04-20,39.62302017211914
2016-04-21,39.57676315307617
2016-04-22,39.87739944458008
2016-04-25,39.90825271606445
2016-04-26,40.170345306396484
2016-04-27,39.607608795166016
2016-04-28,38.78034973144531
2016-04-29,40.697715759277344
2016-05-02,40.643611907958984
2016-05-03,40.349815368652344
2016-05-04,40.427127838134766
2016-05-05,39.909114837646484
2016-05-06,40.46577453613281
2016-05-09,40.51216125488281
2016-05-10,40.952857971191406
2016-05-11,40.48896408081055
2016-05-12,40.543094635009766
2016-05-13,40.11786651611328
2016-05-16,40.4039192199707
2016-05-17,39.398860931396484
2016-05-18,39.72356414794922
2016-05-19,39.2751579284668
2016-05-20,39.947784423828125
2016-05-23,39.51483154296875
2016-05-24,41.11520767211914
2016-05-25,41.262115478515625
2016-05-26,41.8110237121582
2016-05-27,42.35994338989258
2016-05-31,42.421810150146484
2016-06-01,42.82383728027344
2016-06-02,42.83929443359375
2016-06-03,42.560970306396484
2016-06-06,42.37541580200195
2016-06-07,42.816104888916016
2016-06-08,43.133094787597656
2016-06-09,43.048038482666016
2016-06-10,42.576438903808594
2016-06-13,42.09709930419922
2016-06-14,42.313560485839844
2016-06-15,42.12802505493164
2016-06-16,42.05844497680664
2016-06-17,41.52497482299805
2016-06-20,42.151206970214844
2016-06-21,42.14348602294922
2016-06-22,41.92699432373047
2016-06-23,42.52230453491211
2016-06-24,41.20798110961914
2016-06-27,40.396202087402344
2016-06-28,40.543094635009766
2016-06-29,41.6718635559082
2016-06-30,43.017120361328125
2016-07-01,43.07123947143555
2016-07-05,43.00165557861328
2016-07-06,43.10988235473633
2016-07-07,43.18719482421875
2016-07-08,44.486080169677734
2016-07-11,44.748931884765625
2016-07-12,45.39836120605469
2016-07-13,45.82358932495117
2016-07-14,45.699886322021484
2016-07-15,45.76172637939453
2016-07-18,45.90863800048828
2016-07-19,45.80040740966797
2016-07-20,46.31838607788086
2016-07-21,45.90863800048828
2016-07-22,46.465293884277344
2016-07-25,46.17149353027344
2016-07-26,46.74361801147461
2016-07-27,47.13792419433594
2016-07-28,46.97517013549805
2016-07-29,46.58763885498047
2016-08-01,46.40161895751953
2016-08-02,45.69633865356445
2016-08-03,45.75059127807617
2016-08-04,45.7350959777832
2016-08-05,46.57988739013672
2016-08-08,46.83565139770508
2016-08-09,46.82014465332031
2016-08-10,46.66513442993164
2016-08-11,47.122413635253906
2016-08-12,47.10690689086914
2016-08-15,47.30841827392578
2016-08-16,47.16891098022461
2016-08-17,47.13016891479492
2016-08-18,47.4866828918457
2016-08-19,47.378173828125
2016-08-22,47.579681396484375
2016-08-23,48.06797409057617
2016-08-24,48.15321350097656
2016-08-25,48.33147430419922
2016-08-26,47.9129524230957
2016-08-29,47.990455627441406
2016-08-30,48.34697341918945
2016-08-31,47.672691345214844
2016-09-01,47.77344512939453
2016-09-02,48.548484802246094
2016-09-06,48.362491607666016
2016-09-07,47.92070770263672
2016-09-08,47.8819580078125
2016-09-09,46.69615173339844
2016-09-12,46.80464553833008
2016-09-13,45.71184158325195
2016-09-14,45.54907989501953
2016-09-15,46.00636291503906
2016-09-16,46.4326286315918
2016-09-19,46.62638854980469
2016-09-20,46.41713333129883
2016-09-21,46.66513442993164
2016-09-22,47.199920654296875
2016-09-23,46.8744010925293
2016-09-26,46.41713333129883
2016-09-27,46.45587921142578
2016-09-28,46.8433952331543
2016-09-29,46.61089324951172
2016-09-30,47.091407775878906
2016-10-03,47.269676208496094
2016-10-04,47.176666259765625
2016-10-05,47.27742385864258
2016-10-06,47.79669952392578
2016-10-07,46.944149017333984
2016-10-10,47.06814956665039
2016-10-11,46.370628356933594
2016-10-12,46.4326286315918
2016-10-13,45.98310852050781
2016-10-14,45.94435501098633
2016-10-17,46.00636291503906
2016-10-18,46.18462371826172
2016-10-19,46.33187484741211
2016-10-20,46.71165466308594
2016-10-21,45.90560531616211
2016-10-24,46.53337860107422
2016-10-25,46.10712432861328
2016-10-26,45.835853576660156
2016-10-27,45.62657928466797
2016-10-28,45.82809829711914
2016-10-31,46.424888610839844
2016-11-01,45.921104431152344
2016-11-02,45.84359359741211
2016-11-03,45.72734451293945
2016-11-04,45.6885871887207
2016-11-07,46.96739959716797
2016-11-08,47.7424430847168
2016-11-09,49.757545471191406
2016-11-10,50.72635269165039
2016-11-11,52.16017532348633
2016-11-14,51.73390579223633
2016-11-15,51.77267074584961
2016-11-16,51.50138854980469
2016-11-17,52.973968505859375
2016-11-18,55.880367279052734
2016-11-21,55.33782958984375
2016-11-22,55.49283981323242
2016-11-23,56.673709869384766
2016-11-25,57.4505729675293
2016-11-28,57.217533111572266
2016-11-29,56.401817321777344
2016-11-30,56.51835250854492
2016-12-01,56.673709869384766
2016-12-02,56.2852783203125
2016-12-05,56.94562530517578
2016-12-06,56.829078674316406
2016-12-07,58.11094284057617
2016-12-08,58.81013107299805
2016-12-09,59.4316520690918
2016-12-12,59.198570251464844
2016-12-13,58.18862533569336
2016-12-14,57.60597229003906
2016-12-15,57.52828598022461
2016-12-16,57.68366241455078
2016-12-19,57.25636291503906
2016-12-20,59.35395050048828
2016-12-21,59.159759521484375
2016-12-22,58.499393463134766
2016-12-23,59.004356384277344
2016-12-27,59.214134216308594
2016-12-28,58.732452392578125
2016-12-29,59.214134216308594
2016-12-30,59.70354080200195
2017-01-03,59.66472244262695
2017-01-04,59.781253814697266
2017-01-05,59.31511688232422
2017-01-06,59.043190002441406
2017-01-09,58.266326904296875
2017-01-10,58.96551513671875
2017-01-11,59.27627944946289
2017-01-12,58.77130126953125
2017-01-13,58.81013107299805
2017-01-17,57.91674041748047
2017-01-18,57.91674041748047
2017-01-19,57.17866516113281
2017-01-20,57.25636291503906
2017-01-23,56.63488006591797
2017-01-24,57.217533111572266
2017-01-25,56.557167053222656
2017-01-26,56.05220031738281
2017-01-27,53.876914978027344
2017-01-30,52.595069885253906
2017-01-31,52.40084457397461
2017-02-01,52.672752380371094
2017-02-02,52.06525802612305
2017-02-03,52.76622009277344
2017-02-06,51.75374221801758
2017-02-07,51.67583084106445
2017-02-08,51.59794235229492
2017-02-09,52.06525802612305
2017-02-10,52.376792907714844
2017-02-13,52.96092224121094
2017-02-14,52.182098388671875
2017-02-15,52.649391174316406
2017-02-16,52.84409713745117
2017-02-17,52.92197799682617
2017-02-21,52.93756866455078
2017-02-22,52.88303756713867
2017-02-23,52.92197799682617
2017-02-24,52.649391174316406
2017-02-27,52.96092224121094
2017-02-28,51.28641891479492
2017-03-01,52.45468521118164
2017-03-02,51.75374221801758
2017-03-03,51.40325164794922
2017-03-06,51.20854187011719
2017-03-07,51.48112869262695
2017-03-08,51.59794235229492
2017-03-09,51.48112869262695
2017-03-10,51.83161544799805
2017-03-13,53.11669158935547
2017-03-14,51.792667388916016
2017-03-15,53.11669158935547
2017-03-16,53.50611114501953
2017-03-17,54.51860427856445
2017-03-20,52.84409713745117
2017-03-21,51.520076751708984
2017-03-22,50.974891662597656
2017-03-23,51.442195892333984
2017-03-24,50.974891662597656
2017-03-27,51.40325164794922
2017-03-28,51.40325164794922
2017-03-29,51.792667388916016
2017-03-30,51.71479034423828
2017-03-31,52.688331604003906
2017-04-03,50.70228576660156
2017-04-04,50.858062744140625
2017-04-05,50.42970657348633
2017-04-06,50.70228576660156
2017-04-07,50.93595504760742
2017-04-10,50.974891662597656
2017-04-11,51.987369537353516
2017-04-12,50.58546829223633
2017-04-13,50.42970657348633
2017-04-17,51.364315032958984
2017-04-18,51.40325164794922
2017-04-19,52.182098388671875
2017-04-20,53.2724609375
2017-04-21,52.61043930053711
2017-04-24,53.81765365600586
2017-04-25,54.362831115722656
2017-04-26,55.29743576049805
2017-04-27,56.52314376831055
2017-04-28,53.51742172241211
2017-05-01,53.4783821105957
2017-05-02,53.12708282470703
2017-05-03,52.268287658691406
2017-05-04,52.5805778503418
2017-05-05,52.424434661865234
2017-05-08,52.11214828491211
2017-05-09,51.99504089355469
2017-05-10,52.034080505371094
2017-05-11,51.48759078979492
2017-05-12,50.745914459228516
2017-05-15,50.51169967651367
2017-05-16,50.04328536987305
2017-05-17,49.770042419433594
2017-05-18,49.535831451416016
2017-05-19,49.49678421020508
2017-05-22,50.19942855834961
2017-05-23,50.08232116699219
2017-05-24,49.73099899291992
2017-05-25,49.770042419433594
2017-05-26,49.84809494018555
2017-05-30,50.1213493347168
2017-05-31,49.770042419433594
2017-06-01,50.58979034423828
2017-06-02,51.17530059814453
2017-06-05,51.253379821777344
2017-06-06,49.770042419433594
2017-06-07,49.65292739868164
2017-06-08,50.8239860534668
2017-06-09,50.90205764770508
2017-06-12,51.682762145996094
2017-06-13,51.097225189208984
2017-06-14,50.8239860534668
2017-06-15,50.745914459228516
2017-06-16,50.3165283203125
2017-06-19,50.3165283203125
2017-06-20,50.1213493347168
2017-06-21,50.04328536987305
2017-06-22,49.49678421020508
2017-06-23,49.34065246582031
2017-06-26,49.02836608886719
2017-06-27,48.28668212890625
2017-06-28,48.520912170410156
2017-06-29,47.74019241333008
2017-06-30,47.81826400756836
2017-07-03,49.145477294921875
2017-07-05,50.58979034423828
2017-07-06,49.92618179321289
2017-07-07,50.39460754394531
2017-07-10,49.887149810791016
2017-07-11,49.92618179321289
2017-07-12,50.0042610168457
2017-07-13,50.0042610168457
2017-07-14,50.16038513183594
2017-07-17,50.23845291137695
2017-07-18,50.16038513183594
2017-07-19,51.17530059814453
2017-07-20,51.21434020996094
2017-07-21,51.097225189208984
2017-07-24,50.58979034423828
2017-07-25,51.097225189208984
2017-07-26,50.706878662109375
2017-07-27,50.448577880859375
2017-07-28,51.700984954833984
2017-07-31,51.309600830078125
2017-08-01,51.46615219116211
2017-08-02,51.03564453125
2017-08-03,50.99650192260742
2017-08-04,51.54443359375
2017-08-07,50.68340301513672
2017-08-08,50.76167297363281
2017-08-09,50.52685546875
2017-08-10,49.82238006591797
2017-08-11,49.35271072387695
2017-08-14,50.40944290161133
2017-08-15,49.3918571472168
2017-08-16,49.548404693603516
2017-08-17,48.21772384643555
2017-08-18,47.20014190673828
2017-08-21,47.20014190673828
2017-08-22,47.70893096923828
2017-08-23,47.20014190673828
2017-08-24,46.69134521484375
2017-08-25,46.65220642089844
2017-08-28,46.49565505981445
2017-08-29,46.41738510131836
2017-08-30,46.613067626953125
2017-08-31,47.161006927490234
2017-09-01,47.20014190673828
2017-09-05,45.98686981201172
2017-09-06,45.752044677734375
2017-09-07,45.47807312011719
2017-09-08,45.47807312011719
2017-09-11,46.18256378173828
2017-09-12,46.53480529785156
2017-09-13,46.53480529785156
2017-09-14,46.065147399902344
2017-09-15,46.65220642089844
2017-09-18,46.69134521484375
2017-09-19,46.65220642089844
2017-09-20,46.926177978515625
2017-09-21,46.926177978515625
2017-09-22,47.943748474121094
2017-09-25,48.10031509399414
2017-09-26,48.452552795410156
2017-09-27,50.37029266357422
2017-09-28,49.31357955932617
2017-09-29,48.72651672363281
2017-10-02,49.626670837402344
2017-10-03,50.487701416015625
2017-10-04,50.213748931884766
2017-10-05,50.17461013793945
2017-10-06,50.09634780883789
2017-10-09,50.25287628173828
2017-10-10,50.09634780883789
2017-10-11,49.93978500366211
2017-10-12,48.72651672363281
2017-10-13,48.374267578125
2017-10-16,48.41340637207031
2017-10-17,48.13945770263672
2017-10-18,48.804786682128906
2017-10-19,48.883060455322266
2017-10-20,49.430999755859375
2017-10-23,49.07876205444336
2017-10-24,48.883060455322266
2017-10-25,49.0004768371582
2017-10-26,49.704959869384766
2017-10-27,49.74408721923828
2017-10-30,48.29599380493164
2017-10-31,49.196163177490234
2017-11-01,48.804786682128906
2017-11-02,49.15702438354492
2017-11-03,48.25686264038086
2017-11-06,47.865474700927734
2017-11-07,46.965309143066406
2017-11-08,46.37824249267578
2017-11-09,45.947731018066406
2017-11-10,45.63462448120117
2017-11-13,45.282386779785156
2017-11-14,44.65618896484375
2017-11-15,44.8127326965332
2017-11-16,45.20412063598633
2017-11-17,42.542747497558594
2017-11-20,41.8382682800293
2017-11-21,42.03395080566406
2017-11-22,42.03395080566406
2017-11-24,42.37958908081055
2017-11-27,42.8116340637207
2017-11-28,43.557891845703125
2017-11-29,44.50054168701172
2017-11-30,44.50054168701172
2017-12-01,44.14704513549805
2017-12-04,44.893310546875
2017-12-05,44.18632507324219
2017-12-06,43.44007110595703
2017-12-07,42.41886901855469
2017-12-08,42.18320083618164
2017-12-11,42.45814514160156
2017-12-12,41.829715728759766
2017-12-13,42.18320083618164
2017-12-14,42.02609634399414
2017-12-15,42.26176834106445
2017-12-18,42.41886901855469
2017-12-19,42.14392852783203
2017-12-20,42.37958908081055
2017-12-21,42.53670120239258
2017-12-22,42.065372467041016
2017-12-26,41.672611236572266
2017-12-27,41.829715728759766
2017-12-28,41.594058990478516
2017-12-29,41.47623062133789
2018-01-02,42.10466003417969
2018-01-03,41.711875915527344
2018-01-04,42.3010368347168
2018-01-05,42.53670120239258
2018-01-08,42.14392852783203
2018-01-09,41.47623062133789
2018-01-10,41.162010192871094
2018-01-11,40.72998046875
2018-01-12,40.61214065551758
2018-01-16,41.00490951538086
2018-01-17,41.5155029296875
2018-01-18,41.617618560791016
2018-01-19,42.02609634399414
2018-01-22,41.90825653076172
2018-01-23,41.594058990478516
2018-01-24,42.34031295776367
2018-01-25,43.7542724609375
2018-01-26,45.71809768676758
2018-01-29,44.02922058105469
2018-01-30,43.7542724609375
2018-01-31,43.98992919921875
2018-02-01,43.5971794128418
2018-02-02,42.879878997802734
2018-02-05,40.86989212036133
2018-02-06,41.61870193481445
2018-02-07,41.736942291259766
2018-02-08,40.988121032714844
2018-02-09,42.209877014160156
2018-02-12,42.36752700805664
2018-02-13,41.57929611206055
2018-02-14,41.34282302856445
2018-02-15,41.81576919555664
2018-02-16,42.209877014160156
2018-02-20,41.264007568359375
2018-02-21,41.14577102661133
2018-02-22,41.22459411621094
2018-02-23,41.57929611206055
2018-02-26,42.012821197509766
2018-02-27,41.264007568359375
2018-02-28,40.39695358276367
2018-03-01,40.830482482910156
2018-03-02,42.09164810180664
2018-03-05,42.48575973510742
2018-03-06,42.76164245605469
2018-03-07,43.27400207519531
2018-03-08,42.406944274902344
2018-03-09,43.19517135620117
2018-03-12,42.84047317504883
2018-03-13,42.525177001953125
2018-03-14,42.13105392456055
2018-03-15,41.34282302856445
2018-03-16,41.69753646850586
2018-03-19,40.94870376586914
2018-03-20,40.90929412841797
2018-03-21,40.79106521606445
2018-03-22,40.35753631591797
2018-03-23,39.490474700927734
2018-03-26,40.278709411621094
2018-03-27,39.25400924682617
2018-03-28,39.80577087402344
2018-03-29,39.88459777832031
2018-04-02,39.09635925292969
2018-04-03,39.411651611328125
2018-04-04,39.687538146972656
2018-04-05,39.963401794433594
2018-04-06,39.56929397583008
2018-04-09,39.09635925292969
2018-04-10,39.64813995361328
2018-04-11,39.60871124267578
2018-04-12,40.002830505371094
2018-04-13,39.766357421875
2018-04-16,40.39695358276367
2018-04-17,40.51518249511719
2018-04-18,40.67283248901367
2018-04-19,40.75164794921875
2018-04-20,40.712242126464844
2018-04-23,40.475772857666016
2018-04-24,40.51518249511719
2018-04-25,40.042232513427734
2018-04-26,39.411651611328125
2018-04-27,38.177310943603516
2018-04-30,38.88943862915039
2018-05-01,38.770751953125
2018-05-02,39.32461929321289
2018-05-03,39.04768753051758
2018-05-04,39.48286819458008
2018-05-07,39.87849807739258
2018-05-08,40.59059143066406
2018-05-09,40.98622512817383
2018-05-10,41.144474029541016
2018-05-11,41.34227752685547
2018-05-14,40.630157470703125
2018-05-15,40.78841018676758
2018-05-16,41.42140579223633
2018-05-17,41.975276947021484
2018-05-18,41.69833755493164
2018-05-21,42.25220489501953
2018-05-22,41.85658264160156
2018-05-23,41.8170280456543
2018-05-24,42.014827728271484
2018-05-25,42.45000457763672
2018-05-29,42.647823333740234
2018-05-30,43.5181884765625
2018-05-31,43.5181884765625
2018-06-01,43.5181884765625
2018-06-04,43.755558013916016
2018-06-05,44.11162567138672
2018-06-06,44.15117645263672
2018-06-07,44.032493591308594
2018-06-08,43.953369140625
2018-06-11,44.15117645263672
2018-06-12,44.62592315673828
2018-06-13,44.388553619384766
2018-06-14,44.8237419128418
2018-06-15,45.2193603515625
2018-06-18,46.0897216796875
2018-06-19,46.32709884643555
2018-06-20,47.276573181152344
2018-06-21,47.47438049316406
2018-06-22,47.395263671875
2018-06-25,47.15789031982422
2018-06-26,47.3557014465332
2018-06-27,46.44577407836914
2018-06-28,46.604026794433594
2018-06-29,46.52490234375
2018-07-02,47.23700714111328
2018-07-03,47.15789031982422
2018-07-05,47.71176528930664
2018-07-06,47.67219161987305
2018-07-09,48.067813873291016
2018-07-10,47.43482971191406
2018-07-11,47.395263671875
2018-07-12,47.94913864135742
2018-07-13,47.751319885253906
2018-07-16,48.146934509277344
2018-07-17,46.960079193115234
2018-07-18,47.03919982910156
2018-07-19,46.4853401184082
2018-07-20,46.36664581298828
2018-07-23,45.49629211425781
2018-07-24,44.78416061401367
2018-07-25,44.42811584472656
2018-07-26,43.9929313659668
2018-07-27,40.213722229003906
2018-07-30,40.610694885253906
2018-07-31,41.722225189208984
2018-08-01,41.2061653137207
2018-08-02,42.000099182128906
2018-08-03,41.16645050048828
2018-08-06,40.96796798706055
2018-08-07,41.12677001953125
2018-08-08,41.12677001953125
2018-08-09,40.92826843261719
2018-08-10,41.04736328125
2018-08-13,40.690093994140625
2018-08-14,41.16645050048828
2018-08-15,40.72978210449219
2018-08-16,41.24585723876953
2018-08-17,41.24585723876953
2018-08-20,41.60314178466797
2018-08-21,41.881011962890625
2018-08-22,42.03980255126953
2018-08-23,42.119197845458984
2018-08-24,42.07950973510742
2018-08-27,41.96041488647461
2018-08-28,42.07950973510742
2018-08-29,41.484046936035156
2018-08-30,41.60314178466797
2018-08-31,41.2061653137207
2018-09-04,40.650386810302734
2018-09-05,40.610694885253906
2018-09-06,41.484046936035156
2018-09-07,41.56343078613281
2018-09-10,40.88857650756836
2018-09-11,40.570987701416016
2018-09-12,40.570987701416016
2018-09-13,41.64283752441406
2018-09-14,41.56343078613281
2018-09-17,41.722225189208984
2018-09-18,41.12677001953125
2018-09-19,40.76948165893555
2018-09-20,41.4046516418457
2018-09-21,40.92826843261719
2018-09-24,39.53886032104492
2018-09-25,39.69765090942383
2018-09-26,39.221275329589844
2018-09-27,39.61825180053711
2018-09-28,39.81674575805664
2018-10-01,38.81636047363281
2018-10-02,39.173641204833984
2018-10-03,39.07041549682617
2018-10-04,36.998199462890625
2018-10-05,37.22845458984375
2018-10-08,36.871177673339844
2018-10-09,36.394798278808594
2018-10-10,35.553199768066406
2018-10-11,35.29120635986328
2018-10-12,33.88591384887695
2018-10-15,35.100650787353516
2018-10-16,35.73581314086914
2018-10-17,35.180049896240234
2018-10-18,34.132041931152344
2018-10-19,34.0208854675293
2018-10-22,34.67192459106445
2018-10-23,34.314640045166016
2018-10-24,32.74261474609375
2018-10-25,32.51237106323242
2018-10-26,32.814083099365234
2018-10-29,32.94110107421875
2018-10-30,32.86170959472656
2018-10-31,33.04431915283203
2018-11-01,34.91804504394531
2018-11-02,34.5687141418457
2018-11-05,34.497257232666016
2018-11-06,34.75924301147461
2018-11-07,35.32296371459961
2018-11-08,35.211822509765625
2018-11-09,34.497257232666016
2018-11-12,33.750946044921875
2018-11-13,33.35396957397461
2018-11-14,32.853782653808594
2018-11-15,31.940719604492188
2018-11-16,34.3702278137207
2018-11-19,32.74261474609375
2018-11-20,32.687042236328125
2018-11-21,33.9970588684082
2018-11-23,34.17255401611328
2018-11-26,33.78168869018555
2018-11-27,32.78459548950195
2018-11-28,33.86943817138672
2018-11-29,33.44666290283203
2018-11-30,33.606204986572266
2018-12-03,33.44666290283203
2018-12-04,31.907142639160156
2018-12-06,32.52135467529297
2018-12-07,32.744712829589844
2018-12-10,33.087711334228516
2018-12-11,33.61417770385742
2018-12-12,33.374874114990234
2018-12-13,33.502506256103516
2018-12-14,32.609100341796875
2018-12-17,31.891185760498047
2018-12-18,31.611995697021484
2018-12-19,31.5083065032959
2018-12-20,31.643905639648438
2018-12-21,31.795475006103516
2018-12-24,30.5830020904541
2018-12-26,31.723676681518555
2018-12-27,31.835357666015625
2018-12-28,32.130496978759766
2018-12-31,32.40171813964844
2019-01-02,32.79256820678711
2019-01-03,32.106563568115234
2019-01-04,33.18342971801758
2019-01-07,33.28713607788086
2019-01-08,33.98110580444336
2019-01-09,34.371971130371094
2019-01-10,34.65913391113281
2019-01-11,35.640281677246094
2019-01-14,34.93034744262695
2019-01-15,34.922359466552734
2019-01-16,34.706993103027344
2019-01-17,35.057979583740234
2019-01-18,35.3850212097168
2019-01-22,35.1297721862793
2019-01-23,34.69902420043945
2019-01-24,34.72294616699219
2019-01-25,35.48872375488281
2019-01-28,35.026065826416016
2019-01-29,35.57646560668945
2019-01-30,35.831722259521484
2019-01-31,35.48872375488281
2019-02-01,30.01597785949707
2019-02-04,31.514373779296875
2019-02-05,32.30765151977539
2019-02-06,32.315650939941406
2019-02-07,32.395782470703125
2019-02-08,33.04481506347656
2019-02-11,32.740325927734375
2019-02-12,32.7323112487793
2019-02-13,33.39737319946289
2019-02-14,32.972713470458984
2019-02-15,33.53359603881836
2019-02-19,34.04641342163086
2019-02-20,33.79802322387695
2019-02-21,33.59770584106445
2019-02-22,33.45347595214844
2019-02-25,33.140968322753906
2019-02-26,32.43584060668945
2019-02-27,32.211490631103516
2019-02-28,31.866931915283203
2019-03-01,32.03519058227539
2019-03-04,31.906999588012695
2019-03-05,31.802827835083008
2019-03-06,31.322063446044922
2019-03-07,31.089691162109375
2019-03-08,31.378156661987305
2019-03-11,31.354110717773438
2019-03-12,30.600906372070312
2019-03-13,30.753154754638672
2019-03-14,30.168222427368164
2019-03-15,30.023988723754883
2019-03-18,30.656997680664062
2019-03-19,30.023988723754883
2019-03-20,29.751556396484375
2019-03-21,30.040016174316406
2019-03-22,28.73392677307129
2019-03-25,28.9422607421875
2019-03-26,29.158597946166992
2019-03-27,29.214689254760742
2019-03-28,29.150592803955078
2019-03-29,29.60732078552246
2019-04-01,29.84770393371582
2019-04-02,29.19066047668457
2019-04-03,29.19066047668457
2019-04-04,30.01597785949707
2019-04-05,30.68104362487793
2019-04-08,30.640968322753906
2019-04-09,30.344511032104492
2019-04-10,30.945466995239258
2019-04-11,30.961490631103516
2019-04-12,30.777198791503906
2019-04-15,31.017576217651367
2019-04-16,30.881362915039062
2019-04-17,31.386159896850586
2019-04-18,30.95347785949707
2019-04-22,30.456684112548828
2019-04-23,31.1057186126709
2019-04-24,31.129745483398438
2019-04-25,29.98392105102539
2019-04-26,30.76116180419922
2019-04-29,32.027198791503906
2019-04-30,32.09930419921875
2019-05-01,31.1057186126709
2019-05-02,29.999948501586914
2019-05-03,28.807687759399414
2019-05-06,30.28995704650879
2019-05-07,29.194364547729492
2019-05-08,29.58910369873047
2019-05-09,29.822725296020508
2019-05-10,29.790489196777344
2019-05-13,28.630456924438477
2019-05-14,28.93657684326172
2019-05-15,29.146032333374023
2019-05-16,29.08158302307129
2019-05-17,29.049365997314453
2019-05-20,29.170198440551758
2019-05-21,29.323259353637695
2019-05-22,28.952693939208984
2019-05-23,28.090723037719727
2019-05-24,28.07460594177246
2019-05-28,27.623477935791016
2019-05-29,27.55097770690918
2019-05-30,27.623477935791016
2019-05-31,27.414026260375977
2019-06-03,27.80070686340332
2019-06-04,28.807687759399414
2019-06-05,28.727127075195312
2019-06-06,28.920467376708984
2019-06-07,29.210472106933594
2019-06-10,29.387712478637695
2019-06-11,29.766324996948242
2019-06-12,29.323259353637695
2019-06-13,29.871057510375977
2019-06-14,29.50855255126953
2019-06-17,29.637441635131836
2019-06-18,29.98383903503418
2019-06-19,28.31627655029297
2019-06-20,28.082660675048828
2019-06-21,27.63959503173828
2019-06-24,27.196514129638672
2019-06-25,27.204570770263672
2019-06-26,27.22873878479004
2019-06-27,27.583200454711914
2019-06-28,28.07460594177246
2019-07-01,27.776533126831055
2019-07-02,27.55097770690918
2019-07-03,27.48652458190918
2019-07-05,28.19544219970703
2019-07-08,26.310375213623047
2019-07-09,26.689001083374023
2019-07-10,26.761505126953125
2019-07-11,26.995121002197266
2019-07-12,27.003177642822266
2019-07-15,27.08373260498047
2019-07-16,27.180410385131836
2019-07-17,27.260967254638672
2019-07-18,27.18846321105957
2019-07-19,26.87428855895996
2019-07-22,26.729276657104492
2019-07-23,27.15623664855957
2019-07-24,28.04237937927246
2019-07-25,27.414026260375977
2019-07-26,27.91349220275879
2019-07-29,27.92154312133789
2019-07-30,28.412948608398438
2019-07-31,27.510700225830078
2019-08-01,26.245929718017578
2019-08-02,25.61369514465332
2019-08-05,25.589374542236328
2019-08-06,26.27024269104004
2019-08-07,25.670434951782227
2019-08-08,26.27024269104004
2019-08-09,25.532630920410156
2019-08-12,24.7788143157959
2019-08-13,25.062509536743164
2019-08-14,24.4140682220459
2019-08-15,24.527538299560547
2019-08-16,25.15978240966797
2019-08-19,25.167888641357422
2019-08-20,24.62480926513672
2019-08-21,24.89229393005371
2019-08-22,24.478912353515625
2019-08-23,24.178998947143555
2019-08-26,24.08983612060547
2019-08-27,23.55487060546875
2019-08-28,23.87909698486328
2019-08-29,23.79804039001465
2019-08-30,23.757511138916016
2019-09-03,23.571077346801758
2019-09-04,23.70077133178711
2019-09-05,24.284372329711914
2019-09-06,24.74639320373535
2019-09-09,25.808223724365234
2019-09-10,27.396923065185547
2019-09-11,29.358478546142578
2019-09-12,29.65839195251465
2019-09-13,30.20146369934082
2019-09-16,30.217676162719727
2019-09-17,29.966400146484375
2019-09-18,27.46176528930664
2019-09-19,27.105125427246094
2019-09-20,27.583351135253906
2019-09-23,27.802200317382812
2019-09-24,28.021059036254883
2019-09-25,28.701919555664062
2019-09-26,28.90456771850586
2019-09-27,29.099098205566406
2019-09-30,28.68570899963379
2019-10-01,27.99673843383789
2019-10-02,27.518505096435547
2019-10-03,26.886274337768555
2019-10-04,27.145647048950195
2019-10-07,27.064592361450195
2019-10-08,26.537736892700195
2019-10-09,27.032176971435547
2019-10-10,27.169965744018555
2019-10-11,28.037261962890625
2019-10-14,28.069690704345703
2019-10-15,28.80729866027832
2019-10-16,28.547916412353516
2019-10-17,28.85593032836914
2019-10-18,28.588441848754883
2019-10-21,29.71512222290039
2019-10-22,29.982608795166016
2019-10-23,30.096084594726562
2019-10-24,29.804290771484375
2019-10-25,30.622949600219727
2019-10-28,30.96338653564453
2019-10-29,30.64727020263672
2019-10-30,30.468944549560547
2019-10-31,29.974496841430664
2019-11-01,30.598630905151367
2019-11-04,30.914752960205078
2019-11-05,31.757732391357422
2019-11-06,30.90665054321289
2019-11-07,31.344343185424805
2019-11-08,30.93907356262207
2019-11-11,28.77488136291504
2019-11-12,28.750560760498047
2019-11-13,28.36149024963379
2019-11-14,28.337173461914062
2019-11-15,28.134536743164062
2019-11-18,28.345279693603516
2019-11-19,28.799192428588867
2019-11-20,28.95319366455078
2019-11-21,28.85593032836914
2019-11-22,30.078989028930664
2019-11-25,31.889114379882812
2019-11-26,31.53849220275879
2019-11-27,31.42435073852539
2019-11-29,31.269426345825195
2019-12-02,30.85359764099121
2019-12-03,30.576366424560547
2019-12-04,30.66604995727539
2019-12-05,31.399883270263672
2019-12-06,31.84834861755371
2019-12-09,31.277568817138672
2019-12-10,30.462209701538086
2019-12-11,30.608980178833008
2019-12-12,30.723129272460938
2019-12-13,30.33174705505371
2019-12-16,29.82622718811035
2019-12-17,30.217613220214844
2019-12-18,30.992202758789062
2019-12-19,30.984050750732422
2019-12-20,30.560054779052734
2019-12-23,30.47035789489746
2019-12-24,30.747589111328125
2019-12-26,30.812822341918945
2019-12-27,30.551902770996094
2019-12-30,31.008514404296875
2019-12-31,31.122663497924805
2020-01-02,31.228654861450195
2020-01-03,31.261272430419922
2020-01-06,30.926979064941406
2020-01-07,30.25836944580078
2020-01-08,30.323604583740234
2020-01-09,30.299137115478516
2020-01-10,29.769145965576172
2020-01-13,30.576366424560547
2020-01-14,30.52744483947754
2020-01-15,31.22051239013672
2020-01-16,32.606632232666016
2020-01-17,32.6310920715332
2020-01-21,32.45987319946289
2020-01-22,32.11740493774414
2020-01-23,32.04402542114258
2020-01-24,30.94328498840332
2020-01-27,31.35096549987793
2020-01-28,31.636343002319336
2020-01-29,31.40803337097168
2020-01-30,30.94328498840332
2020-01-31,30.598915100097656
2020-02-03,29.590436935424805
2020-02-04,28.532752990722656
2020-02-05,29.07388687133789
2020-02-06,28.901714324951172
2020-02-07,28.631135940551758
2020-02-10,28.942707061767578
2020-02-11,29.27886390686035
2020-02-12,29.262468338012695
2020-02-13,28.762327194213867
2020-02-14,28.212995529174805
2020-02-18,27.491470336914062
2020-02-19,28.090009689331055
2020-02-20,27.967012405395508
2020-02-21,27.967012405395508
2020-02-24,26.466590881347656
2020-02-25,25.294124603271484
2020-02-26,24.58080291748047
2020-02-27,24.162649154663086
2020-02-28,24.236438751220703
2020-03-02,24.67099380493164
2020-03-03,24.187244415283203
2020-03-04,25.039949417114258
2020-03-05,24.589000701904297
2020-03-06,23.883880615234375
2020-03-09,20.92401695251465
2020-03-10,22.039091110229492
2020-03-11,20.75183868408203
2020-03-12,16.50472068786621
2020-03-13,18.39870834350586
2020-03-16,16.9638729095459
2020-03-17,17.923160552978516
2020-03-18,16.398134231567383
2020-03-19,17.8985595703125
2020-03-20,16.742490768432617
2020-03-23,16.79988670349121
2020-03-24,18.685672760009766
2020-03-25,16.79988670349121
2020-03-26,18.259323120117188
2020-03-27,17.775571823120117
2020-03-30,19.9155330657959
2020-03-31,19.833539962768555
2020-04-01,19.030038833618164
2020-04-02,17.914962768554688
2020-04-03,16.34893798828125
2020-04-06,18.283918380737305
2020-04-07,18.57088279724121
2020-04-08,18.89885139465332
2020-04-09,20.6042537689209
2020-04-13,20.464866638183594
2020-04-14,19.21861457824707
2020-04-15,17.668991088867188
2020-04-16,17.636192321777344
2020-04-17,18.80866050720215
2020-04-20,18.357707977294922
2020-04-21,17.841167449951172
2020-04-22,17.988754272460938
2020-04-23,18.415098190307617
2020-04-24,18.128137588500977
2020-04-27,19.284208297729492
2020-04-28,19.751554489135742
2020-04-29,20.661651611328125
2020-04-30,19.628568649291992
2020-05-01,19.132266998291016
2020-05-04,18.842758178710938
2020-05-05,18.569799423217773
2020-05-06,17.602020263671875
2020-05-07,18.222393035888672
2020-05-08,18.975109100341797
2020-05-11,18.429182052612305
2020-05-12,17.82535171508789
2020-05-13,16.21238899230957
2020-05-14,16.096582412719727
2020-05-15,16.576337814331055
2020-05-18,17.676467895507812
2020-05-19,16.85757064819336
2020-05-20,17.337324142456055
2020-05-21,17.122264862060547
2020-05-22,16.940290451049805
2020-05-26,17.527578353881836
2020-05-27,18.147947311401367
2020-05-28,18.032136917114258
2020-05-29,17.122264862060547
2020-06-01,17.254610061645508
2020-06-02,17.6268367767334
2020-06-03,17.866708755493164
2020-06-04,18.106584548950195
2020-06-05,17.94942855834961
2020-06-08,18.37955093383789
2020-06-09,18.7683162689209
2020-06-10,16.92374610900879
2020-06-11,15.44312572479248
2020-06-12,16.005592346191406
2020-06-15,16.038681030273438
2020-06-16,16.394363403320312
2020-06-17,15.922881126403809
2020-06-18,15.840160369873047
2020-06-19,15.17842960357666
2020-06-22,15.137075424194336
2020-06-23,15.277691841125488
2020-06-24,14.839295387268066
2020-06-25,14.781396865844727
2020-06-26,15.01300048828125
2020-06-29,15.707817077636719
2020-06-30,15.798807144165039
2020-07-01,15.252877235412598
2020-07-02,15.294231414794922
2020-07-06,15.401764869689941
2020-07-07,15.17842960357666
2020-07-08,15.203248023986816
2020-07-09,14.946828842163086
2020-07-10,15.236331939697266
2020-07-13,16.005592346191406
2020-07-14,15.96423625946045
2020-07-15,16.518436431884766
2020-07-16,16.551517486572266
2020-07-17,16.427448272705078
2020-07-20,15.67473030090332
2020-07-21,16.129671096801758
2020-07-22,16.03040885925293
2020-07-23,16.402631759643555
2020-07-24,16.187572479248047
2020-07-27,16.129671096801758
2020-07-28,16.336458206176758
2020-07-29,17.668190002441406
2020-07-30,17.544116973876953
2020-07-31,18.045379638671875
2020-08-03,17.85323143005371
2020-08-04,18.03702163696289
2020-08-05,18.287654876708984
2020-08-06,18.546640396118164
2020-08-07,18.87245750427246
2020-08-10,19.515743255615234
2020-08-11,19.549163818359375
2020-08-12,19.524099349975586
2020-08-13,19.39042091369629
2020-08-14,19.114728927612305
2020-08-17,18.98941421508789
2020-08-18,18.697011947631836
2020-08-19,18.663599014282227
2020-08-20,18.663599014282227
2020-08-21,18.270944595336914
2020-08-24,18.613473892211914
2020-08-25,18.29600715637207
2020-08-26,17.903356552124023
2020-08-27,18.479806900024414
2020-08-28,18.605119705200195
2020-08-31,18.29600715637207
2020-09-01,18.195755004882812
2020-09-02,18.387901306152344
2020-09-03,18.671955108642578
2020-09-04,19.21498680114746
2020-09-08,18.87245750427246
2020-09-09,18.813976287841797
2020-09-10,19.21498680114746
2020-09-11,19.490673065185547
2020-09-14,19.59092903137207
2020-09-15,19.641054153442383
2020-09-16,19.93346405029297
2020-09-17,19.758018493652344
2020-09-18,19.666120529174805
2020-09-21,18.738786697387695
2020-09-22,18.580053329467773
2020-09-23,17.99525260925293
2020-09-24,18.03702163696289
2020-09-25,18.120567321777344
2020-09-28,18.730430603027344
2020-09-29,18.496511459350586
2020-09-30,18.680307388305664
2020-10-01,18.730430603027344
2020-10-02,19.39042091369629
2020-10-05,19.799787521362305
2020-10-06,19.808137893676758
2020-10-07,19.95852279663086
2020-10-08,20.526613235473633
2020-10-09,20.551681518554688
2020-10-12,20.526613235473633
2020-10-13,20.17573356628418
2020-10-14,19.4990291595459
2020-10-15,19.657764434814453
2020-10-16,19.507383346557617
2020-10-19,19.27346420288086
2020-10-20,19.59928321838379
2020-10-21,19.699539184570312
2020-10-22,19.925106048583984
2020-10-23,20.192440032958984
2020-10-26,19.891687393188477
2020-10-27,19.12308692932129
2020-10-28,17.911706924438477
2020-10-29,18.304363250732422
2020-10-30,18.23752784729004
2020-11-02,18.705364227294922
2020-11-03,19.206634521484375
2020-11-04,18.11220932006836
2020-11-05,18.79726791381836
2020-11-06,18.170692443847656
2020-11-09,19.90839385986328
2020-11-10,21.203317642211914
2020-11-11,20.95269012451172
2020-11-12,20.44307518005371
2020-11-13,21.34534454345703
2020-11-16,22.77393913269043
2020-11-17,23.200008392333984
2020-11-18,23.826580047607422
2020-11-19,23.659496307373047
2020-11-20,23.074689865112305
2020-11-23,24.336191177368164
2020-11-24,25.07137680053711
2020-11-25,24.319486618041992
2020-11-27,24.11328887939453
2020-11-30,22.497314453125
2020-12-01,22.825557708740234
2020-12-02,23.12854766845703
2020-12-03,23.06963539123535
2020-12-04,24.357362747192383
2020-12-07,24.424694061279297
2020-12-08,24.10486602783203
2020-12-09,24.382610321044922
2020-12-10,23.93653678894043
2020-12-11,23.271635055541992
2020-12-14,22.57306480407715
2020-12-15,24.205867767333984
2020-12-16,23.827123641967773
2020-12-17,24.079614639282227
2020-12-18,23.68404197692871
2020-12-21,22.918142318725586
2020-12-22,22.749814987182617
2020-12-23,23.37263298034668
2020-12-24,23.498878479003906
2020-12-28,24.146947860717773
2020-12-29,24.020700454711914
2020-12-30,24.559356689453125
2020-12-31,24.74452018737793
2021-01-04,24.04595184326172
2021-01-05,24.626693725585938
2021-01-06,26.377323150634766
2021-01-07,26.511985778808594
2021-01-08,25.855499267578125
2021-01-11,26.242658615112305
2021-01-12,26.75606346130371
2021-01-13,26.486736297607422
2021-01-14,26.6971492767334
2021-01-15,26.02382469177246
2021-01-19,26.335243225097656
2021-01-20,26.368907928466797
2021-01-21,26.419403076171875
2021-01-22,26.612985610961914
2021-01-25,26.62981414794922
2021-01-26,26.5456485748291
2021-01-27,26.882314682006836
2021-01-28,26.65506935119629
2021-01-29,25.695585250854492
2021-02-01,27.134811401367188
2021-02-02,27.31996726989746
2021-02-03,27.10114288330078
2021-02-04,28.119539260864258
2021-02-05,27.94588851928711
2021-02-08,28.54732894897461
2021-02-09,28.742162704467773
2021-02-10,28.73368263244629
2021-02-11,28.665916442871094
2021-02-12,28.60662078857422
2021-02-16,28.43719482421875
2021-02-17,28.37790870666504
2021-02-18,28.41179084777832
2021-02-19,28.716747283935547
2021-02-22,29.623144149780273
2021-02-23,29.45372772216797
2021-02-24,30.224586486816406
2021-02-25,29.44525146484375
2021-02-26,30.241527557373047
2021-03-01,31.512182235717773
2021-03-02,31.334293365478516
2021-03-03,31.82560920715332
2021-03-04,31.82560920715332
2021-03-05,33.477455139160156
2021-03-08,35.04459762573242
2021-03-09,34.53633499145508
2021-03-10,35.773109436035156
2021-03-11,35.39191436767578
2021-03-12,35.69686508178711
2021-03-15,34.926002502441406
2021-03-16,34.2229118347168
2021-03-17,34.366912841796875
2021-03-18,34.1381950378418
2021-03-19,34.24831771850586
2021-03-22,33.638404846191406
2021-03-23,32.86753845214844
2021-03-24,32.66424560546875
2021-03-25,32.613407135009766
2021-03-26,33.2148551940918
2021-03-29,32.825191497802734
2021-03-30,33.56216812133789
2021-03-31,33.502872467041016
2021-04-01,34.84976577758789
2021-04-05,34.909061431884766
2021-04-06,35.13778305053711
2021-04-07,34.493980407714844
2021-04-08,34.56174850463867
2021-04-09,34.892112731933594
2021-04-12,35.1885986328125
2021-04-13,34.77352523803711
2021-04-14,35.45119857788086
2021-04-15,36.13735580444336
2021-04-16,35.713802337646484
2021-04-19,35.50202941894531
2021-04-20,35.23095703125
2021-04-21,36.13735580444336
2021-04-22,35.98487854003906
2021-04-23,36.56937026977539
2021-04-26,36.4762077331543
2021-04-27,36.696449279785156
2021-04-28,36.2813606262207
2021-04-29,36.298309326171875
2021-04-30,35.05306625366211
2021-05-03,35.73075485229492
2021-05-04,35.39191436767578
2021-05-05,35.33261489868164
2021-05-06,35.7900390625
2021-05-07,35.93904113769531
2021-05-10,35.13869857788086
2021-05-11,34.551212310791016
2021-05-12,33.92965316772461
2021-05-13,35.087608337402344
2021-05-14,35.16423416137695
2021-05-17,34.781089782714844
2021-05-18,34.7385368347168
2021-05-19,33.980743408203125
2021-05-20,33.04417419433594
2021-05-21,33.146339416503906
2021-05-24,33.32514572143555
2021-05-25,32.78022766113281
2021-05-26,33.02714157104492
2021-05-27,33.41028594970703
2021-05-28,33.26554489135742
2021-06-01,33.725318908691406
2021-06-02,32.98456573486328
2021-06-03,32.93348693847656
2021-06-04,33.18891525268555
2021-06-07,33.180397033691406
2021-06-08,33.1718864440918
2021-06-09,33.04417419433594
2021-06-10,32.76320266723633
2021-06-11,33.12080383300781
2021-06-14,32.3885612487793
2021-06-15,32.69508361816406
2021-06-16,32.11610412597656
2021-06-17,31.307241439819336
2021-06-18,30.3876895904541
2021-06-21,31.358327865600586
2021-06-22,31.264667510986328
2021-06-23,30.617582321166992
2021-06-24,30.762331008911133
2021-06-25,30.472843170166016
2021-06-28,30.089691162109375
2021-06-29,30.89855194091797
2021-06-30,30.617582321166992
2021-07-01,30.32809066772461
2021-07-02,29.82574462890625
2021-07-06,28.991344451904297
2021-07-07,29.11054801940918
2021-07-08,28.778486251831055
2021-07-09,29.4681453704834
2021-07-12,30.11524200439453
2021-07-13,29.43408203125
2021-07-14,29.425575256347656
2021-07-15,29.417057037353516
2021-07-16,28.61671257019043
2021-07-19,28.531564712524414
2021-07-20,28.957284927368164
2021-07-21,29.272314071655273
2021-07-22,27.910018920898438
2021-07-23,28.09733772277832
2021-07-26,28.26762580871582
2021-07-27,28.66779327392578
2021-07-28,29.033910751342773
2021-07-29,29.17014503479004
2021-07-30,29.45962905883789
2021-08-02,28.63373565673828
2021-08-03,28.974308013916016
2021-08-04,28.57413673400879
2021-08-05,28.957284927368164
2021-08-06,29.30430793762207
2021-08-09,28.687376022338867
2021-08-10,29.372854232788086
2021-08-11,29.741300582885742
2021-08-12,29.741300582885742
2021-08-13,29.655620574951172
2021-08-16,29.58706283569336
2021-08-17,29.16721534729004
2021-08-18,28.935861587524414
2021-08-19,28.4645938873291
2021-08-20,29.415700912475586
2021-08-23,29.784141540527344
2021-08-24,29.69846534729004
2021-08-25,29.801280975341797
2021-08-26,29.484243392944336
2021-08-27,30.632423400878906
2021-08-30,30.469629287719727
2021-08-31,31.729198455810547
2021-09-01,31.814884185791016
2021-09-02,31.82344627380371
2021-09-03,30.161161422729492
2021-09-07,30.341094970703125
2021-09-08,30.529603958129883
2021-09-09,29.681316375732422
2021-09-10,28.48172950744629
2021-09-13,28.32749366760254
2021-09-14,27.53062629699707
2021-09-15,27.753406524658203
2021-09-16,27.78767967224121
2021-09-17,28.995840072631836
2021-09-20,28.4645938873291
2021-09-21,28.224672317504883
2021-09-22,28.653100967407227
2021-09-23,29.72416877746582
2021-09-24,29.595643997192383
2021-09-27,30.349666595458984
2021-09-28,29.569929122924805
2021-09-29,30.1954345703125
2021-09-30,29.72416877746582
2021-10-01,30.22114372253418
2021-10-04,30.178302764892578
2021-10-05,30.375370025634766
2021-10-06,30.049774169921875
2021-10-07,30.32396125793457
2021-10-08,29.989789962768555
2021-10-11,29.398563385009766
2021-10-12,29.86126136779785
2021-10-13,29.72416877746582
2021-10-14,30.289690017700195
2021-10-15,30.10974884033203
2021-10-18,29.73273277282715
2021-10-19,29.938371658325195
2021-10-20,29.921241760253906
2021-10-21,30.06690216064453
2021-10-22,30.178302764892578
2021-10-25,30.358232498168945
2021-10-26,29.79271697998047
2021-10-27,28.661664962768555
2021-10-28,29.07295799255371
2021-10-29,29.449979782104492
2021-11-01,31.026569366455078
2021-11-02,31.57497215270996
2021-11-03,32.79169464111328
2021-11-04,32.72315216064453
2021-11-05,33.71709442138672
2021-11-08,33.64854431152344
2021-11-09,33.4771728515625
2021-11-10,33.665679931640625
2021-11-11,33.777076721191406
2021-11-12,33.34008026123047
2021-11-15,33.357215881347656
2021-11-16,33.04018020629883
2021-11-17,33.04018020629883
2021-11-18,33.108726501464844
2021-11-19,31.05228614807129
2021-11-22,31.412160873413086
2021-11-23,32.18333435058594
2021-11-24,32.500362396240234
2021-11-26,30.276790618896484
2021-11-29,30.836994171142578
2021-11-30,29.880342483520508
2021-12-01,29.690732955932617
2021-12-02,31.328250885009766
2021-12-03,31.28515625
2021-12-06,31.888463973999023
2021-12-07,31.905698776245117
2021-12-08,31.914306640625
2021-12-09,31.457529067993164
2021-12-10,31.16450309753418
2021-12-13,30.759422302246094
2021-12-14,30.30264663696289
2021-12-15,30.759422302246094
2021-12-16,30.518104553222656
2021-12-17,30.07856559753418
2021-12-20,29.268423080444336
2021-12-21,29.785537719726562
2021-12-22,30.475017547607422
2021-12-23,30.793895721435547
2021-12-27,31.371335983276367
2021-12-28,31.517854690551758
2021-12-29,32.026344299316406
2021-12-30,31.440284729003906
2021-12-31,31.604032516479492
2022-01-03,31.672990798950195
2022-01-04,32.11252975463867
2022-01-05,31.629901885986328
2022-01-06,31.63851547241211
2022-01-07,31.216211318969727
2022-01-10,30.871461868286133
2022-01-11,30.3543643951416
2022-01-12,31.543716430664062
2022-01-13,31.793649673461914
2022-01-14,32.01772689819336
2022-01-18,31.76778793334961
2022-01-19,31.44890785217285
2022-01-20,30.32850456237793
2022-01-21,29.440799713134766
2022-01-24,30.01823616027832
2022-01-25,29.70797348022461
2022-01-26,29.28566551208496
2022-01-27,28.708223342895508
2022-01-28,29.940677642822266
2022-01-31,30.268173217773438
2022-02-01,30.035472869873047
2022-02-02,29.759674072265625
2022-02-03,29.699352264404297
2022-02-04,29.326372146606445
2022-02-07,29.31770133972168
2022-02-08,29.89017105102539
2022-02-09,29.72537612915039
2022-02-10,29.21361541748047
2022-02-11,29.04013442993164
2022-02-14,29.21361541748047
2022-02-15,29.708032608032227
2022-02-16,30.020286560058594
2022-02-17,30.124370574951172
2022-02-18,30.089679718017578
2022-02-22,28.83196258544922
2022-02-23,28.46766471862793
2022-02-24,28.38959312438965
2022-02-25,29.335044860839844
2022-02-28,28.779922485351562
2022-03-01,28.354896545410156
2022-03-02,29.20493507385254
2022-03-03,29.413116455078125
2022-03-04,29.309030532836914
2022-03-07,28.658489227294922
2022-03-08,28.033967971801758
2022-03-09,28.788597106933594
2022-03-10,28.788597106933594
2022-03-11,28.910032272338867
2022-03-14,29.161571502685547
2022-03-15,28.901357650756836
2022-03-16,29.491180419921875
2022-03-17,29.482501983642578
2022-03-18,29.36974334716797
2022-03-21,29.387094497680664
2022-03-22,28.823286056518555
2022-03-23,28.164073944091797
2022-03-24,28.30286407470703
2022-03-25,28.22479248046875
2022-03-28,28.07733726501465
2022-03-29,28.68450927734375
2022-03-30,28.12070655822754
2022-03-31,28.068660736083984
2022-04-01,28.53705406188965
2022-04-04,28.32887840270996
2022-04-05,27.782421112060547
2022-04-06,27.730382919311523
2022-04-07,27.227296829223633
2022-04-08,27.218624114990234
2022-04-11,26.854318618774414
2022-04-12,26.663496017456055
2022-04-13,26.845645904541016
2022-04-14,26.273174285888672
2022-04-18,25.804784774780273
2022-04-19,26.177757263183594
2022-04-20,26.83696937561035
2022-04-21,27.444143295288086
2022-04-22,27.522205352783203
2022-04-25,27.12320899963379
2022-04-26,25.518543243408203
2022-04-27,25.709369659423828
2022-04-28,26.498689651489258
2022-04-29,25.856822967529297
2022-05-02,26.23847007751465
2022-05-03,26.542055130004883
2022-05-04,27.02779769897461
2022-05-05,26.316539764404297
2022-05-06,26.29033088684082
2022-05-09,26.45633316040039
2022-05-10,25.783565521240234
2022-05-11,25.53019142150879
2022-05-12,26.17674446105957
2022-05-13,26.29906463623047
2022-05-16,26.71845054626465
2022-05-17,27.723230361938477
2022-05-18,27.032991409301758
2022-05-19,26.94562339782715
2022-05-20,26.936880111694336
2022-05-23,26.971830368041992
2022-05-24,27.382482528686523
2022-05-25,27.600910186767578
2022-05-26,28.17757225036621
2022-05-27,28.3960018157959
2022-05-31,28.273677825927734
2022-06-01,27.915454864501953
2022-06-02,28.675594329833984
2022-06-03,28.16883087158203
2022-06-06,28.17757225036621
2022-06-07,28.500843048095703
2022-06-08,27.539752960205078
2022-06-09,27.041728973388672
2022-06-10,26.4825439453125
2022-06-13,25.434078216552734
2022-06-14,25.696195602416992
2022-06-15,25.827255249023438
2022-06-16,24.438034057617188
2022-06-17,24.411823272705078
2022-06-21,24.638992309570312
2022-06-22,24.883630752563477
2022-06-23,24.551612854003906
2022-06-24,25.32049560546875
2022-06-27,25.608823776245117
2022-06-28,25.040903091430664
2022-06-29,24.9185848236084
2022-06-30,25.049640655517578
2022-07-01,25.0845890045166
2022-07-05,24.944791793823242
2022-07-06,24.306974411010742
2022-07-07,24.56035614013672
2022-07-08,24.28950309753418
2022-07-11,23.870115280151367
2022-07-12,23.730318069458008
2022-07-13,23.407045364379883
2022-07-14,23.206085205078125
2022-07-15,23.625476837158203
2022-07-18,23.415773391723633
2022-07-19,23.931278228759766
2022-07-20,24.193391799926758
2022-07-21,23.95748519897461
2022-07-22,23.861371994018555
2022-07-25,23.76526641845703
2022-07-26,23.53809928894043
2022-07-27,23.9924373626709
2022-07-28,23.966222763061523
2022-07-29,24.420560836791992
2022-08-01,24.298240661621094
2022-08-02,23.31093406677246
2022-08-03,23.040075302124023
2022-08-04,22.699325561523438
2022-08-05,22.593584060668945
2022-08-08,22.637638092041016
2022-08-09,22.68170166015625
2022-08-10,23.536449432373047
2022-08-11,23.360214233398438
2022-08-12,23.421897888183594
2022-08-15,23.67744255065918
2022-08-16,23.91535758972168
2022-08-17,24.082786560058594
2022-08-18,24.461694717407227
2022-08-19,24.408824920654297
2022-08-22,23.6510066986084
2022-08-23,23.615751266479492
2022-08-24,23.606948852539062
2022-08-25,23.9770450592041
2022-08-26,23.042987823486328
2022-08-29,23.01655387878418
2022-08-30,22.716951370239258
2022-08-31,22.038436889648438
2022-09-01,22.373287200927734
2022-09-02,22.038436889648438
2022-09-06,21.871013641357422
2022-09-07,21.932693481445312
2022-09-08,21.650714874267578
2022-09-09,22.22348403930664
2022-09-12,22.593584060668945
2022-09-13,21.54496955871582
2022-09-14,21.41279411315918
2022-09-15,21.245370864868164
2022-09-16,21.509723663330078
2022-09-19,21.580219268798828
2022-09-20,20.98101234436035
2022-09-21,20.79596519470215
2022-09-22,20.513986587524414
2022-09-23,20.408248901367188
2022-09-26,19.941211700439453
2022-09-27,19.606367111206055
2022-09-28,20.12626838684082
2022-09-29,19.844284057617188
2022-09-30,19.74735450744629
2022-10-03,20.19675636291504
2022-10-04,20.86646270751953
2022-10-05,20.619728088378906
2022-10-06,20.179134368896484
2022-10-07,19.588743209838867
2022-10-10,20.02052116394043
2022-10-11,20.443490982055664
2022-10-12,20.143890380859375
2022-10-13,20.67259979248047
2022-10-14,20.707849502563477
2022-10-17,21.22774887084961
2022-10-18,22.02081298828125
2022-10-19,22.13536834716797
2022-10-20,21.79170036315918
2022-10-21,22.558334350585938
2022-10-24,22.769819259643555
2022-10-25,22.94605827331543
2022-10-26,23.07823371887207
2022-10-27,23.157541275024414
2022-10-28,23.950605392456055
2022-10-31,23.68625259399414
2022-11-01,23.774368286132812
2022-11-02,23.131107330322266
2022-11-03,22.68170166015625
2022-11-04,23.07823371887207
2022-11-07,23.47476577758789
2022-11-08,23.342592239379883
2022-11-09,23.07823371887207
2022-11-10,23.9329833984375
2022-11-11,24.179716110229492
2022-11-14,24.364763259887695
2022-11-15,24.541004180908203
2022-11-16,24.22377586364746
2022-11-17,24.593868255615234
2022-11-18,26.444360733032227
2022-11-21,26.84089469909668
2022-11-22,27.65158462524414
2022-11-23,27.695642471313477
2022-11-25,27.890932083129883
2022-11-28,28.02408790588379
2022-11-29,28.530065536499023
2022-11-30,28.103979110717773
2022-12-01,28.37915802001953
2022-12-02,28.219375610351562
2022-12-05,28.174991607666016
2022-12-06,28.450170516967773
2022-12-07,28.37915802001953
2022-12-08,27.59799575805664
2022-12-09,27.455974578857422
2022-12-12,27.296188354492188
2022-12-13,26.74582290649414
2022-12-14,27.740028381347656
2022-12-15,27.571367263793945
2022-12-16,26.736949920654297
2022-12-19,26.949993133544922
2022-12-20,26.7103214263916
2022-12-21,27.003252029418945
2022-12-22,27.127531051635742
2022-12-23,27.06538963317871
2022-12-27,27.38495445251465
2022-12-28,26.7103214263916
2022-12-29,27.20741844177246
2022-12-30,27.021007537841797
2023-01-03,29.462129592895508
2023-01-04,30.474084854125977
2023-01-05,31.912134170532227
2023-01-06,32.93296432495117
2023-01-09,32.88856887817383
2023-01-10,32.524627685546875
2023-01-11,32.50687026977539
2023-01-12,32.97734832763672
2023-01-13,32.97734832763672
2023-01-17,32.88856887817383
2023-01-18,32.85306167602539
2023-01-19,32.240570068359375
2023-01-20,32.12516784667969
2023-01-23,31.96538734436035
2023-01-24,32.08966827392578
2023-01-25,33.33241653442383
2023-01-26,33.3412971496582
2023-01-27,30.69600486755371
2023-01-30,31.281871795654297
2023-01-31,32.87969970703125
2023-02-01,33.021724700927734
2023-02-02,33.88277816772461
2023-02-03,34.48113250732422
2023-02-06,33.94529724121094
2023-02-07,33.54341506958008
2023-02-08,33.087947845458984
2023-02-09,33.02544021606445
2023-02-10,33.42731475830078
2023-02-13,34.04353332519531
2023-02-14,34.222145080566406
2023-02-15,34.972320556640625
2023-02-16,34.972320556640625
2023-02-17,35.05269241333008
2023-02-21,34.07032775878906
2023-02-22,33.90957260131836
2023-02-23,34.195350646972656
2023-02-24,33.40053176879883
2023-02-27,33.37372970581055
2023-02-28,34.079246520996094
2023-03-01,34.5079231262207
2023-03-02,35.17771911621094
2023-03-03,34.802635192871094
2023-03-06,33.409454345703125
2023-03-07,33.43625259399414
2023-03-08,33.30229568481445
2023-03-09,32.820030212402344
2023-03-10,32.3824348449707
2023-03-13,31.55188751220703
2023-03-14,32.007347106933594
2023-03-15,32.07878494262695
2023-03-16,32.239540100097656
2023-03-17,31.15894317626953
2023-03-20,31.560810089111328
2023-03-21,32.21275329589844
2023-03-22,31.65012550354004
2023-03-23,30.819570541381836
2023-03-24,31.01605224609375
2023-03-27,31.30182456970215
2023-03-28,31.68585205078125
2023-03-29,31.417924880981445
2023-03-30,31.8287353515625
2023-03-31,32.203826904296875
2023-04-03,32.052001953125
2023-04-04,31.569746017456055
2023-04-05,31.35541343688965
2023-04-06,31.578676223754883
2023-04-10,32.18596267700195
2023-04-11,32.650360107421875
2023-04-12,33.00757598876953
2023-04-13,33.43625259399414
2023-04-14,33.13261032104492
2023-04-17,33.73095703125
2023-04-18,34.14177322387695
2023-04-19,34.347171783447266
2023-04-20,34.53470993041992
2023-04-21,34.04353332519531
2023-04-24,33.686302185058594
2023-04-25,32.328853607177734
2023-04-26,31.578676223754883
2023-04-27,32.03414535522461
2023-04-28,33.82026290893555
2023-05-01,35.31168746948242
2023-05-02,34.793704986572266
2023-05-03,33.65058898925781
2023-05-04,33.087947845458984
2023-05-05,34.220245361328125
2023-05-08,33.645111083984375
2023-05-09,33.57322311401367
2023-05-10,33.88774490356445
2023-05-11,33.842811584472656
2023-05-12,34.013553619384766
2023-05-15,34.184303283691406
2023-05-16,33.645111083984375
2023-05-17,34.52577590942383
2023-05-18,35.27165222167969
2023-05-19,35.52327346801758
2023-05-22,35.31657791137695
2023-05-23,36.06245040893555
2023-05-24,35.738948822021484
2023-05-25,34.858280181884766
2023-05-26,35.45137405395508
2023-05-30,35.50530242919922
2023-05-31,34.5976676940918
2023-06-01,34.82233810424805
2023-06-02,36.376983642578125
2023-06-05,35.02901840209961
2023-06-06,35.460365295410156
2023-06-07,37.509273529052734
2023-06-08,36.91616439819336
2023-06-09,36.799339294433594
2023-06-12,36.93413543701172
2023-06-13,37.18575668334961
2023-06-14,36.664546966552734
2023-06-15,37.59013748168945
2023-06-16,37.30257797241211
2023-06-20,37.10487365722656
2023-06-21,36.90717315673828
2023-06-22,36.655555725097656
2023-06-23,35.76590347290039
2023-06-26,36.07143783569336
2023-06-27,36.188262939453125
2023-06-28,36.835289001464844
2023-06-29,37.77886199951172
2023-06-30,38.30007553100586
2023-07-03,38.83026885986328
2023-07-05,40.6724739074707
2023-07-06,41.157745361328125
2023-07-07,41.5890998840332
2023-07-10,41.53517532348633
2023-07-11,40.87018585205078
2023-07-12,42.02043533325195
2023-07-13,42.523681640625
2023-07-14,43.26056671142578
2023-07-17,42.23611831665039
2023-07-18,42.272071838378906
2023-07-19,42.55064010620117
2023-07-20,43.557125091552734
2023-07-21,42.514705657958984
2023-07-24,42.829219818115234
2023-07-25,43.035911560058594
2023-07-26,43.53015899658203
2023-07-27,42.946048736572266
2023-07-28,41.53517532348633
2023-07-31,41.247615814208984
2023-08-01,41.13977813720703
2023-08-02,40.6455192565918
2023-08-03,40.84322738647461
2023-08-04,41.36708450317383
2023-08-07,41.719337463378906
2023-08-08,41.394187927246094
2023-08-09,40.55419921875
2023-08-10,39.94904708862305
2023-08-11,39.27163314819336
2023-08-14,39.16324996948242
2023-08-15,38.99163818359375
2023-08-16,38.95551681518555
2023-08-17,38.4316520690918
2023-08-18,38.26003646850586
2023-08-21,37.86262512207031
2023-08-22,37.12199020385742
2023-08-23,37.438114166259766
2023-08-24,37.11295700073242
2023-08-25,37.12199020385742
2023-08-28,37.501338958740234
2023-08-29,38.540035247802734
2023-08-30,39.39808654785156
2023-08-31,38.09746551513672
2023-09-01,38.24197769165039
2023-09-05,36.32716751098633
2023-09-06,37.140052795410156
2023-09-07,36.28200149536133
2023-09-08,35.261375427246094
2023-09-11,34.85493087768555
2023-09-12,34.62009811401367
2023-09-13,34.80977249145508
2023-09-14,36.3542594909668
2023-09-15,35.65878677368164
2023-09-18,36.23684310913086
2023-09-19,36.76974105834961
2023-09-20,36.86006164550781
2023-09-21,36.84199523925781
2023-09-22,36.08330535888672
2023-09-25,35.974918365478516
2023-09-26,34.62912368774414
2023-09-27,35.3878288269043
2023-09-28,35.947818756103516
2023-09-29,35.143951416015625
2023-10-02,34.88202667236328
2023-10-03,33.67172622680664
2023-10-04,34.11429214477539
2023-10-05,34.466548919677734
2023-10-06,35.414920806884766
2023-10-09,35.89362716674805
2023-10-10,36.13749694824219
2023-10-11,36.81488800048828
2023-10-12,35.622657775878906
2023-10-13,35.12588882446289
2023-10-16,35.35169982910156
2023-10-17,35.85749435424805
2023-10-18,35.143951416015625
2023-10-19,33.74397659301758
2023-10-20,33.61753463745117
2023-10-23,32.68722152709961
2023-10-24,32.65109634399414
2023-10-25,32.14529037475586
2023-10-26,32.362064361572266
2023-10-27,31.80207633972168
2023-10-30,32.10013961791992
2023-10-31,32.00981140136719
2023-11-01,31.76595115661621
2023-11-02,32.470455169677734
2023-11-03,32.723350524902344
2023-11-06,32.777549743652344
2023-11-07,32.56077575683594
2023-11-08,32.67818832397461
2023-11-09,32.642059326171875
2023-11-10,33.67172622680664
2023-11-13,33.53624725341797
2023-11-14,35.252342224121094
2023-11-15,34.39429473876953
2023-11-16,34.48461151123047
2023-11-17,33.15689468383789
2023-11-20,32.33496856689453
2023-11-21,31.594335556030273
2023-11-22,31.485952377319336
2023-11-24,31.222209930419922
2023-11-27,31.822460174560547
2023-11-28,31.395002365112305
2023-11-29,30.94026756286621
2023-11-30,31.05849838256836
2023-12-01,31.713321685791016
2023-12-04,32.13167190551758
2023-12-05,31.349531173706055
2023-12-06,31.513235092163086
2023-12-07,31.431386947631836
2023-12-08,31.358627319335938
2023-12-11,31.17673110961914
2023-12-12,31.395002365112305
2023-12-13,32.022544860839844
2023-12-14,32.17715072631836
2023-12-15,32.36813735961914
2023-12-18,33.03205490112305
2023-12-19,34.27803421020508
2023-12-20,33.53226852416992
2023-12-21,34.25074768066406
2023-12-22,34.996517181396484
2023-12-26,35.21479797363281
2023-12-27,34.8964729309082
2023-12-28,34.287132263183594
2023-12-29,33.33218002319336
2024-01-02,33.432220458984375
2024-01-03,32.158958435058594
2024-01-04,31.8315486907959
2024-01-05,31.867929458618164
2024-01-08,32.08620834350586
2024-01-09,31.7042293548584
2024-01-10,31.913408279418945
2024-01-11,31.595090866088867
2024-01-12,31.55870819091797
2024-01-16,30.74928092956543
2024-01-17,30.03079605102539
2024-01-18,30.303634643554688
2024-01-19,30.312732696533203
2024-01-22,30.949363708496094
2024-01-23,30.94026756286621
2024-01-24,30.75837516784668
2024-01-25,31.58599281311035
2024-01-26,31.222209930419922
2024-01-29,31.322248458862305
2024-01-30,31.131258010864258
2024-01-31,29.921663284301758
2024-02-01,30.403682708740234
2024-02-02,28.113557815551758
2024-02-05,25.924198150634766
2024-02-06,26.62039566040039
2024-02-07,25.67686653137207
2024-02-08,26.363901138305664
2024-02-09,26.83108901977539
2024-02-12,27.344078063964844
2024-02-13,25.228004455566406
2024-02-14,25.319604873657227
2024-02-15,26.3455810546875
2024-02-16,25.95168113708496
2024-02-20,25.466171264648438
2024-02-21,26.089088439941406
2024-02-22,25.887556076049805
2024-02-23,26.263137817382812
2024-02-26,25.960840225219727
2024-02-27,26.693681716918945
2024-02-28,26.336421966552734
2024-02-29,26.510473251342773
2024-03-01,26.15321159362793
2024-03-04,26.382225036621094
2024-03-05,26.83108901977539
2024-03-06,27.142545700073242
2024-03-07,27.389881134033203
2024-03-08,27.142545700073242
2024-03-11,27.27079200744629
2024-03-12,26.886049270629883
2024-03-13,26.501310348510742
2024-03-14,25.447853088378906
2024-03-15,26.418867111206055
2024-03-18,25.924198150634766
2024-03-19,26.391382217407227
2024-03-20,26.70284080505371
2024-03-21,27.27079200744629
2024-03-22,26.794445037841797
2024-03-25,26.794445037841797
2024-03-26,26.693681716918945
2024-03-27,28.04027557373047
2024-03-28,28.47081756591797
2024-04-01,27.380714416503906
2024-04-02,26.57459259033203
2024-04-03,26.15321159362793
2024-04-04,25.85091209411621
2024-04-05,25.4844970703125
2024-04-08,25.68602752685547
2024-04-09,26.162370681762695
2024-04-10,25.209680557250977
2024-04-11,25.12723731994629
2024-04-12,24.421876907348633
2024-04-15,24.394393920898438
2024-04-16,23.963851928710938
2024-04-17,23.652393341064453
2024-04-18,23.560787200927734
2024-04-19,24.211185455322266
2024-04-22,24.476842880249023
2024-04-23,24.989831924438477
2024-04-24,24.660051345825195
2024-04-25,25.237159729003906
2024-04-26,24.870744705200195
2024-04-29,25.246320724487305
2024-04-30,24.71501350402832
2024-05-01,24.467679977416992
2024-05-02,24.843263626098633
2024-05-03,26.423694610595703
2024-05-06,25.776731491088867
2024-05-07,26.53459930419922
2024-05-08,26.5161190032959
2024-05-09,26.617778778076172
2024-05-10,26.6455078125
2024-05-13,26.747175216674805
2024-05-14,27.0614070892334
2024-05-15,26.904293060302734
2024-05-16,27.4495849609375
2024-05-17,27.005956649780273
2024-05-20,26.442176818847656
2024-05-21,26.479145050048828
2024-05-22,26.183391571044922
2024-05-23,26.146421432495117
2024-05-24,26.25733184814453
2024-05-28,26.109453201293945
2024-05-29,25.79521369934082
2024-05-30,26.090967178344727
2024-05-31,26.183391571044922
2024-06-03,26.081724166870117
2024-06-04,25.859912872314453
2024-06-05,26.57156753540039
2024-06-06,25.45325469970703
2024-06-07,25.360830307006836
2024-06-10,24.99113655090332
2024-06-11,24.741596221923828
2024-06-12,25.185226440429688
2024-06-13,24.963411331176758
2024-06-14,24.44584083557129
2024-06-17,22.70829200744629
2024-06-18,22.467992782592773
2024-06-20,22.689807891845703
2024-06-21,23.096467971801758
2024-06-24,23.54934310913086
2024-06-25,23.40146255493164
2024-06-26,23.512372970581055
2024-06-27,23.179649353027344
2024-06-28,23.15192222595215
2024-07-01,22.717538833618164
2024-07-02,22.745264053344727
2024-07-03,22.606626510620117
2024-07-05,22.13527488708496
2024-07-08,22.209209442138672
2024-07-09,21.73785400390625
2024-07-10,22.22769546508789
2024-07-11,23.40146255493164
2024-07-12,23.410707473754883
2024-07-15,23.669492721557617
2024-07-16,25.277647018432617
2024-07-17,25.619611740112305
2024-07-18,25.11128807067871
2024-07-19,25.157501220703125
2024-07-22,25.175981521606445
2024-07-23,25.841428756713867
2024-07-24,25.185226440429688
2024-07-25,26.608537673950195
2024-07-26,25.9708194732666
2024-07-29,25.86915397644043
2024-07-30,26.663990020751953
2024-07-31,26.756412506103516
2024-08-01,25.924606323242188
2024-08-02,24.630687713623047
2024-08-05,23.51153564453125
2024-08-06,23.828628540039062
2024-08-07,23.809974670410156
2024-08-08,24.145721435546875
2024-08-09,24.34157371520996
2024-08-12,22.895999908447266
2024-08-13,23.007917404174805
2024-08-14,22.868022918701172
2024-08-15,24.052461624145508
2024-08-16,23.72603988647461
2024-08-19,23.576818466186523
2024-08-20,23.25972557067871
2024-08-21,23.55816650390625
2024-08-22,23.68873405456543
2024-08-23,24.071109771728516
2024-08-26,23.968523025512695
2024-08-27,23.744691848754883
2024-08-28,23.698062896728516
2024-08-29,23.68873405456543
2024-08-30,23.623451232910156
2024-09-03,22.82139015197754
2024-09-04,22.597558975219727
2024-09-05,22.70014762878418
2024-09-06,21.748868942260742
2024-09-09,21.422449111938477
2024-09-10,21.832805633544922
2024-09-11,21.450428009033203
2024-09-12,21.82347869873047
2024-09-13,22.448339462280273
2024-09-16,22.411033630371094
2024-09-17,22.336427688598633
2024-09-18,22.336427688598633
2024-09-19,22.63486671447754
2024-09-20,21.786174774169922
2024-09-23,21.534366607666016
2024-09-24,22.103267669677734
2024-09-25,20.974788665771484
2024-09-26,21.25457763671875
2024-09-27,21.422449111938477
2024-09-30,21.63695526123047
2024-10-01,21.18929100036621
2024-10-02,20.7789363861084
2024-10-03,20.182052612304688
2024-10-04,20.443191528320312
2024-10-07,19.92091941833496
2024-10-08,20.107444763183594
2024-10-09,20.200708389282227
2024-10-10,20.182052612304688
2024-10-11,20.508472442626953
2024-10-14,20.200708389282227
2024-10-15,20.284645080566406
2024-10-16,20.79758644104004
2024-10-17,21.030742645263672
2024-10-18,21.20794677734375
2024-10-21,21.142662048339844
2024-10-22,20.760286331176758
2024-10-23,20.704326629638672
2024-10-24,20.900177001953125
2024-10-25,21.282554626464844
2024-10-28,21.96337127685547
2024-10-29,21.832805633544922
2024-10-30,21.580995559692383
2024-10-31,21.72089385986328
2024-11-01,21.68358612060547
2024-11-04,21.469079971313477
2024-11-05,21.879436492919922
2024-11-06,23.315685272216797
2024-11-07,22.756107330322266
2024-11-08,22.886674880981445
2024-11-11,22.718801498413086
2024-11-12,22.63486671447754
2024-11-13,22.327098846435547
2024-11-14,22.112592697143555
2024-11-15,22.25248908996582
2024-11-18,22.112592697143555
2024-11-19,22.289793014526367
2024-11-20,22.46699333190918
2024-11-21,23.772668838500977
2024-11-22,28.76222801208496
2024-11-25,29.415067672729492
2024-11-26,28.27726173400879
2024-11-27,28.305238723754883
2024-11-29,28.12803840637207
2024-12-02,28.184463500976562
2024-12-03,28.1374454498291
2024-12-04,29.32237434387207
2024-12-05,28.635868072509766
2024-12-06,27.742464065551758
2024-12-09,28.09982681274414
2024-12-10,29.134292602539062
2024-12-11,28.56063461303711
2024-12-12,28.56063461303711
2024-12-13,28.45718765258789
2024-12-16,27.892934799194336
2024-12-17,27.78948974609375
2024-12-18,26.11553382873535
2024-12-19,26.05910873413086
2024-12-20,25.908639907836914
2024-12-23,25.739368438720703
2024-12-24,26.162555694580078
2024-12-26,26.7174072265625
2024-12-27,26.11553382873535
2024-12-30,26.040302276611328
2024-12-31,26.03089714050293
2025-01-02,25.41962242126465
2025-01-03,25.89923667907715
2025-01-06,25.701749801635742
2025-01-07,25.485450744628906
2025-01-08,29.181316375732422
2025-01-10,27.921146392822266
2025-01-13,28.701696395874023
2025-01-14,28.692291259765625
2025-01-15,29.275354385375977
2025-01-16,29.46343994140625
2025-01-17,29.17190933227539
2025-01-21,29.284757614135742
2025-01-22,28.466590881347656
2025-01-23,28.363142013549805
2025-01-24,27.244043350219727
2025-01-27,27.14059829711914
2025-01-28,26.839662551879883
2025-01-29,26.62336540222168
2025-01-30,27.403913497924805
2025-01-31,26.32242774963379
2025-02-03,26.275407791137695
2025-02-04,25.494855880737305
2025-02-05,25.146900177001953
2025-02-06,27.714252471923828
2025-02-07,24.968215942382812
2025-02-10,23.515697479248047
2025-02-11,23.430253982543945
2025-02-12,23.344812393188477
2025-02-13,23.70556640625
2025-02-14,24.427085876464844
2025-02-18,24.503032684326172
2025-02-19,23.781517028808594
2025-02-20,23.363800048828125
2025-02-21,23.02202796936035
2025-02-24,23.154937744140625
2025-02-25,23.449241638183594
2025-02-26,24.075820922851562
2025-02-27,23.525190353393555
2025-02-28,23.65810203552246
2025-03-03,22.708740234375
2025-03-04,22.281524658203125
2025-03-05,22.15810775756836
2025-03-06,22.784687042236328
2025-03-07,23.354305267333984
2025-03-10,22.442916870117188
2025-03-11,21.82583236694336
2025-03-12,21.635961532592773
2025-03-13,21.43659210205078
2025-03-14,21.408111572265625
2025-03-17,21.72140121459961
2025-03-18,21.569501876831055
2025-03-19,21.91127586364746
2025-03-20,21.97772979736328
2025-03-21,21.97772979736328
2025-03-24,22.51886749267578
2025-03-25,21.97772979736328
2025-03-26,22.053680419921875
2025-03-27,22.177095413208008
2025-03-28,21.3796329498291
2025-03-31,21.113811492919922
2025-04-01,20.78153419494629
2025-04-02,21.294189453125
2025-04-03,19.57584571838379
2025-04-04,18.96825408935547
2025-04-07,18.873315811157227
2025-04-08,18.15180206298828
2025-04-09,19.670780181884766
2025-04-10,19.291034698486328
2025-04-11,19.48090934753418
2025-04-14,20.022043228149414
2025-04-15,19.794198989868164
2025-04-16,18.892301559448242
2025-04-17,18.522052764892578
2025-04-21,18.398632049560547
2025-04-22,18.493572235107422
2025-04-23,18.92078399658203
2025-04-24,19.452425003051758
2025-04-25,19.49989891052246
2025-04-28,19.6328067779541
2025-04-29,20.392295837402344
2025-04-30,19.414451599121094
2025-05-01,18.81635284423828
2025-05-02,18.81635284423828
2025-05-05,17.99041175842285
2025-05-06,17.848005294799805
2025-05-07,18.1328125
2025-05-08,18.835342407226562
2025-05-09,19.37647819519043
2025-05-12,20.010826110839844
2025-05-13,20.395278930664062
2025-05-14,19.645597457885742
2025-05-15,19.87626838684082
2025-05-16,20.116552352905273
2025-05-19,19.885879516601562
2025-05-20,19.895490646362305
2025-05-21,19.39569854736328
2025-05-22,19.991601943969727
2025-05-23,20.039661407470703
2025-05-27,20.895071029663086
2025-05-28,21.03923988342285
2025-05-29,21.077686309814453
2025-05-30,20.616342544555664
2025-06-02,20.433725357055664
2025-06-03,21.289134979248047
2025-06-04,21.60630989074707
2025-06-05,21.29874610900879
2025-06-06,21.250690460205078
2025-06-09,21.923484802246094
2025-06-10,22.144548416137695
2025-06-11,21.78892707824707
2025-06-12,21.7120361328125
2025-06-13,21.000795364379883
2025-06-16,21.154577255249023
2025-06-17,20.2895565032959
2025-06-18,20.462560653686523
2025-06-20,20.212665557861328
2025-06-23,20.549060821533203
2025-06-24,20.80856704711914
2025-06-25,20.9815731048584
2025-06-26,22.83656120300293
2025-06-27,23.41324234008789
2025-06-30,22.98073387145996
2025-07-01,23.63430404663086
2025-07-02,24.614662170410156
2025-07-03,24.451271057128906
2025-07-07,23.288297653198242
2025-07-08,23.66313934326172
2025-07-09,23.884201049804688
2025-07-10,24.85494613647461
2025-07-11,24.422435760498047
2025-07-14,24.143705368041992
2025-07-15,23.643917083740234
2025-07-16,23.980314254760742
2025-07-17,24.55699348449707
2025-07-18,24.01875877380371
2025-07-21,23.68235969543457
2025-07-22,24.047592163085938
2025-07-23,24.62427520751953
2025-07-24,23.807310104370117
2025-07-25,23.711196899414062
2025-07-28,23.0960693359375
2025-07-29,22.94228744506836
2025-07-30,22.538612365722656
2025-07-31,22.577056884765625
2025-08-01,22.144548416137695
2025-08-04,22.2598819732666
2025-08-05,23.13451385498047
2025-08-06,24.143705368041992
2025-08-07,22.807729721069336
2025-08-08,22.663558959960938
2025-08-11,22.721843719482422
2025-08-12,23.36298942565918
2025-08-13,24.64528465270996
2025-08-14,23.55727767944336
2025-08-15,23.090988159179688
2025-08-18,23.071561813354492
2025-08-19,23.149274826049805
2025-08-20,22.84813117980957
2025-08-21,23.05213165283203
2025-08-22,24.24699592590332
2025-08-25,23.751564025878906
2025-08-26,23.50870704650879
2025-08-27,23.256134033203125
2025-08-28,23.498992919921875
2025-08-29,23.868135452270508
2025-09-02,23.4698486328125
2025-09-03,23.53784942626953
2025-09-04,24.17899513244629
2025-09-05,24.188711166381836
2025-09-08,24.208139419555664
2025-09-09,23.664134979248047
2025-09-10,24.013851165771484
2025-09-11,24.441282272338867
2025-09-12,24.062423706054688
2025-09-15,24.946428298950195
2025-09-16,24.84928321838379
2025-09-17,24.28585433959961
2025-09-18,25.150428771972656
2025-09-19,24.334423065185547
2025-09-22,24.548141479492188
2025-09-23,24.29556655883789
2025-09-24,23.984710693359375
2025-09-25,23.372705459594727
2025-09-26,23.382417678833008
2025-09-29,23.217275619506836
2025-09-30,23.5864200592041
2025-10-01,23.372705459594727
2025-10-02,24.237281799316406
2025-10-03,24.0235652923584
2025-10-06,23.60584831237793
2025-10-07,22.925846099853516
2025-10-08,22.556699752807617
2025-10-09,22.342985153198242
2025-10-10,21.77955436706543
2025-10-13,21.439550399780273
2025-10-14,22.15841293334961
2025-10-15,22.634414672851562
2025-10-16,22.663558959960938
2025-10-17,22.48870086669922
2025-10-20,22.498414993286133
2025-10-21,22.69270133972168
2025-10-22,22.62470245361328
2025-10-23,23.081274032592773
2025-10-24,22.945274353027344
2025-10-27,22.73155975341797
2025-10-28,22.644128799438477
2025-10-29,22.498414993286133
2025-10-30,22.420700073242188
2025-10-31,22.750988006591797
2025-11-03,22.76070213317871
2025-11-04,22.440128326416016
2025-11-05,22.44984245300293
2025-11-06,22.585844039916992
2025-11-07,22.352699279785156
2025-11-10,22.69270133972168
2025-11-11,22.91613006591797
2025-11-12,23.032703399658203
2025-11-13,24.897857666015625
2025-11-14,24.528711318969727
2025-11-17,23.654420852661133
2025-11-18,23.84870719909668
2025-11-19,24.130422592163086
2025-11-20,23.945852279663086
2025-11-21,23.809850692749023
2025-11-24,23.50870704650879
2025-11-25,24.470426559448242
2025-11-26,24.208139419555664
2025-11-28,23.8389949798584
2025-12-01,24.04022789001465
2025-12-02,24.00096321105957
2025-12-03,24.334718704223633
2025-12-04,24.0500431060791
2025-12-05,24.059860229492188
2025-12-08,24.786270141601562
2025-12-09,25.571577072143555
2025-12-10,26.445234298706055
2025-12-11,26.700458526611328
2025-12-12,26.042762756347656
2025-12-15,26.35688591003418
2025-12-16,26.50412940979004
2025-12-17,26.661191940307617
2025-12-18,26.89678382873535
2025-12-19,25.522497177124023
2025-12-22,25.532312393188477
2025-12-23,25.47341537475586
2025-12-24,26.13111114501953
2025-12-26,26.366701126098633
2025-12-29,26.268539428710938
2025-12-30,25.983863830566406
2025-12-31,25.64029312133789
2026-01-02,25.453781127929688
2026-01-05,25.69919204711914
2026-01-06,26.396150588989258
2026-01-07,26.150741577148438
2026-01-08,27.417049407958984
2026-01-09,28.035478591918945
2026-01-12,27.731172561645508
2026-01-13,26.89678382873535
2026-01-14,27.309070587158203
2026-01-15,28.16309356689453
2026-01-16,26.857519149780273
2026-01-20,25.7286376953125
2026-01-21,26.778989791870117
2026-01-22,27.456314086914062
2026-01-23,26.003498077392578
2026-01-26,26.13111114501953
2026-01-27,25.512680053710938
2026-01-28,25.414514541625977
2026-01-29,25.542129516601562
2026-01-30,25.807170867919922
2026-02-02,26.160558700561523
2026-02-03,25.944599151611328
2026-02-04,25.836618423461914
2026-02-05,25.905332565307617
2026-02-06,26.661191940307617
2026-02-09,26.35895538330078
2026-02-10,26.19049644470215
2026-02-11,26.012126922607422
2026-02-12,25.477020263671875
2026-02-13,25.85357666015625
2026-02-17,26.25986099243164
2026-02-18,26.30940818786621
2026-02-19,26.131040573120117
2026-02-20,26.140949249267578
2026-02-23,25.863487243652344
2026-02-24,26.507596969604492
2026-02-25,26.15085792541504
2026-02-26,26.527416229248047
2026-02-27,26.19049644470215
2026-03-02,26.111221313476562
2026-03-03,26.00221824645996
2026-03-04,25.90312385559082
2026-03-05,25.49683952331543
2026-03-06,25.417564392089844
2026-03-09,25.784212112426758
2026-03-10,25.90312385559082
2026-03-11,25.63557243347168
2026-03-12,24.723909378051758
2026-03-13,24.24825668334961
2026-03-16,24.39689826965332
2026-03-17,24.585176467895508
2026-03-18,24.1491641998291
2026-03-19,24.23834800720215
2026-03-20,23.69333267211914
2026-03-23,24.624814987182617
2026-03-24,24.862638473510742
2026-03-25,25.169830322265625
2026-03-26,25.04100799560547
2026-03-27,24.971643447875977
2026-03-30,24.941913604736328
2026-03-31,25.586023330688477
2026-04-01,25.050918579101562
2026-04-02,25.15001106262207
2026-04-06,25.377927780151367
2026-04-07,25.645479202270508
2026-04-08,26.160768508911133
2026-04-09,26.666147232055664
2026-04-10,26.973337173461914
2026-04-13,26.824695587158203
2026-04-14,26.74542236328125
2026-04-15,26.44814109802246
2026-04-16,26.69587516784668
2026-04-17,27.290437698364258
2026-04-20,27.1616153717041
2026-04-21,26.913881301879883
2026-04-22,27.80572509765625
2026-04-23,27.885000228881836
2026-04-24,27.894908905029297
2026-04-27,28.033641815185547
2026-04-28,27.964275360107422
2026-04-29,27.528263092041016
2026-04-30,28.281375885009766
2026-05-01,28.35074234008789
2026-05-04,27.15170669555664
2026-05-05,28.321012496948242
2026-05-06,27.81563377380371
2026-05-07,27.40934944152832
2026-05-08,27.885000228881836
2026-05-11,27.770000457763672
2026-05-12,27.860000610351562
2026-05-13,27.790000915527344
2026-05-14,27.31999969482422
2026-05-15,26.510000228881836
2026-05-18,26.850000381469727
2026-05-19,26.940000534057617
2026-05-20,27.1200008392334
2026-05-21,26.450000762939453
2026-05-22,26.760000228881836
2026-05-26,27.290000915527344
2026-05-27,27.18000030517578
2026-05-28,27.06999969482422
2026-05-29,26.540000915527344
2026-06-01,26.420000076293945
2026-06-02,26.100000381469727
2026-06-03,25.440000534057617
2026-06-04,25.510000228881836
2026-06-05,25.350000381469727
2026-06-08,25.440000534057617
2026-06-09,25.530000686645508
2026-06-10,25.579999923706055
2026-06-11,25.850000381469727
2026-06-12,26.81999969482422
2026-06-15,26.43000030517578
2026-06-16,26.579999923706055
2026-06-17,25.489999771118164
2026-06-18,26.360000610351562
2026-06-22,26.1200008392334
2026-06-23,25.899999618530273
2026-06-24,26.329999923706055
2026-06-25,26.34000015258789
2026-06-26,27.25
2026-06-29,26.610000610351562
2026-06-30,26.920000076293945
2026-07-01,26.649999618530273
2026-07-02,26.690000534057617
2026-07-06,26.510000228881836
2026-07-07,27.0
2026-07-08,26.209999084472656
2026-07-09,26.979999542236328
2026-07-10,26.65999984741211
2026-07-13,26.6299991607666
2026-07-14,26.459999084472656
2026-07-15,26.719999313354492
2026-07-16,27.950000762939453
2026-07-17,27.459999084472656
2026-07-20,27.1200008392334
2026-07-21,27.489999771118164
2026-07-22,27.719999313354492
2026-07-23,27.040000915527344
2026-07-24,27.690000534057617
2026-07-27,28.149999618530273
2026-07-28,28.850000381469727
2026-07-29,28.420000076293945
2026-07-30,27.75
2026-07-31,27.75
2026-08-03,28.270000457763672
