Date,Close
1992-04-13,1.885117530822754
1992-04-14,1.885117530822754
1992-04-15,1.885117530822754
1992-04-16,1.885117530822754
1992-04-20,1.885117530822754
1992-04-21,1.885117530822754
1992-04-22,1.885117530822754
1992-04-23,1.885117530822754
1992-04-24,1.885117530822754
1992-04-27,1.885117530822754
1992-04-28,1.885117530822754
1992-04-29,1.885117530822754
1992-04-30,1.885117530822754
1992-05-01,1.9008275270462036
1992-05-04,1.8694082498550415
1992-05-05,1.8537003993988037
1992-05-06,1.8694082498550415
1992-05-07,1.885117530822754
1992-05-08,1.885117530822754
1992-05-11,1.8694082498550415
1992-05-12,1.8222812414169312
1992-05-13,1.8694082498550415
1992-05-14,1.885117530822754
1992-05-15,1.8694082498550415
1992-05-18,1.8694082498550415
1992-05-19,1.8694082498550415
1992-05-20,1.885117530822754
1992-05-21,1.885117530822754
1992-05-22,1.8694082498550415
1992-05-26,1.8537003993988037
1992-05-27,1.8694082498550415
1992-05-28,1.8694082498550415
1992-05-29,1.885117530822754
1992-06-01,1.8537003993988037
1992-06-02,1.8537003993988037
1992-06-03,1.8537003993988037
1992-06-04,1.8537003993988037
1992-06-05,1.8537003993988037
1992-06-08,1.8065719604492188
1992-06-09,1.8222812414169312
1992-06-10,1.8537003993988037
1992-06-11,1.8537003993988037
1992-06-12,1.8444947004318237
1992-06-15,1.876023530960083
1992-06-16,1.8444947004318237
1992-06-17,1.8602579832077026
1992-06-18,1.8444947004318237
1992-06-19,1.8287291526794434
1992-06-22,1.8287291526794434
1992-06-23,1.8602579832077026
1992-06-24,1.8602579832077026
1992-06-25,1.876023530960083
1992-06-26,1.876023530960083
1992-06-29,1.8602579832077026
1992-06-30,1.8602579832077026
1992-07-01,1.8602579832077026
1992-07-02,1.891785979270935
1992-07-06,1.876023530960083
1992-07-07,1.891785979270935
1992-07-08,1.907551884651184
1992-07-09,1.876023530960083
1992-07-10,1.876023530960083
1992-07-13,1.8706965446472168
1992-07-14,1.918256402015686
1992-07-15,1.9024029970169067
1992-07-16,1.9024029970169067
1992-07-17,1.9024029970169067
1992-07-20,1.8865493535995483
1992-07-21,1.9341117143630981
1992-07-22,1.918256402015686
1992-07-23,1.918256402015686
1992-07-24,1.918256402015686
1992-07-27,1.9499646425247192
1992-07-28,1.9341117143630981
1992-07-29,1.9499646425247192
1992-07-30,1.9499646425247192
1992-07-31,1.9341117143630981
1992-08-03,1.9816697835922241
1992-08-04,1.9658174514770508
1992-08-05,1.9499646425247192
1992-08-06,1.9499646425247192
1992-08-07,1.9658174514770508
1992-08-10,1.9658174514770508
1992-08-11,1.9447752237319946
1992-08-12,1.9607157707214355
1992-08-13,1.976656436920166
1992-08-14,1.9607157707214355
1992-08-17,1.9607157707214355
1992-08-18,1.976656436920166
1992-08-19,1.976656436920166
1992-08-20,1.9447752237319946
1992-08-21,1.9607157707214355
1992-08-24,1.9607157707214355
1992-08-25,1.9607157707214355
1992-08-26,1.9447752237319946
1992-08-27,1.9607157707214355
1992-08-28,1.9288341999053955
1992-08-31,1.9128931760787964
1992-09-01,1.9288341999053955
1992-09-02,1.9607157707214355
1992-09-03,1.9447752237319946
1992-09-04,1.9447752237319946
1992-09-08,1.9447752237319946
1992-09-09,1.9925973415374756
1992-09-10,1.9925973415374756
1992-09-11,1.9925973415374756
1992-09-14,1.9554131031036377
1992-09-15,1.9554131031036377
1992-09-16,1.9874670505523682
1992-09-17,1.9874670505523682
1992-09-18,1.9554131031036377
1992-09-21,1.9393846988677979
1992-09-22,1.9393846988677979
1992-09-23,1.9233559370040894
1992-09-24,1.9393846988677979
1992-09-25,1.9393846988677979
1992-09-28,1.9233559370040894
1992-09-29,1.9393846988677979
1992-09-30,1.9233559370040894
1992-10-01,1.9554131031036377
1992-10-02,1.971440076828003
1992-10-05,1.9554131031036377
1992-10-06,1.9393846988677979
1992-10-07,1.9554131031036377
1992-10-08,1.9233559370040894
1992-10-09,1.9339275360107422
1992-10-12,1.9178118705749512
1992-10-13,1.9339275360107422
1992-10-14,1.9339275360107422
1992-10-15,1.9339275360107422
1992-10-16,1.9178118705749512
1992-10-19,1.8855799436569214
1992-10-20,1.8372308015823364
1992-10-21,1.8855799436569214
1992-10-22,1.8533475399017334
1992-10-23,1.9016958475112915
1992-10-26,1.8855799436569214
1992-10-27,1.9016958475112915
1992-10-28,1.9016958475112915
1992-10-29,1.9016958475112915
1992-10-30,1.9178118705749512
1992-11-02,1.9178118705749512
1992-11-03,1.9178118705749512
1992-11-04,1.9016958475112915
1992-11-05,1.9178118705749512
1992-11-06,1.9178118705749512
1992-11-09,1.9127540588378906
1992-11-10,1.9289631843566895
1992-11-11,1.89654541015625
1992-11-12,1.945173978805542
1992-11-13,1.9289631843566895
1992-11-16,1.9289631843566895
1992-11-17,1.9127540588378906
1992-11-18,1.9127540588378906
1992-11-19,1.9127540588378906
1992-11-20,1.9289631843566895
1992-11-23,1.9289631843566895
1992-11-24,1.9289631843566895
1992-11-25,1.9289631843566895
1992-11-27,1.9289631843566895
1992-11-30,1.945173978805542
1992-12-01,1.945173978805542
1992-12-02,1.945173978805542
1992-12-03,1.9613838195800781
1992-12-04,1.945173978805542
1992-12-07,1.9775956869125366
1992-12-08,1.9613838195800781
1992-12-09,1.945173978805542
1992-12-10,1.9613838195800781
1992-12-11,1.945173978805542
1992-12-14,1.9195799827575684
1992-12-15,1.935986042022705
1992-12-16,1.935986042022705
1992-12-17,1.9031732082366943
1992-12-18,1.9195799827575684
1992-12-21,1.9195799827575684
1992-12-22,1.9031732082366943
1992-12-23,1.9031732082366943
1992-12-24,1.9195799827575684
1992-12-28,1.9031732082366943
1992-12-29,1.9031732082366943
1992-12-30,1.9195799827575684
1992-12-31,1.9195799827575684
1993-01-04,1.935986042022705
1993-01-05,1.9687999486923218
1993-01-06,1.9687999486923218
1993-01-07,1.9687999486923218
1993-01-08,1.9687999486923218
1993-01-11,1.9687999486923218
1993-01-12,1.9963865280151367
1993-01-13,2.0128865242004395
1993-01-14,1.9468880891799927
1993-01-15,1.9963865280151367
1993-01-18,2.0128865242004395
1993-01-19,1.979886770248413
1993-01-20,1.9963865280151367
1993-01-21,2.0128865242004395
1993-01-22,1.979886770248413
1993-01-25,1.9963865280151367
1993-01-26,2.0128865242004395
1993-01-27,1.9963865280151367
1993-01-28,2.0293848514556885
1993-01-29,1.9963865280151367
1993-02-01,1.9963865280151367
1993-02-02,1.9963865280151367
1993-02-03,1.9963865280151367
1993-02-04,2.0128865242004395
1993-02-05,1.9963865280151367
1993-02-08,2.0128865242004395
1993-02-09,2.0235023498535156
1993-02-10,2.0235023498535156
1993-02-11,2.0400876998901367
1993-02-12,2.0235023498535156
1993-02-16,2.006913900375366
1993-02-17,1.9903279542922974
1993-02-18,2.0235023498535156
1993-02-19,2.0235023498535156
1993-02-22,2.0400876998901367
1993-02-23,2.056671380996704
1993-02-24,2.0732579231262207
1993-02-25,2.056671380996704
1993-02-26,2.0898470878601074
1993-03-01,2.0898470878601074
1993-03-02,2.0898470878601074
1993-03-03,2.0898470878601074
1993-03-04,2.0732579231262207
1993-03-05,2.0732579231262207
1993-03-08,2.0898470878601074
1993-03-09,2.0732579231262207
1993-03-10,2.0898470878601074
1993-03-11,2.0732579231262207
1993-03-12,2.056671380996704
1993-03-15,2.0841493606567383
1993-03-16,2.0841493606567383
1993-03-17,2.0508036613464355
1993-03-18,2.034132242202759
1993-03-19,2.034132242202759
1993-03-22,2.034132242202759
1993-03-23,2.0508036613464355
1993-03-24,2.067476272583008
1993-03-25,2.067476272583008
1993-03-26,2.0841493606567383
1993-03-29,2.034132242202759
1993-03-30,2.034132242202759
1993-03-31,2.034132242202759
1993-04-01,2.0508036613464355
1993-04-02,2.0508036613464355
1993-04-05,2.0508036613464355
1993-04-06,2.067476272583008
1993-04-07,2.034132242202759
1993-04-08,2.034132242202759
1993-04-12,2.034132242202759
1993-04-13,2.0451290607452393
1993-04-14,2.0451290607452393
1993-04-15,2.0451290607452393
1993-04-16,2.0451290607452393
1993-04-19,2.0618913173675537
1993-04-20,2.0451290607452393
1993-04-21,2.0451290607452393
1993-04-22,2.0283634662628174
1993-04-23,2.0451290607452393
1993-04-26,2.0451290607452393
1993-04-27,2.0618913173675537
1993-04-28,2.0283634662628174
1993-04-29,2.0451290607452393
1993-04-30,2.0618913173675537
1993-05-03,2.0786521434783936
1993-05-04,2.095416784286499
1993-05-05,2.0786521434783936
1993-05-06,2.0618913173675537
1993-05-07,2.0618913173675537
1993-05-10,2.0786521434783936
1993-05-11,2.0618913173675537
1993-05-12,2.0728118419647217
1993-05-13,2.0728118419647217
1993-05-14,2.0728118419647217
1993-05-17,2.0728118419647217
1993-05-18,2.055960178375244
1993-05-19,2.0391058921813965
1993-05-20,2.055960178375244
1993-05-21,2.055960178375244
1993-05-24,2.0391058921813965
1993-05-25,2.0391058921813965
1993-05-26,2.055960178375244
1993-05-27,2.089661121368408
1993-05-28,2.089661121368408
1993-06-01,2.1065146923065186
1993-06-02,2.1065146923065186
1993-06-03,2.12336802482605
1993-06-04,2.12336802482605
1993-06-07,2.1065146923065186
1993-06-08,2.089661121368408
1993-06-09,2.089661121368408
1993-06-10,2.089661121368408
1993-06-11,2.055960178375244
1993-06-14,2.084430694580078
1993-06-15,2.084430694580078
1993-06-16,2.084430694580078
1993-06-17,2.101374387741089
1993-06-18,2.101374387741089
1993-06-21,2.101374387741089
1993-06-22,2.101374387741089
1993-06-23,2.101374387741089
1993-06-24,2.0674846172332764
1993-06-25,2.0674846172332764
1993-06-28,2.084430694580078
1993-06-29,2.1183228492736816
1993-06-30,2.135270357131958
1993-07-01,2.169161558151245
1993-07-02,2.135270357131958
1993-07-06,2.169161558151245
1993-07-07,2.152214288711548
1993-07-08,2.152214288711548
1993-07-09,2.152214288711548
1993-07-12,2.152214288711548
1993-07-13,2.1463570594787598
1993-07-14,2.1293208599090576
1993-07-15,2.1293208599090576
1993-07-16,2.1463570594787598
1993-07-19,2.1293208599090576
1993-07-20,2.1122844219207764
1993-07-21,2.1293208599090576
1993-07-22,2.1122844219207764
1993-07-23,2.095252513885498
1993-07-26,2.1122844219207764
1993-07-27,2.095252513885498
1993-07-28,2.1122844219207764
1993-07-29,2.1293208599090576
1993-07-30,2.1122844219207764
1993-08-02,2.1463570594787598
1993-08-03,2.163388967514038
1993-08-04,2.1293208599090576
1993-08-05,2.1463570594787598
1993-08-06,2.1463570594787598
1993-08-09,2.1463570594787598
1993-08-10,2.1804239749908447
1993-08-11,2.1463570594787598
1993-08-12,2.163388967514038
1993-08-13,2.163388967514038
1993-08-16,2.1407833099365234
1993-08-17,2.192161798477173
1993-08-18,2.175034523010254
1993-08-19,2.157911539077759
1993-08-20,2.157911539077759
1993-08-23,2.175034523010254
1993-08-24,2.192161798477173
1993-08-25,2.192161798477173
1993-08-26,2.192161798477173
1993-08-27,2.192161798477173
1993-08-30,2.157911539077759
1993-08-31,2.226414680480957
1993-09-01,2.26066517829895
1993-09-02,2.26066517829895
1993-09-03,2.26066517829895
1993-09-07,2.243540048599243
1993-09-08,2.226414680480957
1993-09-09,2.209289312362671
1993-09-10,2.209289312362671
1993-09-13,2.192161798477173
1993-09-14,2.221088171005249
1993-09-15,2.2038686275482178
1993-09-16,2.1694366931915283
1993-09-17,2.152217149734497
1993-09-20,2.1866531372070312
1993-09-21,2.1866531372070312
1993-09-22,2.2038686275482178
1993-09-23,2.221088171005249
1993-09-24,2.2038686275482178
1993-09-27,2.2383062839508057
1993-09-28,2.255523204803467
1993-09-29,2.2383062839508057
1993-09-30,2.255523204803467
1993-10-01,2.2727396488189697
1993-10-04,2.2727396488189697
1993-10-05,2.2727396488189697
1993-10-06,2.2727396488189697
1993-10-07,2.2727396488189697
1993-10-08,2.28995943069458
1993-10-11,2.28995943069458
1993-10-12,2.2841429710388184
1993-10-13,2.2841429710388184
1993-10-14,2.266840696334839
1993-10-15,2.2495381832122803
1993-10-18,2.1976242065429688
1993-10-19,2.1976242065429688
1993-10-20,2.2322309017181396
1993-10-21,2.2322309017181396
1993-10-22,2.2322309017181396
1993-10-25,2.2322309017181396
1993-10-26,2.2322309017181396
1993-10-27,2.2322309017181396
1993-10-28,2.2322309017181396
1993-10-29,2.1976242065429688
1993-11-01,2.266840696334839
1993-11-02,2.266840696334839
1993-11-03,2.2841429710388184
1993-11-04,2.2149269580841064
1993-11-05,2.1976242065429688
1993-11-08,2.2149269580841064
1993-11-09,2.2495381832122803
1993-11-10,2.2322309017181396
1993-11-11,2.1976242065429688
1993-11-12,2.19205904006958
1993-11-15,2.17465877532959
1993-11-16,2.17465877532959
1993-11-17,2.157261610031128
1993-11-18,2.17465877532959
1993-11-19,2.157261610031128
1993-11-22,2.1224706172943115
1993-11-23,2.1224706172943115
1993-11-24,2.1398653984069824
1993-11-26,2.1224706172943115
1993-11-29,2.1224706172943115
1993-11-30,2.1224706172943115
1993-12-01,2.17465877532959
1993-12-02,2.209453582763672
1993-12-03,2.209453582763672
1993-12-06,2.226850748062134
1993-12-07,2.17465877532959
1993-12-08,2.17465877532959
1993-12-09,2.17465877532959
1993-12-10,2.1398653984069824
1993-12-13,2.157261610031128
1993-12-14,2.1339292526245117
1993-12-15,2.1517136096954346
1993-12-16,2.1694979667663574
1993-12-17,2.1517136096954346
1993-12-20,2.1339292526245117
1993-12-21,2.1872799396514893
1993-12-22,2.1694979667663574
1993-12-23,2.2406280040740967
1993-12-27,2.2406280040740967
1993-12-28,2.2584078311920166
1993-12-29,2.2761929035186768
1993-12-30,2.2584078311920166
1993-12-31,2.2584078311920166
1994-01-03,2.2584078311920166
1994-01-04,2.2939765453338623
1994-01-05,2.311758041381836
1994-01-06,2.3295419216156006
1994-01-07,2.311758041381836
1994-01-10,2.311758041381836
1994-01-11,2.3416452407836914
1994-01-12,2.3416452407836914
1994-01-13,2.3237698078155518
1994-01-14,2.305894613265991
1994-01-17,2.288020610809326
1994-01-18,2.288020610809326
1994-01-19,2.3237698078155518
1994-01-20,2.3237698078155518
1994-01-21,2.305894613265991
1994-01-24,2.288020610809326
1994-01-25,2.288020610809326
1994-01-26,2.288020610809326
1994-01-27,2.288020610809326
1994-01-28,2.2701451778411865
1994-01-31,2.288020610809326
1994-02-01,2.3237698078155518
1994-02-02,2.305894613265991
1994-02-03,2.305894613265991
1994-02-04,2.2701451778411865
1994-02-07,2.2522709369659424
1994-02-08,2.216520071029663
1994-02-09,2.2283082008361816
1994-02-10,2.2103397846221924
1994-02-11,2.2103397846221924
1994-02-14,2.2103397846221924
1994-02-15,2.2103397846221924
1994-02-16,2.2103397846221924
1994-02-17,2.1564273834228516
1994-02-18,2.120487928390503
1994-02-22,2.048607110977173
1994-02-23,2.120487928390503
1994-02-24,2.0845463275909424
1994-02-25,2.102518081665039
1994-02-28,2.120487928390503
1994-03-01,2.0845463275909424
1994-03-02,2.138458251953125
1994-03-03,2.138458251953125
1994-03-04,2.1564273834228516
1994-03-07,2.138458251953125
1994-03-08,2.1564273834228516
1994-03-09,2.138458251953125
1994-03-10,2.0845463275909424
1994-03-11,2.102518081665039
1994-03-14,2.0845463275909424
1994-03-15,2.096257209777832
1994-03-16,2.078185558319092
1994-03-17,2.078185558319092
1994-03-18,2.0420432090759277
1994-03-21,2.060114860534668
1994-03-22,2.096257209777832
1994-03-23,2.078185558319092
1994-03-24,2.0420432090759277
1994-03-25,2.060114860534668
1994-03-28,2.0420432090759277
1994-03-29,2.00590181350708
1994-03-30,1.9878296852111816
1994-03-31,1.9878296852111816
1994-04-04,1.9336174726486206
1994-04-05,2.00590181350708
1994-04-06,2.00590181350708
1994-04-07,2.0420432090759277
1994-04-08,2.0239715576171875
1994-04-11,2.0239715576171875
1994-04-12,2.0354573726654053
1994-04-13,1.9991108179092407
1994-04-14,1.9991108179092407
1994-04-15,1.9991108179092407
1994-04-18,1.9445912837982178
1994-04-19,1.962761640548706
1994-04-20,1.962761640548706
1994-04-21,1.9991108179092407
1994-04-22,1.962761640548706
1994-04-25,1.962761640548706
1994-04-26,1.9445912837982178
1994-04-28,1.9264150857925415
1994-04-29,1.962761640548706
1994-05-02,1.9809373617172241
1994-05-03,1.9809373617172241
1994-05-04,1.9809373617172241
1994-05-05,1.962761640548706
1994-05-06,1.9264150857925415
1994-05-09,1.8900680541992188
1994-05-10,1.908241868019104
1994-05-11,1.9196503162384033
1994-05-12,1.9562169313430786
1994-05-13,1.9744958877563477
1994-05-16,1.9562169313430786
1994-05-17,1.9744958877563477
1994-05-18,1.9927802085876465
1994-05-19,1.9927802085876465
1994-05-20,1.9927802085876465
1994-05-23,1.9562169313430786
1994-05-24,1.9744958877563477
1994-05-25,1.9562169313430786
1994-05-26,1.9562169313430786
1994-05-27,1.9196503162384033
1994-05-31,1.9562169313430786
1994-06-01,1.9744958877563477
1994-06-02,1.9927802085876465
1994-06-03,1.9927802085876465
1994-06-06,1.9744958877563477
1994-06-07,2.0110621452331543
1994-06-08,2.0293421745300293
1994-06-09,2.0293421745300293
1994-06-10,2.0293421745300293
1994-06-13,2.0293421745300293
1994-06-14,2.023017406463623
1994-06-15,2.0414087772369385
1994-06-16,2.0414087772369385
1994-06-17,2.023017406463623
1994-06-20,2.0046277046203613
1994-06-21,1.9862340688705444
1994-06-22,1.9862340688705444
1994-06-23,1.9678442478179932
1994-06-24,1.9862340688705444
1994-06-27,1.9862340688705444
1994-06-28,1.9862340688705444
1994-06-29,2.0046277046203613
1994-06-30,2.0046277046203613
1994-07-01,2.023017406463623
1994-07-05,2.0414087772369385
1994-07-06,2.023017406463623
1994-07-07,2.059798002243042
1994-07-08,2.023017406463623
1994-07-11,2.023017406463623
1994-07-12,2.0533549785614014
1994-07-13,2.034857988357544
1994-07-14,2.0533549785614014
1994-07-15,2.0533549785614014
1994-07-18,2.034857988357544
1994-07-19,2.0533549785614014
1994-07-20,1.9978580474853516
1994-07-21,1.9793599843978882
1994-07-22,1.960862398147583
1994-07-25,1.9793599843978882
1994-07-26,1.960862398147583
1994-07-27,1.9793599843978882
1994-07-28,1.960862398147583
1994-07-29,2.0163590908050537
1994-08-01,2.034857988357544
1994-08-02,2.034857988357544
1994-08-03,2.034857988357544
1994-08-04,2.0163590908050537
1994-08-05,1.9978580474853516
1994-08-08,2.0163590908050537
1994-08-09,1.9978580474853516
1994-08-10,1.960862398147583
1994-08-11,1.9423632621765137
1994-08-12,1.9793599843978882
1994-08-15,1.9543437957763672
1994-08-16,1.9357314109802246
1994-08-17,1.9729588031768799
1994-08-18,1.9915711879730225
1994-08-19,1.9729588031768799
1994-08-22,1.9543437957763672
1994-08-23,1.917119026184082
1994-08-24,1.917119026184082
1994-08-25,1.8985055685043335
1994-08-26,1.9357314109802246
1994-08-29,1.9357314109802246
1994-08-30,1.9543437957763672
1994-08-31,1.9729588031768799
1994-09-01,1.9729588031768799
1994-09-02,1.9729588031768799
1994-09-06,1.9729588031768799
1994-09-07,1.9543437957763672
1994-09-08,1.9357314109802246
1994-09-09,1.917119026184082
1994-09-12,1.87989342212677
1994-09-13,1.854716181755066
1994-09-14,1.8734486103057861
1994-09-15,1.854716181755066
1994-09-16,1.8359802961349487
1994-09-19,1.8359802961349487
1994-09-20,1.8359802961349487
1994-09-21,1.8359802961349487
1994-09-22,1.8172451257705688
1994-09-23,1.8172451257705688
1994-09-26,1.8359802961349487
1994-09-27,1.8172451257705688
1994-09-28,1.8921840190887451
1994-09-29,1.854716181755066
1994-09-30,1.854716181755066
1994-10-03,1.854716181755066
1994-10-04,1.854716181755066
1994-10-05,1.798511266708374
1994-10-06,1.798511266708374
1994-10-07,1.8172451257705688
1994-10-10,1.854716181755066
1994-10-11,1.8921840190887451
1994-10-12,1.8665432929992676
1994-10-13,1.8665432929992676
1994-10-14,1.8288341760635376
1994-10-17,1.8099806308746338
1994-10-18,1.8288341760635376
1994-10-19,1.8288341760635376
1994-10-20,1.791126012802124
1994-10-21,1.8099806308746338
1994-10-24,1.7722746133804321
1994-10-25,1.7534173727035522
1994-10-26,1.7345647811889648
1994-10-27,1.7534173727035522
1994-10-28,1.7534173727035522
1994-10-31,1.7534173727035522
1994-11-01,1.7534173727035522
1994-11-02,1.7534173727035522
1994-11-03,1.7345647811889648
1994-11-04,1.6968580484390259
1994-11-07,1.6402946710586548
1994-11-08,1.621440052986145
1994-11-09,1.6591485738754272
1994-11-10,1.6780034303665161
1994-11-11,1.6591485738754272
1994-11-14,1.69060480594635
1994-11-15,1.72859787940979
1994-11-16,1.747591257095337
1994-11-17,1.766586184501648
1994-11-18,1.766586184501648
1994-11-21,1.8045793771743774
1994-11-22,1.8045793771743774
1994-11-23,1.861565351486206
1994-11-25,1.880561113357544
1994-11-28,1.880561113357544
1994-11-29,1.861565351486206
1994-11-30,1.861565351486206
1994-12-01,1.842569351196289
1994-12-02,1.8995572328567505
1994-12-05,1.937548279762268
1994-12-06,1.937548279762268
1994-12-07,1.8995572328567505
1994-12-08,1.880561113357544
1994-12-09,1.861565351486206
1994-12-12,1.861565351486206
1994-12-13,1.8545292615890503
1994-12-14,1.8736485242843628
1994-12-15,1.8736485242843628
1994-12-16,1.8736485242843628
1994-12-19,1.8736485242843628
1994-12-20,1.8545292615890503
1994-12-21,1.816292643547058
1994-12-22,1.7971733808517456
1994-12-23,1.7971733808517456
1994-12-27,1.8354116678237915
1994-12-28,1.816292643547058
1994-12-29,1.7971733808517456
1994-12-30,1.816292643547058
1995-01-03,1.8736485242843628
1995-01-04,1.9310060739517212
1995-01-05,1.9310060739517212
1995-01-06,1.9118871688842773
1995-01-09,1.9310060739517212
1995-01-10,1.9118871688842773
1995-01-11,1.9310060739517212
1995-01-12,1.9310060739517212
1995-01-13,1.9628734588623047
1995-01-16,1.9628734588623047
1995-01-17,1.9436284303665161
1995-01-18,1.9628734588623047
1995-01-19,1.9628734588623047
1995-01-20,1.9436284303665161
1995-01-23,1.9628734588623047
1995-01-24,1.9628734588623047
1995-01-25,1.9628734588623047
1995-01-26,1.9821182489395142
1995-01-27,1.9628734588623047
1995-01-30,1.9628734588623047
1995-01-31,2.020603656768799
1995-02-01,2.020603656768799
1995-02-02,2.039849042892456
1995-02-03,2.059093475341797
1995-02-06,2.059093475341797
1995-02-07,2.020603656768799
1995-02-08,2.020603656768799
1995-02-09,2.059093475341797
1995-02-10,2.039849042892456
1995-02-13,2.012751579284668
1995-02-14,2.012751579284668
1995-02-15,2.012751579284668
1995-02-16,1.9934011697769165
1995-02-17,1.9934011697769165
1995-02-21,1.9934011697769165
1995-02-22,1.9934011697769165
1995-02-23,2.012751579284668
1995-02-24,2.032106399536133
1995-02-27,2.032106399536133
1995-02-28,2.032106399536133
1995-03-01,2.051462173461914
1995-03-02,2.051462173461914
1995-03-03,2.032106399536133
1995-03-06,1.9934011697769165
1995-03-07,1.9934011697769165
1995-03-08,1.9934011697769165
1995-03-09,1.9934011697769165
1995-03-10,2.012751579284668
1995-03-13,2.012751579284668
1995-03-14,2.032106399536133
1995-03-15,2.032106399536133
1995-03-16,2.051462173461914
1995-03-17,2.051462173461914
1995-03-20,2.0441417694091797
1995-03-21,2.0441417694091797
1995-03-22,2.0441417694091797
1995-03-23,2.0441417694091797
1995-03-24,2.0441417694091797
1995-03-27,2.063610553741455
1995-03-28,2.0441417694091797
1995-03-29,2.0441417694091797
1995-03-30,2.063610553741455
1995-03-31,2.0441417694091797
1995-04-03,2.063610553741455
1995-04-04,2.0830769538879395
1995-04-05,2.063610553741455
1995-04-06,2.0830769538879395
1995-04-07,2.063610553741455
1995-04-10,2.063610553741455
1995-04-11,2.0441417694091797
1995-04-12,2.0441417694091797
1995-04-13,2.063610553741455
1995-04-17,2.0361974239349365
1995-04-18,2.0361974239349365
1995-04-19,2.055776596069336
1995-04-20,2.0361974239349365
1995-04-21,2.055776596069336
1995-04-24,2.055776596069336
1995-04-25,2.0361974239349365
1995-04-26,2.0361974239349365
1995-04-27,2.055776596069336
1995-04-28,2.055776596069336
1995-05-01,2.0361974239349365
1995-05-02,1.9970403909683228
1995-05-03,2.0361974239349365
1995-05-04,1.9970403909683228
1995-05-05,2.016619920730591
1995-05-08,2.016619920730591
1995-05-09,2.055776596069336
1995-05-10,2.0361974239349365
1995-05-11,2.0361974239349365
1995-05-12,2.0361974239349365
1995-05-15,2.048171281814575
1995-05-16,2.0284786224365234
1995-05-17,2.048171281814575
1995-05-18,2.0678658485412598
1995-05-19,2.048171281814575
1995-05-22,2.0284786224365234
1995-05-23,2.0678658485412598
1995-05-24,2.048171281814575
1995-05-25,2.048171281814575
1995-05-26,2.048171281814575
1995-05-30,2.0875587463378906
1995-05-31,2.0875587463378906
1995-06-01,2.1072542667388916
1995-06-02,2.1466426849365234
1995-06-05,2.1663360595703125
1995-06-06,2.1269469261169434
1995-06-07,2.1269469261169434
1995-06-08,2.1072542667388916
1995-06-09,2.1269469261169434
1995-06-12,2.0875587463378906
1995-06-13,2.1269469261169434
1995-06-14,2.1072542667388916
1995-06-15,2.0875587463378906
1995-06-16,2.0678658485412598
1995-06-19,2.1072542667388916
1995-06-20,2.0678658485412598
1995-06-21,2.099717378616333
1995-06-22,2.1195266246795654
1995-06-23,2.1195266246795654
1995-06-26,2.099717378616333
1995-06-27,2.099717378616333
1995-06-28,2.099717378616333
1995-06-29,2.1195266246795654
1995-06-30,2.1195266246795654
1995-07-03,2.1393349170684814
1995-07-05,2.1393349170684814
1995-07-06,2.1591439247131348
1995-07-07,2.1591439247131348
1995-07-10,2.1789517402648926
1995-07-11,2.1591439247131348
1995-07-12,2.1393349170684814
1995-07-13,2.1591439247131348
1995-07-14,2.1393349170684814
1995-07-17,2.1393349170684814
1995-07-18,2.1195266246795654
1995-07-19,2.0916388034820557
1995-07-20,2.0916388034820557
1995-07-21,2.0916388034820557
1995-07-24,2.111558198928833
1995-07-25,2.0916388034820557
1995-07-26,2.0717175006866455
1995-07-27,2.0916388034820557
1995-07-28,2.0916388034820557
1995-07-31,2.1314802169799805
1995-08-01,2.111558198928833
1995-08-02,2.1314802169799805
1995-08-03,2.1513986587524414
1995-08-04,2.1314802169799805
1995-08-07,2.1314802169799805
1995-08-08,2.111558198928833
1995-08-09,2.111558198928833
1995-08-10,2.111558198928833
1995-08-11,2.111558198928833
1995-08-14,2.1314802169799805
1995-08-15,2.1314802169799805
1995-08-16,2.111558198928833
1995-08-17,2.1314802169799805
1995-08-18,2.1314802169799805
1995-08-21,2.14398193359375
1995-08-22,2.123946189880371
1995-08-23,2.123946189880371
1995-08-24,2.14398193359375
1995-08-25,2.14398193359375
1995-08-28,2.123946189880371
1995-08-29,2.14398193359375
1995-08-30,2.14398193359375
1995-08-31,2.14398193359375
1995-09-01,2.164019823074341
1995-09-05,2.164019823074341
1995-09-06,2.1840567588806152
1995-09-07,2.164019823074341
1995-09-08,2.14398193359375
1995-09-11,2.14398193359375
1995-09-12,2.164019823074341
1995-09-13,2.14398193359375
1995-09-14,2.14398193359375
1995-09-15,2.14398193359375
1995-09-18,2.14398193359375
1995-09-19,2.164019823074341
1995-09-20,2.176433563232422
1995-09-21,2.136129379272461
1995-09-22,2.156280994415283
1995-09-25,2.136129379272461
1995-09-26,2.136129379272461
1995-09-27,2.156280994415283
1995-09-28,2.136129379272461
1995-09-29,2.156280994415283
1995-10-02,2.156280994415283
1995-10-03,2.156280994415283
1995-10-04,2.176433563232422
1995-10-05,2.156280994415283
1995-10-06,2.156280994415283
1995-10-09,2.156280994415283
1995-10-10,2.196584939956665
1995-10-11,2.176433563232422
1995-10-12,2.1865079402923584
1995-10-13,2.21673846244812
1995-10-16,2.21673846244812
1995-10-17,2.21673846244812
1995-10-18,2.228732109069824
1995-10-19,2.228732109069824
1995-10-20,2.228732109069824
1995-10-23,2.208469867706299
1995-10-24,2.208469867706299
1995-10-25,2.208469867706299
1995-10-26,2.208469867706299
1995-10-27,2.208469867706299
1995-10-30,2.228732109069824
1995-10-31,2.208469867706299
1995-11-01,2.208469867706299
1995-11-02,2.208469867706299
1995-11-03,2.228732109069824
1995-11-06,2.2489922046661377
1995-11-07,2.208469867706299
1995-11-08,2.208469867706299
1995-11-09,2.208469867706299
1995-11-10,2.228732109069824
1995-11-13,2.208469867706299
1995-11-14,2.2160699367523193
1995-11-15,2.228732109069824
1995-11-16,2.228732109069824
1995-11-17,2.228732109069824
1995-11-20,2.228732109069824
1995-11-21,2.2210700511932373
1995-11-22,2.2006940841674805
1995-11-24,2.2210700511932373
1995-11-27,2.2414472103118896
1995-11-28,2.2414472103118896
1995-11-29,2.2618227005004883
1995-11-30,2.282203435897827
1995-12-01,2.302576780319214
1995-12-04,2.3229544162750244
1995-12-05,2.302576780319214
1995-12-06,2.3229544162750244
1995-12-07,2.3229544162750244
1995-12-08,2.302576780319214
1995-12-11,2.302576780319214
1995-12-12,2.282203435897827
1995-12-13,2.282203435897827
1995-12-14,2.2618227005004883
1995-12-15,2.2618227005004883
1995-12-18,2.2210700511932373
1995-12-19,2.2210700511932373
1995-12-20,2.2335288524627686
1995-12-21,2.192546844482422
1995-12-22,2.2335288524627686
1995-12-26,2.223280906677246
1995-12-27,2.2335288524627686
1995-12-28,2.2335288524627686
1995-12-29,2.254021406173706
1996-01-02,2.29500412940979
1996-01-03,2.29500412940979
1996-01-04,2.29500412940979
1996-01-05,2.29500412940979
1996-01-08,2.2745094299316406
1996-01-09,2.2745094299316406
1996-01-10,2.29500412940979
1996-01-11,2.3052492141723633
1996-01-12,2.29500412940979
1996-01-15,2.3154921531677246
1996-01-16,2.3154921531677246
1996-01-17,2.3487884998321533
1996-01-18,2.328186511993408
1996-01-19,2.328186511993408
1996-01-22,2.3487884998321533
1996-01-23,2.369389533996582
1996-01-24,2.369389533996582
1996-01-25,2.369389533996582
1996-01-26,2.389995574951172
1996-01-29,2.389995574951172
1996-01-30,2.369389533996582
1996-01-31,2.4105985164642334
1996-02-01,2.4105985164642334
1996-02-02,2.4105985164642334
1996-02-05,2.389995574951172
1996-02-06,2.4105985164642334
1996-02-07,2.4312031269073486
1996-02-08,2.4312031269073486
1996-02-09,2.4105985164642334
1996-02-12,2.4312031269073486
1996-02-13,2.4209022521972656
1996-02-14,2.4105985164642334
1996-02-15,2.4235243797302246
1996-02-16,2.4235243797302246
1996-02-20,2.382096290588379
1996-02-21,2.4028120040893555
1996-02-22,2.4028120040893555
1996-02-23,2.444240093231201
1996-02-26,2.4235243797302246
1996-02-27,2.444240093231201
1996-02-28,2.454594612121582
1996-02-29,2.444240093231201
1996-03-01,2.444240093231201
1996-03-04,2.4235243797302246
1996-03-05,2.4235243797302246
1996-03-06,2.444240093231201
1996-03-07,2.4235243797302246
1996-03-08,2.299241542816162
1996-03-11,2.361381769180298
1996-03-12,2.3406670093536377
1996-03-13,2.3199551105499268
1996-03-14,2.3199551105499268
1996-03-15,2.290800094604492
1996-03-18,2.290800094604492
1996-03-19,2.3116250038146973
1996-03-20,2.3324506282806396
1996-03-21,2.3324506282806396
1996-03-22,2.353273630142212
1996-03-25,2.3740999698638916
1996-03-26,2.3324506282806396
1996-03-27,2.353273630142212
1996-03-28,2.3324506282806396
1996-03-29,2.3740999698638916
1996-04-01,2.3740999698638916
1996-04-02,2.353273630142212
1996-04-03,2.353273630142212
1996-04-04,2.353273630142212
1996-04-08,2.3324506282806396
1996-04-09,2.3116250038146973
1996-04-10,2.3012096881866455
1996-04-11,2.249148368835449
1996-04-12,2.2699742317199707
1996-04-15,2.290800094604492
1996-04-16,2.2699742317199707
1996-04-17,2.283046245574951
1996-04-18,2.303989887237549
1996-04-19,2.324934720993042
1996-04-22,2.324934720993042
1996-04-23,2.303989887237549
1996-04-24,2.324934720993042
1996-04-25,2.314460515975952
1996-04-26,2.324934720993042
1996-04-29,2.324934720993042
1996-04-30,2.303989887237549
1996-05-01,2.324934720993042
1996-05-02,2.283046245574951
1996-05-03,2.283046245574951
1996-05-06,2.283046245574951
1996-05-07,2.262099027633667
1996-05-08,2.303989887237549
1996-05-09,2.303989887237549
1996-05-10,2.303989887237549
1996-05-13,2.283046245574951
1996-05-14,2.283046245574951
1996-05-15,2.303989887237549
1996-05-16,2.283046245574951
1996-05-17,2.274451494216919
1996-05-20,2.274451494216919
1996-05-21,2.274451494216919
1996-05-22,2.274451494216919
1996-05-23,2.274451494216919
1996-05-24,2.2533912658691406
1996-05-28,2.2955129146575928
1996-05-29,2.274451494216919
1996-05-30,2.274451494216919
1996-05-31,2.2955129146575928
1996-06-03,2.2955129146575928
1996-06-04,2.2955129146575928
1996-06-05,2.2955129146575928
1996-06-06,2.3165721893310547
1996-06-07,2.274451494216919
1996-06-10,2.2955129146575928
1996-06-11,2.2955129146575928
1996-06-12,2.2955129146575928
1996-06-13,2.2955129146575928
1996-06-14,2.3082194328308105
1996-06-17,2.287040948867798
1996-06-18,2.3082194328308105
1996-06-19,2.2658631801605225
1996-06-20,2.287040948867798
1996-06-21,2.287040948867798
1996-06-24,2.287040948867798
1996-06-25,2.3082194328308105
1996-06-26,2.287040948867798
1996-06-27,2.3082194328308105
1996-06-28,2.3082194328308105
1996-07-01,2.3082194328308105
1996-07-02,2.3082194328308105
1996-07-03,2.3293941020965576
1996-07-05,2.287040948867798
1996-07-08,2.287040948867798
1996-07-09,2.287040948867798
1996-07-10,2.287040948867798
1996-07-11,2.287040948867798
1996-07-12,2.287040948867798
1996-07-15,2.287040948867798
1996-07-16,2.2658631801605225
1996-07-17,2.2658631801605225
1996-07-18,2.2781295776367188
1996-07-19,2.320709466934204
1996-07-22,2.320709466934204
1996-07-23,2.320709466934204
1996-07-24,2.299419403076172
1996-07-25,2.320709466934204
1996-07-26,2.3420000076293945
1996-07-29,2.320709466934204
1996-07-30,2.320709466934204
1996-07-31,2.3420000076293945
1996-08-01,2.3420000076293945
1996-08-02,2.384582042694092
1996-08-05,2.384582042694092
1996-08-06,2.405871629714966
1996-08-07,2.363290786743164
1996-08-08,2.363290786743164
1996-08-09,2.384582042694092
1996-08-12,2.384582042694092
1996-08-13,2.384582042694092
1996-08-14,2.405871629714966
1996-08-15,2.3760743141174316
1996-08-16,2.3974814414978027
1996-08-19,2.3974814414978027
1996-08-20,2.3974814414978027
1996-08-21,2.3974814414978027
1996-08-22,2.3974814414978027
1996-08-23,2.3760743141174316
1996-08-26,2.3760743141174316
1996-08-27,2.3546690940856934
1996-08-28,2.3974814414978027
1996-08-29,2.3760743141174316
1996-08-30,2.3546690940856934
1996-09-03,2.3546690940856934
1996-09-04,2.3760743141174316
1996-09-05,2.3546690940856934
1996-09-06,2.3546690940856934
1996-09-09,2.3546690940856934
1996-09-10,2.3760743141174316
1996-09-11,2.3546690940856934
1996-09-12,2.3546690940856934
1996-09-13,2.389631748199463
1996-09-16,2.389631748199463
1996-09-17,2.4111599922180176
1996-09-18,2.389631748199463
1996-09-19,2.389631748199463
1996-09-20,2.389631748199463
1996-09-23,2.3681039810180664
1996-09-24,2.389631748199463
1996-09-25,2.389631748199463
1996-09-26,2.4111599922180176
1996-09-27,2.400394916534424
1996-09-30,2.4111599922180176
1996-10-01,2.4326889514923096
1996-10-02,2.4326889514923096
1996-10-03,2.4326889514923096
1996-10-04,2.4111599922180176
1996-10-07,2.4111599922180176
1996-10-08,2.4326889514923096
1996-10-09,2.4326889514923096
1996-10-10,2.4326889514923096
1996-10-11,2.4326889514923096
1996-10-14,2.389631748199463
1996-10-15,2.389631748199463
1996-10-16,2.4111599922180176
1996-10-17,2.4025042057037354
1996-10-18,2.4025042057037354
1996-10-21,2.4025042057037354
1996-10-22,2.4025042057037354
1996-10-23,2.3808581829071045
1996-10-24,2.3808581829071045
1996-10-25,2.3808581829071045
1996-10-28,2.3808581829071045
1996-10-29,2.3808581829071045
1996-10-30,2.4025042057037354
1996-10-31,2.4133241176605225
1996-11-01,2.4025042057037354
1996-11-04,2.4025042057037354
1996-11-05,2.4025042057037354
1996-11-06,2.4241461753845215
1996-11-07,2.4133241176605225
1996-11-08,2.4025042057037354
1996-11-11,2.4025042057037354
1996-11-12,2.4241461753845215
1996-11-13,2.4457879066467285
1996-11-14,2.4376070499420166
1996-11-15,2.415841817855835
1996-11-18,2.4376070499420166
1996-11-19,2.415841817855835
1996-11-20,2.4376070499420166
1996-11-21,2.4376070499420166
1996-11-22,2.4376070499420166
1996-11-25,2.4376070499420166
1996-11-26,2.45937442779541
1996-11-27,2.45937442779541
1996-11-29,2.4376070499420166
1996-12-02,2.4811360836029053
1996-12-03,2.45937442779541
1996-12-04,2.4811360836029053
1996-12-05,2.45937442779541
1996-12-06,2.4811360836029053
1996-12-09,2.45937442779541
1996-12-10,2.4811360836029053
1996-12-11,2.45937442779541
1996-12-12,2.415841817855835
1996-12-13,2.415841817855835
1996-12-16,2.3940787315368652
1996-12-17,2.3940787315368652
1996-12-18,2.385500431060791
1996-12-19,2.407383441925049
1996-12-20,2.385500431060791
1996-12-23,2.407383441925049
1996-12-24,2.385500431060791
1996-12-26,2.385500431060791
1996-12-27,2.407383441925049
1996-12-30,2.418328285217285
1996-12-31,2.407383441925049
1997-01-02,2.4292688369750977
1997-01-03,2.4730427265167236
1997-01-06,2.4292688369750977
1997-01-07,2.4292688369750977
1997-01-08,2.4511570930480957
1997-01-09,2.4292688369750977
1997-01-10,2.4292688369750977
1997-01-13,2.4292688369750977
1997-01-14,2.4511570930480957
1997-01-15,2.4730427265167236
1997-01-16,2.4730427265167236
1997-01-17,2.4730427265167236
1997-01-20,2.4730427265167236
1997-01-21,2.4730427265167236
1997-01-22,2.4764041900634766
1997-01-23,2.454288959503174
1997-01-24,2.4764041900634766
1997-01-27,2.454288959503174
1997-01-28,2.4764041900634766
1997-01-29,2.454288959503174
1997-01-30,2.454288959503174
1997-01-31,2.4764041900634766
1997-02-03,2.4764041900634766
1997-02-04,2.487455368041992
1997-02-05,2.5206220149993896
1997-02-06,2.5206220149993896
1997-02-07,2.5206220149993896
1997-02-10,2.498514413833618
1997-02-11,2.498514413833618
1997-02-12,2.5206220149993896
1997-02-13,2.498514413833618
1997-02-14,2.5206220149993896
1997-02-18,2.5427334308624268
1997-02-19,2.498514413833618
1997-02-20,2.5206220149993896
1997-02-21,2.5206220149993896
1997-02-24,2.5427334308624268
1997-02-25,2.5206220149993896
1997-02-26,2.5427334308624268
1997-02-27,2.5427334308624268
1997-02-28,2.5206220149993896
1997-03-03,2.5316784381866455
1997-03-04,2.5427334308624268
1997-03-05,2.5206220149993896
1997-03-06,2.498514413833618
1997-03-07,2.5206220149993896
1997-03-10,2.5206220149993896
1997-03-11,2.5427334308624268
1997-03-12,2.5206220149993896
1997-03-13,2.5427334308624268
1997-03-14,2.5206220149993896
1997-03-17,2.498514413833618
1997-03-18,2.513638734817505
1997-03-19,2.513638734817505
1997-03-20,2.513638734817505
1997-03-21,2.535883903503418
1997-03-24,2.5581274032592773
1997-03-25,2.5581274032592773
1997-03-26,2.5581274032592773
1997-03-27,2.5581274032592773
1997-03-31,2.513638734817505
1997-04-01,2.535883903503418
1997-04-02,2.5581274032592773
1997-04-03,2.535883903503418
1997-04-04,2.535883903503418
1997-04-07,2.535883903503418
1997-04-08,2.535883903503418
1997-04-09,2.513638734817505
1997-04-10,2.535883903503418
1997-04-11,2.4913952350616455
1997-04-14,2.4913952350616455
1997-04-15,2.524761438369751
1997-04-16,2.527893543243408
1997-04-17,2.527893543243408
1997-04-18,2.505525588989258
1997-04-21,2.550265073776245
1997-04-22,2.527893543243408
1997-04-23,2.527893543243408
1997-04-24,2.550265073776245
1997-04-25,2.550265073776245
1997-04-28,2.550265073776245
1997-04-29,2.550265073776245
1997-04-30,2.572634220123291
1997-05-01,2.595006227493286
1997-05-02,2.595006227493286
1997-05-05,2.595006227493286
1997-05-06,2.572634220123291
1997-05-07,2.595006227493286
1997-05-08,2.595006227493286
1997-05-09,2.595006227493286
1997-05-12,2.595006227493286
1997-05-13,2.595006227493286
1997-05-14,2.595006227493286
1997-05-15,2.609039306640625
1997-05-16,2.5865492820739746
1997-05-19,2.5865492820739746
1997-05-20,2.5865492820739746
1997-05-21,2.609039306640625
1997-05-22,2.5865492820739746
1997-05-23,2.609039306640625
1997-05-27,2.609039306640625
1997-05-28,2.609039306640625
1997-05-29,2.631532907485962
1997-05-30,2.609039306640625
1997-06-02,2.654024124145508
1997-06-03,2.631532907485962
1997-06-04,2.654024124145508
1997-06-05,2.631532907485962
1997-06-06,2.6765153408050537
1997-06-09,2.6765153408050537
1997-06-10,2.6765153408050537
1997-06-11,2.6990058422088623
1997-06-12,2.6765153408050537
1997-06-13,2.6990058422088623
1997-06-16,2.6990058422088623
1997-06-17,2.691227436065674
1997-06-18,2.668611526489258
1997-06-19,2.668611526489258
1997-06-20,2.668611526489258
1997-06-23,2.691227436065674
1997-06-24,2.691227436065674
1997-06-25,2.6799187660217285
1997-06-26,2.691227436065674
1997-06-27,2.7025372982025146
1997-06-30,2.725151538848877
1997-07-01,2.725151538848877
1997-07-02,2.7477645874023438
1997-07-03,2.759073257446289
1997-07-07,2.736456871032715
1997-07-08,2.736456871032715
1997-07-09,2.759073257446289
1997-07-10,2.736456871032715
1997-07-11,2.736456871032715
1997-07-14,2.736456871032715
1997-07-15,2.736456871032715
1997-07-16,2.7816896438598633
1997-07-17,2.761775016784668
1997-07-18,2.727679491043091
1997-07-21,2.750411033630371
1997-07-22,2.761775016784668
1997-07-23,2.7845070362091064
1997-07-24,2.7845070362091064
1997-07-25,2.8072385787963867
1997-07-28,2.8186051845550537
1997-07-29,2.829969882965088
1997-07-30,2.8413336277008057
1997-07-31,2.8186051845550537
1997-08-01,2.7845070362091064
1997-08-04,2.7731423377990723
1997-08-05,2.7845070362091064
1997-08-06,2.8072385787963867
1997-08-07,2.7958738803863525
1997-08-08,2.761775016784668
1997-08-11,2.761775016784668
1997-08-12,2.750411033630371
1997-08-13,2.7731423377990723
1997-08-14,2.7756078243255615
1997-08-15,2.7641873359680176
1997-08-18,2.7413415908813477
1997-08-19,2.7413415908813477
1997-08-20,2.752764940261841
1997-08-21,2.72992205619812
1997-08-22,2.6956536769866943
1997-08-25,2.6956536769866943
1997-08-26,2.7184979915618896
1997-08-27,2.72992205619812
1997-08-28,2.752764940261841
1997-08-29,2.752764940261841
1997-09-02,2.7413415908813477
1997-09-03,2.7641873359680176
1997-09-04,2.72992205619812
1997-09-05,2.7413415908813477
1997-09-08,2.7413415908813477
1997-09-09,2.72992205619812
1997-09-10,2.7413415908813477
1997-09-11,2.752764940261841
1997-09-12,2.7756078243255615
1997-09-15,2.7641873359680176
1997-09-16,2.766484022140503
1997-09-17,2.789440155029297
1997-09-18,2.7779619693756104
1997-09-19,2.789440155029297
1997-09-22,2.7779619693756104
1997-09-23,2.7779619693756104
1997-09-24,2.81239914894104
1997-09-25,2.800920248031616
1997-09-26,2.800920248031616
1997-09-29,2.800920248031616
1997-09-30,2.81239914894104
1997-10-01,2.81239914894104
1997-10-02,2.800920248031616
1997-10-03,2.789440155029297
1997-10-06,2.789440155029297
1997-10-07,2.81239914894104
1997-10-08,2.800920248031616
1997-10-09,2.7779619693756104
1997-10-10,2.7779619693756104
1997-10-13,2.766484022140503
1997-10-14,2.766484022140503
1997-10-15,2.766484022140503
1997-10-16,2.7568867206573486
1997-10-17,2.722277879714966
1997-10-20,2.7107462882995605
1997-10-21,2.722277879714966
1997-10-22,2.722277879714966
1997-10-23,2.722277879714966
1997-10-24,2.722277879714966
1997-10-27,2.6992111206054688
1997-10-28,2.722277879714966
1997-10-29,2.7338154315948486
1997-10-30,2.722277879714966
1997-10-31,2.7338154315948486
1997-11-03,2.7568867206573486
1997-11-04,2.7338154315948486
1997-11-05,2.7338154315948486
1997-11-06,2.7453510761260986
1997-11-07,2.7453510761260986
1997-11-10,2.7453510761260986
1997-11-11,2.7684237957000732
1997-11-12,2.7568867206573486
1997-11-13,2.7476091384887695
1997-11-14,2.7707974910736084
1997-11-17,2.759204864501953
1997-11-18,2.7476091384887695
1997-11-19,2.7707974910736084
1997-11-20,2.782390594482422
1997-11-21,2.7707974910736084
1997-11-24,2.782390594482422
1997-11-25,2.7939836978912354
1997-11-26,2.805577516555786
1997-11-28,2.805577516555786
1997-12-01,2.817169666290283
1997-12-02,2.817169666290283
1997-12-03,2.805577516555786
1997-12-04,2.817169666290283
1997-12-05,2.805577516555786
1997-12-08,2.805577516555786
1997-12-09,2.817169666290283
1997-12-10,2.805577516555786
1997-12-11,2.851950168609619
1997-12-12,2.84035587310791
1997-12-15,2.851950168609619
1997-12-16,2.84035587310791
1997-12-17,2.848741054534912
1997-12-18,2.8722805976867676
1997-12-19,2.8722805976867676
1997-12-22,2.8840513229370117
1997-12-23,2.8840513229370117
1997-12-24,2.8722805976867676
1997-12-26,2.8722805976867676
1997-12-29,2.8840513229370117
1997-12-30,2.895824909210205
1997-12-31,2.931138277053833
1998-01-02,2.895824909210205
1998-01-05,2.8840513229370117
1998-01-06,2.9075989723205566
1998-01-07,2.919367790222168
1998-01-08,2.931138277053833
1998-01-09,2.9075989723205566
1998-01-12,2.94291353225708
1998-01-13,2.94291353225708
1998-01-14,2.954683542251587
1998-01-15,2.94291353225708
1998-01-16,2.954683542251587
1998-01-20,2.9335803985595703
1998-01-21,2.9454092979431152
1998-01-22,2.9335803985595703
1998-01-23,2.9099228382110596
1998-01-26,2.921752691268921
1998-01-27,2.921752691268921
1998-01-28,2.9454092979431152
1998-01-29,2.957240104675293
1998-01-30,2.957240104675293
1998-02-02,2.969067096710205
1998-02-03,2.957240104675293
1998-02-04,2.957240104675293
1998-02-05,2.9454092979431152
1998-02-06,2.957240104675293
1998-02-09,2.9335803985595703
1998-02-10,2.9335803985595703
1998-02-11,2.957240104675293
1998-02-12,2.9335803985595703
1998-02-13,2.8980934619903564
1998-02-17,2.9125492572784424
1998-02-18,2.9125492572784424
1998-02-19,2.9125492572784424
1998-02-20,2.9006619453430176
1998-02-23,2.9363253116607666
1998-02-24,2.9363253116607666
1998-02-25,2.9482147693634033
1998-02-26,2.9482147693634033
1998-02-27,2.9601001739501953
1998-03-02,2.9363253116607666
1998-03-03,2.9482147693634033
1998-03-04,2.9006619453430176
1998-03-05,2.8887746334075928
1998-03-06,2.9006619453430176
1998-03-09,2.9363253116607666
1998-03-10,2.9244372844696045
1998-03-11,2.9006619453430176
1998-03-12,2.8887746334075928
1998-03-13,2.8887746334075928
1998-03-16,2.876885414123535
1998-03-17,2.8887746334075928
1998-03-18,2.864996910095215
1998-03-19,2.854107141494751
1998-03-20,2.8660495281219482
1998-03-23,2.8421664237976074
1998-03-24,2.8421664237976074
1998-03-25,2.81828236579895
1998-03-26,2.7943973541259766
1998-03-27,2.81828236579895
1998-03-30,2.7943973541259766
1998-03-31,2.8302202224731445
1998-04-01,2.81828236579895
1998-04-02,2.81828236579895
1998-04-03,2.854107141494751
1998-04-06,2.8302202224731445
1998-04-07,2.8302202224731445
1998-04-08,2.806339740753174
1998-04-09,2.8302202224731445
1998-04-13,2.81828236579895
1998-04-14,2.8421664237976074
1998-04-15,2.81828236579895
1998-04-16,2.81828236579895
1998-04-17,2.8302202224731445
1998-04-20,2.8208131790161133
1998-04-21,2.8208131790161133
1998-04-22,2.8208131790161133
1998-04-23,2.8208131790161133
1998-04-24,2.8448166847229004
1998-04-27,2.7848029136657715
1998-04-28,2.8328166007995605
1998-04-29,2.8328166007995605
1998-04-30,2.8568239212036133
1998-05-01,2.8448166847229004
1998-05-04,2.8448166847229004
1998-05-05,2.8448166847229004
1998-05-06,2.8568239212036133
1998-05-07,2.8448166847229004
1998-05-08,2.8568239212036133
1998-05-11,2.7848029136657715
1998-05-12,2.796806573867798
1998-05-13,2.7848029136657715
1998-05-14,2.772796392440796
1998-05-15,2.772796392440796
1998-05-18,2.772796392440796
1998-05-19,2.8104312419891357
1998-05-20,2.8104312419891357
1998-05-21,2.7863075733184814
1998-05-22,2.7983715534210205
1998-05-26,2.8224925994873047
1998-05-27,2.8224925994873047
1998-05-28,2.8586814403533936
1998-05-29,2.846618175506592
1998-06-01,2.8586814403533936
1998-06-02,2.8586814403533936
1998-06-03,2.8586814403533936
1998-06-04,2.846618175506592
1998-06-05,2.8707447052001953
1998-06-08,2.882800579071045
1998-06-09,2.8586814403533936
1998-06-10,2.882800579071045
1998-06-11,2.906926155090332
1998-06-12,2.8948676586151123
1998-06-15,2.882800579071045
1998-06-16,2.882800579071045
1998-06-17,2.8586814403533936
1998-06-18,2.8605220317840576
1998-06-19,2.8605220317840576
1998-06-22,2.8605220317840576
1998-06-23,2.88476300239563
1998-06-24,2.872642993927002
1998-06-25,2.872642993927002
1998-06-26,2.88476300239563
1998-06-29,2.896883964538574
1998-06-30,2.88476300239563
1998-07-01,2.872642993927002
1998-07-02,2.9090070724487305
1998-07-06,2.9090070724487305
1998-07-07,2.9332478046417236
1998-07-08,2.9332478046417236
1998-07-09,2.9453670978546143
1998-07-10,2.957488775253296
1998-07-13,2.9332478046417236
1998-07-14,2.9453670978546143
1998-07-15,2.9332478046417236
1998-07-16,2.9211244583129883
1998-07-17,2.9211244583129883
1998-07-20,2.9090070724487305
1998-07-21,2.922644853591919
1998-07-22,2.922644853591919
1998-07-23,2.922644853591919
1998-07-24,2.9104671478271484
1998-07-27,2.922644853591919
1998-07-28,2.9104671478271484
1998-07-29,2.922644853591919
1998-07-30,2.8982880115509033
1998-07-31,2.8982880115509033
1998-08-03,2.8982880115509033
1998-08-04,2.88611102104187
1998-08-05,2.8617544174194336
1998-08-06,2.8617544174194336
1998-08-07,2.8739352226257324
1998-08-10,2.8982880115509033
1998-08-11,2.8982880115509033
1998-08-12,2.88611102104187
1998-08-13,2.88611102104187
1998-08-14,2.8982880115509033
1998-08-17,2.8982880115509033
1998-08-18,2.88611102104187
1998-08-19,2.9004054069519043
1998-08-20,2.9004054069519043
1998-08-21,2.924881935119629
1998-08-24,2.924881935119629
1998-08-25,2.937119245529175
1998-08-26,2.924881935119629
1998-08-27,2.937119245529175
1998-08-28,2.924881935119629
1998-08-31,2.937119245529175
1998-09-01,2.924881935119629
1998-09-02,2.9004054069519043
1998-09-03,2.937119245529175
1998-09-04,2.937119245529175
1998-09-08,2.937119245529175
1998-09-09,2.937119245529175
1998-09-10,2.9493560791015625
1998-09-11,2.9493560791015625
1998-09-14,2.9493560791015625
1998-09-15,2.9493560791015625
1998-09-16,2.961594820022583
1998-09-17,2.97383451461792
1998-09-18,2.976292610168457
1998-09-21,2.988593339920044
1998-09-22,3.000890016555786
1998-09-23,3.000890016555786
1998-09-24,2.976292610168457
1998-09-25,2.988593339920044
1998-09-28,3.025487184524536
1998-09-29,3.0746846199035645
1998-09-30,3.1115753650665283
1998-10-01,3.1607720851898193
1998-10-02,3.1238815784454346
1998-10-05,3.1361777782440186
1998-10-06,3.1238815784454346
1998-10-07,3.1115753650665283
1998-10-08,3.0746846199035645
1998-10-09,3.0746846199035645
1998-10-12,3.0623836517333984
1998-10-13,3.025487184524536
1998-10-14,3.0746846199035645
1998-10-15,3.0500881671905518
1998-10-16,3.0992791652679443
1998-10-19,3.0746846199035645
1998-10-20,3.1012723445892334
1998-10-21,3.1259853839874268
1998-10-22,3.1259853839874268
1998-10-23,3.1136298179626465
1998-10-26,3.1383378505706787
1998-10-27,3.1259853839874268
1998-10-28,3.1383378505706787
1998-10-29,3.150693893432617
1998-10-30,3.1630518436431885
1998-11-02,3.1136298179626465
1998-11-03,3.1383378505706787
1998-11-04,3.1383378505706787
1998-11-05,3.1259853839874268
1998-11-06,3.1630518436431885
1998-11-09,3.1630518436431885
1998-11-10,3.1630518436431885
1998-11-11,3.150693893432617
1998-11-12,3.1630518436431885
1998-11-13,3.1630518436431885
1998-11-16,3.1877596378326416
1998-11-17,3.2371838092803955
1998-11-18,3.228639841079712
1998-11-19,3.228639841079712
1998-11-20,3.2534735202789307
1998-11-23,3.290728807449341
1998-11-24,3.278310537338257
1998-11-25,3.278310537338257
1998-11-27,3.315566062927246
1998-11-30,3.327984571456909
1998-12-01,3.3404018878936768
1998-12-02,3.290728807449341
1998-12-03,3.303147554397583
1998-12-04,3.315566062927246
1998-12-07,3.327984571456909
1998-12-08,3.3528189659118652
1998-12-09,3.3652360439300537
1998-12-10,3.3528189659118652
1998-12-11,3.3528189659118652
1998-12-14,3.327984571456909
1998-12-15,3.327984571456909
1998-12-16,3.3652360439300537
1998-12-17,3.3404018878936768
1998-12-18,3.3652360439300537
1998-12-21,3.396613359451294
1998-12-22,3.3837950229644775
1998-12-23,3.370978832244873
1998-12-24,3.3837950229644775
1998-12-28,3.3837950229644775
1998-12-29,3.3837950229644775
1998-12-30,3.358159065246582
1998-12-31,3.332526445388794
1999-01-04,3.3068900108337402
1999-01-05,3.2940733432769775
1999-01-06,3.3068900108337402
1999-01-07,3.3068900108337402
1999-01-08,3.319711446762085
1999-01-11,3.319711446762085
1999-01-12,3.2940733432769775
1999-01-13,3.3068900108337402
1999-01-14,3.2812578678131104
1999-01-15,3.2812578678131104
1999-01-19,3.2812578678131104
1999-01-20,3.2723934650421143
1999-01-21,3.2595109939575195
1999-01-22,3.2723934650421143
1999-01-25,3.2852783203125
1999-01-26,3.2723934650421143
1999-01-27,3.2852783203125
1999-01-28,3.2595109939575195
1999-01-29,3.2723934650421143
1999-02-01,3.2595109939575195
1999-02-02,3.2723934650421143
1999-02-03,3.24662446975708
1999-02-04,3.2723934650421143
1999-02-05,3.2981624603271484
1999-02-08,3.220860719680786
1999-02-09,3.2337422370910645
1999-02-10,3.24662446975708
1999-02-11,3.2337422370910645
1999-02-12,3.207975149154663
1999-02-16,3.169327974319458
1999-02-17,3.1848654747009277
1999-02-18,3.1719157695770264
1999-02-19,3.1848654747009277
1999-02-22,3.197807788848877
1999-02-23,3.1719157695770264
1999-02-24,3.197807788848877
1999-02-25,3.197807788848877
1999-02-26,3.1848654747009277
1999-03-01,3.197807788848877
1999-03-02,3.1848654747009277
1999-03-03,3.1848654747009277
1999-03-04,3.1719157695770264
1999-03-05,3.1719157695770264
1999-03-08,3.158967971801758
1999-03-09,3.158967971801758
1999-03-10,3.1330747604370117
1999-03-11,3.120129108428955
1999-03-12,3.120129108428955
1999-03-15,3.1330747604370117
1999-03-16,3.146022319793701
1999-03-17,3.146022319793701
1999-03-18,3.146022319793701
1999-03-19,3.1330747604370117
1999-03-22,3.173234701156616
1999-03-23,3.1472249031066895
1999-03-24,3.121213912963867
1999-03-25,3.121213912963867
1999-03-26,3.1472249031066895
1999-03-29,3.1472249031066895
1999-03-30,3.160230875015259
1999-03-31,3.173234701156616
1999-04-01,3.173234701156616
1999-04-05,3.160230875015259
1999-04-06,3.160230875015259
1999-04-07,3.160230875015259
1999-04-08,3.173234701156616
1999-04-09,3.1992480754852295
1999-04-12,3.1992480754852295
1999-04-13,3.1992480754852295
1999-04-14,3.1862399578094482
1999-04-15,3.173234701156616
1999-04-16,3.173234701156616
1999-04-19,3.173234701156616
1999-04-20,3.149089813232422
1999-04-21,3.1360201835632324
1999-04-22,3.1360201835632324
1999-04-23,3.1621532440185547
1999-04-26,3.1621532440185547
1999-04-27,3.1621532440185547
1999-04-28,3.1752212047576904
1999-04-29,3.188288688659668
1999-04-30,3.1621532440185547
1999-05-03,3.149089813232422
1999-05-04,3.149089813232422
1999-05-05,3.1360201835632324
1999-05-06,3.1360201835632324
1999-05-07,3.109891414642334
1999-05-10,3.109891414642334
1999-05-11,3.109891414642334
1999-05-12,3.0706896781921387
1999-05-13,3.0445525646209717
1999-05-14,3.005354166030884
1999-05-17,3.031489133834839
1999-05-18,2.99228835105896
1999-05-19,3.0201256275177
1999-05-20,3.0069923400878906
1999-05-21,3.0201256275177
1999-05-24,3.0201256275177
1999-05-25,3.0332541465759277
1999-05-26,3.0201256275177
1999-05-27,3.0332541465759277
1999-05-28,3.0201256275177
1999-06-01,2.98073148727417
1999-06-02,2.9676008224487305
1999-06-03,2.98073148727417
1999-06-04,2.9676008224487305
1999-06-07,2.9413397312164307
1999-06-08,2.9150757789611816
1999-06-09,2.9150757789611816
1999-06-10,2.9150757789611816
1999-06-11,2.8888163566589355
1999-06-14,2.8888163566589355
1999-06-15,2.9150757789611816
1999-06-16,2.9413397312164307
1999-06-17,2.98073148727417
1999-06-18,2.9938597679138184
1999-06-21,2.9956560134887695
1999-06-22,2.9824612140655518
1999-06-23,2.9428703784942627
1999-06-24,2.9296727180480957
1999-06-25,2.9296727180480957
1999-06-28,2.9164793491363525
1999-06-29,2.9296727180480957
1999-06-30,2.969264030456543
1999-07-01,2.9560680389404297
1999-07-02,2.969264030456543
1999-07-06,2.969264030456543
1999-07-07,2.9560680389404297
1999-07-08,2.9428703784942627
1999-07-09,2.9296727180480957
1999-07-12,2.9428703784942627
1999-07-13,2.9560680389404297
1999-07-14,2.9560680389404297
1999-07-15,2.9560680389404297
1999-07-16,2.9428703784942627
1999-07-19,2.9296727180480957
1999-07-20,2.9428703784942627
1999-07-21,2.9316234588623047
1999-07-22,2.89182710647583
1999-07-23,2.89182710647583
1999-07-26,2.89182710647583
1999-07-27,2.89182710647583
1999-07-28,2.89182710647583
1999-07-29,2.89182710647583
1999-07-30,2.9183566570281982
1999-08-02,2.9183566570281982
1999-08-03,2.9183566570281982
1999-08-04,2.9183566570281982
1999-08-05,2.9183566570281982
1999-08-06,2.8785619735717773
1999-08-09,2.8785619735717773
1999-08-10,2.81223201751709
1999-08-11,2.798968553543091
1999-08-12,2.7857043743133545
1999-08-13,2.8387622833251953
1999-08-16,2.772437572479248
1999-08-17,2.81223201751709
1999-08-18,2.81223201751709
1999-08-19,2.8009238243103027
1999-08-20,2.82759952545166
1999-08-23,2.814260721206665
1999-08-24,2.7875852584838867
1999-08-25,2.82759952545166
1999-08-26,2.8009238243103027
1999-08-27,2.82759952545166
1999-08-30,2.82759952545166
1999-08-31,2.840937614440918
1999-09-01,2.840937614440918
1999-09-02,2.82759952545166
1999-09-03,2.840937614440918
1999-09-07,2.82759952545166
1999-09-08,2.8009238243103027
1999-09-09,2.814260721206665
1999-09-10,2.840937614440918
1999-09-13,2.814260721206665
1999-09-14,2.814260721206665
1999-09-15,2.8009238243103027
1999-09-16,2.8009238243103027
1999-09-17,2.8009238243103027
1999-09-20,2.7609121799468994
1999-09-21,2.7075586318969727
1999-09-22,2.7075586318969727
1999-09-23,2.747572183609009
1999-09-24,2.77424693107605
1999-09-27,2.77424693107605
1999-09-28,2.77424693107605
1999-09-29,2.7875852584838867
1999-09-30,2.814260721206665
1999-10-01,2.814260721206665
1999-10-04,2.814260721206665
1999-10-05,2.7809159755706787
1999-10-06,2.8009238243103027
1999-10-07,2.7875852584838867
1999-10-08,2.7609121799468994
1999-10-11,2.7609121799468994
1999-10-12,2.7208986282348633
1999-10-13,2.680882692337036
1999-10-14,2.680882692337036
1999-10-15,2.7075586318969727
1999-10-18,2.680882692337036
1999-10-19,2.7075586318969727
1999-10-20,2.72322678565979
1999-10-21,2.682985544204712
1999-10-22,2.6695685386657715
1999-10-25,2.6695685386657715
1999-10-26,2.666215658187866
1999-10-27,2.656153440475464
1999-10-28,2.72322678565979
1999-10-29,2.7634732723236084
1999-11-01,2.7634732723236084
1999-11-02,2.7500603199005127
1999-11-03,2.72322678565979
1999-11-04,2.709813117980957
1999-11-05,2.776890516281128
1999-11-08,2.7500603199005127
1999-11-09,2.72322678565979
1999-11-10,2.709813117980957
1999-11-11,2.682985544204712
1999-11-12,2.7366442680358887
1999-11-15,2.7366442680358887
1999-11-16,2.7366442680358887
1999-11-17,2.682985544204712
1999-11-18,2.7122364044189453
1999-11-19,2.6987459659576416
1999-11-22,2.644773244857788
1999-11-23,2.644773244857788
1999-11-24,2.644773244857788
1999-11-26,2.6717560291290283
1999-11-29,2.6717560291290283
1999-11-30,2.6312763690948486
1999-12-01,2.624528408050537
1999-12-02,2.6987459659576416
1999-12-03,2.739224433898926
1999-12-06,2.7122364044189453
1999-12-07,2.6717560291290283
1999-12-08,2.644773244857788
1999-12-09,2.644773244857788
1999-12-10,2.6852498054504395
1999-12-13,2.617784261703491
1999-12-14,2.5773003101348877
1999-12-15,2.617784261703491
1999-12-16,2.617784261703491
1999-12-17,2.658263921737671
1999-12-20,2.658263921737671
1999-12-21,2.6331822872161865
1999-12-22,2.5924601554870605
1999-12-23,2.606034517288208
1999-12-27,2.6196062564849854
1999-12-28,2.5653140544891357
1999-12-29,2.538167953491211
1999-12-30,2.538167953491211
1999-12-31,2.5653140544891357
2000-01-03,2.606034517288208
2000-01-04,2.606034517288208
2000-01-05,2.6331822872161865
2000-01-06,2.6331822872161865
2000-01-07,2.6467535495758057
2000-01-10,2.6331822872161865
2000-01-11,2.606034517288208
2000-01-12,2.551740884780884
2000-01-13,2.5538177490234375
2000-01-14,2.5538177490234375
2000-01-18,2.5401620864868164
2000-01-19,2.5947885513305664
2000-01-20,2.60844349861145
2000-01-21,2.5811307430267334
2000-01-24,2.5811307430267334
2000-01-25,2.6494171619415283
2000-01-26,2.6494171619415283
2000-01-27,2.676731586456299
2000-01-28,2.676731586456299
2000-01-31,2.6835577487945557
2000-02-01,2.690385103225708
2000-02-02,2.7176990509033203
2000-02-03,2.7313575744628906
2000-02-04,2.7450103759765625
2000-02-07,2.7313575744628906
2000-02-08,2.7450103759765625
2000-02-09,2.7176990509033203
2000-02-10,2.704040050506592
2000-02-11,2.7176990509033203
2000-02-14,2.704040050506592
2000-02-15,2.7056896686553955
2000-02-16,2.6919586658477783
2000-02-17,2.6782217025756836
2000-02-18,2.6919586658477783
2000-02-22,2.7056896686553955
2000-02-23,2.6919586658477783
2000-02-24,2.6782217025756836
2000-02-25,2.7056896686553955
2000-02-28,2.6919586658477783
2000-02-29,2.6919586658477783
2000-03-01,2.6782217025756836
2000-03-02,2.650752544403076
2000-03-03,2.6644890308380127
2000-03-06,2.6782217025756836
2000-03-07,2.650752544403076
2000-03-08,2.6370182037353516
2000-03-09,2.6370182037353516
2000-03-10,2.609548807144165
2000-03-13,2.595813035964966
2000-03-14,2.527141571044922
2000-03-15,2.5426180362701416
2000-03-16,2.5426180362701416
2000-03-17,2.5978927612304688
2000-03-20,2.6117117404937744
2000-03-21,2.6117117404937744
2000-03-22,2.639350175857544
2000-03-23,2.6531660556793213
2000-03-24,2.639350175857544
2000-03-27,2.6255292892456055
2000-03-28,2.6255292892456055
2000-03-29,2.639350175857544
2000-03-30,2.6669862270355225
2000-03-31,2.7084403038024902
2000-04-03,2.6808061599731445
2000-04-04,2.6808061599731445
2000-04-05,2.7084403038024902
2000-04-06,2.7084403038024902
2000-04-07,2.7084403038024902
2000-04-10,2.69462251663208
2000-04-11,2.722261667251587
2000-04-12,2.7084403038024902
2000-04-13,2.710108995437622
2000-04-14,2.69621205329895
2000-04-17,2.6684131622314453
2000-04-18,2.6684131622314453
2000-04-19,2.6545186042785645
2000-04-20,2.6406188011169434
2000-04-24,2.6545186042785645
2000-04-25,2.6545186042785645
2000-04-26,2.6545186042785645
2000-04-27,2.6684131622314453
2000-04-28,2.6684131622314453
2000-05-01,2.6545186042785645
2000-05-02,2.6545186042785645
2000-05-03,2.612823247909546
2000-05-04,2.6267216205596924
2000-05-05,2.612823247909546
2000-05-08,2.6267216205596924
2000-05-09,2.6267216205596924
2000-05-10,2.6267216205596924
2000-05-11,2.6545186042785645
2000-05-12,2.6142542362213135
2000-05-15,2.6142542362213135
2000-05-16,2.628234624862671
2000-05-17,2.6422154903411865
2000-05-18,2.6422154903411865
2000-05-19,2.628234624862671
2000-05-22,2.6002745628356934
2000-05-23,2.6142542362213135
2000-05-24,2.6002745628356934
2000-05-25,2.6142542362213135
2000-05-26,2.6422154903411865
2000-05-30,2.6841530799865723
2000-05-31,2.7260959148406982
2000-06-01,2.768035888671875
2000-06-02,2.795996904373169
2000-06-05,2.80997371673584
2000-06-06,2.7820138931274414
2000-06-07,2.768035888671875
2000-06-08,2.768035888671875
2000-06-09,2.80997371673584
2000-06-12,2.7820138931274414
2000-06-13,2.768035888671875
2000-06-14,2.795996904373169
2000-06-15,2.8117411136627197
2000-06-16,2.8117411136627197
2000-06-19,2.8117411136627197
2000-06-20,2.8117411136627197
2000-06-21,2.769564628601074
2000-06-22,2.7555041313171387
2000-06-23,2.7414464950561523
2000-06-26,2.7273881435394287
2000-06-27,2.7414464950561523
2000-06-28,2.7414464950561523
2000-06-29,2.7555041313171387
2000-06-30,2.7976808547973633
2000-07-03,2.8117411136627197
2000-07-05,2.7836239337921143
2000-07-06,2.8117411136627197
2000-07-07,2.8257992267608643
2000-07-10,2.8679769039154053
2000-07-11,2.853914499282837
2000-07-12,2.8679769039154053
2000-07-13,2.8838086128234863
2000-07-14,2.8838086128234863
2000-07-17,2.8838086128234863
2000-07-18,2.897944927215576
2000-07-19,2.8838086128234863
2000-07-20,2.8838086128234863
2000-07-21,2.897944927215576
2000-07-24,2.8696722984313965
2000-07-25,2.8696722984313965
2000-07-26,2.8838086128234863
2000-07-27,2.8838086128234863
2000-07-28,2.9120821952819824
2000-07-31,2.897944927215576
2000-08-01,2.897944927215576
2000-08-02,2.897944927215576
2000-08-03,2.897944927215576
2000-08-04,2.9120821952819824
2000-08-07,2.8838086128234863
2000-08-08,2.926217555999756
2000-08-09,2.9120821952819824
2000-08-10,2.926217555999756
2000-08-11,2.9827630519866943
2000-08-14,2.9120821952819824
2000-08-15,2.968627452850342
2000-08-16,2.9845433235168457
2000-08-17,2.9703316688537598
2000-08-18,2.9703316688537598
2000-08-21,2.9703316688537598
2000-08-22,2.9845433235168457
2000-08-23,3.0271806716918945
2000-08-24,3.0271806716918945
2000-08-25,2.998756170272827
2000-08-28,2.9845433235168457
2000-08-29,2.998756170272827
2000-08-30,2.998756170272827
2000-08-31,2.9845433235168457
2000-09-01,2.9703316688537598
2000-09-05,2.998756170272827
2000-09-06,2.998756170272827
2000-09-07,3.012967586517334
2000-09-08,3.0271806716918945
2000-09-11,3.041393756866455
2000-09-12,3.069815158843994
2000-09-13,3.055603504180908
2000-09-14,3.0430309772491455
2000-09-15,3.0001726150512695
2000-09-18,2.95731258392334
2000-09-19,2.9430272579193115
2000-09-20,2.95731258392334
2000-09-21,2.971599817276001
2000-09-22,2.971599817276001
2000-09-25,2.9858877658843994
2000-09-26,3.0001726150512695
2000-09-27,2.9858877658843994
2000-09-28,2.9858877658843994
2000-09-29,2.971599817276001
2000-10-02,2.971599817276001
2000-10-03,2.95731258392334
2000-10-04,2.95731258392334
2000-10-05,2.9430272579193115
2000-10-06,2.9430272579193115
2000-10-09,2.9430272579193115
2000-10-10,2.9430272579193115
2000-10-11,2.9430272579193115
2000-10-12,2.914454936981201
2000-10-13,2.9018099308013916
2000-10-16,2.9305431842803955
2000-10-17,2.9305431842803955
2000-10-18,2.9305431842803955
2000-10-19,2.91617751121521
2000-10-20,2.9305431842803955
2000-10-23,2.9018099308013916
2000-10-24,2.844350814819336
2000-10-25,2.8587138652801514
2000-10-26,2.8587138652801514
2000-10-27,2.9018099308013916
2000-10-30,2.91617751121521
2000-10-31,2.9305431842803955
2000-11-01,2.9736385345458984
2000-11-02,2.944906234741211
2000-11-03,2.9592738151550293
2000-11-06,2.9592738151550293
2000-11-07,2.9592738151550293
2000-11-08,2.9736385345458984
2000-11-09,2.91617751121521
2000-11-10,2.9520909786224365
2000-11-13,2.944906234741211
2000-11-14,2.944906234741211
2000-11-15,2.9305431842803955
2000-11-16,2.9033846855163574
2000-11-17,2.9611663818359375
2000-11-20,2.946720600128174
2000-11-21,2.9756088256835938
2000-11-22,2.9900546073913574
2000-11-24,2.9756088256835938
2000-11-27,2.9900546073913574
2000-11-28,2.9756088256835938
2000-11-29,3.0044960975646973
2000-11-30,2.9900546073913574
2000-12-01,3.033388376235962
2000-12-04,3.0044960975646973
2000-12-05,2.9900546073913574
2000-12-06,3.033388376235962
2000-12-07,3.033388376235962
2000-12-08,3.018939733505249
2000-12-11,3.018939733505249
2000-12-12,3.033388376235962
2000-12-13,3.07672119140625
2000-12-14,3.1056087017059326
2000-12-15,3.1489436626434326
2000-12-18,3.208763599395752
2000-12-19,3.1942453384399414
2000-12-20,3.223285436630249
2000-12-21,3.165207862854004
2000-12-22,3.1506896018981934
2000-12-26,3.136169195175171
2000-12-27,3.179723024368286
2000-12-28,3.136169195175171
2000-12-29,3.179723024368286
2001-01-02,3.2523257732391357
2001-01-03,3.2523257732391357
2001-01-04,3.2813644409179688
2001-01-05,3.2813644409179688
2001-01-08,3.3539562225341797
2001-01-09,3.3684780597686768
2001-01-10,3.33943772315979
2001-01-11,3.3411896228790283
2001-01-12,3.312009334564209
2001-01-16,3.3557794094085693
2001-01-17,3.312009334564209
2001-01-18,3.312009334564209
2001-01-19,3.3411896228790283
2001-01-22,3.3411896228790283
2001-01-23,3.312009334564209
2001-01-24,3.268240451812744
2001-01-25,3.297421455383301
2001-01-26,3.3411896228790283
2001-01-29,3.3452742099761963
2001-01-30,3.359282970428467
2001-01-31,3.424647808074951
2001-02-01,3.3849620819091797
2001-02-02,3.3172616958618164
2001-02-05,3.2915830612182617
2001-02-06,3.293917417526245
2001-02-07,3.3476099967956543
2001-02-08,3.3359365463256836
2001-02-09,3.3359365463256836
2001-02-12,3.3616137504577637
2001-02-13,3.338273286819458
2001-02-14,3.3457818031311035
2001-02-15,3.366896867752075
2001-02-16,3.3903615474700928
2001-02-20,3.364551305770874
2001-02-21,3.3551647663116455
2001-02-22,3.3481287956237793
2001-02-23,3.364551305770874
2001-02-26,3.3715884685516357
2001-02-27,3.4020895957946777
2001-02-28,3.4161672592163086
2001-03-01,3.4349377155303955
2001-03-02,3.4349377155303955
2001-03-05,3.413820743560791
2001-03-06,3.4044389724731445
2001-03-07,3.3880109786987305
2001-03-08,3.4091289043426514
2001-03-09,3.3786301612854004
2001-03-12,3.3692407608032227
2001-03-13,3.3833210468292236
2001-03-14,3.39739727973938
2001-03-15,3.3955142498016357
2001-03-16,3.4167320728302
2001-03-19,3.3978700637817383
2001-03-20,3.3837215900421143
2001-03-21,3.3672149181365967
2001-03-22,3.3719308376312256
2001-03-23,3.343635320663452
2001-03-26,3.334202766418457
2001-03-27,3.334202766418457
2001-03-28,3.341277837753296
2001-03-29,3.3507091999053955
2001-03-30,3.386077404022217
2001-04-02,3.374291181564331
2001-04-03,3.3955142498016357
2001-04-04,3.3837215900421143
2001-04-05,3.407304048538208
2001-04-06,3.388436794281006
2001-04-09,3.386077404022217
2001-04-10,3.3837215900421143
2001-04-11,3.3889336585998535
2001-04-12,3.3747148513793945
2001-04-16,3.353386878967285
2001-04-17,3.372345209121704
2001-04-18,3.3889336585998535
2001-04-19,3.353386878967285
2001-04-20,3.3320603370666504
2001-04-23,3.3439066410064697
2001-04-24,3.3676044940948486
2001-04-25,3.362865686416626
2001-04-26,3.3747148513793945
2001-04-27,3.377087116241455
2001-04-30,3.3841934204101562
2001-05-01,3.3794538974761963
2001-05-02,3.372345209121704
2001-05-03,3.362865686416626
2001-05-04,3.3604977130889893
2001-05-07,3.3557560443878174
2001-05-08,3.358126163482666
2001-05-09,3.3652374744415283
2001-05-10,3.3652374744415283
2001-05-11,3.3604977130889893
2001-05-14,3.3855104446411133
2001-05-15,3.414100408554077
2001-05-16,3.433161497116089
2001-05-17,3.4450740814208984
2001-05-18,3.4426960945129395
2001-05-21,3.4283981323242188
2001-05-22,3.430781364440918
2001-05-23,3.454603433609009
2001-05-24,3.43792462348938
2001-05-25,3.4426960945129395
2001-05-29,3.4426960945129395
2001-05-30,3.4426960945129395
2001-05-31,3.4426960945129395
2001-06-01,3.454603433609009
2001-06-04,3.459372043609619
2001-06-05,3.4808146953582764
2001-06-06,3.4712820053100586
2001-06-07,3.456989049911499
2001-06-08,3.4688994884490967
2001-06-11,3.4665186405181885
2001-06-12,3.456989049911499
2001-06-13,3.459372043609619
2001-06-14,3.4641330242156982
2001-06-15,3.4820950031280518
2001-06-18,3.4725148677825928
2001-06-19,3.455751657485962
2001-06-20,3.4773061275482178
2001-06-21,3.4820950031280518
2001-06-22,3.484490156173706
2001-06-25,3.4868855476379395
2001-06-26,3.484490156173706
2001-06-27,3.5060434341430664
2001-06-28,3.470120668411255
2001-06-29,3.4725148677825928
2001-07-02,3.484490156173706
2001-07-03,3.4964683055877686
2001-07-05,3.489281415939331
2001-07-06,3.4820950031280518
2001-07-09,3.4964683055877686
2001-07-10,3.4988608360290527
2001-07-11,3.5395712852478027
2001-07-12,3.515623092651367
2001-07-13,3.504791736602783
2001-07-16,3.5216403007507324
2001-07-17,3.5192368030548096
2001-07-18,3.5168297290802
2001-07-19,3.5457122325897217
2001-07-20,3.5408966541290283
2001-07-23,3.557748794555664
2001-07-24,3.548118829727173
2001-07-25,3.533677577972412
2001-07-26,3.504791736602783
2001-07-27,3.504791736602783
2001-07-30,3.533677577972412
2001-07-31,3.5601558685302734
2001-08-01,3.555344820022583
2001-08-02,3.564971923828125
2001-08-03,3.555344820022583
2001-08-06,3.5529356002807617
2001-08-07,3.5697834491729736
2001-08-08,3.5986690521240234
2001-08-09,3.57700514793396
2001-08-10,3.5697834491729736
2001-08-13,3.5697834491729736
2001-08-14,3.5866363048553467
2001-08-15,3.5697834491729736
2001-08-16,3.5830929279327393
2001-08-17,3.5806734561920166
2001-08-20,3.6024460792541504
2001-08-21,3.600024938583374
2001-08-22,3.58551025390625
2001-08-23,3.5927693843841553
2001-08-24,3.6024460792541504
2001-08-27,3.600024938583374
2001-08-28,3.614542245864868
2001-08-29,3.629058599472046
2001-08-30,3.6338982582092285
2001-08-31,3.650831699371338
2001-09-04,3.6459927558898926
2001-09-05,3.6459927558898926
2001-09-06,3.6435744762420654
2001-09-07,3.6653518676757812
2001-09-10,3.658092975616455
2001-09-17,3.614542245864868
2001-09-18,3.5806734561920166
2001-09-19,3.556478261947632
2001-09-20,3.3726041316986084
2001-09-21,3.362926959991455
2001-09-24,3.5806734561920166
2001-09-25,3.4379284381866455
2001-09-26,3.525026321411133
2001-09-27,3.5661540031433105
2001-09-28,3.52260684967041
2001-10-01,3.5516393184661865
2001-10-02,3.5879287719726562
2001-10-03,3.629058599472046
2001-10-04,3.604867458343506
2001-10-05,3.5976064205169678
2001-10-08,3.5976064205169678
2001-10-09,3.6411590576171875
2001-10-10,3.679868459701538
2001-10-11,3.6653518676757812
2001-10-12,3.6568405628204346
2001-10-15,3.6349551677703857
2001-10-16,3.6349551677703857
2001-10-17,3.661701202392578
2001-10-18,3.6544089317321777
2001-10-19,3.6398208141326904
2001-10-22,3.630094528198242
2001-10-23,3.625232219696045
2001-10-24,3.6349551677703857
2001-10-25,3.6228010654449463
2001-10-26,3.6422524452209473
2001-10-29,3.6544089317321777
2001-10-30,3.6349551677703857
2001-10-31,3.661701202392578
2001-11-01,3.6957435607910156
2001-11-02,3.6957435607910156
2001-11-05,3.7127583026885986
2001-11-06,3.6884493827819824
2001-11-07,3.6957435607910156
2001-11-08,3.7054672241210938
2001-11-09,3.703037738800049
2001-11-12,3.7638235092163086
2001-11-13,3.7857038974761963
2001-11-14,3.7419395446777344
2001-11-15,3.6884493827819824
2001-11-16,3.6811134815216064
2001-11-19,3.6664485931396484
2001-11-20,3.6737825870513916
2001-11-21,3.6517834663391113
2001-11-23,3.642007350921631
2001-11-26,3.649339199066162
2001-11-27,3.646895170211792
2001-11-28,3.632228374481201
2001-11-29,3.634673595428467
2001-11-30,3.6248939037323
2001-12-03,3.634673595428467
2001-12-04,3.649339199066162
2001-12-05,3.620009422302246
2001-12-06,3.5760080814361572
2001-12-07,3.5540101528167725
2001-12-10,3.580897808074951
2001-12-11,3.580897808074951
2001-12-12,3.534458637237549
2001-12-13,3.5295677185058594
2001-12-14,3.5197935104370117
2001-12-17,3.5222327709198
2001-12-18,3.503305673599243
2001-12-19,3.510680913925171
2001-12-20,3.562309503555298
2001-12-21,3.5500166416168213
2001-12-24,3.572143316268921
2001-12-26,3.572143316268921
2001-12-27,3.537724256515503
2001-12-28,3.5524773597717285
2001-12-31,3.564768075942993
2002-01-02,3.596728801727295
2002-01-03,3.6065587997436523
2002-01-04,3.616395950317383
2002-01-07,3.6409788131713867
2002-01-08,3.6557295322418213
2002-01-09,3.6729414463043213
2002-01-10,3.680312156677246
2002-01-11,3.675374746322632
2002-01-14,3.682786464691162
2002-01-15,3.6555991172790527
2002-01-16,3.6531262397766113
2002-01-17,3.6679577827453613
2002-01-18,3.692676305770874
2002-01-22,3.675374746322632
2002-01-23,3.6852598190307617
2002-01-24,3.6951448917388916
2002-01-25,3.687730550765991
2002-01-28,3.6852598190307617
2002-01-29,3.690204381942749
2002-01-30,3.702558994293213
2002-01-31,3.712448835372925
2002-02-01,3.7075045108795166
2002-02-04,3.700087547302246
2002-02-05,3.700087547302246
2002-02-06,3.692676305770874
2002-02-07,3.700087547302246
2002-02-08,3.709975004196167
2002-02-11,3.712448835372925
2002-02-12,3.702558994293213
2002-02-13,3.724675416946411
2002-02-14,3.724675416946411
2002-02-15,3.7097673416137695
2002-02-19,3.7047972679138184
2002-02-20,3.7097673416137695
2002-02-21,3.7023115158081055
2002-02-22,3.712252378463745
2002-02-25,3.712252378463745
2002-02-26,3.7147369384765625
2002-02-27,3.72218656539917
2002-02-28,3.727159261703491
2002-03-01,3.727159261703491
2002-03-04,3.7147369384765625
2002-03-05,3.697340965270996
2002-03-06,3.6998281478881836
2002-03-07,3.647645950317383
2002-03-08,3.5929813385009766
2002-03-11,3.5656497478485107
2002-03-12,3.578073740005493
2002-03-13,3.545772075653076
2002-03-14,3.530532121658325
2002-03-15,3.4830543994903564
2002-03-18,3.4630658626556396
2002-03-19,3.4580729007720947
2002-03-20,3.445577621459961
2002-03-21,3.4080991744995117
2002-03-22,3.4080991744995117
2002-03-25,3.3831145763397217
2002-03-26,3.3906078338623047
2002-03-27,3.3906078338623047
2002-03-28,3.3831145763397217
2002-04-01,3.393104076385498
2002-04-02,3.420591115951538
2002-04-03,3.413095235824585
2002-04-04,3.413095235824585
2002-04-05,3.415593385696411
2002-04-08,3.4380834102630615
2002-04-09,3.453068971633911
2002-04-10,3.450575351715088
2002-04-11,3.4730610847473145
2002-04-12,3.4980475902557373
2002-04-15,3.4673941135406494
2002-04-16,3.4422683715820312
2002-04-17,3.447291374206543
2002-04-18,3.4297049045562744
2002-04-19,3.4422683715820312
2002-04-22,3.454833745956421
2002-04-23,3.447291374206543
2002-04-24,3.472414970397949
2002-04-25,3.472414970397949
2002-04-26,3.490006685256958
2002-04-29,3.5075929164886475
2002-04-30,3.5327212810516357
2002-05-01,3.555333375930786
2002-05-02,3.547795534133911
2002-05-03,3.5427699089050293
2002-05-06,3.560361623764038
2002-05-07,3.56789493560791
2002-05-08,3.527698516845703
2002-05-09,3.5201609134674072
2002-05-10,3.522670269012451
2002-05-13,3.5327212810516357
2002-05-14,3.522670269012451
2002-05-15,3.552823781967163
2002-05-16,3.552316904067993
2002-05-17,3.5573699474334717
2002-05-20,3.5750551223754883
2002-05-21,3.577583074569702
2002-05-22,3.5977935791015625
2002-05-23,3.5851633548736572
2002-05-24,3.5902180671691895
2002-05-28,3.6129558086395264
2002-05-29,3.610428810119629
2002-05-30,3.6306397914886475
2002-05-31,3.6609578132629395
2002-06-03,3.671064615249634
2002-06-04,3.618008613586426
2002-06-05,3.6255879402160645
2002-06-06,3.6281111240386963
2002-06-07,3.6255879402160645
2002-06-10,3.648324966430664
2002-06-11,3.663482904434204
2002-06-12,3.663482904434204
2002-06-13,3.6756789684295654
2002-06-14,3.6324949264526367
2002-06-17,3.6350340843200684
2002-06-18,3.660438299179077
2002-06-19,3.6502766609191895
2002-06-20,3.6629798412323
2002-06-21,3.6578943729400635
2002-06-24,3.6705987453460693
2002-06-25,3.65281343460083
2002-06-26,3.6553571224212646
2002-06-27,3.668057680130005
2002-06-28,3.685837745666504
2002-07-01,3.7290236949920654
2002-07-02,3.736643075942993
2002-07-03,3.746805191040039
2002-07-05,3.8001461029052734
2002-07-08,3.711242914199829
2002-07-09,3.7341012954711914
2002-07-10,3.7620437145233154
2002-07-11,3.7620437145233154
2002-07-12,3.7798259258270264
2002-07-15,3.774745464324951
2002-07-16,3.766829490661621
2002-07-17,3.7898123264312744
2002-07-18,3.787257671356201
2002-07-19,3.807689905166626
2002-07-22,3.8025834560394287
2002-07-23,3.754058837890625
2002-07-24,3.728522300720215
2002-07-25,3.7412924766540527
2002-07-26,3.759168863296509
2002-07-29,3.756613254547119
2002-07-30,3.728522300720215
2002-07-31,3.7412924766540527
2002-08-01,3.774489402770996
2002-08-02,3.8102428913116455
2002-08-05,3.8000271320343018
2002-08-06,3.777042865753174
2002-08-07,3.8051345348358154
2002-08-08,3.807689905166626
2002-08-09,3.820458173751831
2002-08-12,3.8179070949554443
2002-08-13,3.8306710720062256
2002-08-14,3.856213092803955
2002-08-15,3.84029483795166
2002-08-16,3.8351638317108154
2002-08-19,3.8300304412841797
2002-08-20,3.8377299308776855
2002-08-21,3.842863082885742
2002-08-22,3.8377299308776855
2002-08-23,3.8300304412841797
2002-08-26,3.812062978744507
2002-08-27,3.804356336593628
2002-08-28,3.804356336593628
2002-08-29,3.8146259784698486
2002-08-30,3.8377299308776855
2002-09-03,3.8505654335021973
2002-09-04,3.860830307006836
2002-09-05,3.873668670654297
2002-09-06,3.8582658767700195
2002-09-09,3.863398790359497
2002-09-10,3.8710994720458984
2002-09-11,3.863398790359497
2002-09-12,3.881368398666382
2002-09-13,3.891171455383301
2002-09-16,3.916978120803833
2002-09-17,3.8834285736083984
2002-09-18,3.9040768146514893
2002-09-19,3.914395809173584
2002-09-20,3.8885931968688965
2002-09-23,3.875692367553711
2002-09-24,3.870530605316162
2002-09-25,3.891171455383301
2002-09-26,3.8782739639282227
2002-09-27,3.8937554359436035
2002-09-30,3.924717664718628
2002-10-01,3.914395809173584
2002-10-02,3.93503999710083
2002-10-03,3.93503999710083
2002-10-04,3.916978120803833
2002-10-07,3.914395809173584
2002-10-08,3.9324605464935303
2002-10-09,3.94793963432312
2002-10-10,3.9066524505615234
2002-10-11,3.8679511547088623
2002-10-14,3.865370750427246
2002-10-15,3.7982802391052246
2002-10-16,3.7355010509490967
2002-10-17,3.683622360229492
2002-10-18,3.59023380279541
2002-10-21,3.5513226985931396
2002-10-22,3.525383472442627
2002-10-23,3.5461347103118896
2002-10-24,3.6187713146209717
2002-10-25,3.6239562034606934
2002-10-28,3.636929512023926
2002-10-29,3.660275936126709
2002-10-30,3.6758406162261963
2002-10-31,3.712158203125
2002-11-01,3.712158203125
2002-11-04,3.6862170696258545
2002-11-05,3.649895429611206
2002-11-06,3.649895429611206
2002-11-07,3.6732466220855713
2002-11-08,3.725126028060913
2002-11-11,3.730315923690796
2002-11-12,3.7558743953704834
2002-11-13,3.719363212585449
2002-11-14,3.656763792037964
2002-11-15,3.5993812084198
2002-11-18,3.6150319576263428
2002-11-19,3.60198712348938
2002-11-20,3.5993812084198
2002-11-21,3.5993812084198
2002-11-22,3.5811221599578857
2002-11-25,3.591555595397949
2002-11-26,3.609814167022705
2002-11-27,3.612422227859497
2002-11-29,3.6150319576263428
2002-12-02,3.622856378555298
2002-12-03,3.620248556137085
2002-12-04,3.656763792037964
2002-12-05,3.656763792037964
2002-12-06,3.648939371109009
2002-12-09,3.6463305950164795
2002-12-10,3.648939371109009
2002-12-11,3.6381845474243164
2002-12-12,3.6434314250946045
2002-12-13,3.617197036743164
2002-12-16,3.5935940742492676
2002-12-17,3.590968132019043
2002-12-18,3.6198225021362305
2002-12-19,3.640807628631592
2002-12-20,3.6434314250946045
2002-12-23,3.6644136905670166
2002-12-24,3.66965913772583
2002-12-26,3.688021421432495
2002-12-27,3.7142529487609863
2002-12-30,3.777204751968384
2002-12-31,3.8113083839416504
2003-01-02,3.753600835800171
2003-01-03,3.7981913089752197
2003-01-06,3.7562224864959717
2003-01-07,3.737861394882202
2003-01-08,3.7168760299682617
2003-01-09,3.6434314250946045
2003-01-10,3.685399055480957
2003-01-13,3.6460530757904053
2003-01-14,3.68245267868042
2003-01-15,3.695645570755005
2003-01-16,3.674541711807251
2003-01-17,3.7088353633880615
2003-01-21,3.7325751781463623
2003-01-22,3.743128776550293
2003-01-23,3.7457644939422607
2003-01-24,3.7352135181427
2003-01-27,3.7589523792266846
2003-01-28,3.772144079208374
2003-01-29,3.772144079208374
2003-01-30,3.7853317260742188
2003-01-31,3.795881986618042
2003-02-03,3.8011627197265625
2003-02-04,3.81170916557312
2003-02-05,3.7879703044891357
2003-02-06,3.7879703044891357
2003-02-07,3.795881986618042
2003-02-10,3.790609121322632
2003-02-11,3.7985212802886963
2003-02-12,3.8032963275909424
2003-02-13,3.792687177658081
2003-02-14,3.7794246673583984
2003-02-18,3.7900376319885254
2003-02-19,3.782078981399536
2003-02-20,3.776773691177368
2003-02-21,3.7794246673583984
2003-02-24,3.8112540245056152
2003-02-25,3.8192083835601807
2003-02-26,3.8298187255859375
2003-02-27,3.8298187255859375
2003-02-28,3.8298187255859375
2003-03-03,3.864298105239868
2003-03-04,3.8749070167541504
2003-03-05,3.8536922931671143
2003-03-06,3.8059475421905518
2003-03-07,3.8271677494049072
2003-03-10,3.8563380241394043
2003-03-11,3.8616464138031006
2003-03-12,3.8722522258758545
2003-03-13,3.8397207260131836
2003-03-14,3.8450565338134766
2003-03-17,3.8317246437072754
2003-03-18,3.847722291946411
2003-03-19,3.818390130996704
2003-03-20,3.7837257385253906
2003-03-21,3.7703943252563477
2003-03-24,3.7997241020202637
2003-03-25,3.8023934364318848
2003-03-26,3.829056978225708
2003-03-27,3.847722291946411
2003-03-28,3.8503897190093994
2003-03-31,3.869053840637207
2003-04-01,3.8797173500061035
2003-04-02,3.869053840637207
2003-04-03,3.887718915939331
2003-04-04,3.8983848094940186
2003-04-07,3.847722291946411
2003-04-08,3.8503897190093994
2003-04-09,3.8530542850494385
2003-04-10,3.869053840637207
2003-04-11,3.887718915939331
2003-04-14,3.8710999488830566
2003-04-15,3.8657374382019043
2003-04-16,3.879141092300415
2003-04-17,3.8979074954986572
2003-04-21,3.9059457778930664
2003-04-22,3.9059457778930664
2003-04-23,3.9139907360076904
2003-04-24,3.9113094806671143
2003-04-25,3.9139907360076904
2003-04-28,3.9354374408721924
2003-04-29,3.9568874835968018
2003-04-30,3.9461634159088135
2003-05-01,3.9622464179992676
2003-05-02,3.967609405517578
2003-05-05,3.978329658508301
2003-05-06,3.986375570297241
2003-05-07,3.991734504699707
2003-05-08,4.0051398277282715
2003-05-09,3.994415283203125
2003-05-12,4.013181209564209
2003-05-13,4.010499477386475
2003-05-14,4.0288262367248535
2003-05-15,4.047691345214844
2003-05-16,4.082724571228027
2003-05-19,4.0800323486328125
2003-05-20,4.047691345214844
2003-05-21,4.0638604164123535
2003-05-22,4.053078651428223
2003-05-23,4.053078651428223
2003-05-27,4.077332496643066
2003-05-28,4.053078651428223
2003-05-29,4.069249153137207
2003-05-30,4.077332496643066
2003-06-02,4.074637413024902
2003-06-03,4.098890781402588
2003-06-04,4.120452404022217
2003-06-05,4.139317035675049
2003-06-06,4.144700527191162
2003-06-09,4.160872936248779
2003-06-10,4.160872936248779
2003-06-11,4.160872936248779
2003-06-12,4.179563045501709
2003-06-13,4.182272911071777
2003-06-16,4.187690734863281
2003-06-17,4.187690734863281
2003-06-18,4.141643524169922
2003-06-19,4.076630592346191
2003-06-20,4.054962635040283
2003-06-23,4.063089370727539
2003-06-24,4.068507671356201
2003-06-25,4.068507671356201
2003-06-26,4.05767297744751
2003-06-27,4.07121467590332
2003-06-30,4.101015090942383
2003-07-01,4.119972229003906
2003-07-02,4.147060394287109
2003-07-03,4.119972229003906
2003-07-07,4.111846446990967
2003-07-08,4.084758758544922
2003-07-09,4.109137535095215
2003-07-10,4.1037187576293945
2003-07-11,4.106429100036621
2003-07-14,4.114554405212402
2003-07-15,4.076162338256836
2003-07-16,3.964524269104004
2003-07-17,3.8828370571136475
2003-07-18,3.9291269779205322
2003-07-21,3.90189790725708
2003-07-22,3.896453857421875
2003-07-23,3.9100658893585205
2003-07-24,3.893728733062744
2003-07-25,3.885559558868408
2003-07-28,3.83927321434021
2003-07-29,3.836549997329712
2003-07-30,3.880112886428833
2003-07-31,3.880112886428833
2003-08-01,3.8882856369018555
2003-08-04,3.8882856369018555
2003-08-05,3.855604887008667
2003-08-06,3.8882856369018555
2003-08-07,3.8828370571136475
2003-08-08,3.8882856369018555
2003-08-11,3.880112886428833
2003-08-12,3.907341241836548
2003-08-13,3.8629915714263916
2003-08-14,3.8493025302886963
2003-08-15,3.8493025302886963
2003-08-18,3.8657314777374268
2003-08-19,3.8657314777374268
2003-08-20,3.871203899383545
2003-08-21,3.8575167655944824
2003-08-22,3.8493025302886963
2003-08-25,3.841087579727173
2003-08-26,3.835615873336792
2003-08-27,3.8383536338806152
2003-08-28,3.8629915714263916
2003-08-29,3.8876307010650635
2003-09-02,3.8629915714263916
2003-09-03,3.8629915714263916
2003-09-04,3.8848962783813477
2003-09-05,3.893106460571289
2003-09-08,3.9095351696014404
2003-09-09,3.906796932220459
2003-09-10,3.9122726917266846
2003-09-11,3.920484781265259
2003-09-12,3.944709300994873
2003-09-15,3.936448812484741
2003-09-16,3.9502127170562744
2003-09-17,3.952965497970581
2003-09-18,3.936448812484741
2003-09-19,3.936448812484741
2003-09-22,3.911677360534668
2003-09-23,3.9226856231689453
2003-09-24,3.93369722366333
2003-09-25,3.944709300994873
2003-09-26,3.9667298793792725
2003-09-29,3.9667298793792725
2003-09-30,4.002514839172363
2003-10-01,4.0135297775268555
2003-10-02,3.9997670650482178
2003-10-03,3.9722394943237305
2003-10-06,3.9667298793792725
2003-10-07,3.9612245559692383
2003-10-08,3.9667298793792725
2003-10-09,3.9777402877807617
2003-10-10,3.9804952144622803
2003-10-13,3.9667298793792725
2003-10-14,3.9749867916107178
2003-10-15,3.9525692462921143
2003-10-16,3.9664080142974854
2003-10-17,3.9498000144958496
2003-10-20,3.944267511367798
2003-10-21,3.9525692462921143
2003-10-22,3.9774792194366455
2003-10-23,3.9719464778900146
2003-10-24,3.9774792194366455
2003-10-27,3.9802470207214355
2003-10-28,3.9913172721862793
2003-10-29,3.999622106552124
2003-10-30,4.013463973999023
2003-10-31,4.016227722167969
2003-11-03,4.0217671394348145
2003-11-04,4.035604000091553
2003-11-05,4.032834053039551
2003-11-06,4.013463973999023
2003-11-07,4.005157947540283
2003-11-10,4.005157947540283
2003-11-11,4.010695934295654
2003-11-12,4.015703201293945
2003-11-13,4.02126932144165
2003-11-14,4.024054527282715
2003-11-17,4.024054527282715
2003-11-18,4.004573345184326
2003-11-19,4.024054527282715
2003-11-20,4.026835918426514
2003-11-21,4.060232162475586
2003-11-24,4.046313285827637
2003-11-25,4.049098014831543
2003-11-26,4.03518533706665
2003-11-28,4.024054527282715
2003-12-01,4.012919902801514
2003-12-02,3.9990062713623047
2003-12-03,4.0073561668396
2003-12-04,3.9934446811676025
2003-12-05,4.024054527282715
2003-12-08,4.015703201293945
2003-12-09,4.029620170593262
2003-12-10,4.043531894683838
2003-12-11,4.037965297698975
2003-12-12,4.057446479797363
2003-12-15,4.0820698738098145
2003-12-16,4.076470851898193
2003-12-17,4.087663650512695
2003-12-18,4.107249736785889
2003-12-19,4.1128435134887695
2003-12-22,4.1212382316589355
2003-12-23,4.10165548324585
2003-12-24,4.076470851898193
2003-12-26,4.10165548324585
2003-12-29,4.093260765075684
2003-12-30,4.093260765075684
2003-12-31,4.1128435134887695
2004-01-02,4.107249736785889
2004-01-05,4.126833915710449
2004-01-06,4.118441104888916
2004-01-07,4.1240363121032715
2004-01-08,4.1240363121032715
2004-01-09,4.146418571472168
2004-01-12,4.188387870788574
2004-01-13,4.224761962890625
2004-01-14,4.24388313293457
2004-01-15,4.241074085235596
2004-01-16,4.229820728302002
2004-01-20,4.215757846832275
2004-01-21,4.224198341369629
2004-01-22,4.255134105682373
2004-01-23,4.229820728302002
2004-01-26,4.227012634277344
2004-01-27,4.218570232391357
2004-01-28,4.212944984436035
2004-01-29,4.167947769165039
2004-01-30,4.1848249435424805
2004-02-02,4.201699256896973
2004-02-03,4.2213850021362305
2004-02-04,4.224198341369629
2004-02-05,4.179198265075684
2004-02-06,4.1876349449157715
2004-02-09,4.218570232391357
2004-02-10,4.232635498046875
2004-02-11,4.2555341720581055
2004-02-12,4.286641597747803
2004-02-13,4.286641597747803
2004-02-17,4.292296409606934
2004-02-18,4.297950267791748
2004-02-19,4.286641597747803
2004-02-20,4.280988693237305
2004-02-23,4.275329113006592
2004-02-24,4.264022350311279
2004-02-25,4.292296409606934
2004-02-26,4.309260845184326
2004-02-27,4.312089920043945
2004-03-01,4.334710597991943
2004-03-02,4.2951250076293945
2004-03-03,4.269676208496094
2004-03-04,4.280988693237305
2004-03-05,4.314918041229248
2004-03-08,4.337538242340088
2004-03-09,4.3431925773620605
2004-03-10,4.3601579666137695
2004-03-11,4.366127967834473
2004-03-12,4.363284111022949
2004-03-15,4.36897087097168
2004-03-16,4.377496719360352
2004-03-17,4.363284111022949
2004-03-18,4.343390941619873
2004-03-19,4.351914405822754
2004-03-22,4.360442161560059
2004-03-23,4.357600688934326
2004-03-24,4.386025905609131
2004-03-25,4.38034200668335
2004-03-26,4.360442161560059
2004-03-29,4.317806720733643
2004-03-30,4.309277534484863
2004-03-31,4.349071025848389
2004-04-01,4.346231937408447
2004-04-02,4.266641139984131
2004-04-05,4.130200386047363
2004-04-06,4.107461452484131
2004-04-07,4.164309501647949
2004-04-08,4.130200386047363
2004-04-12,4.081875801086426
2004-04-13,4.0307111740112305
2004-04-14,4.008125305175781
2004-04-15,4.010980129241943
2004-04-16,4.056726932525635
2004-04-19,4.030993938446045
2004-04-20,4.008125305175781
2004-04-21,4.025279998779297
2004-04-22,3.993830919265747
2004-04-23,3.968100070953369
2004-04-26,3.916642427444458
2004-04-27,3.925215244293213
2004-04-28,3.922358989715576
2004-04-29,3.8966307640075684
2004-04-30,3.948090076446533
2004-05-03,3.9309370517730713
2004-05-04,3.8966307640075684
2004-05-05,3.899487018585205
2004-05-06,3.8508899211883545
2004-05-07,3.7594034671783447
2004-05-10,3.7336738109588623
2004-05-11,3.8022871017456055
2004-05-12,3.7766857147216797
2004-05-13,3.722033977508545
2004-05-14,3.7623050212860107
2004-05-17,3.7680580615997314
2004-05-18,3.773813486099243
2004-05-19,3.7766857147216797
2004-05-20,3.77956485748291
2004-05-21,3.816953659057617
2004-05-24,3.8601012229919434
2004-05-25,3.862980604171753
2004-05-26,3.8744850158691406
2004-05-27,3.94639253616333
2004-05-28,3.96077561378479
2004-06-01,3.929133176803589
2004-06-02,3.9323184490203857
2004-06-03,3.9207448959350586
2004-06-04,3.9178526401519775
2004-06-07,3.91206431388855
2004-06-08,3.897592782974243
2004-06-09,3.874447822570801
2004-06-10,3.8339388370513916
2004-06-14,3.787637948989868
2004-06-15,3.8194708824157715
2004-06-16,3.8194708824157715
2004-06-17,3.8078970909118652
2004-06-18,3.8107872009277344
2004-06-21,3.82525897026062
2004-06-22,3.8194708824157715
2004-06-23,3.8339388370513916
2004-06-24,3.8513002395629883
2004-06-25,3.83683443069458
2004-06-28,3.8339388370513916
2004-06-29,3.8281502723693848
2004-06-30,3.8657641410827637
2004-07-01,3.91206431388855
2004-07-02,3.940998077392578
2004-07-06,3.940998077392578
2004-07-07,3.96703839302063
2004-07-08,3.96703839302063
2004-07-09,3.9786155223846436
2004-07-12,3.998866319656372
2004-07-13,3.9729647636413574
2004-07-14,3.993339776992798
2004-07-15,3.981698513031006
2004-07-16,3.9875173568725586
2004-07-19,4.010802745819092
2004-07-20,3.9613230228424072
2004-07-21,3.9496800899505615
2004-07-22,3.9584109783172607
2004-07-23,3.9613230228424072
2004-07-26,3.955500841140747
2004-07-27,3.955500841140747
2004-07-28,3.9700539112091064
2004-07-29,4.010802745819092
2004-07-30,4.048640727996826
2004-08-02,4.045729160308838
2004-08-03,4.0690155029296875
2004-08-04,4.066103935241699
2004-08-05,4.060286045074463
2004-08-06,4.1010308265686035
2004-08-09,4.103941440582275
2004-08-10,4.07483434677124
2004-08-11,4.0864763259887695
2004-08-12,4.0984787940979
2004-08-13,4.113117694854736
2004-08-16,4.127756118774414
2004-08-17,4.148250102996826
2004-08-18,4.1511735916137695
2004-08-19,4.1511735916137695
2004-08-20,4.157029628753662
2004-08-23,4.157029628753662
2004-08-24,4.159956932067871
2004-08-25,4.168740749359131
2004-08-26,4.168740749359131
2004-08-27,4.183382034301758
2004-08-30,4.183382034301758
2004-08-31,4.2097272872924805
2004-09-01,4.200944900512695
2004-09-02,4.183382034301758
2004-09-03,4.145321846008301
2004-09-07,4.171669006347656
2004-09-08,4.195089340209961
2004-09-09,4.198019504547119
2004-09-10,4.230696678161621
2004-09-13,4.23952579498291
2004-09-14,4.245415687561035
2004-09-15,4.23952579498291
2004-09-16,4.26308012008667
2004-09-17,4.2689690589904785
2004-09-20,4.271912097930908
2004-09-21,4.274857521057129
2004-09-22,4.289576530456543
2004-09-23,4.271912097930908
2004-09-24,4.2689690589904785
2004-09-27,4.2689690589904785
2004-09-28,4.307244300842285
2004-09-29,4.280742168426514
2004-09-30,4.283687591552734
2004-10-01,4.280742168426514
2004-10-04,4.2689690589904785
2004-10-05,4.298408508300781
2004-10-06,4.295464515686035
2004-10-07,4.283687591552734
2004-10-08,4.307244300842285
2004-10-11,4.319019794464111
2004-10-12,4.327850341796875
2004-10-13,4.334062576293945
2004-10-14,4.342950820922852
2004-10-15,4.342950820922852
2004-10-18,4.322225093841553
2004-10-19,4.325185775756836
2004-10-20,4.331108093261719
2004-10-21,4.331108093261719
2004-10-22,4.331108093261719
2004-10-25,4.331108093261719
2004-10-26,4.313347339630127
2004-10-27,4.304459571838379
2004-10-28,4.31630802154541
2004-10-29,4.313347339630127
2004-11-01,4.322225093841553
2004-11-02,4.325185775756836
2004-11-03,4.319263458251953
2004-11-04,4.328147888183594
2004-11-05,4.2156500816345215
2004-11-08,4.103152275085449
2004-11-09,4.1838531494140625
2004-11-10,4.22554349899292
2004-11-11,4.2404327392578125
2004-11-12,4.258299350738525
2004-11-15,4.282121658325195
2004-11-16,4.270212650299072
2004-11-17,4.297009468078613
2004-11-18,4.297009468078613
2004-11-19,4.25234317779541
2004-11-22,4.26425313949585
2004-11-23,4.273189067840576
2004-11-24,4.294032573699951
2004-11-26,4.291055679321289
2004-11-29,4.255324363708496
2004-11-30,4.249368190765381
2004-12-01,4.276167869567871
2004-12-02,4.255324363708496
2004-12-03,4.26425313949585
2004-12-06,4.219590187072754
2004-12-07,4.246387958526611
2004-12-08,4.231500148773193
2004-12-09,4.237454891204834
2004-12-10,4.26425313949585
2004-12-13,4.261559963226318
2004-12-14,4.246584892272949
2004-12-15,4.2376017570495605
2004-12-16,4.195674896240234
2004-12-17,4.213643550872803
2004-12-20,4.243592262268066
2004-12-21,4.234607696533203
2004-12-22,4.228616237640381
2004-12-23,4.2376017570495605
2004-12-27,4.243592262268066
2004-12-28,4.222626686096191
2004-12-29,4.225622653961182
2004-12-30,4.222626686096191
2004-12-31,4.249580383300781
2005-01-03,4.276534557342529
2005-01-04,4.255570888519287
2005-01-05,4.297499179840088
2005-01-06,4.312472820281982
2005-01-07,4.324448108673096
2005-01-10,4.35439395904541
2005-01-11,4.327444553375244
2005-01-12,4.3454132080078125
2005-01-13,4.333433151245117
2005-01-14,4.330425262451172
2005-01-18,4.312352657318115
2005-01-19,4.33945894241333
2005-01-20,4.360536098480225
2005-01-21,4.369569778442383
2005-01-24,4.375598430633545
2005-01-25,4.393659591674805
2005-01-26,4.381616592407227
2005-01-27,4.40269660949707
2005-01-28,4.387640476226807
2005-01-31,4.408718585968018
2005-02-01,4.414745807647705
2005-02-02,4.4207658767700195
2005-02-03,4.408718585968018
2005-02-04,4.441843509674072
2005-02-07,4.462929725646973
2005-02-08,4.45991325378418
2005-02-09,4.474967956542969
2005-02-10,4.502077102661133
2005-02-11,4.505099296569824
2005-02-14,4.508129596710205
2005-02-15,4.496016502380371
2005-02-16,4.4687700271606445
2005-02-17,4.45968770980835
2005-02-18,4.432437419891357
2005-02-22,4.408216953277588
2005-02-23,4.42335319519043
2005-02-24,4.456661224365234
2005-02-25,4.471799373626709
2005-02-28,4.4506049156188965
2005-03-01,4.462714672088623
2005-03-02,4.456661224365234
2005-03-03,4.465742588043213
2005-03-04,4.499047756195068
2005-03-07,4.489965915679932
2005-03-08,4.477851390838623
2005-03-09,4.432437419891357
2005-03-10,4.432437419891357
2005-03-11,4.408083438873291
2005-03-14,4.368509292602539
2005-03-15,4.335022449493408
2005-03-16,4.35024356842041
2005-03-17,4.338069438934326
2005-03-18,4.356330394744873
2005-03-21,4.328936576843262
2005-03-22,4.3015360832214355
2005-03-23,4.240651607513428
2005-03-24,4.255871295928955
2005-03-28,4.228476047515869
2005-03-29,4.222387790679932
2005-03-30,4.289358139038086
2005-03-31,4.322844505310059
2005-04-01,4.356330394744873
2005-04-04,4.365464687347412
2005-04-05,4.359375
2005-04-06,4.380688190460205
2005-04-07,4.353287696838379
2005-04-08,4.347198963165283
2005-04-11,4.377641677856445
2005-04-12,4.3928656578063965
2005-04-13,4.398984909057617
2005-04-14,4.377557277679443
2005-04-15,4.353067398071289
2005-04-18,4.371435642242432
2005-04-19,4.392866134643555
2005-04-20,4.374495506286621
2005-04-21,4.389800548553467
2005-04-22,4.392866134643555
2005-04-25,4.408168792724609
2005-04-26,4.417351722717285
2005-04-27,4.429594993591309
2005-04-28,4.447965145111084
2005-04-29,4.45714807510376
2005-05-02,4.469394207000732
2005-05-03,4.478575706481934
2005-05-04,4.512251377105713
2005-05-05,4.512251377105713
2005-05-06,4.466335296630859
2005-05-09,4.463269233703613
2005-05-10,4.454089164733887
2005-05-11,4.454089164733887
2005-05-12,4.472452163696289
2005-05-13,4.484699249267578
2005-05-16,4.500004768371582
2005-05-17,4.4938836097717285
2005-05-18,4.503067493438721
2005-05-19,4.509188652038574
2005-05-20,4.506129264831543
2005-05-23,4.527555465698242
2005-05-24,4.545924663543701
2005-05-25,4.527555465698242
2005-05-26,4.521438121795654
2005-05-27,4.521438121795654
2005-05-31,4.527555465698242
2005-06-01,4.539801120758057
2005-06-02,4.576536178588867
2005-06-03,4.582657814025879
2005-06-06,4.59184455871582
2005-06-07,4.6132731437683105
2005-06-08,4.604086875915527
2005-06-09,4.6102118492126465
2005-06-10,4.600976467132568
2005-06-13,4.594822883605957
2005-06-14,4.616367340087891
2005-06-15,4.616367340087891
2005-06-16,4.631754398345947
2005-06-17,4.631754398345947
2005-06-20,4.628675937652588
2005-06-21,4.6255998611450195
2005-06-22,4.647141933441162
2005-06-23,4.650219440460205
2005-06-24,4.659454345703125
2005-06-27,4.668685436248779
2005-06-28,4.687151908874512
2005-06-29,4.687151908874512
2005-06-30,4.690227031707764
2005-07-01,4.693305015563965
2005-07-05,4.7056145668029785
2005-07-06,4.699460029602051
2005-07-07,4.71792459487915
2005-07-08,4.7302327156066895
2005-07-11,4.72100305557251
2005-07-12,4.7457499504089355
2005-07-13,4.7426605224609375
2005-07-14,4.739567756652832
2005-07-15,4.7612223625183105
2005-07-18,4.730285167694092
2005-07-19,4.739567756652832
2005-07-20,4.7674078941345215
2005-07-21,4.7674078941345215
2005-07-22,4.730285167694092
2005-07-25,4.739567756652832
2005-07-26,4.7364702224731445
2005-07-27,4.7457499504089355
2005-07-28,4.7426605224609375
2005-07-29,4.711720943450928
2005-08-01,4.671504497528076
2005-08-02,4.631284713745117
2005-08-03,4.6374688148498535
2005-08-04,4.662221431732178
2005-08-05,4.646753311157227
2005-08-08,4.6343793869018555
2005-08-09,4.597254276275635
2005-08-10,4.6374688148498535
2005-08-11,4.653024673461914
2005-08-12,4.653024673461914
2005-08-15,4.649913311004639
2005-08-16,4.65613317489624
2005-08-17,4.65613317489624
2005-08-18,4.65613317489624
2005-08-19,4.705897808074951
2005-08-22,4.7183403968811035
2005-08-23,4.715228080749512
2005-08-24,4.746333599090576
2005-08-25,4.771218776702881
2005-08-26,4.786769390106201
2005-08-29,4.786769390106201
2005-08-30,4.774323463439941
2005-08-31,4.792989730834961
2005-09-01,4.8365325927734375
2005-09-02,4.855191707611084
2005-09-06,4.8707451820373535
2005-09-07,4.852085590362549
2005-09-08,4.845864772796631
2005-09-09,4.820981025695801
2005-09-12,4.822546482086182
2005-09-13,4.838171482086182
2005-09-14,4.816292762756348
2005-09-15,4.781914710998535
2005-09-16,4.803791522979736
2005-09-19,4.791288375854492
2005-09-20,4.7725348472595215
2005-09-21,4.800668239593506
2005-09-22,4.706904411315918
2005-09-23,4.66314697265625
2005-09-26,4.635020732879639
2005-09-27,4.5850114822387695
2005-09-28,4.610013484954834
2005-09-29,4.641269683837891
2005-09-30,4.656898021697998
2005-10-03,4.656898021697998
2005-10-04,4.678771018981934
2005-10-05,4.653772354125977
2005-10-06,4.641269683837891
2005-10-07,4.644394874572754
2005-10-10,4.619388580322266
2005-10-11,4.644394874572754
2005-10-12,4.581888198852539
2005-10-13,4.555180072784424
2005-10-14,4.533195495605469
2005-10-17,4.470363140106201
2005-10-18,4.398110389709473
2005-10-19,4.442088603973389
2005-10-20,4.451512336730957
2005-10-21,4.530048370361328
2005-10-24,4.5457563400268555
2005-10-25,4.552041530609131
2005-10-26,4.5426154136657715
2005-10-27,4.580313205718994
2005-10-28,4.596024513244629
2005-10-31,4.618010997772217
2005-11-01,4.618010997772217
2005-11-02,4.646287441253662
2005-11-03,4.589738368988037
2005-11-04,4.61173152923584
2005-11-07,4.633718490600586
2005-11-08,4.627434253692627
2005-11-09,4.614871978759766
2005-11-10,4.559610843658447
2005-11-11,4.588033199310303
2005-11-14,4.54066801071167
2005-11-15,4.518563270568848
2005-11-16,4.537510395050049
2005-11-17,4.5280351638793945
2005-11-18,4.537510395050049
2005-11-21,4.54066801071167
2005-11-22,4.546980381011963
2005-11-23,4.5343546867370605
2005-11-25,4.537510395050049
2005-11-28,4.629080772399902
2005-11-29,4.62276554107666
2005-11-30,4.62276554107666
2005-12-01,4.610135078430176
2005-12-02,4.625922679901123
2005-12-05,4.644866943359375
2005-12-06,4.629080772399902
2005-12-07,4.578560829162598
2005-12-08,4.635394096374512
2005-12-09,4.588033199310303
2005-12-12,4.591188430786133
2005-12-13,4.507079601287842
2005-12-14,4.564210891723633
2005-12-15,4.557865142822266
2005-12-16,4.564210891723633
2005-12-19,4.567384719848633
2005-12-20,4.611823558807373
2005-12-21,4.602299213409424
2005-12-22,4.640388011932373
2005-12-23,4.722909927368164
2005-12-27,4.678476333618164
2005-12-28,4.726083755493164
2005-12-29,4.776867389678955
2005-12-30,4.776867389678955
2006-01-03,4.789566516876221
2006-01-04,4.783212661743164
2006-01-05,4.783212661743164
2006-01-06,4.8181328773498535
2006-01-09,4.811781883239746
2006-01-10,4.79591178894043
2006-01-11,4.735607624053955
2006-01-12,4.716562271118164
2006-01-13,4.715926170349121
2006-01-17,4.677663326263428
2006-01-18,4.690415859222412
2006-01-19,4.687228679656982
2006-01-20,4.709545612335205
2006-01-23,4.703170299530029
2006-01-24,4.699982643127441
2006-01-25,4.684042930603027
2006-01-26,4.677663326263428
2006-01-27,4.69679069519043
2006-01-30,4.674472332000732
2006-01-31,4.677663326263428
2006-02-01,4.699982643127441
2006-02-02,4.684042930603027
2006-02-03,4.706361293792725
2006-02-06,4.706361293792725
2006-02-07,4.69679069519043
2006-02-08,4.725491523742676
2006-02-09,4.7286810874938965
2006-02-10,4.686394691467285
2006-02-13,4.692800521850586
2006-02-14,4.686394691467285
2006-02-15,4.692800521850586
2006-02-16,4.692800521850586
2006-02-17,4.70241117477417
2006-02-21,4.705615043640137
2006-02-22,4.71522331237793
2006-02-23,4.689598560333252
2006-02-24,4.689598560333252
2006-02-27,4.686394691467285
2006-02-28,4.728039741516113
2006-03-01,4.696004390716553
2006-03-02,4.699207782745361
2006-03-03,4.676783561706543
2006-03-06,4.65436315536499
2006-03-07,4.65436315536499
2006-03-08,4.686394691467285
2006-03-09,4.699207782745361
2006-03-10,4.704999923706055
2006-03-13,4.7082200050354
2006-03-14,4.737190246582031
2006-03-15,4.730749607086182
2006-03-16,4.7468366622924805
2006-03-17,4.756494045257568
2006-03-20,4.775801658630371
2006-03-21,4.775801658630371
2006-03-22,4.769367218017578
2006-03-23,4.775801658630371
2006-03-24,4.775801658630371
2006-03-27,4.769367218017578
2006-03-28,4.769367218017578
2006-03-29,4.759711742401123
2006-03-30,4.737190246582031
2006-03-31,4.727527618408203
2006-04-03,4.743618965148926
2006-04-04,4.766145706176758
2006-04-05,4.779020309448242
2006-04-06,4.721090793609619
2006-04-07,4.701785564422607
2006-04-10,4.688908100128174
2006-04-11,4.663165092468262
2006-04-12,4.620485782623291
2006-04-13,4.623714923858643
2006-04-17,4.542881488800049
2006-04-18,4.607553005218506
2006-04-19,4.604318618774414
2006-04-20,4.591383934020996
2006-04-21,4.584918022155762
2006-04-24,4.643120288848877
2006-04-25,4.636650085449219
2006-04-26,4.620485782623291
2006-04-27,4.636650085449219
2006-04-28,4.626952648162842
2006-05-01,4.601086616516113
2006-05-02,4.588149070739746
2006-05-03,4.568753242492676
2006-05-04,4.565518856048584
2006-05-05,4.568753242492676
2006-05-08,4.58168888092041
2006-05-09,4.591383934020996
2006-05-10,4.584918022155762
2006-05-11,4.568020343780518
2006-05-12,4.542033672332764
2006-05-15,4.561522483825684
2006-05-16,4.568020343780518
2006-05-17,4.538778781890869
2006-05-18,4.561522483825684
2006-05-19,4.564773082733154
2006-05-22,4.568020343780518
2006-05-23,4.590768337249756
2006-05-24,4.594016075134277
2006-05-25,4.584268093109131
2006-05-26,4.5777692794799805
2006-05-30,4.584268093109131
2006-05-31,4.6005096435546875
2006-06-01,4.616757392883301
2006-06-02,4.688235759735107
2006-06-05,4.5777692794799805
2006-06-06,4.574522972106934
2006-06-07,4.538778781890869
2006-06-08,4.483551502227783
2006-06-09,4.508998870849609
2006-06-12,4.473113536834717
2006-06-13,4.430696487426758
2006-06-14,4.420909881591797
2006-06-15,4.414381504058838
2006-06-16,4.420909881591797
2006-06-19,4.420909881591797
2006-06-20,4.394808292388916
2006-06-21,4.38828182220459
2006-06-22,4.355652332305908
2006-06-23,4.3360795974731445
2006-06-26,4.3360795974731445
2006-06-27,4.3001885414123535
2006-06-28,4.280614852905273
2006-06-29,4.319762229919434
2006-06-30,4.349130153656006
2006-07-03,4.362181186676025
2006-07-05,4.342601776123047
2006-07-06,4.355652332305908
2006-07-07,4.365443229675293
2006-07-10,4.3784942626953125
2006-07-11,4.371967792510986
2006-07-12,4.368707180023193
2006-07-13,4.351663589477539
2006-07-14,4.338557243347168
2006-07-17,4.341836929321289
2006-07-18,4.325449466705322
2006-07-19,4.358221054077148
2006-07-20,4.358221054077148
2006-07-21,4.351663589477539
2006-07-24,4.384433746337891
2006-07-25,4.374606609344482
2006-07-26,4.390987396240234
2006-07-27,4.413924694061279
2006-07-28,4.4303107261657715
2006-07-31,4.456524848937988
2006-08-01,4.463076591491699
2006-08-02,4.472907066345215
2006-08-03,4.48601770401001
2006-08-04,4.522060871124268
2006-08-07,4.48601770401001
2006-08-08,4.508955478668213
2006-08-09,4.508955478668213
2006-08-10,4.514876365661621
2006-08-11,4.4984235763549805
2006-08-14,4.488551139831543
2006-08-15,4.518167972564697
2006-08-16,4.544491767883301
2006-08-17,4.5576558113098145
2006-08-18,4.5708208084106445
2006-08-21,4.626762866973877
2006-08-22,4.626762866973877
2006-08-23,4.6135969161987305
2006-08-24,4.620180130004883
2006-08-25,4.630054473876953
2006-08-28,4.630054473876953
2006-08-29,4.646503925323486
2006-08-30,4.656374931335449
2006-08-31,4.676120758056641
2006-09-01,4.71561336517334
2006-09-05,4.71561336517334
2006-09-06,4.6662492752075195
2006-09-07,4.685992240905762
2006-09-08,4.699156761169434
2006-09-11,4.682707786560059
2006-09-12,4.695864677429199
2006-09-13,4.681989669799805
2006-09-14,4.675381660461426
2006-09-15,4.672080993652344
2006-09-18,4.675381660461426
2006-09-19,4.652250289916992
2006-09-20,4.662163257598877
2006-09-21,4.648951053619385
2006-09-22,4.672080993652344
2006-09-25,4.662163257598877
2006-09-26,4.665472030639648
2006-09-27,4.711726188659668
2006-09-28,4.71503210067749
2006-09-29,4.71503210067749
2006-10-02,4.711726188659668
2006-10-03,4.711726188659668
2006-10-04,4.695207595825195
2006-10-05,4.65886116027832
2006-10-06,4.648951053619385
2006-10-09,4.645647048950195
2006-10-10,4.642339706420898
2006-10-11,4.6324262619018555
2006-10-12,4.645034313201904
2006-10-13,4.625124931335449
2006-10-16,4.628446102142334
2006-10-17,4.638397693634033
2006-10-18,4.641719818115234
2006-10-19,4.674896240234375
2006-10-20,4.6848530769348145
2006-10-23,4.678213119506836
2006-10-24,4.701440334320068
2006-10-25,4.734618663787842
2006-10-26,4.7279839515686035
2006-10-27,4.744571685791016
2006-10-30,4.784388065338135
2006-10-31,4.764480113983154
2006-11-01,4.7976531982421875
2006-11-02,4.804294586181641
2006-11-03,4.7744317054748535
2006-11-06,4.8009772300720215
2006-11-07,4.7976531982421875
2006-11-08,4.757842063903809
2006-11-09,4.7545247077941895
2006-11-10,4.777177333831787
2006-11-13,4.763853073120117
2006-11-14,4.810490608215332
2006-11-15,4.777177333831787
2006-11-16,4.7571916580200195
2006-11-17,4.730537414550781
2006-11-20,4.73387336730957
2006-11-21,4.743864059448242
2006-11-22,4.753859996795654
2006-11-24,4.7571916580200195
2006-11-27,4.743864059448242
2006-11-28,4.750528335571289
2006-11-29,4.763853073120117
2006-11-30,4.783841133117676
2006-12-01,4.850464820861816
2006-12-04,4.847136974334717
2006-12-05,4.85379695892334
2006-12-06,4.810490608215332
2006-12-07,4.7738471031188965
2006-12-08,4.747195720672607
2006-12-11,4.750528335571289
2006-12-12,4.750528335571289
2006-12-13,4.7090559005737305
2006-12-14,4.695675373077393
2006-12-15,4.688987731933594
2006-12-18,4.7090559005737305
2006-12-19,4.69902229309082
2006-12-20,4.688987731933594
2006-12-21,4.69902229309082
2006-12-22,4.665579319000244
2006-12-26,4.695675373077393
2006-12-27,4.695675373077393
2006-12-28,4.69902229309082
2006-12-29,4.729125022888184
2007-01-03,4.7090559005737305
2007-01-04,4.735809803009033
2007-01-05,4.7257795333862305
2007-01-08,4.729125022888184
2007-01-09,4.732468605041504
2007-01-10,4.7257795333862305
2007-01-11,4.727795600891113
2007-01-12,4.731151103973389
2007-01-16,4.7412261962890625
2007-01-17,4.734508514404297
2007-01-18,4.731151103973389
2007-01-19,4.734508514404297
2007-01-22,4.7378668785095215
2007-01-23,4.727795600891113
2007-01-24,4.731151103973389
2007-01-25,4.727795600891113
2007-01-26,4.734508514404297
2007-01-29,4.7378668785095215
2007-01-30,4.7412261962890625
2007-01-31,4.734508514404297
2007-02-01,4.747939109802246
2007-02-02,4.7378668785095215
2007-02-05,4.7378668785095215
2007-02-06,4.744580268859863
2007-02-07,4.744580268859863
2007-02-08,4.751296043395996
2007-02-09,4.744580268859863
2007-02-12,4.76137113571167
2007-02-13,4.749911308288574
2007-02-14,4.760021686553955
2007-02-15,4.773505210876465
2007-02-16,4.763396739959717
2007-02-20,4.749911308288574
2007-02-21,4.73979377746582
2007-02-22,4.729682922363281
2007-02-23,4.749911308288574
2007-02-26,4.766765594482422
2007-02-27,4.773505210876465
2007-02-28,4.77687931060791
2007-03-01,4.790360927581787
2007-03-02,4.807215213775635
2007-03-05,4.817331314086914
2007-03-06,4.820703506469727
2007-03-07,4.8341827392578125
2007-03-08,4.83081579208374
2007-03-09,4.817331314086914
2007-03-12,4.8341827392578125
2007-03-13,4.849756717681885
2007-03-14,4.856524467468262
2007-03-15,4.853139400482178
2007-03-16,4.8328351974487305
2007-03-19,4.836217880249023
2007-03-20,4.8328351974487305
2007-03-21,4.8328351974487305
2007-03-22,4.815913200378418
2007-03-23,4.8226823806762695
2007-03-26,4.842987060546875
2007-03-27,4.849756717681885
2007-03-28,4.866678237915039
2007-03-29,4.870060920715332
2007-03-30,4.863291263580322
2007-04-02,4.859908103942871
2007-04-03,4.853139400482178
2007-04-04,4.8328351974487305
2007-04-05,4.826061248779297
2007-04-09,4.836217880249023
2007-04-10,4.856524467468262
2007-04-11,4.856524467468262
2007-04-12,4.861962795257568
2007-04-13,4.848372936248779
2007-04-16,4.827983856201172
2007-04-17,4.8415751457214355
2007-04-18,4.844972610473633
2007-04-19,4.858563423156738
2007-04-20,4.858563423156738
2007-04-23,4.861962795257568
2007-04-24,4.872153282165527
2007-04-25,4.861962795257568
2007-04-26,4.848372936248779
2007-04-27,4.851766109466553
2007-04-30,4.868757724761963
2007-05-01,4.855165481567383
2007-05-02,4.861962795257568
2007-05-03,4.875552654266357
2007-05-04,4.892533779144287
2007-05-07,4.8891377449035645
2007-05-08,4.868757724761963
2007-05-09,4.868757724761963
2007-05-10,4.872153282165527
2007-05-11,4.87761116027832
2007-05-14,4.870791912078857
2007-05-15,4.870791912078857
2007-05-16,4.870791912078857
2007-05-17,4.87761116027832
2007-05-18,4.86397123336792
2007-05-21,4.8503193855285645
2007-05-22,4.8332672119140625
2007-05-23,4.816215991973877
2007-05-24,4.80256986618042
2007-05-25,4.805979251861572
2007-05-29,4.80256986618042
2007-05-30,4.80256986618042
2007-05-31,4.80256986618042
2007-06-01,4.788928031921387
2007-06-04,4.792337417602539
2007-06-05,4.768458843231201
2007-06-06,4.768458843231201
2007-06-07,4.710475444793701
2007-06-08,4.754819393157959
2007-06-11,4.754819393157959
2007-06-12,4.713886260986328
2007-06-13,4.73649263381958
2007-06-14,4.7227888107299805
2007-06-15,4.729644775390625
2007-06-18,4.709092617034912
2007-06-19,4.685116767883301
2007-06-20,4.664571285247803
2007-06-21,4.678267955780029
2007-06-22,4.671420097351074
2007-06-25,4.630321025848389
2007-06-26,4.623472690582275
2007-06-27,4.644021987915039
2007-06-28,4.674843788146973
2007-06-29,4.691967010498047
2007-07-02,4.698817253112793
2007-07-03,4.691967010498047
2007-07-05,4.66114616394043
2007-07-06,4.644021987915039
2007-07-09,4.644021987915039
2007-07-10,4.650868892669678
2007-07-11,4.644021987915039
2007-07-12,4.632326126098633
2007-07-13,4.611692428588867
2007-07-16,4.628890037536621
2007-07-17,4.601375579833984
2007-07-18,4.622010707855225
2007-07-19,4.663278579711914
2007-07-20,4.663278579711914
2007-07-23,4.677032470703125
2007-07-24,4.663278579711914
2007-07-25,4.642644882202148
2007-07-26,4.611692428588867
2007-07-27,4.663278579711914
2007-07-30,4.677032470703125
2007-07-31,4.673595905303955
2007-08-01,4.677032470703125
2007-08-02,4.683913230895996
2007-08-03,4.659839630126953
2007-08-06,4.64952278137207
2007-08-07,4.6529622077941895
2007-08-08,4.63576602935791
2007-08-09,4.601375579833984
2007-08-10,4.601375579833984
2007-08-13,4.596543312072754
2007-08-14,4.599992752075195
2007-08-15,4.548194885253906
2007-08-16,4.475674629211426
2007-08-17,4.534378528594971
2007-08-20,4.5136590003967285
2007-08-21,4.499843597412109
2007-08-22,4.524021625518799
2007-08-23,4.534378528594971
2007-08-24,4.524021625518799
2007-08-27,4.499843597412109
2007-08-28,4.465311050415039
2007-08-29,4.537836074829102
2007-08-30,4.579273223876953
2007-08-31,4.572368144989014
2007-09-04,4.562010288238525
2007-09-05,4.593090057373047
2007-09-06,4.620716094970703
2007-09-07,4.665613651275635
2007-09-10,4.741584777832031
2007-09-11,4.776121139526367
2007-09-12,4.7677998542785645
2007-09-13,4.70191764831543
2007-09-14,4.684579849243164
2007-09-17,4.670711040496826
2007-09-18,4.698451042175293
2007-09-19,4.691514015197754
2007-09-20,4.649907112121582
2007-09-21,4.660308837890625
2007-09-24,4.639504909515381
2007-09-25,4.629104137420654
2007-09-26,4.632566452026367
2007-09-27,4.642970085144043
2007-09-28,4.660308837890625
2007-10-01,4.667243957519531
2007-10-02,4.663774013519287
2007-10-03,4.698451042175293
2007-10-04,4.677643775939941
2007-10-05,4.663774013519287
2007-10-08,4.691514015197754
2007-10-09,4.688048362731934
2007-10-10,4.663774013519287
2007-10-11,4.631042003631592
2007-10-12,4.631042003631592
2007-10-15,4.610154628753662
2007-10-16,4.585777282714844
2007-10-17,4.631042003631592
2007-10-18,4.6763129234313965
2007-10-19,4.665862560272217
2007-10-22,4.672830581665039
2007-10-23,4.707650661468506
2007-10-24,4.589262962341309
2007-10-25,4.50221061706543
2007-10-26,4.491766929626465
2007-10-29,4.498729705810547
2007-10-30,4.519620418548584
2007-10-31,4.540512561798096
2007-11-01,4.543992519378662
2007-11-02,4.540512561798096
2007-11-05,4.526583194732666
2007-11-06,4.519620418548584
2007-11-07,4.467391014099121
2007-11-08,4.43256950378418
2007-11-09,4.404716968536377
2007-11-12,4.355966567993164
2007-11-13,4.347573757171631
2007-11-14,4.3021039962768555
2007-11-15,4.291611671447754
2007-11-16,4.2776198387146
2007-11-19,4.333585739135742
2007-11-20,4.407032489776611
2007-11-21,4.421024799346924
2007-11-23,4.4175262451171875
2007-11-26,4.396538734436035
2007-11-27,4.354567527770996
2007-11-28,4.476984977722168
2007-11-29,4.459497928619385
2007-11-30,4.466490745544434
2007-12-03,4.452502250671387
2007-12-04,4.494472980499268
2007-12-05,4.5329508781433105
2007-12-06,4.574918270111084
2007-12-07,4.564427375793457
2007-12-10,4.5539326667785645
2007-12-11,4.557430267333984
2007-12-12,4.563049793243408
2007-12-13,4.447132110595703
2007-12-14,4.443617343902588
2007-12-17,4.422544002532959
2007-12-18,4.412003993988037
2007-12-19,4.401467323303223
2007-12-20,4.397952556610107
2007-12-21,4.387414455413818
2007-12-24,4.450643539428711
2007-12-26,4.401467323303223
2007-12-27,4.429565906524658
2007-12-28,4.447132110595703
2007-12-31,4.461181163787842
2008-01-02,4.556025981903076
2008-01-03,4.619256973266602
2008-01-04,4.67897367477417
2008-01-07,4.693023204803467
2008-01-08,4.738692283630371
2008-01-09,4.738692283630371
2008-01-10,4.7667927742004395
2008-01-11,4.791383266448975
2008-01-14,4.8124566078186035
2008-01-15,4.8124566078186035
2008-01-16,4.822992324829102
2008-01-17,4.7968950271606445
2008-01-18,4.701660633087158
2008-01-22,4.74751615524292
2008-01-23,4.768678665161133
2008-01-24,4.793368339538574
2008-01-25,4.782786846160889
2008-01-28,4.743990898132324
2008-01-29,4.779253959655762
2008-01-30,4.758097171783447
2008-01-31,4.754569053649902
2008-02-01,4.74751615524292
2008-02-04,4.719296455383301
2008-02-05,4.751043319702148
2008-02-06,4.740460395812988
2008-02-07,4.743990898132324
2008-02-08,4.761623382568359
2008-02-11,4.758097171783447
2008-02-12,4.793368339538574
2008-02-13,4.636115074157715
2008-02-14,4.4731974601745605
2008-02-15,4.455484390258789
2008-02-19,4.59361457824707
2008-02-20,4.575909614562988
2008-02-21,4.547572135925293
2008-02-22,4.515697479248047
2008-02-25,4.568820476531982
2008-02-26,4.568820476531982
2008-02-27,4.515697479248047
2008-02-28,4.398818016052246
2008-02-29,4.3209028244018555
2008-03-03,4.356321334838867
2008-03-04,4.391733169555664
2008-03-05,4.501528263092041
2008-03-06,4.476737976074219
2008-03-07,4.466109752655029
2008-03-10,4.476737976074219
2008-03-11,4.459031105041504
2008-03-12,4.3971266746521
2008-03-13,4.368666648864746
2008-03-14,4.318863391876221
2008-03-17,4.247711181640625
2008-03-18,4.3259758949279785
2008-03-19,4.3259758949279785
2008-03-20,4.336650371551514
2008-03-24,4.365109920501709
2008-03-25,4.354435443878174
2008-03-26,4.38645601272583
2008-03-27,4.393569469451904
2008-03-28,4.407803058624268
2008-03-31,4.414916515350342
2008-04-01,4.432702541351318
2008-04-02,4.454049587249756
2008-04-03,4.478953838348389
2008-04-04,4.471833229064941
2008-04-07,4.507411003112793
2008-04-08,4.493185043334961
2008-04-09,4.532312870025635
2008-04-10,4.550103664398193
2008-04-11,4.559394836425781
2008-04-14,4.595123291015625
2008-04-15,4.602269172668457
2008-04-16,4.609418869018555
2008-04-17,4.602269172668457
2008-04-18,4.641575336456299
2008-04-21,4.602269172668457
2008-04-22,4.6237101554870605
2008-04-23,4.620136737823486
2008-04-24,4.609418869018555
2008-04-25,4.616564750671387
2008-04-28,4.602269172668457
2008-04-29,4.587975978851318
2008-04-30,4.612990856170654
2008-05-01,4.630859851837158
2008-05-02,4.677305221557617
2008-05-05,4.684452533721924
2008-05-06,4.666588306427002
2008-05-07,4.673733234405518
2008-05-08,4.673733234405518
2008-05-09,4.691595554351807
2008-05-12,4.705893516540527
2008-05-13,4.664984226226807
2008-05-14,4.675750255584717
2008-05-15,4.704456806182861
2008-05-16,4.7152252197265625
2008-05-19,4.70087194442749
2008-05-20,4.758288860321045
2008-05-21,4.747518539428711
2008-05-22,4.736752033233643
2008-05-23,4.729578018188477
2008-05-27,4.729578018188477
2008-05-28,4.722399711608887
2008-05-29,4.718807697296143
2008-05-30,4.675750255584717
2008-06-02,4.71163272857666
2008-06-03,4.733165264129639
2008-06-04,4.682929515838623
2008-06-05,4.722399711608887
2008-06-06,4.682929515838623
2008-06-09,4.70087194442749
2008-06-10,4.686515808105469
2008-06-11,4.672158718109131
2008-06-12,4.609453201293945
2008-06-13,4.602242946624756
2008-06-16,4.638283729553223
2008-06-17,4.59143590927124
2008-06-18,4.544584274291992
2008-06-19,4.533769130706787
2008-06-20,4.504940509796143
2008-06-23,4.357176303863525
2008-06-24,4.378801345825195
2008-06-25,4.367988109588623
2008-06-26,4.364383697509766
2008-06-27,4.360782623291016
2008-06-30,4.425653457641602
2008-07-01,4.458089351654053
2008-07-02,4.519352436065674
2008-07-03,4.530168533325195
2008-07-07,4.555394172668457
2008-07-08,4.558995723724365
2008-07-09,4.573413848876953
2008-07-10,4.613056182861328
2008-07-11,4.586267471313477
2008-07-14,4.4704365730285645
2008-07-15,4.336503028869629
2008-07-16,4.394421100616455
2008-07-17,4.43786096572876
2008-07-18,4.408897876739502
2008-07-21,4.434241771697998
2008-07-22,4.448718547821045
2008-07-23,4.45233678817749
2008-07-24,4.3835625648498535
2008-07-25,4.398043632507324
2008-07-28,4.401659965515137
2008-07-29,4.448718547821045
2008-07-30,4.430619239807129
2008-07-31,4.423377990722656
2008-08-01,4.423377990722656
2008-08-04,4.412520408630371
2008-08-05,4.376323699951172
2008-08-06,4.34374475479126
2008-08-07,4.318408489227295
2008-08-08,4.379944324493408
2008-08-11,4.307543754577637
2008-08-12,4.3111653327941895
2008-08-13,4.349717617034912
2008-08-14,4.349717617034912
2008-08-15,4.342443943023682
2008-08-18,4.356990814208984
2008-08-19,4.349717617034912
2008-08-20,4.356990814208984
2008-08-21,4.335168838500977
2008-08-22,4.356990814208984
2008-08-25,4.360628604888916
2008-08-26,4.404271125793457
2008-08-27,4.404271125793457
2008-08-28,4.367900371551514
2008-08-29,4.382452011108398
2008-09-02,4.364264011383057
2008-09-03,4.364264011383057
2008-09-04,4.335168838500977
2008-09-05,4.375175952911377
2008-09-08,4.422455787658691
2008-09-09,4.396996021270752
2008-09-10,4.367900371551514
2008-09-11,4.297014236450195
2008-09-12,4.322591304779053
2008-09-15,4.24220609664917
2008-09-16,4.114318370819092
2008-09-17,3.9864323139190674
2008-09-18,3.8731603622436523
2008-09-19,4.008354663848877
2008-09-22,3.7379634380340576
2008-09-23,3.785468816757202
2008-09-24,3.840273857116699
2008-09-25,3.8183515071868896
2008-09-26,3.7123875617980957
2008-09-29,3.504115581512451
2008-09-30,3.7489280700683594
2008-10-01,3.7452728748321533
2008-10-02,3.825659990310669
2008-10-03,3.913353681564331
2008-10-06,3.701425075531006
2008-10-07,3.7379634380340576
2008-10-08,3.3104569911956787
2008-10-09,2.95967960357666
2008-10-10,2.7448036670684814
2008-10-13,3.1605732440948486
2008-10-14,3.4218056201934814
2008-10-15,3.1605732440948486
2008-10-16,3.4034104347229004
2008-10-17,3.3702945709228516
2008-10-20,3.4034104347229004
2008-10-21,3.3298227787017822
2008-10-22,3.4107704162597656
2008-10-23,3.690399646759033
2008-10-24,3.6609644889831543
2008-10-27,3.6278481483459473
2008-10-28,3.6278481483459473
2008-10-29,3.6609644889831543
2008-10-30,3.6315298080444336
2008-10-31,3.5248284339904785
2008-11-03,3.510110855102539
2008-11-04,3.734553575515747
2008-11-05,3.760312080383301
2008-11-06,3.7492692470550537
2008-11-07,3.8412528038024902
2008-11-10,3.8375744819641113
2008-11-11,3.8265366554260254
2008-11-12,3.68078351020813
2008-11-13,3.4403302669525146
2008-11-14,3.4847257137298584
2008-11-17,3.358950138092041
2008-11-18,3.303459882736206
2008-11-19,3.310857057571411
2008-11-20,3.140690326690674
2008-11-21,3.140690326690674
2008-11-24,3.2183759212493896
2008-11-25,3.1813814640045166
2008-11-26,3.2035772800445557
2008-11-28,3.1924798488616943
2008-12-01,3.1554882526397705
2008-12-02,2.989021062850952
2008-12-03,2.970522403717041
2008-12-04,2.9816195964813232
2008-12-05,2.9742231369018555
2008-12-08,2.918732166290283
2008-12-09,2.955728530883789
2008-12-10,3.2553696632385254
2008-12-11,3.004439353942871
2008-12-12,2.8853046894073486
2008-12-15,3.034224510192871
2008-12-16,3.3134429454803467
2008-12-17,3.13474178314209
2008-12-18,2.944871187210083
2008-12-19,2.9858264923095703
2008-12-22,3.257600784301758
2008-12-23,3.2278151512145996
2008-12-24,3.201756238937378
2008-12-26,3.19431209564209
2008-12-29,3.198032855987549
2008-12-30,3.320891857147217
2008-12-31,3.3730146884918213
2009-01-02,3.5368239879608154
2009-01-05,3.7118048667907715
2009-01-06,3.775092601776123
2009-01-07,3.6894662380218506
2009-01-08,3.7937099933624268
2009-01-09,3.871891736984253
2009-01-12,3.92401385307312
2009-01-13,3.8626291751861572
2009-01-14,3.84391713142395
2009-01-15,3.9000582695007324
2009-01-16,4.0011162757873535
2009-01-20,4.04603385925293
2009-01-21,4.04603385925293
2009-01-22,3.967432737350464
2009-01-23,3.885089874267578
2009-01-26,3.8775999546051025
2009-01-27,3.948716640472412
2009-01-28,4.057258605957031
2009-01-29,4.04977560043335
2009-01-30,3.9150331020355225
2009-02-02,3.8401732444763184
2009-02-03,4.00485897064209
2009-02-04,3.99362850189209
2009-02-05,4.143345832824707
2009-02-06,4.192005634307861
2009-02-09,4.14708948135376
2009-02-10,4.14708948135376
2009-02-11,4.202009677886963
2009-02-12,4.153110504150391
2009-02-13,4.138058662414551
2009-02-17,4.032727241516113
2009-02-18,3.942441940307617
2009-02-19,3.882251024246216
2009-02-20,3.7919702529907227
2009-02-23,3.6866354942321777
2009-02-24,3.9198715686798096
2009-02-25,4.006398677825928
2009-02-26,4.028966426849365
2009-02-27,4.025204658508301
2009-03-02,3.949967384338379
2009-03-03,3.8446335792541504
2009-03-04,3.9311575889587402
2009-03-05,3.90858793258667
2009-03-06,3.882251024246216
2009-03-09,3.833350896835327
2009-03-10,3.949967384338379
2009-03-11,3.9988701343536377
2009-03-12,4.023833274841309
2009-03-13,3.974665880203247
2009-03-16,4.01248836517334
2009-03-17,4.00870418548584
2009-03-18,4.031394004821777
2009-03-19,4.046521186828613
2009-03-20,4.069213390350342
2009-03-23,4.038960933685303
2009-03-24,4.046521186828613
2009-03-25,4.076772212982178
2009-03-26,4.129721641540527
2009-03-27,4.144846439361572
2009-03-30,4.107031345367432
2009-03-31,4.1183762550354
2009-04-01,4.1788859367370605
2009-04-02,4.194011211395264
2009-04-03,4.1788859367370605
2009-04-06,4.182667255401611
2009-04-07,4.110812187194824
2009-04-08,4.0919036865234375
2009-04-09,4.107031345367432
2009-04-13,4.090304851531982
2009-04-14,4.0522894859313965
2009-04-15,4.105508327484131
2009-04-16,4.082699775695801
2009-04-17,4.158727645874023
2009-04-20,4.173936367034912
2009-04-21,4.200545787811279
2009-04-22,4.249967098236084
2009-04-23,4.318387031555176
2009-04-24,4.306983470916748
2009-04-27,4.299380302429199
2009-04-28,4.284176826477051
2009-04-29,4.230958461761475
2009-04-30,4.2537665367126465
2009-05-01,4.291778087615967
2009-05-04,4.306983470916748
2009-05-05,4.306983470916748
2009-05-06,4.291778087615967
2009-05-07,4.333594799041748
2009-05-08,4.352601051330566
2009-05-11,4.344995975494385
2009-05-12,4.322188854217529
2009-05-13,4.293919086456299
2009-05-14,4.328301906585693
2009-05-15,4.370322227478027
2009-05-18,4.366502285003662
2009-05-19,4.343581199645996
2009-05-20,4.381784915924072
2009-05-21,4.370322227478027
2009-05-22,4.400885105133057
2009-05-26,4.416163444519043
2009-05-27,4.423806667327881
2009-05-28,4.416163444519043
2009-05-29,4.385605812072754
2009-06-01,4.351222515106201
2009-06-02,4.366502285003662
2009-06-03,4.385605812072754
2009-06-04,4.416163444519043
2009-06-05,4.301559925079346
2009-06-08,4.347404956817627
2009-06-09,4.355045318603516
2009-06-10,4.370322227478027
2009-06-11,4.378389358520508
2009-06-12,4.301576137542725
2009-06-15,4.240126609802246
2009-06-16,4.270849227905273
2009-06-17,4.286213397979736
2009-06-18,4.313097953796387
2009-06-19,4.366866111755371
2009-06-22,4.324621677398682
2009-06-23,4.309256553649902
2009-06-24,4.336142539978027
2009-06-25,4.328461647033691
2009-06-26,4.405274868011475
2009-06-29,4.428316116333008
2009-06-30,4.3630242347717285
2009-07-01,4.409116744995117
2009-07-02,4.455200672149658
2009-07-06,4.435999870300293
2009-07-07,4.43215799331665
2009-07-08,4.4897685050964355
2009-07-09,4.532017230987549
2009-07-10,4.581945419311523
2009-07-13,4.58233118057251
2009-07-14,4.58233118057251
2009-07-15,4.58233118057251
2009-07-16,4.593913555145264
2009-07-17,4.543728351593018
2009-07-20,4.574613571166992
2009-07-21,4.601633071899414
2009-07-22,4.58233118057251
2009-07-23,4.6093573570251465
2009-07-24,4.6325178146362305
2009-07-27,4.6093573570251465
2009-07-28,4.605493545532227
2009-07-29,4.647958755493164
2009-07-30,4.663399696350098
2009-07-31,4.686561107635498
2009-08-03,4.671123027801514
2009-08-04,4.6402411460876465
2009-08-05,4.6325178146362305
2009-08-06,4.613213062286377
2009-08-07,4.620938301086426
2009-08-10,4.674980640411377
2009-08-11,4.702007293701172
2009-08-12,4.706272125244141
2009-08-13,4.68299674987793
2009-08-14,4.644194602966309
2009-08-17,4.58599853515625
2009-08-18,4.659712314605713
2009-08-19,4.68299674987793
2009-08-20,4.686873912811279
2009-08-21,4.733431816101074
2009-08-24,4.733431816101074
2009-08-25,4.772230625152588
2009-08-26,4.779992580413818
2009-08-27,4.811031818389893
2009-08-28,4.787748336791992
2009-08-31,4.783868312835693
2009-09-01,4.787748336791992
2009-09-02,4.80327033996582
2009-09-03,4.842069149017334
2009-09-04,4.919663429260254
2009-09-08,4.939065933227539
2009-09-09,4.966224193572998
2009-09-10,4.935184955596924
2009-09-11,4.947268962860107
2009-09-14,4.947268962860107
2009-09-15,4.982356071472168
2009-09-16,4.966762542724609
2009-09-17,4.962867259979248
2009-09-18,4.982356071472168
2009-09-21,4.958967208862305
2009-09-22,4.986258029937744
2009-09-23,5.001850605010986
2009-09-24,4.9745588302612305
2009-09-25,4.962867259979248
2009-09-28,4.982356071472168
2009-09-29,4.955068588256836
2009-09-30,4.9745588302612305
2009-10-01,4.986258029937744
2009-10-02,5.017448902130127
2009-10-05,5.056427955627441
2009-10-06,5.103216171264648
2009-10-07,5.095418930053711
2009-10-08,5.111008644104004
2009-10-09,4.990154266357422
2009-10-12,4.869298458099365
2009-10-13,4.9284563064575195
2009-10-14,4.822682857513428
2009-10-15,4.701233863830566
2009-10-16,4.775665760040283
2009-10-19,4.767832279205322
2009-10-20,4.865772724151611
2009-10-21,4.810925483703613
2009-10-22,4.807008266448975
2009-10-23,4.822682857513428
2009-10-26,4.810925483703613
2009-10-27,4.807008266448975
2009-10-28,4.7795820236206055
2009-10-29,4.79917573928833
2009-10-30,4.732571601867676
2009-11-02,4.7364888191223145
2009-11-03,4.7364888191223145
2009-11-04,4.78350305557251
2009-11-05,4.795254707336426
2009-11-06,4.814840793609619
2009-11-09,4.830512523651123
2009-11-10,4.752166748046875
2009-11-11,4.760036945343018
2009-11-12,4.68917179107666
2009-11-13,4.700981616973877
2009-11-16,4.732481956481934
2009-11-17,4.716726303100586
2009-11-18,4.708852767944336
2009-11-19,4.720667839050293
2009-11-20,4.752166748046875
2009-11-23,4.748230934143066
2009-11-24,4.740354061126709
2009-11-25,4.740354061126709
2009-11-27,4.771850109100342
2009-11-30,4.803348064422607
2009-12-01,4.8309102058410645
2009-12-02,4.866343021392822
2009-12-03,4.901778221130371
2009-12-04,4.889965057373047
2009-12-07,4.858470439910889
2009-12-08,4.858470439910889
2009-12-09,4.866343021392822
2009-12-10,4.897838115692139
2009-12-11,4.8982343673706055
2009-12-14,4.866583824157715
2009-12-15,4.819105625152588
2009-12-16,4.811189651489258
2009-12-17,4.803279876708984
2009-12-18,4.838886260986328
2009-12-21,4.866583824157715
2009-12-22,4.862627029418945
2009-12-23,4.850757122039795
2009-12-24,4.862627029418945
2009-12-28,4.830975532531738
2009-12-29,4.846798419952393
2009-12-30,4.850757122039795
2009-12-31,4.850757122039795
2010-01-04,4.894278049468994
2010-01-05,4.8982343673706055
2010-01-06,4.910104751586914
2010-01-07,4.925932884216309
2010-01-08,4.945715427398682
2010-01-11,4.945715427398682
2010-01-12,4.945715427398682
2010-01-13,4.962014675140381
2010-01-14,4.954063892364502
2010-01-15,4.985870838165283
2010-01-19,4.981898307800293
2010-01-20,4.9659929275512695
2010-01-21,4.969969749450684
2010-01-22,4.958042144775391
2010-01-25,4.958042144775391
2010-01-26,4.918280601501465
2010-01-27,4.954063892364502
2010-01-28,4.981898307800293
2010-01-29,5.005748271942139
2010-02-01,5.001776695251465
2010-02-02,5.061418056488037
2010-02-03,5.0932230949401855
2010-02-04,5.0773210525512695
2010-02-05,5.081299304962158
2010-02-08,5.125029563903809
2010-02-09,5.109127521514893
2010-02-10,5.133495807647705
2010-02-11,5.133495807647705
2010-02-12,5.1295037269592285
2010-02-16,5.113522529602051
2010-02-17,5.069575309753418
2010-02-18,5.10153865814209
2010-02-19,5.0935444831848145
2010-02-22,5.077569961547852
2010-02-23,5.077569961547852
2010-02-24,5.125507354736328
2010-02-25,5.137490272521973
2010-02-26,5.177441596984863
2010-03-01,5.161459922790527
2010-03-02,5.165456295013428
2010-03-03,5.149475574493408
2010-03-04,5.157463073730469
2010-03-05,5.177441596984863
2010-03-08,5.197419166564941
2010-03-09,5.181434631347656
2010-03-10,5.185433387756348
2010-03-11,5.1637492179870605
2010-03-12,5.211931228637695
2010-03-15,5.203901767730713
2010-03-16,5.171780586242676
2010-03-17,5.203901767730713
2010-03-18,5.211931228637695
2010-03-19,5.219961643218994
2010-03-22,5.199888229370117
2010-03-23,5.191856861114502
2010-03-24,5.207919120788574
2010-03-25,5.195871353149414
2010-03-26,5.179810523986816
2010-03-29,5.207919120788574
2010-03-30,5.211931228637695
2010-03-31,5.256103515625
2010-04-01,5.240039348602295
2010-04-05,5.240039348602295
2010-04-06,5.268148422241211
2010-04-07,5.276180744171143
2010-04-08,5.268148422241211
2010-04-09,5.264129638671875
2010-04-12,5.264129638671875
2010-04-13,5.25040864944458
2010-04-14,5.254449367523193
2010-04-15,5.2665557861328125
2010-04-16,5.226198673248291
2010-04-19,5.25040864944458
2010-04-20,5.274624824523926
2010-04-21,5.274624824523926
2010-04-22,5.290766716003418
2010-04-23,5.30690860748291
2010-04-26,5.30690860748291
2010-04-27,5.302871227264404
2010-04-28,5.294802665710449
2010-04-29,5.286733150482178
2010-04-30,5.2988409996032715
2010-05-03,5.327087879180908
2010-05-04,5.327087879180908
2010-05-05,5.343231678009033
2010-05-06,5.327087879180908
2010-05-07,5.274624824523926
2010-05-10,5.310946941375732
2010-05-11,5.31498384475708
2010-05-12,5.353918552398682
2010-05-13,5.37825345993042
2010-05-14,5.333637237548828
2010-05-17,5.289022445678711
2010-05-18,5.366087913513184
2010-05-19,5.345808506011963
2010-05-20,5.337696075439453
2010-05-21,5.374199390411377
2010-05-24,5.345808506011963
2010-05-25,5.333637237548828
2010-05-26,5.337696075439453
2010-05-27,5.370144367218018
2010-05-28,5.357975959777832
2010-06-01,5.3417534828186035
2010-06-02,5.362030982971191
2010-06-03,5.366087913513184
2010-06-04,5.366087913513184
2010-06-07,5.4228692054748535
2010-06-08,5.475602626800537
2010-06-09,5.410700798034668
2010-06-10,5.439094066619873
2010-06-11,5.5169782638549805
2010-06-14,5.549596786499023
2010-06-15,5.504744052886963
2010-06-16,5.521051406860352
2010-06-17,5.4925127029418945
2010-06-18,5.5577521324157715
2010-06-21,5.602606296539307
2010-06-22,5.582216739654541
2010-06-23,5.582216739654541
2010-06-24,5.598526954650879
2010-06-25,5.6474609375
2010-06-28,5.680079936981201
2010-06-29,5.631148815155029
2010-06-30,5.635228633880615
2010-07-01,5.622992515563965
2010-07-02,5.6474609375
2010-07-06,5.671924114227295
2010-07-07,5.655612468719482
2010-07-08,5.6189165115356445
2010-07-09,5.614840030670166
2010-07-12,5.627071380615234
2010-07-13,5.647975921630859
2010-07-14,5.697154998779297
2010-07-15,5.7094550132751465
2010-07-16,5.7217512130737305
2010-07-19,5.7217512130737305
2010-07-20,5.76273775100708
2010-07-21,5.76273775100708
2010-07-22,5.775034427642822
2010-07-23,5.758637428283691
2010-07-26,5.750443458557129
2010-07-27,5.742245197296143
2010-07-28,5.750443458557129
2010-07-29,5.807824611663818
2010-07-30,5.807824611663818
2010-08-02,5.811924934387207
2010-08-03,5.861104965209961
2010-08-04,5.869301795959473
2010-08-05,5.8488054275512695
2010-08-06,5.8570075035095215
2010-08-09,5.852905750274658
2010-08-10,5.852905750274658
2010-08-11,5.881596088409424
2010-08-12,5.894367218017578
2010-08-13,5.898484706878662
2010-08-16,5.964392185211182
2010-08-17,5.956151008605957
2010-08-18,5.972631931304932
2010-08-19,5.919081687927246
2010-08-20,5.914961338043213
2010-08-23,5.964392185211182
2010-08-24,5.980869293212891
2010-08-25,5.910842418670654
2010-08-26,5.898484706878662
2010-08-27,5.919081687927246
2010-08-30,5.968513488769531
2010-08-31,5.9273223876953125
2010-09-01,5.9273223876953125
2010-09-02,5.960275173187256
2010-09-03,5.919081687927246
2010-09-07,5.9520344734191895
2010-09-08,5.964392185211182
2010-09-09,5.960275173187256
2010-09-10,5.956151008605957
2010-09-13,5.923866271972656
2010-09-14,5.894887447357178
2010-09-15,5.774839878082275
2010-09-16,5.725162029266357
2010-09-17,5.766557693481445
2010-09-20,5.8369293212890625
2010-09-21,5.8369293212890625
2010-09-22,5.857626914978027
2010-09-23,5.853492259979248
2010-09-24,5.845209121704102
2010-09-27,5.8907470703125
2010-09-28,5.882467269897461
2010-09-29,5.8783278465271
2010-09-30,5.865910053253174
2010-10-01,5.853492259979248
2010-10-04,5.849346160888672
2010-10-05,5.807953357696533
2010-10-06,5.754137992858887
2010-10-07,5.754137992858887
2010-10-08,5.828651428222656
2010-10-11,5.8162336349487305
2010-10-12,5.8369293212890625
2010-10-13,5.837762832641602
2010-10-14,5.8668904304504395
2010-10-15,5.837762832641602
2010-10-18,5.816962718963623
2010-10-19,5.816962718963623
2010-10-20,5.8086347579956055
2010-10-21,5.8211212158203125
2010-10-22,5.8460845947265625
2010-10-25,5.887692451477051
2010-10-26,5.8960185050964355
2010-10-27,5.8835320472717285
2010-10-28,5.837762832641602
2010-10-29,5.8460845947265625
2010-11-01,5.8960185050964355
2010-11-02,5.8835320472717285
2010-11-03,5.875208854675293
2010-11-04,5.862727642059326
2010-11-05,5.854406833648682
2010-11-08,5.8211212158203125
2010-11-09,5.758706092834473
2010-11-10,5.60060453414917
2010-11-11,5.487668037414551
2010-11-12,5.433291912078857
2010-11-15,5.111230850219727
2010-11-16,5.274351119995117
2010-11-17,5.395652770996094
2010-11-18,5.345461368560791
2010-11-19,5.370550155639648
2010-11-22,5.445843696594238
2010-11-23,5.50439977645874
2010-11-24,5.5127644538879395
2010-11-26,5.537863254547119
2010-11-29,5.558775901794434
2010-11-30,5.550410747528076
2010-12-01,5.441662788391113
2010-12-02,5.320361137390137
2010-12-03,5.341277122497559
2010-12-06,5.261803150177002
2010-12-07,5.207431793212891
2010-12-08,5.165604114532471
2010-12-09,5.194883346557617
2010-12-10,5.148871421813965
2010-12-13,5.12867546081543
2010-12-14,5.111850261688232
2010-12-15,5.141301155090332
2010-12-16,5.355868339538574
2010-12-17,5.288557052612305
2010-12-20,5.116055011749268
2010-12-21,5.061361789703369
2010-12-22,5.073982238769531
2010-12-23,5.086604118347168
2010-12-27,5.082398414611816
2010-12-28,5.082398414611816
2010-12-29,5.1244683265686035
2010-12-30,5.166543006896973
2010-12-31,5.246480464935303
2011-01-03,5.200201034545898
2011-01-04,5.217031955718994
2011-01-05,5.217031955718994
2011-01-06,5.179164409637451
2011-01-07,5.200201034545898
2011-01-10,5.1539201736450195
2011-01-11,5.111850261688232
2011-01-12,5.0619072914123535
2011-01-13,4.947631359100342
2011-01-14,4.846055507659912
2011-01-18,4.875683307647705
2011-01-19,4.9010748863220215
2011-01-20,4.960327625274658
2011-01-21,5.0026535987854
2011-01-24,5.0619072914123535
2011-01-25,5.112695217132568
2011-01-26,5.11692476272583
2011-01-27,5.163485527038574
2011-01-28,5.155017852783203
2011-01-31,5.150789737701416
2011-02-01,5.176185131072998
2011-02-02,5.150789737701416
2011-02-03,5.066136837005615
2011-02-04,5.07460355758667
2011-02-07,5.142322540283203
2011-02-08,5.095767021179199
2011-02-09,5.091531276702881
2011-02-10,5.07460355758667
2011-02-11,5.079712390899658
2011-02-14,5.096745014190674
2011-02-15,5.1308088302612305
2011-02-16,5.186161041259766
2011-02-17,5.186161041259766
2011-02-18,5.190417289733887
2011-02-22,5.1606125831604
2011-02-23,5.126549243927002
2011-02-24,5.1478400230407715
2011-02-25,5.143583297729492
2011-02-28,5.156356334686279
2011-03-01,5.194675922393799
2011-03-02,5.228742599487305
2011-03-03,5.173387050628662
2011-03-04,5.1819047927856445
2011-03-07,5.233001232147217
2011-03-08,5.267062664031982
2011-03-09,5.245772361755371
2011-03-10,5.267062664031982
2011-03-11,5.267915725708008
2011-03-14,5.29789924621582
2011-03-15,5.263638019561768
2011-03-16,5.225088119506836
2011-03-17,5.259352684020996
2011-03-18,5.229372978210449
2011-03-21,5.177978515625
2011-03-22,5.156562328338623
2011-03-23,5.186544895172119
2011-03-24,5.160846710205078
2011-03-25,5.152281284332275
2011-03-28,5.143717288970947
2011-03-29,5.130867004394531
2011-03-30,5.156562328338623
2011-03-31,5.160846710205078
2011-04-01,5.186544895172119
2011-04-04,5.113739490509033
2011-04-05,5.122304916381836
2011-04-06,5.1094512939453125
2011-04-07,5.1094512939453125
2011-04-08,5.066626071929932
2011-04-11,5.049491882324219
2011-04-12,5.062339782714844
2011-04-13,5.015799522399902
2011-04-14,5.028729438781738
2011-04-15,5.024425029754639
2011-04-18,5.080440998077393
2011-04-19,5.076131343841553
2011-04-20,5.132150650024414
2011-04-21,5.1278395652771
2011-04-25,5.1278395652771
2011-04-26,5.158002853393555
2011-04-27,5.179548740386963
2011-04-28,5.175240993499756
2011-04-29,5.2010955810546875
2011-05-02,5.23125696182251
2011-05-03,5.23125696182251
2011-05-04,5.2441864013671875
2011-05-05,5.265728950500488
2011-05-06,5.274352073669434
2011-05-09,5.317439556121826
2011-05-10,5.3045148849487305
2011-05-11,5.321751117706299
2011-05-12,5.331283092498779
2011-05-13,5.344285488128662
2011-05-16,5.387629508972168
2011-05-17,5.37462854385376
2011-05-18,5.3616251945495605
2011-05-19,5.413640975952148
2011-05-20,5.417971611022949
2011-05-23,5.439647197723389
2011-05-24,5.391963481903076
2011-05-25,5.39630126953125
2011-05-26,5.417971611022949
2011-05-27,5.417971611022949
2011-05-31,5.439647197723389
2011-06-01,5.439647197723389
2011-06-02,5.430976867675781
2011-06-03,5.504656791687012
2011-06-06,5.48732328414917
2011-06-07,5.48732328414917
2011-06-08,5.448315143585205
2011-06-09,5.435309410095215
2011-06-10,5.430976867675781
2011-06-13,5.41876745223999
2011-06-14,5.458003044128418
2011-06-15,5.449284076690674
2011-06-16,5.458003044128418
2011-06-17,5.440565586090088
2011-06-20,5.4667229652404785
2011-06-21,5.479804039001465
2011-06-22,5.5233988761901855
2011-06-23,5.571349620819092
2011-06-24,5.536470413208008
2011-06-27,5.5233988761901855
2011-06-28,5.536470413208008
2011-06-29,5.497239112854004
2011-06-30,5.4667229652404785
2011-07-01,5.501597881317139
2011-07-05,5.536470413208008
2011-07-06,5.5233988761901855
2011-07-07,5.553909778594971
2011-07-08,5.580066680908203
2011-07-11,5.540830135345459
2011-07-12,5.566987991333008
2011-07-13,5.550331115722656
2011-07-14,5.5108747482299805
2011-07-15,5.4582648277282715
2011-07-18,5.445109844207764
2011-07-19,5.471415042877197
2011-07-20,5.537174701690674
2011-07-21,5.537174701690674
2011-07-22,5.56348180770874
2011-07-25,5.515252590179443
2011-07-26,5.497721195220947
2011-07-27,5.396886348724365
2011-07-28,5.370583534240723
2011-07-29,5.335509777069092
2011-08-01,5.431955337524414
2011-08-02,5.5064897537231445
2011-08-03,5.541561126708984
2011-08-04,5.4845685958862305
2011-08-05,5.4582648277282715
2011-08-08,5.265360355377197
2011-08-09,5.388116359710693
2011-08-10,5.449492931365967
2011-08-11,5.450376033782959
2011-08-12,5.542980194091797
2011-08-15,5.600301265716553
2011-08-16,5.604711532592773
2011-08-17,5.626766681671143
2011-08-18,5.600301265716553
2011-08-19,5.587079048156738
2011-08-22,5.617944240570068
2011-08-23,5.67968225479126
2011-08-24,5.648816108703613
2011-08-25,5.648816108703613
2011-08-26,5.644402027130127
2011-08-29,5.675271987915039
2011-08-30,5.684087753295898
2011-08-31,5.670860290527344
2011-09-01,5.635583400726318
2011-09-02,5.604711532592773
2011-09-06,5.609126567840576
2011-09-07,5.622352600097656
2011-09-08,5.626766681671143
2011-09-09,5.662041187286377
2011-09-12,5.701729774475098
2011-09-13,5.711480617523193
2011-09-14,5.715914249420166
2011-09-15,5.667142868041992
2011-09-16,5.662704944610596
2011-09-19,5.693745136260986
2011-09-20,5.729221820831299
2011-09-21,5.738090515136719
2011-09-22,5.742527008056641
2011-09-23,5.742527008056641
2011-09-26,5.738090515136719
2011-09-27,5.773568630218506
2011-09-28,5.795736312866211
2011-09-29,5.835649490356445
2011-09-30,5.862252235412598
2011-10-03,5.848947048187256
2011-10-04,5.764699459075928
2011-10-05,5.746962547302246
2011-10-06,5.698184490203857
2011-10-07,5.698184490203857
2011-10-10,5.724786281585693
2011-10-11,5.764699459075928
2011-10-12,5.738836765289307
2011-10-13,5.7655930519104
2011-10-14,5.796806335449219
2011-10-17,5.774506092071533
2011-10-18,5.78788423538208
2011-10-19,5.801263809204102
2011-10-20,5.819098472595215
2011-10-21,5.894900321960449
2011-10-24,5.854770660400391
2011-10-25,5.8235578536987305
2011-10-26,5.84585428237915
2011-10-27,5.832472801208496
2011-10-28,5.78788423538208
2011-10-31,5.841394901275635
2011-11-01,5.863686561584473
2011-11-02,5.863686561584473
2011-11-03,5.859230041503906
2011-11-04,5.908279895782471
2011-11-07,5.952872276306152
2011-11-08,5.966245651245117
2011-11-09,5.9751691818237305
2011-11-10,5.971582412719727
2011-11-11,5.985031604766846
2011-11-14,6.011929988861084
2011-11-15,5.985031604766846
2011-11-16,6.002962112426758
2011-11-17,5.962615013122559
2011-11-18,5.980548858642578
2011-11-21,6.01641321182251
2011-11-22,6.007446765899658
2011-11-23,6.0522780418396
2011-11-25,6.04331111907959
2011-11-28,6.0522780418396
2011-11-29,6.0522780418396
2011-11-30,6.070208549499512
2011-12-01,6.097108364105225
2011-12-02,6.119523048400879
2011-12-05,6.088142395019531
2011-12-06,6.079176425933838
2011-12-07,6.13745641708374
2011-12-08,6.083656311035156
2011-12-09,6.083656311035156
2011-12-12,6.124005317687988
2011-12-13,6.112288951873779
2011-12-14,6.121304035186768
2011-12-15,6.107780456542969
2011-12-16,6.152856826782227
2011-12-19,6.12581205368042
2011-12-20,6.16637659072876
2011-12-21,6.193421363830566
2011-12-22,6.229485511779785
2011-12-23,6.265550136566162
2011-12-27,6.32414436340332
2011-12-28,6.333156585693359
2011-12-29,6.355697154998779
2011-12-30,6.373729228973389
2012-01-03,6.369218349456787
2012-01-04,6.382741928100586
2012-01-05,6.486417293548584
2012-01-06,6.454861164093018
2012-01-09,6.45035457611084
2012-01-10,6.45035457611084
2012-01-11,6.428611755371094
2012-01-12,6.501097679138184
2012-01-13,6.578110218048096
2012-01-17,6.600765705108643
2012-01-18,6.564519882202148
2012-01-19,6.637007236480713
2012-01-20,6.587173938751221
2012-01-23,6.600765705108643
2012-01-24,6.537341117858887
2012-01-25,6.532810688018799
2012-01-26,6.569052219390869
2012-01-27,6.627948760986328
2012-01-30,6.691375255584717
2012-01-31,6.754794597625732
2012-02-01,6.804631233215332
2012-02-02,6.736676216125488
2012-02-03,6.65059757232666
2012-02-06,6.6641926765441895
2012-02-07,6.723087787628174
2012-02-08,6.754794597625732
2012-02-09,6.7457356452941895
2012-02-10,6.759329319000244
2012-02-13,6.76479434967041
2012-02-14,6.669191837310791
2012-02-15,6.678297519683838
2012-02-16,6.550832271575928
2012-02-17,6.591803550720215
2012-02-21,6.682849884033203
2012-02-22,6.6054582595825195
2012-02-23,6.578146934509277
2012-02-24,6.6327714920043945
2012-02-27,6.664641857147217
2012-02-28,6.705604553222656
2012-02-29,6.723820209503174
2012-03-01,6.71016263961792
2012-03-02,6.682849884033203
2012-03-05,6.669191837310791
2012-03-06,6.646428108215332
2012-03-07,6.696506500244141
2012-03-08,6.723820209503174
2012-03-09,6.723820209503174
2012-03-12,6.773890972137451
2012-03-13,6.756515979766846
2012-03-14,6.5415143966674805
2012-03-15,6.3859758377075195
2012-03-16,6.257893085479736
2012-03-19,6.303633689880371
2012-03-20,6.390559196472168
2012-03-21,6.454598903656006
2012-03-22,6.459169864654541
2012-03-23,6.491194248199463
2012-03-26,6.486618995666504
2012-03-27,6.5094895362854
2012-03-28,6.536932468414307
2012-03-29,6.5094895362854
2012-03-30,6.50034236907959
2012-04-02,6.472897052764893
2012-04-03,6.46832275390625
2012-04-04,6.491194248199463
2012-04-05,6.523217678070068
2012-04-09,6.578105926513672
2012-04-10,6.600978374481201
2012-04-11,6.614702224731445
2012-04-12,6.606428623199463
2012-04-13,6.611024379730225
2012-04-16,6.647804260253906
2012-04-17,6.578845500946045
2012-04-18,6.6340107917785645
2012-04-19,6.652402877807617
2012-04-20,6.661599636077881
2012-04-23,6.6340107917785645
2012-04-24,6.684586524963379
2012-04-25,6.679983139038086
2012-04-26,6.675389289855957
2012-04-27,6.675389289855957
2012-04-30,6.7075724601745605
2012-05-01,6.739757061004639
2012-05-02,6.721364974975586
2012-05-03,6.730558395385742
2012-05-04,6.730558395385742
2012-05-07,6.712169647216797
2012-05-08,6.744350910186768
2012-05-09,6.771933078765869
2012-05-10,6.813309192657471
2012-05-11,6.841951847076416
2012-05-14,6.828092575073242
2012-05-15,6.828092575073242
2012-05-16,6.841951847076416
2012-05-17,6.786520481109619
2012-05-18,6.763418197631836
2012-05-21,6.804994106292725
2012-05-22,6.828092575073242
2012-05-23,6.841951847076416
2012-05-24,6.832714080810547
2012-05-25,6.814232349395752
2012-05-29,6.791133880615234
2012-05-30,6.768033981323242
2012-05-31,6.814232349395752
2012-06-01,6.7957563400268555
2012-06-04,6.800375938415527
2012-06-05,6.832714080810547
2012-06-06,6.828092575073242
2012-06-07,6.828092575073242
2012-06-08,6.87891149520874
2012-06-11,6.860435962677002
2012-06-12,6.841951847076416
2012-06-13,6.898594379425049
2012-06-14,6.847524166107178
2012-06-15,6.787174224853516
2012-06-18,6.847524166107178
2012-06-19,6.884663105010986
2012-06-20,6.917163372039795
2012-06-21,6.917163372039795
2012-06-22,6.884663105010986
2012-06-25,6.838239669799805
2012-06-26,6.838239669799805
2012-06-27,6.893951416015625
2012-06-28,6.903233528137207
2012-06-29,6.963581562042236
2012-07-02,6.991438388824463
2012-07-03,7.014651298522949
2012-07-05,7.014651298522949
2012-07-06,7.03322172164917
2012-07-09,7.084289073944092
2012-07-10,7.107500076293945
2012-07-11,7.03786039352417
2012-07-12,7.0014824867248535
2012-07-13,7.048124313354492
2012-07-16,7.090107440948486
2012-07-17,7.108760356903076
2012-07-18,7.113431930541992
2012-07-19,7.066782474517822
2012-07-20,7.099435806274414
2012-07-23,7.1740641593933105
2012-07-24,7.206723690032959
2012-07-25,7.2626953125
2012-07-26,7.230041027069092
2012-07-27,7.267355442047119
2012-07-30,7.300006866455078
2012-07-31,7.374642372131348
2012-08-01,7.30467414855957
2012-08-02,7.323334217071533
2012-08-03,7.337327003479004
2012-08-06,7.346652984619141
2012-08-07,7.318670272827148
2012-08-08,7.2626953125
2012-08-09,7.211380481719971
2012-08-10,7.253367900848389
2012-08-13,7.1746368408203125
2012-08-14,7.258986473083496
2012-08-15,7.305847644805908
2012-08-16,7.333965301513672
2012-08-17,7.3199076652526855
2012-08-20,7.348025321960449
2012-08-21,7.287105083465576
2012-08-22,7.123085975646973
2012-08-23,7.104339122772217
2012-08-24,7.113715171813965
2012-08-27,7.221496105194092
2012-08-28,7.268357276916504
2012-08-29,7.338657379150391
2012-08-30,7.315222263336182
2012-08-31,7.301168918609619
2012-09-04,7.254302024841309
2012-09-05,7.29647159576416
2012-09-06,7.29647159576416
2012-09-07,7.3199076652526855
2012-09-10,7.3199076652526855
2012-09-11,7.348025321960449
2012-09-12,7.38192081451416
2012-09-13,7.433712005615234
2012-09-14,7.443124294281006
2012-09-17,7.400757789611816
2012-09-18,7.377214431762695
2012-09-19,7.353679180145264
2012-09-20,7.372507095336914
2012-09-21,7.400757789611816
2012-09-24,7.38192081451416
2012-09-25,7.424290657043457
2012-09-26,7.4525346755981445
2012-09-27,7.438422679901123
2012-09-28,7.466664791107178
2012-10-01,7.480790138244629
2012-10-02,7.4996161460876465
2012-10-03,7.494909763336182
2012-10-04,7.471373558044434
2012-10-05,7.485494613647461
2012-10-08,7.4525346755981445
2012-10-09,7.386629581451416
2012-10-10,7.330136775970459
2012-10-11,7.321623802185059
2012-10-12,7.312165260314941
2012-10-15,7.274326801300049
2012-10-16,7.302709102630615
2012-10-17,7.364194393157959
2012-10-18,7.373651504516602
2012-10-19,7.416219234466553
2012-10-22,7.397298336029053
2012-10-23,7.406755447387695
2012-10-24,7.491897106170654
2012-10-25,7.543917179107666
2012-10-26,7.572299003601074
2012-10-31,7.543917179107666
2012-11-01,7.553380966186523
2012-11-02,7.449328422546387
2012-11-05,7.350001335144043
2012-11-06,7.387840270996094
2012-11-07,7.543917179107666
2012-11-08,7.5912184715271
2012-11-09,7.6148681640625
2012-11-12,7.60540771484375
2012-11-13,7.5398383140563965
2012-11-14,7.478078365325928
2012-11-15,7.435319423675537
2012-11-16,7.520838737487793
2012-11-19,7.5398383140563965
2012-11-20,7.6158576011657715
2012-11-21,7.649119853973389
2012-11-23,7.6158576011657715
2012-11-26,7.55885124206543
2012-11-27,7.672871112823486
2012-11-28,7.687126159667969
2012-11-29,7.720383167266846
2012-11-30,7.77264404296875
2012-12-03,7.786890983581543
2012-12-04,7.763141632080078
2012-12-05,7.77264404296875
2012-12-06,7.839155197143555
2012-12-07,7.753635883331299
2012-12-10,7.653864860534668
2012-12-11,7.644369602203369
2012-12-12,7.684938907623291
2012-12-13,7.637205123901367
2012-12-14,7.5035552978515625
2012-12-17,7.307852268218994
2012-12-18,7.283987522125244
2012-12-19,7.384220600128174
2012-12-20,7.35081148147583
2012-12-21,7.3651251792907715
2012-12-24,7.431951999664307
2012-12-26,7.346034526824951
2012-12-27,7.283987522125244
2012-12-28,7.2983012199401855
2012-12-31,7.303081512451172
2013-01-02,7.551286697387695
2013-01-03,7.627660274505615
2013-01-04,7.6419782638549805
2013-01-07,7.684938907623291
2013-01-08,7.723123550415039
2013-01-09,7.737444877624512
2013-01-10,7.66584587097168
2013-01-11,7.666803359985352
2013-01-14,7.623649597167969
2013-01-15,7.580499172210693
2013-01-16,7.580499172210693
2013-01-17,7.580499172210693
2013-01-18,7.638035774230957
2013-01-22,7.647627353668213
2013-01-23,7.719544410705566
2013-01-24,7.7387237548828125
2013-01-25,7.743517875671387
2013-01-28,7.5661091804504395
2013-01-29,7.522960186004639
2013-01-30,7.498991012573242
2013-01-31,7.508578300476074
2013-02-01,7.494191646575928
2013-02-04,7.508578300476074
2013-02-05,7.527756214141846
2013-02-06,7.518167018890381
2013-02-07,7.546932220458984
2013-02-08,7.542137622833252
2013-02-11,7.522960186004639
2013-02-12,7.542137622833252
2013-02-13,7.461219787597656
2013-02-14,7.446767330169678
2013-02-15,7.4226837158203125
2013-02-19,7.413053035736084
2013-02-20,7.4275031089782715
2013-02-21,7.475671768188477
2013-02-22,7.461219787597656
2013-02-25,7.388965606689453
2013-02-26,7.403415203094482
2013-02-27,7.4226837158203125
2013-02-28,7.4515838623046875
2013-03-01,7.456399917602539
2013-03-04,7.485300540924072
2013-03-05,7.470853805541992
2013-03-06,7.5045647621154785
2013-03-07,7.499755382537842
2013-03-08,7.437135696411133
2013-03-11,7.307079315185547
2013-03-12,7.350431442260742
2013-03-13,7.254603862762451
2013-03-14,7.061023235321045
2013-03-15,7.007786273956299
2013-03-18,7.182010173797607
2013-03-19,7.191689968109131
2013-03-20,7.298163890838623
2013-03-21,7.244928359985352
2013-03-22,7.259448528289795
2013-03-25,7.259448528289795
2013-03-26,7.249766826629639
2013-03-27,7.404635906219482
2013-03-28,7.385276794433594
2013-04-01,7.361079692840576
2013-04-02,7.278803825378418
2013-04-03,7.269124507904053
2013-04-04,7.322364330291748
2013-04-05,7.453028678894043
2013-04-08,7.336879730224609
2013-04-09,7.380435466766357
2013-04-10,7.3755998611450195
2013-04-11,7.352252960205078
2013-04-12,7.425195693969727
2013-04-15,7.381429672241211
2013-04-16,7.386296272277832
2013-04-17,7.391154766082764
2013-04-18,7.371705532073975
2013-04-19,7.425195693969727
2013-04-22,7.454374313354492
2013-04-23,7.493269920349121
2013-04-24,7.439785003662109
2013-04-25,7.425195693969727
2013-04-26,7.444648742675781
2013-04-29,7.493269920349121
2013-04-30,7.439785003662109
2013-05-01,7.4835429191589355
2013-05-02,7.566219329833984
2013-05-03,7.512720584869385
2013-05-06,7.54189920425415
2013-05-07,7.546759605407715
2013-05-08,7.532177925109863
2013-05-09,7.47382116317749
2013-05-10,7.468957901000977
2013-05-13,7.406423568725586
2013-05-14,7.3966546058654785
2013-05-15,7.352680206298828
2013-05-16,7.328257083892822
2013-05-17,7.347800254821777
2013-05-20,7.406423568725586
2013-05-21,7.347800254821777
2013-05-22,7.333139896392822
2013-05-23,7.381997585296631
2013-05-24,7.362455368041992
2013-05-28,7.279402732849121
2013-05-29,7.074209213256836
2013-05-30,7.005810737609863
2013-05-31,6.8494791984558105
2013-06-03,6.7371110916137695
2013-06-04,6.878788471221924
2013-06-05,7.000927925109863
2013-06-06,7.171920299530029
2013-06-07,7.206119537353516
2013-06-10,7.049782752990723
2013-06-11,6.976498603820801
2013-06-12,6.815443515777588
2013-06-13,6.933287143707275
2013-06-14,7.1100592613220215
2013-06-17,7.026587963104248
2013-06-18,6.938201427459717
2013-06-19,6.859638690948486
2013-06-20,6.722144603729248
2013-06-21,6.682867050170898
2013-06-24,6.594483375549316
2013-06-25,6.628851890563965
2013-06-26,6.854723930358887
2013-06-27,6.889096736907959
2013-06-28,6.854723930358887
2013-07-01,6.91855525970459
2013-07-02,6.839995384216309
2013-07-03,6.668132305145264
2013-07-05,6.560110092163086
2013-07-08,6.496275424957275
2013-07-09,6.5748443603515625
2013-07-10,6.520827293395996
2013-07-11,6.679798603057861
2013-07-12,6.729168891906738
2013-07-15,6.585999965667725
2013-07-16,6.625492095947266
2013-07-17,6.640302658081055
2013-07-18,6.660048961639404
2013-07-19,6.581060886383057
2013-07-22,6.413198471069336
2013-07-23,6.4378886222839355
2013-07-24,6.3539581298828125
2013-07-25,6.309521675109863
2013-07-26,6.319398403167725
2013-07-29,6.363831996917725
2013-07-30,6.3737053871154785
2013-07-31,6.319398403167725
2013-08-01,6.245344638824463
2013-08-02,6.255217552185059
2013-08-05,6.186099529266357
2013-08-06,6.121913909912109
2013-08-07,6.131788730621338
2013-08-08,6.200911045074463
2013-08-09,6.215718746185303
2013-08-12,6.195972442626953
2013-08-13,6.1423444747924805
2013-08-14,6.092688083648682
2013-08-15,6.077793121337891
2013-08-16,6.043034553527832
2013-08-19,6.1373772621154785
2013-08-20,6.2913103103637695
2013-08-21,6.390622138977051
2013-08-22,6.504827976226807
2013-08-23,6.440278053283691
2013-08-26,6.311169147491455
2013-08-27,6.246618270874023
2013-08-28,6.231723785400391
2013-08-29,6.182068824768066
2013-08-30,6.16717004776001
2013-09-03,6.16717004776001
2013-09-04,6.236691951751709
2013-09-05,6.177104473114014
2013-09-06,6.157238006591797
2013-09-09,6.16717004776001
2013-09-10,6.201930046081543
2013-09-11,6.187032699584961
2013-09-12,6.1580705642700195
2013-09-13,6.153072357177734
2013-09-16,6.227989196777344
2013-09-17,6.437750816345215
2013-09-18,6.59757137298584
2013-09-19,6.572598934173584
2013-09-20,6.612553596496582
2013-09-23,6.60256814956665
2013-09-24,6.667491436004639
2013-09-25,6.687468528747559
2013-09-26,6.747405052185059
2013-09-27,6.702451705932617
2013-09-30,6.5376410484313965
2013-10-01,6.5376410484313965
2013-10-02,6.457727909088135
2013-10-03,6.427765369415283
2013-10-04,6.432758808135986
2013-10-07,6.342860221862793
2013-10-08,6.317885398864746
2013-10-09,6.35284423828125
2013-10-10,6.397797107696533
2013-10-11,6.418892860412598
2013-10-14,6.413868427276611
2013-10-15,6.378713607788086
2013-10-16,6.454049587249756
2013-10-17,6.629836082458496
2013-10-18,6.569570541381836
2013-10-21,6.499251365661621
2013-10-22,6.539432525634766
2013-10-23,6.564547538757324
2013-10-24,6.539432525634766
2013-10-25,6.569570541381836
2013-10-28,6.629836082458496
2013-10-29,6.604726791381836
2013-10-30,6.564547538757324
2013-10-31,6.5243659019470215
2013-11-01,6.4389824867248535
2013-11-04,6.408844947814941
2013-11-05,6.479162693023682
2013-11-06,6.398800849914551
2013-11-07,6.373686790466309
2013-11-08,6.298347473144531
2013-11-11,6.303368091583252
2013-11-12,6.248122215270996
2013-11-13,6.223873138427734
2013-11-14,6.264285564422607
2013-11-15,6.249133110046387
2013-11-18,6.233977317810059
2013-11-19,6.203668117523193
2013-11-20,6.203668117523193
2013-11-21,6.178409576416016
2013-11-22,6.1733551025390625
2013-11-25,6.168301582336426
2013-11-26,6.158196926116943
2013-11-27,6.148098945617676
2013-11-29,6.163252830505371
2013-12-02,6.137989521026611
2013-12-03,6.19356107711792
2013-12-04,6.153147220611572
2013-12-05,6.102627754211426
2013-12-06,6.137989521026611
2013-12-09,6.107682704925537
2013-12-10,6.143041610717773
2013-12-11,6.164388179779053
2013-12-12,6.159303188323975
2013-12-13,6.159303188323975
2013-12-16,6.179633617401123
2013-12-17,6.306681156158447
2013-12-18,6.36258602142334
2013-12-19,6.448975086212158
2013-12-20,6.49471378326416
2013-12-23,6.591271877288818
2013-12-24,6.540454387664795
2013-12-26,6.438814640045166
2013-12-27,6.413402557373047
2013-12-30,6.4032392501831055
2013-12-31,6.4337310791015625
2014-01-02,6.469303131103516
2014-01-03,6.5201239585876465
2014-01-06,6.591271877288818
2014-01-07,6.637009143829346
2014-01-08,6.621762752532959
2014-01-09,6.596354007720947
2014-01-10,6.697990894317627
2014-01-13,6.693904399871826
2014-01-14,6.6887946128845215
2014-01-15,6.658134460449219
2014-01-16,6.658134460449219
2014-01-17,6.663245677947998
2014-01-21,6.70923376083374
2014-01-22,6.7041239738464355
2014-01-23,6.739892482757568
2014-01-24,6.750111103057861
2014-01-27,6.724565029144287
2014-01-28,6.714341640472412
2014-01-29,6.7041239738464355
2014-01-30,6.70923376083374
2014-01-31,6.79099178314209
2014-02-03,6.78076696395874
2014-02-04,6.78588342666626
2014-02-05,6.7347798347473145
2014-02-06,6.79099178314209
2014-02-07,6.831866264343262
2014-02-10,6.81654167175293
2014-02-11,6.806317329406738
2014-02-12,6.755970478057861
2014-02-13,6.755970478057861
2014-02-14,6.735417366027832
2014-02-18,6.730287075042725
2014-02-19,6.745697498321533
2014-02-20,6.771383762359619
2014-02-21,6.761112213134766
2014-02-24,6.7816619873046875
2014-02-25,6.817624568939209
2014-02-26,6.863863945007324
2014-02-27,6.879272937774658
2014-02-28,6.863863945007324
2014-03-03,6.863863945007324
2014-03-04,6.874138832092285
2014-03-05,6.879272937774658
2014-03-06,6.82789945602417
2014-03-07,6.7508320808410645
2014-03-10,6.812488079071045
2014-03-11,6.83303689956665
2014-03-12,6.876433849334717
2014-03-13,6.881601810455322
2014-03-14,6.876433849334717
2014-03-17,6.881601810455322
2014-03-18,6.876433849334717
2014-03-19,6.783441066741943
2014-03-20,6.8299336433410645
2014-03-21,6.881601810455322
2014-03-24,6.938431262969971
2014-03-25,6.928096294403076
2014-03-26,6.96942663192749
2014-03-27,6.984926223754883
2014-03-28,7.000429630279541
2014-03-31,7.026257038116455
2014-04-01,7.021093845367432
2014-04-02,6.959099292755127
2014-04-03,6.984926223754883
2014-04-04,6.984926223754883
2014-04-07,7.000429630279541
2014-04-08,7.026257038116455
2014-04-09,7.04692268371582
2014-04-10,7.067588806152344
2014-04-11,7.069669246673584
2014-04-14,7.080055236816406
2014-04-15,7.080055236816406
2014-04-16,7.064472675323486
2014-04-17,7.085251331329346
2014-04-21,7.111225605010986
2014-04-22,7.12161111831665
2014-04-23,7.173553943634033
2014-04-24,7.199533462524414
2014-04-25,7.246280193328857
2014-04-28,7.220305919647217
2014-04-29,7.209920406341553
2014-04-30,7.246280193328857
2014-05-01,7.256663799285889
2014-05-02,7.241081714630127
2014-05-05,7.220305919647217
2014-05-06,7.2358903884887695
2014-05-07,7.277444362640381
2014-05-08,7.261863708496094
2014-05-09,7.2514729499816895
2014-05-12,7.246280193328857
2014-05-13,7.22747802734375
2014-05-14,7.24837064743042
2014-05-15,7.290148735046387
2014-05-16,7.290148735046387
2014-05-19,7.300587177276611
2014-05-20,7.311035633087158
2014-05-21,7.311035633087158
2014-05-22,7.321479797363281
2014-05-23,7.331921100616455
2014-05-27,7.316258430480957
2014-05-28,7.326701641082764
2014-05-29,7.342367649078369
2014-05-30,7.316258430480957
2014-06-02,7.290148735046387
2014-06-03,7.243145942687988
2014-06-04,7.164818286895752
2014-06-05,7.190925121307373
2014-06-06,7.217032432556152
2014-06-09,7.232701778411865
2014-06-10,7.237921714782715
2014-06-11,7.269252300262451
2014-06-12,7.3028564453125
2014-06-13,7.266103744506836
2014-06-16,7.260858535766602
2014-06-17,7.213607311248779
2014-06-18,7.218858242034912
2014-06-19,7.208357334136963
2014-06-20,7.229355335235596
2014-06-23,7.239853382110596
2014-06-24,7.255605697631836
2014-06-25,7.245110034942627
2014-06-26,7.276602268218994
2014-06-27,7.287106513977051
2014-06-30,7.2503533363342285
2014-07-01,7.2503533363342285
2014-07-02,7.14535665512085
2014-07-03,7.045602321624756
2014-07-07,7.066601276397705
2014-07-08,7.134855270385742
2014-07-09,7.11910343170166
2014-07-10,7.134855270385742
2014-07-11,7.173919677734375
2014-07-14,7.126409530639648
2014-07-15,7.115850448608398
2014-07-16,7.147520065307617
2014-07-17,7.173919677734375
2014-07-18,7.16864013671875
2014-07-21,7.216148853302002
2014-07-22,7.274212837219238
2014-07-23,7.279491901397705
2014-07-24,7.268937110900879
2014-07-25,7.279491901397705
2014-07-28,7.279491901397705
2014-07-29,7.268937110900879
2014-07-30,7.158083438873291
2014-07-31,7.105291366577148
2014-08-01,7.16864013671875
2014-08-04,7.142247200012207
2014-08-05,7.142247200012207
2014-08-06,7.2003092765808105
2014-08-07,7.242541790008545
2014-08-08,7.2003092765808105
2014-08-11,7.247823238372803
2014-08-12,7.300609588623047
2014-08-13,7.318652153015137
2014-08-14,7.323964595794678
2014-08-15,7.334576606750488
2014-08-18,7.313344478607178
2014-08-19,7.3398823738098145
2014-08-20,7.323964595794678
2014-08-21,7.345188617706299
2014-08-22,7.3398823738098145
2014-08-25,7.308038711547852
2014-08-26,7.345188617706299
2014-08-27,7.350496768951416
2014-08-28,7.366420745849609
2014-08-29,7.361111640930176
2014-09-02,7.318652153015137
2014-09-03,7.3398823738098145
2014-09-04,7.292116165161133
2014-09-05,7.292116165161133
2014-09-08,7.2708940505981445
2014-09-09,7.286813735961914
2014-09-10,7.302731037139893
2014-09-11,7.331547260284424
2014-09-12,7.267513751983643
2014-09-15,7.262176036834717
2014-09-16,7.2141547203063965
2014-09-17,7.208820343017578
2014-09-18,7.240838527679443
2014-09-19,7.304872035980225
2014-09-22,7.320875644683838
2014-09-23,7.2728495597839355
2014-09-24,7.267513751983643
2014-09-25,7.310205936431885
2014-09-26,7.283522605895996
2014-09-29,7.283522605895996
2014-09-30,7.315534591674805
2014-10-01,7.358230113983154
2014-10-02,7.3475542068481445
2014-10-03,7.3475542068481445
2014-10-06,7.416923522949219
2014-10-07,7.459606170654297
2014-10-08,7.502294063568115
2014-10-09,7.464946269989014
2014-10-10,7.418809413909912
2014-10-13,7.445630073547363
2014-10-14,7.456360340118408
2014-10-15,7.456360340118408
2014-10-16,7.4724507331848145
2014-10-17,7.520730018615723
2014-10-20,7.552917957305908
2014-10-21,7.531461715698242
2014-10-22,7.531461715698242
2014-10-23,7.499276161193848
2014-10-24,7.536826133728027
2014-10-27,7.558282375335693
2014-10-28,7.552917957305908
2014-10-29,7.51536750793457
2014-10-30,7.526094436645508
2014-10-31,7.499276161193848
2014-11-03,7.4724507331848145
2014-11-04,7.504642486572266
2014-11-05,7.504642486572266
2014-11-06,7.520730018615723
2014-11-07,7.499276161193848
2014-11-10,7.5421929359436035
2014-11-11,7.536826133728027
2014-11-12,7.538983345031738
2014-11-13,7.549766540527344
2014-11-14,7.565941333770752
2014-11-17,7.495841979980469
2014-11-18,7.485053539276123
2014-11-19,7.414949893951416
2014-11-20,7.414949893951416
2014-11-21,7.43112850189209
2014-11-24,7.4419121742248535
2014-11-25,7.4419121742248535
2014-11-26,7.4904465675354
2014-11-28,7.463485240936279
2014-12-01,7.474273204803467
2014-12-02,7.522803783416748
2014-12-03,7.56055212020874
2014-12-04,7.646836280822754
2014-12-05,7.587521076202393
2014-12-08,7.603694915771484
2014-12-09,7.6090898513793945
2014-12-10,7.649745941162109
2014-12-11,7.644328594207764
2014-12-12,7.671431541442871
2014-12-15,7.638908386230469
2014-12-16,7.65516996383667
2014-12-17,7.638908386230469
2014-12-18,7.676854133605957
2014-12-19,7.698540687561035
2014-12-22,7.676854133605957
2014-12-23,7.649745941162109
2014-12-24,7.660592555999756
2014-12-26,7.682277679443359
2014-12-29,7.660592555999756
2014-12-30,7.671431541442871
2014-12-31,7.628060817718506
2015-01-02,7.725654125213623
2015-01-05,7.790708541870117
2015-01-06,7.87203311920166
2015-01-07,7.904561519622803
2015-01-08,7.779865741729736
2015-01-09,7.850342750549316
2015-01-12,7.877451419830322
2015-01-13,7.879631996154785
2015-01-14,7.928676128387451
2015-01-15,7.9341254234313965
2015-01-16,7.906877517700195
2015-01-20,7.928676128387451
2015-01-21,7.868730068206787
2015-01-22,7.874182224273682
2015-01-23,7.906877517700195
2015-01-26,7.901429176330566
2015-01-27,7.950473785400391
2015-01-28,7.9722723960876465
2015-01-29,8.021307945251465
2015-01-30,8.043110847473145
2015-02-02,8.119399070739746
2015-02-03,8.05400562286377
2015-02-04,8.064906120300293
2015-02-05,8.05400562286377
2015-02-06,7.966818809509277
2015-02-09,7.9450249671936035
2015-02-10,7.885082244873047
2015-02-11,7.83797550201416
2015-02-12,7.821545600891113
2015-02-13,7.83797550201416
2015-02-17,7.690088748931885
2015-02-18,7.766769886016846
2015-02-19,7.728431224822998
2015-02-20,7.755823135375977
2015-02-23,7.783200740814209
2015-02-24,7.816068649291992
2015-02-25,7.799635887145996
2015-02-26,7.766769886016846
2015-02-27,7.816068649291992
2015-03-02,7.783200740814209
2015-03-03,7.783200740814209
2015-03-04,7.827020168304443
2015-03-05,7.827020168304443
2015-03-06,7.712003231048584
2015-03-09,7.722955703735352
2015-03-10,7.755823135375977
2015-03-11,7.758021354675293
2015-03-12,7.758021354675293
2015-03-13,7.74149751663208
2015-03-16,7.675432205200195
2015-03-17,7.625875949859619
2015-03-18,7.735996246337891
2015-03-19,7.675432205200195
2015-03-20,7.758021354675293
2015-03-23,7.730489253997803
2015-03-24,7.785552024841309
2015-03-25,7.774539947509766
2015-03-26,7.747006416320801
2015-03-27,7.774539947509766
2015-03-30,7.774539947509766
2015-03-31,7.8185834884643555
2015-04-01,7.813078880310059
2015-04-02,7.7635297775268555
2015-04-06,7.785552024841309
2015-04-07,7.8185834884643555
2015-04-08,7.857130527496338
2015-04-09,7.835108757019043
2015-04-10,7.86263370513916
2015-04-13,7.87592077255249
2015-04-14,7.914659023284912
2015-04-15,7.909124851226807
2015-04-16,7.914659023284912
2015-04-17,7.931262493133545
2015-04-20,7.920197486877441
2015-04-21,7.936800956726074
2015-04-22,7.909124851226807
2015-04-23,7.903591632843018
2015-04-24,7.925729274749756
2015-04-27,7.953402519226074
2015-04-28,7.9589385986328125
2015-04-29,7.947866439819336
2015-04-30,8.003223419189453
2015-05-01,7.920197486877441
2015-05-04,7.909124851226807
2015-05-05,7.881453037261963
2015-05-06,7.776294231414795
2015-05-07,7.765228748321533
2015-05-08,7.792896270751953
2015-05-11,7.732017993927002
2015-05-12,7.781828880310059
2015-05-13,7.75623083114624
2015-05-14,7.81187629699707
2015-05-15,7.884208679199219
2015-05-18,7.828566551208496
2015-05-19,7.817437648773193
2015-05-20,7.767363548278809
2015-05-21,7.789610862731934
2015-05-22,7.789610862731934
2015-05-26,7.778488636016846
2015-05-27,7.778488636016846
2015-05-28,7.806313514709473
2015-05-29,7.79518461227417
2015-06-01,7.87864351272583
2015-06-02,7.845260143280029
2015-06-03,7.79518461227417
2015-06-04,7.784054279327393
2015-06-05,7.745105743408203
2015-06-08,7.689467906951904
2015-06-09,7.611567974090576
2015-06-10,7.60600471496582
2015-06-11,7.770476341247559
2015-06-12,7.731319427490234
2015-06-15,7.759286880493164
2015-06-16,7.781666278839111
2015-06-17,7.792852401733398
2015-06-18,7.759286880493164
2015-06-19,7.792852401733398
2015-06-22,7.792852401733398
2015-06-23,7.809639930725098
2015-06-24,7.815234184265137
2015-06-25,7.815234184265137
2015-06-26,7.764880180358887
2015-06-29,7.70334529876709
2015-06-30,7.692157745361328
2015-07-01,7.652995586395264
2015-07-02,7.764880180358887
2015-07-06,7.792852401733398
2015-07-07,7.871173858642578
2015-07-08,7.876769065856934
2015-07-09,7.832007884979248
2015-07-10,7.85439395904541
2015-07-13,7.789155006408691
2015-07-14,7.822896957397461
2015-07-15,7.901632308959961
2015-07-16,7.822896957397461
2015-07-17,7.794775485992432
2015-07-20,7.828522205352783
2015-07-21,7.806025981903076
2015-07-22,7.77228307723999
2015-07-23,7.83414363861084
2015-07-24,7.924131870269775
2015-07-27,7.884766101837158
2015-07-28,7.851016521453857
2015-07-29,7.83976411819458
2015-07-30,7.822896957397461
2015-07-31,7.8960113525390625
2015-08-03,7.935379981994629
2015-08-04,7.912877559661865
2015-08-05,7.873509883880615
2015-08-06,7.890388011932373
2015-08-07,7.890388011932373
2015-08-10,7.9522480964660645
2015-08-11,7.9972429275512695
2015-08-12,7.993849277496338
2015-08-13,7.97123384475708
2015-08-14,8.00515365600586
2015-08-17,7.954272747039795
2015-08-18,7.959930419921875
2015-08-19,7.988193035125732
2015-08-20,7.97123384475708
2015-08-21,7.931658744812012
2015-08-24,7.892090320587158
2015-08-25,7.829899311065674
2015-08-26,7.784679412841797
2015-08-27,7.942968368530273
2015-08-28,7.92600679397583
2015-08-31,7.948622226715088
2015-09-01,7.97688627243042
2015-09-02,8.0108060836792
2015-09-03,8.050384521484375
2015-09-04,8.05603313446045
2015-09-08,7.999502658843994
2015-09-09,7.993849277496338
2015-09-10,7.931658744812012
2015-09-11,7.87709903717041
2015-09-14,7.86005163192749
2015-09-15,7.820270538330078
2015-09-16,7.848684310913086
2015-09-17,7.973715782165527
2015-09-18,7.9850850105285645
2015-09-21,7.911197662353516
2015-09-22,7.979401588439941
2015-09-23,7.962349891662598
2015-09-24,7.945303440093994
2015-09-25,7.950990676879883
2015-09-28,7.9680352210998535
2015-09-29,7.9850850105285645
2015-09-30,7.939621925354004
2015-10-01,7.956667900085449
2015-10-02,8.013497352600098
2015-10-05,7.956667900085449
2015-10-06,7.9850850105285645
2015-10-07,7.9680352210998535
2015-10-08,7.979401588439941
2015-10-09,7.973715782165527
2015-10-12,8.053281784057617
2015-10-13,8.078424453735352
2015-10-14,8.124127388000488
2015-10-15,8.084135055541992
2015-10-16,8.095561981201172
2015-10-19,8.095561981201172
2015-10-20,8.112703323364258
2015-10-21,8.141265869140625
2015-10-22,8.164121627807617
2015-10-23,8.186972618103027
2015-10-26,8.141265869140625
2015-10-27,8.089847564697266
2015-10-28,8.084135055541992
2015-10-29,8.101273536682129
2015-10-30,8.158404350280762
2015-11-02,8.186972618103027
2015-11-03,8.169832229614258
2015-11-04,8.181257247924805
2015-11-05,8.175546646118164
2015-11-06,8.141265869140625
2015-11-09,8.004151344299316
2015-11-10,8.061279296875
2015-11-11,8.066998481750488
2015-11-12,8.10949993133545
2015-11-13,8.126725196838379
2015-11-16,8.207130432128906
2015-11-17,8.201383590698242
2015-11-18,8.201383590698242
2015-11-19,8.230104446411133
2015-11-20,8.201383590698242
2015-11-23,8.230104446411133
2015-11-24,8.230104446411133
2015-11-25,8.276049613952637
2015-11-27,8.287537574768066
2015-11-30,8.327742576599121
2015-12-01,8.356459617614746
2015-12-02,8.362198829650879
2015-12-03,8.235844612121582
2015-12-04,8.281794548034668
2015-12-07,8.321996688842773
2015-12-08,8.385172843933105
2015-12-09,8.390913009643555
2015-12-10,8.358588218688965
2015-12-11,8.347046852111816
2015-12-14,8.24314022064209
2015-12-15,8.30086612701416
2015-12-16,8.30086612701416
2015-12-17,8.352816581726074
2015-12-18,8.370137214660645
2015-12-21,8.370137214660645
2015-12-22,8.364363670349121
2015-12-23,8.404770851135254
2015-12-24,8.410542488098145
2015-12-28,8.474040031433105
2015-12-29,8.416316986083984
2015-12-30,8.445175170898438
2015-12-31,8.502897262573242
2016-01-04,8.537538528442383
2016-01-05,8.57217025756836
2016-01-06,8.624122619628906
2016-01-07,8.549083709716797
2016-01-08,8.60680866241455
2016-01-11,8.595258712768555
2016-01-12,8.595258712768555
2016-01-13,8.522164344787598
2016-01-14,8.556978225708008
2016-01-15,8.574377059936523
2016-01-19,8.609188079833984
2016-01-20,8.545366287231445
2016-01-21,8.585980415344238
2016-01-22,8.649795532226562
2016-01-25,8.522164344787598
2016-01-26,8.539569854736328
2016-01-27,8.527965545654297
2016-01-28,8.580180168151855
2016-01-29,8.667200088500977
2016-02-01,8.707807540893555
2016-02-02,8.702008247375488
2016-02-03,8.614983558654785
2016-02-04,8.649795532226562
2016-02-05,8.638193130493164
2016-02-08,8.69040298461914
2016-02-09,8.702008247375488
2016-02-10,8.736812591552734
2016-02-11,8.704171180725098
2016-02-12,8.692508697509766
2016-02-16,8.587566375732422
2016-02-17,8.587566375732422
2016-02-18,8.657526016235352
2016-02-19,8.605059623718262
2016-02-22,8.663358688354492
2016-02-23,8.680846214294434
2016-02-24,8.65169620513916
2016-02-25,8.675019264221191
2016-02-26,8.599228858947754
2016-02-29,8.63420581817627
2016-03-01,8.628381729125977
2016-03-02,8.616721153259277
2016-03-03,8.599228858947754
2016-03-04,8.61089038848877
2016-03-07,8.657526016235352
2016-03-08,8.704171180725098
2016-03-09,8.72748851776123
2016-03-10,8.70999526977539
2016-03-11,8.653757095336914
2016-03-14,8.694762229919434
2016-03-15,8.653757095336914
2016-03-16,8.729917526245117
2016-03-17,8.770934104919434
2016-03-18,8.7885103225708
2016-03-21,8.7767915725708
2016-03-22,8.823660850524902
2016-03-23,8.7767915725708
2016-03-24,8.7767915725708
2016-03-28,8.7885103225708
2016-03-29,8.794370651245117
2016-03-30,8.782649993896484
2016-03-31,8.835379600524902
2016-04-01,8.870532989501953
2016-04-04,8.899828910827637
2016-04-05,8.97014045715332
2016-04-06,8.999435424804688
2016-04-07,8.981856346130371
2016-04-08,9.022868156433105
2016-04-11,9.046306610107422
2016-04-12,9.134194374084473
2016-04-13,9.065901756286621
2016-04-14,9.001142501831055
2016-04-15,9.060019493103027
2016-04-18,9.054123878479004
2016-04-19,8.97760009765625
2016-04-20,8.95405387878418
2016-04-21,8.936393737792969
2016-04-22,8.95405387878418
2016-04-25,8.895181655883789
2016-04-26,8.877518653869629
2016-04-27,8.936393737792969
2016-04-28,8.95405387878418
2016-04-29,9.001142501831055
2016-05-02,9.042352676391602
2016-05-03,9.107112884521484
2016-05-04,9.089451789855957
2016-05-05,9.089451789855957
2016-05-06,9.189525604248047
2016-05-09,9.142427444458008
2016-05-10,9.089451789855957
2016-05-11,9.154202461242676
2016-05-12,9.197975158691406
2016-05-13,9.203890800476074
2016-05-16,9.233468055725098
2016-05-17,9.209809303283691
2016-05-18,9.132912635803223
2016-05-19,8.985031127929688
2016-05-20,8.979121208190918
2016-05-23,9.00278377532959
2016-05-24,9.103343963623047
2016-05-25,9.073763847351074
2016-05-26,9.085588455200195
2016-05-27,9.056015014648438
2016-05-31,9.00278377532959
2016-06-01,9.097417831420898
2016-06-02,9.132912635803223
2016-06-03,9.192060470581055
2016-06-06,9.192060470581055
2016-06-07,9.192060470581055
2016-06-08,9.138827323913574
2016-06-09,9.126997947692871
2016-06-10,9.150660514831543
2016-06-13,9.143526077270508
2016-06-14,9.113823890686035
2016-06-15,9.131646156311035
2016-06-16,9.173233985900879
2016-06-17,9.155407905578613
2016-06-20,9.149466514587402
2016-06-21,9.185115814208984
2016-06-22,9.161347389221191
2016-06-23,9.202937126159668
2016-06-24,9.23858642578125
2016-06-27,9.297996520996094
2016-06-28,9.3098783493042
2016-06-29,9.351471900939941
2016-06-30,9.303936004638672
2016-07-01,9.3098783493042
2016-07-05,9.280172348022461
2016-07-06,9.327705383300781
2016-07-07,9.40494155883789
2016-07-08,9.422764778137207
2016-07-11,9.387117385864258
2016-07-12,9.3098783493042
2016-07-13,9.201278686523438
2016-07-14,8.98646354675293
2016-07-15,9.064034461975098
2016-07-18,9.177411079406738
2016-07-19,9.189342498779297
2016-07-20,9.254987716674805
2016-07-21,9.36238956451416
2016-07-22,9.36836051940918
2016-07-25,9.338521003723145
2016-07-26,9.314656257629395
2016-07-27,9.344486236572266
2016-07-28,9.314656257629395
2016-07-29,9.338521003723145
2016-08-01,9.314656257629395
2016-08-02,9.243045806884766
2016-08-03,9.308686256408691
2016-08-04,9.350455284118652
2016-08-05,9.290785789489746
2016-08-08,9.344486236572266
2016-08-09,9.36238956451416
2016-08-10,9.428033828735352
2016-08-11,9.390873908996582
2016-08-12,9.468783378601074
2016-08-15,9.40285873413086
2016-08-16,9.414848327636719
2016-08-17,9.420839309692383
2016-08-18,9.426835060119629
2016-08-19,9.408851623535156
2016-08-22,9.420839309692383
2016-08-23,9.444808959960938
2016-08-24,9.40285873413086
2016-08-25,9.408851623535156
2016-08-26,9.360912322998047
2016-08-29,9.396869659423828
2016-08-30,9.336936950683594
2016-08-31,9.312965393066406
2016-09-01,9.312965393066406
2016-09-02,9.306970596313477
2016-09-06,9.372899055480957
2016-09-07,9.312965393066406
2016-09-08,9.318960189819336
2016-09-09,9.097222328186035
2016-09-12,9.109203338623047
2016-09-13,9.065862655639648
2016-09-14,9.132085800170898
2016-09-15,9.12004566192627
2016-09-16,9.047805786132812
2016-09-19,9.011686325073242
2016-09-20,9.053827285766602
2016-09-21,9.089946746826172
2016-09-22,9.12004566192627
2016-09-23,9.089946746826172
2016-09-26,9.150140762329102
2016-09-27,9.138105392456055
2016-09-28,9.222378730773926
2016-09-29,9.150140762329102
2016-09-30,9.162181854248047
2016-10-03,9.101982116699219
2016-10-04,9.029746055603027
2016-10-05,8.969548225402832
2016-10-06,8.987608909606934
2016-10-07,8.981588363647461
2016-10-10,8.969548225402832
2016-10-11,8.969548225402832
2016-10-12,8.823203086853027
2016-10-13,8.756678581237793
2016-10-14,8.617585182189941
2016-10-17,8.520828247070312
2016-10-18,8.653875350952148
2016-10-19,8.732492446899414
2016-10-20,8.78087043762207
2016-10-21,8.817152976989746
2016-10-24,8.756678581237793
2016-10-25,8.79901123046875
2016-10-26,8.690155029296875
2016-10-27,8.672013282775879
2016-10-28,8.653875350952148
2016-10-31,8.569208145141602
2016-11-01,8.617585182189941
2016-11-02,8.690155029296875
2016-11-03,8.641780853271484
2016-11-04,8.647826194763184
2016-11-07,8.641780853271484
2016-11-08,8.653875350952148
2016-11-09,8.545022964477539
2016-11-10,8.288585662841797
2016-11-11,8.325045585632324
2016-11-14,8.112356185913086
2016-11-15,8.233890533447266
2016-11-16,8.203507423400879
2016-11-17,8.203507423400879
2016-11-18,8.136666297912598
2016-11-21,8.227811813354492
2016-11-22,8.25820255279541
2016-11-23,8.21566390991211
2016-11-25,8.22174072265625
2016-11-28,8.22174072265625
2016-11-29,8.173128128051758
2016-11-30,8.15489387512207
2016-12-01,8.081977844238281
2016-12-02,8.142744064331055
2016-12-05,8.136666297912598
2016-12-06,8.276427268981934
2016-12-07,8.464807510375977
2016-12-08,8.341455459594727
2016-12-09,8.21932315826416
2016-12-12,8.231535911560059
2016-12-13,8.298712730407715
2016-12-14,8.33535099029541
2016-12-15,8.23764419555664
2016-12-16,8.225428581237793
2016-12-19,8.243751525878906
2016-12-20,8.231535911560059
2016-12-21,8.255965232849121
2016-12-22,8.231535911560059
2016-12-23,8.243751525878906
2016-12-27,8.231535911560059
2016-12-28,8.262070655822754
2016-12-29,8.292601585388184
2016-12-30,8.33535099029541
2017-01-03,8.365885734558105
2017-01-04,8.39640998840332
2017-01-05,8.390303611755371
2017-01-06,8.378094673156738
2017-01-09,8.457480430603027
2017-01-10,8.46968936920166
2017-01-11,8.517558097839355
2017-01-12,8.56051254272461
2017-01-13,8.523691177368164
2017-01-17,8.548238754272461
2017-01-18,8.554376602172852
2017-01-19,8.474601745605469
2017-01-20,8.468464851379395
2017-01-23,8.505280494689941
2017-01-24,8.517558097839355
2017-01-25,8.493006706237793
2017-01-26,8.493006706237793
2017-01-27,8.517558097839355
2017-01-30,8.535964012145996
2017-01-31,8.56051254272461
2017-02-01,8.493006706237793
2017-02-02,8.517558097839355
2017-02-03,8.499151229858398
2017-02-06,8.529830932617188
2017-02-07,8.529830932617188
2017-02-08,8.554376602172852
2017-02-09,8.56051254272461
2017-02-10,8.56051254272461
2017-02-13,8.54078197479248
2017-02-14,8.47911548614502
2017-02-15,8.374285697937012
2017-02-16,8.405110359191895
2017-02-17,8.42361068725586
2017-02-21,8.454438209533691
2017-02-22,8.472946166992188
2017-02-23,8.50378131866455
2017-02-24,8.534610748291016
2017-02-27,8.472946166992188
2017-02-28,8.54078197479248
2017-03-01,8.50378131866455
2017-03-02,8.51611328125
2017-03-03,8.509947776794434
2017-03-06,8.460616111755371
2017-03-07,8.472946166992188
2017-03-08,8.442112922668457
2017-03-09,8.33111572265625
2017-03-10,8.349611282348633
2017-03-13,8.366964340209961
2017-03-14,8.342181205749512
2017-03-15,8.47232723236084
2017-03-16,8.435144424438477
2017-03-17,8.47232723236084
2017-03-20,8.484723091125488
2017-03-21,8.546703338623047
2017-03-22,8.56529712677002
2017-03-23,8.5219144821167
2017-03-24,8.50331974029541
2017-03-27,8.552900314331055
2017-03-28,8.590084075927734
2017-03-29,8.608680725097656
2017-03-30,8.658262252807617
2017-03-31,8.633471488952637
2017-04-03,8.670656204223633
2017-04-04,8.583893775939941
2017-04-05,8.608680725097656
2017-04-06,8.658262252807617
2017-04-07,8.69544792175293
2017-04-10,8.757427215576172
2017-04-11,8.749954223632812
2017-04-12,8.793545722961426
2017-04-13,8.799775123596191
2017-04-17,8.743728637695312
2017-04-18,8.818455696105957
2017-04-19,8.849597930908203
2017-04-20,8.812233924865723
2017-04-21,8.787320137023926
2017-04-24,8.731271743774414
2017-04-25,8.668998718261719
2017-04-26,8.718812942504883
2017-04-27,8.749954223632812
2017-04-28,8.731271743774414
2017-05-01,8.799775123596191
2017-05-02,8.787320137023926
2017-05-03,8.849597930908203
2017-05-04,8.843368530273438
2017-05-05,8.868281364440918
2017-05-08,8.824684143066406
2017-05-09,8.855822563171387
2017-05-10,8.911876678466797
2017-05-11,8.885591506958008
2017-05-12,8.960683822631836
2017-05-15,8.979456901550293
2017-05-16,9.010741233825684
2017-05-17,8.916878700256348
2017-05-18,8.860564231872559
2017-05-19,8.866819381713867
2017-05-22,8.89810562133789
2017-05-23,8.941906929016113
2017-05-24,8.973194122314453
2017-05-25,8.973194122314453
2017-05-26,9.035767555236816
2017-05-30,8.991963386535645
2017-05-31,9.017001152038574
2017-06-01,9.073312759399414
2017-06-02,9.060796737670898
2017-06-05,8.998225212097168
2017-06-06,9.054546356201172
2017-06-07,9.060796737670898
2017-06-08,9.067057609558105
2017-06-09,9.010741233825684
2017-06-12,8.973194122314453
2017-06-13,8.997088432312012
2017-06-14,8.984511375427246
2017-06-15,8.97822380065918
2017-06-16,9.015947341918945
2017-06-19,9.009663581848145
2017-06-20,9.05367374420166
2017-06-21,9.097689628601074
2017-06-22,9.085108757019043
2017-06-23,9.116543769836426
2017-06-26,9.059964179992676
2017-06-27,9.05367374420166
2017-06-28,9.015947341918945
2017-06-29,8.97193717956543
2017-06-30,8.984511375427246
2017-07-03,9.009663581848145
2017-07-05,8.984511375427246
2017-07-06,8.934215545654297
2017-07-07,8.965652465820312
2017-07-10,9.047388076782227
2017-07-11,9.103968620300293
2017-07-12,9.090069770812988
2017-07-13,9.071125030517578
2017-07-14,9.146925926208496
2017-07-17,9.109026908874512
2017-07-18,9.096391677856445
2017-07-19,9.083755493164062
2017-07-20,9.083755493164062
2017-07-21,9.12797737121582
2017-07-24,9.090069770812988
2017-07-25,9.064809799194336
2017-07-26,9.11534595489502
2017-07-27,9.083755493164062
2017-07-28,9.197456359863281
2017-07-31,9.260629653930664
2017-08-01,9.311164855957031
2017-08-02,9.304845809936523
2017-08-03,9.29853630065918
2017-08-04,9.247998237609863
2017-08-07,9.197456359863281
2017-08-08,9.109026908874512
2017-08-09,9.090069770812988
2017-08-10,9.090069770812988
2017-08-11,9.120536804199219
2017-08-14,9.107845306396484
2017-08-15,9.120536804199219
2017-08-16,9.145925521850586
2017-08-17,9.171318054199219
2017-08-18,9.171318054199219
2017-08-21,9.20305061340332
2017-08-22,9.222091674804688
2017-08-23,9.291905403137207
2017-08-24,9.241128921508789
2017-08-25,9.222091674804688
2017-08-28,9.209397315979004
2017-08-29,9.247479438781738
2017-08-30,9.272866249084473
2017-08-31,9.253823280334473
2017-09-01,9.285553932189941
2017-09-05,9.29825496673584
2017-09-06,9.349026679992676
2017-09-07,9.387109756469727
2017-09-08,9.399799346923828
2017-09-11,9.406153678894043
2017-09-12,9.399799346923828
2017-09-13,9.431538581848145
2017-09-14,9.43026065826416
2017-09-15,9.42388916015625
2017-09-18,9.35374927520752
2017-09-19,9.309120178222656
2017-09-20,9.264484405517578
2017-09-21,9.213478088378906
2017-09-22,9.232601165771484
2017-09-25,9.258105278015137
2017-09-26,9.219850540161133
2017-09-27,9.168845176696777
2017-09-28,9.149717330932617
2017-09-29,9.136962890625
2017-10-02,9.149717330932617
2017-10-03,9.136962890625
2017-10-04,9.092330932617188
2017-10-05,9.136962890625
2017-10-06,9.143342971801758
2017-10-09,9.149717330932617
2017-10-10,9.149717330932617
2017-10-11,9.143342971801758
2017-10-12,9.149717330932617
2017-10-13,9.180463790893555
2017-10-16,9.199686050415039
2017-10-17,9.20608901977539
2017-10-18,9.193279266357422
2017-10-19,9.263751029968262
2017-10-20,9.231718063354492
2017-10-23,9.161251068115234
2017-10-24,9.154838562011719
2017-10-25,9.065152168273926
2017-10-26,9.052338600158691
2017-10-27,8.949834823608398
2017-10-30,9.001086235046387
2017-10-31,9.001086235046387
2017-11-01,9.045926094055176
2017-11-02,9.084369659423828
2017-11-03,9.077962875366211
2017-11-06,9.13562297821045
2017-11-07,9.180463790893555
2017-11-08,9.148436546325684
2017-11-09,9.097182273864746
2017-11-10,9.052338600158691
2017-11-13,9.090773582458496
2017-11-14,9.089485168457031
2017-11-15,9.134547233581543
2017-11-16,9.134547233581543
2017-11-17,9.089485168457031
2017-11-20,9.044428825378418
2017-11-21,9.102364540100098
2017-11-22,9.037993431091309
2017-11-24,9.057300567626953
2017-11-27,9.031554222106934
2017-11-28,9.057300567626953
2017-11-29,9.005802154541016
2017-11-30,9.044428825378418
2017-12-01,9.076616287231445
2017-12-04,9.044428825378418
2017-12-05,9.11523723602295
2017-12-06,9.14742660522461
2017-12-07,9.192487716674805
2017-12-08,9.14742660522461
2017-12-11,9.201740264892578
2017-12-12,9.10474967956543
2017-12-13,9.059484481811523
2017-12-14,9.04654598236084
2017-12-15,9.033617973327637
2017-12-18,8.988348960876465
2017-12-19,8.975419998168945
2017-12-20,8.923685073852539
2017-12-21,8.90428638458252
2017-12-22,8.936619758605957
2017-12-26,8.90428638458252
2017-12-27,8.943081855773926
2017-12-28,8.962486267089844
2017-12-29,8.930154800415039
2018-01-02,8.917223930358887
2018-01-03,9.00128173828125
2018-01-04,8.936619758605957
2018-01-05,8.917223930358887
2018-01-08,8.90428638458252
2018-01-09,8.852554321289062
2018-01-10,8.794357299804688
2018-01-11,8.813756942749023
2018-01-12,8.761147499084473
2018-01-16,8.735172271728516
2018-01-17,8.715686798095703
2018-01-18,8.702701568603516
2018-01-19,8.68321418762207
2018-01-22,8.657238006591797
2018-01-23,8.670226097106934
2018-01-24,8.624765396118164
2018-01-25,8.598784446716309
2018-01-26,8.50786018371582
2018-01-29,8.377969741821289
2018-01-30,8.319519996643066
2018-01-31,8.293546676635742
2018-02-01,8.326017379760742
2018-02-02,8.27405834197998
2018-02-05,8.209114074707031
2018-02-06,8.27405834197998
2018-02-07,8.345499038696289
2018-02-08,8.326017379760742
2018-02-09,8.27405834197998
2018-02-12,8.293546676635742
2018-02-13,8.326017379760742
2018-02-14,8.312312126159668
2018-02-15,8.318843841552734
2018-02-16,8.338415145874023
2018-02-20,8.318843841552734
2018-02-21,8.27316665649414
2018-02-22,8.27316665649414
2018-02-23,8.27968978881836
2018-02-26,8.299263000488281
2018-02-27,8.27968978881836
2018-02-28,8.286216735839844
2018-03-01,8.25358772277832
2018-03-02,8.27968978881836
2018-03-05,8.305788040161133
2018-03-06,8.318843841552734
2018-03-07,8.29273796081543
2018-03-08,8.299263000488281
2018-03-09,8.299263000488281
2018-03-12,8.286216735839844
2018-03-13,8.299263000488281
2018-03-14,8.285500526428223
2018-03-15,8.265840530395508
2018-03-16,8.246171951293945
2018-03-19,8.213396072387695
2018-03-20,8.213396072387695
2018-03-21,8.213396072387695
2018-03-22,8.213396072387695
2018-03-23,8.213396072387695
2018-03-26,8.206839561462402
2018-03-27,8.226507186889648
2018-03-28,8.23961353302002
2018-03-29,8.285500526428223
2018-04-02,8.25927448272705
2018-04-03,8.246171951293945
2018-04-04,8.285500526428223
2018-04-05,8.265840530395508
2018-04-06,8.285500526428223
2018-04-09,8.3248291015625
2018-04-10,8.272390365600586
2018-04-11,8.30516529083252
2018-04-12,8.25927448272705
2018-04-13,8.25861644744873
2018-04-16,8.271794319152832
2018-04-17,8.232278823852539
2018-04-18,8.238863945007324
2018-04-19,8.205933570861816
2018-04-20,8.212517738342285
2018-04-23,8.19276237487793
2018-04-24,8.17300796508789
2018-04-25,8.146657943725586
2018-04-26,8.166418075561523
2018-04-27,8.17300796508789
2018-04-30,8.17300796508789
2018-05-01,8.205933570861816
2018-05-02,8.225692749023438
2018-05-03,8.252037048339844
2018-05-04,8.238863945007324
2018-05-07,8.252037048339844
2018-05-08,8.225692749023438
2018-05-09,8.225692749023438
2018-05-10,8.238863945007324
2018-05-11,8.245450019836426
2018-05-14,8.218321800231934
2018-05-15,8.205083847045898
2018-05-16,8.224935531616211
2018-05-17,8.17861557006836
2018-05-18,8.205083847045898
2018-05-21,8.205083847045898
2018-05-22,8.191850662231445
2018-05-23,8.218321800231934
2018-05-24,8.23817253112793
2018-05-25,8.251401901245117
2018-05-29,8.310955047607422
2018-05-30,8.344042778015137
2018-05-31,8.350659370422363
2018-06-01,8.344042778015137
2018-06-04,8.383744239807129
2018-06-05,8.40359878540039
2018-06-06,8.363892555236816
2018-06-07,8.370509147644043
2018-06-08,8.383744239807129
2018-06-11,8.350659370422363
2018-06-12,8.337424278259277
2018-06-13,8.31757640838623
2018-06-14,8.283670425415039
2018-06-15,8.330208778381348
2018-06-18,8.310260772705078
2018-06-19,8.350147247314453
2018-06-20,8.350147247314453
2018-06-21,8.363449096679688
2018-06-22,8.343501091003418
2018-06-25,8.3368501663208
2018-06-26,8.330208778381348
2018-06-27,8.343501091003418
2018-06-28,8.363449096679688
2018-06-29,8.37674331665039
2018-07-02,8.416630744934082
2018-07-03,8.283670425415039
2018-07-05,8.310260772705078
2018-07-06,8.3368501663208
2018-07-09,8.296963691711426
2018-07-10,8.343501091003418
2018-07-11,8.343501091003418
2018-07-12,8.37009334564209
2018-07-13,8.384111404418945
2018-07-16,8.410811424255371
2018-07-17,8.444190979003906
2018-07-18,8.444190979003906
2018-07-19,8.477568626403809
2018-07-20,8.457540512084961
2018-07-23,8.477568626403809
2018-07-24,8.450864791870117
2018-07-25,8.444190979003906
2018-07-26,8.417490005493164
2018-07-27,8.377433776855469
2018-07-30,8.344059944152832
2018-07-31,8.317359924316406
2018-08-01,8.324033737182617
2018-08-02,8.344059944152832
2018-08-03,8.350735664367676
2018-08-06,8.384111404418945
2018-08-07,8.384111404418945
2018-08-08,8.377433776855469
2018-08-09,8.390790939331055
2018-08-10,8.390790939331055
2018-08-13,8.337385177612305
2018-08-14,8.324649810791016
2018-08-15,8.338058471679688
2018-08-16,8.317952156066895
2018-08-17,8.324649810791016
2018-08-20,8.317952156066895
2018-08-21,8.304540634155273
2018-08-22,8.304540634155273
2018-08-23,8.324649810791016
2018-08-24,8.311245918273926
2018-08-27,8.304540634155273
2018-08-28,8.297840118408203
2018-08-29,8.297840118408203
2018-08-30,8.338058471679688
2018-08-31,8.35146427154541
2018-09-04,8.338058471679688
2018-09-05,8.331355094909668
2018-09-06,8.331355094909668
2018-09-07,8.277735710144043
2018-09-10,8.277735710144043
2018-09-11,8.297840118408203
2018-09-12,8.271028518676758
2018-09-13,8.251513481140137
2018-09-14,8.231317520141602
2018-09-17,8.197669982910156
2018-09-18,8.150555610656738
2018-09-19,8.116900444030762
2018-09-20,8.096710205078125
2018-09-21,8.076520919799805
2018-09-24,8.015945434570312
2018-09-25,8.029406547546387
2018-09-26,8.069786071777344
2018-09-27,8.177475929260254
2018-09-28,8.130364418029785
2018-10-01,8.116900444030762
2018-10-02,8.04959774017334
2018-10-03,8.022683143615723
2018-10-04,7.921720504760742
2018-10-05,7.881335735321045
2018-10-08,7.840957164764404
2018-10-09,7.840957164764404
2018-10-10,7.8140339851379395
2018-10-11,7.820760250091553
2018-10-12,7.814681529998779
2018-10-15,7.814681529998779
2018-10-16,7.82144021987915
2018-10-17,7.889039516448975
2018-10-18,7.868758201599121
2018-10-19,7.82144021987915
2018-10-22,7.841720104217529
2018-10-23,7.875524044036865
2018-10-24,7.895803928375244
2018-10-25,7.8822808265686035
2018-10-26,7.875524044036865
2018-10-29,7.862003326416016
2018-10-30,7.855240345001221
2018-10-31,7.875524044036865
2018-11-01,7.848482608795166
2018-11-02,7.82144021987915
2018-11-05,7.828200340270996
2018-11-06,7.841720104217529
2018-11-07,7.8822808265686035
2018-11-08,7.943124294281006
2018-11-09,7.922839164733887
2018-11-12,7.94988489151001
2018-11-13,7.963401794433594
2018-11-14,7.970871925354004
2018-11-15,8.011609077453613
2018-11-16,8.03197956085205
2018-11-19,7.998029708862305
2018-11-20,8.018401145935059
2018-11-21,8.004820823669434
2018-11-23,7.977659702301025
2018-11-26,7.964080810546875
2018-11-27,7.984452247619629
2018-11-28,8.03197956085205
2018-11-29,8.072711944580078
2018-11-30,8.05913257598877
2018-12-03,8.05913257598877
2018-12-04,8.167768478393555
2018-12-06,8.18813705444336
2018-12-07,8.174559593200684
2018-12-10,8.194923400878906
2018-12-11,8.133818626403809
2018-12-12,8.127685546875
2018-12-13,8.1004056930542
2018-12-14,8.093589782714844
2018-12-17,8.02540397644043
2018-12-18,8.0049467086792
2018-12-19,8.018586158752441
2018-12-20,8.018586158752441
2018-12-21,8.045863151550293
2018-12-24,8.059500694274902
2018-12-26,8.175413131713867
2018-12-27,8.161778450012207
2018-12-28,8.182228088378906
2018-12-31,8.216323852539062
2019-01-02,8.291325569152832
2019-01-03,8.318602561950684
2019-01-04,8.29814624786377
2019-01-07,8.37996768951416
2019-01-08,8.407242774963379
2019-01-09,8.414061546325684
2019-01-10,8.352690696716309
2019-01-11,8.37996768951416
2019-01-14,8.366961479187012
2019-01-15,8.360109329223633
2019-01-16,8.353263854980469
2019-01-17,8.325876235961914
2019-01-18,8.312186241149902
2019-01-22,8.346420288085938
2019-01-23,8.40804386138916
2019-01-24,8.524435997009277
2019-01-25,8.43542766571045
2019-01-28,8.449122428894043
2019-01-29,8.387497901916504
2019-01-30,8.428581237792969
2019-01-31,8.51758861541748
2019-02-01,8.544977188110352
2019-02-04,8.538131713867188
2019-02-05,8.510744094848633
2019-02-06,8.531285285949707
2019-02-07,8.544977188110352
2019-02-08,8.551825523376465
2019-02-11,8.572367668151855
2019-02-12,8.586061477661133
2019-02-13,8.59975814819336
2019-02-14,8.662317276000977
2019-02-15,8.669195175170898
2019-02-19,8.655441284179688
2019-02-20,8.634819984436035
2019-02-21,8.614188194274902
2019-02-22,8.607317924499512
2019-02-25,8.634819984436035
2019-02-26,8.655441284179688
2019-02-27,8.648567199707031
2019-02-28,8.669195175170898
2019-03-01,8.682944297790527
2019-03-04,8.689818382263184
2019-03-05,8.689818382263184
2019-03-06,8.724188804626465
2019-03-07,8.74481201171875
2019-03-08,8.77918815612793
2019-03-11,8.74481201171875
2019-03-12,8.806685447692871
2019-03-13,8.792938232421875
2019-03-14,8.74531364440918
2019-03-15,8.717703819274902
2019-03-18,8.717703819274902
2019-03-19,8.74531364440918
2019-03-20,8.84194278717041
2019-03-21,8.84194278717041
2019-03-22,8.876455307006836
2019-03-25,8.883358001708984
2019-03-26,8.876455307006836
2019-03-27,8.897161483764648
2019-03-28,8.897161483764648
2019-03-29,8.924772262573242
2019-04-01,8.917872428894043
2019-04-02,8.924772262573242
2019-04-03,8.897161483764648
2019-04-04,8.876455307006836
2019-04-05,8.821239471435547
2019-04-08,8.84194278717041
2019-04-09,8.883358001708984
2019-04-10,8.931675910949707
2019-04-11,8.883358001708984
2019-04-12,8.87018871307373
2019-04-15,8.856331825256348
2019-04-16,8.800895690917969
2019-04-17,8.835543632507324
2019-04-18,8.842470169067383
2019-04-22,8.787038803100586
2019-04-23,8.76624584197998
2019-04-24,8.780106544494629
2019-04-25,8.82861614227295
2019-04-26,8.87018871307373
2019-04-29,8.946422576904297
2019-04-30,8.967208862304688
2019-05-01,9.008787155151367
2019-05-02,9.001859664916992
2019-05-03,9.01572036743164
2019-05-06,9.022650718688965
2019-05-07,9.043440818786621
2019-05-08,9.078088760375977
2019-05-09,9.105806350708008
2019-05-10,9.071157455444336
2019-05-13,9.091947555541992
2019-05-14,9.092646598815918
2019-05-15,9.127429008483887
2019-05-16,9.10655689239502
2019-05-17,9.127429008483887
2019-05-20,9.078730583190918
2019-05-21,9.078730583190918
2019-05-22,9.11351490020752
2019-05-23,9.12047290802002
2019-05-24,9.127429008483887
2019-05-28,9.148297309875488
2019-05-29,9.11351490020752
2019-05-30,9.10655689239502
2019-05-31,9.148297309875488
2019-06-03,9.148297309875488
2019-06-04,9.11351490020752
2019-06-05,9.11351490020752
2019-06-06,9.12047290802002
2019-06-07,9.162212371826172
2019-06-10,9.162212371826172
2019-06-11,9.155252456665039
2019-06-12,9.162212371826172
2019-06-13,9.14195728302002
2019-06-14,9.134979248046875
2019-06-17,9.134979248046875
2019-06-18,9.114020347595215
2019-06-19,9.1279935836792
2019-06-20,9.155928611755371
2019-06-21,9.17687702178955
2019-06-24,9.218786239624023
2019-06-25,9.183863639831543
2019-06-26,9.17687702178955
2019-06-27,9.197830200195312
2019-06-28,9.218786239624023
2019-07-01,9.183863639831543
2019-07-02,9.17687702178955
2019-07-03,9.190839767456055
2019-07-05,9.14195728302002
2019-07-08,9.162908554077148
2019-07-09,9.183863639831543
2019-07-10,9.225765228271484
2019-07-11,9.23973274230957
2019-07-12,9.250246047973633
2019-07-15,9.250246047973633
2019-07-16,9.243233680725098
2019-07-17,9.229219436645508
2019-07-18,9.229219436645508
2019-07-19,9.229219436645508
2019-07-22,9.250246047973633
2019-07-23,9.264263153076172
2019-07-24,9.299299240112305
2019-07-25,9.292290687561035
2019-07-26,9.313315391540527
2019-07-29,9.33433723449707
2019-07-30,9.390398979187012
2019-07-31,9.418429374694824
2019-08-01,9.460476875305176
2019-08-02,9.453469276428223
2019-08-05,9.481500625610352
2019-08-06,9.453469276428223
2019-08-07,9.481500625610352
2019-08-08,9.509532928466797
2019-08-09,9.50252628326416
2019-08-12,9.54456901550293
2019-08-13,9.551580429077148
2019-08-14,9.555099487304688
2019-08-15,9.583220481872559
2019-08-16,9.590251922607422
2019-08-19,9.597280502319336
2019-08-20,9.61837100982666
2019-08-21,9.56212329864502
2019-08-22,9.56212329864502
2019-08-23,9.57618522644043
2019-08-26,9.590251922607422
2019-08-27,9.604314804077148
2019-08-28,9.597280502319336
2019-08-29,9.61837100982666
2019-08-30,9.625404357910156
2019-09-03,9.65352725982666
2019-09-04,9.660558700561523
2019-09-05,9.61133861541748
2019-09-06,9.57618522644043
2019-09-09,9.5339994430542
2019-09-10,9.498847961425781
2019-09-11,9.463692665100098
2019-09-12,9.407443046569824
2019-09-13,9.326313972473145
2019-09-16,9.319253921508789
2019-09-17,9.37569522857666
2019-09-18,9.432138442993164
2019-09-19,9.453300476074219
2019-09-20,9.47446346282959
2019-09-23,9.47446346282959
2019-09-24,9.516791343688965
2019-09-25,9.481518745422363
2019-09-26,9.50268268585205
2019-09-27,9.559118270874023
2019-09-30,9.57322883605957
2019-10-01,9.559118270874023
2019-10-02,9.615560531616211
2019-10-03,9.65788459777832
2019-10-04,9.65788459777832
2019-10-07,9.60145092010498
2019-10-08,9.65788459777832
2019-10-09,9.629663467407227
2019-10-10,9.65083122253418
2019-10-11,9.633133888244629
2019-10-14,9.64021110534668
2019-10-15,9.64021110534668
2019-10-16,9.611900329589844
2019-10-17,9.597745895385742
2019-10-18,9.548198699951172
2019-10-21,9.505732536315918
2019-10-22,9.548198699951172
2019-10-23,9.512805938720703
2019-10-24,9.498655319213867
2019-10-25,9.477416038513184
2019-10-28,9.385406494140625
2019-10-29,9.449111938476562
2019-10-30,9.477416038513184
2019-10-31,9.534043312072754
2019-11-01,9.534043312072754
2019-11-04,9.484498023986816
2019-11-05,9.449111938476562
2019-11-06,9.548198699951172
2019-11-07,9.484498023986816
2019-11-08,9.484498023986816
2019-11-11,9.470341682434082
2019-11-12,9.413716316223145
2019-11-13,9.427872657775879
2019-11-14,9.459832191467285
2019-11-15,9.438522338867188
2019-11-18,9.431425094604492
2019-11-19,9.42432689666748
2019-11-20,9.488243103027344
2019-11-21,9.488243103027344
2019-11-22,9.481143951416016
2019-11-25,9.488243103027344
2019-11-26,9.530853271484375
2019-11-27,9.53795337677002
2019-11-29,9.573466300964355
2019-12-02,9.530853271484375
2019-12-03,9.559261322021484
2019-12-04,9.566361427307129
2019-12-05,9.552157402038574
2019-12-06,9.559261322021484
2019-12-09,9.559261322021484
2019-12-10,9.566361427307129
2019-12-11,9.601873397827148
2019-12-12,9.58056354522705
2019-12-13,9.598381996154785
2019-12-16,9.584129333496094
2019-12-17,9.591256141662598
2019-12-18,9.577001571655273
2019-12-19,9.591256141662598
2019-12-20,9.612629890441895
2019-12-23,9.591256141662598
2019-12-24,9.619760513305664
2019-12-26,9.612629890441895
2019-12-27,9.641138076782227
2019-12-30,9.634010314941406
2019-12-31,9.619760513305664
2020-01-02,9.612629890441895
2020-01-03,9.683891296386719
2020-01-06,9.719524383544922
2020-01-07,9.776529312133789
2020-01-08,9.790776252746582
2020-01-09,9.790776252746582
2020-01-10,9.86203670501709
2020-01-13,9.840656280517578
2020-01-14,9.887125968933105
2020-01-15,9.87282657623291
2020-01-16,9.844232559204102
2020-01-17,9.844232559204102
2020-01-21,9.865680694580078
2020-01-22,9.9085693359375
2020-01-23,9.951469421386719
2020-01-24,9.994364738464355
2020-01-27,10.008658409118652
2020-01-28,9.987214088439941
2020-01-29,10.008658409118652
2020-01-30,10.001509666442871
2020-01-31,10.044402122497559
2020-02-03,10.015806198120117
2020-02-04,9.987214088439941
2020-02-05,9.951469421386719
2020-02-06,9.95861530303955
2020-02-07,10.001509666442871
2020-02-10,10.030104637145996
2020-02-11,9.994364738464355
2020-02-12,9.972915649414062
2020-02-13,10.005188941955566
2020-02-14,10.033876419067383
2020-02-18,10.041050910949707
2020-02-19,10.055392265319824
2020-02-20,10.076909065246582
2020-02-21,10.11994457244873
2020-02-24,10.148635864257812
2020-02-25,10.177319526672363
2020-02-26,10.184496879577637
2020-02-27,10.162981033325195
2020-02-28,10.112770080566406
2020-03-02,10.177319526672363
2020-03-03,10.191662788391113
2020-03-04,10.378142356872559
2020-03-05,10.370969772338867
2020-03-06,10.385313987731934
2020-03-09,10.155802726745605
2020-03-10,10.08408260345459
2020-03-11,9.790020942687988
2020-03-12,8.972394943237305
2020-03-13,9.220728874206543
2020-03-16,8.544112205505371
2020-03-17,8.630486488342285
2020-03-18,8.025847434997559
2020-03-19,8.169814109802246
2020-03-20,8.162614822387695
2020-03-23,7.694738388061523
2020-03-24,7.975462913513184
2020-03-25,8.652083396911621
2020-03-26,9.141550064086914
2020-03-27,9.134355545043945
2020-03-30,9.19913101196289
2020-03-31,9.19913101196289
2020-04-01,8.911210060119629
2020-04-02,8.75285530090332
2020-04-03,8.64488410949707
2020-04-06,8.70966911315918
2020-04-07,8.796046257019043
2020-04-08,8.925612449645996
2020-04-09,9.004788398742676
2020-04-13,8.925612449645996
2020-04-14,9.008687973022461
2020-04-15,9.052033424377441
2020-04-16,9.10982894897461
2020-04-17,9.10982894897461
2020-04-20,9.095376014709473
2020-04-21,9.037586212158203
2020-04-22,9.0809326171875
2020-04-23,9.015910148620605
2020-04-24,8.791955947875977
2020-04-27,8.690815925598145
2020-04-28,8.568004608154297
2020-04-29,8.68359661102295
2020-04-30,8.68359661102295
2020-05-01,8.763062477111816
2020-05-04,8.813632011413574
2020-05-05,8.9219970703125
2020-05-06,8.929222106933594
2020-05-07,8.950895309448242
2020-05-08,8.958120346069336
2020-05-11,8.9219970703125
2020-05-12,8.9219970703125
2020-05-13,8.777507781982422
2020-05-14,8.7883882522583
2020-05-15,8.824640274047852
2020-05-18,8.83189582824707
2020-05-19,8.955163955688477
2020-05-20,9.02042293548584
2020-05-21,9.042177200317383
2020-05-22,9.121942520141602
2020-05-26,9.136439323425293
2020-05-27,9.245210647583008
2020-05-28,9.332219123840332
2020-05-29,9.382980346679688
2020-06-01,9.40473461151123
2020-06-02,9.426488876342773
2020-06-03,9.382980346679688
2020-06-04,9.30321979522705
2020-06-05,9.324972152709961
2020-06-08,9.375731468200684
2020-06-09,9.332219123840332
2020-06-10,9.361226081848145
2020-06-11,9.245210647583008
2020-06-12,9.321619033813477
2020-06-15,9.24156665802002
2020-06-16,9.285232543945312
2020-06-17,9.270676612854004
2020-06-18,9.263402938842773
2020-06-19,9.285232543945312
2020-06-22,9.336174011230469
2020-06-23,9.38710880279541
2020-06-24,9.423490524291992
2020-06-25,9.438043594360352
2020-06-26,9.40893840789795
2020-06-29,9.452596664428711
2020-06-30,9.4744291305542
2020-07-01,9.51809310913086
2020-07-02,9.539921760559082
2020-07-06,9.5690279006958
2020-07-07,9.678181648254395
2020-07-08,9.714566230773926
2020-07-09,9.700013160705566
2020-07-10,9.780054092407227
2020-07-13,9.82371711730957
2020-07-14,9.7616548538208
2020-07-15,9.76895809173584
2020-07-16,9.754359245300293
2020-07-17,9.76895809173584
2020-07-20,9.754359245300293
2020-07-21,9.76895809173584
2020-07-22,9.805465698242188
2020-07-23,9.805465698242188
2020-07-24,9.841972351074219
2020-07-27,9.783562660217285
2020-07-28,9.820066452026367
2020-07-29,9.841972351074219
2020-07-30,9.812760353088379
2020-07-31,9.89307689666748
2020-08-03,9.973389625549316
2020-08-04,10.039102554321289
2020-08-05,10.082905769348145
2020-08-06,10.097508430480957
2020-08-07,10.090209007263184
2020-08-10,10.119418144226074
2020-08-11,10.104814529418945
2020-08-12,10.075606346130371
2020-08-13,10.035316467285156
2020-08-14,10.035316467285156
2020-08-17,10.049968719482422
2020-08-18,10.035316467285156
2020-08-19,10.07927131652832
2020-08-20,10.020670890808105
2020-08-21,9.910788536071777
2020-08-24,9.903470993041992
2020-08-25,9.815570831298828
2020-08-26,9.756966590881348
2020-08-27,9.742318153381348
2020-08-28,9.800915718078613
2020-08-31,9.844865798950195
2020-09-01,9.874167442321777
2020-09-02,9.976717948913574
2020-09-03,9.874167442321777
2020-09-04,9.786270141601562
2020-09-08,9.771617889404297
2020-09-09,9.837542533874512
2020-09-10,9.852191925048828
2020-09-11,9.830218315124512
2020-09-14,9.877991676330566
2020-09-15,9.826544761657715
2020-09-16,9.833894729614258
2020-09-17,9.863290786743164
2020-09-18,9.85594367980957
2020-09-21,9.848594665527344
2020-09-22,9.819191932678223
2020-09-23,9.81184196472168
2020-09-24,9.775096893310547
2020-09-25,9.767749786376953
2020-09-28,9.826544761657715
2020-09-29,9.848594665527344
2020-09-30,9.877991676330566
2020-10-01,9.892684936523438
2020-10-02,9.892684936523438
2020-10-05,9.841243743896484
2020-10-06,9.900041580200195
2020-10-07,9.900041580200195
2020-10-08,9.936789512634277
2020-10-09,9.900041580200195
2020-10-12,9.900041580200195
2020-10-13,9.95883560180664
2020-10-14,9.960315704345703
2020-10-15,9.916045188903809
2020-10-16,9.930797576904297
2020-10-19,9.893912315368652
2020-10-20,9.879154205322266
2020-10-21,9.87177562713623
2020-10-22,9.8201322555542
2020-10-23,9.805377006530762
2020-10-26,9.8201322555542
2020-10-27,9.805377006530762
2020-10-28,9.812752723693848
2020-10-29,9.827508926391602
2020-10-30,9.908669471740723
2020-11-02,9.930797576904297
2020-11-03,9.908669471740723
2020-11-04,10.03409481048584
2020-11-05,10.093123435974121
2020-11-06,10.093123435974121
2020-11-09,10.14476490020752
2020-11-10,10.14476490020752
2020-11-11,10.166897773742676
2020-11-12,10.1964111328125
2020-11-13,10.197891235351562
2020-11-16,10.197891235351562
2020-11-17,10.2127046585083
2020-11-18,10.227514266967773
2020-11-19,10.2571382522583
2020-11-20,10.242326736450195
2020-11-23,10.2571382522583
2020-11-24,10.279356956481934
2020-11-25,10.308976173400879
2020-11-27,10.308976173400879
2020-11-30,10.316385269165039
2020-12-01,10.331196784973145
2020-12-02,10.412665367126465
2020-12-03,10.457093238830566
2020-12-04,10.479316711425781
2020-12-07,10.449689865112305
2020-12-08,10.471911430358887
2020-12-09,10.545966148376465
2020-12-10,10.531158447265625
2020-12-11,10.545966148376465
2020-12-14,10.532586097717285
2020-12-15,10.517719268798828
2020-12-16,10.406224250793457
2020-12-17,10.302164077758789
2020-12-18,10.495424270629883
2020-12-21,10.406224250793457
2020-12-22,10.383925437927246
2020-12-23,10.443389892578125
2020-12-24,10.525156021118164
2020-12-28,10.443389892578125
2020-12-29,10.510289192199707
2020-12-30,10.606914520263672
2020-12-31,10.74071216583252
2021-01-04,10.688681602478027
2021-01-05,10.64408016204834
2021-01-06,10.540019035339355
2021-01-07,10.502853393554688
2021-01-08,10.540019035339355
2021-01-11,10.532586097717285
2021-01-12,10.502853393554688
2021-01-13,10.517719268798828
2021-01-14,10.541594505310059
2021-01-15,10.541594505310059
2021-01-19,10.556512832641602
2021-01-20,10.593817710876465
2021-01-21,10.593817710876465
2021-01-22,10.563976287841797
2021-01-25,10.631117820739746
2021-01-26,10.646039009094238
2021-01-27,10.705726623535156
2021-01-28,10.772867202758789
2021-01-29,10.780330657958984
2021-02-01,10.817632675170898
2021-02-02,10.810173034667969
2021-02-03,10.825089454650879
2021-02-04,10.85493278503418
2021-02-05,10.884772300720215
2021-02-08,10.899699211120605
2021-02-09,10.899699211120605
2021-02-10,10.929537773132324
2021-02-11,10.966838836669922
2021-02-12,10.975824356079102
2021-02-16,10.93839168548584
2021-02-17,10.990797996520996
2021-02-18,10.908442497253418
2021-02-19,10.84854793548584
2021-02-22,10.593992233276367
2021-02-23,10.406818389892578
2021-02-24,10.50414752960205
2021-02-25,10.369380950927734
2021-02-26,10.451741218566895
2021-03-01,10.466715812683105
2021-03-02,10.534097671508789
2021-03-03,10.481688499450684
2021-03-04,10.444255828857422
2021-03-05,10.429282188415527
2021-03-08,10.444255828857422
2021-03-09,10.50414752960205
2021-03-10,10.549066543579102
2021-03-11,10.564042091369629
2021-03-12,10.512944221496582
2021-03-15,10.490401268005371
2021-03-16,10.475372314453125
2021-03-17,10.445313453674316
2021-03-18,10.385196685791016
2021-03-19,10.347625732421875
2021-03-22,10.370170593261719
2021-03-23,10.362650871276855
2021-03-24,10.400224685668945
2021-03-25,10.475372314453125
2021-03-26,10.550518989562988
2021-03-29,10.565545082092285
2021-03-30,10.6331787109375
2021-03-31,10.715838432312012
2021-04-01,10.760927200317383
2021-04-05,10.700804710388184
2021-04-06,10.700804710388184
2021-04-07,10.760927200317383
2021-04-08,10.775952339172363
2021-04-09,10.745896339416504
2021-04-12,10.783469200134277
2021-04-13,10.79849910736084
2021-04-14,10.81509017944336
2021-04-15,10.822632789611816
2021-04-16,10.807551383972168
2021-04-19,10.822632789611816
2021-04-20,10.822632789611816
2021-04-21,10.822632789611816
2021-04-22,10.822632789611816
2021-04-23,10.860342979431152
2021-04-26,10.875425338745117
2021-04-27,10.830174446105957
2021-04-28,10.822632789611816
2021-04-29,10.754756927490234
2021-04-30,10.807551383972168
2021-05-03,10.860342979431152
2021-05-04,10.898053169250488
2021-05-05,10.920674324035645
2021-05-06,10.9433012008667
2021-05-07,10.988554000854492
2021-05-10,10.99609661102295
2021-05-11,10.981014251708984
2021-05-12,10.830174446105957
2021-05-13,10.786273956298828
2021-05-14,10.854395866394043
2021-05-17,10.831689834594727
2021-05-18,10.839261054992676
2021-05-19,10.914952278137207
2021-05-20,10.960362434387207
2021-05-21,10.967937469482422
2021-05-24,10.899812698364258
2021-05-25,10.960362434387207
2021-05-26,10.983074188232422
2021-05-27,11.081475257873535
2021-05-28,11.104185104370117
2021-06-01,11.111757278442383
2021-06-02,11.119324684143066
2021-06-03,11.1496000289917
2021-06-04,11.157171249389648
2021-06-07,11.126893997192383
2021-06-08,11.1496000289917
2021-06-09,11.202583312988281
2021-06-10,11.22529125213623
2021-06-11,11.263141632080078
2021-06-14,11.257065773010254
2021-06-15,11.196295738220215
2021-06-16,11.165912628173828
2021-06-17,11.2114896774292
2021-06-18,11.234272956848145
2021-06-21,11.203895568847656
2021-06-22,11.226678848266602
2021-06-23,11.234272956848145
2021-06-24,11.249466896057129
2021-06-25,11.241870880126953
2021-06-28,11.27225399017334
2021-06-29,11.287446975708008
2021-06-30,11.279850959777832
2021-07-01,11.287446975708008
2021-07-02,11.325422286987305
2021-07-06,11.340622901916504
2021-07-07,11.371002197265625
2021-07-08,11.408980369567871
2021-07-09,11.431767463684082
2021-07-12,11.401383399963379
2021-07-13,11.44696044921875
2021-07-14,11.43324089050293
2021-07-15,11.387510299682617
2021-07-16,11.425620079040527
2021-07-19,11.410371780395508
2021-07-20,11.456106185913086
2021-07-21,11.43324089050293
2021-07-22,11.440858840942383
2021-07-23,11.440858840942383
2021-07-26,11.478971481323242
2021-07-27,11.43324089050293
2021-07-28,11.486597061157227
2021-07-29,11.509465217590332
2021-07-30,11.524707794189453
2021-08-02,11.547574043273926
2021-08-03,11.501840591430664
2021-08-04,11.463729858398438
2021-08-05,11.471352577209473
2021-08-06,11.494218826293945
2021-08-09,11.524707794189453
2021-08-10,11.524707794189453
2021-08-11,11.517085075378418
2021-08-12,11.486597061157227
2021-08-13,11.48812484741211
2021-08-16,11.465181350708008
2021-08-17,11.480473518371582
2021-08-18,11.495776176452637
2021-08-19,11.495776176452637
2021-08-20,11.495776176452637
2021-08-23,11.534017562866211
2021-08-24,11.587557792663574
2021-08-25,11.595208168029785
2021-08-26,11.579907417297363
2021-08-27,11.595208168029785
2021-08-30,11.495776176452637
2021-08-31,11.472827911376953
2021-09-01,11.495776176452637
2021-09-02,11.495776176452637
2021-09-03,11.434588432312012
2021-09-07,11.434588432312012
2021-09-08,11.465181350708008
2021-09-09,11.327508926391602
2021-09-10,11.396339416503906
2021-09-13,11.434588432312012
2021-09-14,11.443790435791016
2021-09-15,11.512873649597168
2021-09-16,11.50520133972168
2021-09-17,11.47449779510498
2021-09-20,11.420770645141602
2021-09-21,11.49752426147461
2021-09-22,11.535900115966797
2021-09-23,11.459146499633789
2021-09-24,11.436119079589844
2021-09-27,11.413091659545898
2021-09-28,11.267265319824219
2021-09-29,11.290292739868164
2021-09-30,11.267265319824219
2021-10-01,11.251917839050293
2021-10-04,11.152135848999023
2021-10-05,11.159811973571777
2021-10-06,11.182836532592773
2021-10-07,11.159811973571777
2021-10-08,11.221213340759277
2021-10-11,11.205862998962402
2021-10-12,11.228888511657715
2021-10-13,11.259591102600098
2021-10-14,11.238021850585938
2021-10-15,11.176403999328613
2021-10-18,11.168701171875
2021-10-19,11.153292655944824
2021-10-20,11.153292655944824
2021-10-21,11.014647483825684
2021-10-22,11.022354125976562
2021-10-25,11.00694751739502
2021-10-26,10.953031539916992
2021-10-27,10.99924373626709
2021-10-28,11.00694751739502
2021-10-29,11.11478328704834
2021-11-01,11.222618103027344
2021-11-02,11.230320930480957
2021-11-03,11.20721435546875
2021-11-04,11.245725631713867
2021-11-05,11.2842378616333
2021-11-08,11.315049171447754
2021-11-09,11.299644470214844
2021-11-10,11.345855712890625
2021-11-11,11.376668930053711
2021-11-12,11.401407241821289
2021-11-15,11.370482444763184
2021-11-16,11.324105262756348
2021-11-17,11.324105262756348
2021-11-18,11.30091667175293
2021-11-19,11.269998550415039
2021-11-22,11.293188095092773
2021-11-23,11.22361946105957
2021-11-24,11.285454750061035
2021-11-26,11.277728080749512
2021-11-29,11.362754821777344
2021-11-30,11.409134864807129
2021-12-01,11.308643341064453
2021-12-02,11.215890884399414
2021-12-03,11.215890884399414
2021-12-06,11.19269847869873
2021-12-07,11.285454750061035
2021-12-08,11.378216743469238
2021-12-09,11.401407241821289
2021-12-10,11.44005298614502
2021-12-13,11.455514907836914
2021-12-14,11.416865348815918
2021-12-15,11.347293853759766
2021-12-16,11.403145790100098
2021-12-17,11.426419258117676
2021-12-20,11.434176445007324
2021-12-21,11.317818641662598
2021-12-22,11.387635231018066
2021-12-23,11.434176445007324
2021-12-27,11.449695587158203
2021-12-28,11.449695587158203
2021-12-29,11.449695587158203
2021-12-30,11.379874229431152
2021-12-31,11.496236801147461
2022-01-03,11.449695587158203
2022-01-04,11.395389556884766
2022-01-05,11.224732398986816
2022-01-06,11.154914855957031
2022-01-07,11.178189277648926
2022-01-10,11.13940143585205
2022-01-11,11.085103034973145
2022-01-12,11.085103034973145
2022-01-13,11.039944648742676
2022-01-14,10.969871520996094
2022-01-18,10.705164909362793
2022-01-19,10.705164909362793
2022-01-20,10.565027236938477
2022-01-21,10.494956016540527
2022-01-24,10.502739906311035
2022-01-25,10.565027236938477
2022-01-26,10.479382514953613
2022-01-27,10.518314361572266
2022-01-28,10.471597671508789
2022-01-31,10.526097297668457
2022-02-01,10.611738204956055
2022-02-02,10.635096549987793
2022-02-03,10.53388500213623
2022-02-04,10.432671546936035
2022-02-07,10.502739906311035
2022-02-08,10.549450874328613
2022-02-09,10.53388500213623
2022-02-10,10.448241233825684
2022-02-11,10.269172668457031
2022-02-14,10.145674705505371
2022-02-15,10.169123649597168
2022-02-16,10.278553009033203
2022-02-17,10.380165100097656
2022-02-18,10.348901748657227
2022-02-22,10.223834037780762
2022-02-23,10.231651306152344
2022-02-24,10.380165100097656
2022-02-25,10.40361499786377
2022-02-28,10.466147422790527
2022-03-01,10.544310569763184
2022-03-02,10.544310569763184
2022-03-03,10.552120208740234
2022-03-04,10.536493301391602
2022-03-07,10.317634582519531
2022-03-08,10.294183731079102
2022-03-09,10.231651306152344
2022-03-10,10.090958595275879
2022-03-11,10.004980087280273
2022-03-14,9.912372589111328
2022-03-15,9.888824462890625
2022-03-16,9.786794662475586
2022-03-17,9.810338020324707
2022-03-18,9.82603931427002
2022-03-21,9.833888053894043
2022-03-22,9.810338020324707
2022-03-23,9.763250350952148
2022-03-24,9.708311080932617
2022-03-25,9.700467109680176
2022-03-28,9.5748929977417
2022-03-29,9.582741737365723
2022-03-30,9.645530700683594
2022-03-31,9.84958267211914
2022-04-01,9.810338020324707
2022-04-04,9.771100044250488
2022-04-05,9.676918983459473
2022-04-06,9.551345825195312
2022-04-07,9.49641227722168
2022-04-08,9.472867965698242
2022-04-11,9.355138778686523
2022-04-12,9.2923583984375
2022-04-13,9.309699058532715
2022-04-14,9.246634483337402
2022-04-18,9.262402534484863
2022-04-19,9.191452980041504
2022-04-20,9.278167724609375
2022-04-21,9.309699058532715
2022-04-22,9.309699058532715
2022-04-25,9.23086929321289
2022-04-26,9.3018159866333
2022-04-27,9.309699058532715
2022-04-28,9.40429401397705
2022-04-29,9.309699058532715
2022-05-02,9.238753318786621
2022-05-03,9.29393482208252
2022-05-04,9.29393482208252
2022-05-05,9.246634483337402
2022-05-06,9.23086929321289
2022-05-09,9.136273384094238
2022-05-10,9.167810440063477
2022-05-11,9.12050724029541
2022-05-12,9.159924507141113
2022-05-13,9.106077194213867
2022-05-16,9.074407577514648
2022-05-17,8.955625534057617
2022-05-18,8.78934383392334
2022-05-19,8.900200843811035
2022-05-20,8.931876182556152
2022-05-23,8.971464157104492
2022-05-24,9.034814834594727
2022-05-25,9.209023475646973
2022-05-26,9.430727005004883
2022-05-27,9.557427406311035
2022-05-31,9.549507141113281
2022-06-01,9.652442932128906
2022-06-02,9.676200866699219
2022-06-03,9.589098930358887
2022-06-06,9.462404251098633
2022-06-07,9.501996994018555
2022-06-08,9.517830848693848
2022-06-09,9.41489315032959
2022-06-10,9.351546287536621
2022-06-13,9.161508560180664
2022-06-14,8.996058464050293
2022-06-15,8.996058464050293
2022-06-16,8.876751899719238
2022-06-17,8.868796348571777
2022-06-21,8.844932556152344
2022-06-22,8.948338508605957
2022-06-23,9.043789863586426
2022-06-24,9.131282806396484
2022-06-27,9.139236450195312
2022-06-28,9.131282806396484
2022-06-29,9.210823059082031
2022-06-30,9.274456024169922
2022-07-01,9.353995323181152
2022-07-05,9.401718139648438
2022-07-06,9.481257438659668
2022-07-07,9.552846908569336
2022-07-08,9.521029472351074
2022-07-11,9.624436378479004
2022-07-12,9.632390022277832
2022-07-13,9.568757057189941
2022-07-14,9.562363624572754
2022-07-15,9.594318389892578
2022-07-18,9.4824800491333
2022-07-19,9.554377555847168
2022-07-20,9.522418022155762
2022-07-21,9.458514213562012
2022-07-22,9.522418022155762
2022-07-25,9.506443977355957
2022-07-26,9.554377555847168
2022-07-27,9.562363624572754
2022-07-28,9.706160545349121
2022-07-29,9.778057098388672
2022-08-01,9.770068168640137
2022-08-02,9.79403305053711
2022-08-03,9.810009956359863
2022-08-04,9.810009956359863
2022-08-05,9.706160545349121
2022-08-08,9.770068168640137
2022-08-09,9.79403305053711
2022-08-10,9.849952697753906
2022-08-11,9.810009956359863
2022-08-12,9.931954383850098
2022-08-15,9.915910720825195
2022-08-16,9.843703269958496
2022-08-17,9.659186363220215
2022-08-18,9.619074821472168
2022-08-19,9.546869277954102
2022-08-22,9.450601577758789
2022-08-23,9.530827522277832
2022-08-24,9.50676155090332
2022-08-25,9.498737335205078
2022-08-26,9.458621978759766
2022-08-29,9.338285446166992
2022-08-30,9.306197166442871
2022-08-31,9.274105072021484
2022-09-01,9.14574146270752
2022-09-02,9.14574146270752
2022-09-06,9.049469947814941
2022-09-07,9.121675491333008
2022-09-08,9.113651275634766
2022-09-09,9.10562801361084
2022-09-12,9.033431053161621
2022-09-13,8.945176124572754
2022-09-14,8.938728332519531
2022-09-15,8.809764862060547
2022-09-16,8.7694673538208
2022-09-19,8.745285987854004
2022-09-20,8.616321563720703
2022-09-21,8.688865661621094
2022-09-22,8.600204467773438
2022-09-23,8.527661323547363
2022-09-26,8.41481876373291
2022-09-27,8.41481876373291
2022-09-28,8.455120086669922
2022-09-29,8.390637397766113
2022-09-30,8.406761169433594
2022-10-03,8.471238136291504
2022-10-04,8.600204467773438
2022-10-05,8.503482818603516
2022-10-06,8.576021194458008
2022-10-07,8.58408260345459
2022-10-10,8.551841735839844
2022-10-11,8.535717964172363
2022-10-12,8.471238136291504
2022-10-13,8.399223327636719
2022-10-14,8.342583656311035
2022-10-17,8.350671768188477
2022-10-18,8.399223327636719
2022-10-19,8.326396942138672
2022-10-20,8.383035659790039
2022-10-21,8.302123069763184
2022-10-24,8.16456413269043
2022-10-25,8.196928024291992
2022-10-26,8.237388610839844
2022-10-27,8.107921600341797
2022-10-28,8.0917387008667
2022-10-31,8.124103546142578
2022-11-01,8.15647029876709
2022-11-02,8.15647029876709
2022-11-03,8.083646774291992
2022-11-04,8.16456413269043
2022-11-07,8.2050199508667
2022-11-08,8.221208572387695
2022-11-09,8.180745124816895
2022-11-10,8.366860389709473
2022-11-11,8.383035659790039
2022-11-14,8.367606163024902
2022-11-15,8.530082702636719
2022-11-16,8.822541236877441
2022-11-17,8.838788986206055
2022-11-18,8.78192138671875
2022-11-21,8.855037689208984
2022-11-22,9.001262664794922
2022-11-23,8.96877384185791
2022-11-25,8.976899147033691
2022-11-28,8.936278343200684
2022-11-29,8.96877384185791
2022-11-30,9.058134078979492
2022-12-01,9.001262664794922
2022-12-02,8.976899147033691
2022-12-05,8.952524185180664
2022-12-06,8.98501968383789
2022-12-07,8.976899147033691
2022-12-08,8.936278343200684
2022-12-09,8.887534141540527
2022-12-12,8.871283531188965
2022-12-13,8.92003059387207
2022-12-14,8.887534141540527
2022-12-15,8.912811279296875
2022-12-16,8.831270217895508
2022-12-19,8.839423179626465
2022-12-20,8.831270217895508
2022-12-21,8.855729103088379
2022-12-22,8.863883972167969
2022-12-23,8.839423179626465
2022-12-27,8.757879257202148
2022-12-28,8.880192756652832
2022-12-29,8.961738586425781
2022-12-30,9.141133308410645
2023-01-03,9.059591293334961
2023-01-04,9.124826431274414
2023-01-05,9.002510070800781
2023-01-06,9.124826431274414
2023-01-09,9.18190860748291
2023-01-10,9.11667251586914
2023-01-11,9.17375373840332
2023-01-12,9.289151191711426
2023-01-13,9.215494155883789
2023-01-17,9.256412506103516
2023-01-18,9.29733657836914
2023-01-19,9.321891784667969
2023-01-20,9.485572814941406
2023-01-23,9.493759155273438
2023-01-24,9.477389335632324
2023-01-25,9.362811088562012
2023-01-26,9.29733657836914
2023-01-27,9.379180908203125
2023-01-30,9.330072402954102
2023-01-31,9.4282865524292
2023-02-01,9.469207763671875
2023-02-02,9.485572814941406
2023-02-03,9.379180908203125
2023-02-06,9.264598846435547
2023-02-07,9.395549774169922
2023-02-08,9.420104026794434
2023-02-09,9.379180908203125
2023-02-10,9.379180908203125
2023-02-13,9.338261604309082
2023-02-14,9.330864906311035
2023-02-15,9.273367881774902
2023-02-16,9.141948699951172
2023-02-17,9.16659164428711
2023-02-21,9.035171508789062
2023-02-22,9.018741607666016
2023-02-23,8.985886573791504
2023-02-24,8.870893478393555
2023-02-27,8.985886573791504
2023-02-28,8.961244583129883
2023-03-01,8.944818496704102
2023-03-02,8.920178413391113
2023-03-03,8.920178413391113
2023-03-06,8.862679481506348
2023-03-07,8.89553451538086
2023-03-08,8.911964416503906
2023-03-09,8.985886573791504
2023-03-10,8.936602592468262
2023-03-13,8.961244583129883
2023-03-14,8.978558540344238
2023-03-15,9.011536598205566
2023-03-16,8.995047569274902
2023-03-17,9.077499389648438
2023-03-20,9.069253921508789
2023-03-21,8.978558540344238
2023-03-22,9.003294944763184
2023-03-23,8.896110534667969
2023-03-24,8.970314979553223
2023-03-27,9.093985557556152
2023-03-28,9.184678077697754
2023-03-29,9.151700973510742
2023-03-30,9.275371551513672
2023-03-31,9.349578857421875
2023-04-03,9.291862487792969
2023-04-04,9.225905418395996
2023-04-05,9.324837684631348
2023-04-06,9.258880615234375
2023-04-10,9.209415435791016
2023-04-11,9.258880615234375
2023-04-12,9.275371551513672
2023-04-13,9.325850486755371
2023-04-14,9.218274116516113
2023-04-17,9.176899909973145
2023-04-18,9.061054229736328
2023-04-19,8.994850158691406
2023-04-20,9.02795124053955
2023-04-21,9.036225318908691
2023-04-24,9.01140022277832
2023-04-25,9.019675254821777
2023-04-26,9.13552474975586
2023-04-27,9.152076721191406
2023-04-28,9.201725006103516
2023-05-01,9.152076721191406
2023-05-02,9.201725006103516
2023-05-03,9.251373291015625
2023-05-04,9.251373291015625
2023-05-05,9.301025390625
2023-05-08,9.201725006103516
2023-05-09,9.13552474975586
2023-05-10,9.118977546691895
2023-05-11,9.085874557495117
2023-05-12,9.153154373168945
2023-05-15,9.07009506225586
2023-05-16,9.07009506225586
2023-05-17,9.119930267333984
2023-05-18,9.01195240020752
2023-05-19,8.962117195129395
2023-05-22,8.895669937133789
2023-05-23,8.87075424194336
2023-05-24,8.795998573303223
2023-05-25,8.87075424194336
2023-05-26,8.845831871032715
2023-05-30,8.903973579406738
2023-05-31,8.995340347290039
2023-06-01,8.98703670501709
2023-06-02,8.97042465209961
2023-06-05,8.98703670501709
2023-06-06,9.003647804260254
2023-06-07,8.98703670501709
2023-06-08,9.086705207824707
2023-06-09,9.036871910095215
2023-06-12,9.061787605285645
2023-06-13,8.978730201721191
2023-06-14,8.987899780273438
2023-06-15,9.0045747756958
2023-06-16,8.971224784851074
2023-06-20,8.979562759399414
2023-06-21,8.987899780273438
2023-06-22,8.954548835754395
2023-06-23,8.996236801147461
2023-06-26,9.054595947265625
2023-06-27,9.07961368560791
2023-06-28,9.188002586364746
2023-06-29,9.096290588378906
2023-06-30,9.12130069732666
2023-07-03,9.137977600097656
2023-07-05,9.096290588378906
2023-07-06,9.029589653015137
2023-07-07,9.046262741088867
2023-07-10,9.071274757385254
2023-07-11,9.07961368560791
2023-07-12,9.12130069732666
2023-07-13,9.163985252380371
2023-07-14,9.088659286499023
2023-07-17,9.105400085449219
2023-07-18,9.155613899230957
2023-07-19,9.205825805664062
2023-07-20,9.147241592407227
2023-07-21,9.155613899230957
2023-07-24,9.281144142150879
2023-07-25,9.222567558288574
2023-07-26,9.230934143066406
2023-07-27,9.17235279083252
2023-07-28,9.264410972595215
2023-07-31,9.314623832702637
2023-08-01,9.28951644897461
2023-08-02,9.17235279083252
2023-08-03,8.98823356628418
2023-08-04,9.055185317993164
2023-08-07,8.971497535705566
2023-08-08,8.954761505126953
2023-08-09,8.971497535705566
2023-08-10,8.921285629272461
2023-08-11,8.971497535705566
2023-08-14,8.947134971618652
2023-08-15,8.90512752532959
2023-08-16,8.821118354797363
2023-08-17,8.83791732788086
2023-08-18,8.821118354797363
2023-08-21,8.77911376953125
2023-08-22,8.753911018371582
2023-08-23,8.77911376953125
2023-08-24,8.737106323242188
2023-08-25,8.737106323242188
2023-08-28,8.753911018371582
2023-08-29,8.795915603637695
2023-08-30,8.787514686584473
2023-08-31,8.795915603637695
2023-09-01,8.762310028076172
2023-09-05,8.753911018371582
2023-09-06,8.720305442810059
2023-09-07,8.678298950195312
2023-09-08,8.661500930786133
2023-09-11,8.619494438171387
2023-09-12,8.627894401550293
2023-09-13,8.636296272277832
2023-09-14,8.594964027404785
2023-09-15,8.544355392456055
2023-09-18,8.519054412841797
2023-09-19,8.519054412841797
2023-09-20,8.552791595458984
2023-09-21,8.426273345947266
2023-09-22,8.485312461853027
2023-09-25,8.316619873046875
2023-09-26,8.181665420532227
2023-09-27,8.080450057983398
2023-09-28,8.021402359008789
2023-09-29,8.055142402648926
2023-10-02,8.021402359008789
2023-10-03,8.021402359008789
2023-10-04,8.063577651977539
2023-10-05,8.012968063354492
2023-10-06,7.945490837097168
2023-10-09,8.038272857666016
2023-10-10,8.080450057983398
2023-10-11,8.19853401184082
2023-10-12,8.13949203491211
2023-10-13,8.140336036682129
2023-10-16,8.09798526763916
2023-10-17,8.038689613342285
2023-10-18,7.970921993255615
2023-10-19,8.004807472229004
2023-10-20,7.962450981140137
2023-10-23,7.911627769470215
2023-10-24,8.021748542785645
2023-10-25,7.911627769470215
2023-10-26,7.920099258422852
2023-10-27,7.962450981140137
2023-10-30,8.064101219177246
2023-10-31,8.123394966125488
2023-11-01,8.32669448852539
2023-11-02,8.385984420776367
2023-11-03,8.580809593200684
2023-11-06,8.50457763671875
2023-11-07,8.572339057922363
2023-11-08,8.648579597473145
2023-11-09,8.555403709411621
2023-11-10,8.614696502685547
2023-11-13,8.572339057922363
2023-11-14,8.709278106689453
2023-11-15,8.726285934448242
2023-11-16,8.921903610229492
2023-11-17,8.938916206359863
2023-11-20,9.023966789245605
2023-11-21,9.083502769470215
2023-11-22,9.194067001342773
2023-11-24,9.194067001342773
2023-11-27,9.083502769470215
2023-11-28,9.177058219909668
2023-11-29,9.279122352600098
2023-11-30,9.279122352600098
2023-12-01,9.406698226928711
2023-12-04,9.355666160583496
2023-12-05,9.37267780303955
2023-12-06,9.355666160583496
2023-12-07,9.415203094482422
2023-12-08,9.466231346130371
2023-12-11,9.457728385925293
2023-12-12,9.483243942260742
2023-12-13,9.508758544921875
2023-12-14,9.676300048828125
2023-12-15,9.693395614624023
2023-12-18,9.701943397521973
2023-12-19,9.795971870422363
2023-12-20,9.795971870422363
2023-12-21,9.86435604095459
2023-12-22,9.889996528625488
2023-12-26,9.889996528625488
2023-12-27,9.855806350708008
2023-12-28,9.795971870422363
2023-12-29,9.949834823608398
2024-01-02,9.907095909118652
2024-01-03,9.89854621887207
2024-01-04,9.821615219116211
2024-01-05,9.813068389892578
2024-01-08,9.881454467773438
2024-01-09,9.804518699645996
2024-01-10,9.744683265686035
2024-01-11,9.681118965148926
2024-01-12,9.698297500610352
2024-01-16,9.569442749023438
2024-01-17,9.569442749023438
2024-01-18,9.543672561645508
2024-01-19,9.492134094238281
2024-01-22,9.638166427612305
2024-01-23,9.59521484375
2024-01-24,9.663935661315918
2024-01-25,9.68970775604248
2024-01-26,9.578033447265625
2024-01-29,9.638166427612305
2024-01-30,9.663935661315918
2024-01-31,9.68970775604248
2024-02-01,9.809967041015625
2024-02-02,9.732658386230469
2024-02-05,9.672525405883789
2024-02-06,9.70688533782959
2024-02-07,9.70688533782959
2024-02-08,9.68970775604248
2024-02-09,9.681118965148926
2024-02-12,9.741247177124023
2024-02-13,9.663935661315918
2024-02-14,9.78134536743164
2024-02-15,9.859045028686523
2024-02-16,9.850410461425781
2024-02-20,9.867677688598633
2024-02-21,9.850410461425781
2024-02-22,9.859045028686523
2024-02-23,9.833145141601562
2024-02-26,9.807245254516602
2024-02-27,9.78134536743164
2024-02-28,9.82451057434082
2024-02-29,9.867677688598633
2024-03-01,9.936745643615723
2024-03-04,9.954010009765625
2024-03-05,9.988543510437012
2024-03-06,10.005806922912598
2024-03-07,10.040342330932617
2024-03-08,9.988543510437012
2024-03-11,9.945378303527832
2024-03-12,9.910842895507812
2024-03-13,9.936745643615723
2024-03-14,9.855195045471191
2024-03-15,9.881221771240234
2024-03-18,9.933273315429688
2024-03-19,9.89857006072998
2024-03-20,9.881221771240234
2024-03-21,9.846517562866211
2024-03-22,9.881221771240234
2024-03-25,9.855195045471191
2024-03-26,9.889898300170898
2024-03-27,9.967972755432129
2024-03-28,9.941947937011719
2024-04-01,9.829168319702148
2024-04-02,9.803143501281738
2024-04-03,9.742415428161621
2024-04-04,9.716388702392578
2024-04-05,9.681689262390137
2024-04-08,9.751090049743652
2024-04-09,9.759765625
2024-04-10,9.673011779785156
2024-04-11,9.716388702392578
2024-04-12,9.704181671142578
2024-04-15,9.616992950439453
2024-04-16,9.590835571289062
2024-04-17,9.643150329589844
2024-04-18,9.590835571289062
2024-04-19,9.573399543762207
2024-04-22,9.538524627685547
2024-04-23,9.590835571289062
2024-04-24,9.582117080688477
2024-04-25,9.521085739135742
2024-04-26,9.521085739135742
2024-04-29,9.582117080688477
2024-04-30,9.529805183410645
2024-05-01,9.538524627685547
2024-05-02,9.538524627685547
2024-05-03,9.634430885314941
2024-05-06,9.686747550964355
2024-05-07,9.74777889251709
2024-05-08,9.773933410644531
2024-05-09,9.782654762268066
2024-05-10,9.74777889251709
2024-05-13,9.74777889251709
2024-05-14,9.744272232055664
2024-05-15,9.779324531555176
2024-05-16,9.770559310913086
2024-05-17,9.761796951293945
2024-05-20,9.753035545349121
2024-05-21,9.761796951293945
2024-05-22,9.682930946350098
2024-05-23,9.647880554199219
2024-05-24,9.700457572937012
2024-05-28,9.604066848754883
2024-05-29,9.525200843811035
2024-05-30,9.49014949798584
2024-05-31,9.577778816223145
2024-06-03,9.612829208374023
2024-06-04,9.691696166992188
2024-06-05,9.691696166992188
2024-06-06,9.700457572937012
2024-06-07,9.691696166992188
2024-06-10,9.717985153198242
2024-06-11,9.7267484664917
2024-06-12,9.761796951293945
2024-06-13,9.814373970031738
2024-06-14,9.758011817932129
2024-06-17,9.775627136230469
2024-06-18,9.802045822143555
2024-06-20,9.802045822143555
2024-06-21,9.784431457519531
2024-06-24,9.784431457519531
2024-06-25,9.793240547180176
2024-06-26,9.802045822143555
2024-06-27,9.82846450805664
2024-06-28,9.846080780029297
2024-07-01,9.802045822143555
2024-07-02,9.819658279418945
2024-07-03,9.82846450805664
2024-07-05,9.846080780029297
2024-07-08,9.837272644042969
2024-07-09,9.854887008666992
2024-07-10,9.890113830566406
2024-07-11,9.951762199401855
2024-07-12,10.083866119384766
2024-07-15,10.036075592041016
2024-07-16,10.0537748336792
2024-07-17,10.009523391723633
2024-07-18,10.009523391723633
2024-07-19,9.965275764465332
2024-07-22,10.0537748336792
2024-07-23,10.0537748336792
2024-07-24,10.0006742477417
2024-07-25,10.036075592041016
2024-07-26,10.062625885009766
2024-07-29,10.018373489379883
2024-07-30,10.0537748336792
2024-07-31,10.062625885009766
2024-08-01,10.16882610321045
2024-08-02,10.230775833129883
2024-08-05,10.098023414611816
2024-08-06,10.213077545166016
2024-08-07,10.22192668914795
2024-08-08,10.186527252197266
2024-08-09,10.16882610321045
2024-08-12,10.16882610321045
2024-08-13,10.204227447509766
2024-08-14,10.186527252197266
2024-08-15,10.191864013671875
2024-08-16,10.218544006347656
2024-08-19,10.254117965698242
2024-08-20,10.23633098602295
2024-08-21,10.227434158325195
2024-08-22,10.209651947021484
2024-08-23,10.23633098602295
2024-08-26,10.23633098602295
2024-08-27,10.245223999023438
2024-08-28,10.23633098602295
2024-08-29,10.254117965698242
2024-08-30,10.298583984375
2024-09-03,10.343053817749023
2024-09-04,10.343053817749023
2024-09-05,10.334157943725586
2024-09-06,10.369733810424805
2024-09-09,10.343053817749023
2024-09-10,10.431984901428223
2024-09-11,10.547600746154785
2024-09-12,10.583172798156738
2024-09-13,10.583172798156738
2024-09-16,10.63321304321289
2024-09-17,10.597471237182617
2024-09-18,10.62427806854248
2024-09-19,10.704694747924805
2024-09-20,10.713630676269531
2024-09-23,10.704694747924805
2024-09-24,10.695762634277344
2024-09-25,10.67789363861084
2024-09-26,10.695762634277344
2024-09-27,10.713630676269531
2024-09-30,10.72256851196289
2024-10-01,10.731502532958984
2024-10-02,10.704694747924805
2024-10-03,10.668952941894531
2024-10-04,10.660018920898438
2024-10-07,10.606406211853027
2024-10-08,10.597471237182617
2024-10-09,10.579599380493164
2024-10-10,10.579599380493164
2024-10-11,10.58853530883789
2024-10-14,10.561728477478027
2024-10-15,10.56711483001709
2024-10-16,10.585073471069336
2024-10-17,10.629962921142578
2024-10-18,10.63893985748291
2024-10-21,10.56711483001709
2024-10-22,10.468358993530273
2024-10-23,10.315733909606934
2024-10-24,10.207996368408203
2024-10-25,10.234930038452148
2024-10-28,10.15412712097168
2024-10-29,10.08230209350586
2024-10-30,10.073326110839844
2024-10-31,10.118216514587402
2024-11-01,10.01945686340332
2024-11-04,10.073326110839844
2024-11-05,10.10923957824707
2024-11-06,9.992523193359375
2024-11-07,10.145150184631348
2024-11-08,10.26186466217041
2024-11-11,10.288797378540039
2024-11-12,10.216972351074219
2024-11-13,10.2259521484375
2024-11-14,10.270840644836426
2024-11-15,10.204078674316406
2024-11-18,10.231144905090332
2024-11-19,10.249188423156738
2024-11-20,10.22212028503418
2024-11-21,10.19505500793457
2024-11-22,10.158967971801758
2024-11-25,10.231144905090332
2024-11-26,10.258211135864258
2024-11-27,10.39354419708252
2024-11-29,10.492786407470703
2024-12-02,10.447677612304688
2024-12-03,10.429632186889648
2024-12-04,10.438654899597168
2024-12-05,10.384520530700684
2024-12-06,10.420609474182129
2024-12-09,10.330388069152832
2024-12-10,10.375497817993164
2024-12-11,10.420609474182129
2024-12-12,10.330388069152832
2024-12-13,10.213098526000977
2024-12-16,10.191339492797852
2024-12-17,10.082533836364746
2024-12-18,10.010000228881836
2024-12-19,9.937461853027344
2024-12-20,9.937461853027344
2024-12-23,9.973729133605957
2024-12-24,9.955594062805176
2024-12-26,9.928397178649902
2024-12-27,10.082533836364746
2024-12-30,9.928397178649902
2024-12-31,10.010000228881836
2025-01-02,10.082533836364746
2025-01-03,10.127870559692383
2025-01-06,10.073468208312988
2025-01-07,9.991863250732422
2025-01-08,9.991863250732422
2025-01-10,9.883058547973633
2025-01-13,9.864925384521484
2025-01-14,9.910261154174805
2025-01-15,10.043320655822754
2025-01-16,10.043320655822754
2025-01-17,10.043320655822754
2025-01-21,10.125344276428223
2025-01-22,10.107115745544434
2025-01-23,10.052434921264648
2025-01-24,10.061549186706543
2025-01-27,10.1344575881958
2025-01-28,10.1344575881958
2025-01-29,10.098004341125488
2025-01-30,10.17091178894043
2025-01-31,10.207368850708008
2025-02-03,10.17091178894043
2025-02-04,10.225594520568848
2025-02-05,10.280278205871582
2025-02-06,10.298503875732422
2025-02-07,10.26205062866211
2025-02-10,10.26205062866211
2025-02-11,10.225594520568848
2025-02-12,10.070662498474121
2025-02-13,10.125344276428223
2025-02-14,10.222437858581543
2025-02-18,10.213279724121094
2025-02-19,10.268237113952637
2025-02-20,10.249919891357422
2025-02-21,10.259078979492188
2025-02-24,10.213279724121094
2025-02-25,10.259078979492188
2025-02-26,10.295721054077148
2025-02-27,10.259078979492188
2025-02-28,10.341517448425293
2025-03-03,10.277399063110352
2025-03-04,10.240758895874023
2025-03-05,10.277399063110352
2025-03-06,10.194962501525879
2025-03-07,10.16748046875
2025-03-10,10.158320426940918
2025-03-11,10.112520217895508
2025-03-12,10.103362083435059
2025-03-13,9.993440628051758
2025-03-14,10.01738166809082
2025-03-17,10.026589393615723
2025-03-18,9.98975944519043
2025-03-19,9.952929496765137
2025-03-20,10.109453201293945
2025-03-21,10.146281242370605
2025-03-24,10.256766319274902
2025-03-25,10.137075424194336
2025-03-26,10.072623252868652
2025-03-27,10.01738166809082
2025-03-28,10.054210662841797
2025-03-31,10.118659973144531
2025-04-01,10.127866744995117
2025-04-02,10.118659973144531
2025-04-03,10.100245475769043
2025-04-04,10.01738166809082
2025-04-07,9.842446327209473
2025-04-08,9.474159240722656
2025-04-09,9.759580612182617
2025-04-10,9.492574691772461
2025-04-11,9.474159240722656
2025-04-14,9.695131301879883
2025-04-15,9.672913551330566
2025-04-16,9.645146369934082
2025-04-17,9.654403686523438
2025-04-21,9.469274520874023
2025-04-22,9.487788200378418
2025-04-23,9.626633644104004
2025-04-24,9.719198226928711
2025-04-25,9.737709999084473
2025-04-28,9.700685501098633
2025-04-29,9.700685501098633
2025-04-30,9.774735450744629
2025-05-01,9.811760902404785
2025-05-02,9.85804271697998
2025-05-05,9.839531898498535
2025-05-06,9.867300987243652
2025-05-07,9.876555442810059
2025-05-08,9.895068168640137
2025-05-09,9.904325485229492
2025-05-12,9.885812759399414
2025-05-13,9.867300987243652
2025-05-14,9.802506446838379
2025-05-15,9.882534980773926
2025-05-16,9.854615211486816
2025-05-19,9.780173301696777
2025-05-20,9.752253532409668
2025-05-21,9.584754943847656
2025-05-22,9.677810668945312
2025-05-23,9.659197807312012
2025-05-27,9.752253532409668
2025-05-28,9.677810668945312
2025-05-29,9.705727577209473
2025-05-30,9.705727577209473
2025-06-02,9.733643531799316
2025-06-03,9.687114715576172
2025-06-04,9.715031623840332
2025-06-05,9.677810668945312
2025-06-06,9.659197807312012
2025-06-09,9.677810668945312
2025-06-10,9.696419715881348
2025-06-11,9.724337577819824
2025-06-12,9.761560440063477
2025-06-13,9.729752540588379
2025-06-16,9.748461723327637
2025-06-17,9.757819175720215
2025-06-18,9.767173767089844
2025-06-20,9.711039543151855
2025-06-23,9.748461723327637
2025-06-24,9.739106178283691
2025-06-25,9.748461723327637
2025-06-26,9.757819175720215
2025-06-27,9.711039543151855
2025-06-30,9.81395149230957
2025-07-01,9.870086669921875
2025-07-02,9.926218032836914
2025-07-03,9.944928169250488
2025-07-07,9.879441261291504
2025-07-08,9.879441261291504
2025-07-09,9.879441261291504
2025-07-10,9.842018127441406
2025-07-11,9.81395149230957
2025-07-14,9.86072826385498
2025-07-15,9.828750610351562
2025-07-16,9.753506660461426
2025-07-17,9.7064790725708
2025-07-18,9.640641212463379
2025-07-21,9.603018760681152
2025-07-22,9.631235122680664
2025-07-23,9.650044441223145
2025-07-24,9.631235122680664
2025-07-25,9.7064790725708
2025-07-28,9.640641212463379
2025-07-29,9.678262710571289
2025-07-30,9.65945053100586
2025-07-31,9.76291275024414
2025-08-01,9.753506660461426
2025-08-04,9.80993938446045
2025-08-05,9.875777244567871
2025-08-06,9.9039945602417
2025-08-07,9.9039945602417
2025-08-08,9.875777244567871
2025-08-11,9.875777244567871
2025-08-12,9.8945894241333
2025-08-13,9.9039945602417
2025-08-14,9.922804832458496
2025-08-15,9.890656471252441
2025-08-18,9.919022560119629
2025-08-19,9.890656471252441
2025-08-20,9.805554389953613
2025-08-21,9.805554389953613
2025-08-22,9.94739055633545
2025-08-25,9.966301918029785
2025-08-26,9.994668006896973
2025-08-27,9.9568452835083
2025-08-28,9.94739055633545
2025-08-29,10.023037910461426
2025-09-02,9.985212326049805
2025-09-03,10.004124641418457
2025-09-04,9.994668006896973
2025-09-05,10.108138084411621
2025-09-08,10.287795066833496
2025-09-09,10.316163063049316
2025-09-10,10.36344051361084
2025-09-11,10.420174598693848
2025-09-12,10.429631233215332
2025-09-15,10.520867347717285
2025-09-16,10.463846206665039
2025-09-17,10.463846206665039
2025-09-18,10.416324615478516
2025-09-19,10.425827980041504
2025-09-22,10.416324615478516
2025-09-23,10.463846206665039
2025-09-24,10.406821250915527
2025-09-25,10.416324615478516
2025-09-26,10.416324615478516
2025-09-29,10.406821250915527
2025-09-30,10.530372619628906
2025-10-01,10.51136589050293
2025-10-02,10.435330390930176
2025-10-03,10.416324615478516
2025-10-06,10.463846206665039
2025-10-07,10.501861572265625
2025-10-08,10.530372619628906
2025-10-09,10.5493803024292
2025-10-10,10.539876937866211
2025-10-13,10.539876937866211
2025-10-14,10.558882713317871
2025-10-15,10.61237621307373
2025-10-16,10.564616203308105
2025-10-17,10.507301330566406
2025-10-20,10.516855239868164
2025-10-21,10.516855239868164
2025-10-22,10.507301330566406
2025-10-23,10.507301330566406
2025-10-24,10.478647232055664
2025-10-27,10.497751235961914
2025-10-28,10.526407241821289
2025-10-29,10.497751235961914
2025-10-30,10.507301330566406
2025-10-31,10.545511245727539
2025-11-03,10.497751235961914
2025-11-04,10.564616203308105
2025-11-05,10.545511245727539
2025-11-06,10.545511245727539
2025-11-07,10.516855239868164
2025-11-10,10.574167251586914
2025-11-11,10.61237621307373
2025-11-12,10.574167251586914
2025-11-13,10.564616203308105
2025-11-14,10.5703763961792
2025-11-17,10.512771606445312
2025-11-18,10.531973838806152
2025-11-19,10.483970642089844
2025-11-20,10.44556713104248
2025-11-21,10.407164573669434
2025-11-24,10.46476936340332
2025-11-25,10.474369049072266
2025-11-26,10.493569374084473
2025-11-28,10.50317096710205
2025-12-01,10.46476936340332
2025-12-02,10.474369049072266
2025-12-03,10.608778953552246
2025-12-04,10.618380546569824
2025-12-05,10.62798023223877
2025-12-08,10.637581825256348
2025-12-09,10.522372245788574
2025-12-10,10.551173210144043
2025-12-11,10.551173210144043
2025-12-12,10.493569374084473
2025-12-15,10.416765213012695
2025-12-16,10.435967445373535
2025-12-17,10.378361701965332
2025-12-18,10.387962341308594
2025-12-19,10.407164573669434
2025-12-22,10.42260456085205
2025-12-23,10.32610034942627
2025-12-24,10.355051040649414
2025-12-26,10.364701271057129
2025-12-29,10.393653869628906
2025-12-30,10.480508804321289
2025-12-31,10.49015998840332
2026-01-02,10.519111633300781
2026-01-05,10.470858573913574
2026-01-06,10.470858573913574
2026-01-07,10.509462356567383
2026-01-08,10.528761863708496
2026-01-09,10.577013969421387
2026-01-12,10.615614891052246
2026-01-13,10.66386890411377
2026-01-14,10.741073608398438
2026-01-15,10.770025253295898
2026-01-16,10.808626174926758
2026-01-20,10.795048713684082
2026-01-21,10.833845138549805
2026-01-22,10.698058128356934
2026-01-23,10.717456817626953
2026-01-26,10.668960571289062
2026-01-27,10.717456817626953
2026-01-28,10.775650024414062
2026-01-29,10.804747581481934
2026-01-30,10.82414436340332
2026-02-02,10.84354305267334
2026-02-03,10.872642517089844
2026-02-04,10.853243827819824
2026-02-05,10.84354305267334
2026-02-06,10.820150375366211
2026-02-09,10.87863540649414
2026-02-10,10.927376747131348
2026-02-11,10.898131370544434
2026-02-12,10.927376747131348
2026-02-13,10.927376747131348
2026-02-17,10.927376747131348
2026-02-18,10.93712329864502
2026-02-19,10.946871757507324
2026-02-20,10.956619262695312
2026-02-23,10.98586368560791
2026-02-24,11.015107154846191
2026-02-25,10.9663667678833
2026-02-26,10.927376747131348
2026-02-27,10.9663667678833
2026-03-02,10.995611190795898
2026-03-03,10.9663667678833
2026-03-04,10.946871757507324
2026-03-05,10.849392890930176
2026-03-06,10.800653457641602
2026-03-09,10.742166519165039
2026-03-10,10.751914024353027
2026-03-11,10.72266960144043
2026-03-12,10.64468765258789
2026-03-13,10.670162200927734
2026-03-16,10.670162200927734
2026-03-17,10.660364151000977
2026-03-18,10.650566101074219
2026-03-19,10.611372947692871
2026-03-20,10.386017799377441
2026-03-23,10.444805145263672
2026-03-24,10.346824645996094
2026-03-25,10.405611991882324
2026-03-26,10.2488431930542
2026-03-27,10.239045143127441
2026-03-30,10.180256843566895
2026-03-31,10.297832489013672
2026-04-01,10.405611991882324
2026-04-02,10.444805145263672
2026-04-06,10.346824645996094
2026-04-07,10.493796348571777
2026-04-08,10.709354400634766
2026-04-09,10.817133903503418
2026-04-10,10.826931953430176
2026-04-13,10.866125106811523
2026-04-14,10.895519256591797
2026-04-15,10.871885299682617
2026-04-16,10.86203670501709
2026-04-17,10.881732940673828
2026-04-20,10.852190017700195
2026-04-21,10.793103218078613
2026-04-22,10.802950859069824
2026-04-23,10.734016418457031
2026-04-24,10.743865013122559
2026-04-27,10.734016418457031
2026-04-28,10.655235290527344
2026-04-29,10.596148490905762
2026-04-30,10.635540008544922
2026-05-01,10.635540008544922
2026-05-04,10.566605567932129
2026-05-05,10.743865013122559
2026-05-06,10.842341423034668
2026-05-07,10.852190017700195
2026-05-08,10.86203670501709
2026-05-11,10.86203670501709
2026-05-12,10.783255577087402
2026-05-13,10.734016418457031
2026-05-14,10.743865013122559
2026-05-15,10.650818824768066
2026-05-18,10.551833152770996
2026-05-19,10.4825439453125
2026-05-20,10.611224174499512
2026-05-21,10.57163143157959
2026-05-22,10.57163143157959
2026-05-26,10.73000717163086
2026-05-27,10.809195518493652
2026-05-28,10.838890075683594
2026-05-29,10.888382911682129
2026-06-01,10.819093704223633
2026-06-02,10.819093704223633
2026-06-03,10.799296379089355
2026-06-04,10.799296379089355
2026-06-05,10.720108032226562
2026-06-08,10.660717010498047
2026-06-09,10.838890075683594
2026-06-10,10.84878921508789
2026-06-11,10.878484725952148
2026-06-12,10.838890075683594
2026-06-15,10.854809761047363
2026-06-16,10.87470817565918
2026-06-17,10.844860076904297
2026-06-18,10.924454689025879
2026-06-22,10.87470817565918
2026-06-23,10.974202156066895
2026-06-24,10.964253425598145
2026-06-25,10.934404373168945
2026-06-26,11.004051208496094
2026-06-29,11.093595504760742
2026-06-30,11.053797721862793
2026-07-01,11.053797721862793
2026-07-02,11.06374740600586
2026-07-06,11.013999938964844
2026-07-07,10.904556274414062
2026-07-08,10.914505958557129
2026-07-09,10.964253425598145
2026-07-10,10.944354057312012
2026-07-13,10.934404373168945
2026-07-14,11.013999938964844
2026-07-15,11.0
2026-07-16,10.960000038146973
2026-07-17,10.90999984741211
2026-07-20,10.90999984741211
2026-07-21,10.859999656677246
2026-07-22,10.84000015258789
2026-07-23,10.75
2026-07-24,10.670000076293945
2026-07-27,10.720000267028809
2026-07-28,10.75
2026-07-29,10.760000228881836
2026-07-30,10.739999771118164
2026-07-31,10.65999984741211
2026-08-03,10.680000305175781
