Date,Close
2013-02-28,11.66856861114502
2013-03-01,11.6340970993042
2013-03-04,11.642717361450195
2013-03-05,11.754745483398438
2013-03-06,11.754745483398438
2013-03-07,11.754745483398438
2013-03-08,11.754745483398438
2013-03-11,11.901250839233398
2013-03-12,11.849546432495117
2013-03-13,11.849546432495117
2013-03-14,11.849546432495117
2013-03-15,11.95870590209961
2013-03-18,11.892633438110352
2013-03-19,11.751872062683105
2013-03-20,11.792089462280273
2013-03-21,11.714530944824219
2013-03-22,11.740384101867676
2013-03-25,11.688678741455078
2013-03-26,11.740384101867676
2013-03-27,11.642717361450195
2013-03-28,11.642717361450195
2013-04-01,11.714530944824219
2013-04-02,11.774857521057129
2013-04-03,11.6340970993042
2013-04-04,11.605368614196777
2013-04-05,11.467487335205078
2013-04-08,11.545045852661133
2013-04-09,11.613986015319824
2013-04-10,11.803581237792969
2013-04-11,11.803581237792969
2013-04-12,11.780597686767578
2013-04-15,11.504830360412598
2013-04-16,11.645584106445312
2013-04-17,11.467487335205078
2013-04-18,11.254911422729492
2013-04-19,11.323850631713867
2013-04-22,11.530683517456055
2013-04-23,11.5910062789917
2013-04-24,11.645584106445312
2013-04-25,11.829431533813477
2013-04-26,11.866781234741211
2013-04-29,11.866781234741211
2013-04-30,11.924232482910156
2013-05-01,11.941466331481934
2013-05-02,11.838053703308105
2013-05-03,12.122442245483398
2013-05-06,11.87252426147461
2013-05-07,11.87252426147461
2013-05-08,11.87252426147461
2013-05-09,11.87252426147461
2013-05-10,12.024773597717285
2013-05-13,11.99317741394043
2013-05-14,12.047750473022461
2013-05-15,12.047750473022461
2013-05-16,12.047750473022461
2013-05-17,12.047750473022461
2013-05-20,12.17127799987793
2013-05-21,12.202877044677734
2013-05-22,12.105209350585938
2013-05-23,12.087973594665527
2013-05-24,12.087973594665527
2013-05-28,12.064985275268555
2013-05-29,11.981683731079102
2013-05-30,11.826559066772461
2013-05-31,11.708785057067871
2013-06-03,11.708785057067871
2013-06-04,11.682929992675781
2013-06-05,11.522065162658691
2013-06-06,11.547918319702148
2013-06-07,11.714530944824219
2013-06-10,11.734641075134277
2013-06-11,11.734641075134277
2013-06-12,11.734641075134277
2013-06-13,11.734641075134277
2013-06-14,11.77198314666748
2013-06-17,11.69442367553711
2013-06-18,11.69442367553711
2013-06-19,11.769111633300781
2013-06-20,11.642717361450195
2013-06-21,11.398543357849121
2013-06-24,11.10266399383545
2013-06-25,11.10266399383545
2013-06-26,11.458864212036133
2013-06-27,11.21469783782959
2013-06-28,11.21469783782959
2013-07-01,11.522065162658691
2013-07-02,11.527811050415039
2013-07-03,11.714530944824219
2013-07-05,11.714530944824219
2013-07-08,11.714530944824219
2013-07-09,11.714530944824219
2013-07-10,11.714530944824219
2013-07-11,11.714530944824219
2013-07-12,11.714530944824219
2013-07-15,11.714530944824219
2013-07-16,11.714530944824219
2013-07-17,11.714530944824219
2013-07-18,11.714530944824219
2013-07-19,12.659621238708496
2013-07-22,12.659621238708496
2013-07-23,12.659621238708496
2013-07-24,12.332143783569336
2013-07-25,12.332143783569336
2013-07-26,12.332143783569336
2013-07-29,12.188514709472656
2013-07-30,12.202877044677734
2013-07-31,12.217240333557129
2013-08-01,12.217240333557129
2013-08-02,12.268942832946777
2013-08-05,12.268942832946777
2013-08-06,12.274691581726074
2013-08-07,12.274691581726074
2013-08-08,12.274691581726074
2013-08-09,12.274691581726074
2013-08-12,12.274691581726074
2013-08-13,12.274691581726074
2013-08-14,12.274691581726074
2013-08-15,12.234474182128906
2013-08-16,12.274691581726074
2013-08-19,12.217240333557129
2013-08-20,12.128186225891113
2013-08-21,12.145426750183105
2013-08-22,12.145426750183105
2013-08-23,12.145426750183105
2013-08-26,12.145426750183105
2013-08-27,12.145426750183105
2013-08-28,12.145426750183105
2013-08-29,12.145426750183105
2013-08-30,12.145426750183105
2013-09-03,12.001791000366211
2013-09-04,12.001791000366211
2013-09-05,12.001791000366211
2013-09-06,12.001791000366211
2013-09-09,12.064985275268555
2013-09-10,12.064985275268555
2013-09-11,12.064985275268555
2013-09-12,12.064985275268555
2013-09-13,12.064985275268555
2013-09-16,12.064985275268555
2013-09-17,12.064985275268555
2013-09-18,12.064985275268555
2013-09-19,12.064985275268555
2013-09-20,12.59642505645752
2013-09-23,12.530348777770996
2013-09-24,12.530348777770996
2013-09-25,12.53494930267334
2013-09-26,12.53494930267334
2013-09-27,12.53494930267334
2013-09-30,12.53494930267334
2013-10-01,12.53494930267334
2013-10-02,12.53494930267334
2013-10-03,12.53494930267334
2013-10-04,12.53494930267334
2013-10-07,12.53494930267334
2013-10-08,12.42862319946289
2013-10-09,12.287814140319824
2013-10-10,12.287814140319824
2013-10-11,12.474600791931152
2013-10-14,12.474600791931152
2013-10-15,12.474600791931152
2013-10-16,12.474600791931152
2013-10-17,12.678632736206055
2013-10-18,12.678632736206055
2013-10-21,12.678632736206055
2013-10-22,12.678632736206055
2013-10-23,12.678632736206055
2013-10-24,13.075202941894531
2013-10-25,13.075202941894531
2013-10-28,12.977498054504395
2013-10-29,12.9343900680542
2013-10-30,12.9343900680542
2013-10-31,12.9343900680542
2013-11-01,12.9343900680542
2013-11-04,12.9343900680542
2013-11-05,12.9343900680542
2013-11-06,12.925766944885254
2013-11-07,12.94875717163086
2013-11-08,12.94875717163086
2013-11-11,12.94875717163086
2013-11-12,12.94875717163086
2013-11-13,12.94875717163086
2013-11-14,12.94875717163086
2013-11-15,12.94875717163086
2013-11-18,12.94875717163086
2013-11-19,12.94875717163086
2013-11-20,12.94875717163086
2013-11-21,12.94875717163086
2013-11-22,12.94875717163086
2013-11-25,12.94875717163086
2013-11-26,13.04934024810791
2013-11-27,13.201645851135254
2013-11-29,13.201645851135254
2013-12-02,13.201645851135254
2013-12-03,13.201645851135254
2013-12-04,12.922897338867188
2013-12-05,12.922897338867188
2013-12-06,12.922897338867188
2013-12-09,13.236124992370605
2013-12-10,13.175775527954102
2013-12-11,13.164288520812988
2013-12-12,13.069457054138184
2013-12-13,13.069457054138184
2013-12-16,13.01772689819336
2013-12-17,13.014854431152344
2013-12-18,13.126931190490723
2013-12-19,13.126931190490723
2013-12-20,13.11543083190918
2013-12-23,13.216012954711914
2013-12-24,13.238066673278809
2013-12-26,13.241171836853027
2013-12-27,13.241171836853027
2013-12-30,14.387310981750488
2013-12-31,13.977307319641113
2014-01-02,13.35299015045166
2014-01-03,14.287919998168945
2014-01-06,13.567307472229004
2014-01-07,13.666704177856445
2014-01-08,13.371622085571289
2014-01-09,13.582837104797363
2014-01-10,13.585947036743164
2014-01-13,13.635643005371094
2014-01-14,13.974201202392578
2014-01-15,13.946246147155762
2014-01-16,13.912083625793457
2014-01-17,13.716403007507324
2014-01-21,13.74435043334961
2014-01-22,13.868597984313965
2014-01-23,13.766095161437988
2014-01-24,13.822006225585938
2014-01-27,13.74124813079834
2014-01-28,13.620107650756836
2014-01-29,13.666704177856445
2014-01-30,13.697760581970215
2014-01-31,13.589049339294434
2014-02-03,13.439959526062012
2014-02-04,13.356096267700195
2014-02-05,13.371622085571289
2014-02-06,13.371622085571289
2014-02-07,13.505187034606934
2014-02-10,13.557992935180664
2014-02-11,13.557992935180664
2014-02-12,13.356096267700195
2014-02-13,13.359203338623047
2014-02-14,13.666704177856445
2014-02-18,13.433745384216309
2014-02-19,13.651171684265137
2014-02-20,13.784729957580566
2014-02-21,13.912083625793457
2014-02-24,13.669801712036133
2014-02-25,13.511398315429688
2014-02-26,13.511398315429688
2014-02-27,13.669801712036133
2014-02-28,13.70707893371582
2014-03-03,13.573519706726074
2014-03-04,13.573519706726074
2014-03-05,13.495863914489746
2014-03-06,13.84996223449707
2014-03-07,13.790942192077637
2014-03-10,13.790942192077637
2014-03-11,13.790942192077637
2014-03-12,13.731929779052734
2014-03-13,13.719505310058594
2014-03-14,13.573519706726074
2014-03-17,13.620107650756836
2014-03-18,13.663596153259277
2014-03-19,13.666704177856445
2014-03-20,13.666704177856445
2014-03-21,13.635643005371094
2014-03-24,13.604581832885742
2014-03-25,13.7288236618042
2014-03-26,13.735082626342773
2014-03-27,13.462701797485352
2014-03-28,13.688121795654297
2014-03-31,13.68186092376709
2014-04-01,13.68186092376709
2014-04-02,13.68186092376709
2014-04-03,13.738214492797852
2014-04-04,13.68186092376709
2014-04-07,13.741344451904297
2014-04-08,13.587932586669922
2014-04-09,13.77265453338623
2014-04-10,13.735082626342773
2014-04-11,13.587932586669922
2014-04-14,13.587932586669922
2014-04-15,13.587932586669922
2014-04-16,13.69438648223877
2014-04-17,13.509665489196777
2014-04-21,13.66307544708252
2014-04-22,13.66307544708252
2014-04-23,13.760133743286133
2014-04-24,13.75386905670166
2014-04-25,13.587932586669922
2014-04-28,13.697509765625
2014-04-29,13.697509765625
2014-04-30,13.710040092468262
2014-05-01,13.71316909790039
2014-05-02,13.77265453338623
2014-05-05,13.591062545776367
2014-05-06,13.947981834411621
2014-05-07,13.947981834411621
2014-05-08,13.947981834411621
2014-05-09,13.947981834411621
2014-05-12,13.947981834411621
2014-05-13,13.54096794128418
2014-05-14,13.54096794128418
2014-05-15,13.634899139404297
2014-05-16,13.634899139404297
2014-05-19,13.5691499710083
2014-05-20,13.5691499710083
2014-05-21,13.666207313537598
2014-05-22,13.666207313537598
2014-05-23,13.497142791748047
2014-05-27,13.497142791748047
2014-05-28,13.697509765625
2014-05-29,13.77578353881836
2014-05-30,13.854056358337402
2014-06-02,13.807092666625977
2014-06-03,13.77578353881836
2014-06-04,13.77578353881836
2014-06-05,13.766396522521973
2014-06-06,13.766396522521973
2014-06-09,13.854056358337402
2014-06-10,13.947981834411621
2014-06-11,13.947981834411621
2014-06-12,13.947981834411621
2014-06-13,13.947981834411621
2014-06-16,13.79456901550293
2014-06-17,13.944853782653809
2014-06-18,14.132705688476562
2014-06-19,13.947981834411621
2014-06-20,13.947981834411621
2014-06-23,13.947981834411621
2014-06-24,14.092000007629395
2014-06-25,14.407383918762207
2014-06-26,14.268059730529785
2014-06-27,14.312390327453613
2014-06-30,14.312390327453613
2014-07-01,14.249059677124023
2014-07-02,14.435879707336426
2014-07-03,14.439046859741211
2014-07-07,14.467546463012695
2014-07-08,14.13507080078125
2014-07-09,14.13507080078125
2014-07-10,14.128734588623047
2014-07-11,14.128734588623047
2014-07-14,14.116068840026855
2014-07-15,13.964078903198242
2014-07-16,14.059074401855469
2014-07-17,13.99258041381836
2014-07-18,14.024246215820312
2014-07-21,14.04007625579834
2014-07-22,14.04007625579834
2014-07-23,14.024246215820312
2014-07-24,14.059074401855469
2014-07-25,14.147732734680176
2014-07-28,13.932414054870605
2014-07-29,14.160398483276367
2014-07-30,14.02740478515625
2014-07-31,13.979910850524902
2014-08-01,13.587270736694336
2014-08-04,13.6126070022583
2014-08-05,13.51443862915039
2014-08-06,13.685434341430664
2014-08-07,13.58410358428955
2014-08-08,13.378283500671387
2014-08-11,13.381452560424805
2014-08-12,13.286460876464844
2014-08-13,13.286460876464844
2014-08-14,13.422616958618164
2014-08-15,13.615768432617188
2014-08-18,13.647432327270508
2014-08-19,13.767755508422852
2014-08-20,13.77092456817627
2014-08-21,14.090731620788574
2014-08-22,14.059074401855469
2014-08-25,14.043240547180176
2014-08-26,13.489103317260742
2014-08-27,13.786758422851562
2014-08-28,13.837423324584961
2014-08-29,13.837423324584961
2014-09-02,13.710760116577148
2014-09-03,13.843754768371582
2014-09-04,13.900749206542969
2014-09-05,13.900749206542969
2014-09-08,13.900749206542969
2014-09-09,13.726592063903809
2014-09-10,13.622101783752441
2014-09-11,13.615768432617188
2014-09-12,13.53660774230957
2014-09-15,13.333953857421875
2014-09-16,13.333953857421875
2014-09-17,13.599937438964844
2014-09-18,13.460613250732422
2014-09-19,13.356120109558105
2014-09-22,13.378283500671387
2014-09-23,13.197795867919922
2014-09-24,13.286004066467285
2014-09-25,13.094242095947266
2014-09-26,13.135793685913086
2014-09-29,12.975988388061523
2014-09-30,13.097443580627441
2014-10-01,13.097443580627441
2014-10-02,12.787423133850098
2014-10-03,12.777836799621582
2014-10-06,12.790617942810059
2014-10-07,12.659579277038574
2014-10-08,12.675557136535645
2014-10-09,12.57967758178711
2014-10-10,12.416679382324219
2014-10-13,12.304816246032715
2014-10-14,12.352763175964355
2014-10-15,12.061918258666992
2014-10-16,12.256877899169922
2014-10-17,12.419873237609863
2014-10-20,12.48060131072998
2014-10-21,12.816187858581543
2014-10-22,12.67236614227295
2014-10-23,12.720308303833008
2014-10-24,12.848149299621582
2014-10-27,12.758659362792969
2014-10-28,12.886499404907227
2014-10-29,12.86093521118164
2014-10-30,12.912068367004395
2014-10-31,13.11022663116455
2014-11-03,13.100635528564453
2014-11-04,13.030323028564453
2014-11-05,13.02712345123291
2014-11-06,12.975988388061523
2014-11-07,13.052691459655762
2014-11-10,13.119813919067383
2014-11-11,13.158162117004395
2014-11-12,13.097443580627441
2014-11-13,13.097443580627441
2014-11-14,13.097443580627441
2014-11-17,13.257245063781738
2014-11-18,13.103835105895996
2014-11-19,13.103835105895996
2014-11-20,13.16775131225586
2014-11-21,13.231677055358887
2014-11-24,13.362712860107422
2014-11-25,13.225282669067383
2014-11-26,13.346734046936035
2014-11-28,13.346734046936035
2014-12-01,13.19012451171875
2014-12-02,12.918460845947266
2014-12-03,13.119813919067383
2014-12-04,13.071876525878906
2014-12-05,13.062285423278809
2014-12-08,12.956814765930176
2014-12-09,12.844947814941406
2014-12-10,12.947225570678711
2014-12-11,12.947225570678711
2014-12-12,12.675557136535645
2014-12-15,12.662775039672852
2014-12-16,12.560502052307129
2014-12-17,12.598854064941406
2014-12-18,12.81298828125
2014-12-19,13.11022663116455
2014-12-22,13.19037914276123
2014-12-23,13.21016788482666
2014-12-24,13.21016788482666
2014-12-26,13.154088973999023
2014-12-29,13.144194602966309
2014-12-30,13.229954719543457
2014-12-31,13.20026969909668
2015-01-02,13.00566577911377
2015-01-05,12.972679138183594
2015-01-06,12.758283615112305
2015-01-07,12.728599548339844
2015-01-08,12.893521308898926
2015-01-09,12.926505088806152
2015-01-12,12.860535621643066
2015-01-13,12.689016342163086
2015-01-14,12.81435775756836
2015-01-15,12.725300788879395
2015-01-16,12.784671783447266
2015-01-20,12.781371116638184
2015-01-21,12.827548027038574
2015-01-22,12.820952415466309
2015-01-23,12.903414726257324
2015-01-26,12.969380378723145
2015-01-27,13.147501945495605
2015-01-28,13.111214637756348
2015-01-29,12.91330623626709
2015-01-30,13.0188570022583
2015-02-02,13.012260437011719
2015-02-03,13.299224853515625
2015-02-04,13.193674087524414
2015-02-05,13.38828182220459
2015-02-06,13.394878387451172
2015-02-09,13.220061302185059
2015-02-10,13.229954719543457
2015-02-11,13.121106147766113
2015-02-12,13.34210205078125
2015-02-13,13.431159019470215
2015-02-17,13.441051483154297
2015-02-18,13.589484214782715
2015-02-19,13.596077919006348
2015-02-20,13.596077919006348
2015-02-23,13.540009498596191
2015-02-24,13.589484214782715
2015-02-25,13.701631546020508
2015-02-26,13.62246322631836
2015-02-27,13.62246322631836
2015-03-02,13.655454635620117
2015-03-03,13.681843757629395
2015-03-04,13.681843757629395
2015-03-05,13.681843757629395
2015-03-06,13.477335929870605
2015-03-09,13.408069610595703
2015-03-10,13.282731056213379
2015-03-11,13.193674087524414
2015-03-12,13.27613353729248
2015-03-13,13.302523612976074
2015-03-16,13.487234115600586
2015-03-17,13.487234115600586
2015-03-18,13.27613353729248
2015-03-19,13.358593940734863
2015-03-20,13.556497573852539
2015-03-23,13.671945571899414
2015-03-24,13.803877830505371
2015-03-25,13.614030838012695
2015-03-26,13.44174575805664
2015-03-27,13.464933395385742
2015-03-30,13.498071670532227
2015-03-31,13.511322975158691
2015-04-01,13.431804656982422
2015-04-02,13.431804656982422
2015-04-06,13.746560096740723
2015-04-07,13.71342945098877
2015-04-08,13.643852233886719
2015-04-09,13.723371505737305
2015-04-10,13.723371505737305
2015-04-13,13.723371505737305
2015-04-14,13.723371505737305
2015-04-15,13.723371505737305
2015-04-16,13.723371505737305
2015-04-17,13.739935874938965
2015-04-20,13.673672676086426
2015-04-21,13.673672676086426
2015-04-22,13.60077953338623
2015-04-23,13.60077953338623
2015-04-24,13.60077953338623
2015-04-27,13.816143035888672
2015-04-28,13.91221809387207
2015-04-29,13.91221809387207
2015-04-30,13.663731575012207
2015-05-01,13.769755363464355
2015-05-04,13.541141510009766
2015-05-05,13.541141510009766
2015-05-06,13.425175666809082
2015-05-07,13.431804656982422
2015-05-08,13.517945289611816
2015-05-11,13.531200408935547
2015-05-12,13.670355796813965
2015-05-13,13.580900192260742
2015-05-14,13.809515953063965
2015-05-15,13.809515953063965
2015-05-18,13.809515953063965
2015-05-19,13.985115051269531
2015-05-20,14.06794548034668
2015-05-21,14.114326477050781
2015-05-22,14.081194877624512
2015-05-26,13.892345428466797
2015-05-27,13.892345428466797
2015-05-28,13.991743087768555
2015-05-29,13.932099342346191
2015-06-01,13.932099342346191
2015-06-02,13.932099342346191
2015-06-03,13.875776290893555
2015-06-04,13.875776290893555
2015-06-05,13.875776290893555
2015-06-08,13.706802368164062
2015-06-09,13.816143035888672
2015-06-10,13.922163963317871
2015-06-11,13.922163963317871
2015-06-12,13.961923599243164
2015-06-15,13.683608055114746
2015-06-16,13.683608055114746
2015-06-17,13.908910751342773
2015-06-18,13.908910751342773
2015-06-19,13.922163963317871
2015-06-22,14.087822914123535
2015-06-23,14.107702255249023
2015-06-24,14.155010223388672
2015-06-25,14.09126091003418
2015-06-26,14.040938377380371
2015-06-29,13.759110450744629
2015-06-30,13.759110450744629
2015-07-01,13.718852996826172
2015-07-02,13.718852996826172
2015-07-06,13.581293106079102
2015-07-07,13.581293106079102
2015-07-08,13.581293106079102
2015-07-09,13.58800220489502
2015-07-10,13.806086540222168
2015-07-13,13.936929702758789
2015-07-14,13.967129707336426
2015-07-15,14.0073881149292
2015-07-16,14.077842712402344
2015-07-17,14.09126091003418
2015-07-20,14.188563346862793
2015-07-21,14.128168106079102
2015-07-22,14.087904930114746
2015-07-23,13.940284729003906
2015-07-24,13.943641662597656
2015-07-27,13.77588939666748
2015-07-28,13.923510551452637
2015-07-29,13.95706558227539
2015-07-30,13.873183250427246
2015-07-31,13.973838806152344
2015-08-03,14.0073881149292
2015-08-04,13.940284729003906
2015-08-05,14.01074504852295
2015-08-06,13.940284729003906
2015-08-07,13.940284729003906
2015-08-10,14.144947052001953
2015-08-11,14.024164199829102
2015-08-12,13.977187156677246
2015-08-13,14.000679016113281
2015-08-14,14.01074504852295
2015-08-17,14.084555625915527
2015-08-18,14.134883880615234
2015-08-19,13.953705787658691
2015-08-20,13.77588939666748
2015-08-21,13.453803062438965
2015-08-24,13.453803062438965
2015-08-25,13.326313018798828
2015-08-26,13.202170372009277
2015-08-27,13.668527603149414
2015-08-28,13.755759239196777
2015-08-31,13.73227310180664
2015-09-01,13.279337882995605
2015-09-02,13.467219352722168
2015-09-03,13.638331413269043
2015-09-04,13.638331413269043
2015-09-08,13.638331413269043
2015-09-09,13.74569034576416
2015-09-10,13.7792387008667
2015-09-11,13.651752471923828
2015-09-14,13.581293106079102
2015-09-15,13.520905494689941
2015-09-16,13.608137130737305
2015-09-17,13.705431938171387
2015-09-18,13.564518928527832
2015-09-21,13.564518928527832
2015-09-22,13.440383911132812
2015-09-23,13.443799018859863
2015-09-24,13.276347160339355
2015-09-25,13.39596176147461
2015-09-28,13.04055404663086
2015-09-29,12.80817699432373
2015-09-30,12.94487190246582
2015-10-01,13.13282299041748
2015-10-02,13.1806640625
2015-10-05,13.354947090148926
2015-10-06,13.406209945678711
2015-10-07,13.484808921813965
2015-10-08,13.5394868850708
2015-10-09,13.556572914123535
2015-10-12,13.52581787109375
2015-10-13,13.440385818481445
2015-10-14,13.365202903747559
2015-10-15,13.365202903747559
2015-10-16,13.365202903747559
2015-10-19,13.471138954162598
2015-10-20,13.56682300567627
2015-10-21,13.559988021850586
2015-10-22,13.676177978515625
2015-10-23,13.816291809082031
2015-10-26,13.792367935180664
2015-10-27,13.56682300567627
2015-10-28,13.717181205749512
2015-10-29,13.706936836242676
2015-10-30,13.734274864196777
2015-11-02,13.717181205749512
2015-11-03,13.747946739196777
2015-11-04,13.747946739196777
2015-11-05,13.66934871673584
2015-11-06,13.710350036621094
2015-11-09,13.700098037719727
2015-11-10,13.683012008666992
2015-11-11,13.771864891052246
2015-11-12,13.771864891052246
2015-11-13,13.46772289276123
2015-11-16,13.505311965942383
2015-11-17,13.66934871673584
2015-11-18,13.727439880371094
2015-11-19,13.8367919921875
2015-11-20,13.816291809082031
2015-11-23,13.792367935180664
2015-11-24,13.768447875976562
2015-11-25,13.90514087677002
2015-11-27,13.959820747375488
2015-11-30,13.99399185180664
2015-12-01,14.065760612487793
2015-12-02,13.956395149230957
2015-12-03,13.89830493927002
2015-12-04,13.952981948852539
2015-12-07,13.706936836242676
2015-12-08,13.63175106048584
2015-12-09,13.443799018859863
2015-12-10,13.628335952758789
2015-12-11,13.208008766174316
2015-12-14,13.047383308410645
2015-12-15,13.047383308410645
2015-12-16,13.047383308410645
2015-12-17,13.047383308410645
2015-12-18,13.354947090148926
2015-12-21,13.351531982421875
2015-12-22,13.4414644241333
2015-12-23,13.4414644241333
2015-12-24,13.705313682556152
2015-12-28,13.664433479309082
2015-12-29,13.668152809143066
2015-12-30,13.512072563171387
2015-12-31,13.649572372436523
2016-01-04,13.333691596984863
2016-01-05,13.396868705749512
2016-01-06,13.337410926818848
2016-01-07,13.01038646697998
2016-01-08,12.98437213897705
2016-01-11,12.88032054901123
2016-01-12,12.72052001953125
2016-01-13,12.464110374450684
2016-01-14,12.542142868041992
2016-01-15,12.278294563293457
2016-01-19,12.237415313720703
2016-01-20,11.869512557983398
2016-01-21,11.869512557983398
2016-01-22,12.430660247802734
2016-01-25,12.393499374389648
2016-01-26,12.393499374389648
2016-01-27,12.482681274414062
2016-01-28,12.482681274414062
2016-01-29,12.739102363586426
2016-02-01,12.713088035583496
2016-02-02,12.36376953125
2016-02-03,12.36376953125
2016-02-04,12.36376953125
2016-02-05,12.36376953125
2016-02-08,12.36376953125
2016-02-09,11.754311561584473
2016-02-10,11.880661964416504
2016-02-11,11.653976440429688
2016-02-12,11.7431640625
2016-02-16,12.07390308380127
2016-02-17,12.319175720214844
2016-02-18,12.326605796813965
2016-02-19,12.326605796813965
2016-02-22,12.326605796813965
2016-02-23,12.229986190795898
2016-02-24,12.222552299499512
2016-02-25,12.464110374450684
2016-02-26,12.456672668457031
2016-02-29,12.493834495544434
2016-03-01,12.664778709411621
2016-03-02,12.612753868103027
2016-03-03,12.612753868103027
2016-03-04,12.884035110473633
2016-03-07,12.884035110473633
2016-03-08,12.776264190673828
2016-03-09,12.805997848510742
2016-03-10,12.802281379699707
2016-03-11,12.980656623840332
2016-03-14,13.02153491973877
2016-03-15,12.939780235290527
2016-03-16,13.103287696838379
2016-03-17,13.315114974975586
2016-03-18,13.315114974975586
2016-03-21,13.315114974975586
2016-03-22,13.43403434753418
2016-03-23,13.291448593139648
2016-03-24,13.28398609161377
2016-03-28,13.366105079650879
2016-03-29,13.511665344238281
2016-03-30,13.638575553894043
2016-03-31,13.702025413513184
2016-04-01,13.705757141113281
2016-04-04,13.698291778564453
2016-04-05,13.698291778564453
2016-04-06,13.545260429382324
2016-04-07,13.377297401428223
2016-04-08,13.563921928405762
2016-04-11,13.623641967773438
2016-04-12,13.646039962768555
2016-04-13,13.772943496704102
2016-04-14,13.918511390686035
2016-04-15,13.735616683959961
2016-04-18,13.959565162658691
2016-04-19,13.985697746276855
2016-04-20,13.937172889709473
2016-04-21,13.937172889709473
2016-04-22,13.858792304992676
2016-04-25,13.948371887207031
2016-04-26,14.172317504882812
2016-04-27,14.23950481414795
2016-04-28,14.157392501831055
2016-04-29,13.959565162658691
2016-05-02,13.996896743774414
2016-05-03,13.996896743774414
2016-05-04,13.996896743774414
2016-05-05,13.787870407104492
2016-05-06,13.828932762145996
2016-05-09,13.828932762145996
2016-05-10,13.705757141113281
2016-05-11,13.896119117736816
2016-05-12,13.743083953857422
2016-05-13,13.772943496704102
2016-05-16,13.821463584899902
2016-05-17,13.862527847290039
2016-05-18,13.631109237670898
2016-05-19,13.593782424926758
2016-05-20,13.660966873168945
2016-05-23,13.86625862121582
2016-05-24,13.86625862121582
2016-05-25,13.86625862121582
2016-05-26,14.120064735412598
2016-05-27,14.351478576660156
2016-05-31,14.250703811645508
2016-06-01,14.172317504882812
2016-06-02,14.220844268798828
2016-06-03,14.280563354492188
2016-06-06,14.358943939208984
2016-06-07,14.396268844604492
2016-06-08,14.515707969665527
2016-06-09,14.444793701171875
2016-06-10,14.29549503326416
2016-06-13,14.075277328491211
2016-06-14,13.996896743774414
2016-06-15,13.907312393188477
2016-06-16,13.813995361328125
2016-06-17,13.813995361328125
2016-06-20,14.265629768371582
2016-06-21,14.284295082092285
2016-06-22,14.308510780334473
2016-06-23,14.539290428161621
2016-06-24,13.476179122924805
2016-06-27,13.094064712524414
2016-06-28,13.184864044189453
2016-06-29,13.445913314819336
2016-06-30,13.627514839172363
2016-07-01,13.79776382446289
2016-07-05,13.487529754638672
2016-07-06,13.339977264404297
2016-07-07,13.3929443359375
2016-07-08,13.50266170501709
2016-07-11,13.695613861083984
2016-07-12,13.918825149536133
2016-07-13,13.918825149536133
2016-07-14,13.941529273986816
2016-07-15,13.843158721923828
2016-07-18,14.002058029174805
2016-07-19,13.899911880493164
2016-07-20,14.009626388549805
2016-07-21,14.032329559326172
2016-07-22,14.073943138122559
2016-07-25,14.073943138122559
2016-07-26,14.15339183807373
2016-07-27,14.240408897399902
2016-07-28,14.23283863067627
2016-07-29,14.34634780883789
2016-08-01,14.270675659179688
2016-08-02,14.17231273651123
2016-08-03,14.202580451965332
2016-08-04,14.331209182739258
2016-08-05,14.297160148620605
2016-08-08,14.266890525817871
2016-08-09,14.395523071289062
2016-08-10,14.395523071289062
2016-08-11,14.452279090881348
2016-08-12,14.452279090881348
2016-08-15,14.47497844696045
2016-08-16,14.535508155822754
2016-08-17,14.429576873779297
2016-08-18,14.58847713470459
2016-08-19,14.509025573730469
2016-08-22,14.58847713470459
2016-08-23,14.614958763122559
2016-08-24,14.57712173461914
2016-08-25,14.527942657470703
2016-08-26,14.603604316711426
2016-08-29,14.369039535522461
2016-08-30,14.614958763122559
2016-08-31,14.57712173461914
2016-09-01,14.743590354919434
2016-09-02,14.754934310913086
2016-09-06,14.89113998413086
2016-09-07,14.879794120788574
2016-09-08,14.879794120788574
2016-09-09,14.69062614440918
2016-09-12,14.807903289794922
2016-09-13,14.520370483398438
2016-09-14,14.546859741210938
2016-09-15,14.58847713470459
2016-09-16,14.611173629760742
2016-09-19,14.64144229888916
2016-09-20,14.64144229888916
2016-09-21,14.613350868225098
2016-09-22,14.74417495727539
2016-09-23,14.621047973632812
2016-09-26,14.624892234802246
2016-09-27,14.624892234802246
2016-09-28,14.64028263092041
2016-09-29,14.65567684173584
2016-09-30,14.705698013305664
2016-10-03,14.721087455749512
2016-10-04,14.724937438964844
2016-10-05,14.77880573272705
2016-10-06,14.628745079040527
2016-10-07,14.586418151855469
2016-10-10,14.544096946716309
2016-10-11,14.324780464172363
2016-10-12,14.39018726348877
2016-10-13,14.217050552368164
2016-10-14,14.186267852783203
2016-10-17,14.147788047790527
2016-10-18,14.232438087463379
2016-10-19,14.270915031433105
2016-10-20,14.243980407714844
2016-10-21,14.297852516174316
2016-10-24,14.378645896911621
2016-10-25,14.378645896911621
2016-10-26,14.282454490661621
2016-10-27,14.30554485321045
2016-10-28,14.386340141296387
2016-10-31,14.351716041564941
2016-11-01,14.351716041564941
2016-11-02,14.159332275390625
2016-11-03,14.11700439453125
2016-11-04,14.055444717407227
2016-11-07,14.11700439453125
2016-11-08,14.213196754455566
2016-11-09,14.324780464172363
2016-11-10,14.351716041564941
2016-11-11,14.374801635742188
2016-11-14,14.186267852783203
2016-11-15,14.39018726348877
2016-11-16,14.320931434631348
2016-11-17,14.482531547546387
2016-11-18,14.524857521057129
2016-11-21,14.613350868225098
2016-11-22,14.590275764465332
2016-11-23,14.52869987487793
2016-11-25,14.75186824798584
2016-11-28,14.74417495727539
2016-11-29,14.74802303314209
2016-11-30,14.705698013305664
2016-12-01,14.790340423583984
2016-12-02,14.844212532043457
2016-12-05,14.890385627746582
2016-12-06,14.975030899047852
2016-12-07,15.125096321105957
2016-12-08,15.109700202941895
2016-12-09,15.044289588928223
2016-12-12,15.07507038116455
2016-12-13,15.190498352050781
2016-12-14,14.9827241897583
2016-12-15,14.87883472442627
2016-12-16,14.882686614990234
2016-12-19,14.851905822753906
2016-12-20,14.97887897491455
2016-12-21,14.934209823608398
2016-12-22,14.930330276489258
2016-12-23,15.00412654876709
2016-12-27,14.988584518432617
2016-12-28,14.930330276489258
2016-12-29,15.081808090209961
2016-12-30,15.151716232299805
2017-01-03,15.1594820022583
2017-01-04,15.32261848449707
2017-01-05,15.435257911682129
2017-01-06,15.338155746459961
2017-01-09,15.291547775268555
2017-01-10,15.213860511779785
2017-01-11,15.310965538024902
2017-01-12,15.310965538024902
2017-01-13,15.330389022827148
2017-01-17,15.338155746459961
2017-01-18,15.198328971862793
2017-01-19,15.182792663574219
2017-01-20,15.26823902130127
2017-01-23,15.353690147399902
2017-01-24,15.307082176208496
2017-01-25,15.450794219970703
2017-01-26,15.44691276550293
2017-01-27,15.415833473205566
2017-01-30,15.307082176208496
2017-01-31,15.34592342376709
2017-02-01,15.458561897277832
2017-02-02,15.396411895751953
2017-02-03,15.454681396484375
2017-02-06,15.47797966003418
2017-02-07,15.481863021850586
2017-02-08,15.481863021850586
2017-02-09,15.481863021850586
2017-02-10,15.598386764526367
2017-02-13,15.695490837097168
2017-02-14,15.711027145385742
2017-02-15,15.699374198913574
2017-02-16,15.796468734741211
2017-02-17,15.796468734741211
2017-02-21,15.796468734741211
2017-02-22,15.644994735717773
2017-02-23,15.679948806762695
2017-02-24,15.47797966003418
2017-02-27,15.47797966003418
2017-02-28,15.388646125793457
2017-03-01,15.532357215881348
2017-03-02,15.532357215881348
2017-03-03,15.47797966003418
2017-03-06,15.458561897277832
2017-03-07,15.481863021850586
2017-03-08,15.435257911682129
2017-03-09,15.342042922973633
2017-03-10,15.342042922973633
2017-03-13,15.544007301330566
2017-03-14,15.450794219970703
2017-03-15,15.637228012084961
2017-03-16,15.71879768371582
2017-03-17,15.815892219543457
2017-03-20,15.815892219543457
2017-03-21,15.815892219543457
2017-03-22,15.722284317016602
2017-03-23,15.757390022277832
2017-03-24,15.792494773864746
2017-03-27,15.73788833618164
2017-03-28,15.675479888916016
2017-03-29,15.581873893737793
2017-03-30,15.706683158874512
2017-03-31,15.702784538269043
2017-04-03,15.683284759521484
2017-04-04,15.749589920043945
2017-04-05,15.73788833618164
2017-04-06,15.636478424072266
2017-04-07,15.64428424835205
2017-04-10,15.733989715576172
2017-04-11,15.772987365722656
2017-04-12,15.827595710754395
2017-04-13,15.890002250671387
2017-04-17,15.932903289794922
2017-04-18,15.932903289794922
2017-04-19,15.921205520629883
2017-04-20,16.003108978271484
2017-04-21,16.069414138793945
2017-04-24,16.338542938232422
2017-04-25,16.420446395874023
2017-04-26,16.420446395874023
2017-04-27,16.48674964904785
2017-04-28,16.46725082397461
2017-05-01,16.50235366821289
2017-05-02,16.595958709716797
2017-05-03,16.576461791992188
2017-05-04,16.455549240112305
2017-05-05,16.41265296936035
2017-05-08,16.436050415039062
2017-05-09,16.475055694580078
2017-05-10,16.451656341552734
2017-05-11,16.432144165039062
2017-05-12,16.432144165039062
2017-05-15,16.521860122680664
2017-05-16,16.654464721679688
2017-05-17,16.654464721679688
2017-05-18,16.436050415039062
2017-05-19,16.50625228881836
2017-05-22,16.568662643432617
2017-05-23,16.681777954101562
2017-05-24,16.693466186523438
2017-05-25,16.93529510498047
2017-05-26,16.87288475036621
2017-05-30,16.915788650512695
2017-05-31,16.884592056274414
2017-06-01,17.079605102539062
2017-06-02,17.036701202392578
2017-06-05,17.01329803466797
2017-06-06,17.021099090576172
2017-06-07,16.939191818237305
2017-06-08,16.939191818237305
2017-06-09,16.755878448486328
2017-06-12,16.82998275756836
2017-06-13,16.884592056274414
2017-06-14,16.907989501953125
2017-06-15,16.72857666015625
2017-06-16,16.849485397338867
2017-06-19,16.91969108581543
2017-06-20,16.740272521972656
2017-06-21,16.813419342041016
2017-06-22,16.785127639770508
2017-06-23,16.857866287231445
2017-06-26,16.96291732788086
2017-06-27,16.96291732788086
2017-06-28,17.031612396240234
2017-06-29,17.08414077758789
2017-06-30,17.039690017700195
2017-07-03,17.023527145385742
2017-07-05,17.023527145385742
2017-07-06,17.051816940307617
2017-07-07,16.96291732788086
2017-07-10,17.01140785217285
2017-07-11,16.98716163635254
2017-07-12,17.17304039001465
2017-07-13,17.17304039001465
2017-07-14,17.310420989990234
2017-07-17,17.29021644592285
2017-07-18,17.29021644592285
2017-07-19,17.314462661743164
2017-07-20,17.314462661743164
2017-07-21,17.403358459472656
2017-07-24,17.350830078125
2017-07-25,17.350830078125
2017-07-26,17.39931869506836
2017-07-27,17.37103271484375
2017-07-28,17.37103271484375
2017-07-31,17.49225616455078
2017-08-01,17.552865982055664
2017-08-02,17.589229583740234
2017-08-03,17.540740966796875
2017-08-04,17.577110290527344
2017-08-07,17.532657623291016
2017-08-08,17.49225616455078
2017-08-09,17.39931869506836
2017-08-10,17.221525192260742
2017-08-11,17.06393814086914
2017-08-14,17.177072525024414
2017-08-15,17.18111228942871
2017-08-16,17.265975952148438
2017-08-17,17.076059341430664
2017-08-18,16.96695899963379
2017-08-21,17.039690017700195
2017-08-22,16.9912052154541
2017-08-23,17.076059341430664
2017-08-24,17.039690017700195
2017-08-25,17.12859344482422
2017-08-28,17.12859344482422
2017-08-29,16.942718505859375
2017-08-30,17.027570724487305
2017-08-31,17.027570724487305
2017-09-01,17.027570724487305
2017-09-05,16.930591583251953
2017-09-06,16.930591583251953
2017-09-07,16.9952449798584
2017-09-08,16.983123779296875
2017-09-11,17.116470336914062
2017-09-12,17.076059341430664
2017-09-13,17.132633209228516
2017-09-14,17.132633209228516
2017-09-15,17.177072525024414
2017-09-18,17.22960662841797
2017-09-19,17.27405548095703
2017-09-20,17.326583862304688
2017-09-21,17.302337646484375
2017-09-22,17.302337646484375
2017-09-25,17.326583862304688
2017-09-26,17.29829978942871
2017-09-27,17.23348617553711
2017-09-28,17.23348617553711
2017-09-29,17.55339241027832
2017-10-02,17.540929794311523
2017-10-03,17.54924201965332
2017-10-04,17.640642166137695
2017-10-05,17.65310287475586
2017-10-06,17.628175735473633
2017-10-09,17.65310287475586
2017-10-10,17.694650650024414
2017-10-11,17.744508743286133
2017-10-12,17.78605842590332
2017-10-13,17.78605842590332
2017-10-16,17.78605842590332
2017-10-17,17.682193756103516
2017-10-18,17.723737716674805
2017-10-19,17.723737716674805
2017-10-20,17.6157169342041
2017-10-23,17.528467178344727
2017-10-24,17.528467178344727
2017-10-25,17.528467178344727
2017-10-26,17.528467178344727
2017-10-27,17.45368194580078
2017-10-30,17.528467178344727
2017-10-31,17.528467178344727
2017-11-01,17.45783233642578
2017-11-02,17.283344268798828
2017-11-03,17.304113388061523
2017-11-06,17.304113388061523
2017-11-07,17.304113388061523
2017-11-08,17.407981872558594
2017-11-09,17.175321578979492
2017-11-10,17.22102165222168
2017-11-13,17.004981994628906
2017-11-14,17.021595001220703
2017-11-15,16.959278106689453
2017-11-16,17.08807373046875
2017-11-17,17.08807373046875
2017-11-20,17.137929916381836
2017-11-21,17.175321578979492
2017-11-22,17.266721725463867
2017-11-24,17.387208938598633
2017-11-27,17.37059211730957
2017-11-28,17.304113388061523
2017-11-29,17.29164695739746
2017-11-30,17.225177764892578
2017-12-01,17.304113388061523
2017-12-04,17.15455436706543
2017-12-05,17.225177764892578
2017-12-06,17.133777618408203
2017-12-07,17.09223175048828
2017-12-08,17.158706665039062
2017-12-11,17.21687126159668
2017-12-12,17.21271324157715
2017-12-13,17.179471969604492
2017-12-14,17.21271324157715
2017-12-15,17.21271324157715
2017-12-18,17.30826759338379
2017-12-19,17.225177764892578
2017-12-20,17.225177764892578
2017-12-21,17.225177764892578
2017-12-22,17.304113388061523
2017-12-26,17.288156509399414
2017-12-27,17.297828674316406
2017-12-28,17.41385841369629
2017-12-29,17.322002410888672
2018-01-02,17.612070083618164
2018-01-03,17.529884338378906
2018-01-04,17.694255828857422
2018-01-05,17.7716121673584
2018-01-08,17.6990909576416
2018-01-09,17.568561553955078
2018-01-10,17.54922103881836
2018-01-11,17.723268508911133
2018-01-12,17.84412384033203
2018-01-16,18.008501052856445
2018-01-17,17.9794921875
2018-01-18,17.91664695739746
2018-01-19,17.9794921875
2018-01-22,18.008501052856445
2018-01-23,18.1148624420166
2018-01-24,18.269563674926758
2018-01-25,18.269563674926758
2018-01-26,18.27440071105957
2018-01-29,18.221216201782227
2018-01-30,18.139036178588867
2018-01-31,18.03266716003418
2018-02-01,18.139036178588867
2018-02-02,17.848957061767578
2018-02-05,17.19147300720215
2018-02-06,17.12862205505371
2018-02-07,17.399351119995117
2018-02-08,17.036767959594727
2018-02-09,16.94974708557129
2018-02-12,17.17696762084961
2018-02-13,17.336509704589844
2018-02-14,17.481536865234375
2018-02-15,17.481536865234375
2018-02-16,17.597564697265625
2018-02-20,17.57823371887207
2018-02-21,17.52505111694336
2018-02-22,17.55405616760254
2018-02-23,17.616901397705078
2018-02-26,17.616901397705078
2018-02-27,17.592737197875977
2018-02-28,17.55405616760254
2018-03-01,17.167301177978516
2018-03-02,17.18663787841797
2018-03-05,17.38001823425293
2018-03-06,17.568561553955078
2018-03-07,17.539554595947266
2018-03-08,17.612070083618164
2018-03-09,17.665246963500977
2018-03-12,17.602401733398438
2018-03-13,17.587902069091797
2018-03-14,17.81028938293457
2018-03-15,17.81028938293457
2018-03-16,17.471866607666016
2018-03-19,17.428363800048828
2018-03-20,17.55405616760254
2018-03-21,17.495996475219727
2018-03-22,17.442773818969727
2018-03-23,17.273427963256836
2018-03-26,17.33148765563965
2018-03-27,17.413742065429688
2018-03-28,17.234716415405273
2018-03-29,17.365358352661133
2018-04-02,17.263750076293945
2018-04-03,17.229881286621094
2018-04-04,17.25407600402832
2018-04-05,17.418582916259766
2018-04-06,17.433095932006836
2018-04-09,17.515348434448242
2018-04-10,17.694377899169922
2018-04-11,17.447612762451172
2018-04-12,17.554052352905273
2018-04-13,17.43793487548828
2018-04-16,17.43793487548828
2018-04-17,17.704055786132812
2018-04-18,17.704055786132812
2018-04-19,17.626638412475586
2018-04-20,17.597604751586914
2018-04-23,17.568572998046875
2018-04-24,17.476646423339844
2018-04-25,17.39438819885254
2018-04-26,17.520185470581055
2018-04-27,17.6314754486084
2018-04-30,17.592771530151367
2018-05-01,17.47180938720703
2018-05-02,17.43793487548828
2018-05-03,17.462129592895508
2018-05-04,17.466964721679688
2018-05-07,17.6314754486084
2018-05-08,17.568572998046875
2018-05-09,17.568572998046875
2018-05-10,17.73308563232422
2018-05-11,17.728246688842773
2018-05-14,17.771791458129883
2018-05-15,17.660505294799805
2018-05-16,17.699216842651367
2018-05-17,17.747596740722656
2018-05-18,17.75727653503418
2018-05-21,17.873395919799805
2018-05-22,17.95081329345703
2018-05-23,17.704055786132812
2018-05-24,17.660505294799805
2018-05-25,17.573410034179688
2018-05-29,17.37019920349121
2018-05-30,17.42825698852539
2018-05-31,17.42825698852539
2018-06-01,17.520185470581055
2018-06-04,17.544384002685547
2018-06-05,17.486318588256836
2018-06-06,17.655668258666992
2018-06-07,17.655668258666992
2018-06-08,17.626638412475586
2018-06-11,17.723405838012695
2018-06-12,17.723405838012695
2018-06-13,17.602449417114258
2018-06-14,17.718564987182617
2018-06-15,17.6459903717041
2018-06-18,17.592771530151367
2018-06-19,17.510513305664062
2018-06-20,17.580583572387695
2018-06-21,17.502727508544922
2018-06-22,17.624374389648438
2018-06-25,17.3762149810791
2018-06-26,17.3762149810791
2018-06-27,17.303220748901367
2018-06-28,17.28375816345215
2018-06-29,17.444339752197266
2018-07-02,17.33241844177246
2018-07-03,17.536788940429688
2018-07-05,17.580583572387695
2018-07-06,17.716825485229492
2018-07-09,17.82874870300293
2018-07-10,17.79468536376953
2018-07-11,17.66330337524414
2018-07-12,17.66330337524414
2018-07-13,17.741153717041016
2018-07-16,17.80927848815918
2018-07-17,17.887136459350586
2018-07-18,18.04770851135254
2018-07-19,17.96498680114746
2018-07-20,18.062301635742188
2018-07-23,17.872535705566406
2018-07-24,17.838472366333008
2018-07-25,17.96985626220703
2018-07-26,18.003917694091797
2018-07-27,18.042844772338867
2018-07-30,18.086631774902344
2018-07-31,18.13529396057129
2018-08-01,18.15962791442871
2018-08-02,18.01365089416504
2018-08-03,18.106103897094727
2018-08-06,18.14989471435547
2018-08-07,18.13529396057129
2018-08-08,18.081769943237305
2018-08-09,17.955257415771484
2018-08-10,17.838472366333008
2018-08-13,17.74602508544922
2018-08-14,17.79468536376953
2018-08-15,17.580583572387695
2018-08-16,17.69249725341797
2018-08-17,17.74602508544922
2018-08-20,17.760622024536133
2018-08-21,17.804414749145508
2018-08-22,17.86280632019043
2018-08-23,17.78495216369629
2018-08-24,17.789819717407227
2018-08-27,17.89686393737793
2018-08-28,17.857940673828125
2018-08-29,17.940658569335938
2018-08-30,17.88226890563965
2018-08-31,17.843341827392578
2018-09-04,17.770353317260742
2018-09-05,17.760622024536133
2018-09-06,17.73629379272461
2018-09-07,17.60004425048828
2018-09-10,17.668169021606445
2018-09-11,17.69736099243164
2018-09-12,17.702226638793945
2018-09-13,17.838472366333008
2018-09-14,17.95039176940918
2018-09-17,17.8676700592041
2018-09-18,17.98931884765625
2018-09-19,18.033109664916992
2018-09-20,18.14016342163086
2018-09-21,18.169355392456055
2018-09-24,18.09636688232422
2018-09-25,18.101232528686523
2018-09-26,18.035337448120117
2018-09-27,17.97587776184082
2018-09-28,17.871828079223633
2018-10-01,17.921375274658203
2018-10-02,17.723186492919922
2018-10-03,17.752918243408203
2018-10-04,17.559675216674805
2018-10-05,17.554725646972656
2018-10-08,17.302032470703125
2018-10-09,17.3416690826416
2018-10-10,17.16329574584961
2018-10-11,16.91060447692871
2018-10-12,16.880878448486328
2018-10-15,16.77187156677246
2018-10-16,17.004743576049805
2018-10-17,16.895742416381836
2018-10-18,16.761962890625
2018-10-19,16.761962890625
2018-10-22,16.72232437133789
2018-10-23,16.608362197875977
2018-10-24,16.32594108581543
2018-10-25,16.449813842773438
2018-10-26,16.385398864746094
2018-10-29,16.27143669128418
2018-10-30,16.335851669311523
2018-10-31,16.677732467651367
2018-11-01,16.870967864990234
2018-11-02,16.826379776000977
2018-11-05,16.826379776000977
2018-11-06,16.826379776000977
2018-11-07,16.994836807250977
2018-11-08,16.970060348510742
2018-11-09,16.920516967773438
2018-11-12,16.70745849609375
2018-11-13,16.63313865661621
2018-11-14,16.742149353027344
2018-11-15,16.5092716217041
2018-11-16,16.514225006103516
2018-11-19,16.43990707397461
2018-11-20,16.25162124633789
2018-11-21,16.400266647338867
2018-11-23,16.355669021606445
2018-11-26,16.553865432739258
2018-11-27,16.449813842773438
2018-11-28,16.63313865661621
2018-11-29,16.578636169433594
2018-11-30,16.390356063842773
2018-12-03,16.504316329956055
2018-12-04,16.162437438964844
2018-12-06,16.008840560913086
2018-12-07,15.81064510345459
2018-12-10,15.612456321716309
2018-12-11,15.602550506591797
2018-12-12,15.78587532043457
2018-12-13,15.706597328186035
2018-12-14,15.434090614318848
2018-12-17,15.007978439331055
2018-12-18,15.112025260925293
2018-12-19,15.003018379211426
2018-12-20,14.75032901763916
2018-12-21,14.685920715332031
2018-12-24,14.606643676757812
2018-12-26,14.976648330688477
2018-12-27,14.986727714538574
2018-12-28,15.117794036865234
2018-12-31,15.016972541809082
2019-01-02,15.072427749633789
2019-01-03,15.027056694030762
2019-01-04,15.374879837036133
2019-01-07,15.687419891357422
2019-01-08,15.788238525390625
2019-01-09,15.934422492980957
2019-01-10,15.989874839782715
2019-01-11,15.989874839782715
2019-01-14,15.85881233215332
2019-01-15,15.909221649169922
2019-01-16,15.95458984375
2019-01-17,15.98483657836914
2019-01-18,16.1411075592041
2019-01-22,15.98483657836914
2019-01-23,16.025161743164062
2019-01-24,16.12598419189453
2019-01-25,16.226797103881836
2019-01-28,16.20663833618164
2019-01-29,16.23688507080078
2019-01-30,16.418354034423828
2019-01-31,16.383071899414062
2019-02-01,16.42339515686035
2019-02-04,16.52925682067871
2019-02-05,16.640155792236328
2019-02-06,16.60487174987793
2019-02-07,16.418354034423828
2019-02-08,16.332656860351562
2019-02-11,16.292333602905273
2019-02-12,16.43347930908203
2019-02-13,16.50405502319336
2019-02-14,16.46372413635254
2019-02-15,16.5695858001709
2019-02-19,16.685523986816406
2019-02-20,16.74601936340332
2019-02-21,16.801467895507812
2019-02-22,16.962779998779297
2019-02-25,16.922452926635742
2019-02-26,16.998064041137695
2019-02-27,16.93252944946289
2019-02-28,16.927492141723633
2019-03-01,16.93252944946289
2019-03-04,16.917409896850586
2019-03-05,16.781309127807617
2019-03-06,16.7056884765625
2019-03-07,16.514131546020508
2019-03-08,16.539337158203125
2019-03-11,16.715774536132812
2019-03-12,16.675445556640625
2019-03-13,16.796428680419922
2019-03-14,16.851879119873047
2019-03-15,16.86195945739746
2019-03-18,16.897247314453125
2019-03-19,16.93252944946289
2019-03-20,16.878995895385742
2019-03-21,16.88404655456543
2019-03-22,16.661821365356445
2019-03-25,16.671920776367188
2019-03-26,16.687074661254883
2019-03-27,16.75778579711914
2019-03-28,16.717374801635742
2019-03-29,16.78303337097168
2019-04-01,16.969907760620117
2019-04-02,17.045663833618164
2019-04-03,17.12647247314453
2019-04-04,17.146677017211914
2019-04-05,17.166879653930664
2019-04-08,17.19718360900879
2019-04-09,17.07091522216797
2019-04-10,17.121421813964844
2019-04-11,17.146677017211914
2019-04-12,17.222434997558594
2019-04-15,17.26283836364746
2019-04-16,17.333545684814453
2019-04-17,17.358806610107422
2019-04-18,17.358806610107422
2019-04-22,17.333545684814453
2019-04-23,17.399208068847656
2019-04-24,17.38405418395996
2019-04-25,17.328495025634766
2019-04-26,17.333545684814453
2019-04-29,17.505266189575195
2019-04-30,17.55072021484375
2019-05-01,17.505266189575195
2019-05-02,17.464860916137695
2019-05-03,17.626482009887695
2019-05-06,17.58607292175293
2019-05-07,17.38405418395996
2019-05-08,17.474958419799805
2019-05-09,17.419408798217773
2019-05-10,17.4901180267334
2019-05-13,17.26788902282715
2019-05-14,17.424455642700195
2019-05-15,17.45475959777832
2019-05-16,17.474958419799805
2019-05-17,17.399208068847656
2019-05-20,17.424455642700195
2019-05-21,17.429508209228516
2019-05-22,17.38405418395996
2019-05-23,17.17192840576172
2019-05-24,17.20728302001953
2019-05-28,17.161827087402344
2019-05-29,17.091123580932617
2019-05-30,17.111324310302734
2019-05-31,16.92949867248535
2019-06-03,16.944652557373047
2019-06-04,17.146677017211914
2019-06-05,17.096168518066406
2019-06-06,17.12647247314453
2019-06-07,17.237586975097656
2019-06-10,17.31334686279297
2019-06-11,17.35375213623047
2019-06-12,17.338598251342773
2019-06-13,17.2880916595459
2019-06-14,17.26788902282715
2019-06-17,17.25274085998535
2019-06-18,17.404258728027344
2019-06-19,17.545671463012695
2019-06-20,17.581026077270508
2019-06-21,17.626482009887695
2019-06-24,17.621431350708008
2019-06-25,17.51748275756836
2019-06-26,17.538063049316406
2019-06-27,17.584375381469727
2019-06-28,17.738759994506836
2019-07-01,17.769638061523438
2019-07-02,17.810808181762695
2019-07-03,17.93946075439453
2019-07-05,17.893146514892578
2019-07-08,17.867414474487305
2019-07-09,17.774784088134766
2019-07-10,17.88285255432129
2019-07-11,17.8725643157959
2019-07-12,17.898290634155273
2019-07-15,17.990924835205078
2019-07-16,17.887996673583984
2019-07-17,17.74390983581543
2019-07-18,17.68730354309082
2019-07-19,17.723323822021484
2019-07-22,17.57923126220703
2019-07-23,17.64613151550293
2019-07-24,17.76449203491211
2019-07-25,17.656421661376953
2019-07-26,17.74905776977539
2019-07-29,17.728471755981445
2019-07-30,17.713027954101562
2019-07-31,17.54835319519043
2019-08-01,17.455724716186523
2019-08-02,17.445430755615234
2019-08-05,17.085203170776367
2019-08-06,17.3167781829834
2019-08-07,17.2807559967041
2019-08-08,17.455724716186523
2019-08-09,17.342506408691406
2019-08-12,17.26531219482422
2019-08-13,17.32192611694336
2019-08-14,16.992570877075195
2019-08-15,17.04403305053711
2019-08-16,17.213857650756836
2019-08-19,17.373382568359375
2019-08-20,17.332216262817383
2019-08-21,17.445430755615234
2019-08-22,17.450576782226562
2019-08-23,17.311628341674805
2019-08-26,17.39396858215332
2019-08-27,17.378530502319336
2019-08-28,17.357948303222656
2019-08-29,17.471162796020508
2019-08-30,17.522626876831055
2019-09-03,17.419696807861328
2019-09-04,17.599817276000977
2019-09-05,17.779935836791992
2019-09-06,17.795368194580078
2019-09-09,17.94460105895996
2019-09-10,17.960050582885742
2019-09-11,18.02180290222168
2019-09-12,18.08355140686035
2019-09-13,18.150453567504883
2019-09-16,18.062971115112305
2019-09-17,18.12472152709961
2019-09-18,18.05782699584961
2019-09-19,18.07326316833496
2019-09-20,18.104141235351562
2019-09-23,18.104141235351562
2019-09-24,18.047531127929688
2019-09-25,18.01198959350586
2019-09-26,18.12697982788086
2019-09-27,18.1322078704834
2019-09-30,18.085163116455078
2019-10-01,17.902217864990234
2019-10-02,17.510202407836914
2019-10-03,17.52065658569336
2019-10-04,17.682689666748047
2019-10-07,17.68791961669922
2019-10-08,17.494524002075195
2019-10-09,17.552017211914062
2019-10-10,17.640878677368164
2019-10-11,17.902217864990234
2019-10-14,17.813365936279297
2019-10-15,17.938810348510742
2019-10-16,18.00676155090332
2019-10-17,18.04334831237793
2019-10-18,17.928354263305664
2019-10-21,18.022441864013672
2019-10-22,17.938810348510742
2019-10-23,17.917905807495117
2019-10-24,17.959716796875
2019-10-25,17.881315231323242
2019-10-28,18.01198959350586
2019-10-29,18.095617294311523
2019-10-30,18.116525650024414
2019-10-31,18.1060733795166
2019-11-01,18.236743927001953
2019-11-04,18.32560157775879
2019-11-05,18.336057662963867
2019-11-06,18.320375442504883
2019-11-07,18.278560638427734
2019-11-08,18.215835571289062
2019-11-11,18.241973876953125
2019-11-12,18.320375442504883
2019-11-13,18.26810646057129
2019-11-14,18.174022674560547
2019-11-15,18.231523513793945
2019-11-18,18.184476852416992
2019-11-19,18.226285934448242
2019-11-20,18.12697982788086
2019-11-21,18.085163116455078
2019-11-22,18.090394973754883
2019-11-25,18.231523513793945
2019-11-26,18.315153121948242
2019-11-27,18.388328552246094
2019-11-29,18.37787628173828
2019-12-02,18.236743927001953
2019-12-03,18.100847244262695
2019-12-04,18.252429962158203
2019-12-05,18.273334503173828
2019-12-06,18.36219024658203
2019-12-09,18.38309669494629
2019-12-10,18.414464950561523
2019-12-11,18.43537139892578
2019-12-12,18.52422332763672
2019-12-13,18.649673461914062
2019-12-16,18.827388763427734
2019-12-17,18.801252365112305
2019-12-18,18.764665603637695
2019-12-19,18.806480407714844
2019-12-20,18.722848892211914
2019-12-23,18.701942443847656
2019-12-24,18.691579818725586
2019-12-26,18.773391723632812
2019-12-27,18.806116104125977
2019-12-30,18.762487411499023
2019-12-31,18.849750518798828
2020-01-02,18.92610740661621
2020-01-03,18.915203094482422
2020-01-06,18.95883560180664
2020-01-07,18.844295501708984
2020-01-08,18.844295501708984
2020-01-09,18.800661087036133
2020-01-10,18.762487411499023
2020-01-13,18.86066246032715
2020-01-14,18.90974998474121
2020-01-15,18.964290618896484
2020-01-16,19.078826904296875
2020-01-17,19.06246566772461
2020-01-21,19.05155372619629
2020-01-22,19.138826370239258
2020-01-23,19.089736938476562
2020-01-24,18.991558074951172
2020-01-27,18.817026138305664
2020-01-28,18.90428924560547
2020-01-29,18.866117477416992
2020-01-30,18.942468643188477
2020-01-31,18.7679386138916
2020-02-03,18.817026138305664
2020-02-04,18.975200653076172
2020-02-05,19.078826904296875
2020-02-06,19.01338005065918
2020-02-07,18.942468643188477
2020-02-10,18.986108779907227
2020-02-11,19.046104431152344
2020-02-12,19.06246566772461
2020-02-13,19.1442813873291
2020-02-14,19.117006301879883
2020-02-18,19.106098175048828
2020-02-19,19.10064697265625
2020-02-20,19.117006301879883
2020-02-21,19.05155372619629
2020-02-24,18.538864135742188
2020-02-25,18.015256881713867
2020-02-26,17.998891830444336
2020-02-27,17.42074966430664
2020-02-28,16.924409866333008
2020-03-02,17.355295181274414
2020-03-03,17.278940200805664
2020-03-04,17.557104110717773
2020-03-05,17.066226959228516
2020-03-06,16.777151107788086
2020-03-09,15.369964599609375
2020-03-10,15.75721549987793
2020-03-11,14.971810340881348
2020-03-12,13.351905822753906
2020-03-13,14.000957489013672
2020-03-16,12.113801002502441
2020-03-17,11.606560707092285
2020-03-18,10.101197242736816
2020-03-19,10.592077255249023
2020-03-20,10.488446235656738
2020-03-23,9.730311393737793
2020-03-24,10.733885765075684
2020-03-25,11.380253791809082
2020-03-26,12.35476016998291
2020-03-27,11.96385383605957
2020-03-30,11.881269454956055
2020-03-31,11.721607208251953
2020-04-01,10.857213973999023
2020-04-02,10.9232816696167
2020-04-03,10.477319717407227
2020-04-06,11.204070091247559
2020-04-07,11.820708274841309
2020-04-08,12.277681350708008
2020-04-09,12.998923301696777
2020-04-13,12.861282348632812
2020-04-14,13.070501327514648
2020-04-15,12.448358535766602
2020-04-16,12.338245391845703
2020-04-17,12.712629318237305
2020-04-20,12.42082691192627
2020-04-21,12.118017196655273
2020-04-22,12.184082984924316
2020-04-23,12.261164665222168
2020-04-24,12.409815788269043
2020-04-27,12.998923301696777
2020-04-28,12.95488166809082
2020-04-29,13.488929748535156
2020-04-30,13.22465705871582
2020-05-01,12.762181282043457
2020-05-04,12.657572746276855
2020-05-05,12.663081169128418
2020-05-06,12.701619148254395
2020-05-07,12.877802848815918
2020-05-08,13.153079986572266
2020-05-11,13.103532791137695
2020-05-12,12.943866729736328
2020-05-13,12.57498836517334
2020-05-14,12.685102462768555
2020-05-15,12.756677627563477
2020-05-18,13.373311996459961
2020-05-19,13.378816604614258
2020-05-20,13.577022552490234
2020-05-21,13.593536376953125
2020-05-22,13.720171928405762
2020-05-26,14.243208885192871
2020-05-27,14.490966796875
2020-05-28,14.369840621948242
2020-05-29,14.28174877166748
2020-06-01,14.590066909790039
2020-06-02,14.727709770202637
2020-06-03,15.019514083862305
2020-06-04,14.986477851867676
2020-06-05,15.102099418640137
2020-06-08,15.685699462890625
2020-06-09,15.327829360961914
2020-06-10,15.063559532165527
2020-06-11,14.039502143859863
2020-06-12,14.441414833068848
2020-06-15,14.546029090881348
2020-06-16,14.70018196105957
2020-06-17,14.535011291503906
2020-06-18,14.386357307434082
2020-06-19,14.369840621948242
2020-06-22,14.42490005493164
2020-06-23,14.4083833694458
2020-06-24,14.04277229309082
2020-06-25,14.186797142028809
2020-06-26,13.95968246459961
2020-06-29,14.120322227478027
2020-06-30,14.292048454284668
2020-07-01,14.297588348388672
2020-07-02,14.292048454284668
2020-07-06,14.430536270141602
2020-07-07,14.087085723876953
2020-07-08,14.192338943481445
2020-07-09,13.904282569885254
2020-07-10,14.053851127624512
2020-07-13,14.031695365905762
2020-07-14,14.25881290435791
2020-07-15,14.430536270141602
2020-07-16,14.413921356201172
2020-07-17,14.458236694335938
2020-07-20,14.463777542114258
2020-07-21,14.546867370605469
2020-07-22,14.713054656982422
2020-07-23,14.679819107055664
2020-07-24,14.563486099243164
2020-07-27,14.61888599395752
2020-07-28,14.613346099853516
2020-07-29,14.729673385620117
2020-07-30,14.740755081176758
2020-07-31,14.67427921295166
2020-08-03,14.879244804382324
2020-08-04,14.934640884399414
2020-08-05,15.211615562438965
2020-08-06,15.289170265197754
2020-08-07,15.405497550964355
2020-08-10,15.627081871032715
2020-08-11,15.494133949279785
2020-08-12,15.599385261535645
2020-08-13,15.566146850585938
2020-08-14,15.488593101501465
2020-08-17,15.47751522064209
2020-08-18,15.438741683959961
2020-08-19,15.344562530517578
2020-08-20,15.322406768798828
2020-08-21,15.30578899383545
2020-08-24,15.549530029296875
2020-08-25,15.499678611755371
2020-08-26,15.53291130065918
2020-08-27,15.538454055786133
2020-08-28,15.676939010620117
2020-08-31,15.632623672485352
2020-09-01,15.638164520263672
2020-09-02,15.787727355957031
2020-09-03,15.416579246520996
2020-09-04,15.377808570861816
2020-09-08,15.250396728515625
2020-09-09,15.42765998840332
2020-09-10,15.31686782836914
2020-09-11,15.43320083618164
2020-09-14,15.610465049743652
2020-09-15,15.599385261535645
2020-09-16,15.69909954071045
2020-09-17,15.62154483795166
2020-09-18,15.56060791015625
2020-09-21,15.161758422851562
2020-09-22,15.178380012512207
2020-09-23,14.862199783325195
2020-09-24,14.827767372131348
2020-09-25,14.994179725646973
2020-09-28,15.39586067199707
2020-09-29,15.263882637023926
2020-09-30,15.367171287536621
2020-10-01,15.568011283874512
2020-10-02,15.654083251953125
2020-10-05,15.8147554397583
2020-10-06,15.688512802124023
2020-10-07,15.786066055297852
2020-10-08,15.88361644744873
2020-10-09,15.912310600280762
2020-10-12,15.895097732543945
2020-10-13,15.75737476348877
2020-10-14,15.717206001281738
2020-10-15,15.562273979187012
2020-10-16,15.539318084716797
2020-10-19,15.367171287536621
2020-10-20,15.436031341552734
2020-10-21,15.39586067199707
2020-10-22,15.493413925170898
2020-10-23,15.734420776367188
2020-10-26,15.401598930358887
2020-10-27,15.27535629272461
2020-10-28,14.79907512664795
2020-10-29,14.84498405456543
2020-10-30,14.678573608398438
2020-11-02,14.942535400390625
2020-11-03,15.304049491882324
2020-11-04,15.378644943237305
2020-11-05,15.786066055297852
2020-11-06,15.751638412475586
2020-11-09,16.1992244720459
2020-11-10,16.646812438964844
2020-11-11,16.755840301513672
2020-11-12,16.54352378845215
2020-11-13,16.859127044677734
2020-11-16,17.26654815673828
2020-11-17,17.295238494873047
2020-11-18,17.318191528320312
2020-11-19,17.444435119628906
2020-11-20,17.404268264770508
2020-11-23,17.576414108276367
2020-11-24,17.937929153442383
2020-11-25,17.92645263671875
2020-11-27,17.92070960998535
2020-11-30,17.673969268798828
2020-12-01,18.081384658813477
2020-12-02,18.11007308959961
2020-12-03,18.351085662841797
2020-12-04,18.500280380249023
2020-12-07,18.385517120361328
2020-12-08,18.414209365844727
2020-12-09,18.35682487487793
2020-12-10,18.316654205322266
2020-12-11,18.287967681884766
2020-12-14,18.287967681884766
2020-12-15,18.465852737426758
2020-12-16,18.494543075561523
2020-12-17,18.63226318359375
2020-12-18,18.528972625732422
2020-12-21,18.305179595947266
2020-12-22,18.24205780029297
2020-12-23,18.47621726989746
2020-12-24,18.47621726989746
2020-12-28,18.435441970825195
2020-12-29,18.61600685119629
2020-12-30,18.621837615966797
2020-12-31,18.63348388671875
2021-01-04,18.610185623168945
2021-01-05,18.81405258178711
2021-01-06,19.01792335510254
2021-01-07,19.047046661376953
2021-01-08,19.12276840209961
2021-01-11,18.866472244262695
2021-01-12,18.948022842407227
2021-01-13,18.889774322509766
2021-01-14,19.04121971130371
2021-01-15,18.936372756958008
2021-01-19,19.000444412231445
2021-01-20,19.157718658447266
2021-01-21,19.204313278198242
2021-01-22,19.10529136657715
2021-01-25,19.047046661376953
2021-01-26,19.186838150024414
2021-01-27,18.889774322509766
2021-01-28,18.86065101623535
2021-01-29,18.650957107543945
2021-02-01,18.901426315307617
2021-02-02,19.28003692626953
2021-02-03,19.36740493774414
2021-02-04,19.448951721191406
2021-02-05,19.821741104125977
2021-02-08,19.79261589050293
2021-02-09,19.763492584228516
2021-02-10,19.868337631225586
2021-02-11,19.926589965820312
2021-02-12,19.973186492919922
2021-02-16,20.15375328063965
2021-02-17,20.002304077148438
2021-02-18,19.984832763671875
2021-02-19,19.961536407470703
2021-02-22,19.996484756469727
2021-02-23,19.868337631225586
2021-02-24,20.293548583984375
2021-02-25,19.95570945739746
2021-02-26,19.996484756469727
2021-03-01,20.39257049560547
2021-03-02,20.567312240600586
2021-03-03,20.549840927124023
2021-03-04,20.270248413085938
2021-03-05,20.316848754882812
2021-03-08,20.380918502807617
2021-03-09,20.654685974121094
2021-03-10,20.759531021118164
2021-03-11,21.027469635009766
2021-03-12,21.12649154663086
2021-03-15,21.1730899810791
2021-03-16,21.120668411254883
2021-03-17,21.248811721801758
2021-03-18,20.846899032592773
2021-03-19,20.841075897216797
2021-03-22,20.870201110839844
2021-03-23,20.5347843170166
2021-03-24,20.499164581298828
2021-03-25,20.665388107299805
2021-03-26,20.861295700073242
2021-03-29,20.772247314453125
2021-03-30,20.843486785888672
2021-03-31,20.819744110107422
2021-04-01,21.19968605041504
2021-04-05,21.49651336669922
2021-04-06,21.443086624145508
2021-04-07,21.56181526184082
2021-04-08,21.722108840942383
2021-04-09,21.757726669311523
2021-04-12,21.722108840942383
2021-04-13,21.78147315979004
2021-04-14,21.66867446899414
2021-04-15,21.793346405029297
2021-04-16,21.97738265991211
2021-04-19,21.93582534790039
2021-04-20,21.69242286682129
2021-04-21,21.823030471801758
2021-04-22,21.728042602539062
2021-04-23,21.918012619018555
2021-04-26,22.107990264892578
2021-04-27,22.173294067382812
2021-04-28,22.21484375
2021-04-29,22.303890228271484
2021-04-30,22.078304290771484
2021-05-03,22.29201889038086
2021-05-04,21.953632354736328
2021-05-05,22.06049919128418
2021-05-06,22.131738662719727
2021-05-07,22.3454532623291
2021-05-10,22.238590240478516
2021-05-11,21.947702407836914
2021-05-12,21.449026107788086
2021-05-13,21.83490562438965
2021-05-14,22.25640296936035
2021-05-17,22.268274307250977
2021-05-18,22.327638626098633
2021-05-19,22.137672424316406
2021-05-20,22.33951187133789
2021-05-21,22.3454532623291
2021-05-24,22.416690826416016
2021-05-25,22.303890228271484
2021-05-26,22.41075325012207
2021-05-27,22.600725173950195
2021-05-28,22.630403518676758
2021-06-01,22.873809814453125
2021-06-02,22.950990676879883
2021-06-03,22.79663848876953
2021-06-04,22.861936569213867
2021-06-07,22.95692253112793
2021-06-08,22.95692253112793
2021-06-09,22.885683059692383
2021-06-10,22.78476333618164
2021-06-11,22.9747314453125
2021-06-14,22.9747314453125
2021-06-15,22.832256317138672
2021-06-16,22.814443588256836
2021-06-17,22.56510353088379
2021-06-18,22.107990264892578
2021-06-21,22.529489517211914
2021-06-22,22.582935333251953
2021-06-23,22.52764892578125
2021-06-24,22.656660079956055
2021-06-25,22.613651275634766
2021-06-28,22.564504623413086
2021-06-29,22.466215133666992
2021-06-30,22.41092300415039
2021-07-01,22.546079635620117
2021-07-02,22.72422981262207
2021-07-06,22.73651885986328
2021-07-07,22.662797927856445
2021-07-08,22.36177635192871
2021-07-09,22.6689453125
2021-07-12,22.847095489501953
2021-07-13,22.75494956970215
2021-07-14,22.675085067749023
2021-07-15,22.417064666748047
2021-07-16,22.392492294311523
2021-07-19,22.01774787902832
2021-07-20,22.300338745117188
2021-07-21,22.72422981262207
2021-07-22,22.871671676635742
2021-07-23,23.012968063354492
2021-07-26,23.14812469482422
2021-07-27,23.160409927368164
2021-07-28,23.32013702392578
2021-07-29,23.40614128112793
2021-07-30,23.301706314086914
2021-08-02,23.46757698059082
2021-08-03,23.535154342651367
2021-08-04,23.590444564819336
2021-08-05,23.756315231323242
2021-08-06,23.71945571899414
2021-08-09,23.584304809570312
2021-08-10,23.799320220947266
2021-08-11,23.94675636291504
2021-08-12,23.891468048095703
2021-08-13,23.96518898010254
2021-08-16,23.848464965820312
2021-08-17,23.584304809570312
2021-08-18,23.535154342651367
2021-08-19,23.043685913085938
2021-08-20,23.28942108154297
2021-08-23,23.40614128112793
2021-08-24,23.461437225341797
2021-08-25,23.57201385498047
2021-08-26,23.443004608154297
2021-08-27,23.682594299316406
2021-08-30,23.651880264282227
2021-08-31,23.578157424926758
2021-09-01,23.8177490234375
2021-09-02,23.94675636291504
2021-09-03,23.928333282470703
2021-09-07,23.823890686035156
2021-09-08,23.694881439208984
2021-09-09,23.799320220947266
2021-09-10,23.682594299316406
2021-09-13,23.688737869262695
2021-09-14,23.584304809570312
2021-09-15,23.756315231323242
2021-09-16,23.71331024169922
2021-09-17,23.639591217041016
2021-09-20,23.09897804260254
2021-09-21,23.369281768798828
2021-09-22,23.560640335083008
2021-09-23,23.79587173461914
2021-09-24,23.522497177124023
2021-09-27,23.477994918823242
2021-09-28,23.141050338745117
2021-09-29,23.06476402282715
2021-09-30,23.121978759765625
2021-10-01,23.293628692626953
2021-10-04,23.166479110717773
2021-10-05,23.26819610595703
2021-10-06,23.141050338745117
2021-10-07,23.24277114868164
2021-10-08,23.37627410888672
2021-10-11,23.32541847229004
2021-10-12,23.477994918823242
2021-10-13,23.732295989990234
2021-10-14,23.853086471557617
2021-10-15,23.884868621826172
2021-10-18,23.764080047607422
2021-10-19,23.916654586791992
2021-10-20,23.929372787475586
2021-10-21,24.094669342041016
2021-10-22,24.08831024169922
2021-10-25,24.10738182067871
2021-10-26,24.08831024169922
2021-10-27,24.0501651763916
2021-10-28,24.285390853881836
2021-10-29,24.081954956054688
2021-11-01,24.13916778564453
2021-11-02,24.081954956054688
2021-11-03,24.164596557617188
2021-11-04,24.164596557617188
2021-11-05,24.202743530273438
2021-11-08,24.323530197143555
2021-11-09,24.25360870361328
2021-11-10,24.062881469726562
2021-11-11,24.291748046875
2021-11-12,24.412540435791016
2021-11-15,24.348962783813477
2021-11-16,24.285390853881836
2021-11-17,24.22181510925293
2021-11-18,24.285390853881836
2021-11-19,23.986587524414062
2021-11-22,23.77679443359375
2021-11-23,23.516141891479492
2021-11-24,23.45892333984375
2021-11-26,22.943973541259766
2021-11-29,23.24277114868164
2021-11-30,22.982118606567383
2021-12-01,22.867679595947266
2021-12-02,23.160123825073242
2021-12-03,22.785037994384766
2021-12-06,22.97575569152832
2021-12-07,23.401700973510742
2021-12-08,23.24277114868164
2021-12-09,23.141050338745117
2021-12-10,23.172840118408203
2021-12-13,22.950328826904297
2021-12-14,22.734174728393555
2021-12-15,22.92490005493164
2021-12-16,22.950328826904297
2021-12-17,22.715105056762695
2021-12-20,22.600669860839844
2021-12-21,22.943973541259766
2021-12-22,23.179197311401367
2021-12-23,23.475637435913086
2021-12-27,23.648841857910156
2021-12-28,23.74876594543457
2021-12-29,23.8087215423584
2021-12-30,23.84868621826172
2021-12-31,23.915307998657227
2022-01-03,24.035219192504883
2022-01-04,24.22174644470215
2022-01-05,23.795398712158203
2022-01-06,23.65550422668457
2022-01-07,23.762088775634766
2022-01-10,23.422346115112305
2022-01-11,23.762088775634766
2022-01-12,24.05520248413086
2022-01-13,23.728778839111328
2022-01-14,23.515607833862305
2022-01-18,23.182527542114258
2022-01-19,23.215835571289062
2022-01-20,22.982675552368164
2022-01-21,22.536344528198242
2022-01-24,21.870187759399414
2022-01-25,22.00341033935547
2022-01-26,22.030061721801758
2022-01-27,22.043384552001953
2022-01-28,21.97010612487793
2022-01-31,22.6096248626709
2022-02-01,22.842782974243164
2022-02-02,23.049293518066406
2022-02-03,22.622949600219727
2022-02-04,22.562992095947266
2022-02-07,22.529685974121094
2022-02-08,22.642932891845703
2022-02-09,22.949371337890625
2022-02-10,22.629610061645508
2022-02-11,22.316511154174805
2022-02-14,22.156633377075195
2022-02-15,22.336496353149414
2022-02-16,22.416439056396484
2022-02-17,22.00341033935547
2022-02-18,21.843534469604492
2022-02-22,21.623703002929688
2022-02-23,21.350568771362305
2022-02-24,21.184030532836914
2022-02-25,21.670331954956055
2022-02-28,21.517112731933594
2022-03-01,21.137399673461914
2022-03-02,21.597055435180664
2022-03-03,21.21068000793457
2022-03-04,20.67774772644043
2022-03-07,19.98493766784668
2022-03-08,20.2114315032959
2022-03-09,20.857614517211914
2022-03-10,20.74436378479004
2022-03-11,20.771011352539062
2022-03-14,20.77766990661621
2022-03-15,20.797657012939453
2022-03-16,21.450498580932617
2022-03-17,21.54376220703125
2022-03-18,21.730287551879883
2022-03-21,21.60371971130371
2022-03-22,21.830211639404297
2022-03-23,21.486141204833984
2022-03-24,21.392606735229492
2022-03-25,21.566308975219727
2022-03-28,21.579673767089844
2022-03-29,22.0673828125
2022-03-30,21.94045066833496
2022-03-31,21.77342414855957
2022-04-01,21.95380973815918
2022-04-04,21.973857879638672
2022-04-05,21.873641967773438
2022-04-06,21.566308975219727
2022-04-07,21.613079071044922
2022-04-08,21.666528701782227
2022-04-11,21.419328689575195
2022-04-12,21.27234649658203
2022-04-13,21.552947998046875
2022-04-14,21.579673767089844
2022-04-18,21.512866973876953
2022-04-19,21.646484375
2022-04-20,21.77342414855957
2022-04-21,21.385921478271484
2022-04-22,20.938295364379883
2022-04-25,20.784635543823242
2022-04-26,19.83592987060547
2022-04-27,19.829246520996094
2022-04-28,20.216747283935547
2022-04-29,19.956188201904297
2022-05-02,19.74907684326172
2022-05-03,19.87601661682129
2022-05-04,20.136573791503906
2022-05-05,19.468473434448242
2022-05-06,19.388303756713867
2022-05-09,18.61998748779297
2022-05-10,18.887224197387695
2022-05-11,18.793689727783203
2022-05-12,18.493045806884766
2022-05-13,19.03420639038086
2022-05-16,19.2145938873291
2022-05-17,19.568689346313477
2022-05-18,18.954036712646484
2022-05-19,18.733566284179688
2022-05-20,18.546491622924805
2022-05-23,18.96739959716797
2022-05-24,18.827096939086914
2022-05-25,19.067615509033203
2022-05-26,19.44843101501465
2022-05-27,19.75575828552246
2022-05-31,19.729032516479492
2022-06-01,19.508562088012695
2022-06-02,19.896059036254883
2022-06-03,19.628814697265625
2022-06-06,19.815887451171875
2022-06-07,19.74907684326172
2022-06-08,19.51523780822754
2022-06-09,18.940671920776367
2022-06-10,18.753604888916016
2022-06-13,17.8717098236084
2022-06-14,17.69132423400879
2022-06-15,17.998653411865234
2022-06-16,17.230331420898438
2022-06-17,17.33723258972168
2022-06-21,17.57106590270996
2022-06-22,17.57106590270996
2022-06-23,17.544343948364258
2022-06-24,18.00533103942871
2022-06-27,18.08550453186035
2022-06-28,17.844987869262695
2022-06-29,17.70468521118164
2022-06-30,17.664600372314453
2022-07-01,17.844987869262695
2022-07-05,17.758134841918945
2022-07-06,17.778179168701172
2022-07-07,17.94520378112793
2022-07-08,18.0454158782959
2022-07-11,17.71137046813965
2022-07-12,17.95856475830078
2022-07-13,17.85167121887207
2022-07-14,17.61115264892578
2022-07-15,17.818265914916992
2022-07-18,17.95856475830078
2022-07-19,18.31265640258789
2022-07-20,18.392833709716797
2022-07-21,18.720199584960938
2022-07-22,18.626667022705078
2022-07-25,18.64670753479004
2022-07-26,18.452960968017578
2022-07-27,18.88054656982422
2022-07-28,19.187870025634766
2022-07-29,19.435070037841797
2022-08-01,19.3148136138916
2022-08-02,19.087657928466797
2022-08-03,19.328170776367188
2022-08-04,19.374942779541016
2022-08-05,19.147785186767578
2022-08-08,19.328170776367188
2022-08-09,19.127744674682617
2022-08-10,19.628814697265625
2022-08-11,19.521921157836914
2022-08-12,19.662221908569336
2022-08-15,19.44843101501465
2022-08-16,19.508562088012695
2022-08-17,19.18118667602539
2022-08-18,19.17450714111328
2022-08-19,18.800371170043945
2022-08-22,18.4195556640625
2022-08-23,18.506410598754883
2022-08-24,18.613304138183594
2022-08-25,18.793689727783203
2022-08-26,18.332698822021484
2022-08-29,18.232486724853516
2022-08-30,18.065460205078125
2022-08-31,18.038738250732422
2022-09-01,17.551023483276367
2022-09-02,17.490894317626953
2022-09-06,17.430767059326172
2022-09-07,17.65791893005371
2022-09-08,17.65791893005371
2022-09-09,18.0454158782959
2022-09-12,18.299293518066406
2022-09-13,17.684642791748047
2022-09-14,17.631195068359375
2022-09-15,17.52429962158203
2022-09-16,17.39735984802246
2022-09-19,17.457487106323242
2022-09-20,17.03658676147461
2022-09-21,17.0031795501709
2022-09-22,16.615684509277344
2022-09-23,16.094560623168945
2022-09-26,15.573444366455078
2022-09-27,15.633567810058594
2022-09-28,16.034435272216797
2022-09-29,15.47990894317627
2022-09-30,15.620209693908691
2022-10-03,16.007709503173828
2022-10-04,16.902963638305664
2022-10-05,16.555551528930664
2022-10-06,16.361799240112305
2022-10-07,16.007709503173828
2022-10-10,15.753829956054688
2022-10-11,15.526678085327148
2022-10-12,15.566761016845703
2022-10-13,16.06783676147461
2022-10-14,15.854047775268555
2022-10-17,16.32171630859375
2022-10-18,16.462018966674805
2022-10-19,16.014387130737305
2022-10-20,16.027753829956055
2022-10-21,16.081199645996094
2022-10-24,16.294992446899414
2022-10-25,16.9296875
2022-10-26,17.110074996948242
2022-10-27,17.023221969604492
2022-10-28,17.26373863220215
2022-10-31,16.96977424621582
2022-11-01,17.196931838989258
2022-11-02,16.936370849609375
2022-11-03,16.796066284179688
2022-11-04,17.270418167114258
2022-11-07,17.52429962158203
2022-11-08,17.510934829711914
2022-11-09,17.22365951538086
2022-11-10,18.08550453186035
2022-11-11,18.452960968017578
2022-11-14,18.16567611694336
2022-11-15,18.25252914428711
2022-11-16,18.05878257751465
2022-11-17,18.018692016601562
2022-11-18,18.092187881469727
2022-11-21,18.072141647338867
2022-11-22,18.279251098632812
2022-11-23,18.533132553100586
2022-11-25,18.72688102722168
2022-11-28,18.21912384033203
2022-11-29,18.26589012145996
2022-11-30,18.49972915649414
2022-12-01,18.713518142700195
2022-12-02,18.533132553100586
2022-12-05,18.272573471069336
2022-12-06,17.8717098236084
2022-12-07,17.905115127563477
2022-12-08,17.99197006225586
2022-12-09,18.02537727355957
2022-12-12,18.08550453186035
2022-12-13,18.339384078979492
2022-12-14,18.28593635559082
2022-12-15,17.8717098236084
2022-12-16,17.591110229492188
2022-12-19,17.390674591064453
2022-12-20,17.43744468688965
2022-12-21,17.65123748779297
2022-12-22,17.48049545288086
2022-12-23,17.697311401367188
2022-12-27,17.663436889648438
2022-12-28,17.446624755859375
2022-12-29,17.819265365600586
2022-12-30,17.704086303710938
2023-01-03,17.8260440826416
2023-01-04,18.10383415222168
2023-01-05,17.893796920776367
2023-01-06,18.130931854248047
2023-01-09,18.232566833496094
2023-01-10,18.286766052246094
2023-01-11,18.67974281311035
2023-01-12,18.86945343017578
2023-01-13,18.883005142211914
2023-01-17,19.011737823486328
2023-01-18,18.916879653930664
2023-01-19,18.6865177154541
2023-01-20,18.8626766204834
2023-01-23,19.255651473999023
2023-01-24,19.18789291381836
2023-01-25,19.140466690063477
2023-01-26,19.533443450927734
2023-01-27,19.655397415161133
2023-01-30,19.303075790405273
2023-01-31,19.24209976196289
2023-02-01,19.567317962646484
2023-02-02,20.014493942260742
2023-02-03,19.689273834228516
2023-02-06,19.452133178710938
2023-02-07,19.59441566467285
2023-02-08,19.364057540893555
2023-02-09,19.23532485961914
2023-02-10,19.201446533203125
2023-02-13,19.397933959960938
2023-02-14,19.41148567199707
2023-02-15,19.330181121826172
2023-02-16,19.303075790405273
2023-02-17,19.404708862304688
2023-02-21,18.971084594726562
2023-02-22,18.97785758972168
2023-02-23,19.160797119140625
2023-02-24,19.052387237548828
2023-02-27,19.336957931518555
2023-02-28,19.275978088378906
2023-03-01,19.343730926513672
2023-03-02,19.303075790405273
2023-03-03,19.445358276367188
2023-03-06,19.465686798095703
2023-03-07,19.07948875427246
2023-03-08,19.194673538208008
2023-03-09,18.605215072631836
2023-03-10,17.87346649169922
2023-03-13,17.690536499023438
2023-03-14,18.12415885925293
2023-03-15,17.595680236816406
2023-03-16,17.880247116088867
2023-03-17,17.534698486328125
2023-03-20,17.758289337158203
2023-03-21,18.24611473083496
2023-03-22,18.0347957611084
2023-03-23,17.972444534301758
2023-03-24,17.917011260986328
2023-03-27,18.187223434448242
2023-03-28,18.117942810058594
2023-03-29,18.33965301513672
2023-03-30,18.512863159179688
2023-03-31,18.609861373901367
2023-04-03,18.693002700805664
2023-04-04,18.623720169067383
2023-04-05,18.436649322509766
2023-04-06,18.61678695678711
2023-04-10,18.52672004699707
2023-04-11,18.644502639770508
2023-04-12,18.76922035217285
2023-04-13,19.025571823120117
2023-04-14,18.942426681518555
2023-04-17,18.859285354614258
2023-04-18,18.824644088745117
2023-04-19,18.873144149780273
2023-04-20,18.755359649658203
2023-04-21,18.907787322998047
2023-04-24,19.004783630371094
2023-04-25,18.762287139892578
2023-04-26,18.69993019104004
2023-04-27,18.990928649902344
2023-04-28,19.171064376831055
2023-05-01,19.094852447509766
2023-05-02,18.78307342529297
2023-05-03,18.824644088745117
2023-05-04,18.637577056884766
2023-05-05,19.122568130493164
2023-05-08,19.226491928100586
2023-05-09,18.977067947387695
2023-05-10,18.97014045715332
2023-05-11,18.97014045715332
2023-05-12,18.8939266204834
2023-05-15,19.11564064025879
2023-05-16,18.91471290588379
2023-05-17,19.0394287109375
2023-05-18,19.07406997680664
2023-05-19,19.21956443786621
2023-05-22,19.274991989135742
2023-05-23,19.184926986694336
2023-05-24,18.997852325439453
2023-05-25,18.873144149780273
2023-05-26,19.101781845092773
2023-05-30,19.226491928100586
2023-05-31,19.171064376831055
2023-06-01,19.268064498901367
2023-06-02,19.42742156982422
2023-06-05,19.44127655029297
2023-06-06,19.600631713867188
2023-06-07,19.63527488708496
2023-06-08,19.780771255493164
2023-06-09,19.801555633544922
2023-06-12,19.787700653076172
2023-06-13,19.891626358032227
2023-06-14,19.801555633544922
2023-06-15,19.898555755615234
2023-06-16,19.84312629699707
2023-06-20,19.572917938232422
2023-06-21,19.49932289123535
2023-06-22,19.28496551513672
2023-06-23,19.08489990234375
2023-06-26,19.163496017456055
2023-06-27,19.327836990356445
2023-06-28,19.477886199951172
2023-06-29,19.58506202697754
2023-06-30,19.777984619140625
2023-07-03,19.756553649902344
2023-07-05,19.52075958251953
2023-07-06,19.42786979675293
2023-07-07,19.556482315063477
2023-07-10,19.556482315063477
2023-07-11,19.692243576049805
2023-07-12,19.99234390258789
2023-07-13,20.199556350708008
2023-07-14,20.092376708984375
2023-07-17,20.142391204833984
2023-07-18,20.29958724975586
2023-07-19,20.44963836669922
2023-07-20,20.27815055847168
2023-07-21,20.313880920410156
2023-07-24,20.37104034423828
2023-07-25,20.399620056152344
2023-07-26,20.58539390563965
2023-07-27,20.335311889648438
2023-07-28,20.34246063232422
2023-07-31,20.321025848388672
2023-08-01,20.235279083251953
2023-08-02,19.98519515991211
2023-08-03,19.97090721130371
2023-08-04,20.092376708984375
2023-08-07,20.256715774536133
2023-08-08,20.16382598876953
2023-08-09,20.2424259185791
2023-08-10,20.178117752075195
2023-08-11,20.078086853027344
2023-08-14,20.092376708984375
2023-08-15,19.928035736083984
2023-08-16,19.89230728149414
2023-08-17,19.656518936157227
2023-08-18,19.720823287963867
2023-08-21,19.635082244873047
2023-08-22,19.463594436645508
2023-08-23,19.599353790283203
2023-08-24,19.52075958251953
2023-08-25,19.549339294433594
2023-08-28,19.706533432006836
2023-08-29,19.92089080810547
2023-08-30,20.006633758544922
2023-08-31,19.97090721130371
2023-09-01,19.956615447998047
2023-09-05,19.79227638244629
2023-09-06,19.656518936157227
2023-09-07,19.656518936157227
2023-09-08,19.7351131439209
2023-09-11,19.906600952148438
2023-09-12,19.813711166381836
2023-09-13,19.785133361816406
2023-09-14,19.906600952148438
2023-09-15,19.97090721130371
2023-09-18,19.87801742553711
2023-09-19,19.88516616821289
2023-09-20,19.846952438354492
2023-09-21,19.62967872619629
2023-09-22,19.637170791625977
2023-09-25,19.66714096069336
2023-09-26,19.41240119934082
2023-09-27,19.4049129486084
2023-09-28,19.592220306396484
2023-09-29,19.59971046447754
2023-10-02,19.210111618041992
2023-10-03,18.947885513305664
2023-10-04,18.94039535522461
2023-10-05,19.02280616760254
2023-10-06,19.187637329101562
2023-10-09,19.25506591796875
2023-10-10,19.389925003051758
2023-10-11,19.472341537475586
2023-10-12,19.352462768554688
2023-10-13,19.172653198242188
2023-10-16,19.479835510253906
2023-10-17,19.41989517211914
2023-10-18,19.09773063659668
2023-10-19,18.85797691345215
2023-10-20,18.648195266723633
2023-10-23,18.61073112487793
2023-10-24,18.663179397583008
2023-10-25,18.438413619995117
2023-10-26,18.400951385498047
2023-10-27,18.19866180419922
2023-10-30,18.43092155456543
2023-10-31,18.475872039794922
2023-11-01,18.760578155517578
2023-11-02,19.240081787109375
2023-11-03,19.509803771972656
2023-11-06,19.359956741333008
2023-11-07,19.285036087036133
2023-11-08,19.344972610473633
2023-11-09,19.38243293762207
2023-11-10,19.44986343383789
2023-11-13,19.45735740661621
2023-11-14,19.95933723449707
2023-11-15,20.04924201965332
2023-11-16,19.89940071105957
2023-11-17,20.07172393798828
2023-11-20,20.116674423217773
2023-11-21,20.09419822692871
2023-11-22,20.206581115722656
2023-11-24,20.453824996948242
2023-11-27,20.416364669799805
2023-11-28,20.401376724243164
2023-11-29,20.46881103515625
2023-11-30,20.536237716674805
2023-12-01,20.738529205322266
2023-12-04,20.64113426208496
2023-12-05,20.618654251098633
2023-12-06,20.678592681884766
2023-12-07,20.783483505249023
2023-12-08,20.880884170532227
2023-12-11,20.86590003967285
2023-12-12,20.91834259033203
2023-12-13,21.128128051757812
2023-12-14,21.450294494628906
2023-12-15,21.300453186035156
2023-12-18,21.3753719329834
2023-12-19,21.60763168334961
2023-12-20,21.456689834594727
2023-12-21,21.596017837524414
2023-12-22,21.712127685546875
2023-12-26,21.85919761657715
2023-12-27,21.928861618041992
2023-12-28,21.89015769958496
2023-12-29,21.797269821166992
2024-01-02,21.541837692260742
2024-01-03,21.4334716796875
2024-01-04,21.750831604003906
2024-01-05,21.61924171447754
2024-01-08,21.812753677368164
2024-01-09,21.63472557067871
2024-01-10,21.74308967590332
2024-01-11,21.72760772705078
2024-01-12,21.75857162475586
2024-01-16,21.47991180419922
2024-01-17,21.456689834594727
2024-01-18,21.72760772705078
2024-01-19,21.805011749267578
2024-01-22,21.99852752685547
2024-01-23,22.0372314453125
2024-01-24,22.0372314453125
2024-01-25,22.192039489746094
2024-01-26,22.377811431884766
2024-01-29,22.30814552307129
2024-01-30,22.362327575683594
2024-01-31,22.091413497924805
2024-02-01,21.89790153503418
2024-02-02,21.828235626220703
2024-02-05,21.611499786376953
2024-02-06,21.63472557067871
2024-02-07,21.6966495513916
2024-02-08,21.681167602539062
2024-02-09,21.665685653686523
2024-02-12,21.797269821166992
2024-02-13,21.46442985534668
2024-02-14,21.704387664794922
2024-02-15,21.959823608398438
2024-02-16,22.114633560180664
2024-02-20,22.04496955871582
2024-02-21,21.99852752685547
2024-02-22,22.19978141784668
2024-02-23,22.153339385986328
2024-02-26,22.176559448242188
2024-02-27,22.192039489746094
2024-02-28,22.091413497924805
2024-02-29,22.20751953125
2024-03-01,22.339111328125
2024-03-04,22.277185440063477
2024-03-05,22.20751953125
2024-03-06,22.377811431884766
2024-03-07,22.57132339477539
2024-03-08,22.486177444458008
2024-03-11,22.617767333984375
2024-03-12,22.8499813079834
2024-03-13,22.811277389526367
2024-03-14,22.509397506713867
2024-03-15,22.610027313232422
2024-03-18,22.33136749267578
2024-03-19,22.38555145263672
2024-03-20,22.60238265991211
2024-03-21,22.877351760864258
2024-03-22,22.783079147338867
2024-03-25,22.853784561157227
2024-03-26,22.900920867919922
2024-03-27,23.042333602905273
2024-03-28,23.183744430541992
2024-04-01,23.018760681152344
2024-04-02,22.9166316986084
2024-04-03,23.010908126831055
2024-04-04,22.77522087097168
2024-04-05,23.010908126831055
2024-04-08,23.14446449279785
2024-04-09,23.183744430541992
2024-04-10,22.98733901977539
2024-04-11,23.13661003112793
2024-04-12,22.728084564208984
2024-04-15,22.673091888427734
2024-04-16,22.60238265991211
2024-04-17,22.75950813293457
2024-04-18,22.74379539489746
2024-04-19,22.83021354675293
2024-04-22,23.02661895751953
2024-04-23,23.301586151123047
2024-04-24,23.278017044067383
2024-04-25,23.081615447998047
2024-04-26,23.3094425201416
2024-04-29,23.41943359375
2024-04-30,23.16017723083496
2024-05-01,23.223026275634766
2024-05-02,23.254451751708984
2024-05-03,23.521560668945312
2024-05-06,23.65511703491211
2024-05-07,23.62369155883789
2024-05-08,23.60012435913086
2024-05-09,23.68654441833496
2024-05-10,23.647260665893555
2024-05-13,23.694400787353516
2024-05-14,23.90651512145996
2024-05-15,23.843669891357422
2024-05-16,23.694400787353516
2024-05-17,23.639406204223633
2024-05-20,23.694400787353516
2024-05-21,23.765106201171875
2024-05-22,23.576557159423828
2024-05-23,23.380151748657227
2024-05-24,23.68654441833496
2024-05-28,23.662975311279297
2024-05-29,23.497995376586914
2024-05-30,23.662975311279297
2024-05-31,23.812244415283203
2024-06-03,23.98508071899414
2024-06-04,23.953655242919922
2024-06-05,23.922231674194336
2024-06-06,23.875093460083008
2024-06-07,23.71796989440918
2024-06-10,23.694400787353516
2024-06-11,23.568700790405273
2024-06-12,23.843669891357422
2024-06-13,23.568700790405273
2024-06-14,23.388010025024414
2024-06-17,23.474424362182617
2024-06-18,23.537273406982422
2024-06-20,23.60012435913086
2024-06-21,23.49013900756836
2024-06-24,23.772960662841797
2024-06-25,23.576557159423828
2024-06-26,23.41377830505371
2024-06-27,23.41377830505371
2024-06-28,23.463104248046875
2024-07-01,23.397335052490234
2024-07-02,23.72618293762207
2024-07-03,23.882381439208984
2024-07-05,24.013917922973633
2024-07-08,23.92348861694336
2024-07-09,23.742624282836914
2024-07-10,23.981035232543945
2024-07-11,24.186567306518555
2024-07-12,24.235891342163086
2024-07-15,24.25233268737793
2024-07-16,24.334545135498047
2024-07-17,24.301660537719727
2024-07-18,24.022138595581055
2024-07-19,23.907045364379883
2024-07-22,24.194786071777344
2024-07-23,24.063247680664062
2024-07-24,23.759063720703125
2024-07-25,23.742624282836914
2024-07-26,24.038585662841797
2024-07-29,23.948150634765625
2024-07-30,24.063247680664062
2024-07-31,24.12079429626465
2024-08-01,23.709741592407227
2024-08-02,22.953393936157227
2024-08-05,22.205272674560547
2024-08-06,22.558780670166016
2024-08-07,22.46834945678711
2024-08-08,22.632770538330078
2024-08-09,22.69854164123535
2024-08-12,22.714982986450195
2024-08-13,22.87118148803711
2024-08-14,22.969839096069336
2024-08-15,23.257577896118164
2024-08-16,23.298683166503906
2024-08-19,23.54531478881836
2024-08-20,23.487768173217773
2024-08-21,23.627527236938477
2024-08-22,23.66041374206543
2024-08-23,23.882381439208984
2024-08-26,23.890602111816406
2024-08-27,23.997478485107422
2024-08-28,23.759063720703125
2024-08-29,23.841278076171875
2024-08-30,23.948150634765625
2024-09-03,23.578203201293945
2024-09-04,23.56998062133789
2024-09-05,23.611082077026367
2024-09-06,23.30690574645996
2024-09-09,23.364452362060547
2024-09-10,23.298683166503906
2024-09-11,23.33978843688965
2024-09-12,23.627527236938477
2024-09-13,23.849498748779297
2024-09-16,23.948150634765625
2024-09-17,23.874160766601562
2024-09-18,23.874160766601562
2024-09-19,24.25233268737793
2024-09-20,24.145458221435547
2024-09-23,24.219449996948242
2024-09-24,24.342763900756836
2024-09-25,24.037689208984375
2024-09-26,24.4747371673584
2024-09-27,24.534725189208984
2024-09-30,24.389041900634766
2024-10-01,24.140522003173828
2024-10-02,24.149093627929688
2024-10-03,24.089107513427734
2024-10-04,24.32905387878418
2024-10-07,24.123382568359375
2024-10-08,24.063396453857422
2024-10-09,24.123382568359375
2024-10-10,24.063396453857422
2024-10-11,24.1747989654541
2024-10-14,24.20907974243164
2024-10-15,24.157663345336914
2024-10-16,24.20907974243164
2024-10-17,24.35476303100586
2024-10-18,24.440458297729492
2024-10-21,24.39760971069336
2024-10-22,24.226221084594727
2024-10-23,23.969131469726562
2024-10-24,24.09767723083496
2024-10-25,23.986270904541016
2024-10-28,24.234790802001953
2024-10-29,24.020549774169922
2024-10-30,24.020549774169922
2024-10-31,23.840587615966797
2024-11-01,23.68633460998535
2024-11-04,23.626346588134766
2024-11-05,23.78917121887207
2024-11-06,24.11481285095215
2024-11-07,24.346193313598633
2024-11-08,24.234790802001953
2024-11-11,24.526153564453125
2024-11-12,24.2176513671875
2024-11-13,24.1319522857666
2024-11-14,24.1747989654541
2024-11-15,24.09767723083496
2024-11-18,24.2176513671875
2024-11-19,24.31191635131836
2024-11-20,24.080535888671875
2024-11-21,24.20907974243164
2024-11-22,24.423320770263672
2024-11-25,24.663270950317383
2024-11-26,24.569000244140625
2024-11-27,24.714683532714844
2024-11-29,24.928926467895508
2024-12-02,24.791812896728516
2024-12-03,24.78324317932129
2024-12-04,24.85179901123047
2024-12-05,24.954635620117188
2024-12-06,24.94606590270996
2024-12-09,24.96320343017578
2024-12-10,24.894643783569336
2024-12-11,24.894643783569336
2024-12-12,24.774673461914062
2024-12-13,24.78324317932129
2024-12-16,24.69754409790039
2024-12-17,24.49187660217285
2024-12-18,24.063396453857422
2024-12-19,24.157663345336914
2024-12-20,24.277637481689453
2024-12-23,24.31134033203125
2024-12-24,24.604034423828125
2024-12-26,24.639511108398438
2024-12-27,24.737075805664062
2024-12-30,24.692729949951172
2024-12-31,24.639511108398438
2025-01-02,24.74594497680664
2025-01-03,24.85238265991211
2025-01-06,24.81690216064453
2025-01-07,24.639511108398438
2025-01-08,24.488731384277344
2025-01-10,24.293601989746094
2025-01-13,24.231515884399414
2025-01-14,24.470991134643555
2025-01-15,24.674989700317383
2025-01-16,24.95881462097168
2025-01-17,24.97655487060547
2025-01-21,25.2869873046875
2025-01-22,25.295856475830078
2025-01-23,25.411161422729492
2025-01-24,25.42003059387207
2025-01-27,25.295856475830078
2025-01-28,25.535335540771484
2025-01-29,25.313596725463867
2025-01-30,25.54420280456543
2025-01-31,25.6240291595459
2025-02-03,25.446638107299805
2025-02-04,25.535335540771484
2025-02-05,25.55307388305664
2025-02-06,25.58854866027832
2025-02-07,25.47324562072754
2025-02-10,25.482114791870117
2025-02-11,25.411161422729492
2025-02-12,25.55307388305664
2025-02-13,25.757070541381836
2025-02-14,25.93446159362793
2025-02-18,26.08524513244629
2025-02-19,26.173938751220703
2025-02-20,26.129589080810547
2025-02-21,25.943330764770508
2025-02-24,25.79254913330078
2025-02-25,25.739334106445312
2025-02-26,25.63290023803711
2025-02-27,25.34907341003418
2025-02-28,25.721593856811523
2025-03-03,25.579681396484375
2025-03-04,25.2603816986084
2025-03-05,25.295856475830078
2025-03-06,24.8435115814209
2025-03-07,25.2869873046875
2025-03-10,24.701601028442383
2025-03-11,24.320209503173828
2025-03-12,24.38229751586914
2025-03-13,24.00977897644043
2025-03-14,24.408906936645508
2025-03-17,24.63064193725586
2025-03-18,24.612903594970703
2025-03-19,24.71933937072754
2025-03-20,24.64838218688965
2025-03-21,24.515338897705078
2025-03-24,24.71933937072754
2025-03-25,24.878990173339844
2025-03-26,24.76918601989746
2025-03-27,24.778186798095703
2025-03-28,24.526172637939453
2025-03-31,24.3371639251709
2025-04-01,24.472171783447266
2025-04-02,24.49016761779785
2025-04-03,24.03114891052246
2025-04-04,22.474071502685547
2025-04-07,21.637035369873047
2025-04-08,21.349018096923828
2025-04-09,23.11310577392578
2025-04-10,22.456073760986328
2025-04-11,22.78009033203125
2025-04-14,23.05910301208496
2025-04-15,23.43712043762207
2025-04-16,23.30211067199707
2025-04-17,23.617130279541016
2025-04-21,23.23011016845703
2025-04-22,23.680131912231445
2025-04-23,23.914142608642578
2025-04-24,24.328163146972656
2025-04-25,24.29216194152832
2025-04-28,24.526172637939453
2025-04-29,24.328163146972656
2025-04-30,24.256160736083984
2025-05-01,23.977148056030273
2025-05-02,24.373165130615234
2025-05-05,24.19315528869629
2025-05-06,24.283159255981445
2025-05-07,24.175155639648438
2025-05-08,24.03114891052246
2025-05-09,24.03114891052246
2025-05-12,24.39116668701172
2025-05-13,24.697181701660156
2025-05-14,24.535171508789062
2025-05-15,24.535171508789062
2025-05-16,24.72418212890625
2025-05-19,24.87718963623047
2025-05-20,24.99419593811035
2025-05-21,24.55317497253418
2025-05-22,24.46316909790039
2025-05-23,24.56217384338379
2025-05-27,24.86819076538086
2025-05-28,24.76018524169922
2025-05-29,24.778186798095703
2025-05-30,24.83218765258789
2025-06-02,24.76018524169922
2025-06-03,24.814186096191406
2025-06-04,24.89518928527832
2025-06-05,24.89518928527832
2025-06-06,25.17420196533203
2025-06-09,25.32720947265625
2025-06-10,25.345211029052734
2025-06-11,25.3092098236084
2025-06-12,25.32720947265625
2025-06-13,24.976194381713867
2025-06-16,24.89518928527832
2025-06-17,24.76018524169922
2025-06-18,24.95819091796875
2025-06-20,24.976194381713867
2025-06-23,24.95819091796875
2025-06-24,25.3092098236084
2025-06-25,25.29067611694336
2025-06-26,25.69843864440918
2025-06-27,25.64283561706543
2025-06-30,25.809648513793945
2025-07-01,25.87451934814453
2025-07-02,25.930124282836914
2025-07-03,26.124740600585938
2025-07-07,25.893056869506836
2025-07-08,26.245214462280273
2025-07-09,26.282285690307617
2025-07-10,26.53250503540039
2025-07-11,26.680782318115234
2025-07-14,26.60664176940918
2025-07-15,26.476898193359375
2025-07-16,26.754920959472656
2025-07-17,26.958803176879883
2025-07-18,26.930999755859375
2025-07-21,26.847593307495117
2025-07-22,26.940269470214844
2025-07-23,27.32023048400879
2025-07-24,26.921733856201172
2025-07-25,26.866130828857422
2025-07-28,26.374958038330078
2025-07-29,26.282285690307617
2025-07-30,26.004262924194336
2025-07-31,25.902324676513672
2025-08-01,25.689172744750977
2025-08-04,25.67990493774414
2025-08-05,25.707706451416016
2025-08-06,25.87451934814453
2025-08-07,25.689172744750977
2025-08-08,25.83745002746582
2025-08-11,25.7633113861084
2025-08-12,25.902324676513672
2025-08-13,26.05986785888672
2025-08-14,25.985729217529297
2025-08-15,25.800382614135742
2025-08-18,25.83745002746582
2025-08-19,25.809648513793945
2025-08-20,25.78184700012207
2025-08-21,25.726242065429688
2025-08-22,26.05986785888672
2025-08-25,25.791114807128906
2025-08-26,25.828184127807617
2025-08-27,25.883787155151367
2025-08-28,25.948659896850586
2025-08-29,26.050601959228516
2025-09-02,25.670639038085938
2025-09-03,25.652103424072266
2025-09-04,25.800382614135742
2025-09-05,25.865251541137695
2025-09-08,25.939390182495117
2025-09-09,25.893056869506836
2025-09-10,25.754043579101562
2025-09-11,25.902324676513672
2025-09-12,25.846717834472656
2025-09-15,25.559431076049805
2025-09-16,25.494558334350586
2025-09-17,25.52235984802246
2025-09-18,25.652103424072266
2025-09-19,25.5408935546875
2025-09-22,25.355548858642578
2025-09-23,25.32774543762207
2025-09-24,25.003570556640625
2025-09-25,25.041934967041016
2025-09-26,25.14743423461914
2025-09-29,25.20498275756836
2025-09-30,25.262527465820312
2025-10-01,25.05152702331543
2025-10-02,25.473526000976562
2025-10-03,25.559844970703125
2025-10-06,25.31048011779785
2025-10-07,25.0323429107666
2025-10-08,24.993980407714844
2025-10-09,24.571979522705078
2025-10-10,24.293842315673828
2025-10-13,24.658296585083008
2025-10-14,24.8980712890625
2025-10-15,24.8980712890625
2025-10-16,24.66788673400879
2025-10-17,24.706253051757812
2025-10-20,24.792570114135742
2025-10-21,24.926843643188477
2025-10-22,24.869298934936523
2025-10-23,24.98438835144043
2025-10-24,25.18579864501953
2025-10-27,25.425573348999023
2025-10-28,25.358436584472656
2025-10-29,25.080299377441406
2025-10-30,24.946025848388672
2025-10-31,24.936433792114258
2025-11-03,24.878889083862305
2025-11-04,24.58156967163086
2025-11-05,24.59115982055664
2025-11-06,24.360979080200195
2025-11-07,24.41852378845215
2025-11-10,24.504840850830078
2025-11-11,24.58156967163086
2025-11-12,24.524024963378906
2025-11-13,24.006114959716797
2025-11-14,23.91020393371582
2025-11-17,23.555339813232422
2025-11-18,23.4306583404541
2025-11-19,23.35392951965332
2025-11-20,23.171701431274414
2025-11-21,23.564929962158203
2025-11-24,23.737567901611328
2025-11-25,23.938976287841797
2025-11-26,24.121206283569336
2025-11-28,24.284250259399414
2025-12-01,24.02529525756836
2025-12-02,23.977340698242188
2025-12-03,24.255477905273438
2025-12-04,24.399343490600586
2025-12-05,24.5432071685791
2025-12-08,24.5432071685791
2025-12-09,24.514432907104492
2025-12-10,24.677478790283203
2025-12-11,24.61993408203125
2025-12-12,24.562387466430664
2025-12-15,24.447296142578125
2025-12-16,24.476070404052734
2025-12-17,24.303434371948242
2025-12-18,24.370569229125977
2025-12-19,24.274660110473633
2025-12-22,24.389751434326172
2025-12-23,24.360979080200195
2025-12-24,24.463909149169922
2025-12-26,24.603818893432617
2025-12-29,24.563844680786133
2025-12-30,24.64379119873047
2025-12-31,24.693758010864258
2026-01-02,24.693758010864258
2026-01-05,25.0135498046875
2026-01-06,24.93360137939453
2026-01-07,24.533863067626953
2026-01-08,24.8636474609375
2026-01-09,24.8636474609375
2026-01-12,24.81368064880371
2026-01-13,24.623804092407227
2026-01-14,24.853654861450195
2026-01-15,25.30335807800293
2026-01-16,25.293363571166992
2026-01-20,24.603818893432617
2026-01-21,24.91361427307129
2026-01-22,25.003555297851562
2026-01-23,25.023542404174805
2026-01-26,24.853654861450195
2026-01-27,25.06351661682129
2026-01-28,24.893627166748047
2026-01-29,25.133468627929688
2026-01-30,24.74372673034668
2026-02-02,24.54385757446289
2026-02-03,23.88429069519043
2026-02-04,23.93425941467285
2026-02-05,23.35464096069336
2026-02-06,23.744382858276367
2026-02-09,24.03419303894043
2026-02-10,24.363975524902344
2026-02-11,24.274036407470703
2026-02-12,24.004213333129883
2026-02-13,23.924264907836914
2026-02-17,23.824331283569336
2026-02-18,23.844318389892578
2026-02-19,23.52452850341797
2026-02-20,23.514535903930664
2026-02-23,23.10480499267578
2026-02-24,23.0748233795166
2026-02-25,23.474559783935547
2026-02-26,23.25470542907715
2026-02-27,22.80500030517578
2026-03-02,22.745040893554688
2026-03-03,22.49520492553711
2026-03-04,22.88494873046875
2026-03-05,22.5451717376709
2026-03-06,22.445236206054688
2026-03-09,22.145435333251953
2026-03-10,22.095468521118164
2026-03-11,21.875612258911133
2026-03-12,21.53583526611328
2026-03-13,21.53583526611328
2026-03-16,21.595796585083008
2026-03-17,21.965553283691406
2026-03-18,21.755691528320312
2026-03-19,21.695730209350586
2026-03-20,21.27600860595703
2026-03-23,21.525842666625977
2026-03-24,21.285999298095703
2026-03-25,21.600000381469727
2026-03-26,21.020000457763672
2026-03-27,20.56999969482422
2026-03-30,20.690000534057617
2026-03-31,21.239999771118164
2026-04-01,21.360000610351562
2026-04-02,21.600000381469727
2026-04-06,21.799999237060547
2026-04-07,21.649999618530273
2026-04-08,22.010000228881836
2026-04-09,21.889999389648438
2026-04-10,21.959999084472656
2026-04-13,22.290000915527344
2026-04-14,22.780000686645508
2026-04-15,23.219999313354492
2026-04-16,22.969999313354492
2026-04-17,23.469999313354492
2026-04-20,23.25
2026-04-21,23.0
2026-04-22,23.030000686645508
2026-04-23,22.530000686645508
2026-04-24,22.56999969482422
2026-04-27,22.520000457763672
2026-04-28,22.579999923706055
2026-04-29,22.290000915527344
2026-04-30,22.8700008392334
2026-05-01,23.010000228881836
2026-05-04,22.889999389648438
2026-05-05,23.06999969482422
2026-05-06,23.149999618530273
2026-05-07,22.829999923706055
2026-05-08,22.709999084472656
2026-05-11,22.270000457763672
2026-05-12,22.1299991607666
2026-05-13,22.030000686645508
2026-05-14,21.780000686645508
2026-05-15,21.729999542236328
2026-05-18,21.579999923706055
2026-05-19,21.440000534057617
2026-05-20,21.739999771118164
2026-05-21,21.84000015258789
2026-05-22,21.729999542236328
2026-05-26,22.059999465942383
2026-05-27,22.110000610351562
2026-05-28,22.079999923706055
2026-05-29,22.190000534057617
2026-06-01,22.280000686645508
2026-06-02,22.25
2026-06-03,21.610000610351562
2026-06-04,22.049999237060547
2026-06-05,21.610000610351562
2026-06-08,21.600000381469727
2026-06-09,21.81999969482422
2026-06-10,21.729999542236328
2026-06-11,21.90999984741211
2026-06-12,22.059999465942383
2026-06-15,22.040000915527344
2026-06-16,22.040000915527344
2026-06-17,21.68000030517578
2026-06-18,21.700000762939453
2026-06-22,21.459999084472656
2026-06-23,21.280000686645508
2026-06-24,21.149999618530273
2026-06-25,21.399999618530273
2026-06-26,21.579999923706055
2026-06-29,21.829999923706055
2026-06-30,21.920000076293945
2026-07-01,22.09000015258789
2026-07-02,22.25
2026-07-06,22.329999923706055
2026-07-07,22.229999542236328
2026-07-08,22.059999465942383
2026-07-09,22.040000915527344
2026-07-10,22.360000610351562
2026-07-13,22.209999084472656
2026-07-14,22.3799991607666
2026-07-15,22.600000381469727
2026-07-16,22.760000228881836
2026-07-17,22.56999969482422
2026-07-20,22.270000457763672
2026-07-21,22.31999969482422
2026-07-22,22.270000457763672
2026-07-23,22.170000076293945
2026-07-24,22.440000534057617
2026-07-27,22.65999984741211
2026-07-28,22.989999771118164
2026-07-29,22.84000015258789
2026-07-30,22.969999313354492
2026-07-31,23.010000228881836
2026-08-03,23.280000686645508
