Date,Close
2005-10-26,13.761062622070312
2005-10-27,13.329059600830078
2005-10-28,13.572064399719238
2005-10-31,13.950064659118652
2005-11-01,13.869064331054688
2005-11-02,14.301066398620605
2005-11-03,14.184060096740723
2005-11-04,14.076065063476562
2005-11-07,14.328067779541016
2005-11-08,13.87806510925293
2005-11-09,13.797061920166016
2005-11-10,13.932062149047852
2005-11-11,14.022062301635742
2005-11-14,14.346064567565918
2005-11-15,14.292065620422363
2005-11-16,14.301066398620605
2005-11-17,14.805068016052246
2005-11-18,14.73306941986084
2005-11-21,14.94006633758545
2005-11-22,15.102071762084961
2005-11-23,15.102071762084961
2005-11-25,15.066067695617676
2005-11-28,14.76007080078125
2005-11-29,14.76906681060791
2005-11-30,14.823071479797363
2005-12-01,15.09306812286377
2005-12-02,15.084066390991211
2005-12-05,15.021068572998047
2005-12-06,15.030064582824707
2005-12-07,14.661066055297852
2005-12-08,14.73306941986084
2005-12-09,14.76906681060791
2005-12-12,14.868066787719727
2005-12-13,15.012066841125488
2005-12-14,15.1560697555542
2005-12-15,15.030064582824707
2005-12-16,15.063384056091309
2005-12-19,14.85629940032959
2005-12-20,14.838288307189941
2005-12-21,14.919318199157715
2005-12-22,15.027369499206543
2005-12-23,14.964338302612305
2005-12-27,14.865301132202148
2005-12-28,14.865301132202148
2005-12-29,14.766255378723145
2005-12-30,14.613192558288574
2006-01-03,14.991350173950195
2006-01-04,15.072382926940918
2006-01-05,15.18043041229248
2006-01-06,15.243461608886719
2006-01-09,15.702654838562012
2006-01-10,15.828710556030273
2006-01-11,15.891731262207031
2006-01-12,15.68464469909668
2006-01-13,15.648625373840332
2006-01-17,15.52257251739502
2006-01-18,15.54958724975586
2006-01-19,15.52257251739502
2006-01-20,15.333497047424316
2006-01-23,15.342500686645508
2006-01-24,15.639623641967773
2006-01-25,15.52257251739502
2006-01-26,15.86471939086914
2006-01-27,16.0087890625
2006-01-30,16.170852661132812
2006-01-31,16.161848068237305
2006-02-01,16.071807861328125
2006-02-02,15.765678405761719
2006-02-03,15.873729705810547
2006-02-06,15.873729705810547
2006-02-07,15.44154167175293
2006-02-08,15.594602584838867
2006-02-09,15.540583610534668
2006-02-10,15.414530754089355
2006-02-13,15.252461433410645
2006-02-14,15.585603713989258
2006-02-15,15.639623641967773
2006-02-16,15.81970500946045
2006-02-17,15.810699462890625
2006-02-21,15.900732040405273
2006-02-22,16.170852661132812
2006-02-23,16.224872589111328
2006-02-24,16.26988983154297
2006-02-27,16.278900146484375
2006-02-28,16.107820510864258
2006-03-01,16.242877960205078
2006-03-02,16.134836196899414
2006-03-03,16.044801712036133
2006-03-06,15.828710556030273
2006-03-07,15.369514465332031
2006-03-08,15.369514465332031
2006-03-09,15.279473304748535
2006-03-10,15.495566368103027
2006-03-13,15.54958724975586
2006-03-14,15.954763412475586
2006-03-15,16.080814361572266
2006-03-16,16.215866088867188
2006-03-17,16.404953002929688
2006-03-20,16.20686912536621
2006-03-21,15.936744689941406
2006-03-22,16.125837326049805
2006-03-23,16.224872589111328
2006-03-24,16.39594078063965
2006-03-27,16.43196678161621
2006-03-28,16.39594078063965
2006-03-29,16.522003173828125
2006-03-30,16.422964096069336
2006-03-31,16.350923538208008
2006-04-03,16.386945724487305
2006-04-04,16.512989044189453
2006-04-05,16.909162521362305
2006-04-06,16.837135314941406
2006-04-07,16.747098922729492
2006-04-10,16.621047973632812
2006-04-11,16.37794303894043
2006-04-12,16.422964096069336
2006-04-13,16.323915481567383
2006-04-17,16.170852661132812
2006-04-18,16.792110443115234
2006-04-19,16.91815948486328
2006-04-20,16.891149520874023
2006-04-21,16.909162521362305
2006-04-24,16.756099700927734
2006-04-25,16.522003173828125
2006-04-26,16.612031936645508
2006-04-27,16.368940353393555
2006-04-28,16.341922760009766
2006-05-01,16.44096565246582
2006-05-02,16.341922760009766
2006-05-03,16.43196678161621
2006-05-04,16.467975616455078
2006-05-05,16.819124221801758
2006-05-08,16.765104293823242
2006-05-09,16.855134963989258
2006-05-10,16.774110794067383
2006-05-11,16.422964096069336
2006-05-12,15.954763412475586
2006-05-15,15.747675895690918
2006-05-16,15.594602584838867
2006-05-17,15.225451469421387
2006-05-18,15.108403205871582
2006-05-19,15.045372009277344
2006-05-22,14.820279121398926
2006-05-23,14.739249229431152
2006-05-24,14.766255378723145
2006-05-25,14.928318977355957
2006-05-26,14.991350173950195
2006-05-30,14.56817626953125
2006-05-31,14.658208847045898
2006-06-01,14.820279121398926
2006-06-02,14.766255378723145
2006-06-05,14.153997421264648
2006-06-06,13.739825248718262
2006-06-07,13.541738510131836
2006-06-08,13.541738510131836
2006-06-09,13.505722045898438
2006-06-12,13.091550827026367
2006-06-13,12.857446670532227
2006-06-14,13.046525955200195
2006-06-15,13.640779495239258
2006-06-16,13.4912748336792
2006-06-19,13.23910140991211
2006-06-20,13.194073677062988
2006-06-21,13.51829719543457
2006-06-22,13.473262786865234
2006-06-23,13.599352836608887
2006-06-26,13.770467758178711
2006-06-27,13.59034538269043
2006-06-28,13.545315742492676
2006-06-29,14.06767463684082
2006-06-30,14.03165054321289
2006-07-03,14.06767463684082
2006-07-05,13.878544807434082
2006-07-06,14.013631820678711
2006-07-07,13.779475212097168
2006-07-10,13.779475212097168
2006-07-11,13.599352836608887
2006-07-12,13.320158958435059
2006-07-13,13.131030082702637
2006-07-14,12.82481861114502
2006-07-17,12.644693374633789
2006-07-18,12.37450885772705
2006-07-19,13.085999488830566
2006-07-20,12.518608093261719
2006-07-21,12.383514404296875
2006-07-24,12.689726829528809
2006-07-25,12.941899299621582
2006-07-26,12.905874252319336
2006-07-27,12.752769470214844
2006-07-28,13.076990127563477
2006-07-31,12.977923393249512
2006-08-01,12.896865844726562
2006-08-02,13.113014221191406
2006-08-03,13.4912748336792
2006-08-04,13.383203506469727
2006-08-07,13.4912748336792
2006-08-08,13.221091270446777
2006-08-09,12.770779609680176
2006-08-10,12.82481861114502
2006-08-11,12.716743469238281
2006-08-14,12.653702735900879
2006-08-15,13.058979034423828
2006-08-16,13.464256286621094
2006-08-17,13.437241554260254
2006-08-18,13.473262786865234
2006-08-21,13.203079223632812
2006-08-22,13.25711441040039
2006-08-23,12.95991039276123
2006-08-24,12.932891845703125
2006-08-25,12.995939254760742
2006-08-28,13.1670560836792
2006-08-29,13.203079223632812
2006-08-30,13.185064315795898
2006-08-31,13.320158958435059
2006-09-01,13.437241554260254
2006-09-05,13.509289741516113
2006-09-06,13.25711441040039
2006-09-07,13.140036582946777
2006-09-08,13.113014221191406
2006-09-11,13.095006942749023
2006-09-12,13.48227310180664
2006-09-13,13.626370429992676
2006-09-14,13.527302742004395
2006-09-15,13.617359161376953
2006-09-18,13.608356475830078
2006-09-19,13.428235054016113
2006-09-20,13.419225692749023
2006-09-21,13.203079223632812
2006-09-22,13.1670560836792
2006-09-25,13.401212692260742
2006-09-26,13.581336975097656
2006-09-27,13.536309242248535
2006-09-28,13.545315742492676
2006-09-29,13.33816909790039
2006-10-02,13.311150550842285
2006-10-03,13.23910140991211
2006-10-04,13.464256286621094
2006-10-05,13.626370429992676
2006-10-06,13.581336975097656
2006-10-09,13.806492805480957
2006-10-10,13.968603134155273
2006-10-11,13.869536399841309
2006-10-12,14.17574691772461
2006-10-13,14.112702369689941
2006-10-16,14.517983436584473
2006-10-17,14.319844245910645
2006-10-18,14.229784965515137
2006-10-19,14.292825698852539
2006-10-20,13.968603134155273
2006-10-23,14.03165054321289
2006-10-24,14.06767463684082
2006-10-25,14.157734870910645
2006-10-26,14.274816513061523
2006-10-27,14.112702369689941
2006-10-30,14.09469223022461
2006-10-31,14.049659729003906
2006-11-01,13.914566040039062
2006-11-02,13.878544807434082
2006-11-03,13.851524353027344
2006-11-06,14.013631820678711
2006-11-07,14.02264404296875
2006-11-08,14.112702369689941
2006-11-09,13.995625495910645
2006-11-10,14.202764511108398
2006-11-13,14.184752464294434
2006-11-14,14.572023391723633
2006-11-15,14.680100440979004
2006-11-16,14.689102172851562
2006-11-17,14.5900297164917
2006-11-20,14.662081718444824
2006-11-21,14.752145767211914
2006-11-22,14.806185722351074
2006-11-24,14.743142127990723
2006-11-27,14.490964889526367
2006-11-28,14.445934295654297
2006-11-29,14.64406681060791
2006-11-30,14.797179222106934
2006-12-01,14.64406681060791
2006-12-04,14.941274642944336
2006-12-05,15.103384971618652
2006-12-06,15.175436019897461
2006-12-07,15.058354377746582
2006-12-08,15.067362785339355
2006-12-11,15.049344062805176
2006-12-12,14.869227409362793
2006-12-13,14.896247863769531
2006-12-14,15.031338691711426
2006-12-15,14.90524959564209
2006-12-18,14.83320140838623
2006-12-19,14.88723373413086
2006-12-20,14.923259735107422
2006-12-21,14.770153999328613
2006-12-22,14.64406681060791
2006-12-26,14.779165267944336
2006-12-27,15.004314422607422
2006-12-28,14.968292236328125
2006-12-29,14.851213455200195
2007-01-03,14.61705207824707
2007-01-04,14.680100440979004
2007-01-05,14.463943481445312
2007-01-08,14.481958389282227
2007-01-09,14.454939842224121
2007-01-10,14.535994529724121
2007-01-11,14.680100440979004
2007-01-12,14.815185546875
2007-01-16,14.76114559173584
2007-01-17,14.851213455200195
2007-01-18,14.806185722351074
2007-01-19,14.986308097839355
2007-01-22,14.815185546875
2007-01-23,15.067362785339355
2007-01-24,15.23847770690918
2007-01-25,15.004314422607422
2007-01-26,14.986308097839355
2007-01-29,15.076363563537598
2007-01-30,15.121397018432617
2007-01-31,15.38257884979248
2007-02-01,15.724811553955078
2007-02-02,15.841893196105957
2007-02-05,15.73381519317627
2007-02-06,15.805869102478027
2007-02-07,15.868912696838379
2007-02-08,15.886922836303711
2007-02-09,15.73381519317627
2007-02-12,15.697796821594238
2007-02-13,15.868912696838379
2007-02-14,15.958976745605469
2007-02-15,16.130096435546875
2007-02-16,16.328224182128906
2007-02-20,16.46332359313965
2007-02-21,16.61642074584961
2007-02-22,16.58941078186035
2007-02-23,16.499343872070312
2007-02-26,16.454315185546875
2007-02-27,15.760836601257324
2007-02-28,15.805869102478027
2007-03-01,15.832892417907715
2007-03-02,15.562701225280762
2007-03-05,15.310526847839355
2007-03-06,15.50866413116455
2007-03-07,15.571709632873535
2007-03-08,15.787850379943848
2007-03-09,15.796860694885254
2007-03-12,15.688788414001465
2007-03-13,15.24748706817627
2007-03-14,15.391584396362305
2007-03-15,15.535687446594238
2007-03-16,15.50866413116455
2007-03-19,15.787850379943848
2007-03-20,15.904932022094727
2007-03-21,16.202138900756836
2007-03-22,16.2831974029541
2007-03-23,16.30120849609375
2007-03-26,16.202138900756836
2007-03-27,16.08506202697754
2007-03-28,15.967974662780762
2007-03-29,15.97697639465332
2007-03-30,15.97697639465332
2007-04-02,16.01301383972168
2007-04-03,16.1570987701416
2007-04-04,16.148103713989258
2007-04-05,16.21115493774414
2007-04-09,16.2831974029541
2007-04-10,16.355239868164062
2007-04-11,16.21115493774414
2007-04-12,16.36425018310547
2007-04-13,16.355239868164062
2007-04-16,16.607425689697266
2007-04-17,16.625436782836914
2007-04-18,16.607425689697266
2007-04-19,16.67046356201172
2007-04-20,17.003686904907227
2007-04-23,17.093753814697266
2007-04-24,17.04871940612793
2007-04-25,17.21984100341797
2007-04-26,17.255863189697266
2007-04-27,17.120769500732422
2007-04-30,16.859586715698242
2007-05-01,16.850582122802734
2007-05-02,17.111766815185547
2007-05-03,17.291887283325195
2007-05-04,17.27387237548828
2007-05-07,17.27387237548828
2007-05-08,17.237852096557617
2007-05-09,17.535062789916992
2007-05-10,17.246856689453125
2007-05-11,17.318910598754883
2007-05-14,17.363943099975586
2007-05-15,17.291887283325195
2007-05-16,17.381946563720703
2007-05-17,17.426990509033203
2007-05-18,17.454002380371094
2007-05-21,17.61611557006836
2007-05-22,17.787233352661133
2007-05-23,17.796234130859375
2007-05-24,17.535062789916992
2007-05-25,17.661144256591797
2007-05-29,18.012392044067383
2007-05-30,18.264562606811523
2007-05-31,18.31859588623047
2007-06-01,18.49872589111328
2007-06-04,18.50771713256836
2007-06-05,18.399656295776367
2007-06-06,18.174497604370117
2007-06-07,17.76921844482422
2007-06-08,17.9493408203125
2007-06-11,18.147480010986328
2007-06-12,17.976360321044922
2007-06-13,18.291574478149414
2007-06-14,18.444684982299805
2007-06-15,18.66195297241211
2007-06-18,18.7701416015625
2007-06-19,18.7701416015625
2007-06-20,18.48164939880371
2007-06-21,18.57179832458496
2007-06-22,18.436569213867188
2007-06-25,18.29231834411621
2007-06-26,18.048900604248047
2007-06-27,18.337392807006836
2007-06-28,18.337392807006836
2007-06-29,18.310354232788086
2007-07-02,18.698013305664062
2007-07-03,18.616884231567383
2007-07-05,18.689001083374023
2007-07-06,18.78817367553711
2007-07-09,18.90536880493164
2007-07-10,18.57179832458496
2007-07-11,18.643924713134766
2007-07-12,19.13076400756836
2007-07-13,19.238941192626953
2007-07-16,19.193864822387695
2007-07-17,19.275007247924805
2007-07-18,19.229930877685547
2007-07-19,19.329097747802734
2007-07-20,18.860292434692383
2007-07-23,18.99552345275879
2007-07-24,18.5177059173584
2007-07-25,18.29231834411621
2007-07-26,17.760408401489258
2007-07-27,17.327672958374023
2007-07-30,17.760408401489258
2007-07-31,17.58010482788086
2007-08-01,17.697303771972656
2007-08-02,17.886627197265625
2007-08-03,17.237520217895508
2007-08-06,17.228496551513672
2007-08-07,17.201452255249023
2007-08-08,17.37274932861328
2007-08-09,17.06621742248535
2007-08-10,17.336679458618164
2007-08-13,17.39078712463379
2007-08-14,16.94000816345215
2007-08-15,16.2908992767334
2007-08-16,16.227781295776367
2007-08-17,16.471202850341797
2007-08-20,16.750680923461914
2007-08-21,16.85886573791504
2007-08-22,17.336679458618164
2007-08-23,17.06621742248535
2007-08-24,17.417823791503906
2007-08-27,17.30062484741211
2007-08-28,16.68757438659668
2007-08-29,17.27357292175293
2007-08-30,17.336679458618164
2007-08-31,17.616167068481445
2007-09-04,17.81450653076172
2007-09-05,17.535030364990234
2007-09-06,17.670255661010742
2007-09-07,17.30062484741211
2007-09-10,16.831823348999023
2007-09-11,17.138349533081055
2007-09-12,17.084251403808594
2007-09-13,17.183422088623047
2007-09-14,17.156375885009766
2007-09-17,17.138349533081055
2007-09-18,17.877613067626953
2007-09-19,18.139055252075195
2007-09-20,18.03087043762207
2007-09-21,18.103004455566406
2007-09-24,17.95875358581543
2007-09-25,17.778440475463867
2007-09-26,17.877613067626953
2007-09-27,18.057920455932617
2007-09-28,17.886627197265625
2007-10-01,18.490657806396484
2007-10-02,18.5177059173584
2007-10-03,18.355432510375977
2007-10-04,18.355432510375977
2007-10-05,18.72506332397461
2007-10-08,18.698013305664062
2007-10-09,18.806196212768555
2007-10-10,18.78817367553711
2007-10-11,18.5808162689209
2007-10-12,18.70702362060547
2007-10-15,18.544755935668945
2007-10-16,18.29231834411621
2007-10-17,18.34641456604004
2007-10-18,18.391490936279297
2007-10-19,17.724348068237305
2007-10-22,17.56207275390625
2007-10-23,17.949729919433594
2007-10-24,17.99481201171875
2007-10-25,17.85055923461914
2007-10-26,18.112014770507812
2007-10-29,18.20216941833496
2007-10-30,17.949729919433594
2007-10-31,18.03087043762207
2007-11-01,17.417823791503906
2007-11-02,17.39078712463379
2007-11-05,17.048192977905273
2007-11-06,17.51699447631836
2007-11-07,16.77773666381836
2007-11-08,16.741668701171875
2007-11-09,16.46218490600586
2007-11-12,16.002405166625977
2007-11-13,16.58840560913086
2007-11-14,16.58840560913086
2007-11-15,16.326950073242188
2007-11-16,16.381038665771484
2007-11-19,15.831101417541504
2007-11-20,15.948321342468262
2007-11-21,15.695876121520996
2007-11-23,16.02043342590332
2007-11-26,15.79504680633545
2007-11-27,15.822091102600098
2007-11-28,16.471202850341797
2007-11-29,16.354000091552734
2007-11-30,16.444154739379883
2007-12-03,16.335973739624023
2007-12-04,16.227781295776367
2007-12-05,16.453174591064453
2007-12-06,17.03015899658203
2007-12-07,16.98508071899414
2007-12-10,17.0391788482666
2007-12-11,16.344980239868164
2007-12-12,16.399080276489258
2007-12-13,16.326950073242188
2007-12-14,15.993389129638672
2007-12-17,15.840129852294922
2007-12-18,16.02043342590332
2007-12-19,16.119596481323242
2007-12-20,16.245817184448242
2007-12-21,16.597410202026367
2007-12-24,16.92197608947754
2007-12-26,16.85886573791504
2007-12-27,16.543317794799805
2007-12-28,16.57037925720215
2007-12-31,16.46218490600586
2008-01-02,16.146650314331055
2008-01-03,16.20975112915039
2008-01-04,15.641783714294434
2008-01-07,15.479500770568848
2008-01-08,15.046764373779297
2008-01-09,15.010702133178711
2008-01-10,15.371320724487305
2008-01-11,15.172980308532715
2008-01-14,15.407374382019043
2008-01-15,14.830398559570312
2008-01-16,14.677133560180664
2008-01-17,14.064079284667969
2008-01-18,14.073098182678223
2008-01-22,14.244388580322266
2008-01-23,14.668121337890625
2008-01-24,14.857441902160645
2008-01-25,14.695160865783691
2008-01-28,14.956607818603516
2008-01-29,15.200028419494629
2008-01-30,15.046764373779297
2008-01-31,15.542611122131348
2008-02-01,15.939297676086426
2008-02-04,15.614736557006836
2008-02-05,15.046764373779297
2008-02-06,14.893501281738281
2008-02-07,15.001689910888672
2008-02-08,14.947593688964844
2008-02-11,15.127902030944824
2008-02-12,15.05578327178955
2008-02-13,15.41639518737793
2008-02-14,15.200028419494629
2008-02-15,15.010702133178711
2008-02-19,15.145936965942383
2008-02-20,15.254119873046875
2008-02-21,15.254119873046875
2008-02-22,15.317227363586426
2008-02-25,15.677844047546387
2008-02-26,15.912249565124512
2008-02-27,15.749968528747559
2008-02-28,15.578675270080566
2008-02-29,15.227073669433594
2008-03-03,15.200028419494629
2008-03-04,15.010702133178711
2008-03-05,15.100857734680176
2008-03-06,14.668121337890625
2008-03-07,14.49682331085205
2008-03-10,13.910820007324219
2008-03-11,14.550910949707031
2008-03-12,14.51485538482666
2008-03-13,14.830398559570312
2008-03-14,14.487810134887695
2008-03-17,14.145217895507812
2008-03-18,14.785318374633789
2008-03-19,14.39765453338623
2008-03-20,14.64106559753418
2008-03-24,15.091842651367188
2008-03-25,15.308213233947754
2008-03-26,15.046764373779297
2008-03-27,14.92956256866455
2008-03-28,14.875473976135254
2008-03-31,14.956607818603516
2008-04-01,15.497537612915039
2008-04-02,15.53359603881836
2008-04-03,15.668828010559082
2008-04-04,15.749968528747559
2008-04-07,15.641783714294434
2008-04-08,15.614736557006836
2008-04-09,15.317227363586426
2008-04-10,15.497537612915039
2008-04-11,15.100857734680176
2008-04-14,15.109871864318848
2008-04-15,15.100857734680176
2008-04-16,15.704893112182617
2008-04-17,15.632770538330078
2008-04-18,16.029449462890625
2008-04-21,16.083545684814453
2008-04-22,15.68686294555664
2008-04-23,15.623754501342773
2008-04-24,15.605719566345215
2008-04-25,15.822091102600098
2008-04-28,15.939297676086426
2008-04-29,15.767991065979004
2008-04-30,15.587692260742188
2008-05-01,15.921257019042969
2008-05-02,15.849140167236328
2008-05-05,15.79504680633545
2008-05-06,15.948321342468262
2008-05-07,15.73193645477295
2008-05-08,15.858148574829102
2008-05-09,15.813078880310059
2008-05-12,16.1105899810791
2008-05-13,16.435142517089844
2008-05-14,16.326950073242188
2008-05-15,16.53430938720703
2008-05-16,16.669544219970703
2008-05-19,16.597410202026367
2008-05-20,16.58840560913086
2008-05-21,16.40809440612793
2008-05-22,16.390064239501953
2008-05-23,16.137632369995117
2008-05-27,16.326950073242188
2008-05-28,16.53430938720703
2008-05-29,16.55234718322754
2008-05-30,16.543317794799805
2008-06-02,16.453174591064453
2008-06-03,16.426122665405273
2008-06-04,16.46218490600586
2008-06-05,16.76871681213379
2008-06-06,16.299909591674805
2008-06-09,16.227781295776367
2008-06-10,16.164682388305664
2008-06-11,15.849140167236328
2008-06-12,15.831101417541504
2008-06-13,16.155664443969727
2008-06-16,16.326950073242188
2008-06-17,16.227781295776367
2008-06-18,15.993389129638672
2008-06-19,16.137632369995117
2008-06-20,15.887580871582031
2008-06-23,15.842448234558105
2008-06-24,15.616771697998047
2008-06-25,15.562607765197754
2008-06-26,15.084174156188965
2008-06-27,14.948769569396973
2008-06-30,14.876554489135742
2008-07-01,14.759202003479004
2008-07-02,14.0280122756958
2008-07-03,13.928715705871582
2008-07-07,13.865527153015137
2008-07-08,14.055091857910156
2008-07-09,13.77525520324707
2008-07-10,13.946770668029785
2008-07-11,13.946770668029785
2008-07-14,13.901637077331543
2008-07-15,13.766233444213867
2008-07-16,14.371039390563965
2008-07-17,14.686991691589355
2008-07-18,14.677960395812988
2008-07-21,14.759202003479004
2008-07-22,15.084174156188965
2008-07-23,15.282772064208984
2008-07-24,14.614773750305176
2008-07-25,14.876554489135742
2008-07-28,14.443257331848145
2008-07-29,14.975852012634277
2008-07-30,15.165423393249512
2008-07-31,14.99390697479248
2008-08-01,14.921692848205566
2008-08-04,14.452284812927246
2008-08-05,14.795306205749512
2008-08-06,15.020991325378418
2008-08-07,14.885581016540527
2008-08-08,15.472335815429688
2008-08-11,15.634827613830566
2008-08-12,15.499417304992676
2008-08-13,15.45428466796875
2008-08-14,15.698015213012695
2008-08-15,15.688987731933594
2008-08-18,15.544551849365234
2008-08-19,15.255685806274414
2008-08-20,15.309856414794922
2008-08-21,15.409153938293457
2008-08-22,15.553579330444336
2008-08-25,15.183477401733398
2008-08-26,15.210556030273438
2008-08-27,15.463309288024902
2008-08-28,15.788277626037598
2008-08-29,15.571636199951172
2008-09-02,15.499417304992676
2008-09-03,15.34596061706543
2008-09-04,14.614773750305176
2008-09-05,14.4793701171875
2008-09-08,14.659902572631836
2008-09-09,13.82942008972168
2008-09-10,13.964829444885254
2008-09-11,14.18146800994873
2008-09-12,14.43422794342041
2008-09-15,13.712066650390625
2008-09-16,13.856498718261719
2008-09-17,13.233634948730469
2008-09-18,13.865527153015137
2008-09-19,14.515473365783691
2008-09-22,14.11828327178955
2008-09-23,13.721095085144043
2008-09-24,13.567633628845215
2008-09-25,13.567633628845215
2008-09-26,13.459310531616211
2008-09-29,12.330933570861816
2008-09-30,12.79131031036377
2008-10-01,12.376069068908691
2008-10-02,11.374066352844238
2008-10-03,11.058119773864746
2008-10-06,10.408171653747559
2008-10-07,9.920710563659668
2008-10-08,9.731142044067383
2008-10-09,9.162440299987793
2008-10-10,9.370059967041016
2008-10-13,10.110281944274902
2008-10-14,10.155416488647461
2008-10-15,8.94579029083252
2008-10-16,9.433253288269043
2008-10-17,9.658927917480469
2008-10-20,9.803361892700195
2008-10-21,9.496444702148438
2008-10-22,8.756226539611816
2008-10-23,8.422228813171387
2008-10-24,8.331952095031738
2008-10-27,8.1333589553833
2008-10-28,8.331952095031738
2008-10-29,8.981900215148926
2008-10-30,9.198549270629883
2008-10-31,9.496444702148438
2008-11-03,9.523521423339844
2008-11-04,9.929738998413086
2008-11-05,9.288820266723633
2008-11-06,8.801358222961426
2008-11-07,8.94579029083252
2008-11-10,8.909680366516113
2008-11-11,8.656925201416016
2008-11-12,8.142388343811035
2008-11-13,8.729143142700195
2008-11-14,8.620819091796875
2008-11-17,8.169466972351074
2008-11-18,7.727142333984375
2008-11-19,7.745197772979736
2008-11-20,6.995954990386963
2008-11-21,7.311899185180664
2008-11-24,8.187520027160645
2008-11-25,8.494440078735352
2008-11-26,9.34298324584961
2008-11-28,9.415196418762207
2008-12-01,8.386115074157715
2008-12-02,8.927734375
2008-12-03,9.216605186462402
2008-12-04,9.07216739654541
2008-12-05,9.622820854187012
2008-12-08,10.354012489318848
2008-12-09,10.14638900756836
2008-12-10,10.50747013092041
2008-12-11,9.866549491882324
2008-12-12,10.155416488647461
2008-12-15,9.938764572143555
2008-12-16,10.588712692260742
2008-12-17,10.534550666809082
2008-12-18,10.344983100891113
2008-12-19,10.25471019744873
2008-12-22,9.956822395324707
2008-12-23,9.929738998413086
2008-12-24,9.974873542785645
2008-12-26,10.110281944274902
2008-12-29,9.938764572143555
2008-12-30,10.354012489318848
2008-12-31,10.651904106140137
2009-01-02,10.91368579864502
2009-01-05,10.976873397827148
2009-01-06,11.22060489654541
2009-01-07,10.669957160949707
2009-01-08,10.832444190979004
2009-01-09,10.47136116027832
2009-01-12,9.965846061706543
2009-01-13,10.092229843139648
2009-01-14,9.640873908996582
2009-01-15,9.902658462524414
2009-01-16,10.01098346710205
2009-01-20,9.270767211914062
2009-01-21,9.667956352233887
2009-01-22,9.270767211914062
2009-01-23,9.261738777160645
2009-01-26,9.352010726928711
2009-01-27,9.397144317626953
2009-01-28,9.740174293518066
2009-01-29,9.406172752380371
2009-01-30,8.963846206665039
2009-02-02,8.963846206665039
2009-02-03,9.108278274536133
2009-02-04,9.054113388061523
2009-02-05,9.162440299987793
2009-02-06,9.487415313720703
2009-02-09,9.433253288269043
2009-02-10,9.00898265838623
2009-02-11,8.91871452331543
2009-02-12,8.981900215148926
2009-02-13,8.855524063110352
2009-02-17,8.41319465637207
2009-02-18,8.196547508239746
2009-02-19,8.043088912963867
2009-02-20,7.8896284103393555
2009-02-23,7.510495662689209
2009-02-24,7.844493865966797
2009-02-25,7.636872291564941
2009-02-26,7.501466751098633
2009-02-27,7.474384784698486
2009-03-02,7.0140061378479
2009-03-03,6.887627601623535
2009-03-04,7.248709678649902
2009-03-05,6.932763576507568
2009-03-06,6.941791534423828
2009-03-09,6.7251410484313965
2009-03-10,7.311899185180664
2009-03-11,7.348007678985596
2009-03-12,7.7542243003845215
2009-03-13,7.862548828125
2009-03-16,7.636872291564941
2009-03-17,8.034064292907715
2009-03-18,8.178495407104492
2009-03-19,8.15141487121582
2009-03-20,7.781303882598877
2009-03-23,8.458334922790527
2009-03-24,8.169466972351074
2009-03-25,8.530549049377441
2009-03-26,9.018007278442383
2009-03-27,8.693037986755371
2009-03-30,8.187520027160645
2009-03-31,8.322928428649902
2009-04-01,8.467357635498047
2009-04-02,8.900657653808594
2009-04-03,9.090224266052246
2009-04-06,8.999959945678711
2009-04-07,8.593737602233887
2009-04-08,8.729143142700195
2009-04-09,9.216605186462402
2009-04-13,9.081196784973145
2009-04-14,8.855524063110352
2009-04-15,9.054113388061523
2009-04-16,9.370059967041016
2009-04-17,9.451308250427246
2009-04-20,8.891630172729492
2009-04-21,9.370059967041016
2009-04-22,9.442278861999512
2009-04-23,9.388118743896484
2009-04-24,9.740174293518066
2009-04-27,9.559627532958984
2009-04-28,9.568655014038086
2009-04-29,9.875576972961426
2009-04-30,9.839468002319336
2009-05-01,9.70406436920166
2009-05-04,10.272767066955566
2009-05-05,10.25471019744873
2009-05-06,10.227632522583008
2009-05-07,10.01098346710205
2009-05-08,10.39914321899414
2009-05-11,9.920710563659668
2009-05-12,9.839468002319336
2009-05-13,9.388118743896484
2009-05-14,9.505467414855957
2009-05-15,9.478386878967285
2009-05-18,9.920710563659668
2009-05-19,9.884603500366211
2009-05-20,9.83044147491455
2009-05-21,9.622820854187012
2009-05-22,9.550604820251465
2009-05-26,10.02000904083252
2009-05-27,9.884603500366211
2009-05-28,9.84849739074707
2009-05-29,10.01098346710205
2009-06-01,10.372061729431152
2009-06-02,10.43525505065918
2009-06-03,10.173470497131348
2009-06-04,10.354012489318848
2009-06-05,10.381092071533203
2009-06-08,10.317900657653809
2009-06-09,10.408171653747559
2009-06-10,10.390118598937988
2009-06-11,10.263736724853516
2009-06-12,10.155416488647461
2009-06-15,9.866549491882324
2009-06-16,9.676983833312988
2009-06-17,9.77627944946289
2009-06-18,9.667956352233887
2009-06-19,9.730295181274414
2009-06-22,9.377939224243164
2009-06-23,9.359875679016113
2009-06-24,9.486358642578125
2009-06-25,9.838709831237793
2009-06-26,9.892915725708008
2009-06-29,9.956158638000488
2009-06-30,9.874847412109375
2009-07-01,9.938091278076172
2009-07-02,9.594772338867188
2009-07-06,9.486358642578125
2009-07-07,9.296630859375
2009-07-08,9.251458168029785
2009-07-09,9.359875679016113
2009-07-10,9.36890697479248
2009-07-13,9.549602508544922
2009-07-14,9.6851224899292
2009-07-15,9.992300987243652
2009-07-16,10.118783950805664
2009-07-17,10.154921531677246
2009-07-20,10.299479484558105
2009-07-21,10.263335227966309
2009-07-22,10.326579093933105
2009-07-23,10.66086196899414
2009-07-24,10.696999549865723
2009-07-27,10.814451217651367
2009-07-28,10.769275665283203
2009-07-29,10.633760452270508
2009-07-30,10.796382904052734
2009-07-31,10.91382884979248
2009-08-03,10.959002494812012
2009-08-04,10.995142936706543
2009-08-05,11.06742000579834
2009-08-06,10.886724472045898
2009-08-07,11.221010208129883
2009-08-10,11.004176139831543
2009-08-11,10.85962200164795
2009-08-12,11.112594604492188
2009-08-13,11.06742000579834
2009-08-14,10.85962200164795
2009-08-17,10.552446365356445
2009-08-18,10.760241508483887
2009-08-19,10.805412292480469
2009-08-20,10.895763397216797
2009-08-21,11.166800498962402
2009-08-24,11.139698028564453
2009-08-25,11.193902015686035
2009-08-26,11.1848726272583
2009-08-27,11.103555679321289
2009-08-28,11.112594604492188
2009-08-31,10.959002494812012
2009-09-01,10.642790794372559
2009-09-02,10.507274627685547
2009-09-03,10.715069770812988
2009-09-04,10.85962200164795
2009-09-08,10.949971199035645
2009-09-09,11.040316581726074
2009-09-10,11.1848726272583
2009-09-11,11.130663871765137
2009-09-14,11.14872932434082
2009-09-15,11.175834655761719
2009-09-16,11.356528282165527
2009-09-17,11.356528282165527
2009-09-18,11.428803443908691
2009-09-21,11.23004150390625
2009-09-22,11.23004150390625
2009-09-23,11.112594604492188
2009-09-24,10.931899070739746
2009-09-25,10.787344932556152
2009-09-28,11.01321029663086
2009-09-29,11.022245407104492
2009-09-30,10.922863960266113
2009-10-01,10.615686416625977
2009-10-02,10.489204406738281
2009-10-05,10.642790794372559
2009-10-06,10.814451217651367
2009-10-07,10.805412292480469
2009-10-08,10.895763397216797
2009-10-09,10.931899070739746
2009-10-12,10.886724472045898
2009-10-13,10.8505859375
2009-10-14,10.995142936706543
2009-10-15,11.040316581726074
2009-10-16,10.986104011535645
2009-10-19,11.094523429870605
2009-10-20,10.995142936706543
2009-10-21,10.868658065795898
2009-10-22,11.01321029663086
2009-10-23,10.805412292480469
2009-10-26,10.687967300415039
2009-10-27,10.570514678955078
2009-10-28,10.163956642150879
2009-10-29,10.398857116699219
2009-10-30,10.13685131072998
2009-11-02,10.182025909423828
2009-11-03,10.290441513061523
2009-11-04,10.245269775390625
2009-11-05,10.588583946228027
2009-11-06,10.543411254882812
2009-11-09,10.778312683105469
2009-11-10,10.588583946228027
2009-11-11,10.687967300415039
2009-11-12,10.507274627685547
2009-11-13,10.66086196899414
2009-11-16,10.895763397216797
2009-11-17,10.742172241210938
2009-11-18,10.669897079467773
2009-11-19,10.425962448120117
2009-11-20,10.371750831604004
2009-11-23,10.498239517211914
2009-11-24,10.407889366149902
2009-11-25,10.407889366149902
2009-11-27,10.20913028717041
2009-11-30,10.145888328552246
2009-12-01,10.28140640258789
2009-12-02,10.362719535827637
2009-12-03,10.227198600769043
2009-12-04,10.389822006225586
2009-12-07,10.344648361206055
2009-12-08,10.20913028717041
2009-12-09,10.236234664916992
2009-12-10,10.20913028717041
2009-12-11,10.389822006225586
2009-12-14,10.588583946228027
2009-12-15,10.615686416625977
2009-12-16,10.769275665283203
2009-12-17,10.687967300415039
2009-12-18,10.64819049835205
2009-12-21,10.801857948303223
2009-12-22,10.937448501586914
2009-12-23,11.009759902954102
2009-12-24,11.063997268676758
2009-12-28,10.991682052612305
2009-12-29,10.96456527709961
2009-12-30,10.87416934967041
2009-12-31,10.792821884155273
2010-01-04,10.955527305603027
2010-01-05,11.036879539489746
2010-01-06,11.018800735473633
2010-01-07,11.2899751663208
2010-01-08,11.344208717346191
2010-01-11,11.262859344482422
2010-01-12,11.091111183166504
2010-01-13,11.217662811279297
2010-01-14,11.172467231750488
2010-01-15,11.009759902954102
2010-01-19,11.145347595214844
2010-01-20,10.937448501586914
2010-01-21,10.693387031555176
2010-01-22,10.485486030578613
2010-01-25,10.494524955749512
2010-01-26,10.44933032989502
2010-01-27,10.566841125488281
2010-01-28,10.422216415405273
2010-01-29,10.422216415405273
2010-02-01,10.476445198059082
2010-02-02,10.738584518432617
2010-02-03,10.61203384399414
2010-02-04,10.16911506652832
2010-02-05,10.078720092773438
2010-02-08,10.042563438415527
2010-02-09,10.232386589050293
2010-02-10,10.17815113067627
2010-02-11,10.404134750366211
2010-02-12,10.440293312072754
2010-02-16,10.68435287475586
2010-02-17,10.675312042236328
2010-02-18,10.738584518432617
2010-02-19,10.747621536254883
2010-02-22,10.819938659667969
2010-02-23,10.50356388092041
2010-02-24,10.575879096984863
2010-02-25,10.566841125488281
2010-02-26,10.494524955749512
2010-03-01,10.738584518432617
2010-03-02,10.756662368774414
2010-03-03,10.828975677490234
2010-03-04,10.937448501586914
2010-03-05,11.136309623718262
2010-03-08,11.18150520324707
2010-03-09,11.244779586791992
2010-03-10,11.317092895507812
2010-03-11,11.37132740020752
2010-03-12,11.362289428710938
2010-03-15,11.326131820678711
2010-03-16,11.389410018920898
2010-03-17,11.425566673278809
2010-03-18,11.353250503540039
2010-03-19,11.190546035766602
2010-03-22,11.37132740020752
2010-03-23,11.57019329071045
2010-03-24,11.452680587768555
2010-03-25,11.389410018920898
2010-03-26,11.38036823272705
2010-03-29,11.452680587768555
2010-03-30,11.479798316955566
2010-03-31,11.353250503540039
2010-04-01,11.452680587768555
2010-04-05,11.705778121948242
2010-04-06,11.732897758483887
2010-04-07,11.615388870239258
2010-04-08,11.624427795410156
2010-04-09,11.760017395019531
2010-04-12,11.814249038696289
2010-04-13,11.940800666809082
2010-04-14,12.15774154663086
2010-04-15,12.130623817443848
2010-04-16,11.958881378173828
2010-04-19,11.958881378173828
2010-04-20,12.15774154663086
2010-04-21,12.257172584533691
2010-04-22,12.510271072387695
2010-04-23,12.727208137512207
2010-04-26,12.636815071105957
2010-04-27,12.248130798339844
2010-04-28,12.42891788482666
2010-04-29,12.880876541137695
2010-04-30,12.636815071105957
2010-05-03,12.799524307250977
2010-05-04,12.419878005981445
2010-05-05,12.175819396972656
2010-05-06,11.760017395019531
2010-05-07,11.398444175720215
2010-05-10,12.103506088256836
2010-05-11,12.211976051330566
2010-05-12,12.609701156616211
2010-05-13,12.46507453918457
2010-05-14,12.175819396972656
2010-05-17,12.221015930175781
2010-05-18,11.995035171508789
2010-05-19,11.778095245361328
2010-05-20,11.118232727050781
2010-05-21,11.235739707946777
2010-05-24,11.07303524017334
2010-05-25,11.100153923034668
2010-05-26,11.100153923034668
2010-05-27,11.561153411865234
2010-05-28,11.470757484436035
2010-06-01,11.027838706970215
2010-06-02,11.280937194824219
2010-06-03,11.326131820678711
2010-06-04,10.756662368774414
2010-06-07,10.467406272888184
2010-06-08,10.358939170837402
2010-06-09,10.39509391784668
2010-06-10,10.783783912658691
2010-06-11,10.946484565734863
2010-06-14,11.00072193145752
2010-06-15,11.244779586791992
2010-06-16,11.262859344482422
2010-06-17,11.163426399230957
2010-06-18,11.100153923034668
2010-06-21,11.009759902954102
2010-06-22,10.801857948303223
2010-06-23,10.801857948303223
2010-06-24,10.575879096984863
2010-06-25,10.64819049835205
2010-06-28,10.621075630187988
2010-06-29,10.132955551147461
2010-06-30,10.042563438415527
2010-07-01,9.943132400512695
2010-07-02,9.925054550170898
2010-07-06,9.762347221374512
2010-07-07,10.078720092773438
2010-07-08,10.232386589050293
2010-07-09,10.358939170837402
2010-07-12,10.286626815795898
2010-07-13,10.64819049835205
2010-07-14,10.548761367797852
2010-07-15,10.467406272888184
2010-07-16,10.051604270935059
2010-07-19,10.087764739990234
2010-07-20,10.39509391784668
2010-07-21,10.358939170837402
2010-07-22,10.602994918823242
2010-07-23,10.783783912658691
2010-07-26,11.118232727050781
2010-07-27,10.919367790222168
2010-07-28,10.729546546936035
2010-07-29,10.756662368774414
2010-07-30,10.801857948303223
2010-08-02,11.045920372009277
2010-08-03,10.9284086227417
2010-08-04,10.91032886505127
2010-08-05,10.87416934967041
2010-08-06,10.68435287475586
2010-08-09,10.955527305603027
2010-08-10,10.783783912658691
2010-08-11,10.286626815795898
2010-08-12,10.160073280334473
2010-08-13,10.087764739990234
2010-08-16,10.087764739990234
2010-08-17,10.39509391784668
2010-08-18,10.476445198059082
2010-08-19,10.241429328918457
2010-08-20,10.160073280334473
2010-08-23,10.042563438415527
2010-08-24,9.916016578674316
2010-08-25,10.024487495422363
2010-08-26,9.934097290039062
2010-08-27,10.241429328918457
2010-08-30,9.997370719909668
2010-08-31,9.961213111877441
2010-09-01,10.34085750579834
2010-09-02,10.530681610107422
2010-09-03,10.575879096984863
2010-09-07,10.458368301391602
2010-09-08,10.440293312072754
2010-09-09,10.404134750366211
2010-09-10,10.485486030578613
2010-09-13,10.639150619506836
2010-09-14,10.566841125488281
2010-09-15,10.52164077758789
2010-09-16,10.41317081451416
2010-09-17,10.440293312072754
2010-09-20,10.639150619506836
2010-09-21,10.602994918823242
2010-09-22,10.530681610107422
2010-09-23,10.431251525878906
2010-09-24,10.720504760742188
2010-09-27,10.711466789245605
2010-09-28,10.783783912658691
2010-09-29,10.756662368774414
2010-09-30,10.828975677490234
2010-10-01,10.865132331848145
2010-10-04,10.720504760742188
2010-10-05,10.98263931274414
2010-10-06,10.98263931274414
2010-10-07,10.991682052612305
2010-10-08,11.118232727050781
2010-10-11,11.07303524017334
2010-10-12,11.027838706970215
2010-10-13,11.208622932434082
2010-10-14,11.054956436157227
2010-10-15,11.045920372009277
2010-10-18,11.045920372009277
2010-10-19,10.883212089538574
2010-10-20,11.045920372009277
2010-10-21,11.063997268676758
2010-10-22,11.045920372009277
2010-10-25,11.082074165344238
2010-10-26,11.027838706970215
2010-10-27,10.865132331848145
2010-10-28,10.865132331848145
2010-10-29,10.91032886505127
2010-11-01,10.85609245300293
2010-11-02,11.1091947555542
2010-11-03,11.07303524017334
2010-11-04,11.389410018920898
2010-11-05,11.543074607849121
2010-11-08,11.57019329071045
2010-11-09,11.38036823272705
2010-11-10,11.425566673278809
2010-11-11,11.51595687866211
2010-11-12,11.280937194824219
2010-11-15,11.308053970336914
2010-11-16,10.96456527709961
2010-11-17,11.027838706970215
2010-11-18,11.226701736450195
2010-11-19,11.235739707946777
2010-11-22,11.226701736450195
2010-11-23,11.082074165344238
2010-11-24,11.262859344482422
2010-11-26,11.253823280334473
2010-11-29,11.199583053588867
2010-11-30,11.199583053588867
2010-12-01,11.497878074645996
2010-12-02,11.741934776306152
2010-12-03,11.841365814208984
2010-12-06,11.93175983428955
2010-12-07,12.022154808044434
2010-12-08,12.031192779541016
2010-12-09,12.040229797363281
2010-12-10,12.166781425476074
2010-12-13,12.202938079833984
2010-12-14,12.257172584533691
2010-12-15,12.275251388549805
2010-12-16,12.392760276794434
2010-12-17,12.364006996154785
2010-12-20,12.344839096069336
2010-12-21,12.392760276794434
2010-12-22,12.488607406616211
2010-12-23,12.421514511108398
2010-12-27,12.498190879821777
2010-12-28,12.431099891662598
2010-12-29,12.450267791748047
2010-12-30,12.450267791748047
2010-12-31,12.459851264953613
2011-01-03,12.574864387512207
2011-01-04,12.392760276794434
2011-01-05,12.536526679992676
2011-01-06,12.565281867980957
2011-01-07,12.565281867980957
2011-01-10,12.594035148620605
2011-01-11,12.766555786132812
2011-01-12,12.919906616210938
2011-01-13,12.900738716125488
2011-01-14,13.034919738769531
2011-01-18,13.04450511932373
2011-01-19,12.804892539978027
2011-01-20,12.766555786132812
2011-01-21,12.766555786132812
2011-01-24,12.996582984924316
2011-01-25,13.006168365478516
2011-01-26,13.245781898498535
2011-01-27,13.255362510681152
2011-01-28,12.871983528137207
2011-01-31,12.967832565307617
2011-02-01,13.245781898498535
2011-02-02,13.082846641540527
2011-02-03,13.025333404541016
2011-02-04,13.063672065734863
2011-02-07,13.159520149230957
2011-02-08,13.284117698669434
2011-02-09,13.159520149230957
2011-02-10,13.22661304473877
2011-02-11,13.360795974731445
2011-02-14,13.437471389770508
2011-02-15,13.312871932983398
2011-02-16,13.456639289855957
2011-02-17,13.590819358825684
2011-02-18,13.55248737335205
2011-02-22,13.111597061157227
2011-02-23,12.862399101257324
2011-02-24,12.891154289245605
2011-02-25,13.054089546203613
2011-02-28,13.197856903076172
2011-03-01,12.919906616210938
2011-03-02,13.034919738769531
2011-03-03,13.284117698669434
2011-03-04,13.245781898498535
2011-03-07,12.996582984924316
2011-03-08,13.293703079223633
2011-03-09,13.38955020904541
2011-03-10,13.102011680603027
2011-03-11,13.159520149230957
2011-03-14,13.169107437133789
2011-03-15,13.073260307312012
2011-03-16,12.85281753540039
2011-03-17,12.948660850524902
2011-03-18,13.149935722351074
2011-03-21,13.456639289855957
2011-03-22,13.332042694091797
2011-03-23,13.38955020904541
2011-03-24,13.494978904724121
2011-03-25,13.571653366088867
2011-03-28,13.466222763061523
2011-03-29,13.590819358825684
2011-03-30,13.792095184326172
2011-03-31,13.772926330566406
2011-04-01,13.945448875427246
2011-04-04,13.964618682861328
2011-04-05,13.935864448547363
2011-04-06,13.945448875427246
2011-04-07,13.859184265136719
2011-04-08,13.63874340057373
2011-04-11,13.51414680480957
2011-04-12,13.341625213623047
2011-04-13,13.207442283630371
2011-04-14,13.274534225463867
2011-04-15,13.38955020904541
2011-04-18,13.197856903076172
2011-04-19,13.264951705932617
2011-04-20,13.427886962890625
2011-04-21,13.466222763061523
2011-04-25,13.379963874816895
2011-04-26,13.418302536010742
2011-04-27,13.408720016479492
2011-04-28,13.437471389770508
2011-04-29,13.494978904724121
2011-05-02,13.322456359863281
2011-05-03,13.236196517944336
2011-05-04,12.929491996765137
2011-05-05,12.967832565307617
2011-05-06,13.159520149230957
2011-05-09,13.322456359863281
2011-05-10,13.55248737335205
2011-05-11,13.312871932983398
2011-05-12,13.370376586914062
2011-05-13,13.130766868591309
2011-05-16,12.986997604370117
2011-05-17,12.891154289245605
2011-05-18,13.092427253723145
2011-05-19,13.121179580688477
2011-05-20,12.996582984924316
2011-05-23,12.766555786132812
2011-05-24,12.632369995117188
2011-05-25,12.776142120361328
2011-05-26,12.871983528137207
2011-05-27,12.929491996765137
2011-05-31,13.121179580688477
2011-06-01,12.661127090454102
2011-06-02,12.661127090454102
2011-06-03,12.488607406616211
2011-06-06,12.287330627441406
2011-06-07,12.229822158813477
2011-06-08,12.12439250946045
2011-06-09,12.191485404968262
2011-06-10,11.884782791137695
2011-06-13,11.913533210754395
2011-06-14,12.201069831848145
2011-06-15,11.94228744506836
2011-06-16,11.951874732971191
2011-06-17,12.018966674804688
2011-06-20,12.114808082580566
2011-06-21,12.344839096069336
2011-06-22,12.306500434875488
2011-06-23,12.268163681030273
2011-06-24,12.153148651123047
2011-06-27,12.248991012573242
2011-06-28,12.383174896240234
2011-06-29,12.469438552856445
2011-06-30,12.622786521911621
2011-07-01,12.833646774291992
2011-07-05,12.795307159423828
2011-07-06,12.88156795501709
2011-07-07,13.111597061157227
2011-07-08,12.948660850524902
2011-07-11,12.603621482849121
2011-07-12,12.565281867980957
2011-07-13,12.661127090454102
2011-07-14,12.431099891662598
2011-07-15,12.488607406616211
2011-07-18,12.325666427612305
2011-07-19,12.574864387512207
2011-07-20,12.58444881439209
2011-07-21,12.699458122253418
2011-07-22,12.641956329345703
2011-07-25,12.52694320678711
2011-07-26,12.325666427612305
2011-07-27,11.951874732971191
2011-07-28,11.913533210754395
2011-07-29,11.923120498657227
2011-08-01,11.86561107635498
2011-08-02,11.38638687133789
2011-08-03,11.328879356384277
2011-08-04,10.696305274963379
2011-08-05,10.552536964416504
2011-08-08,9.824114799499512
2011-08-09,10.092476844787598
2011-08-10,9.757022857666016
2011-08-11,10.274587631225586
2011-08-12,10.265000343322754
2011-08-15,10.638797760009766
2011-08-16,10.581289291381836
2011-08-17,10.495026588439941
2011-08-18,9.91037368774414
2011-08-19,9.594087600708008
2011-08-22,9.670759201049805
2011-08-23,10.08289623260498
2011-08-24,10.399185180664062
2011-08-25,10.149981498718262
2011-08-26,10.475860595703125
2011-08-29,10.926329612731934
2011-08-30,11.003005981445312
2011-08-31,10.926329612731934
2011-09-01,10.600460052490234
2011-09-02,10.207493782043457
2011-09-06,10.130816459655762
2011-09-07,10.648381233215332
2011-09-08,10.437522888183594
2011-09-09,10.092476844787598
2011-09-12,10.08289623260498
2011-09-13,10.197907447814941
2011-09-14,10.495026588439941
2011-09-15,10.62921142578125
2011-09-16,10.62153434753418
2011-09-19,10.448827743530273
2011-09-20,10.24733829498291
2011-09-21,9.87313461303711
2011-09-22,9.450958251953125
2011-09-23,9.566096305847168
2011-09-26,9.767592430114746
2011-09-27,10.065031051635742
2011-09-28,9.729214668273926
2011-09-29,9.64285659790039
2011-09-30,9.556501388549805
2011-10-03,9.095945358276367
2011-10-04,9.556501388549805
2011-10-05,9.796378135681152
2011-10-06,10.122602462768555
2011-10-07,10.074625015258789
2011-10-10,10.324092864990234
2011-10-11,10.391258239746094
2011-10-12,10.563968658447266
2011-10-13,10.468021392822266
2011-10-14,10.736674308776855
2011-10-17,10.40085220336914
2011-10-18,10.698295593261719
2011-10-19,10.515992164611816
2011-10-20,10.563968658447266
2011-10-21,10.775053024291992
2011-10-24,11.120468139648438
2011-10-25,10.765459060668945
2011-10-26,11.014925003051758
2011-10-27,11.542647361755371
2011-10-28,11.408315658569336
2011-10-31,11.293180465698242
2011-11-01,10.80383586883545
2011-11-02,10.966954231262207
2011-11-03,11.331554412841797
2011-11-04,11.101277351379395
2011-11-07,11.101277351379395
2011-11-08,11.245203971862793
2011-11-09,10.736674308776855
2011-11-10,10.871001243591309
2011-11-11,11.168444633483887
2011-11-14,10.976546287536621
2011-11-15,11.187633514404297
2011-11-16,11.139659881591797
2011-11-17,10.880599021911621
2011-11-18,10.928573608398438
2011-11-21,10.698295593261719
2011-11-22,10.659916877746582
2011-11-23,10.256930351257324
2011-11-25,10.18017292022705
2011-11-28,10.448827743530273
2011-11-29,10.52558708190918
2011-11-30,11.168444633483887
2011-12-01,11.28358268737793
2011-12-02,11.23560619354248
2011-12-05,11.369937896728516
2011-12-06,11.42750358581543
2011-12-07,11.417909622192383
2011-12-08,11.053305625915527
2011-12-09,11.35074520111084
2011-12-12,11.2739896774292
2011-12-13,10.995734214782715
2011-12-14,10.832621574401855
2011-12-15,10.938167572021484
2011-12-16,11.124373435974121
2011-12-19,10.903614044189453
2011-12-20,11.402724266052246
2011-12-21,11.479508399963379
2011-12-22,11.594684600830078
2011-12-23,11.585088729858398
2011-12-27,11.661871910095215
2011-12-28,11.37392520904541
2011-12-29,11.546695709228516
2011-12-30,11.49870777130127
2012-01-03,11.69067096710205
2012-01-04,11.671470642089844
2012-01-05,11.7290620803833
2012-01-06,11.709866523742676
2012-01-09,11.719466209411621
2012-01-10,11.921024322509766
2012-01-11,12.103395462036133
2012-01-12,12.304956436157227
2012-01-13,12.228172302246094
2012-01-17,12.256965637207031
2012-01-18,12.487325668334961
2012-01-19,12.640897750854492
2012-01-20,12.612103462219238
2012-01-23,12.516122817993164
2012-01-24,12.5833101272583
2012-01-25,12.823263168334961
2012-01-26,12.698484420776367
2012-01-27,12.83285903930664
2012-01-30,12.688888549804688
2012-01-31,12.679291725158691
2012-02-01,12.967238426208496
2012-02-02,13.015228271484375
2012-02-03,13.360766410827637
2012-02-06,13.264786720275879
2012-02-07,13.25518798828125
2012-02-08,13.245587348937988
2012-02-09,13.283979415893555
2012-02-10,13.082415580749512
2012-02-13,13.322370529174805
2012-02-14,13.149605751037598
2012-02-15,13.101615905761719
2012-02-16,13.25518798828125
2012-02-17,13.351166725158691
2012-02-21,13.370363235473633
2012-02-22,13.09201431274414
2012-02-23,13.351166725158691
2012-02-24,13.27437973022461
2012-02-27,13.235984802246094
2012-02-28,13.11120891571045
2012-02-29,13.072816848754883
2012-03-01,13.149605751037598
2012-03-02,12.871254920959473
2012-03-05,12.90004825592041
2012-03-06,12.50652027130127
2012-03-07,12.75607681274414
2012-03-08,13.034425735473633
2012-03-09,13.27437973022461
2012-03-12,13.245587348937988
2012-03-13,13.658310890197754
2012-03-14,13.447148323059082
2012-03-15,13.715900421142578
2012-03-16,13.667912483215332
2012-03-19,13.687105178833008
2012-03-20,13.639115333557129
2012-03-21,13.658310890197754
2012-03-22,13.485541343688965
2012-03-23,13.514341354370117
2012-03-26,13.773492813110352
2012-03-27,13.85987377166748
2012-03-28,13.658310890197754
2012-03-29,13.600724220275879
2012-03-30,13.552730560302734
2012-04-02,13.543130874633789
2012-04-03,13.456748008728027
2012-04-04,13.303174018859863
2012-04-05,13.245587348937988
2012-04-09,13.11120891571045
2012-04-10,12.698484420776367
2012-04-11,12.996036529541016
2012-04-12,13.351166725158691
2012-04-13,13.188002586364746
2012-04-16,13.245587348937988
2012-04-17,13.408760070800781
2012-04-18,13.235984802246094
2012-04-19,13.101615905761719
2012-04-20,13.101615905761719
2012-04-23,13.034425735473633
2012-04-24,13.120807647705078
2012-04-25,13.447148323059082
2012-04-26,13.552730560302734
2012-04-27,13.773492813110352
2012-04-30,13.667912483215332
2012-05-01,13.600724220275879
2012-05-02,13.735101699829102
2012-05-03,13.456748008728027
2012-05-04,13.188002586364746
2012-05-07,13.293577194213867
2012-05-08,13.207192420959473
2012-05-09,13.178400039672852
2012-05-10,13.168802261352539
2012-05-11,13.130404472351074
2012-05-14,12.967238426208496
2012-05-15,12.909646034240723
2012-05-16,12.890448570251465
2012-05-17,12.266565322875977
2012-05-18,12.141786575317383
2012-05-21,12.34334945678711
2012-05-22,12.324152946472168
2012-05-23,12.458528518676758
2012-05-24,12.516122817993164
2012-05-25,12.55451488494873
2012-05-29,12.679291725158691
2012-05-30,12.34334945678711
2012-05-31,12.256965637207031
2012-06-01,11.911431312561035
2012-06-04,11.613885879516602
2012-06-05,11.671470642089844
2012-06-06,12.103395462036133
2012-06-07,12.19937801361084
2012-06-08,12.381744384765625
2012-06-11,12.17057991027832
2012-06-12,12.160985946655273
2012-06-13,12.218571662902832
2012-06-14,12.256965637207031
2012-06-15,12.343419075012207
2012-06-18,12.497112274169922
2012-06-19,12.794891357421875
2012-06-20,12.718045234680176
2012-06-21,12.333810806274414
2012-06-22,12.410658836364746
2012-06-25,12.256964683532715
2012-06-26,12.468293190002441
2012-06-27,12.708436012268066
2012-06-28,12.660408973693848
2012-06-29,13.21754264831543
2012-07-02,13.275182723999023
2012-07-03,13.457687377929688
2012-07-05,13.582566261291504
2012-07-06,13.544139862060547
2012-07-09,13.428874015808105
2012-07-10,13.111884117126465
2012-07-11,12.977400779724121
2012-07-12,13.284782409667969
2012-07-13,13.428874015808105
2012-07-16,13.352023124694824
2012-07-17,13.361629486083984
2012-07-18,13.400055885314941
2012-07-19,13.352023124694824
2012-07-20,13.159911155700684
2012-07-23,13.063851356506348
2012-07-24,12.718045234680176
2012-07-25,12.737255096435547
2012-07-26,13.063851356506348
2012-07-27,13.275182723999023
2012-07-30,13.428874015808105
2012-07-31,13.207938194274902
2012-08-01,12.967790603637695
2012-08-02,13.025428771972656
2012-08-03,13.323206901550293
2012-08-06,13.44808292388916
2012-08-07,13.640198707580566
2012-08-08,13.697831153869629
2012-08-09,13.793889999389648
2012-08-10,13.784286499023438
2012-08-13,13.630595207214355
2012-08-14,13.765073776245117
2012-08-15,13.851523399353027
2012-08-16,14.178118705749512
2012-08-17,14.283784866333008
2012-08-20,14.082063674926758
2012-08-21,14.09167194366455
2012-08-22,14.101277351379395
2012-08-23,14.02442741394043
2012-08-24,14.197332382202148
2012-08-27,14.072457313537598
2012-08-28,14.09167194366455
2012-08-29,14.158910751342773
2012-08-30,14.0436429977417
2012-08-31,14.216546058654785
2012-09-04,14.178118705749512
2012-09-05,14.226153373718262
2012-09-06,14.504714965820312
2012-09-07,14.571958541870117
2012-09-10,14.619988441467285
2012-09-11,14.687226295471191
2012-09-12,15.042638778686523
2012-09-13,15.311603546142578
2012-09-14,15.590165138244629
2012-09-17,15.263571739196777
2012-09-18,15.13869857788086
2012-09-19,15.398053169250488
2012-09-20,15.388450622558594
2012-09-21,15.628599166870117
2012-09-24,15.609379768371582
2012-09-25,15.282785415649414
2012-09-26,14.975400924682617
2012-09-27,15.24436092376709
2012-09-28,15.129094123840332
2012-10-01,15.129094123840332
2012-10-02,15.186724662780762
2012-10-03,15.474900245666504
2012-10-04,15.57096004486084
2012-10-05,15.667012214660645
2012-10-08,15.484503746032715
2012-10-09,15.129094123840332
2012-10-10,15.129094123840332
2012-10-11,15.109882354736328
2012-10-12,15.090668678283691
2012-10-15,15.340417861938477
2012-10-16,15.503718376159668
2012-10-17,15.78228759765625
2012-10-18,15.820710182189941
2012-10-19,15.618989944458008
2012-10-22,15.647809028625488
2012-10-23,15.561348915100098
2012-10-24,15.695830345153809
2012-10-25,15.609379768371582
2012-10-26,15.484503746032715
2012-10-31,15.839919090270996
2012-11-01,16.12809181213379
2012-11-02,15.897549629211426
2012-11-05,16.147306442260742
2012-11-06,16.185726165771484
2012-11-07,15.984009742736816
2012-11-08,15.667012214660645
2012-11-09,15.590165138244629
2012-11-12,15.388450622558594
2012-11-13,15.35962963104248
2012-11-14,14.975400924682617
2012-11-15,14.908163070678711
2012-11-16,15.186724662780762
2012-11-19,15.417265892028809
2012-11-20,15.676621437072754
2012-11-21,15.830315589904785
2012-11-23,16.003219604492188
2012-11-26,16.01282501220703
2012-11-27,16.032033920288086
2012-11-28,16.032033920288086
2012-11-29,16.185726165771484
2012-11-30,16.195337295532227
2012-12-03,16.16651725769043
2012-12-04,16.12809181213379
2012-12-05,15.94558048248291
2012-12-06,15.897549629211426
2012-12-07,15.984009742736816
2012-12-10,16.147306442260742
2012-12-11,16.176122665405273
2012-12-12,16.23375129699707
2012-12-13,16.12809181213379
2012-12-14,16.051240921020508
2012-12-17,16.45468521118164
2012-12-18,16.733259201049805
2012-12-19,16.704442977905273
2012-12-20,16.781286239624023
2012-12-21,16.5892391204834
2012-12-24,16.57958984375
2012-12-26,16.550642013549805
2012-12-27,16.492734909057617
2012-12-28,16.386579513549805
2012-12-31,16.801546096801758
2013-01-02,17.158618927001953
2013-01-03,17.091062545776367
2013-01-04,17.23583221435547
2013-01-07,17.18757438659668
2013-01-08,17.293724060058594
2013-01-09,17.370929718017578
2013-01-10,17.467432022094727
2013-01-11,17.361278533935547
2013-01-14,17.255128860473633
2013-01-15,17.38058853149414
2013-01-16,17.27442741394043
2013-01-17,17.641151428222656
2013-01-18,17.689401626586914
2013-01-22,17.814851760864258
2013-01-23,17.83416175842285
2013-01-24,18.046470642089844
2013-01-25,18.268428802490234
2013-01-28,18.278079986572266
2013-01-29,18.31667709350586
2013-01-30,18.123672485351562
2013-01-31,18.123672485351562
2013-02-01,18.133323669433594
2013-02-04,17.84380340576172
2013-02-05,18.085071563720703
2013-02-06,18.094724655151367
2013-02-07,18.02716827392578
2013-02-08,18.171926498413086
2013-02-11,18.133323669433594
2013-02-12,18.432491302490234
2013-02-13,18.586898803710938
2013-02-14,18.66410255432129
2013-02-15,18.644800186157227
2013-02-19,18.7799072265625
2013-02-20,18.258779525756836
2013-02-21,17.940311431884766
2013-02-22,18.171926498413086
2013-02-25,17.592899322509766
2013-02-26,17.921016693115234
2013-02-27,18.239477157592773
2013-02-28,18.171926498413086
2013-03-01,18.210527420043945
2013-03-04,18.393884658813477
2013-03-05,18.73165512084961
2013-03-06,18.722009658813477
2013-03-07,18.847463607788086
2013-03-08,19.108028411865234
2013-03-11,19.13697624206543
2013-03-12,18.972919464111328
2013-03-13,19.117671966552734
2013-03-14,19.41684341430664
2013-03-15,19.40719223022461
2013-03-18,19.378238677978516
2013-03-19,19.397539138793945
2013-03-20,19.71601676940918
2013-03-21,19.484399795532227
2013-03-22,19.47474479675293
2013-03-25,19.387889862060547
2013-03-26,19.465097427368164
2013-03-27,19.494049072265625
2013-03-28,19.494049072265625
2013-04-01,19.117671966552734
2013-04-02,18.972919464111328
2013-04-03,18.432491302490234
2013-04-04,18.63515281677246
2013-04-05,18.750959396362305
2013-04-08,19.02117156982422
2013-04-09,18.837814331054688
2013-04-10,18.9439640045166
2013-04-11,18.93431854248047
2013-04-12,18.81850814819336
2013-04-15,17.84380340576172
2013-04-16,18.210527420043945
2013-04-17,17.949960708618164
2013-04-18,17.71835708618164
2013-04-19,18.00787353515625
2013-04-22,18.210527420043945
2013-04-23,18.586898803710938
2013-04-24,18.866764068603516
2013-04-25,19.03082275390625
2013-04-26,19.069425582885742
2013-04-29,19.02117156982422
2013-04-30,18.9439640045166
2013-05-01,18.490392684936523
2013-05-02,18.85711669921875
2013-05-03,19.310684204101562
2013-05-06,19.41684341430664
2013-05-07,19.494049072265625
2013-05-08,19.571250915527344
2013-05-09,19.60985565185547
2013-05-10,19.735309600830078
2013-05-13,19.70635414123535
2013-05-14,20.04412269592285
2013-05-15,20.169580459594727
2013-05-16,19.90901756286621
2013-05-17,20.22748565673828
2013-05-20,20.14063262939453
2013-05-21,20.111677169799805
2013-05-22,19.870412826538086
2013-05-23,19.899370193481445
2013-05-24,19.870412826538086
2013-05-28,20.121334075927734
2013-05-29,19.764263153076172
2013-05-30,19.793209075927734
2013-05-31,19.590551376342773
2013-06-03,19.41684341430664
2013-06-04,18.953615188598633
2013-06-05,18.538644790649414
2013-06-06,18.905366897583008
2013-06-07,19.108028411865234
2013-06-10,19.14663314819336
2013-06-11,18.78955078125
2013-06-12,18.557950973510742
2013-06-13,18.99222183227539
2013-06-14,18.924667358398438
2013-06-17,19.13697624206543
2013-06-18,19.40719223022461
2013-06-19,19.040470123291016
2013-06-20,18.413192749023438
2013-06-21,18.142974853515625
2013-06-24,17.756942749023438
2013-06-25,18.02716827392578
2013-06-26,18.094724655151367
2013-06-27,18.442138671875
2013-06-28,18.19122886657715
2013-07-01,18.393884658813477
2013-07-02,18.229825973510742
2013-07-03,18.355289459228516
2013-07-05,18.335981369018555
2013-07-08,18.345632553100586
2013-07-09,18.79921531677246
2013-07-10,18.750959396362305
2013-07-11,19.233478546142578
2013-07-12,19.301034927368164
2013-07-15,19.223825454711914
2013-07-16,19.05011558532715
2013-07-17,19.18522071838379
2013-07-18,19.339641571044922
2013-07-19,19.465097427368164
2013-07-22,19.465097427368164
2013-07-23,19.426488876342773
2013-07-24,19.233478546142578
2013-07-25,19.05011558532715
2013-07-26,18.93431854248047
2013-07-29,18.683399200439453
2013-07-30,18.837814331054688
2013-07-31,19.001873016357422
2013-08-01,19.368587493896484
2013-08-02,19.677400588989258
2013-08-05,19.629152297973633
2013-08-06,19.098377227783203
2013-08-07,18.96327018737793
2013-08-08,19.127330780029297
2013-08-09,19.079071044921875
2013-08-12,19.13697624206543
2013-08-13,19.098377227783203
2013-08-14,18.972919464111328
2013-08-15,18.7702579498291
2013-08-16,18.81850814819336
2013-08-19,18.538644790649414
2013-08-20,18.837814331054688
2013-08-21,18.750959396362305
2013-08-22,19.03082275390625
2013-08-23,18.9439640045166
2013-08-26,18.972919464111328
2013-08-27,18.48073959350586
2013-08-28,18.442138671875
2013-08-29,18.65445327758789
2013-08-30,18.393884658813477
2013-09-03,18.46143913269043
2013-09-04,18.548294067382812
2013-09-05,18.62550163269043
2013-09-06,18.673749923706055
2013-09-09,19.001873016357422
2013-09-10,19.301034927368164
2013-09-11,19.339641571044922
2013-09-12,19.252784729003906
2013-09-13,19.310684204101562
2013-09-16,19.445796966552734
2013-09-17,19.494049072265625
2013-09-18,19.88007164001465
2013-09-19,19.986217498779297
2013-09-20,19.783571243286133
2013-09-23,19.600208282470703
2013-09-24,19.648456573486328
2013-09-25,19.783571243286133
2013-09-26,19.812511444091797
2013-09-27,19.648456573486328
2013-09-30,19.6195068359375
2013-10-01,19.92831802368164
2013-10-02,19.870412826538086
2013-10-03,19.60985565185547
2013-10-04,19.696704864501953
2013-10-07,19.378238677978516
2013-10-08,19.040470123291016
2013-10-09,18.9439640045166
2013-10-10,19.4554443359375
2013-10-11,19.764263153076172
2013-10-14,19.82216453552246
2013-10-15,19.580900192260742
2013-10-16,19.658109664916992
2013-10-17,19.851116180419922
2013-10-18,20.005525588989258
2013-10-21,20.111677169799805
2013-10-22,20.323989868164062
2013-10-23,20.266084671020508
2013-10-24,20.50734519958496
2013-10-25,20.497699737548828
2013-10-28,20.410846710205078
2013-10-29,20.517005920410156
2013-10-30,20.285388946533203
2013-10-31,20.159929275512695
2013-11-01,20.159929275512695
2013-11-04,20.46875762939453
2013-11-05,20.323989868164062
2013-11-06,20.266084671020508
2013-11-07,19.918663024902344
2013-11-08,20.102027893066406
2013-11-11,20.169580459594727
2013-11-12,20.082727432250977
2013-11-13,20.285388946533203
2013-11-14,20.46875762939453
2013-11-15,20.565258026123047
2013-11-18,20.372243881225586
2013-11-19,20.179229736328125
2013-11-20,20.092376708984375
2013-11-21,20.381893157958984
2013-11-22,20.323989868164062
2013-11-25,20.256437301635742
2013-11-26,20.449451446533203
2013-11-27,20.52665138244629
2013-11-29,20.574907302856445
2013-12-02,20.343292236328125
2013-12-03,20.19853401184082
2013-12-04,20.005525588989258
2013-12-05,20.015172958374023
2013-12-06,20.285388946533203
2013-12-09,20.381893157958984
2013-12-10,20.333641052246094
2013-12-11,19.9765682220459
2013-12-12,20.053783416748047
2013-12-13,20.285388946533203
2013-12-16,20.478404998779297
2013-12-17,20.449451446533203
2013-12-18,20.941627502441406
2013-12-19,20.864418029785156
2013-12-20,21.115331649780273
2013-12-23,21.346942901611328
2013-12-24,21.395198822021484
2013-12-26,21.45310401916504
2013-12-27,21.50135040283203
2013-12-30,21.53030776977539
2013-12-31,21.626808166503906
2014-01-02,21.356595993041992
2014-01-03,21.395198822021484
2014-01-06,21.211837768554688
2014-01-07,21.308345794677734
2014-01-08,21.395198822021484
2014-01-09,21.4820613861084
2014-01-10,21.63646125793457
2014-01-13,21.289043426513672
2014-01-14,21.568904876708984
2014-01-15,21.723316192626953
2014-01-16,21.694368362426758
2014-01-17,21.65576171875
2014-01-21,21.752267837524414
2014-01-22,21.83911895751953
2014-01-23,21.694368362426758
2014-01-24,21.096033096313477
2014-01-27,20.960918426513672
2014-01-28,21.211837768554688
2014-01-29,20.970577239990234
2014-01-30,21.105682373046875
2014-01-31,21.144283294677734
2014-02-03,20.266084671020508
2014-02-04,20.632810592651367
2014-02-05,20.545949935913086
2014-02-06,20.941627502441406
2014-02-07,21.12498664855957
2014-02-10,21.06708526611328
2014-02-11,21.202186584472656
2014-02-12,21.346942901611328
2014-02-13,21.45310401916504
2014-02-14,21.57855796813965
2014-02-18,21.694368362426758
2014-02-19,21.424152374267578
2014-02-20,21.800521850585938
2014-02-21,21.723316192626953
2014-02-24,21.90667724609375
2014-02-25,21.88737678527832
2014-02-26,22.27339744567871
2014-02-27,22.35059928894043
2014-02-28,22.26374626159668
2014-03-03,22.09003448486328
2014-03-04,22.5146541595459
2014-03-05,22.485706329345703
2014-03-06,22.562911987304688
2014-03-07,22.60150909423828
2014-03-10,22.360248565673828
2014-03-11,22.225143432617188
2014-03-12,22.080385208129883
2014-03-13,21.77156639099121
2014-03-14,21.858421325683594
2014-03-17,21.9838809967041
2014-03-18,22.302349090576172
2014-03-19,22.21549415588379
2014-03-20,22.138290405273438
2014-03-21,22.147937774658203
2014-03-24,21.94527816772461
2014-03-25,22.00318145751953
2014-03-26,21.694368362426758
2014-03-27,21.607513427734375
2014-03-28,21.868074417114258
2014-03-31,22.118993759155273
2014-04-01,22.254093170166016
2014-04-02,22.37955665588379
2014-04-03,22.302349090576172
2014-04-04,22.032135009765625
2014-04-07,21.44345474243164
2014-04-08,21.607513427734375
2014-04-09,21.954931259155273
2014-04-10,21.539953231811523
2014-04-11,21.260093688964844
2014-04-14,21.279394149780273
2014-04-15,21.346942901611328
2014-04-16,21.568904876708984
2014-04-17,21.65576171875
2014-04-21,21.684707641601562
2014-04-22,21.877723693847656
2014-04-23,21.694368362426758
2014-04-24,21.723316192626953
2014-04-25,21.375904083251953
2014-04-28,21.163585662841797
2014-04-29,21.240793228149414
2014-04-30,21.337291717529297
2014-05-01,21.327648162841797
2014-05-02,21.375904083251953
2014-05-05,21.134634017944336
2014-05-06,20.864418029785156
2014-05-07,20.874069213867188
2014-05-08,20.758262634277344
2014-05-09,20.854768753051758
2014-05-12,21.279394149780273
2014-05-13,21.076732635498047
2014-05-14,20.661752700805664
2014-05-15,20.381893157958984
2014-05-16,20.48804473876953
2014-05-19,20.613508224487305
2014-05-20,20.42049789428711
2014-05-21,20.43979835510254
2014-05-22,20.632810592651367
2014-05-23,20.893373489379883
2014-05-27,21.134634017944336
2014-05-28,21.06708526611328
2014-05-29,21.028472900390625
2014-05-30,20.941627502441406
2014-06-02,20.941627502441406
2014-06-03,20.874069213867188
2014-06-04,20.845115661621094
2014-06-05,21.192533493041992
2014-06-06,21.50135040283203
2014-06-09,21.713666915893555
2014-06-10,21.713666915893555
2014-06-11,21.50135040283203
2014-06-12,21.163585662841797
2014-06-13,21.202186584472656
2014-06-16,21.23113441467285
2014-06-17,21.346942901611328
2014-06-18,21.424152374267578
2014-06-19,21.433801651000977
2014-06-20,21.5351505279541
2014-06-23,21.419322967529297
2014-06-24,21.380714416503906
2014-06-25,21.34209632873535
2014-06-26,21.2841854095459
2014-06-27,21.506196975708008
2014-06-30,21.52550506591797
2014-07-01,21.7957763671875
2014-07-02,21.602724075317383
2014-07-03,21.7957763671875
2014-07-07,21.45793342590332
2014-07-08,21.34209632873535
2014-07-09,21.274534225463867
2014-07-10,21.004249572753906
2014-07-11,21.062171936035156
2014-07-14,21.2841854095459
2014-07-15,21.178001403808594
2014-07-16,21.226268768310547
2014-07-17,20.898075103759766
2014-07-18,21.129741668701172
2014-07-21,21.091129302978516
2014-07-22,21.351747512817383
2014-07-23,21.438631057739258
2014-07-24,21.18765640258789
2014-07-25,21.03321075439453
2014-07-28,20.84016227722168
2014-07-29,20.67606544494629
2014-07-30,20.72432518005371
2014-07-31,20.135517120361328
2014-08-01,20.17411994934082
2014-08-04,20.347877502441406
2014-08-05,20.222387313842773
2014-08-06,20.347877502441406
2014-08-07,20.183773040771484
2014-08-08,20.473365783691406
2014-08-11,20.637460708618164
2014-08-12,20.492656707763672
2014-08-13,20.65675926208496
2014-08-14,20.830503463745117
2014-08-15,20.77259063720703
2014-08-18,21.13939666748047
2014-08-19,21.351747512817383
2014-08-20,21.361406326293945
2014-08-21,21.409669876098633
2014-08-22,21.419322967529297
2014-08-25,21.419322967529297
2014-08-26,21.52550506591797
2014-08-27,21.477231979370117
2014-08-28,21.428979873657227
2014-08-29,21.419322967529297
2014-09-02,21.45793342590332
2014-09-03,21.29384422302246
2014-09-04,21.19730567932129
2014-09-05,21.34209632873535
2014-09-08,21.332447052001953
2014-09-09,21.15869903564453
2014-09-10,21.226268768310547
2014-09-11,21.322792053222656
2014-09-12,21.07183074951172
2014-09-15,21.07183074951172
2014-09-16,21.168350219726562
2014-09-17,21.264883041381836
2014-09-18,21.303491592407227
2014-09-19,21.100788116455078
2014-09-22,20.84016227722168
2014-09-23,20.77259063720703
2014-09-24,20.830503463745117
2014-09-25,20.569887161254883
2014-09-26,20.65675926208496
2014-09-29,20.309263229370117
2014-09-30,20.04863739013672
2014-10-01,19.701143264770508
2014-10-02,19.778364181518555
2014-10-03,19.894197463989258
2014-10-06,19.778364181518555
2014-10-07,19.411563873291016
2014-10-08,19.68182945251465
2014-10-09,19.22815704345703
2014-10-10,18.871009826660156
2014-10-13,18.52351951599121
2014-10-14,18.658655166625977
2014-10-15,18.832399368286133
2014-10-16,19.03510856628418
2014-10-17,19.40190887451172
2014-10-20,19.652883529663086
2014-10-21,20.01003074645996
2014-10-22,19.778364181518555
2014-10-23,20.29961585998535
2014-10-24,20.425098419189453
2014-10-27,20.338220596313477
2014-10-28,20.60849952697754
2014-10-29,20.45405387878418
2014-10-30,20.579544067382812
2014-10-31,20.82085609436035
2014-11-03,20.79189682006836
2014-11-04,20.65675926208496
2014-11-05,20.79189682006836
2014-11-06,20.994606018066406
2014-11-07,21.03321075439453
2014-11-10,20.955989837646484
2014-11-11,21.062171936035156
2014-11-12,21.120092391967773
2014-11-13,20.96564292907715
2014-11-14,20.98495101928711
2014-11-17,20.84981346130371
2014-11-18,20.98495101928711
2014-11-19,20.907730102539062
2014-11-20,21.120092391967773
2014-11-21,21.29384422302246
2014-11-24,21.409669876098633
2014-11-25,21.438631057739258
2014-11-26,21.361406326293945
2014-11-28,21.07183074951172
2014-12-01,20.569887161254883
2014-12-02,20.77259063720703
2014-12-03,20.98495101928711
2014-12-04,20.869121551513672
2014-12-05,20.994606018066406
2014-12-08,20.85946273803711
2014-12-09,21.0139102935791
2014-12-10,20.405790328979492
2014-12-11,20.511964797973633
2014-12-12,19.971418380737305
2014-12-15,19.81697654724121
2014-12-16,19.662534713745117
2014-12-17,20.261001586914062
2014-12-18,20.521623611450195
2014-12-19,20.7022705078125
2014-12-22,20.769887924194336
2014-12-23,20.905147552490234
2014-12-24,20.9148006439209
2014-12-26,21.01140785217285
2014-12-29,21.25291633605957
2014-12-30,20.866497039794922
2014-12-31,20.866497039794922
2015-01-02,20.721593856811523
2015-01-05,20.180606842041016
2015-01-06,19.958423614501953
2015-01-07,20.103328704833984
2015-01-08,20.605667114257812
2015-01-09,20.518720626831055
2015-01-12,20.344831466674805
2015-01-13,20.06468391418457
2015-01-14,20.103328704833984
2015-01-15,19.533363342285156
2015-01-16,19.890792846679688
2015-01-20,19.784530639648438
2015-01-21,19.91011619567871
2015-01-22,20.257898330688477
2015-01-23,20.2868709564209
2015-01-26,20.441442489624023
2015-01-27,20.325519561767578
2015-01-28,20.03569984436035
2015-01-29,20.402795791625977
2015-01-30,20.170949935913086
2015-02-02,20.257898330688477
2015-02-03,20.934123992919922
2015-02-04,20.83751678466797
2015-02-05,21.07902717590332
2015-02-06,21.136995315551758
2015-02-09,21.117673873901367
2015-02-10,21.368837356567383
2015-02-11,21.436464309692383
2015-02-12,21.726276397705078
2015-02-13,21.900161743164062
2015-02-17,21.93880271911621
2015-02-18,22.025747299194336
2015-02-19,21.880834579467773
2015-02-20,22.093366622924805
2015-02-23,22.074052810668945
2015-02-24,22.36385726928711
2015-02-25,22.402507781982422
2015-02-26,22.470121383666992
2015-02-27,22.36385726928711
2015-03-02,22.547412872314453
2015-03-03,22.4508056640625
2015-03-04,22.421825408935547
2015-03-05,22.470121383666992
2015-03-06,22.093366622924805
2015-03-09,22.27691650390625
2015-03-10,21.919485092163086
2015-03-11,21.99676513671875
2015-03-12,22.383182525634766
2015-03-13,22.093366622924805
2015-03-16,22.218952178955078
2015-03-17,22.228618621826172
2015-03-18,22.470121383666992
2015-03-19,22.334880828857422
2015-03-20,22.644010543823242
2015-03-23,22.682655334472656
2015-03-24,22.759939193725586
2015-03-25,22.4508056640625
2015-03-26,22.402507781982422
2015-03-27,22.508769989013672
2015-03-30,22.827560424804688
2015-03-31,22.817899703979492
2015-04-01,22.672992706298828
2015-04-02,22.827560424804688
2015-04-06,22.895185470581055
2015-04-07,22.672992706298828
2015-04-08,22.856548309326172
2015-04-09,22.885530471801758
2015-04-10,23.04009437561035
2015-04-13,22.895185470581055
2015-04-14,22.962804794311523
2015-04-15,23.21398162841797
2015-04-16,22.97246742248535
2015-04-17,22.644010543823242
2015-04-20,22.76959991455078
2015-04-21,22.87586784362793
2015-04-22,22.885530471801758
2015-04-23,22.953147888183594
2015-04-24,22.962804794311523
2015-04-27,22.788921356201172
2015-04-28,22.779264450073242
2015-04-29,22.62469482421875
2015-04-30,22.39284324645996
2015-05-01,22.557064056396484
2015-05-04,22.615032196044922
2015-05-05,22.4508056640625
2015-05-06,22.479793548583984
2015-05-07,22.788921356201172
2015-05-08,23.059415817260742
2015-05-11,23.049755096435547
2015-05-12,22.827560424804688
2015-05-13,22.924169540405273
2015-05-14,23.175336837768555
2015-05-15,23.194656372070312
2015-05-18,23.368541717529297
2015-05-19,23.339555740356445
2015-05-20,23.397523880004883
2015-05-21,23.445831298828125
2015-05-22,23.242958068847656
2015-05-26,23.001449584960938
2015-05-27,23.204322814941406
2015-05-28,23.184993743896484
2015-05-29,23.049755096435547
2015-06-01,23.136693954467773
2015-06-02,23.25261688232422
2015-06-03,23.37820816040039
2015-06-04,23.14635467529297
2015-06-05,23.223642349243164
2015-06-08,23.020771026611328
2015-06-09,22.9434871673584
2015-06-10,23.387863159179688
2015-06-11,23.407184600830078
2015-06-12,23.349225997924805
2015-06-15,23.156015396118164
2015-06-16,23.242958068847656
2015-06-17,23.291261672973633
2015-06-18,23.5037899017334
2015-06-19,23.62171173095703
2015-06-22,23.757020950317383
2015-06-23,23.71835708618164
2015-06-24,23.505722045898438
2015-06-25,23.428401947021484
2015-06-26,23.370412826538086
2015-06-29,22.829158782958984
2015-06-30,22.887157440185547
2015-07-01,23.041791915893555
2015-07-02,22.92581558227539
2015-07-06,22.858152389526367
2015-07-07,22.877485275268555
2015-07-08,22.49088478088379
2015-07-09,22.59719467163086
2015-07-10,22.964475631713867
2015-07-13,23.17710304260254
2015-07-14,23.28342628479004
2015-07-15,23.032129287719727
2015-07-16,23.27375602722168
2015-07-17,23.293088912963867
2015-07-20,23.409069061279297
2015-07-21,23.370412826538086
2015-07-22,23.554052352905273
2015-07-23,23.360746383666992
2015-07-24,23.0707950592041
2015-07-27,22.75183868408203
2015-07-28,22.954811096191406
2015-07-29,23.27375602722168
2015-07-30,23.360746383666992
2015-07-31,23.534717559814453
2015-08-03,23.30275535583496
2015-08-04,23.64103126525879
2015-08-05,23.708696365356445
2015-08-06,23.438072204589844
2015-08-07,23.505722045898438
2015-08-10,23.97932243347168
2015-08-11,23.863344192504883
2015-08-12,23.892322540283203
2015-08-13,23.950326919555664
2015-08-14,24.19194984436035
2015-08-17,24.346590042114258
2015-08-18,24.45290756225586
2015-08-19,24.356264114379883
2015-08-20,23.592714309692383
2015-08-21,23.215774536132812
2015-08-24,22.461885452270508
2015-08-25,22.06561279296875
2015-08-26,22.635854721069336
2015-08-27,23.08045768737793
2015-08-28,23.15777587890625
2015-08-31,23.28342628479004
2015-09-01,22.76150131225586
2015-09-02,23.15777587890625
2015-09-03,23.351076126098633
2015-09-04,23.08045768737793
2015-09-08,23.62171173095703
2015-09-09,23.428401947021484
2015-09-10,23.389745712280273
2015-09-11,23.486391067504883
2015-09-14,23.563711166381836
2015-09-15,23.776350021362305
2015-09-16,23.863344192504883
2015-09-17,23.892322540283203
2015-09-18,23.399404525756836
2015-09-21,23.351076126098633
2015-09-22,22.877485275268555
2015-09-23,22.809823989868164
2015-09-24,22.616527557373047
2015-09-25,22.48120880126953
2015-09-28,21.7659912109375
2015-09-29,21.26340675354004
2015-09-30,21.71766471862793
2015-10-01,22.007617950439453
2015-10-02,22.21058464050293
2015-10-05,22.858152389526367
2015-10-06,22.616527557373047
2015-10-07,23.08045768737793
2015-10-08,23.41873550415039
2015-10-09,23.486391067504883
2015-10-12,23.312419891357422
2015-10-13,22.94514274597168
2015-10-14,22.56819725036621
2015-10-15,22.954811096191406
2015-10-16,22.906482696533203
2015-10-19,22.974138259887695
2015-10-20,23.032129287719727
2015-10-21,22.838829040527344
2015-10-22,23.215774536132812
2015-10-23,23.457399368286133
2015-10-26,23.27375602722168
2015-10-27,22.89682388305664
2015-10-28,23.341413497924805
2015-10-29,23.022464752197266
2015-10-30,23.312419891357422
2015-11-02,23.534717559814453
2015-11-03,23.360746383666992
2015-11-04,23.44773292541504
2015-11-05,23.679697036743164
2015-11-06,23.631372451782227
2015-11-09,23.341413497924805
2015-11-10,23.534717559814453
2015-11-11,23.71835708618164
2015-11-12,23.19643783569336
2015-11-13,23.061128616333008
2015-11-16,23.38007354736328
2015-11-17,23.399404525756836
2015-11-18,23.84400749206543
2015-11-19,23.873001098632812
2015-11-20,23.959985733032227
2015-11-23,24.124298095703125
2015-11-24,24.41425323486328
2015-11-25,24.501239776611328
2015-11-27,24.607559204101562
2015-11-30,24.394920349121094
2015-12-01,24.646217346191406
2015-12-02,24.423913955688477
2015-12-03,24.037311553955078
2015-12-04,24.394920349121094
2015-12-07,23.969654083251953
2015-12-08,23.853670120239258
2015-12-09,23.370412826538086
2015-12-10,23.360746383666992
2015-12-11,23.051462173461914
2015-12-14,22.92581558227539
2015-12-15,23.15777587890625
2015-12-16,23.5153865814209
2015-12-17,23.061128616333008
2015-12-18,22.70717430114746
2015-12-21,22.755521774291992
2015-12-22,23.03598403930664
2015-12-23,23.355121612548828
2015-12-24,23.364782333374023
2015-12-28,23.21006202697754
2015-12-29,23.41314125061035
2015-12-30,23.200387954711914
2015-12-31,23.016639709472656
2016-01-04,22.4847412109375
2016-01-05,22.455724716186523
2016-01-06,22.05923080444336
2016-01-07,21.45963478088379
2016-01-08,21.024444580078125
2016-01-11,20.937402725219727
2016-01-12,21.121156692504883
2016-01-13,20.424854278564453
2016-01-14,20.637605667114258
2016-01-15,20.376489639282227
2016-01-19,20.154069900512695
2016-01-20,19.970321655273438
2016-01-21,20.086366653442383
2016-01-22,20.5795841217041
2016-01-25,20.144390106201172
2016-01-26,20.62793731689453
2016-01-27,20.560243606567383
2016-01-28,20.48287582397461
2016-01-29,21.275890350341797
2016-02-01,21.130821228027344
2016-02-02,20.637605667114258
2016-02-03,20.424854278564453
2016-02-04,20.695632934570312
2016-02-05,20.12505531311035
2016-02-08,19.370731353759766
2016-02-09,19.525461196899414
2016-02-10,19.73822021484375
2016-02-11,19.35138702392578
2016-02-12,19.825267791748047
2016-02-16,20.29912757873535
2016-02-17,20.7536563873291
2016-02-18,20.62793731689453
2016-02-19,20.705305099487305
2016-02-22,21.082468032836914
2016-02-23,21.092138290405273
2016-02-24,21.33391571044922
2016-02-25,21.54666519165039
2016-02-26,21.701404571533203
2016-02-29,21.575681686401367
2016-03-01,22.0495548248291
2016-03-02,22.126922607421875
2016-03-03,22.320344924926758
2016-03-04,22.55243492126465
2016-03-07,22.73618507385254
2016-03-08,22.504087448120117
2016-03-09,22.494415283203125
2016-03-10,22.436384201049805
2016-03-11,22.939273834228516
2016-03-14,22.900590896606445
2016-03-15,22.678157806396484
2016-03-16,22.977956771850586
2016-03-17,23.519521713256836
2016-03-18,23.74195098876953
2016-03-21,23.616233825683594
2016-03-22,23.761295318603516
2016-03-23,23.422815322875977
2016-03-24,23.471172332763672
2016-03-28,23.558210372924805
2016-03-29,24.06109046936035
2016-03-30,24.032081604003906
2016-03-31,24.1287899017334
2016-04-01,24.3028621673584
2016-04-04,23.99339485168457
2016-04-05,23.858003616333008
2016-04-06,24.186813354492188
2016-04-07,23.86767578125
2016-04-08,24.032081604003906
2016-04-11,24.051422119140625
2016-04-12,24.215829849243164
2016-04-13,24.68003273010254
2016-04-14,24.554309844970703
2016-04-15,24.631671905517578
2016-04-18,24.7767391204834
2016-04-19,24.738054275512695
2016-04-20,24.834754943847656
2016-04-21,24.670351028442383
2016-04-22,24.8637752532959
2016-04-25,24.612337112426758
2016-04-26,24.834754943847656
2016-04-27,25.07653045654297
2016-04-28,24.496278762817383
2016-04-29,24.23516845703125
2016-05-02,24.602664947509766
2016-05-03,24.22549819946289
2016-05-04,24.138460159301758
2016-05-05,24.206153869628906
2016-05-06,24.41891098022461
2016-05-09,24.438257217407227
2016-05-10,24.699369430541992
2016-05-11,24.48661231994629
2016-05-12,24.50595474243164
2016-05-13,24.244834899902344
2016-05-16,24.563976287841797
2016-05-17,24.36088752746582
2016-05-18,24.186813354492188
2016-05-19,24.14812469482422
2016-05-20,24.554309844970703
2016-05-23,24.612337112426758
2016-05-24,25.12488555908203
2016-05-25,25.289295196533203
2016-05-26,25.21192169189453
2016-05-27,25.279621124267578
2016-05-31,25.26027488708496
2016-06-01,25.32797622680664
2016-06-02,25.21192169189453
2016-06-03,25.066864013671875
2016-06-06,25.18290901184082
2016-06-07,25.366657257080078
2016-06-08,25.550405502319336
2016-06-09,25.395671844482422
2016-06-10,24.89278221130371
2016-06-13,24.563976287841797
2016-06-14,24.438257217407227
2016-06-15,24.64134407043457
2016-06-16,24.563976287841797
2016-06-17,24.684104919433594
2016-06-20,25.05223274230957
2016-06-21,24.95535659790039
2016-06-22,24.87785530090332
2016-06-23,25.284738540649414
2016-06-24,24.50004005432129
2016-06-27,23.76378059387207
2016-06-28,24.131908416748047
2016-06-29,24.57754135131836
2016-06-30,25.129737854003906
2016-07-01,25.236297607421875
2016-07-05,24.945674896240234
2016-07-06,25.294424057006836
2016-07-07,25.4300537109375
2016-07-08,25.982248306274414
2016-07-11,26.282564163208008
2016-07-12,26.37944221496582
2016-07-13,26.36006736755371
2016-07-14,26.33099937438965
2016-07-15,26.389127731323242
2016-07-18,26.61194610595703
2016-07-19,26.33099937438965
2016-07-20,26.495689392089844
2016-07-21,26.243816375732422
2016-07-22,26.398818969726562
2016-07-25,26.389127731323242
2016-07-26,26.505380630493164
2016-07-27,26.51506996154785
2016-07-28,26.57319450378418
2016-07-29,26.369749069213867
2016-08-01,26.195371627807617
2016-08-02,25.95319175720215
2016-08-03,26.098499298095703
2016-08-04,25.86599349975586
2016-08-05,26.2631893157959
2016-08-08,26.176002502441406
2016-08-09,26.00162124633789
2016-08-10,25.991928100585938
2016-08-11,26.059749603271484
2016-08-12,25.895061492919922
2016-08-15,26.14693832397461
2016-08-16,25.933809280395508
2016-08-17,25.60443687438965
2016-08-18,25.720684051513672
2016-08-19,25.652870178222656
2016-08-22,25.836929321289062
2016-08-23,26.098499298095703
2016-08-24,25.924123764038086
2016-08-25,25.895061492919922
2016-08-26,25.701303482055664
2016-08-29,25.81755828857422
2016-08-30,25.836929321289062
2016-08-31,25.41067886352539
2016-09-01,25.352548599243164
2016-09-02,25.565675735473633
2016-09-06,25.420366287231445
2016-09-07,25.478496551513672
2016-09-08,25.4300537109375
2016-09-09,24.36441421508789
2016-09-12,24.645355224609375
2016-09-13,24.248159408569336
2016-09-14,24.131908416748047
2016-09-15,24.40315818786621
2016-09-16,24.16097068786621
2016-09-19,24.37409782409668
2016-09-20,24.238466262817383
2016-09-21,24.62598419189453
2016-09-22,25.032855987548828
2016-09-23,24.916608810424805
2016-09-26,24.82942008972168
2016-09-27,24.965045928955078
2016-09-28,25.245990753173828
2016-09-29,24.965045928955078
2016-09-30,25.11035919189453
2016-10-03,24.810047149658203
2016-10-04,24.713165283203125
2016-10-05,24.95535659790039
2016-10-06,25.323486328125
2016-10-07,24.810047149658203
2016-10-10,24.98442268371582
2016-10-11,24.432226181030273
2016-10-12,24.60660743713379
2016-10-13,24.441917419433594
2016-10-14,24.529104232788086
2016-10-17,24.50004005432129
2016-10-18,24.441917419433594
2016-10-19,24.36441421508789
2016-10-20,24.170658111572266
2016-10-21,24.209409713745117
2016-10-24,24.257856369018555
2016-10-25,23.657217025756836
2016-10-26,23.589399337768555
2016-10-27,23.473148345947266
2016-10-28,23.686277389526367
2016-10-31,23.880029678344727
2016-11-01,23.657217025756836
2016-11-02,23.4440860748291
2016-11-03,23.230955123901367
2016-11-04,23.54096221923828
2016-11-07,23.860652923583984
2016-11-08,24.112531661987305
2016-11-09,25.275049209594727
2016-11-10,25.885366439819336
2016-11-11,26.050065994262695
2016-11-14,26.495689392089844
2016-11-15,26.69913673400879
2016-11-16,26.389127731323242
2016-11-17,26.718505859375
2016-11-18,26.679758071899414
2016-11-21,26.902572631835938
2016-11-22,27.08664321899414
2016-11-23,27.348201751708984
2016-11-25,27.580711364746094
2016-11-28,27.10601043701172
2016-11-29,27.05756950378418
2016-11-30,26.912260055541992
2016-12-01,26.9606990814209
2016-12-02,26.980073928833008
2016-12-05,27.280393600463867
2016-12-06,27.493518829345703
2016-12-07,27.948837280273438
2016-12-08,28.161972045898438
2016-12-09,28.22010040283203
2016-12-12,27.968212127685547
2016-12-13,27.832582473754883
2016-12-14,27.541963577270508
2016-12-15,27.522579193115234
2016-12-16,27.389657974243164
2016-12-19,27.52549171447754
2016-12-20,27.76805305480957
2016-12-21,27.748645782470703
2016-12-22,27.49639129638672
2016-12-23,27.544897079467773
2016-12-27,27.748645782470703
2016-12-28,27.360546112060547
2016-12-29,27.331439971923828
2016-12-30,27.04038429260254
2017-01-03,27.321746826171875
2017-01-04,27.71953582763672
2017-01-05,27.39936065673828
2017-01-06,27.10828971862793
2017-01-09,26.80752182006836
2017-01-10,27.117996215820312
2017-01-11,27.26352882385254
2017-01-12,27.001567840576172
2017-01-13,27.302337646484375
2017-01-17,26.98216438293457
2017-01-18,27.117996215820312
2017-01-19,27.001567840576172
2017-01-20,27.127700805664062
2017-01-23,27.24412727355957
2017-01-24,28.107633590698242
2017-01-25,28.718883514404297
2017-01-26,28.58304786682129
2017-01-27,28.35019302368164
2017-01-30,28.020307540893555
2017-01-31,27.874771118164062
2017-02-01,27.80686378479004
2017-02-02,27.515789031982422
2017-02-03,27.942691802978516
2017-02-06,27.80686378479004
2017-02-07,27.700130462646484
2017-02-08,27.53519058227539
2017-02-09,27.826261520385742
2017-02-10,28.146442413330078
2017-02-13,28.117332458496094
2017-02-14,28.097932815551758
2017-02-15,28.291973114013672
2017-02-16,28.24346351623535
2017-02-17,27.981504440307617
2017-02-21,28.388999938964844
2017-02-22,28.185251235961914
2017-02-23,27.574005126953125
2017-02-24,27.661319732666016
2017-02-27,28.06882095336914
2017-02-28,27.826261520385742
2017-03-01,28.50542640686035
2017-03-02,28.2531681060791
2017-03-03,28.31138038635254
2017-03-06,28.107633590698242
2017-03-07,27.971803665161133
2017-03-08,28.06882095336914
2017-03-09,27.845670700073242
2017-03-10,28.1949520111084
2017-03-13,28.27256965637207
2017-03-14,28.039714813232422
2017-03-15,28.418109893798828
2017-03-16,28.46661376953125
2017-03-17,28.4957275390625
2017-03-20,28.340484619140625
2017-03-21,27.80686378479004
2017-03-22,27.845670700073242
2017-03-23,27.981504440307617
2017-03-24,27.729249954223633
2017-03-27,27.671031951904297
2017-03-28,27.88447380065918
2017-03-29,28.059120178222656
2017-03-30,28.16583824157715
2017-03-31,28.33078384399414
2017-04-03,28.00090217590332
2017-04-04,28.030012130737305
2017-04-05,27.81656265258789
2017-04-06,28.030012130737305
2017-04-07,28.12704086303711
2017-04-10,28.214359283447266
2017-04-11,28.437515258789062
2017-04-12,27.962095260620117
2017-04-13,27.738941192626953
2017-04-17,28.097932815551758
2017-04-18,28.06882095336914
2017-04-19,28.1949520111084
2017-04-20,28.398704528808594
2017-04-21,28.46661376953125
2017-04-24,28.718883514404297
2017-04-25,28.81590461730957
2017-04-26,28.87411117553711
2017-04-27,29.087570190429688
2017-04-28,28.689775466918945
2017-05-01,28.87411117553711
2017-05-02,28.961437225341797
2017-05-03,28.90322494506836
2017-05-04,29.0584659576416
2017-05-05,29.136079788208008
2017-05-08,28.951738357543945
2017-05-09,29.106971740722656
2017-05-10,29.16518783569336
2017-05-11,29.009946823120117
2017-05-12,28.7576847076416
2017-05-15,28.81590461730957
2017-05-16,28.650957107543945
2017-05-17,27.86507225036621
2017-05-18,27.9329891204834
2017-05-19,28.214359283447266
2017-05-22,28.301677703857422
2017-05-23,28.204660415649414
2017-05-24,28.12704086303711
2017-05-25,28.13673973083496
2017-05-26,27.942691802978516
2017-05-30,27.89417266845703
2017-05-31,27.797161102294922
2017-06-01,28.282268524169922
2017-06-02,28.46661376953125
2017-06-05,28.24346351623535
2017-06-06,28.156145095825195
2017-06-07,28.214359283447266
2017-06-08,28.37929344177246
2017-06-09,28.689775466918945
2017-06-12,28.718883514404297
2017-06-13,29.039058685302734
2017-06-14,28.90322494506836
2017-06-15,28.72858238220215
2017-06-16,28.732467651367188
2017-06-19,29.101449966430664
2017-06-20,28.994640350341797
2017-06-21,28.703336715698242
2017-06-22,28.6547908782959
2017-06-23,28.790719985961914
2017-06-26,28.984933853149414
2017-06-27,28.761598587036133
2017-06-28,29.130582809448242
2017-06-29,28.674203872680664
2017-06-30,28.984933853149414
2017-07-03,28.994640350341797
2017-07-05,28.994640350341797
2017-07-06,28.683910369873047
2017-07-07,29.004352569580078
2017-07-10,28.975223541259766
2017-07-11,28.848987579345703
2017-07-12,29.014057159423828
2017-07-13,29.023771286010742
2017-07-14,29.014057159423828
2017-07-17,29.0626163482666
2017-07-18,28.713043212890625
2017-07-19,29.014057159423828
2017-07-20,28.62565803527832
2017-07-21,28.722749710083008
2017-07-24,28.722749710083008
2017-07-25,28.916961669921875
2017-07-26,28.781015396118164
2017-07-27,28.810144424438477
2017-07-28,28.693626403808594
2017-07-31,28.761598587036133
2017-08-01,28.810144424438477
2017-08-02,28.7421817779541
2017-08-03,28.557682037353516
2017-08-04,28.781015396118164
2017-08-07,28.800439834594727
2017-08-08,28.87811851501465
2017-08-09,28.781015396118164
2017-08-10,28.14985466003418
2017-08-11,28.237245559692383
2017-08-14,28.50912857055664
2017-08-15,28.276084899902344
2017-08-16,28.344057083129883
2017-08-17,27.858552932739258
2017-08-18,27.654634475708008
2017-08-21,27.61579704284668
2017-08-22,27.848834991455078
2017-08-23,27.6060848236084
2017-08-24,27.489561080932617
2017-08-25,27.547819137573242
2017-08-28,27.6934757232666
2017-08-29,27.79058074951172
2017-08-30,28.1401424407959
2017-08-31,28.53826141357422
2017-09-01,28.7421817779541
2017-09-05,28.547971725463867
2017-09-06,28.713043212890625
2017-09-07,28.761598587036133
2017-09-08,29.014057159423828
2017-09-11,28.984933853149414
2017-09-12,29.33449363708496
2017-09-13,29.198551177978516
2017-09-14,29.07231903076172
2017-09-15,29.11116600036621
2017-09-18,29.286985397338867
2017-09-19,29.461835861206055
2017-09-20,29.4229736328125
2017-09-21,29.44240379333496
2017-09-22,29.47154998779297
2017-09-25,29.62696647644043
2017-09-26,29.762964248657227
2017-09-27,29.986379623413086
2017-09-28,30.31663703918457
2017-09-29,30.433210372924805
2017-10-02,30.64690589904785
2017-10-03,30.705188751220703
2017-10-04,30.802324295043945
2017-10-05,30.889755249023438
2017-10-06,31.025745391845703
2017-10-09,30.889755249023438
2017-10-10,30.87032127380371
2017-10-11,30.977176666259766
2017-10-12,31.035459518432617
2017-10-13,31.01603126525879
2017-10-16,31.113168716430664
2017-10-17,31.035459518432617
2017-10-18,31.084030151367188
2017-10-19,31.336589813232422
2017-10-20,31.569713592529297
2017-10-23,31.569713592529297
2017-10-24,31.899982452392578
2017-10-25,31.48228645324707
2017-10-26,31.870838165283203
2017-10-27,32.04568099975586
2017-10-30,31.967981338500977
2017-10-31,32.22052764892578
2017-11-01,32.20111083984375
2017-11-02,31.71541976928711
2017-11-03,31.802854537963867
2017-11-06,32.15254592895508
2017-11-07,32.04568099975586
2017-11-08,32.035987854003906
2017-11-09,31.97768783569336
2017-11-10,31.899982452392578
2017-11-13,31.948551177978516
2017-11-14,31.8902645111084
2017-11-15,31.56000328063965
2017-11-16,31.793127059936523
2017-11-17,32.06512451171875
2017-11-20,32.31766891479492
2017-11-21,32.69651412963867
2017-11-22,32.677093505859375
2017-11-24,32.68680191040039
2017-11-27,32.5799446105957
2017-11-28,33.19191360473633
2017-11-29,33.46390151977539
2017-11-30,33.716453552246094
2017-12-01,33.42504119873047
2017-12-04,33.70675277709961
2017-12-05,33.065650939941406
2017-12-06,32.79364776611328
2017-12-07,32.910221099853516
2017-12-08,33.240482330322266
2017-12-11,32.978214263916016
2017-12-12,32.76450729370117
2017-12-13,32.76450729370117
2017-12-14,32.5313720703125
2017-12-15,32.80336380004883
2017-12-18,33.40121078491211
2017-12-19,33.07068634033203
2017-12-20,33.284542083740234
2017-12-21,33.585899353027344
2017-12-22,33.46924591064453
2017-12-26,33.576175689697266
2017-12-27,33.644222259521484
2017-12-28,33.90669631958008
2017-12-29,33.71226119995117
2018-01-02,33.88725280761719
2018-01-03,34.48023223876953
2018-01-04,34.30525207519531
2018-01-05,34.57743835449219
2018-01-08,34.66492462158203
2018-01-09,34.64548873901367
2018-01-10,34.10111999511719
2018-01-11,34.801025390625
2018-01-12,34.85933303833008
2018-01-16,34.276084899902344
2018-01-17,34.742706298828125
2018-01-18,34.44135665893555
2018-01-19,34.898223876953125
2018-01-22,35.01488494873047
2018-01-23,35.102359771728516
2018-01-24,35.08292007446289
2018-01-25,34.67465591430664
2018-01-26,34.713531494140625
2018-01-29,33.935855865478516
2018-01-30,33.79975891113281
2018-01-31,33.40121078491211
2018-02-01,33.449798583984375
2018-02-02,32.49713897705078
2018-02-05,31.204265594482422
2018-02-06,31.89446258544922
2018-02-07,31.845836639404297
2018-02-08,30.552961349487305
2018-02-09,30.689056396484375
2018-02-12,31.145944595336914
2018-02-13,31.301475524902344
2018-02-14,31.75835418701172
2018-02-15,31.7972354888916
2018-02-16,32.06943130493164
2018-02-20,31.68059730529785
2018-02-21,31.42784881591797
2018-02-22,31.340360641479492
2018-02-23,31.28203773498535
2018-02-26,31.252870559692383
2018-02-27,30.659889221191406
2018-02-28,29.940540313720703
2018-03-01,29.658632278442383
2018-03-02,29.79473114013672
2018-03-05,30.018306732177734
2018-03-06,30.416868209838867
2018-03-07,30.329383850097656
2018-03-08,30.193283081054688
2018-03-09,30.795988082885742
2018-03-12,30.834863662719727
2018-03-13,30.893192291259766
2018-03-14,30.533525466918945
2018-03-15,30.339096069335938
2018-03-16,30.611289978027344
2018-03-19,30.387710571289062
2018-03-20,30.387710571289062
2018-03-21,30.611289978027344
2018-03-22,29.940540313720703
2018-03-23,29.49337387084961
2018-03-26,30.368257522583008
2018-03-27,29.969703674316406
2018-03-28,29.90165901184082
2018-03-29,30.35854148864746
2018-04-02,29.464216232299805
2018-04-03,29.90165901184082
2018-04-04,30.64044952392578
2018-04-05,30.941802978515625
2018-04-06,30.144683837890625
2018-04-09,29.9891414642334
2018-04-10,30.37798500061035
2018-04-11,30.13496208190918
2018-04-12,30.047468185424805
2018-04-13,29.959983825683594
2018-04-16,30.397430419921875
2018-04-17,30.65017318725586
2018-04-18,30.854310989379883
2018-04-19,30.203012466430664
2018-04-20,29.853052139282227
2018-04-23,29.979429244995117
2018-04-24,29.5128231048584
2018-04-25,29.541980743408203
2018-04-26,29.90165901184082
2018-04-27,29.998870849609375
2018-04-30,29.483657836914062
2018-05-01,29.69751739501953
2018-05-02,29.619747161865234
2018-05-03,29.61002540588379
2018-05-04,29.775287628173828
2018-05-07,29.882217407226562
2018-05-08,30.13496208190918
2018-05-09,29.853052139282227
2018-05-10,29.940540313720703
2018-05-11,30.047468185424805
2018-05-14,29.882217407226562
2018-05-15,29.35728645324707
2018-05-16,29.503101348876953
2018-05-17,29.79473114013672
2018-05-18,30.07663345336914
2018-05-21,30.280771255493164
2018-05-22,29.90165901184082
2018-05-23,29.959983825683594
2018-05-24,30.018306732177734
2018-05-25,30.164127349853516
2018-05-29,30.13496208190918
2018-05-30,30.446027755737305
2018-05-31,30.212722778320312
2018-06-01,30.31966209411621
2018-06-04,30.552961349487305
2018-06-05,30.659889221191406
2018-06-06,30.912633895874023
2018-06-07,30.990406036376953
2018-06-08,31.359804153442383
2018-06-11,31.262590408325195
2018-06-12,31.5056095123291
2018-06-13,30.873750686645508
2018-06-14,30.776548385620117
2018-06-15,30.689056396484375
2018-06-18,30.721189498901367
2018-06-19,30.57512855529785
2018-06-20,30.64328956604004
2018-06-21,30.21484375
2018-06-22,30.11747932434082
2018-06-25,29.581928253173828
2018-06-26,29.825361251831055
2018-06-27,29.474817276000977
2018-06-28,29.48455810546875
2018-06-29,29.69877052307129
2018-07-02,29.72798728942871
2018-07-03,29.796142578125
2018-07-05,30.11747932434082
2018-07-06,30.127208709716797
2018-07-09,30.40959930419922
2018-07-10,30.30248260498047
2018-07-11,29.990888595581055
2018-07-12,30.088268280029297
2018-07-13,30.283010482788086
2018-07-16,30.13695526123047
2018-07-17,30.429067611694336
2018-07-18,30.41933250427246
2018-07-19,30.691974639892578
2018-07-20,30.253793716430664
2018-07-23,30.020105361938477
2018-07-24,29.805883407592773
2018-07-25,29.435863494873047
2018-07-26,29.708513259887695
2018-07-27,29.445602416992188
2018-07-30,29.28980255126953
2018-07-31,29.69877052307129
2018-08-01,29.31901741027832
2018-08-02,29.552715301513672
2018-08-03,29.62087631225586
2018-08-06,29.796142578125
2018-08-07,30.21484375
2018-08-08,30.1759033203125
2018-08-09,30.195375442504883
2018-08-10,29.96167755126953
2018-08-13,29.426122665405273
2018-08-14,29.805883407592773
2018-08-15,29.640352249145508
2018-08-16,29.805883407592773
2018-08-17,30.039581298828125
2018-08-20,30.059051513671875
2018-08-21,30.623817443847656
2018-08-22,30.468019485473633
2018-08-23,30.22458839416504
2018-08-24,30.253793716430664
2018-08-27,30.497230529785156
2018-08-28,30.26353645324707
2018-08-29,30.40959930419922
2018-08-30,30.127208709716797
2018-08-31,30.146690368652344
2018-09-04,30.166162490844727
2018-09-05,30.292747497558594
2018-09-06,30.283010482788086
2018-09-07,29.990888595581055
2018-09-10,30.127208709716797
2018-09-11,30.23432159423828
2018-09-12,30.312219619750977
2018-09-13,30.097997665405273
2018-09-14,30.26353645324707
2018-09-17,29.932466506958008
2018-09-18,30.059051513671875
2018-09-19,30.068784713745117
2018-09-20,30.146690368652344
2018-09-21,29.913000106811523
2018-09-24,29.608915328979492
2018-09-25,29.550432205200195
2018-09-26,29.316524505615234
2018-09-27,29.20932388305664
2018-09-28,28.985157012939453
2018-10-01,28.809722900390625
2018-10-02,28.741504669189453
2018-10-03,28.78048324584961
2018-10-04,28.507596969604492
2018-10-05,28.195716857910156
2018-10-08,28.341907501220703
2018-10-09,27.786373138427734
2018-10-10,27.113889694213867
2018-10-11,26.558353424072266
2018-10-12,26.519371032714844
2018-10-15,26.49013328552246
2018-10-16,27.04566192626953
2018-10-17,26.41216468811035
2018-10-18,25.8858699798584
2018-10-19,25.379066467285156
2018-10-22,25.301095962524414
2018-10-23,25.184139251708984
2018-10-24,24.384958267211914
2018-10-25,24.93074607849121
2018-10-26,24.579883575439453
2018-10-29,24.199777603149414
2018-10-30,25.20363998413086
2018-10-31,25.301095962524414
2018-11-01,26.236730575561523
2018-11-02,26.080793380737305
2018-11-05,26.168514251708984
2018-11-06,26.4998779296875
2018-11-07,26.957948684692383
2018-11-08,26.63632583618164
2018-11-09,26.13926887512207
2018-11-12,25.564247131347656
2018-11-13,25.827392578125
2018-11-14,25.778661727905273
2018-11-15,25.72018051147461
2018-11-16,25.73967933654785
2018-11-19,25.427799224853516
2018-11-20,24.989219665527344
2018-11-21,25.33033561706543
2018-11-23,25.3400821685791
2018-11-26,25.52525520324707
2018-11-27,25.476526260375977
2018-11-28,26.13926887512207
2018-11-29,25.98333168029785
2018-11-30,26.100282669067383
2018-12-03,26.256229400634766
2018-12-04,24.99896240234375
2018-12-06,25.096424102783203
2018-12-07,24.482418060302734
2018-12-10,24.21927261352539
2018-12-11,24.092565536499023
2018-12-12,24.316734313964844
2018-12-13,23.96587371826172
2018-12-14,23.761201858520508
2018-12-17,23.449321746826172
2018-12-18,23.702722549438477
2018-12-19,23.14719009399414
2018-12-20,22.65013885498047
2018-12-21,22.211559295654297
2018-12-24,21.858001708984375
2018-12-26,22.873741149902344
2018-12-27,23.020246505737305
2018-12-28,23.049549102783203
2018-12-31,23.2253475189209
2019-01-02,23.283950805664062
2019-01-03,23.069076538085938
2019-01-04,23.86018943786621
2019-01-07,24.280153274536133
2019-01-08,24.455955505371094
2019-01-09,24.69036102294922
2019-01-10,24.70989418029785
2019-01-11,24.651294708251953
2019-01-14,24.582921981811523
2019-01-15,24.426658630371094
2019-01-16,24.348526000976562
2019-01-17,24.54385757446289
2019-01-18,25.002901077270508
2019-01-22,24.53409767150879
2019-01-23,24.387584686279297
2019-01-24,24.62198829650879
2019-01-25,24.875932693481445
2019-01-28,24.856399536132812
2019-01-29,24.98336410522461
2019-01-30,25.276371002197266
2019-01-31,25.579132080078125
2019-02-01,25.706104278564453
2019-02-04,25.833072662353516
2019-02-05,25.92097282409668
2019-02-06,25.823307037353516
2019-02-07,25.696331024169922
2019-02-08,25.647506713867188
2019-02-11,25.813533782958984
2019-02-12,26.311643600463867
2019-02-13,26.477676391601562
2019-02-14,26.438610076904297
2019-02-15,26.878116607666016
2019-02-19,26.90741539001465
2019-02-20,27.132051467895508
2019-02-21,27.21018409729004
2019-02-22,27.51295280456543
2019-02-25,27.3469181060791
2019-02-26,27.26878547668457
2019-02-27,27.22972297668457
2019-02-28,26.985546112060547
2019-03-01,27.122283935546875
2019-03-04,27.112516403198242
2019-03-05,26.90741539001465
2019-03-06,26.663240432739258
2019-03-07,26.614410400390625
2019-03-08,26.340938568115234
2019-03-11,26.692543029785156
2019-03-12,26.604642868041992
2019-03-13,26.497211456298828
2019-03-14,26.3604736328125
2019-03-15,26.46790885925293
2019-03-18,26.715038299560547
2019-03-19,26.617355346679688
2019-03-20,26.4317684173584
2019-03-21,26.861549377441406
2019-03-22,26.265714645385742
2019-03-25,26.480606079101562
2019-03-26,26.56851577758789
2019-03-27,26.715038299560547
2019-03-28,26.88109016418457
2019-03-29,27.037376403808594
2019-04-01,27.428081512451172
2019-04-02,27.428081512451172
2019-04-03,27.574602127075195
2019-04-04,27.91648292541504
2019-04-05,28.248586654663086
2019-04-08,28.31696319580078
2019-04-09,27.896940231323242
2019-04-10,28.072765350341797
2019-04-11,28.27789306640625
2019-04-12,28.49278450012207
2019-04-15,28.531850814819336
2019-04-16,28.668603897094727
2019-04-17,28.60022735595703
2019-04-18,28.697904586791992
2019-04-22,28.522083282470703
2019-04-23,28.81511878967285
2019-04-24,29.010478973388672
2019-04-25,28.76628303527832
2019-04-26,28.90303611755371
2019-04-29,29.03001594543457
2019-04-30,29.34258270263672
2019-05-01,29.059314727783203
2019-05-02,29.29374122619629
2019-05-03,29.606311798095703
2019-05-06,29.469562530517578
2019-05-07,28.951871871948242
2019-05-08,28.88349151611328
2019-05-09,28.990942001342773
2019-05-10,29.03001594543457
2019-05-13,28.39510154724121
2019-05-14,28.76628303527832
2019-05-15,28.88349151611328
2019-05-16,29.0788516998291
2019-05-17,28.824886322021484
2019-05-20,28.619762420654297
2019-05-21,29.0788516998291
2019-05-22,28.668603897094727
2019-05-23,28.180208206176758
2019-05-24,28.37557029724121
2019-05-28,28.023927688598633
2019-05-29,27.91648292541504
2019-05-30,28.05323028564453
2019-05-31,27.662519454956055
2019-06-03,28.14113998413086
2019-06-04,28.98117446899414
2019-06-05,29.205835342407227
2019-06-06,29.12769317626953
2019-06-07,29.371891021728516
2019-06-10,29.43048858642578
2019-06-11,29.088621139526367
2019-06-12,29.137462615966797
2019-06-13,29.391422271728516
2019-06-14,29.43048858642578
2019-06-17,29.254676818847656
2019-06-18,29.42072868347168
2019-06-19,29.381656646728516
2019-06-20,29.801673889160156
2019-06-21,29.48910140991211
2019-06-24,29.539003372192383
2019-06-25,29.304180145263672
2019-06-26,29.343311309814453
2019-06-27,29.852102279663086
2019-06-28,30.292396545410156
2019-07-01,30.409809112548828
2019-07-02,30.419593811035156
2019-07-03,30.644634246826172
2019-07-05,30.47830581665039
2019-07-08,30.517444610595703
2019-07-09,30.409809112548828
2019-07-10,30.351102828979492
2019-07-11,30.34132194519043
2019-07-12,30.820755004882812
2019-07-15,30.722909927368164
2019-07-16,30.928388595581055
2019-07-17,30.566354751586914
2019-07-18,30.468521118164062
2019-07-19,30.34132194519043
2019-07-22,30.116281509399414
2019-07-23,30.047792434692383
2019-07-24,30.566354751586914
2019-07-25,30.62506866455078
2019-07-26,30.634849548339844
2019-07-29,30.429378509521484
2019-07-30,30.840320587158203
2019-07-31,30.546789169311523
2019-08-01,30.263046264648438
2019-08-02,30.23369598388672
2019-08-05,29.675983428955078
2019-08-06,30.05757713317871
2019-08-07,30.155418395996094
2019-08-08,30.654422760009766
2019-08-09,30.43916130065918
2019-08-12,29.96950912475586
2019-08-13,30.488086700439453
2019-08-14,29.754261016845703
2019-08-15,29.675983428955078
2019-08-16,30.096708297729492
2019-08-19,30.448949813842773
2019-08-20,30.468521118164062
2019-08-21,30.762046813964844
2019-08-22,30.732690811157227
2019-08-23,29.881452560424805
2019-08-26,30.086925506591797
2019-08-27,29.871671676635742
2019-08-28,30.292396545410156
2019-08-29,30.713130950927734
2019-08-30,30.908811569213867
2019-09-03,30.60549545288086
2019-09-04,30.918598175048828
2019-09-05,30.918598175048828
2019-09-06,30.859893798828125
2019-09-09,30.9675235748291
2019-09-10,30.722909927368164
2019-09-11,31.329545974731445
2019-09-12,31.47630500793457
2019-09-13,31.652423858642578
2019-09-16,31.583927154541016
2019-09-17,31.760055541992188
2019-09-18,31.828548431396484
2019-09-19,31.88726043701172
2019-09-20,31.769840240478516
2019-09-23,31.6287841796875
2019-09-24,31.491655349731445
2019-09-25,31.85407829284668
2019-09-26,31.844280242919922
2019-09-27,31.491655349731445
2019-09-30,31.971609115600586
2019-10-01,31.501449584960938
2019-10-02,31.139028549194336
2019-10-03,31.158615112304688
2019-10-04,31.707151412963867
2019-10-07,31.472063064575195
2019-10-08,31.207590103149414
2019-10-09,31.374109268188477
2019-10-10,31.452472686767578
2019-10-11,31.6287841796875
2019-10-14,31.677762985229492
2019-10-15,32.09894561767578
2019-10-16,32.37322235107422
2019-10-17,32.77483367919922
2019-10-18,32.951141357421875
2019-10-21,32.90217208862305
2019-10-22,32.91196060180664
2019-10-23,32.89236831665039
2019-10-24,33.31356430053711
2019-10-25,33.352745056152344
2019-10-28,33.009918212890625
2019-10-29,33.019718170166016
2019-10-30,32.980525970458984
2019-10-31,32.79441452026367
2019-11-01,33.66619110107422
2019-11-04,33.235206604003906
2019-11-05,32.90217208862305
2019-11-06,33.03929901123047
2019-11-07,32.46137619018555
2019-11-08,32.520164489746094
2019-11-11,32.853187561035156
2019-11-12,33.07847595214844
2019-11-13,33.09806823730469
2019-11-14,33.31356430053711
2019-11-15,33.20582580566406
2019-11-18,33.391929626464844
2019-11-19,33.362548828125
2019-11-20,33.28418731689453
2019-11-21,32.94135284423828
2019-11-22,32.980525970458984
2019-11-25,33.46050262451172
2019-11-26,33.822906494140625
2019-11-27,33.85231018066406
2019-11-29,33.61722183227539
2019-12-02,33.11765670776367
2019-12-03,33.088279724121094
2019-12-04,33.18623352050781
2019-12-05,33.46050262451172
2019-12-06,33.38213348388672
2019-12-09,33.45071029663086
2019-12-10,33.244991302490234
2019-12-11,33.51927185058594
2019-12-12,33.137245178222656
2019-12-13,33.137245178222656
2019-12-16,33.03929901123047
2019-12-17,32.94135284423828
2019-12-18,32.69647216796875
2019-12-19,32.4809684753418
2019-12-20,32.97072982788086
2019-12-23,32.679534912109375
2019-12-24,32.85601806640625
2019-12-26,32.77758026123047
2019-12-27,32.72855758666992
2019-12-30,32.591285705566406
2019-12-31,32.55207443237305
2020-01-02,32.679534912109375
2020-01-03,32.787376403808594
2020-01-06,33.01288986206055
2020-01-07,32.90503692626953
2020-01-08,33.09132766723633
2020-01-09,33.21879959106445
2020-01-10,33.29723358154297
2020-01-13,33.591373443603516
2020-01-14,33.80707931518555
2020-01-15,34.20908737182617
2020-01-16,34.37576675415039
2020-01-17,34.49342346191406
2020-01-21,34.75815200805664
2020-01-22,34.89542007446289
2020-01-23,35.46410369873047
2020-01-24,35.09152603149414
2020-01-27,34.9444465637207
2020-01-28,35.51313400268555
2020-01-29,35.06210708618164
2020-01-30,35.04249572753906
2020-01-31,34.297332763671875
2020-02-03,34.53264617919922
2020-02-04,34.473812103271484
2020-02-05,35.130733489990234
2020-02-06,35.0719108581543
2020-02-07,34.973854064941406
2020-02-10,35.29741668701172
2020-02-11,35.37586212158203
2020-02-12,35.434688568115234
2020-02-13,35.61116409301758
2020-02-14,35.72883224487305
2020-02-18,35.61116409301758
2020-02-19,35.826881408691406
2020-02-20,36.17005157470703
2020-02-21,36.13083267211914
2020-02-24,35.37586212158203
2020-02-25,33.72864532470703
2020-02-26,33.09132766723633
2020-02-27,32.0520133972168
2020-02-28,31.14016342163086
2020-03-02,32.27753448486328
2020-03-03,32.493228912353516
2020-03-04,33.81689453125
2020-03-05,32.522647857666016
2020-03-06,31.5911865234375
2020-03-09,28.522275924682617
2020-03-10,29.198808670043945
2020-03-11,26.97311019897461
2020-03-12,23.14922523498535
2020-03-13,24.37482261657715
2020-03-16,20.031286239624023
2020-03-17,19.756750106811523
2020-03-18,17.305538177490234
2020-03-19,18.75665283203125
2020-03-20,17.94285011291504
2020-03-23,17.254819869995117
2020-03-24,19.904878616333008
2020-03-25,21.5832462310791
2020-03-26,22.790494918823242
2020-03-27,21.445842742919922
2020-03-30,21.59306526184082
2020-03-31,21.62251091003418
2020-04-01,19.885242462158203
2020-04-02,19.728212356567383
2020-04-03,19.060787200927734
2020-04-06,21.23972511291504
2020-04-07,21.740291595458984
2020-04-08,23.22236442565918
2020-04-09,24.439422607421875
2020-04-13,22.93772315979004
2020-04-14,23.5953311920166
2020-04-15,22.18196678161621
2020-04-16,21.90714454650879
2020-04-17,23.055505752563477
2020-04-20,22.211402893066406
2020-04-21,21.62251091003418
2020-04-22,21.759923934936523
2020-04-23,21.828622817993164
2020-04-24,22.466602325439453
2020-04-27,23.72292709350586
2020-04-28,25.057771682739258
2020-04-29,26.765586853027344
2020-04-30,25.322776794433594
2020-05-01,24.59646224975586
2020-05-04,24.66516876220703
2020-05-05,25.008695602416992
2020-05-06,24.586647033691406
2020-05-07,24.773130416870117
2020-05-08,25.950939178466797
2020-05-11,25.13628578186035
2020-05-12,24.14497184753418
2020-05-13,23.006427764892578
2020-05-14,23.467737197875977
2020-05-15,23.978118896484375
2020-05-18,26.363170623779297
2020-05-19,26.000015258789062
2020-05-20,26.461318969726562
2020-05-21,27.001144409179688
2020-05-22,27.34467887878418
2020-05-26,28.542104721069336
2020-05-27,30.102697372436523
2020-05-28,28.8365535736084
2020-05-29,28.571548461914062
2020-06-01,28.856189727783203
2020-06-02,29.366567611694336
2020-06-03,30.308809280395508
2020-06-04,29.916210174560547
2020-06-05,31.25105857849121
2020-06-08,31.113645553588867
2020-06-09,30.514925003051758
2020-06-10,30.141958236694336
2020-06-11,27.66856575012207
2020-06-12,28.375244140625
2020-06-15,29.435274124145508
2020-06-16,30.32843780517578
2020-06-17,30.08306312561035
2020-06-18,29.719913482666016
2020-06-19,29.47453498840332
2020-06-22,29.734031677246094
2020-06-23,29.97976303100586
2020-06-24,28.947677612304688
2020-06-25,28.878870010375977
2020-06-26,28.3382511138916
2020-06-29,29.43914794921875
2020-06-30,29.91096305847168
2020-07-01,29.331022262573242
2020-07-02,29.547273635864258
2020-07-06,30.03874397277832
2020-07-07,29.822492599487305
2020-07-08,30.27465057373047
2020-07-09,29.547273635864258
2020-07-10,30.05839729309082
2020-07-13,29.616071701049805
2020-07-14,30.59902000427246
2020-07-15,31.581966400146484
2020-07-16,31.98497200012207
2020-07-17,32.10292434692383
2020-07-20,31.916166305541992
2020-07-21,32.230716705322266
2020-07-22,32.76150131225586
2020-07-23,32.673030853271484
2020-07-24,32.54524612426758
2020-07-27,33.400413513183594
2020-07-28,32.63371658325195
2020-07-29,33.30210876464844
2020-07-30,32.997398376464844
2020-07-31,32.732017517089844
2020-08-03,33.63631820678711
2020-08-04,33.49869918823242
2020-08-05,34.147438049316406
2020-08-06,34.09830093383789
2020-08-07,34.46198272705078
2020-08-10,34.94363021850586
2020-08-11,34.89448165893555
2020-08-12,35.366294860839844
2020-08-13,35.277828216552734
2020-08-14,35.06158447265625
2020-08-17,35.68083190917969
2020-08-18,35.376129150390625
2020-08-19,35.307315826416016
2020-08-20,35.081241607666016
2020-08-21,35.464599609375
2020-08-24,35.651344299316406
2020-08-25,35.48424530029297
2020-08-26,35.277828216552734
2020-08-27,35.01244354248047
2020-08-28,34.90431213378906
2020-08-31,34.4521598815918
2020-09-01,35.48424530029297
2020-09-02,35.75947189331055
2020-09-03,34.3931884765625
2020-09-04,33.86238479614258
2020-09-08,33.43973159790039
2020-09-09,34.2064208984375
2020-09-10,34.03932189941406
2020-09-11,34.540618896484375
2020-09-14,35.346641540527344
2020-09-15,35.238502502441406
2020-09-16,35.89707946777344
2020-09-17,35.31714630126953
2020-09-18,34.92396545410156
2020-09-21,33.89166259765625
2020-09-22,34.816707611083984
2020-09-23,33.83263397216797
2020-09-24,34.01961135864258
2020-09-25,34.16721725463867
2020-09-28,35.26938247680664
2020-09-29,35.131614685058594
2020-09-30,35.66300964355469
2020-10-01,36.04679870605469
2020-10-02,36.4699592590332
2020-10-05,37.28673553466797
2020-10-06,37.158817291259766
2020-10-07,37.837825775146484
2020-10-08,38.8514289855957
2020-10-09,39.06792449951172
2020-10-12,39.2352180480957
2020-10-13,38.733341217041016
2020-10-14,38.61526107788086
2020-10-15,38.930152893066406
2020-10-16,38.88095474243164
2020-10-19,38.23145294189453
2020-10-20,38.477474212646484
2020-10-21,37.670528411865234
2020-10-22,37.22770690917969
2020-10-23,37.71974563598633
2020-10-26,36.332176208496094
2020-10-27,35.68269729614258
2020-10-28,34.91510772705078
2020-10-29,35.24969482421875
2020-10-30,34.905277252197266
2020-11-02,36.31250762939453
2020-11-03,37.070247650146484
2020-11-04,37.59181213378906
2020-11-05,38.2609748840332
2020-11-06,37.4933967590332
2020-11-09,36.11568832397461
2020-11-10,37.365474700927734
2020-11-11,37.68037414550781
2020-11-12,37.267066955566406
2020-11-13,38.16257858276367
2020-11-16,38.95967483520508
2020-11-17,38.97936248779297
2020-11-18,38.930152893066406
2020-11-19,39.2056999206543
2020-11-20,39.097450256347656
2020-11-23,40.24882507324219
2020-11-24,40.03232192993164
2020-11-25,39.8748664855957
2020-11-27,40.00279998779297
2020-11-30,39.3631591796875
2020-12-01,39.29426193237305
2020-12-02,38.8514289855957
2020-12-03,39.471405029296875
2020-12-04,39.66822052001953
2020-12-07,39.93391799926758
2020-12-08,39.82566452026367
2020-12-09,39.86502456665039
2020-12-10,39.73710250854492
2020-12-11,39.66822052001953
2020-12-14,39.333641052246094
2020-12-15,40.24882507324219
2020-12-16,40.22914123535156
2020-12-17,40.97703170776367
2020-12-18,41.065608978271484
2020-12-21,40.89725112915039
2020-12-22,41.11384582519531
2020-12-23,40.83818435668945
2020-12-24,41.1335334777832
2020-12-28,40.82833480834961
2020-12-29,40.267154693603516
2020-12-30,40.710182189941406
2020-12-31,40.52313232421875
2021-01-04,39.833961486816406
2021-01-05,40.15885925292969
2021-01-06,42.275596618652344
2021-01-07,43.092742919921875
2021-01-08,42.42326354980469
2021-01-11,42.80723571777344
2021-01-12,43.35857391357422
2021-01-13,42.689090728759766
2021-01-14,42.98444747924805
2021-01-15,42.964759826660156
2021-01-19,43.49639892578125
2021-01-20,44.62861633300781
2021-01-21,44.62861633300781
2021-01-22,44.766441345214844
2021-01-25,44.34309387207031
2021-01-26,43.427486419677734
2021-01-27,41.77347946166992
2021-01-28,42.48233413696289
2021-01-29,41.46827697753906
2021-02-01,42.36419677734375
2021-02-02,43.141963958740234
2021-02-03,43.269962310791016
2021-02-04,43.998512268066406
2021-02-05,44.884578704833984
2021-02-08,46.07586669921875
2021-02-09,45.83958435058594
2021-02-10,45.70174789428711
2021-02-11,45.65251541137695
2021-02-12,45.83958435058594
2021-02-16,45.24885940551758
2021-02-17,45.012577056884766
2021-02-18,44.352935791015625
2021-02-19,45.36700439453125
2021-02-22,44.96334457397461
2021-02-23,45.1011848449707
2021-02-24,45.86912536621094
2021-02-25,44.15602493286133
2021-02-26,44.44156265258789
2021-03-01,45.691890716552734
2021-03-02,45.3276252746582
2021-03-03,45.07164001464844
2021-03-04,43.978816986083984
2021-03-05,45.51469039916992
2021-03-08,46.125083923339844
2021-03-09,46.17431640625
2021-03-10,47.32621765136719
2021-03-11,47.641265869140625
2021-03-12,47.690494537353516
2021-03-15,48.14337158203125
2021-03-16,47.582191467285156
2021-03-17,47.907081604003906
2021-03-18,47.01116180419922
2021-03-19,47.257301330566406
2021-03-22,46.94113540649414
2021-03-23,45.749393463134766
2021-03-24,45.90696716308594
2021-03-25,47.1184196472168
2021-03-26,48.50715637207031
2021-03-29,47.71921920776367
2021-03-30,48.39881134033203
2021-03-31,48.35942459106445
2021-04-01,48.85186767578125
2021-04-05,49.59055709838867
2021-04-06,49.649658203125
2021-04-07,49.10795593261719
2021-04-08,48.98976516723633
2021-04-09,49.935279846191406
2021-04-12,50.2110595703125
2021-04-13,49.689056396484375
2021-04-14,49.945133209228516
2021-04-15,50.023929595947266
2021-04-16,50.782310485839844
2021-04-19,50.40803909301758
2021-04-20,49.304931640625
2021-04-21,50.05347442626953
2021-04-22,49.96484375
2021-04-23,50.811859130859375
2021-04-26,51.1171875
2021-04-27,51.067935943603516
2021-04-28,50.86111068725586
2021-04-29,51.56039047241211
2021-04-30,50.64442443847656
2021-05-03,51.74753189086914
2021-05-04,52.19074630737305
2021-05-05,52.34833526611328
2021-05-06,52.683204650878906
2021-05-07,53.549930572509766
2021-05-10,53.34309768676758
2021-05-11,52.38772964477539
2021-05-12,50.250457763671875
2021-05-13,51.64903259277344
2021-05-14,52.2104377746582
2021-05-17,52.03315353393555
2021-05-18,50.91034698486328
2021-05-19,49.935279846191406
2021-05-20,50.19136428833008
2021-05-21,50.19136428833008
2021-05-24,50.41788864135742
2021-05-25,50.20121383666992
2021-05-26,50.998992919921875
2021-05-27,51.50130081176758
2021-05-28,51.294464111328125
2021-06-01,51.50130081176758
2021-06-02,50.673973083496094
2021-06-03,50.45729446411133
2021-06-04,50.60503005981445
2021-06-07,50.5853271484375
2021-06-08,51.13688278198242
2021-06-09,50.17166519165039
2021-06-10,48.822322845458984
2021-06-11,49.11780548095703
2021-06-14,48.339717864990234
2021-06-15,48.47760772705078
2021-06-16,47.98515319824219
2021-06-17,47.30556106567383
2021-06-18,46.675201416015625
2021-06-21,47.75169372558594
2021-06-22,47.988285064697266
2021-06-23,47.89956283569336
2021-06-24,48.49103927612305
2021-06-25,48.5896110534668
2021-06-28,48.66847610473633
2021-06-29,48.717769622802734
2021-06-30,48.85578155517578
2021-07-01,49.25009536743164
2021-07-02,48.895206451416016
2021-07-06,47.958709716796875
2021-07-07,48.678348541259766
2021-07-08,47.662967681884766
2021-07-09,48.57975387573242
2021-07-12,48.806488037109375
2021-07-13,47.88970184326172
2021-07-14,47.860137939453125
2021-07-15,47.79113006591797
2021-07-16,47.179931640625
2021-07-19,46.391300201416016
2021-07-20,47.860137939453125
2021-07-21,48.6290397644043
2021-07-22,48.2741584777832
2021-07-23,49.181087493896484
2021-07-26,48.69805145263672
2021-07-27,48.69805145263672
2021-07-28,49.161376953125
2021-07-29,50.29502868652344
2021-07-30,50.0485954284668
2021-08-02,49.79227828979492
2021-08-03,50.433040618896484
2021-08-04,49.45711135864258
2021-08-05,49.5655403137207
2021-08-06,49.57540512084961
2021-08-09,49.289527893066406
2021-08-10,49.9204216003418
2021-08-11,50.94565963745117
2021-08-12,50.73863983154297
2021-08-13,50.2457389831543
2021-08-16,50.29502868652344
2021-08-17,49.01350021362305
2021-08-18,49.10222244262695
2021-08-19,48.806488037109375
2021-08-20,49.41768264770508
2021-08-23,49.624691009521484
2021-08-24,50.22602462768555
2021-08-25,50.768218994140625
2021-08-26,50.16687774658203
2021-08-27,50.94565963745117
2021-08-30,50.86679458618164
2021-08-31,50.521766662597656
2021-09-01,50.561195373535156
2021-09-02,51.073814392089844
2021-09-03,50.61048126220703
2021-09-07,49.89085388183594
2021-09-08,49.644412994384766
2021-09-09,49.57540512084961
2021-09-10,49.43739700317383
2021-09-13,49.41768264770508
2021-09-14,48.678348541259766
2021-09-15,49.1219367980957
2021-09-16,48.885353088378906
2021-09-17,48.50089645385742
2021-09-20,47.574249267578125
2021-09-21,47.32780456542969
2021-09-22,47.8206901550293
2021-09-23,48.45159912109375
2021-09-24,48.1953010559082
2021-09-27,48.688194274902344
2021-09-28,47.83055114746094
2021-09-29,47.909423828125
2021-09-30,46.69689178466797
2021-10-01,47.36723327636719
2021-10-04,46.97291946411133
2021-10-05,47.22922897338867
2021-10-06,47.24894714355469
2021-10-07,47.79113006591797
2021-10-08,47.15036392211914
2021-10-11,46.97291946411133
2021-10-12,46.93349075317383
2021-10-13,47.179931640625
2021-10-14,48.34315490722656
2021-10-15,48.36287307739258
2021-10-18,48.727622985839844
2021-10-19,48.56989288330078
2021-10-20,49.240238189697266
2021-10-21,49.36838912963867
2021-10-22,49.60498046875
2021-10-25,50.12744140625
2021-10-26,49.63454818725586
2021-10-27,48.688194274902344
2021-10-28,49.69370651245117
2021-10-29,49.40781784057617
2021-11-01,50.01901626586914
2021-11-02,50.06829833984375
2021-11-03,50.462608337402344
2021-11-04,50.73863983154297
2021-11-05,51.280818939208984
2021-11-08,51.92158889770508
2021-11-09,52.18775177001953
2021-11-10,51.71456527709961
2021-11-11,51.9412956237793
2021-11-12,52.897518157958984
2021-11-15,52.72993087768555
2021-11-16,53.350975036621094
2021-11-17,53.19325256347656
2021-11-18,53.26226043701172
2021-11-19,53.341129302978516
2021-11-22,53.52842712402344
2021-11-23,53.63685607910156
2021-11-24,53.61714172363281
2021-11-26,52.2764778137207
2021-11-29,52.345481872558594
2021-11-30,50.8175048828125
2021-12-01,50.55133819580078
2021-12-02,52.108890533447266
2021-12-03,51.763851165771484
2021-12-06,52.65107345581055
2021-12-07,53.46928787231445
2021-12-08,53.824161529541016
2021-12-09,52.8778076171875
2021-12-10,53.1636848449707
2021-12-13,52.33562088012695
2021-12-14,51.882164001464844
2021-12-15,52.749656677246094
2021-12-16,52.020164489746094
2021-12-17,51.12309646606445
2021-12-20,50.36345672607422
2021-12-21,51.55717086791992
2021-12-22,52.454933166503906
2021-12-23,52.64238739013672
2021-12-27,53.402034759521484
2021-12-28,53.35270309448242
2021-12-29,53.79665756225586
2021-12-30,53.45136260986328
2021-12-31,53.83611297607422
2022-01-03,53.135658264160156
2022-01-04,53.60920715332031
2022-01-05,52.139244079589844
2022-01-06,52.168846130371094
2022-01-07,50.73834228515625
2022-01-10,50.422645568847656
2022-01-11,50.84686279296875
2022-01-12,50.99483871459961
2022-01-13,50.74820327758789
2022-01-14,49.75178909301758
2022-01-18,48.508731842041016
2022-01-19,47.50245666503906
2022-01-20,46.594825744628906
2022-01-21,45.973297119140625
2022-01-24,47.22622299194336
2022-01-25,46.081817626953125
2022-01-26,45.430694580078125
2022-01-27,45.19393539428711
2022-01-28,46.150875091552734
2022-01-31,47.16702651977539
2022-02-01,47.37420654296875
2022-02-02,47.492591857910156
2022-02-03,46.5257682800293
2022-02-04,45.92396545410156
2022-02-07,45.99302673339844
2022-02-08,46.72307205200195
2022-02-09,47.6109733581543
2022-02-10,46.50602722167969
2022-02-11,46.01275634765625
2022-02-14,45.70692443847656
2022-02-15,46.78226089477539
2022-02-16,47.05850601196289
2022-02-17,46.081817626953125
2022-02-18,45.973297119140625
2022-02-22,44.513206481933594
2022-02-23,43.0037841796875
2022-02-24,44.02979278564453
2022-02-25,45.174190521240234
2022-02-28,45.16432189941406
2022-03-01,44.700645446777344
2022-03-02,45.933837890625
2022-03-03,45.48987579345703
2022-03-04,45.272850036621094
2022-03-07,43.50692367553711
2022-03-08,43.33920669555664
2022-03-09,44.66117477416992
2022-03-10,44.690773010253906
2022-03-11,44.424400329589844
2022-03-14,43.76342010498047
2022-03-15,45.02621078491211
2022-03-16,45.44055938720703
2022-03-17,46.071956634521484
2022-03-18,46.65400695800781
2022-03-21,45.48938751220703
2022-03-22,45.479522705078125
2022-03-23,44.05828857421875
2022-03-24,43.76219940185547
2022-03-25,43.52532196044922
2022-03-28,43.66349792480469
2022-03-29,44.808387756347656
2022-03-30,43.643760681152344
2022-03-31,42.34095764160156
2022-04-01,42.6173095703125
2022-04-04,42.81470489501953
2022-04-05,41.729042053222656
2022-04-06,40.63350296020508
2022-04-07,40.52494812011719
2022-04-08,40.82102584838867
2022-04-11,41.038169860839844
2022-04-12,41.136863708496094
2022-04-13,41.8869514465332
2022-04-14,41.334251403808594
2022-04-18,41.06778335571289
2022-04-19,42.32122039794922
2022-04-20,42.78509521484375
2022-04-21,42.14357376098633
2022-04-22,40.76181411743164
2022-04-25,41.84748458862305
2022-04-26,40.949344635009766
2022-04-27,40.60389709472656
2022-04-28,41.85734939575195
2022-04-29,40.8111572265625
2022-05-02,41.521785736083984
2022-05-03,42.16331100463867
2022-05-04,44.00893783569336
2022-05-05,41.91657257080078
2022-05-06,41.334251403808594
2022-05-09,40.801292419433594
2022-05-10,40.0807991027832
2022-05-11,38.63983154296875
2022-05-12,39.88341522216797
2022-05-13,40.663116455078125
2022-05-16,40.386756896972656
2022-05-17,41.571128845214844
2022-05-18,39.45901870727539
2022-05-19,39.77484130859375
2022-05-20,39.8044548034668
2022-05-23,39.71562957763672
2022-05-24,38.748390197753906
2022-05-25,39.913021087646484
2022-05-26,41.294776916503906
2022-05-27,42.19291305541992
2022-05-31,41.69943618774414
2022-06-01,41.4921760559082
2022-06-02,42.31135177612305
2022-06-03,41.98564910888672
2022-06-06,41.97578430175781
2022-06-07,42.16331100463867
2022-06-08,41.30464172363281
2022-06-09,41.09738540649414
2022-06-10,39.59718322753906
2022-06-13,37.63312530517578
2022-06-14,37.44559097290039
2022-06-15,37.60350799560547
2022-06-16,35.19530487060547
2022-06-17,35.076873779296875
2022-06-21,35.30512619018555
2022-06-22,35.49286651611328
2022-06-23,36.19441604614258
2022-06-24,37.09360122680664
2022-06-27,37.419673919677734
2022-06-28,36.550148010253906
2022-06-29,36.43156814575195
2022-06-30,36.60942840576172
2022-07-01,37.49872970581055
2022-07-05,38.071834564208984
2022-07-06,37.94337844848633
2022-07-07,38.58564376831055
2022-07-08,38.76350784301758
2022-07-11,38.793148040771484
2022-07-12,38.80303192138672
2022-07-13,38.80303192138672
2022-07-14,38.62517166137695
2022-07-15,39.06982421875
2022-07-18,39.02042007446289
2022-07-19,40.1666145324707
2022-07-20,40.433406829833984
2022-07-21,40.81877517700195
2022-07-22,40.80889129638672
2022-07-25,40.58162307739258
2022-07-26,40.107330322265625
2022-07-27,40.887943267822266
2022-07-28,41.530208587646484
2022-07-29,41.885929107666016
2022-08-01,42.063785552978516
2022-08-02,41.03614807128906
2022-08-03,41.0658073425293
2022-08-04,41.629032135009766
2022-08-05,41.668540954589844
2022-08-08,42.1724853515625
2022-08-09,41.36223220825195
2022-08-10,42.488677978515625
2022-08-11,42.79499435424805
2022-08-12,43.447139739990234
2022-08-15,43.38785934448242
2022-08-16,43.75345993041992
2022-08-17,43.36809539794922
2022-08-18,43.41748809814453
2022-08-19,42.5084342956543
2022-08-22,41.530208587646484
2022-08-23,41.47092819213867
2022-08-24,41.7871208190918
2022-08-25,42.468910217285156
2022-08-26,40.79901885986328
2022-08-29,40.65079116821289
2022-08-30,40.14685821533203
2022-08-31,39.69233322143555
2022-09-01,39.297080993652344
2022-09-02,39.2476806640625
2022-09-06,38.832672119140625
2022-09-07,39.81090545654297
2022-09-08,40.04805374145508
2022-09-09,40.80889129638672
2022-09-12,41.0559196472168
2022-09-13,38.74374771118164
2022-09-14,38.27933883666992
2022-09-15,38.20028305053711
2022-09-16,38.3188591003418
2022-09-19,39.12914276123047
2022-09-20,38.41680908203125
2022-09-21,38.1002082824707
2022-09-22,37.427452087402344
2022-09-23,36.83383560180664
2022-09-26,36.15117263793945
2022-09-27,36.220428466796875
2022-09-28,37.78361129760742
2022-09-29,36.98223114013672
2022-09-30,36.76457595825195
2022-10-03,38.129886627197266
2022-10-04,39.68318557739258
2022-10-05,39.43584060668945
2022-10-06,39.46551513671875
2022-10-07,38.44648361206055
2022-10-10,38.40690994262695
2022-10-11,38.51573181152344
2022-10-12,37.94191360473633
2022-10-13,38.179359436035156
2022-10-14,36.87339782714844
2022-10-17,37.842979431152344
2022-10-18,38.7531852722168
2022-10-19,37.259254455566406
2022-10-20,36.33915710449219
2022-10-21,37.54617691040039
2022-10-24,38.06063461303711
2022-10-25,39.643611907958984
2022-10-26,39.41606140136719
2022-10-27,39.37647247314453
2022-10-28,40.07893753051758
2022-10-31,39.57435607910156
2022-11-01,39.544673919677734
2022-11-02,37.95180130004883
2022-11-03,37.842979431152344
2022-11-04,38.3376579284668
2022-11-07,38.614681243896484
2022-11-08,38.7531852722168
2022-11-09,38.179359436035156
2022-11-10,41.454139709472656
2022-11-11,41.533287048339844
2022-11-14,40.375732421875
2022-11-15,41.15732955932617
2022-11-16,41.05839157104492
2022-11-17,40.49445343017578
2022-11-18,40.94956588745117
2022-11-21,40.98914337158203
2022-11-22,41.701480865478516
2022-11-23,41.93891906738281
2022-11-25,41.91913986206055
2022-11-28,41.1968994140625
2022-11-29,41.21669006347656
2022-11-30,42.25551986694336
2022-12-01,42.631473541259766
2022-12-02,42.54243087768555
2022-12-05,41.58274841308594
2022-12-06,41.187015533447266
2022-12-07,41.741050720214844
2022-12-08,41.948822021484375
2022-12-09,41.6124267578125
2022-12-12,42.07742691040039
2022-12-13,42.631473541259766
2022-12-14,42.473182678222656
2022-12-15,41.87956619262695
2022-12-16,41.295833587646484
2022-12-19,40.71714401245117
2022-12-20,40.51894760131836
2022-12-21,41.01441955566406
2022-12-22,40.548675537109375
2022-12-23,40.71714401245117
2022-12-27,40.70722961425781
2022-12-28,39.97394561767578
2022-12-29,40.8459587097168
2022-12-30,40.43967819213867
2023-01-03,40.72705078125
2023-01-04,41.44050598144531
2023-01-05,41.00450897216797
2023-01-06,41.98551940917969
2023-01-09,41.66843032836914
2023-01-10,42.04497146606445
2023-01-11,43.13499450683594
2023-01-12,43.33318328857422
2023-01-13,43.67009353637695
2023-01-17,43.41246032714844
2023-01-18,42.93680953979492
2023-01-19,42.01525115966797
2023-01-20,42.78816604614258
2023-01-23,43.14490509033203
2023-01-24,43.32327651977539
2023-01-25,43.462005615234375
2023-01-26,43.798919677734375
2023-01-27,44.0367431640625
2023-01-30,43.382720947265625
2023-01-31,44.93848419189453
2023-02-01,45.65195083618164
2023-02-02,46.533870697021484
2023-02-03,45.72132110595703
2023-02-06,45.245670318603516
2023-02-07,45.810489654541016
2023-02-08,45.11684799194336
2023-02-09,44.72048568725586
2023-02-10,44.70065689086914
2023-02-13,45.65195083618164
2023-02-14,45.53303909301758
2023-02-15,46.07804489135742
2023-02-16,45.37449264526367
2023-02-17,45.215938568115234
2023-02-21,43.68991470336914
2023-02-22,43.94755172729492
2023-02-23,44.47275161743164
2023-02-24,44.264652252197266
2023-02-27,44.46283721923828
2023-02-28,44.55202865600586
2023-03-01,44.42321014404297
2023-03-02,44.82947540283203
2023-03-03,45.62221908569336
2023-03-06,45.017757415771484
2023-03-07,44.730384826660156
2023-03-08,45.29521942138672
2023-03-09,44.670928955078125
2023-03-10,43.501644134521484
2023-03-13,43.1944465637207
2023-03-14,43.91782760620117
2023-03-15,43.03590774536133
2023-03-16,43.93764877319336
2023-03-17,43.34309387207031
2023-03-20,43.770572662353516
2023-03-21,44.316097259521484
2023-03-22,43.68132019042969
2023-03-23,43.71106719970703
2023-03-24,43.89952087402344
2023-03-27,44.03838348388672
2023-03-28,44.276424407958984
2023-03-29,44.60374450683594
2023-03-30,44.63349151611328
2023-03-31,45.516239166259766
2023-04-03,45.65510559082031
2023-04-04,44.43511962890625
2023-04-05,43.91935729980469
2023-04-06,43.3936767578125
2023-04-10,43.84001159667969
2023-04-11,44.6136589050293
2023-04-12,44.59383010864258
2023-04-13,44.6930046081543
2023-04-14,44.83185958862305
2023-04-17,45.33771514892578
2023-04-18,46.190704345703125
2023-04-19,46.190704345703125
2023-04-20,46.70646667480469
2023-04-21,46.58745193481445
2023-04-24,46.914764404296875
2023-04-25,46.27997589111328
2023-04-26,45.426979064941406
2023-04-27,46.50810241699219
2023-04-28,47.182559967041016
2023-05-01,47.043701171875
2023-05-02,46.88500213623047
2023-05-03,47.013946533203125
2023-05-04,46.50810241699219
2023-05-05,47.509883880615234
2023-05-08,47.737998962402344
2023-05-09,47.817352294921875
2023-05-10,47.926456451416016
2023-05-11,47.787601470947266
2023-05-12,47.59914016723633
2023-05-15,47.787601470947266
2023-05-16,47.49996566772461
2023-05-17,47.847110748291016
2023-05-18,48.44221496582031
2023-05-19,47.65864944458008
2023-05-22,47.2420654296875
2023-05-23,46.309722900390625
2023-05-24,46.03200912475586
2023-05-25,46.309722900390625
2023-05-26,46.3394889831543
2023-05-30,46.27997589111328
2023-05-31,45.49641036987305
2023-06-01,46.131195068359375
2023-06-02,47.886775970458984
2023-06-05,47.737998962402344
2023-06-06,49.32497024536133
2023-06-07,49.662200927734375
2023-06-08,49.701881408691406
2023-06-09,49.75147247314453
2023-06-12,50.2573127746582
2023-06-13,50.62430953979492
2023-06-14,50.12837219238281
2023-06-15,51.06071853637695
2023-06-16,50.96152877807617
2023-06-20,51.324092864990234
2023-06-21,51.900203704833984
2023-06-22,51.69160842895508
2023-06-23,51.75120162963867
2023-06-26,51.76114273071289
2023-06-27,53.171630859375
2023-06-28,53.13190460205078
2023-06-29,53.62855529785156
2023-06-30,54.015953063964844
2023-07-03,53.857025146484375
2023-07-05,53.18157196044922
2023-07-06,51.76114273071289
2023-07-07,51.93994140625
2023-07-10,53.11204147338867
2023-07-11,53.62855529785156
2023-07-12,54.72119140625
2023-07-13,55.108585357666016
2023-07-14,55.6548957824707
2023-07-17,55.6846923828125
2023-07-18,55.99262237548828
2023-07-19,55.66482925415039
2023-07-20,54.27419662475586
2023-07-21,54.2642707824707
2023-07-24,54.52252960205078
2023-07-25,55.058921813964844
2023-07-26,54.860252380371094
2023-07-27,54.393402099609375
2023-07-28,55.42644119262695
2023-07-31,55.51583480834961
2023-08-01,55.97275924682617
2023-08-02,55.67475891113281
2023-08-03,54.919857025146484
2023-08-04,56.06214904785156
2023-08-07,56.707801818847656
2023-08-08,56.82699966430664
2023-08-09,56.270751953125
2023-08-10,55.73436737060547
2023-08-11,55.744293212890625
2023-08-14,55.97275924682617
2023-08-15,56.191280364990234
2023-08-16,55.327110290527344
2023-08-17,52.85377883911133
2023-08-18,53.062374114990234
2023-08-21,52.734580993652344
2023-08-22,53.05243682861328
2023-08-23,53.74775695800781
2023-08-24,52.97298049926758
2023-08-25,52.5855827331543
2023-08-28,53.16170120239258
2023-08-29,54.46294021606445
2023-08-30,55.07878494262695
2023-08-31,55.267513275146484
2023-09-01,56.191280364990234
2023-09-05,53.54909133911133
2023-09-06,54.0556755065918
2023-09-07,54.30400085449219
2023-09-08,54.09541320800781
2023-09-11,54.294071197509766
2023-09-12,53.26102828979492
2023-09-13,52.595523834228516
2023-09-14,53.41996765136719
2023-09-15,51.83067321777344
2023-09-18,51.97881317138672
2023-09-19,51.88933181762695
2023-09-20,51.431983947753906
2023-09-21,50.03010940551758
2023-09-22,50.049991607666016
2023-09-25,50.21901321411133
2023-09-26,49.51310348510742
2023-09-27,50.00027847290039
2023-09-28,50.78573226928711
2023-09-29,50.1693000793457
2023-10-02,49.68213653564453
2023-10-03,48.30012893676758
2023-10-04,49.18500518798828
2023-10-05,49.035858154296875
2023-10-06,49.56281280517578
2023-10-09,49.771610260009766
2023-10-10,50.36815643310547
2023-10-11,51.064117431640625
2023-10-12,49.10546875
2023-10-13,48.92649841308594
2023-10-16,49.27448654174805
2023-10-17,49.51310348510742
2023-10-18,47.952144622802734
2023-10-19,47.166690826416016
2023-10-20,46.67952346801758
2023-10-23,46.97779846191406
2023-10-24,47.126930236816406
2023-10-25,46.4210205078125
2023-10-26,46.570159912109375
2023-10-27,46.67952346801758
2023-10-30,47.09709930419922
2023-10-31,47.64393615722656
2023-11-01,49.54293441772461
2023-11-02,51.054168701171875
2023-11-03,52.59524917602539
2023-11-06,52.17765808105469
2023-11-07,52.396392822265625
2023-11-08,52.296974182128906
2023-11-09,51.750144958496094
2023-11-10,52.8338623046875
2023-11-13,52.515708923339844
2023-11-14,55.54814147949219
2023-11-15,54.86210632324219
2023-11-16,54.72291564941406
2023-11-17,54.981422424316406
2023-11-20,54.84222412109375
2023-11-21,54.52406692504883
2023-11-22,54.832275390625
2023-11-24,55.05101013183594
2023-11-27,54.981422424316406
2023-11-28,54.21584701538086
2023-11-29,54.563838958740234
2023-11-30,54.72291564941406
2023-12-01,56.21427536010742
2023-12-04,56.562259674072266
2023-12-05,56.30375671386719
2023-12-06,56.77104187011719
2023-12-07,57.39741897583008
2023-12-08,58.17292404174805
2023-12-11,58.47119140625
2023-12-12,58.77941131591797
2023-12-13,59.982444763183594
2023-12-14,62.53763198852539
2023-12-15,61.75218963623047
2023-12-18,61.38507080078125
2023-12-19,62.42970657348633
2023-12-20,61.773075103759766
2023-12-21,62.25062561035156
2023-12-22,62.658531188964844
2023-12-26,63.02664566040039
2023-12-27,63.24552536010742
2023-12-28,63.056495666503906
2023-12-29,62.797821044921875
2024-01-02,61.842716217041016
2024-01-03,60.48965835571289
2024-01-04,60.46976089477539
2024-01-05,60.579200744628906
2024-01-08,61.593997955322266
2024-01-09,61.315425872802734
2024-01-10,62.23073196411133
2024-01-11,62.21083068847656
2024-01-12,61.802921295166016
2024-01-16,61.38507080078125
2024-01-17,61.14629364013672
2024-01-18,61.88251876831055
2024-01-19,62.28047180175781
2024-01-22,63.394752502441406
2024-01-23,61.12639236450195
2024-01-24,60.499610900878906
2024-01-25,61.703433990478516
2024-01-26,61.7332763671875
2024-01-29,62.598838806152344
2024-01-30,63.13608932495117
2024-01-31,61.802921295166016
2024-02-01,63.18583297729492
2024-02-02,63.16593933105469
2024-02-05,62.23073196411133
2024-02-06,62.40980911254883
2024-02-07,63.54399490356445
2024-02-08,64.37972259521484
2024-02-09,64.64833068847656
2024-02-12,65.71286010742188
2024-02-13,63.48429870605469
2024-02-14,64.86720275878906
2024-02-15,65.6332778930664
2024-02-16,64.93685150146484
2024-02-20,64.63837432861328
2024-02-21,64.5687484741211
2024-02-22,65.80240631103516
2024-02-23,66.75750732421875
2024-02-26,66.97638702392578
2024-02-27,67.92152404785156
2024-02-28,68.04092407226562
2024-02-29,69.11540222167969
2024-03-01,70.08045196533203
2024-03-04,69.70238494873047
2024-03-05,69.05572509765625
2024-03-06,69.81183624267578
2024-03-07,70.7370834350586
2024-03-08,70.27943420410156
2024-03-11,69.64269256591797
2024-03-12,70.60775756835938
2024-03-13,70.89627075195312
2024-03-14,69.49347686767578
2024-03-15,69.69245910644531
2024-03-18,69.5899429321289
2024-03-19,70.74445343017578
2024-03-20,72.0980453491211
2024-03-21,73.50138092041016
2024-03-22,73.20279693603516
2024-03-25,72.94403839111328
2024-03-26,72.95397186279297
2024-03-27,73.87958526611328
2024-03-28,74.50660705566406
2024-04-01,73.53123474121094
2024-04-02,71.9288330078125
2024-04-03,73.22270965576172
2024-04-04,72.1179428100586
2024-04-05,73.37200164794922
2024-04-08,73.19284057617188
2024-04-09,72.58572387695312
2024-04-10,70.0079574584961
2024-04-11,70.61506652832031
2024-04-12,70.0477523803711
2024-04-15,68.85343933105469
2024-04-16,68.01739501953125
2024-04-17,67.3207015991211
2024-04-18,67.15150451660156
2024-04-19,66.84296417236328
2024-04-22,67.48989868164062
2024-04-23,69.66956329345703
2024-04-24,69.10224914550781
2024-04-25,69.04254150390625
2024-04-26,70.20701599121094
2024-04-29,70.4558334350586
2024-04-30,68.74394989013672
2024-05-01,69.05248260498047
2024-05-02,69.76908874511719
2024-05-03,70.81412506103516
2024-05-06,71.9487533569336
2024-05-07,71.54067993164062
2024-05-08,71.16249084472656
2024-05-09,72.10797882080078
2024-05-10,72.53597259521484
2024-05-13,71.98856353759766
2024-05-14,72.35680389404297
2024-05-15,74.29761505126953
2024-05-16,72.078125
2024-05-17,72.12789916992188
2024-05-20,72.17765808105469
2024-05-21,71.80940246582031
2024-05-22,70.40606689453125
2024-05-23,69.79894256591797
2024-05-24,70.40606689453125
2024-05-28,69.47051239013672
2024-05-29,68.71409606933594
2024-05-30,69.80889129638672
2024-05-31,70.43592834472656
2024-06-03,69.61978912353516
2024-06-04,68.4155044555664
2024-06-05,69.38093566894531
2024-06-06,68.64441680908203
2024-06-07,68.12687683105469
2024-06-10,68.67427062988281
2024-06-11,68.02735137939453
2024-06-12,69.76908874511719
2024-06-13,69.66956329345703
2024-06-14,68.8434829711914
2024-06-17,69.80889129638672
2024-06-18,69.84870910644531
2024-06-20,68.62451934814453
2024-06-21,68.42546081542969
2024-06-24,68.80293273925781
2024-06-25,67.32886505126953
2024-06-26,67.3388442993164
2024-06-27,67.60775756835938
2024-06-28,67.53804016113281
2024-07-01,66.09384155273438
2024-07-02,66.16357421875
2024-07-03,66.52212524414062
2024-07-05,66.02413940429688
2024-07-08,66.3328857421875
2024-07-09,66.01416778564453
2024-07-10,67.1794662475586
2024-07-11,69.98816680908203
2024-07-12,70.94432067871094
2024-07-15,71.54192352294922
2024-07-16,74.67928314208984
2024-07-17,72.51798248291016
2024-07-18,72.49805450439453
2024-07-19,72.1893081665039
2024-07-22,73.88248443603516
2024-07-23,74.66931915283203
2024-07-24,72.00007629394531
2024-07-25,72.59766387939453
2024-07-26,75.00794982910156
2024-07-29,75.37647247314453
2024-07-30,75.36651611328125
2024-07-31,76.07366180419922
2024-08-01,73.92233276367188
2024-08-02,71.16343688964844
2024-08-05,69.19137573242188
2024-08-06,69.42044067382812
2024-08-07,67.26911163330078
2024-08-08,68.76309967041016
2024-08-09,68.85275268554688
2024-08-12,68.44438171386719
2024-08-13,69.60969543457031
2024-08-14,69.51010131835938
2024-08-15,71.09371948242188
2024-08-16,70.56584930419922
2024-08-19,71.38256072998047
2024-08-20,70.98414611816406
2024-08-21,72.46819305419922
2024-08-22,72.32874298095703
2024-08-23,75.0876235961914
2024-08-26,74.65935516357422
2024-08-27,73.44425201416016
2024-08-28,73.02593231201172
2024-08-29,73.44425201416016
2024-08-30,74.19123840332031
2024-09-03,71.35267639160156
2024-09-04,71.00407409667969
2024-09-05,70.61564636230469
2024-09-06,70.75507354736328
2024-09-09,71.15348052978516
2024-09-10,71.61163330078125
2024-09-11,71.90047454833984
2024-09-12,73.52394104003906
2024-09-13,75.57568359375
2024-09-16,76.21309661865234
2024-09-17,76.68122100830078
2024-09-18,76.74097442626953
2024-09-19,79.46003723144531
2024-09-20,78.57360076904297
2024-09-23,78.95040130615234
2024-09-24,78.34232330322266
2024-09-25,77.74421691894531
2024-09-26,78.1429672241211
2024-09-27,78.85071563720703
2024-09-30,79.32920837402344
2024-10-01,78.89058685302734
2024-10-02,78.46194458007812
2024-10-03,78.22270965576172
2024-10-04,78.57160186767578
2024-10-07,78.41212463378906
2024-10-08,78.81084442138672
2024-10-09,79.25942993164062
2024-10-10,78.471923828125
2024-10-11,79.62825775146484
2024-10-14,80.65501403808594
2024-10-15,81.07369995117188
2024-10-16,82.55899047851562
2024-10-17,82.29981231689453
2024-10-18,82.78827667236328
2024-10-21,81.42259216308594
2024-10-22,79.15974426269531
2024-10-23,78.46194458007812
2024-10-24,78.7111587524414
2024-10-25,77.55481719970703
2024-10-28,78.82080841064453
2024-10-29,77.74421691894531
2024-10-30,78.15292358398438
2024-10-31,77.50497436523438
2024-11-01,78.24264526367188
2024-11-04,78.57160186767578
2024-11-05,81.48239135742188
2024-11-06,83.84492492675781
2024-11-07,84.49288940429688
2024-11-08,85.7489013671875
2024-11-11,86.0978012084961
2024-11-12,83.98448944091797
2024-11-13,83.65552520751953
2024-11-14,83.36644744873047
2024-11-15,82.61880493164062
2024-11-18,83.02751922607422
2024-11-19,83.72530364990234
2024-11-20,83.42625427246094
2024-11-21,84.72215270996094
2024-11-22,85.77881622314453
2024-11-25,88.09150695800781
2024-11-26,87.46349334716797
2024-11-27,86.6361083984375
2024-11-29,86.94512176513672
2024-12-02,86.68594360351562
2024-12-03,86.1576156616211
2024-12-04,85.71900177001953
2024-12-05,85.08102416992188
2024-12-06,85.05111694335938
2024-12-09,83.25678253173828
2024-12-10,81.9409408569336
2024-12-11,82.80821228027344
2024-12-12,81.98081970214844
2024-12-13,81.21324157714844
2024-12-16,81.13349151611328
2024-12-17,79.92731475830078
2024-12-18,76.68756866455078
2024-12-19,76.18913269042969
2024-12-20,76.90687561035156
2024-12-23,76.81610870361328
2024-12-24,77.15516662597656
2024-12-26,77.33466339111328
2024-12-27,76.36737060546875
2024-12-30,75.74909210205078
2024-12-31,75.50975036621094
2025-01-02,75.27042388916016
2025-01-03,76.75628662109375
2025-01-06,76.99561309814453
2025-01-07,75.26045227050781
2025-01-08,75.83883666992188
2025-01-10,74.60227966308594
2025-01-13,75.1906509399414
2025-01-14,77.33466339111328
2025-01-15,79.41886138916016
2025-01-16,80.1767578125
2025-01-17,80.77509307861328
2025-01-21,82.42051696777344
2025-01-22,82.5202407836914
2025-01-23,82.26095581054688
2025-01-24,81.68257141113281
2025-01-27,76.98563385009766
2025-01-28,76.8360595703125
2025-01-29,76.23772430419922
2025-01-30,77.84325408935547
2025-01-31,76.9258041381836
2025-02-03,75.75906372070312
2025-02-04,75.67927551269531
2025-02-05,77.02552795410156
2025-02-06,78.22220611572266
2025-02-07,76.8360595703125
2025-02-10,76.88591766357422
2025-02-11,76.32746887207031
2025-02-12,75.16072845458984
2025-02-13,75.93855285644531
2025-02-14,76.05821990966797
2025-02-18,76.15795135498047
2025-02-19,74.77181243896484
2025-02-20,73.6648941040039
2025-02-21,71.21172332763672
2025-02-24,70.36407470703125
2025-02-25,71.5208511352539
2025-02-26,72.1590805053711
2025-02-27,70.61338806152344
2025-02-28,72.19896697998047
2025-03-03,70.0649185180664
2025-03-04,69.00785064697266
2025-03-05,70.39398956298828
2025-03-06,68.59900665283203
2025-03-07,67.88099670410156
2025-03-10,66.47491455078125
2025-03-11,66.79401397705078
2025-03-12,67.6316909790039
2025-03-13,66.54471588134766
2025-03-14,68.44940185546875
2025-03-17,69.08763885498047
2025-03-18,68.26991271972656
2025-03-19,69.9651870727539
2025-03-20,69.51643371582031
2025-03-21,68.49927520751953
2025-03-24,71.11820220947266
2025-03-25,70.69933319091797
2025-03-26,69.19340515136719
2025-03-27,68.13624572753906
2025-03-28,67.05915069580078
2025-03-31,67.14891052246094
2025-04-01,67.81710815429688
2025-04-02,69.25324249267578
2025-04-03,65.31385803222656
2025-04-04,62.92031478881836
2025-04-07,62.30198669433594
2025-04-08,61.883113861083984
2025-04-09,67.96671295166016
2025-04-10,65.41358947753906
2025-04-11,66.76992797851562
2025-04-14,67.55780792236328
2025-04-15,67.18881225585938
2025-04-16,66.28125
2025-04-17,66.31117248535156
2025-04-21,63.74808120727539
2025-04-22,65.44351196289062
2025-04-23,66.58045196533203
2025-04-24,68.46536254882812
2025-04-25,68.89420318603516
2025-04-28,68.84434509277344
2025-04-29,69.32304382324219
2025-04-30,69.92143249511719
2025-05-01,71.47724151611328
2025-05-02,73.20259094238281
2025-05-05,73.5117416381836
2025-05-06,72.9632339477539
2025-05-07,73.12279510498047
2025-05-08,75.17725372314453
2025-05-09,75.19720458984375
2025-05-12,77.4012680053711
2025-05-13,78.27889251708984
2025-05-14,77.71041870117188
2025-05-15,78.0694580078125
2025-05-16,79.20638275146484
2025-05-19,79.14656066894531
2025-05-20,78.49829864501953
2025-05-21,77.25165557861328
2025-05-22,76.75301361083984
2025-05-23,76.85275268554688
2025-05-27,78.40855407714844
2025-05-28,76.78292846679688
2025-05-29,76.97241973876953
2025-05-30,76.88265991210938
2025-06-02,76.5036849975586
2025-06-03,77.96973419189453
2025-06-04,77.93980407714844
2025-06-05,78.2988510131836
2025-06-06,78.83738708496094
2025-06-09,78.44844055175781
2025-06-10,78.21905517578125
2025-06-11,78.00962829589844
2025-06-12,78.38860321044922
2025-06-13,76.78292846679688
2025-06-16,77.72040557861328
2025-06-17,76.9425048828125
2025-06-18,76.82283020019531
2025-06-20,76.6732177734375
2025-06-23,78.2013168334961
2025-06-24,79.42899322509766
2025-06-25,78.40094757080078
2025-06-26,79.5188217163086
2025-06-27,80.49696350097656
2025-06-30,80.19752502441406
2025-07-01,81.13574981689453
2025-07-02,82.02405548095703
2025-07-03,82.63290405273438
2025-07-07,81.99411010742188
2025-07-08,81.64478302001953
2025-07-09,82.6528549194336
2025-07-10,83.19183349609375
2025-07-11,82.83251953125
2025-07-14,82.94230651855469
2025-07-15,81.53498077392578
2025-07-16,81.78451538085938
2025-07-17,82.6728286743164
2025-07-18,82.63290405273438
2025-07-21,82.15380096435547
2025-07-22,83.39146423339844
2025-07-23,84.7887954711914
2025-07-24,84.67900085449219
2025-07-25,86.88481903076172
2025-07-28,86.41570281982422
2025-07-29,85.9765396118164
2025-07-30,85.81684112548828
2025-07-31,85.14810943603516
2025-08-01,84.65904235839844
2025-08-04,86.20610809326172
2025-08-05,87.6733169555664
2025-08-06,87.05449676513672
2025-08-07,88.5017318725586
2025-08-08,88.99081420898438
2025-08-11,88.4618148803711
2025-08-12,91.43616485595703
2025-08-13,92.32447814941406
2025-08-14,90.79737091064453
2025-08-15,89.90906524658203
2025-08-18,90.18853759765625
2025-08-19,90.22845458984375
2025-08-20,89.05070495605469
2025-08-21,89.09062194824219
2025-08-22,91.72561645507812
2025-08-25,91.28644561767578
2025-08-26,92.17475128173828
2025-08-27,92.17475128173828
2025-08-28,92.41429901123047
2025-08-29,91.36629486083984
2025-09-02,90.717529296875
2025-09-03,90.46800231933594
2025-09-04,92.2845458984375
2025-09-05,92.10488891601562
2025-09-08,92.03502655029297
2025-09-09,90.58777618408203
2025-09-10,91.9052734375
2025-09-11,93.92144012451172
2025-09-12,92.83350372314453
2025-09-15,93.39244079589844
2025-09-16,92.7835922241211
2025-09-17,92.494140625
2025-09-18,94.83968353271484
2025-09-19,94.39054107666016
2025-09-22,95.1822280883789
2025-09-23,94.57323455810547
2025-09-24,92.96590423583984
2025-09-25,92.29701232910156
2025-09-26,93.92431640625
2025-09-29,94.2837142944336
2025-09-30,95.44180297851562
2025-10-01,95.00252532958984
2025-10-02,95.30203247070312
2025-10-03,94.86276245117188
2025-10-06,94.56326293945312
2025-10-07,93.554931640625
2025-10-08,95.52166748046875
2025-10-09,93.98421478271484
2025-10-10,92.08735656738281
2025-10-13,94.07406616210938
2025-10-14,95.74130249023438
2025-10-15,96.27043151855469
2025-10-16,95.41184997558594
2025-10-17,94.97257232666016
2025-10-20,96.42018127441406
2025-10-21,96.80953216552734
2025-10-22,93.99419403076172
2025-10-23,96.13066101074219
2025-10-24,98.8860855102539
2025-10-27,98.4268569946289
2025-10-28,97.83782958984375
2025-10-29,97.9177017211914
2025-10-30,95.53165435791016
2025-10-31,95.5815658569336
2025-11-03,95.47174072265625
2025-11-04,94.72299194335938
2025-11-05,95.9709243774414
2025-11-06,94.34361267089844
2025-11-07,94.20384979248047
2025-11-10,95.49171447753906
2025-11-11,95.23214721679688
2025-11-12,95.56159973144531
2025-11-13,92.27704620361328
2025-11-14,92.50667572021484
2025-11-17,91.1988296508789
2025-11-18,90.70964813232422
2025-11-19,90.72960662841797
2025-11-20,88.81278991699219
2025-11-21,90.45008087158203
2025-11-24,92.41680908203125
2025-11-25,94.23380279541016
2025-11-26,95.40186309814453
2025-11-28,95.61151885986328
2025-12-01,93.84445190429688
2025-12-02,93.66474151611328
2025-12-03,94.7030258178711
2025-12-04,95.33197784423828
2025-12-05,94.9026870727539
2025-12-08,94.92266082763672
2025-12-09,94.1938705444336
2025-12-10,96.53997802734375
2025-12-11,98.0574722290039
2025-12-12,95.91102600097656
2025-12-15,96.03082275390625
2025-12-16,95.61151885986328
2025-12-17,93.365234375
2025-12-18,94.63314056396484
2025-12-19,94.3336410522461
2025-12-22,94.91787719726562
2025-12-23,95.00776672363281
2025-12-24,95.43721008300781
2025-12-26,95.46717834472656
2025-12-29,94.63824462890625
2025-12-30,93.73939514160156
2025-12-31,92.47102355957031
2026-01-02,94.89790344238281
2026-01-05,96.65564727783203
2026-01-06,96.65564727783203
2026-01-07,94.9977798461914
2026-01-08,95.83670043945312
2026-01-09,98.88278198242188
2026-01-12,99.76165008544922
2026-01-13,100.18110656738281
2026-01-14,98.81287384033203
2026-01-15,100.46075439453125
2026-01-16,101.43949127197266
2026-01-20,99.27228546142578
2026-01-21,101.21977233886719
2026-01-22,101.36958312988281
2026-01-23,99.91145324707031
2026-01-26,100.5306625366211
2026-01-27,100.35089874267578
2026-01-28,99.90147399902344
2026-01-29,100.19110107421875
2026-01-30,98.20365905761719
2026-02-02,100.30095672607422
2026-02-03,102.23846435546875
2026-02-04,102.10862731933594
2026-02-05,102.6978759765625
2026-02-06,106.6727523803711
2026-02-09,107.36186981201172
2026-02-10,108.10092163085938
2026-02-11,108.81999969482422
2026-02-12,107.23204040527344
2026-02-13,109.04969787597656
2026-02-17,107.91116333007812
2026-02-18,107.64151763916016
2026-02-19,108.8000259399414
2026-02-20,110.35801696777344
2026-02-23,108.73011016845703
2026-02-24,110.09835052490234
2026-02-25,109.04969787597656
2026-02-26,109.69886779785156
2026-02-27,108.54035949707031
2026-03-02,107.87122344970703
2026-03-03,105.1746826171875
2026-03-04,105.82384490966797
2026-03-05,102.26842498779297
2026-03-06,99.49199676513672
2026-03-09,100.03131103515625
2026-03-10,99.78162384033203
2026-03-11,99.0925064086914
2026-03-12,96.67562866210938
2026-03-13,96.38599395751953
2026-03-16,97.95397186279297
2026-03-17,98.35346221923828
2026-03-18,96.28612518310547
2026-03-19,95.73682403564453
2026-03-20,93.34989929199219
2026-03-23,96.6835708618164
2026-03-24,97.51274871826172
2026-03-25,98.45181274414062
2026-03-26,95.9443130493164
2026-03-27,95.87438201904297
2026-03-30,94.13611602783203
2026-03-31,97.47278594970703
2026-04-01,99.42083740234375
2026-04-02,98.30196380615234
2026-04-06,98.72154235839844
2026-04-07,97.87239074707031
2026-04-08,103.07719421386719
2026-04-09,104.44583129882812
2026-04-10,104.44583129882812
2026-04-13,105.58470153808594
2026-04-14,105.77450561523438
2026-04-15,104.20606994628906
2026-04-16,103.04722595214844
2026-04-17,106.17410278320312
2026-04-20,107.37291717529297
2026-04-21,106.14413452148438
2026-04-22,106.47380828857422
2026-04-23,107.5427474975586
2026-04-24,107.39289093017578
2026-04-27,107.89239501953125
2026-04-28,106.76351928710938
2026-04-29,105.54473876953125
2026-04-30,108.47181701660156
2026-05-01,108.64164733886719
2026-05-04,106.89338684082031
2026-05-05,108.99129486083984
2026-05-06,110.48979949951172
2026-05-07,106.34393310546875
2026-05-08,105.8344497680664
2026-05-11,105.37490844726562
2026-05-12,104.55572509765625
2026-05-13,103.87640380859375
2026-05-14,104.97530364990234
2026-05-15,101.9982681274414
2026-05-18,100.74951934814453
2026-05-19,98.63162994384766
2026-05-20,100.80946350097656
2026-05-21,100.92933654785156
2026-05-22,100.81944274902344
2026-05-26,103.42684936523438
2026-05-27,105.42485046386719
2026-05-28,105.41486358642578
2026-05-29,104.4758071899414
2026-06-01,103.20706176757812
2026-06-02,104.09617614746094
2026-06-03,104.5956802368164
2026-06-04,105.54473876953125
2026-06-05,103.52674865722656
2026-06-08,102.43783569335938
2026-06-09,104.31595611572266
2026-06-10,100.52973175048828
2026-06-11,104.5357437133789
2026-06-12,105.72455596923828
2026-06-15,107.47281646728516
2026-06-16,108.41187286376953
2026-06-17,107.41287231445312
2026-06-18,110.29000091552734
2026-06-22,111.29000091552734
2026-06-23,108.94000244140625
2026-06-24,111.79000091552734
2026-06-25,113.97000122070312
2026-06-26,112.25
2026-06-29,111.63999938964844
2026-06-30,112.05999755859375
2026-07-01,109.06999969482422
2026-07-02,107.61000061035156
2026-07-06,108.05999755859375
2026-07-07,104.55000305175781
2026-07-08,102.48999786376953
2026-07-09,103.68000030517578
2026-07-10,103.97000122070312
2026-07-13,102.16999816894531
2026-07-14,103.80000305175781
2026-07-15,103.91000366210938
2026-07-16,104.18000030517578
2026-07-17,102.1500015258789
2026-07-20,101.08000183105469
2026-07-21,102.01000213623047
2026-07-22,102.72000122070312
2026-07-23,102.37999725341797
2026-07-24,102.41000366210938
2026-07-27,102.79000091552734
2026-07-28,101.61000061035156
2026-07-29,97.5
2026-07-30,99.69999694824219
2026-07-31,100.29000091552734
2026-08-03,101.75920104980469
