Date,Close
2004-07-27,9.968217849731445
2004-07-28,9.928104400634766
2004-07-29,9.887994766235352
2004-07-30,9.887994766235352
2004-08-02,9.847882270812988
2004-08-03,9.847882270812988
2004-08-04,9.627252578735352
2004-08-05,9.627252578735352
2004-08-06,9.627252578735352
2004-08-09,9.627252578735352
2004-08-10,9.627252578735352
2004-08-11,9.627254486083984
2004-08-12,9.61116886138916
2004-08-13,9.61116886138916
2004-08-16,9.61116886138916
2004-08-17,9.530735969543457
2004-08-18,9.530735969543457
2004-08-19,9.530735969543457
2004-08-20,9.249241828918457
2004-08-23,8.947636604309082
2004-08-24,8.911443710327148
2004-08-25,9.249241828918457
2004-08-26,9.249241828918457
2004-08-27,9.249241828918457
2004-08-30,9.651384353637695
2004-08-31,9.450313568115234
2004-09-01,9.550849914550781
2004-09-02,9.490523338317871
2004-09-03,9.490523338317871
2004-09-07,9.550849914550781
2004-09-08,9.550849914550781
2004-09-09,9.329669952392578
2004-09-10,9.550849914550781
2004-09-13,9.550849914550781
2004-09-14,9.450313568115234
2004-09-15,9.048172950744629
2004-09-16,9.068279266357422
2004-09-17,9.209025382995605
2004-09-20,9.329669952392578
2004-09-21,9.28945255279541
2004-09-22,9.3739013671875
2004-09-23,9.4100980758667
2004-09-24,9.349776268005371
2004-09-27,9.450313568115234
2004-09-28,9.450313568115234
2004-09-29,9.450313568115234
2004-09-30,9.450313568115234
2004-10-01,9.450313568115234
2004-10-04,9.458351135253906
2004-10-05,9.349776268005371
2004-10-06,9.349776268005371
2004-10-07,9.450313568115234
2004-10-08,9.329669952392578
2004-10-11,9.221089363098145
2004-10-12,9.450313568115234
2004-10-13,9.450313568115234
2004-10-14,9.450313568115234
2004-10-15,9.450313568115234
2004-10-18,9.450313568115234
2004-10-19,9.450313568115234
2004-10-20,9.450313568115234
2004-10-21,9.450313568115234
2004-10-22,9.486506462097168
2004-10-25,9.450313568115234
2004-10-26,9.450313568115234
2004-10-27,9.651384353637695
2004-10-28,9.651384353637695
2004-10-29,9.651384353637695
2004-11-01,9.659428596496582
2004-11-02,9.651384353637695
2004-11-03,9.663446426391602
2004-11-04,9.659428596496582
2004-11-05,9.651384353637695
2004-11-08,9.659428596496582
2004-11-09,9.735626220703125
2004-11-10,9.727519989013672
2004-11-11,9.565390586853027
2004-11-12,9.646452903747559
2004-11-15,9.768047332763672
2004-11-16,9.768047332763672
2004-11-17,9.768047332763672
2004-11-18,9.788313865661621
2004-11-19,9.808581352233887
2004-11-22,9.889641761779785
2004-11-23,9.909911155700684
2004-11-24,9.909911155700684
2004-11-26,9.889641761779785
2004-11-29,9.869378089904785
2004-11-30,9.889641761779785
2004-12-01,10.05987548828125
2004-12-02,10.051772117614746
2004-12-03,9.990974426269531
2004-12-06,9.978809356689453
2004-12-07,10.031501770019531
2004-12-08,10.031501770019531
2004-12-09,10.132831573486328
2004-12-10,10.132831573486328
2004-12-13,10.112567901611328
2004-12-14,10.132831573486328
2004-12-15,10.132831573486328
2004-12-16,10.07203483581543
2004-12-17,10.092302322387695
2004-12-20,10.092302322387695
2004-12-21,10.092302322387695
2004-12-22,10.031501770019531
2004-12-23,9.990974426269531
2004-12-27,9.990974426269531
2004-12-28,10.07203483581543
2004-12-29,10.07203483581543
2004-12-30,10.07203483581543
2004-12-31,10.011238098144531
2005-01-03,9.95449161529541
2005-01-04,9.990974426269531
2005-01-05,9.990974426269531
2005-01-06,9.970706939697266
2005-01-07,9.93017292022705
2005-01-10,9.889641761779785
2005-01-11,9.832898139953613
2005-01-12,9.926122665405273
2005-01-13,9.909911155700684
2005-01-14,9.909911155700684
2005-01-18,9.832898139953613
2005-01-19,9.849116325378418
2005-01-20,9.873433113098145
2005-01-21,9.869378089904785
2005-01-24,9.901798248291016
2005-01-25,9.93017292022705
2005-01-26,9.93017292022705
2005-01-27,9.93017292022705
2005-01-28,9.93017292022705
2005-01-31,9.93017292022705
2005-02-01,10.128782272338867
2005-02-02,10.011238098144531
2005-02-03,10.011238098144531
2005-02-04,10.011238098144531
2005-02-07,10.011238098144531
2005-02-08,10.092302322387695
2005-02-09,10.07203483581543
2005-02-10,10.111255645751953
2005-02-11,10.111255645751953
2005-02-14,10.111255645751953
2005-02-15,10.111255645751953
2005-02-16,10.111255645751953
2005-02-17,10.029548645019531
2005-02-18,9.992779731750488
2005-02-22,10.009117126464844
2005-02-23,9.968266487121582
2005-02-24,10.009117126464844
2005-02-25,9.992779731750488
2005-02-28,9.972352981567383
2005-03-01,9.968266487121582
2005-03-02,9.968266487121582
2005-03-03,9.968266487121582
2005-03-04,9.968266487121582
2005-03-07,10.070398330688477
2005-03-08,9.988692283630371
2005-03-09,9.988692283630371
2005-03-10,10.086746215820312
2005-03-11,10.0949125289917
2005-03-14,10.164361953735352
2005-03-15,10.131682395935059
2005-03-16,10.127593994140625
2005-03-17,10.111255645751953
2005-03-18,10.098993301391602
2005-03-21,10.086746215820312
2005-03-22,10.086746215820312
2005-03-23,10.009117126464844
2005-03-24,10.041800498962402
2005-03-28,10.041800498962402
2005-03-29,10.041800498962402
2005-03-30,10.009117126464844
2005-03-31,10.009117126464844
2005-04-01,10.009117126464844
2005-04-04,10.009117126464844
2005-04-05,10.009117126464844
2005-04-06,9.911072731018066
2005-04-07,9.911072731018066
2005-04-08,9.86204719543457
2005-04-11,9.853880882263184
2005-04-12,9.84570598602295
2005-04-13,9.886557579040527
2005-04-14,9.804851531982422
2005-04-15,9.804851531982422
2005-04-18,9.743572235107422
2005-04-19,9.710887908935547
2005-04-20,9.678204536437988
2005-04-21,9.682287216186523
2005-04-22,9.621009826660156
2005-04-25,9.518877983093262
2005-04-26,9.600587844848633
2005-04-27,9.600587844848633
2005-04-28,9.649609565734863
2005-04-29,9.649609565734863
2005-05-02,9.580160140991211
2005-05-03,9.682287216186523
2005-05-04,9.682287216186523
2005-05-05,9.739484786987305
2005-05-06,9.682287216186523
2005-05-09,9.731311798095703
2005-05-10,9.682287216186523
2005-05-11,9.641435623168945
2005-05-12,9.641435623168945
2005-05-13,9.600587844848633
2005-05-16,9.55972957611084
2005-05-17,9.600587844848633
2005-05-18,9.600587844848633
2005-05-19,9.543387413024902
2005-05-20,9.543387413024902
2005-05-23,9.547473907470703
2005-05-24,9.527045249938965
2005-05-25,9.531129837036133
2005-05-26,9.55972957611084
2005-05-27,9.55972957611084
2005-05-31,9.629181861877441
2005-06-01,9.55972957611084
2005-06-02,9.518877983093262
2005-06-03,9.412660598754883
2005-06-06,9.457594871520996
2005-06-07,9.335036277770996
2005-06-08,9.359550476074219
2005-06-09,9.37588882446289
2005-06-10,9.37588882446289
2005-06-13,9.37588882446289
2005-06-14,9.363632202148438
2005-06-15,9.359550476074219
2005-06-16,9.330954551696777
2005-06-17,9.330954551696777
2005-06-20,9.330954551696777
2005-06-21,9.39631462097168
2005-06-22,9.355461120605469
2005-06-23,9.453509330749512
2005-06-24,9.33912181854248
2005-06-27,9.355461120605469
2005-06-28,9.33912181854248
2005-06-29,9.39631462097168
2005-06-30,9.39631462097168
2005-07-01,9.384057998657227
2005-07-05,9.384057998657227
2005-07-06,9.355461120605469
2005-07-07,9.37588882446289
2005-07-08,9.37588882446289
2005-07-11,9.355461120605469
2005-07-12,9.433085441589355
2005-07-13,9.363632202148438
2005-07-14,9.437167167663574
2005-07-15,9.437167167663574
2005-07-18,9.355461120605469
2005-07-19,9.294183731079102
2005-07-20,9.39631462097168
2005-07-21,9.39631462097168
2005-07-22,9.478022575378418
2005-07-25,9.478022575378418
2005-07-26,9.649609565734863
2005-07-27,9.621009826660156
2005-07-28,9.621009826660156
2005-07-29,9.621009826660156
2005-08-01,9.621009826660156
2005-08-02,9.612839698791504
2005-08-03,9.58424186706543
2005-08-04,9.612839698791504
2005-08-05,9.612839698791504
2005-08-08,9.612839698791504
2005-08-09,9.55972957611084
2005-08-10,9.64440631866455
2005-08-11,9.64440631866455
2005-08-12,9.64440631866455
2005-08-15,9.665056228637695
2005-08-16,9.747662544250488
2005-08-17,9.809617042541504
2005-08-18,9.727009773254395
2005-08-19,9.727009773254395
2005-08-22,9.710489273071289
2005-08-23,9.809617042541504
2005-08-24,9.809617042541504
2005-08-25,9.706360816955566
2005-08-26,9.62375259399414
2005-08-29,9.62375259399414
2005-08-30,9.648534774780273
2005-08-31,9.607230186462402
2005-09-01,9.62375259399414
2005-09-02,9.62787914276123
2005-09-06,9.62787914276123
2005-09-07,9.603100776672363
2005-09-08,9.603100776672363
2005-09-09,9.590709686279297
2005-09-12,9.590709686279297
2005-09-13,9.520491600036621
2005-09-14,9.541141510009766
2005-09-15,9.541141510009766
2005-09-16,9.62375259399414
2005-09-19,9.541141510009766
2005-09-20,9.541141510009766
2005-09-21,9.520491600036621
2005-09-22,9.582447052001953
2005-09-23,9.520491600036621
2005-09-26,9.499839782714844
2005-09-27,9.4544038772583
2005-09-28,9.417231559753418
2005-09-29,9.53701400756836
2005-09-30,9.520491600036621
2005-10-03,9.520491600036621
2005-10-04,9.400707244873047
2005-10-05,9.532882690429688
2005-10-06,9.532882690429688
2005-10-07,9.520491600036621
2005-10-10,9.532882690429688
2005-10-11,9.532882690429688
2005-10-12,9.607230186462402
2005-10-13,9.607230186462402
2005-10-14,9.62375259399414
2005-10-17,9.582447052001953
2005-10-18,9.45853328704834
2005-10-19,9.45853328704834
2005-10-20,9.45853328704834
2005-10-21,9.45853328704834
2005-10-24,9.400707244873047
2005-10-25,9.421363830566406
2005-10-26,9.421363830566406
2005-10-27,9.421363830566406
2005-10-28,9.425493240356445
2005-10-31,9.425493240356445
2005-11-01,9.421363830566406
2005-11-02,9.421363830566406
2005-11-03,9.437887191772461
2005-11-04,9.45853328704834
2005-11-07,9.462666511535645
2005-11-08,9.462666511535645
2005-11-09,9.412468910217285
2005-11-10,9.412468910217285
2005-11-11,9.412468910217285
2005-11-14,9.391551971435547
2005-11-15,9.349717140197754
2005-11-16,9.328802108764648
2005-11-17,9.245133399963379
2005-11-18,9.266051292419434
2005-11-21,9.249317169189453
2005-11-22,9.07361888885498
2005-11-23,9.056882858276367
2005-11-25,9.056882858276367
2005-11-28,9.056882858276367
2005-11-29,8.97321891784668
2005-11-30,9.044333457946777
2005-12-01,9.056882858276367
2005-12-02,8.981586456298828
2005-12-05,8.97321891784668
2005-12-06,9.203301429748535
2005-12-07,9.203301429748535
2005-12-08,9.056882858276367
2005-12-09,9.077803611755371
2005-12-12,8.994134902954102
2005-12-13,9.08616828918457
2005-12-14,8.956487655639648
2005-12-15,8.952303886413574
2005-12-16,8.830985069274902
2005-12-19,8.789153099060059
2005-12-20,8.747318267822266
2005-12-21,8.743134498596191
2005-12-22,8.86863899230957
2005-12-23,8.97321891784668
2005-12-27,8.889554023742676
2005-12-28,9.03178596496582
2005-12-29,9.010871887207031
2005-12-30,9.015050888061523
2006-01-03,8.97321891784668
2006-01-04,8.86863899230957
2006-01-05,8.872821807861328
2006-01-06,8.952303886413574
2006-01-09,9.002503395080566
2006-01-10,8.989950180053711
2006-01-11,9.015050888061523
2006-01-12,9.07361888885498
2006-01-13,9.035969734191895
2006-01-17,8.872821807861328
2006-01-18,8.872821807861328
2006-01-19,8.910469055175781
2006-01-20,8.931385040283203
2006-01-23,9.077803611755371
2006-01-24,9.081986427307129
2006-01-25,9.203301429748535
2006-01-26,9.199117660522461
2006-01-27,9.245133399963379
2006-01-30,9.224218368530273
2006-01-31,9.245133399963379
2006-02-01,9.249317169189453
2006-02-02,9.224218368530273
2006-02-03,9.203301429748535
2006-02-06,9.286967277526855
2006-02-07,9.286967277526855
2006-02-08,9.454300880432129
2006-02-09,9.454300880432129
2006-02-10,9.43053150177002
2006-02-13,9.485706329345703
2006-02-14,9.485706329345703
2006-02-15,9.49843692779541
2006-02-16,9.549370765686035
2006-02-17,9.549370765686035
2006-02-21,9.613032341003418
2006-02-22,9.697917938232422
2006-02-23,9.761578559875488
2006-02-24,9.761578559875488
2006-02-27,9.83372974395752
2006-02-28,9.901633262634277
2006-03-01,9.931342124938965
2006-03-02,9.931342124938965
2006-03-03,9.905881881713867
2006-03-06,9.96954345703125
2006-03-07,9.888904571533203
2006-03-08,9.888904571533203
2006-03-09,9.888904571533203
2006-03-10,9.96954345703125
2006-03-13,9.927102088928223
2006-03-14,9.888904571533203
2006-03-15,9.867683410644531
2006-03-16,9.931342124938965
2006-03-17,9.931342124938965
2006-03-20,9.867683410644531
2006-03-21,9.867683410644531
2006-03-22,9.867683410644531
2006-03-23,9.867683410644531
2006-03-24,9.91012191772461
2006-03-27,9.888904571533203
2006-03-28,9.825239181518555
2006-03-29,9.867683410644531
2006-03-30,9.888904571533203
2006-03-31,9.888904571533203
2006-04-03,9.888904571533203
2006-04-04,9.846463203430176
2006-04-05,9.846463203430176
2006-04-06,9.91012191772461
2006-04-07,9.804018020629883
2006-04-10,9.91012191772461
2006-04-11,9.931342124938965
2006-04-12,9.804018020629883
2006-04-13,9.804018020629883
2006-04-17,9.808259010314941
2006-04-18,9.782800674438477
2006-04-19,9.867683410644531
2006-04-20,9.867683410644531
2006-04-21,9.867683410644531
2006-04-24,9.956809997558594
2006-04-25,9.795533180236816
2006-04-26,9.795533180236816
2006-04-27,9.973790168762207
2006-04-28,9.888904571533203
2006-05-01,9.782800674438477
2006-05-02,9.804018020629883
2006-05-03,9.804018020629883
2006-05-04,9.867683410644531
2006-05-05,9.867683410644531
2006-05-08,9.888904571533203
2006-05-09,9.804018020629883
2006-05-10,9.851424217224121
2006-05-11,9.907447814941406
2006-05-12,9.907447814941406
2006-05-15,9.997947692871094
2006-05-16,9.821258544921875
2006-05-17,9.821258544921875
2006-05-18,9.821258544921875
2006-05-19,9.8040189743042
2006-05-22,9.786781311035156
2006-05-23,9.782469749450684
2006-05-24,9.782469749450684
2006-05-25,9.825568199157715
2006-05-26,9.825568199157715
2006-05-30,9.825568199157715
2006-05-31,9.890209197998047
2006-06-01,9.890209197998047
2006-06-02,9.890209197998047
2006-06-05,9.890209197998047
2006-06-06,9.868660926818848
2006-06-07,9.782469749450684
2006-06-08,9.773853302001953
2006-06-09,9.760926246643066
2006-06-12,9.760926246643066
2006-06-13,9.868660926818848
2006-06-14,9.782469749450684
2006-06-15,9.73937702178955
2006-06-16,9.79970932006836
2006-06-19,9.747998237609863
2006-06-20,9.8040189743042
2006-06-21,9.73937702178955
2006-06-22,9.696284294128418
2006-06-23,9.7178316116333
2006-06-26,9.7178316116333
2006-06-27,9.8040189743042
2006-06-28,9.666114807128906
2006-06-29,9.614405632019043
2006-06-30,9.631640434265137
2006-07-03,9.631640434265137
2006-07-05,9.696284294128418
2006-07-06,9.687667846679688
2006-07-07,9.566999435424805
2006-07-10,9.631640434265137
2006-07-11,9.549760818481445
2006-07-12,9.696284294128418
2006-07-13,9.588547706604004
2006-07-14,9.65318775177002
2006-07-17,9.610093116760254
2006-07-18,9.674735069274902
2006-07-19,9.73937702178955
2006-07-20,9.674735069274902
2006-07-21,9.674735069274902
2006-07-24,9.7178316116333
2006-07-25,9.687667846679688
2006-07-26,9.687667846679688
2006-07-27,9.62733268737793
2006-07-28,9.73937702178955
2006-07-31,9.73937702178955
2006-08-01,9.7178316116333
2006-08-02,9.7178316116333
2006-08-03,9.631640434265137
2006-08-04,9.7178316116333
2006-08-07,9.7178316116333
2006-08-08,9.7178316116333
2006-08-09,9.691973686218262
2006-08-10,9.644566535949707
2006-08-11,9.691973686218262
2006-08-14,9.691973686218262
2006-08-15,9.755549430847168
2006-08-16,9.799392700195312
2006-08-17,9.799392700195312
2006-08-18,9.852011680603027
2006-08-21,9.852011680603027
2006-08-22,9.909008026123047
2006-08-23,9.909008026123047
2006-08-24,9.852011680603027
2006-08-25,9.865163803100586
2006-08-28,9.808162689208984
2006-08-29,9.808162689208984
2006-08-30,9.830085754394531
2006-08-31,9.843242645263672
2006-09-01,9.83446979522705
2006-09-05,9.830085754394531
2006-09-06,9.830085754394531
2006-09-07,9.812542915344238
2006-09-08,9.869544982910156
2006-09-11,9.777469635009766
2006-09-12,9.777469635009766
2006-09-13,9.812542915344238
2006-09-14,9.79062557220459
2006-09-15,9.79062557220459
2006-09-18,9.799392700195312
2006-09-19,9.799392700195312
2006-09-20,9.799392700195312
2006-09-21,9.733627319335938
2006-09-22,9.777469635009766
2006-09-25,9.781856536865234
2006-09-26,9.882701873779297
2006-09-27,9.812542915344238
2006-09-28,9.78624153137207
2006-09-29,9.952849388122559
2006-10-02,9.970390319824219
2006-10-03,9.970390319824219
2006-10-04,9.970390319824219
2006-10-05,9.970390319824219
2006-10-06,9.970390319824219
2006-10-09,9.909008026123047
2006-10-10,9.865163803100586
2006-10-11,9.865163803100586
2006-10-12,9.909008026123047
2006-10-13,9.83446979522705
2006-10-16,9.83446979522705
2006-10-17,9.922159194946289
2006-10-18,10.031773567199707
2006-10-19,10.031773567199707
2006-10-20,9.974776268005371
2006-10-23,9.974776268005371
2006-10-24,9.974776268005371
2006-10-25,9.996695518493652
2006-10-26,9.952849388122559
2006-10-27,10.009851455688477
2006-10-30,9.98354434967041
2006-10-31,10.009851455688477
2006-11-01,9.970390319824219
2006-11-02,9.996695518493652
2006-11-03,10.00546646118164
2006-11-06,9.996695518493652
2006-11-07,10.04931640625
2006-11-08,10.06246280670166
2006-11-09,10.080002784729004
2006-11-10,10.027389526367188
2006-11-13,10.00546646118164
2006-11-14,10.194000244140625
2006-11-15,10.128231048583984
2006-11-16,10.302616119384766
2006-11-17,10.302616119384766
2006-11-20,10.28032112121582
2006-11-21,10.25801944732666
2006-11-22,10.324917793273926
2006-11-24,10.324917793273926
2006-11-27,10.146519660949707
2006-11-28,10.168819427490234
2006-11-29,10.369523048400879
2006-11-30,10.400740623474121
2006-12-01,10.414118766784668
2006-12-04,10.481021881103516
2006-12-05,10.503318786621094
2006-12-06,10.427499771118164
2006-12-07,10.369523048400879
2006-12-08,10.525620460510254
2006-12-11,10.396276473999023
2006-12-12,10.396276473999023
2006-12-13,10.369523048400879
2006-12-14,10.436418533325195
2006-12-15,10.347221374511719
2006-12-18,10.414118766784668
2006-12-19,10.391820907592773
2006-12-20,10.436418533325195
2006-12-21,10.431958198547363
2006-12-22,10.365056991577148
2006-12-26,10.431958198547363
2006-12-27,10.539000511169434
2006-12-28,10.472100257873535
2006-12-29,10.481021881103516
2007-01-03,10.481021881103516
2007-01-04,10.436418533325195
2007-01-05,10.583600997924805
2007-01-08,10.646037101745605
2007-01-09,10.646037101745605
2007-01-10,10.704024314880371
2007-01-11,10.748621940612793
2007-01-12,10.748621940612793
2007-01-16,10.570220947265625
2007-01-17,10.596978187561035
2007-01-18,10.485480308532715
2007-01-19,10.592521667480469
2007-01-22,10.592521667480469
2007-01-23,10.614819526672363
2007-01-24,10.704024314880371
2007-01-25,10.637116432189941
2007-01-26,10.71294116973877
2007-01-29,10.668340682983398
2007-01-30,10.637116432189941
2007-01-31,10.681722640991211
2007-02-01,10.677260398864746
2007-02-02,10.614819526672363
2007-02-05,10.561299324035645
2007-02-06,10.69955825805664
2007-02-07,10.71294116973877
2007-02-08,10.47655963897705
2007-02-09,10.525620460510254
2007-02-12,10.704024314880371
2007-02-13,10.481021881103516
2007-02-14,10.436418533325195
2007-02-15,10.409661293029785
2007-02-16,10.400740623474121
2007-02-20,10.545428276062012
2007-02-21,10.658820152282715
2007-02-22,10.676962852478027
2007-02-23,10.667890548706055
2007-02-26,10.654284477233887
2007-02-27,10.72685432434082
2007-02-28,10.749531745910645
2007-03-01,10.749531745910645
2007-03-02,10.75406551361084
2007-03-05,10.75406551361084
2007-03-06,10.663354873657227
2007-03-07,10.749531745910645
2007-03-08,10.704174041748047
2007-03-09,10.72685432434082
2007-03-12,10.79942512512207
2007-03-13,10.840248107910156
2007-03-14,10.835709571838379
2007-03-15,10.930960655212402
2007-03-16,10.817567825317383
2007-03-19,10.817567825317383
2007-03-20,10.817567825317383
2007-03-21,10.763141632080078
2007-03-22,10.849315643310547
2007-03-23,10.681496620178223
2007-03-26,10.681496620178223
2007-03-27,10.681496620178223
2007-03-28,10.744994163513184
2007-03-29,10.70871639251709
2007-03-30,10.699639320373535
2007-04-02,10.744994163513184
2007-04-03,10.785816192626953
2007-04-04,10.763141632080078
2007-04-05,10.817567825317383
2007-04-09,10.817567825317383
2007-04-10,10.73592472076416
2007-04-11,10.803956031799316
2007-04-12,10.817567825317383
2007-04-13,10.840248107910156
2007-04-16,10.77221393585205
2007-04-17,10.72685432434082
2007-04-18,10.75406551361084
2007-04-19,10.776748657226562
2007-04-20,10.72685432434082
2007-04-23,10.80849552154541
2007-04-24,10.767674446105957
2007-04-25,10.740459442138672
2007-04-26,10.803956031799316
2007-04-27,10.803956031799316
2007-04-30,10.813030242919922
2007-05-01,10.73592472076416
2007-05-02,10.785816192626953
2007-05-03,10.77221393585205
2007-05-04,10.722317695617676
2007-05-07,10.722317695617676
2007-05-08,10.79488754272461
2007-05-09,10.79942512512207
2007-05-10,10.73592472076416
2007-05-11,10.73592472076416
2007-05-14,10.817567825317383
2007-05-15,10.813030242919922
2007-05-16,10.813030242919922
2007-05-17,10.713244438171387
2007-05-18,10.749212265014648
2007-05-21,10.813775062561035
2007-05-22,10.77688217163086
2007-05-23,10.72154712677002
2007-05-24,10.633926391601562
2007-05-25,10.680047035217285
2007-05-29,10.703104019165039
2007-05-30,10.707712173461914
2007-05-31,10.712323188781738
2007-06-01,10.716934204101562
2007-06-04,10.716934204101562
2007-06-05,10.716934204101562
2007-06-06,10.763051986694336
2007-06-07,10.77688217163086
2007-06-08,10.744606971740723
2007-06-11,10.76766300201416
2007-06-12,10.707712173461914
2007-06-13,10.749212265014648
2007-06-14,10.822999000549316
2007-06-15,10.827609062194824
2007-06-18,10.827609062194824
2007-06-19,10.813775062561035
2007-06-20,10.813775062561035
2007-06-21,10.929060935974121
2007-06-22,10.952119827270508
2007-06-25,10.859890937805176
2007-06-26,10.72154712677002
2007-06-27,10.76766300201416
2007-06-28,10.712323188781738
2007-06-29,10.786108016967773
2007-07-02,10.72154712677002
2007-07-03,10.716934204101562
2007-07-05,10.707712173461914
2007-07-06,10.813775062561035
2007-07-09,10.703104019165039
2007-07-10,10.758437156677246
2007-07-11,10.72154712677002
2007-07-12,10.72154712677002
2007-07-13,10.670823097229004
2007-07-16,10.675430297851562
2007-07-17,10.656983375549316
2007-07-18,10.693878173828125
2007-07-19,10.698492050170898
2007-07-20,10.698492050170898
2007-07-23,10.698492050170898
2007-07-24,10.643157005310059
2007-07-25,10.684656143188477
2007-07-26,10.661598205566406
2007-07-27,10.661598205566406
2007-07-30,10.661598205566406
2007-07-31,10.661598205566406
2007-08-01,10.670823097229004
2007-08-02,10.670823097229004
2007-08-03,10.670823097229004
2007-08-06,10.601649284362793
2007-08-07,10.463312149047852
2007-08-08,10.38952350616455
2007-08-09,10.292688369750977
2007-08-10,10.292688369750977
2007-08-13,10.232741355895996
2007-08-14,10.214292526245117
2007-08-15,10.12205982208252
2007-08-16,10.12205982208252
2007-08-17,10.069485664367676
2007-08-20,10.092960357666016
2007-08-21,9.952128410339355
2007-08-22,10.06479263305664
2007-08-23,9.905180931091309
2007-08-24,9.975600242614746
2007-08-27,9.815986633300781
2007-08-28,9.853543281555176
2007-08-29,9.839460372924805
2007-08-30,9.858237266540527
2007-08-31,9.881710052490234
2007-09-04,9.905180931091309
2007-09-05,9.853543281555176
2007-09-06,9.895792007446289
2007-09-07,9.923959732055664
2007-09-10,9.872319221496582
2007-09-11,9.830072402954102
2007-09-12,9.881710052490234
2007-09-13,9.919264793395996
2007-09-14,10.121124267578125
2007-09-17,10.163372993469238
2007-09-18,10.210318565368652
2007-09-19,10.257264137268066
2007-09-20,10.322983741760254
2007-09-21,10.257264137268066
2007-09-24,10.327676773071289
2007-09-25,10.515451431274414
2007-09-26,10.557703971862793
2007-09-27,10.487286567687988
2007-09-28,10.487286567687988
2007-10-01,10.121124267578125
2007-10-02,9.975600242614746
2007-10-03,9.952128410339355
2007-10-04,9.952128410339355
2007-10-05,9.999070167541504
2007-10-08,10.022540092468262
2007-10-09,10.022540092468262
2007-10-10,10.092960357666016
2007-10-11,10.031930923461914
2007-10-12,10.092960357666016
2007-10-15,10.30420207977295
2007-10-16,10.261959075927734
2007-10-17,10.205621719360352
2007-10-18,10.205621719360352
2007-10-19,10.210318565368652
2007-10-22,10.23378849029541
2007-10-23,10.186847686767578
2007-10-24,10.163372993469238
2007-10-25,10.163372993469238
2007-10-26,10.261959075927734
2007-10-29,10.186847686767578
2007-10-30,10.285429000854492
2007-10-31,10.280732154846191
2007-11-01,10.299510955810547
2007-11-02,10.261959075927734
2007-11-05,10.247872352600098
2007-11-06,10.261959075927734
2007-11-07,10.243179321289062
2007-11-08,10.031930923461914
2007-11-09,10.01315689086914
2007-11-12,9.623518943786621
2007-11-13,9.792518615722656
2007-11-14,9.999070167541504
2007-11-15,9.975600242614746
2007-11-16,9.97559928894043
2007-11-19,9.760297775268555
2007-11-20,9.707666397094727
2007-11-21,9.588059425354004
2007-11-23,9.487582206726074
2007-11-26,9.300986289978027
2007-11-27,9.19094467163086
2007-11-28,9.238792419433594
2007-11-29,9.171808242797852
2007-11-30,9.305777549743652
2007-12-03,9.281853675842285
2007-12-04,9.473227500915527
2007-12-05,9.35361385345459
2007-12-06,9.425384521484375
2007-12-07,9.568915367126465
2007-12-10,9.592842102050781
2007-12-11,10.037796974182129
2007-12-12,9.722020149230957
2007-12-13,9.664607048034668
2007-12-14,9.267501831054688
2007-12-17,8.832110404968262
2007-12-18,8.731637001037598
2007-12-19,8.688579559326172
2007-12-20,8.803407669067383
2007-12-21,8.870387077331543
2007-12-24,8.37758731842041
2007-12-26,8.702933311462402
2007-12-27,8.492413520812988
2007-12-28,8.63595199584961
2007-12-31,8.71250057220459
2008-01-02,8.722073554992676
2008-01-03,8.64073371887207
2008-01-04,8.923017501831055
2008-01-07,8.97085952758789
2008-01-08,9.296205520629883
2008-01-09,9.38232421875
2008-01-10,9.272279739379883
2008-01-11,9.286633491516113
2008-01-14,9.262712478637695
2008-01-15,9.16224193572998
2008-01-16,9.104825019836426
2008-01-17,9.186161041259766
2008-01-18,8.985215187072754
2008-01-22,8.899096488952637
2008-01-23,8.899096488952637
2008-01-24,9.037839889526367
2008-01-25,8.875170707702637
2008-01-28,8.899096488952637
2008-01-29,8.994782447814941
2008-01-30,8.79383659362793
2008-01-31,8.731637001037598
2008-02-01,8.937372207641602
2008-02-04,8.985215187072754
2008-02-05,8.86081600189209
2008-02-06,8.975646018981934
2008-02-07,8.731637001037598
2008-02-08,8.851252555847168
2008-02-11,8.693365097045898
2008-02-12,8.731637001037598
2008-02-13,8.64551830291748
2008-02-14,8.726851463317871
2008-02-15,8.612027168273926
2008-02-19,8.554614067077637
2008-02-20,8.738663673400879
2008-02-21,8.62637710571289
2008-02-22,8.567794799804688
2008-02-25,8.645905494689941
2008-02-26,8.55315113067627
2008-02-27,8.592204093933105
2008-02-28,8.387160301208496
2008-02-29,8.40180778503418
2008-03-03,8.22117805480957
2008-03-04,8.411574363708496
2008-03-05,8.211411476135254
2008-03-06,8.187003135681152
2008-03-07,7.957550048828125
2008-03-10,8.104009628295898
2008-03-11,7.811093330383301
2008-03-12,7.815975189208984
2008-03-13,7.566995620727539
2008-03-14,6.932346343994141
2008-03-17,6.771241664886475
2008-03-18,7.37172269821167
2008-03-19,7.747629165649414
2008-03-20,7.747629165649414
2008-03-24,8.177241325378418
2008-03-25,8.348108291625977
2008-03-26,8.094247817993164
2008-03-27,8.108893394470215
2008-03-28,8.152831077575684
2008-03-31,8.040545463562012
2008-04-01,8.152831077575684
2008-04-02,8.055191993713379
2008-04-03,7.93802547454834
2008-04-04,7.947789192199707
2008-04-07,8.299286842346191
2008-04-08,8.055191993713379
2008-04-09,8.079598426818848
2008-04-10,8.055191993713379
2008-04-11,8.055191993713379
2008-04-14,8.055191993713379
2008-04-15,8.152831077575684
2008-04-16,8.323697090148926
2008-04-17,8.616613388061523
2008-04-18,8.567794799804688
2008-04-21,8.567794799804688
2008-04-22,8.62637710571289
2008-04-23,8.738663673400879
2008-04-24,8.587325096130371
2008-04-25,8.641024589538574
2008-04-28,8.714249610900879
2008-04-29,8.714249610900879
2008-04-30,8.689841270446777
2008-05-01,8.54338550567627
2008-05-02,8.587325096130371
2008-05-05,8.518973350524902
2008-05-06,8.518973350524902
2008-05-07,8.518973350524902
2008-05-08,8.470157623291016
2008-05-09,8.470157623291016
2008-05-12,8.470157623291016
2008-05-13,8.470157623291016
2008-05-14,8.548267364501953
2008-05-15,8.548267364501953
2008-05-16,8.6992769241333
2008-05-19,8.580448150634766
2008-05-20,8.828008651733398
2008-05-21,8.798303604125977
2008-05-22,8.798303604125977
2008-05-23,8.778498649597168
2008-05-27,8.778498649597168
2008-05-28,8.74878978729248
2008-05-29,8.798303604125977
2008-05-30,8.81810474395752
2008-06-02,8.81810474395752
2008-06-03,8.620059967041016
2008-06-04,8.620059967041016
2008-06-05,8.605202674865723
2008-06-06,8.605202674865723
2008-06-09,8.605202674865723
2008-06-10,8.441816329956055
2008-06-11,8.996353149414062
2008-06-12,8.793353080749512
2008-06-13,8.793353080749512
2008-06-16,8.669570922851562
2008-06-17,8.669570922851562
2008-06-18,8.530937194824219
2008-06-19,8.6992769241333
2008-06-20,8.6992769241333
2008-06-23,8.6992769241333
2008-06-24,8.793353080749512
2008-06-25,8.793353080749512
2008-06-26,8.664618492126465
2008-06-27,8.313084602355957
2008-06-30,8.199204444885254
2008-07-01,7.897180080413818
2008-07-02,7.921937942504883
2008-07-03,7.921937942504883
2008-07-07,7.921937942504883
2008-07-08,7.689232349395752
2008-07-09,7.61001443862915
2008-07-10,7.550596714019775
2008-07-11,7.055476188659668
2008-07-14,7.100039005279541
2008-07-15,6.436574459075928
2008-07-16,6.565306186676025
2008-07-17,6.436574459075928
2008-07-18,6.798012733459473
2008-07-21,6.9217939376831055
2008-07-22,7.0802321434021
2008-07-23,7.560500144958496
2008-07-24,7.11489200592041
2008-07-25,7.129744529724121
2008-07-28,6.9812092781066895
2008-07-29,7.124795436859131
2008-07-30,7.055476188659668
2008-07-31,7.005962371826172
2008-08-01,6.88218355178833
2008-08-04,6.817819118499756
2008-08-05,7.085184574127197
2008-08-06,7.055476188659668
2008-08-07,7.129744529724121
2008-08-08,6.931695461273193
2008-08-11,7.332742691040039
2008-08-12,6.8376240730285645
2008-08-13,6.832672119140625
2008-08-14,6.956451416015625
2008-08-15,6.8659138679504395
2008-08-18,7.117410182952881
2008-08-19,6.87094259262085
2008-08-20,6.820644378662109
2008-08-21,6.820644378662109
2008-08-22,6.740164756774902
2008-08-25,6.9413628578186035
2008-08-26,6.8256731033325195
2008-08-27,6.795492649078369
2008-08-28,7.03693151473999
2008-08-29,6.966515064239502
2008-09-02,6.8910603523254395
2008-09-03,6.8910603523254395
2008-09-04,6.896091938018799
2008-09-05,6.805554389953613
2008-09-08,6.805554389953613
2008-09-09,6.720043659210205
2008-09-10,6.745193004608154
2008-09-11,6.438364028930664
2008-09-12,6.413214206695557
2008-09-15,5.6084184646606445
2008-09-16,5.029971599578857
2008-09-17,4.50182580947876
2008-09-18,4.320746898651123
2008-09-19,5.482670307159424
2008-09-22,5.6084184646606445
2008-09-23,5.165782451629639
2008-09-24,5.754288673400879
2008-09-25,5.65369176864624
2008-09-26,5.784468173980713
2008-09-29,5.648660182952881
2008-09-30,6.03596830368042
2008-10-01,5.593330383300781
2008-10-02,5.5631513595581055
2008-10-03,6.287465572357178
2008-10-06,5.58327054977417
2008-10-07,5.985667705535889
2008-10-08,5.447460651397705
2008-10-09,5.568178653717041
2008-10-10,4.4817047119140625
2008-10-13,4.476674556732178
2008-10-14,5.819676399230957
2008-10-15,5.311653137207031
2008-10-16,5.311653137207031
2008-10-17,5.779438018798828
2008-10-20,6.040996551513672
2008-10-21,6.161716938018799
2008-10-22,6.1214776039123535
2008-10-23,5.769378662109375
2008-10-24,5.6134514808654785
2008-10-27,5.532967567443848
2008-10-28,4.884102821350098
2008-10-29,5.135600566864014
2008-10-30,5.261350631713867
2008-10-31,5.3871002197265625
2008-11-03,5.3871002197265625
2008-11-04,5.497759819030762
2008-11-05,5.497759819030762
2008-11-06,5.477640628814697
2008-11-07,5.5027899742126465
2008-11-10,5.5027899742126465
2008-11-11,4.969613075256348
2008-11-12,5.075242042541504
2008-11-13,5.075242042541504
2008-11-14,5.200991630554199
2008-11-17,4.355955123901367
2008-11-18,4.7165422439575195
2008-11-19,4.2309393882751465
2008-11-20,4.101789951324463
2008-11-21,3.7556698322296143
2008-11-24,3.9261467456817627
2008-11-25,4.184447288513184
2008-11-26,4.520234107971191
2008-11-28,4.520234107971191
2008-12-01,4.391086578369141
2008-12-02,4.044963836669922
2008-12-03,4.225773334503174
2008-12-04,4.3290934562683105
2008-12-05,4.3290934562683105
2008-12-08,4.5460638999938965
2008-12-09,3.678178548812866
2008-12-10,4.256768703460693
2008-12-11,3.9313125610351562
2008-12-12,3.9261467456817627
2008-12-15,3.8124964237213135
2008-12-16,3.951977014541626
2008-12-17,4.075960159301758
2008-12-18,4.075960159301758
2008-12-19,4.075960159301758
2008-12-22,3.822827100753784
2008-12-23,4.029465675354004
2008-12-24,4.029465675354004
2008-12-26,4.029465675354004
2008-12-29,4.1741156578063965
2008-12-30,4.380753040313721
2008-12-31,4.778534412384033
2009-01-02,5.109156608581543
2009-01-05,5.243470668792725
2009-01-06,5.475942611694336
2009-01-07,5.21247673034668
2009-01-08,5.33129358291626
2009-01-09,5.63092041015625
2009-01-12,5.63092041015625
2009-01-13,5.63092041015625
2009-01-14,5.594759464263916
2009-01-15,5.424282073974609
2009-01-16,5.067829608917236
2009-01-20,5.0471649169921875
2009-01-21,5.031667232513428
2009-01-22,5.031667232513428
2009-01-23,5.031667232513428
2009-01-26,4.938679218292236
2009-01-27,4.85085916519165
2009-01-28,5.641254425048828
2009-01-29,5.6050896644592285
2009-01-30,5.274466037750244
2009-02-02,4.933511257171631
2009-02-03,5.2693023681640625
2009-02-04,5.320962429046631
2009-02-05,5.2538042068481445
2009-02-06,5.553432464599609
2009-02-09,5.785901069641113
2009-02-10,5.450112819671631
2009-02-11,5.733083724975586
2009-02-12,5.980289936065674
2009-02-13,5.980289936065674
2009-02-17,5.485878944396973
2009-02-18,5.485878944396973
2009-02-19,6.306392192840576
2009-02-20,4.996723175048828
2009-02-23,4.996723175048828
2009-02-24,5.17555570602417
2009-02-25,5.17555570602417
2009-02-26,5.04406213760376
2009-02-27,5.04406213760376
2009-03-02,5.04406213760376
2009-03-03,4.549647331237793
2009-03-04,4.549647331237793
2009-03-05,4.544389724731445
2009-03-06,4.197248458862305
2009-03-09,4.197248458862305
2009-03-10,4.344521999359131
2009-03-11,4.5759477615356445
2009-03-12,4.781075954437256
2009-03-13,4.970426082611084
2009-03-16,4.912570476531982
2009-03-17,5.0966572761535645
2009-03-18,5.0966572761535645
2009-03-19,4.996723175048828
2009-03-20,5.128215312957764
2009-03-23,5.275489807128906
2009-03-24,5.07561731338501
2009-03-25,5.059842109680176
2009-03-26,4.944126129150391
2009-03-27,4.944126129150391
2009-03-30,4.970426082611084
2009-03-31,4.970426082611084
2009-04-01,5.04406213760376
2009-04-02,5.143996238708496
2009-04-03,5.143996238708496
2009-04-06,5.3228278160095215
2009-04-07,5.259707450866699
2009-04-08,5.333345890045166
2009-04-09,5.454318523406982
2009-04-13,5.527954578399658
2009-04-14,5.527954578399658
2009-04-15,5.796200275421143
2009-04-16,5.785678386688232
2009-04-17,5.8172407150268555
2009-04-20,5.769900321960449
2009-04-21,5.785678386688232
2009-04-22,5.7120442390441895
2009-04-23,5.717304706573486
2009-04-24,5.601592540740967
2009-04-27,5.428021430969238
2009-04-28,5.375423908233643
2009-04-29,5.4437994956970215
2009-04-30,5.512175559997559
2009-05-01,5.785678386688232
2009-05-04,5.785678386688232
2009-05-05,5.59106969833374
2009-05-06,5.733083724975586
2009-05-07,5.932952880859375
2009-05-08,6.048665523529053
2009-05-11,5.885612964630127
2009-05-12,6.256172180175781
2009-05-13,6.14923095703125
2009-05-14,6.256172180175781
2009-05-15,6.256172180175781
2009-05-18,6.320339679718018
2009-05-19,6.41658878326416
2009-05-20,6.41658878326416
2009-05-21,6.41658878326416
2009-05-22,6.6037397384643555
2009-05-26,6.4058942794799805
2009-05-27,6.41658878326416
2009-05-28,6.41658878326416
2009-05-29,6.710683822631836
2009-06-01,6.721375465393066
2009-06-02,6.523529052734375
2009-06-03,6.657209873199463
2009-06-04,6.657209873199463
2009-06-05,6.710683822631836
2009-06-08,6.796237945556641
2009-06-09,7.036858081817627
2009-06-10,7.058244705200195
2009-06-11,7.090329647064209
2009-06-12,7.165192127227783
2009-06-15,7.191925525665283
2009-06-16,7.2079668045043945
2009-06-17,7.058244705200195
2009-06-18,7.218660831451416
2009-06-19,7.143799304962158
2009-06-22,7.213314533233643
2009-06-23,7.213314533233643
2009-06-24,7.058244705200195
2009-06-25,6.876445770263672
2009-06-26,7.004775047302246
2009-06-29,7.004775047302246
2009-06-30,7.058244705200195
2009-07-01,7.138455390930176
2009-07-02,6.876445770263672
2009-07-06,6.871096134185791
2009-07-07,6.945958137512207
2009-07-08,6.945958137512207
2009-07-09,7.213314533233643
2009-07-10,7.336299896240234
2009-07-13,7.325602054595947
2009-07-14,7.432547092437744
2009-07-15,7.486017227172852
2009-07-16,7.582266807556152
2009-07-17,7.486017227172852
2009-07-20,7.630392074584961
2009-07-21,7.630392074584961
2009-07-22,7.641088485717773
2009-07-23,7.6464338302612305
2009-07-24,7.587616920471191
2009-07-27,7.587616920471191
2009-07-28,7.486017227172852
2009-07-29,7.486017227172852
2009-07-30,7.379078388214111
2009-07-31,7.453935623168945
2009-08-03,7.432547092437744
2009-08-04,7.432547092437744
2009-08-05,7.486017227172852
2009-08-06,7.400465488433838
2009-08-07,7.512753486633301
2009-08-10,7.764072418212891
2009-08-11,7.764072418212891
2009-08-12,7.99934720993042
2009-08-13,7.924485683441162
2009-08-14,7.860320568084717
2009-08-17,7.662473201751709
2009-08-18,7.777373313903809
2009-08-19,7.50638484954834
2009-08-20,7.419671058654785
2009-08-21,7.289594650268555
2009-08-24,7.370892524719238
2009-08-25,7.370892524719238
2009-08-26,7.392572402954102
2009-08-27,7.50638484954834
2009-08-28,7.560583114624023
2009-08-31,7.690659523010254
2009-09-01,7.5822625160217285
2009-09-02,7.658140659332275
2009-09-03,7.587681770324707
2009-09-04,7.587681770324707
2009-09-08,7.663558006286621
2009-09-09,7.734015464782715
2009-09-10,7.902026653289795
2009-09-11,7.983325481414795
2009-09-14,7.858667373657227
2009-09-15,7.853254318237305
2009-09-16,7.788215637207031
2009-09-17,7.777373313903809
2009-09-18,7.777373313903809
2009-09-21,7.771956443786621
2009-09-22,7.6689772605896
2009-09-23,7.782796859741211
2009-09-24,7.696077346801758
2009-09-25,7.89118766784668
2009-09-28,7.744858264923096
2009-09-29,7.744858264923096
2009-09-30,7.6689772605896
2009-10-01,8.015847206115723
2009-10-02,8.064623832702637
2009-10-05,7.977906703948975
2009-10-06,8.02126407623291
2009-10-07,7.858667373657227
2009-10-08,7.929127216339111
2009-10-09,8.048361778259277
2009-10-12,8.135079383850098
2009-10-13,8.194700241088867
2009-10-14,8.319354057312012
2009-10-15,8.275995254516602
2009-10-16,8.286835670471191
2009-10-19,8.286835670471191
2009-10-20,8.265153884887695
2009-10-21,8.270575523376465
2009-10-22,8.319354057312012
2009-10-23,8.563241004943848
2009-10-26,8.373553276062012
2009-10-27,8.427748680114746
2009-10-28,8.46568775177002
2009-10-29,8.796295166015625
2009-10-30,8.725835800170898
2009-11-02,8.584919929504395
2009-11-03,8.850486755371094
2009-11-04,8.850486755371094
2009-11-05,8.601180076599121
2009-11-06,8.47652530670166
2009-11-09,8.536142349243164
2009-11-10,8.45484733581543
2009-11-11,8.536142349243164
2009-11-12,8.671639442443848
2009-11-13,8.492783546447754
2009-11-16,8.552404403686523
2009-11-17,8.604500770568848
2009-11-18,8.59352970123291
2009-11-19,8.631922721862793
2009-11-20,8.604500770568848
2009-11-23,8.692244529724121
2009-11-24,8.703214645385742
2009-11-25,8.703214645385742
2009-11-27,8.939030647277832
2009-11-30,8.823862075805664
2009-12-01,8.779990196228027
2009-12-02,8.823862075805664
2009-12-03,8.884187698364258
2009-12-04,8.884187698364258
2009-12-07,9.04870891571045
2009-12-08,9.31743049621582
2009-12-09,8.999354362487793
2009-12-10,9.114522933959961
2009-12-11,9.10903549194336
2009-12-14,9.185811996459961
2009-12-15,9.235169410705566
2009-12-16,9.213234901428223
2009-12-17,9.322912216186523
2009-12-18,9.438078880310059
2009-12-21,9.427112579345703
2009-12-22,9.235169410705566
2009-12-23,9.10903549194336
2009-12-24,9.10903549194336
2009-12-28,9.372269630432129
2009-12-29,9.29549503326416
2009-12-30,9.29549503326416
2009-12-31,10.244239807128906
2010-01-04,9.871321678161621
2010-01-05,9.937129020690918
2010-01-06,10.118103981018066
2010-01-07,10.271659851074219
2010-01-08,10.277143478393555
2010-01-11,10.222302436828613
2010-01-12,11.231368064880371
2010-01-13,10.984587669372559
2010-01-14,10.567795753479004
2010-01-15,10.545860290527344
2010-01-19,10.44714641571045
2010-01-20,10.44714641571045
2010-01-21,10.260688781738281
2010-01-22,10.189395904541016
2010-01-25,10.145524978637695
2010-01-26,10.145524978637695
2010-01-27,10.145524978637695
2010-01-28,10.233270645141602
2010-01-29,10.1948823928833
2010-02-01,10.419727325439453
2010-02-02,10.288108825683594
2010-02-03,10.419727325439453
2010-02-04,10.244239807128906
2010-02-05,9.981003761291504
2010-02-08,10.118103981018066
2010-02-09,10.134556770324707
2010-02-10,10.238718032836914
2010-02-11,10.072503089904785
2010-02-12,10.100205421447754
2010-02-16,10.111282348632812
2010-02-17,10.222094535827637
2010-02-18,10.222094535827637
2010-02-19,10.078043937683105
2010-02-22,10.039261817932129
2010-02-23,10.177769660949707
2010-02-24,10.427087783813477
2010-02-25,10.427087783813477
2010-02-26,10.427087783813477
2010-03-01,10.332901000976562
2010-03-02,10.332901000976562
2010-03-03,10.332901000976562
2010-03-04,10.194388389587402
2010-03-05,10.13899040222168
2010-03-08,10.111282348632812
2010-03-09,10.13899040222168
2010-03-10,10.055880546569824
2010-03-11,9.895208358764648
2010-03-12,10.111282348632812
2010-03-15,10.083584785461426
2010-03-16,10.006017684936523
2010-03-17,10.194388389587402
2010-03-18,10.122366905212402
2010-03-19,10.061420440673828
2010-03-22,10.144527435302734
2010-03-23,10.083584785461426
2010-03-24,10.105746269226074
2010-03-25,10.133447647094727
2010-03-26,10.105746269226074
2010-03-29,10.122366905212402
2010-03-30,10.122366905212402
2010-03-31,9.989398956298828
2010-04-01,9.972777366638184
2010-04-05,9.972777366638184
2010-04-06,9.972777366638184
2010-04-07,9.756699562072754
2010-04-08,9.86196517944336
2010-04-09,10.006017684936523
2010-04-12,9.950611114501953
2010-04-13,10.249799728393555
2010-04-14,10.199935913085938
2010-04-15,10.388304710388184
2010-04-16,9.712376594543457
2010-04-19,9.474137306213379
2010-04-20,9.573864936828613
2010-04-21,9.573864936828613
2010-04-22,9.612648010253906
2010-04-23,9.529541969299316
2010-04-26,9.551698684692383
2010-04-27,9.551698684692383
2010-04-28,9.551698684692383
2010-04-29,9.972777366638184
2010-04-30,9.573864936828613
2010-05-03,9.762238502502441
2010-05-04,9.767776489257812
2010-05-05,9.507378578186035
2010-05-06,9.147250175476074
2010-05-07,9.197114944458008
2010-05-10,9.379948616027832
2010-05-11,9.147250175476074
2010-05-12,9.30792236328125
2010-05-13,9.341166496276855
2010-05-14,9.208197593688965
2010-05-17,9.246299743652344
2010-05-18,9.302336692810059
2010-05-19,9.369585037231445
2010-05-20,9.078186988830566
2010-05-21,9.038960456848145
2010-05-24,9.038960456848145
2010-05-25,8.966111183166504
2010-05-26,8.910074234008789
2010-05-27,8.97171401977539
2010-05-28,9.022149085998535
2010-06-01,8.994128227233887
2010-06-02,9.123016357421875
2010-06-03,9.106207847595215
2010-06-04,9.09499740600586
2010-06-07,9.027750968933105
2010-06-08,8.932486534118652
2010-06-09,9.078186988830566
2010-06-10,8.826013565063477
2010-06-11,8.854035377502441
2010-06-14,8.88765811920166
2010-06-15,9.09499740600586
2010-06-16,9.106207847595215
2010-06-17,9.369585037231445
2010-06-18,9.414414405822754
2010-06-21,9.526488304138184
2010-06-22,9.526488304138184
2010-06-23,9.845909118652344
2010-06-24,9.599343299865723
2010-06-25,9.526488304138184
2010-06-28,9.520889282226562
2010-06-29,9.246299743652344
2010-06-30,9.218281745910645
2010-07-01,9.257508277893066
2010-07-02,9.442436218261719
2010-07-06,9.263113975524902
2010-07-07,9.145434379577637
2010-07-08,9.134224891662598
2010-07-09,9.207073211669922
2010-07-12,9.246299743652344
2010-07-13,9.302336692810059
2010-07-14,9.442436218261719
2010-07-15,9.526488304138184
2010-07-16,9.61054801940918
2010-07-19,9.599343299865723
2010-07-20,9.599343299865723
2010-07-21,9.66659164428711
2010-07-22,9.543307304382324
2010-07-23,9.750648498535156
2010-07-26,10.081271171569824
2010-07-27,10.002817153930664
2010-07-28,9.890742301940918
2010-07-29,9.733835220336914
2010-07-30,9.728230476379395
2010-08-02,10.036443710327148
2010-08-03,10.254989624023438
2010-08-04,10.254989624023438
2010-08-05,10.350253105163574
2010-08-06,10.36706829071045
2010-08-09,10.36706829071045
2010-08-10,10.507156372070312
2010-08-11,10.25806999206543
2010-08-12,10.303361892700195
2010-08-13,10.190136909484863
2010-08-16,10.122198104858398
2010-08-17,10.241084098815918
2010-08-18,10.35997200012207
2010-08-19,10.082569122314453
2010-08-20,10.47319507598877
2010-08-23,10.393936157226562
2010-08-24,10.354308128356934
2010-08-25,10.47319507598877
2010-08-26,10.309020042419434
2010-08-27,10.212777137756348
2010-08-30,10.195793151855469
2010-08-31,10.195793151855469
2010-09-01,10.178812980651855
2010-09-02,10.241084098815918
2010-09-03,10.246746063232422
2010-09-07,10.246746063232422
2010-09-08,10.416581153869629
2010-09-09,10.643027305603027
2010-09-10,10.61472225189209
2010-09-13,10.773235321044922
2010-09-14,10.61472225189209
2010-09-15,10.671332359313965
2010-09-16,10.880797386169434
2010-09-17,10.778900146484375
2010-09-20,10.784552574157715
2010-09-21,11.011008262634277
2010-09-22,10.773235321044922
2010-09-23,11.011008262634277
2010-09-24,11.061956405639648
2010-09-27,10.897782325744629
2010-09-28,10.897782325744629
2010-09-29,10.897782325744629
2010-09-30,11.00534725189209
2010-10-01,10.75624942779541
2010-10-04,10.937410354614258
2010-10-05,10.954394340515137
2010-10-06,10.778900146484375
2010-10-07,10.778900146484375
2010-10-08,10.801542282104492
2010-10-11,10.750591278076172
2010-10-12,10.750591278076172
2010-10-13,10.620381355285645
2010-10-14,10.47319507598877
2010-10-15,10.643027305603027
2010-10-18,10.73360824584961
2010-10-19,10.75624942779541
2010-10-20,10.699641227722168
2010-10-21,10.75624942779541
2010-10-22,10.699641227722168
2010-10-25,10.586419105529785
2010-10-26,10.643027305603027
2010-10-27,10.575095176696777
2010-10-28,10.699641227722168
2010-10-29,10.81286334991455
2010-11-01,10.80720329284668
2010-11-02,10.784552574157715
2010-11-03,10.784552574157715
2010-11-04,10.778900146484375
2010-11-05,10.778900146484375
2010-11-08,10.835508346557617
2010-11-09,10.864099502563477
2010-11-10,10.864099502563477
2010-11-11,10.864099502563477
2010-11-12,10.864099502563477
2010-11-15,10.864099502563477
2010-11-16,10.864099502563477
2010-11-17,10.749737739562988
2010-11-18,10.749737739562988
2010-11-19,10.955588340759277
2010-11-22,10.675405502319336
2010-11-23,10.66969108581543
2010-11-24,10.784046173095703
2010-11-26,10.858383178710938
2010-11-29,10.858383178710938
2010-11-30,10.6925630569458
2010-12-01,10.66969108581543
2010-12-02,10.66969108581543
2010-12-03,10.66969108581543
2010-12-06,10.744019508361816
2010-12-07,10.606789588928223
2010-12-08,10.612508773803711
2010-12-09,10.606789588928223
2010-12-10,10.5839204788208
2010-12-13,10.566764831542969
2010-12-14,10.309457778930664
2010-12-15,10.452406883239746
2010-12-16,10.492431640625
2010-12-17,10.492431640625
2010-12-20,10.561047554016113
2010-12-21,10.566764831542969
2010-12-22,10.578205108642578
2010-12-23,10.63537883758545
2010-12-27,10.526740074157715
2010-12-28,10.532458305358887
2010-12-29,10.526740074157715
2010-12-30,10.538176536560059
2010-12-31,10.538176536560059
2011-01-03,10.538176536560059
2011-01-04,10.406664848327637
2011-01-05,10.526740074157715
2011-01-06,10.652533531188965
2011-01-07,10.652533531188965
2011-01-10,10.5839204788208
2011-01-11,10.79548168182373
2011-01-12,10.806921005249023
2011-01-13,10.6925630569458
2011-01-14,10.618228912353516
2011-01-18,10.435254096984863
2011-01-19,10.54961109161377
2011-01-20,10.60107135772705
2011-01-21,10.338047981262207
2011-01-24,10.492431640625
2011-01-25,10.63537883758545
2011-01-26,10.538176536560059
2011-01-27,10.595354080200195
2011-01-28,10.675405502319336
2011-01-31,10.681123733520508
2011-02-01,10.806921005249023
2011-02-02,10.749737739562988
2011-02-03,10.749737739562988
2011-02-04,10.641101837158203
2011-02-07,10.721149444580078
2011-02-08,10.623942375183105
2011-02-09,10.440971374511719
2011-02-10,10.54614543914795
2011-02-11,10.575037956237793
2011-02-14,10.736837387084961
2011-02-15,10.731063842773438
2011-02-16,10.638603210449219
2011-02-17,10.863970756530762
2011-02-18,10.921761512756348
2011-02-22,10.736837387084961
2011-02-23,10.915979385375977
2011-02-24,10.655939102172852
2011-02-25,10.696391105651855
2011-02-28,10.777292251586914
2011-03-01,10.80618667602539
2011-03-02,10.777292251586914
2011-03-03,10.754179954528809
2011-03-04,10.835076332092285
2011-03-07,10.80618667602539
2011-03-08,10.835076332092285
2011-03-09,10.80618667602539
2011-03-10,10.748394966125488
2011-03-11,10.748394966125488
2011-03-14,10.748394966125488
2011-03-15,10.92753791809082
2011-03-16,10.979547500610352
2011-03-17,10.840855598449707
2011-03-18,10.840855598449707
2011-03-21,10.863970756530762
2011-03-22,10.979547500610352
2011-03-23,10.94487476348877
2011-03-24,10.835076332092285
2011-03-25,10.835076332092285
2011-03-28,10.921761512756348
2011-03-29,10.92753791809082
2011-03-30,10.863970756530762
2011-03-31,10.863970756530762
2011-04-01,10.892866134643555
2011-04-04,10.915979385375977
2011-04-05,10.915979385375977
2011-04-06,10.996877670288086
2011-04-07,11.12401294708252
2011-04-08,11.228031158447266
2011-04-11,11.141351699829102
2011-04-12,11.095118522644043
2011-04-13,11.095118522644043
2011-04-14,11.210694313049316
2011-04-15,11.181800842285156
2011-04-18,11.089343070983887
2011-04-19,11.066226959228516
2011-04-20,11.066226959228516
2011-04-21,11.066226959228516
2011-04-25,11.12401294708252
2011-04-26,11.054671287536621
2011-04-27,11.054671287536621
2011-04-28,11.170243263244629
2011-04-29,11.222253799438477
2011-05-02,11.12401294708252
2011-05-03,11.083563804626465
2011-05-04,11.210694313049316
2011-05-05,11.23958969116211
2011-05-06,11.274264335632324
2011-05-09,11.268477439880371
2011-05-10,11.297374725341797
2011-05-11,11.272869110107422
2011-05-12,11.319546699523926
2011-05-13,11.319546699523926
2011-05-16,11.319546699523926
2011-05-17,11.407069206237793
2011-05-18,11.372061729431152
2011-05-19,11.372061729431152
2011-05-20,11.319546699523926
2011-05-23,11.261197090148926
2011-05-24,11.261197090148926
2011-05-25,11.337052345275879
2011-05-26,11.296209335327148
2011-05-27,11.296209335327148
2011-05-31,11.337052345275879
2011-06-01,11.290373802185059
2011-06-02,11.319546699523926
2011-06-03,11.337052345275879
2011-06-06,11.290373802185059
2011-06-07,11.331219673156738
2011-06-08,11.360390663146973
2011-06-09,11.360390663146973
2011-06-10,11.284538269042969
2011-06-13,11.278703689575195
2011-06-14,11.278703689575195
2011-06-15,11.284538269042969
2011-06-16,11.249530792236328
2011-06-17,11.15034294128418
2011-06-20,11.15034294128418
2011-06-21,11.179512977600098
2011-06-22,11.126997947692871
2011-06-23,11.126997947692871
2011-06-24,11.232024192810059
2011-06-27,11.232024192810059
2011-06-28,11.232024192810059
2011-06-29,11.319546699523926
2011-06-30,11.232024192810059
2011-07-01,11.267030715942383
2011-07-05,11.208684921264648
2011-07-06,11.179512977600098
2011-07-07,11.179512977600098
2011-07-08,11.179512977600098
2011-07-11,11.25536823272705
2011-07-12,11.202849388122559
2011-07-13,11.226187705993652
2011-07-14,11.167840957641602
2011-07-15,11.138667106628418
2011-07-18,11.12116527557373
2011-07-19,11.173677444458008
2011-07-20,11.237857818603516
2011-07-21,11.237857818603516
2011-07-22,11.208684921264648
2011-07-25,11.267030715942383
2011-07-26,11.267030715942383
2011-07-27,11.25536823272705
2011-07-28,11.202849388122559
2011-07-29,11.202849388122559
2011-08-01,11.202849388122559
2011-08-02,11.173677444458008
2011-08-03,11.173677444458008
2011-08-04,10.981128692626953
2011-08-05,10.502678871154785
2011-08-08,9.347376823425293
2011-08-09,9.48158073425293
2011-08-10,9.46387004852295
2011-08-11,9.865328788757324
2011-08-12,10.491138458251953
2011-08-15,10.491138458251953
2011-08-16,10.491138458251953
2011-08-17,10.343542098999023
2011-08-18,10.225464820861816
2011-08-19,10.101484298706055
2011-08-22,9.918464660644531
2011-08-23,9.635080337524414
2011-08-24,9.800386428833008
2011-08-25,9.759062767028809
2011-08-26,9.759062767028809
2011-08-29,9.73544692993164
2011-08-30,9.918464660644531
2011-08-31,10.119193077087402
2011-09-01,10.04244613647461
2011-09-02,10.001118659973145
2011-09-06,10.001118659973145
2011-09-07,10.001118659973145
2011-09-08,10.266790390014648
2011-09-09,10.09558391571045
2011-09-12,10.054253578186035
2011-09-13,10.054253578186035
2011-09-14,10.054253578186035
2011-09-15,10.036542892456055
2011-09-16,9.776773452758789
2011-09-19,9.729538917541504
2011-09-20,9.700020790100098
2011-09-21,9.611466407775879
2011-09-22,9.440250396728516
2011-09-23,9.357600212097168
2011-09-26,9.499289512634277
2011-09-27,9.593751907348633
2011-09-28,9.552427291870117
2011-09-29,9.457962036132812
2011-09-30,9.269044876098633
2011-10-03,9.269044876098633
2011-10-04,9.044695854187012
2011-10-05,9.044695854187012
2011-10-06,9.269044876098633
2011-10-07,9.269044876098633
2011-10-10,9.269044876098633
2011-10-11,9.345792770385742
2011-10-12,9.345792770385742
2011-10-13,9.292657852172852
2011-10-14,9.145061492919922
2011-10-17,9.150965690612793
2011-10-18,9.310368537902832
2011-10-19,9.274945259094238
2011-10-20,9.239519119262695
2011-10-21,9.269044876098633
2011-10-24,9.440250396728516
2011-10-25,9.605563163757324
2011-10-26,9.558329582214355
2011-10-27,9.564233779907227
2011-10-28,9.818098068237305
2011-10-31,9.818098068237305
2011-11-01,9.54652214050293
2011-11-02,9.676405906677246
2011-11-03,9.664599418640137
2011-11-04,9.564233779907227
2011-11-07,9.64688777923584
2011-11-08,9.587850570678711
2011-11-09,9.606968879699707
2011-11-10,9.529298782348633
2011-11-11,9.64879035949707
2011-11-14,9.612940788269043
2011-11-15,9.493451118469238
2011-11-16,9.415783882141113
2011-11-17,9.33213996887207
2011-11-18,9.391884803771973
2011-11-21,9.206677436828613
2011-11-22,9.200703620910645
2011-11-23,8.979644775390625
2011-11-25,9.015494346618652
2011-11-28,8.991594314575195
2011-11-29,8.991594314575195
2011-11-30,9.302266120910645
2011-12-01,9.08121395111084
2011-12-02,9.13498306274414
2011-12-05,9.194726943969727
2011-12-06,9.206677436828613
2011-12-07,9.111083984375
2011-12-08,9.24849796295166
2011-12-09,9.200703620910645
2011-12-12,9.242526054382324
2011-12-13,9.230575561523438
2011-12-14,9.2186279296875
2011-12-15,9.284343719482422
2011-12-16,9.284343719482422
2011-12-19,9.284343719482422
2011-12-20,9.254473686218262
2011-12-21,9.260445594787598
2011-12-22,9.254473686218262
2011-12-23,9.200703620910645
2011-12-27,9.200703620910645
2011-12-28,9.200703620910645
2011-12-29,9.200703620910645
2011-12-30,9.2186279296875
2012-01-03,9.320189476013184
2012-01-04,9.29032039642334
2012-01-05,9.397860527038574
2012-01-06,9.523322105407715
2012-01-09,9.457605361938477
2012-01-10,9.559170722961426
2012-01-11,9.571120262145996
2012-01-12,9.433707237243652
2012-01-13,9.606968879699707
2012-01-17,9.577095985412598
2012-01-18,9.774252891540527
2012-01-19,9.893741607666016
2012-01-20,9.690608978271484
2012-01-23,9.690608978271484
2012-01-24,9.589043617248535
2012-01-25,9.62489128112793
2012-01-26,9.517349243164062
2012-01-27,9.517349243164062
2012-01-30,9.69658374786377
2012-01-31,9.702558517456055
2012-02-01,9.678662300109863
2012-02-02,9.678662300109863
2012-02-03,9.678662300109863
2012-02-06,9.72048282623291
2012-02-07,9.72048282623291
2012-02-08,9.702558517456055
2012-02-09,9.768278121948242
2012-02-10,9.702986717224121
2012-02-13,9.805757522583008
2012-02-14,9.842033386230469
2012-02-15,9.944806098937988
2012-02-16,10.029441833496094
2012-02-17,10.047582626342773
2012-02-21,10.053624153137207
2012-02-22,10.059670448303223
2012-02-23,10.120123863220215
2012-02-24,10.065715789794922
2012-02-27,10.180583000183105
2012-02-28,10.22894287109375
2012-02-29,10.45866870880127
2012-03-01,10.45866870880127
2012-03-02,10.277307510375977
2012-03-05,10.277307510375977
2012-03-06,10.095942497253418
2012-03-07,10.12617301940918
2012-03-08,10.017352104187012
2012-03-09,10.277307510375977
2012-03-12,10.277307510375977
2012-03-13,10.271263122558594
2012-03-14,10.156396865844727
2012-03-15,10.162444114685059
2012-03-16,10.071761131286621
2012-03-19,10.13221263885498
2012-03-20,10.216853141784668
2012-03-21,10.277307510375977
2012-03-22,10.216853141784668
2012-03-23,10.392173767089844
2012-03-26,10.494943618774414
2012-03-27,10.494943618774414
2012-03-28,10.633994102478027
2012-03-29,10.283354759216309
2012-03-30,10.37403392791748
2012-04-02,10.367989540100098
2012-04-03,10.343810081481934
2012-04-04,10.422396659851074
2012-04-05,10.337762832641602
2012-04-09,10.29544448852539
2012-04-10,10.289399147033691
2012-04-11,10.277307510375977
2012-04-12,10.277307510375977
2012-04-13,10.24708080291748
2012-04-16,10.367989540100098
2012-04-17,10.36194133758545
2012-04-18,10.22894287109375
2012-04-19,10.277307510375977
2012-04-20,10.283354759216309
2012-04-23,10.277307510375977
2012-04-24,10.428448677062988
2012-04-25,10.428448677062988
2012-04-26,10.4707612991333
2012-04-27,10.4707612991333
2012-04-30,10.428448677062988
2012-05-01,10.428448677062988
2012-05-02,10.428448677062988
2012-05-03,10.428448677062988
2012-05-04,10.428448677062988
2012-05-07,10.428448677062988
2012-05-08,10.289399147033691
2012-05-09,10.283354759216309
2012-05-10,10.373828887939453
2012-05-11,10.361599922180176
2012-05-14,10.349374771118164
2012-05-15,10.331035614013672
2012-05-16,10.514427185058594
2012-05-17,10.300472259521484
2012-05-18,9.73807144165039
2012-05-21,10.013154983520508
2012-05-22,10.227109909057617
2012-05-23,10.208773612976074
2012-05-24,10.147642135620117
2012-05-25,10.147642135620117
2012-05-29,10.147642135620117
2012-05-30,10.343259811401367
2012-05-31,10.208773612976074
2012-06-01,10.208773612976074
2012-06-04,10.220999717712402
2012-06-05,10.220999717712402
2012-06-06,10.178207397460938
2012-06-07,10.178207397460938
2012-06-08,10.178207397460938
2012-06-11,10.178207397460938
2012-06-12,10.178207397460938
2012-06-13,10.153757095336914
2012-06-14,10.153757095336914
2012-06-15,10.153757095336914
2012-06-18,10.331035614013672
2012-06-19,10.331035614013672
2012-06-20,10.331035614013672
2012-06-21,10.331035614013672
2012-06-22,10.514427185058594
2012-06-25,10.514427185058594
2012-06-26,10.606123924255371
2012-06-27,10.661139488220215
2012-06-28,10.8506441116333
2012-06-29,10.8506441116333
2012-07-02,10.917885780334473
2012-07-03,11.18074893951416
2012-07-05,10.942339897155762
2012-07-06,11.125732421875
2012-07-09,10.82007884979248
2012-07-10,10.83230209350586
2012-07-11,10.83230209350586
2012-07-12,10.826189994812012
2012-07-13,10.8506441116333
2012-07-16,10.8506441116333
2012-07-17,10.758949279785156
2012-07-18,10.6978178024292
2012-07-19,10.789510726928711
2012-07-20,10.783401489257812
2012-07-23,10.789510726928711
2012-07-24,10.624458312988281
2012-07-25,10.502201080322266
2012-07-26,10.373828887939453
2012-07-27,10.4227294921875
2012-07-30,10.331035614013672
2012-07-31,10.331035614013672
2012-08-01,10.159873008728027
2012-08-02,10.104854583740234
2012-08-03,10.17209243774414
2012-08-06,10.257678985595703
2012-08-07,10.178207397460938
2012-08-08,10.331035614013672
2012-08-09,10.361599922180176
2012-08-10,10.387565612792969
2012-08-13,10.270092964172363
2012-08-14,10.36902141571045
2012-08-15,10.443219184875488
2012-08-16,10.307188987731934
2012-08-17,10.505048751831055
2012-08-20,10.505048751831055
2012-08-21,10.505048751831055
2012-08-22,10.127878189086914
2012-08-23,10.09078311920166
2012-08-24,9.973301887512207
2012-08-27,10.004220008850098
2012-08-28,10.158794403076172
2012-08-29,10.016586303710938
2012-08-30,10.016586303710938
2012-08-31,10.016586303710938
2012-09-04,10.121696472167969
2012-09-05,10.06605052947998
2012-09-06,10.127878189086914
2012-09-07,10.350469589233398
2012-09-10,10.319555282592773
2012-09-11,10.325738906860352
2012-09-12,10.344285011291504
2012-09-13,10.350469589233398
2012-09-14,10.603975296020508
2012-09-17,10.6967191696167
2012-09-18,10.671990394592285
2012-09-19,10.72145938873291
2012-09-20,10.727641105651855
2012-09-21,10.709084510803223
2012-09-24,10.72145938873291
2012-09-25,10.783286094665527
2012-09-26,10.795649528503418
2012-09-27,10.77710247039795
2012-09-28,10.5916109085083
2012-10-01,10.752370834350586
2012-10-02,10.57924747467041
2012-10-03,10.517416000366211
2012-10-04,10.6967191696167
2012-10-05,10.634891510009766
2012-10-08,10.733820915222168
2012-10-09,10.919312477111816
2012-10-10,10.820382118225098
2012-10-11,10.820382118225098
2012-10-12,10.832751274108887
2012-10-15,10.99969482421875
2012-10-16,11.03679370880127
2012-10-17,11.067708015441895
2012-10-18,10.888400077819824
2012-10-19,11.067708015441895
2012-10-22,10.97496223449707
2012-10-23,10.944047927856445
2012-10-24,11.092438697814941
2012-10-25,11.092438697814941
2012-10-26,11.092438697814941
2012-10-31,11.067708015441895
2012-11-01,11.067708015441895
2012-11-02,11.067708015441895
2012-11-05,11.067708015441895
2012-11-06,11.061521530151367
2012-11-07,11.049156188964844
2012-11-08,11.061521530151367
2012-11-09,11.175275802612305
2012-11-12,11.212776184082031
2012-11-13,11.30653190612793
2012-11-14,11.28152847290039
2012-11-15,11.08777141571045
2012-11-16,11.050271987915039
2012-11-19,10.881521224975586
2012-11-20,10.93777084350586
2012-11-21,10.969025611877441
2012-11-23,11.187773704528809
2012-11-26,10.812765121459961
2012-11-27,11.094023704528809
2012-11-28,11.08777141571045
2012-11-29,10.969025611877441
2012-11-30,11.094023704528809
2012-12-03,11.094023704528809
2012-12-04,11.23777961730957
2012-12-05,11.23777961730957
2012-12-06,11.112773895263672
2012-12-07,11.23777961730957
2012-12-10,11.30653190612793
2012-12-11,11.31277847290039
2012-12-12,11.28152847290039
2012-12-13,11.31277847290039
2012-12-14,11.31277847290039
2012-12-17,11.062777519226074
2012-12-18,11.27527904510498
2012-12-19,11.081523895263672
2012-12-20,11.012776374816895
2012-12-21,11.08777141571045
2012-12-24,11.037772178649902
2012-12-26,10.86276626586914
2012-12-27,10.906519889831543
2012-12-28,10.86276626586914
2012-12-31,10.781521797180176
2013-01-02,10.831517219543457
2013-01-03,10.931524276733398
2013-01-04,10.994022369384766
2013-01-07,11.000274658203125
2013-01-08,11.144024848937988
2013-01-09,11.031522750854492
2013-01-10,11.062777519226074
2013-01-11,11.437784194946289
2013-01-14,11.487783432006836
2013-01-15,11.5377836227417
2013-01-16,11.562788963317871
2013-01-17,11.912796974182129
2013-01-18,12.025299072265625
2013-01-22,12.050298690795898
2013-01-23,12.062796592712402
2013-01-24,12.337806701660156
2013-01-25,12.187797546386719
2013-01-28,11.95654582977295
2013-01-29,12.087799072265625
2013-01-30,12.156553268432617
2013-01-31,12.150300979614258
2013-02-01,11.937797546386719
2013-02-04,12.125300407409668
2013-02-05,12.150300979614258
2013-02-06,12.144052505493164
2013-02-07,12.144052505493164
2013-02-08,12.156553268432617
2013-02-11,12.156553268432617
2013-02-12,11.987380027770996
2013-02-13,11.791688919067383
2013-02-14,11.835875511169434
2013-02-15,12.119938850402832
2013-02-19,11.93687915802002
2013-02-20,12.119938850402832
2013-02-21,12.145190238952637
2013-02-22,12.20200252532959
2013-02-25,12.252498626708984
2013-02-26,12.239874839782715
2013-02-27,12.20200252532959
2013-02-28,12.214624404907227
2013-03-01,12.220937728881836
2013-03-04,12.49868392944336
2013-03-05,12.353504180908203
2013-03-06,12.359817504882812
2013-03-07,12.542874336242676
2013-03-08,12.555499076843262
2013-03-11,12.555499076843262
2013-03-12,12.624933242797852
2013-03-13,12.624933242797852
2013-03-14,12.385065078735352
2013-03-15,12.404003143310547
2013-03-18,12.719622611999512
2013-03-19,12.934245109558105
2013-03-20,12.725937843322754
2013-03-21,12.826933860778809
2013-03-22,12.864809036254883
2013-03-25,12.845874786376953
2013-03-26,12.624933242797852
2013-03-27,12.624933242797852
2013-03-28,12.624933242797852
2013-04-01,12.580755233764648
2013-04-02,12.864809036254883
2013-04-03,12.580755233764648
2013-04-04,12.864809036254883
2013-04-05,12.85218334197998
2013-04-08,12.650187492370605
2013-04-09,12.624933242797852
2013-04-10,12.940564155578613
2013-04-11,13.098373413085938
2013-04-12,13.035247802734375
2013-04-15,13.035247802734375
2013-04-16,13.155181884765625
2013-04-17,13.874809265136719
2013-04-18,13.874809265136719
2013-04-19,13.268810272216797
2013-04-22,12.92162036895752
2013-04-23,13.098373413085938
2013-04-24,13.565496444702148
2013-04-25,13.413994789123535
2013-04-26,13.413994789123535
2013-04-29,13.148869514465332
2013-04-30,13.224627494812012
2013-05-01,13.243560791015625
2013-05-02,13.578123092651367
2013-05-03,13.68542766571045
2013-05-06,13.887431144714355
2013-05-07,13.887431144714355
2013-05-08,13.64124870300293
2013-05-09,13.647560119628906
2013-05-10,13.967276573181152
2013-05-13,13.90995979309082
2013-05-14,13.954545021057129
2013-05-15,13.814422607421875
2013-05-16,14.011863708496094
2013-05-17,14.011863708496094
2013-05-20,13.884483337402344
2013-05-21,14.011863708496094
2013-05-22,13.820793151855469
2013-05-23,14.075553894042969
2013-05-24,14.330315589904785
2013-05-28,13.973649978637695
2013-05-29,13.884483337402344
2013-05-30,14.011863708496094
2013-05-31,13.566030502319336
2013-06-03,13.566030502319336
2013-06-04,13.865376472473145
2013-06-05,13.833527565002441
2013-06-06,13.935429573059082
2013-06-07,13.85900592803955
2013-06-10,13.820793151855469
2013-06-11,13.820793151855469
2013-06-12,13.183891296386719
2013-06-13,13.374963760375977
2013-06-14,13.566030502319336
2013-06-17,13.566030502319336
2013-06-18,13.693416595458984
2013-06-19,13.362227439880371
2013-06-20,12.852701187133789
2013-06-21,13.132939338684082
2013-06-24,13.024662971496582
2013-06-25,13.132939338684082
2013-06-26,13.050139427185059
2013-06-27,12.839964866638184
2013-06-28,13.222103118896484
2013-07-01,13.355856895446777
2013-07-02,13.368593215942383
2013-07-03,12.76353645324707
2013-07-05,12.76353645324707
2013-07-08,12.76353645324707
2013-07-09,12.801753044128418
2013-07-10,12.801753044128418
2013-07-11,12.871804237365723
2013-07-12,12.871804237365723
2013-07-15,12.94823932647705
2013-07-16,12.94823932647705
2013-07-17,12.699849128723145
2013-07-18,12.642521858215332
2013-07-19,12.808117866516113
2013-07-22,12.769906997680664
2013-07-23,12.960975646972656
2013-07-24,12.674369812011719
2013-07-25,12.674369812011719
2013-07-26,12.674369812011719
2013-07-29,12.9864501953125
2013-07-30,12.839964866638184
2013-07-31,12.878177642822266
2013-08-01,12.960975646972656
2013-08-02,12.980080604553223
2013-08-05,12.980080604553223
2013-08-06,12.980080604553223
2013-08-07,12.7507963180542
2013-08-08,12.9864501953125
2013-08-09,12.9864501953125
2013-08-12,13.109898567199707
2013-08-13,13.109898567199707
2013-08-14,12.634113311767578
2013-08-15,11.57323169708252
2013-08-16,11.348196029663086
2013-08-19,11.547513961791992
2013-08-20,11.547513961791992
2013-08-21,11.663243293762207
2013-08-22,11.64395809173584
2013-08-23,11.759689331054688
2013-08-26,12.184039115905762
2013-08-27,12.145462989807129
2013-08-28,11.766119003295898
2013-08-29,11.766119003295898
2013-08-30,11.766119003295898
2013-09-03,11.81755256652832
2013-09-04,11.759689331054688
2013-09-05,11.740406036376953
2013-09-06,11.75325870513916
2013-09-09,11.740406036376953
2013-09-10,11.656815528869629
2013-09-11,11.412489891052246
2013-09-12,11.412489891052246
2013-09-13,11.759689331054688
2013-09-16,11.4446382522583
2013-09-17,11.4446382522583
2013-09-18,11.650386810302734
2013-09-19,11.650386810302734
2013-09-20,11.650386810302734
2013-09-23,11.328908920288086
2013-09-24,11.316046714782715
2013-09-25,11.303190231323242
2013-09-26,11.251752853393555
2013-09-27,11.348196029663086
2013-09-30,11.367483139038086
2013-10-01,11.251752853393555
2013-10-02,11.251752853393555
2013-10-03,11.316046714782715
2013-10-04,11.251752853393555
2013-10-07,11.251752853393555
2013-10-08,11.15531063079834
2013-10-09,11.15531063079834
2013-10-10,11.168169021606445
2013-10-11,11.161736488342285
2013-10-14,11.123159408569336
2013-10-15,11.187458038330078
2013-10-16,11.187458038330078
2013-10-17,11.123159408569336
2013-10-18,11.129590034484863
2013-10-21,11.251752853393555
2013-10-22,11.123159408569336
2013-10-23,10.93027114868164
2013-10-24,10.833831787109375
2013-10-25,10.769538879394531
2013-10-28,10.679521560668945
2013-10-29,10.653800964355469
2013-10-30,10.833831787109375
2013-10-31,10.679521560668945
2013-11-01,10.653800964355469
2013-11-04,10.808114051818848
2013-11-05,10.808114051818848
2013-11-06,10.904555320739746
2013-11-07,10.93027114868164
2013-11-08,10.808114051818848
2013-11-11,10.93027114868164
2013-11-12,11.081148147583008
2013-11-13,11.055129051208496
2013-11-14,11.055129051208496
2013-11-15,10.957588195800781
2013-11-18,11.055129051208496
2013-11-19,11.126667022705078
2013-11-20,10.892560958862305
2013-11-21,10.95108413696289
2013-11-22,10.801515579223633
2013-11-25,10.899060249328613
2013-11-26,10.95108413696289
2013-11-27,11.02261734008789
2013-11-29,11.02261734008789
2013-12-02,11.029119491577148
2013-12-03,11.029119491577148
2013-12-04,11.029119491577148
2013-12-05,10.990102767944336
2013-12-06,10.892560958862305
2013-12-09,10.892560958862305
2013-12-10,10.94458293914795
2013-12-11,10.80802059173584
2013-12-12,10.80802059173584
2013-12-13,10.801515579223633
2013-12-16,10.684459686279297
2013-12-17,10.723477363586426
2013-12-18,10.664950370788574
2013-12-19,10.619430541992188
2013-12-20,10.664950370788574
2013-12-23,10.742986679077148
2013-12-24,10.742986679077148
2013-12-26,10.742986679077148
2013-12-27,10.742986679077148
2013-12-30,10.827528953552246
2013-12-31,10.873045921325684
2014-01-02,10.762495040893555
2014-01-03,10.749491691589355
2014-01-06,10.749491691589355
2014-01-07,10.749491691589355
2014-01-08,10.749491691589355
2014-01-09,10.795010566711426
2014-01-10,10.801515579223633
2014-01-13,10.840532302856445
2014-01-14,10.925069808959961
2014-01-15,11.035623550415039
2014-01-16,10.970596313476562
2014-01-17,11.159180641174316
2014-01-21,11.159180641174316
2014-01-22,11.42580509185791
2014-01-23,11.30224609375
2014-01-24,11.165682792663574
2014-01-27,11.165682792663574
2014-01-28,11.165682792663574
2014-01-29,11.074640274047852
2014-01-30,11.074640274047852
2014-01-31,11.120162963867188
2014-02-03,11.087648391723633
2014-02-04,11.100652694702148
2014-02-05,11.009613990783691
2014-02-06,10.996604919433594
2014-02-07,10.996604919433594
2014-02-10,10.996604919433594
2014-02-11,11.048629760742188
2014-02-12,11.178908348083496
2014-02-13,10.988099098205566
2014-02-14,11.165748596191406
2014-02-18,10.988099098205566
2014-02-19,11.238125801086426
2014-02-20,11.297341346740723
2014-02-21,11.23154354095459
2014-02-24,11.185483932495117
2014-02-25,11.099952697753906
2014-02-26,11.185483932495117
2014-02-27,11.238125801086426
2014-02-28,11.349980354309082
2014-03-03,11.349980354309082
2014-03-04,11.251285552978516
2014-03-05,11.409195899963379
2014-03-06,11.409195899963379
2014-03-07,11.501310348510742
2014-03-10,11.474993705749512
2014-03-11,11.38287353515625
2014-03-12,11.507894515991211
2014-03-13,11.514469146728516
2014-03-14,11.527633666992188
2014-03-17,11.593428611755371
2014-03-18,11.580269813537598
2014-03-19,11.698705673217773
2014-03-20,11.534209251403809
2014-03-21,11.363136291503906
2014-03-24,11.573690414428711
2014-03-25,11.573690414428711
2014-03-26,11.580269813537598
2014-03-27,11.428937911987305
2014-03-28,11.547370910644531
2014-03-31,11.547370910644531
2014-04-01,11.514469146728516
2014-04-02,11.580269813537598
2014-04-03,11.718437194824219
2014-04-04,11.771080017089844
2014-04-07,11.82371711730957
2014-04-08,11.889513969421387
2014-04-09,11.889513969421387
2014-04-10,11.93557071685791
2014-04-11,11.909255981445312
2014-04-14,11.909255981445312
2014-04-15,11.909255981445312
2014-04-16,11.909255981445312
2014-04-17,11.8829345703125
2014-04-21,11.942153930664062
2014-04-22,11.93557071685791
2014-04-23,11.93557071685791
2014-04-24,11.942153930664062
2014-04-25,11.909255981445312
2014-04-28,11.955312728881836
2014-04-29,11.876357078552246
2014-04-30,11.909255981445312
2014-05-01,11.856616973876953
2014-05-02,11.909255981445312
2014-05-05,11.909255981445312
2014-05-06,11.909255981445312
2014-05-07,11.85003662109375
2014-05-08,11.856616973876953
2014-05-09,11.856616973876953
2014-05-12,11.975576400756836
2014-05-13,12.261341094970703
2014-05-14,12.055318832397461
2014-05-15,12.234761238098145
2014-05-16,12.234761238098145
2014-05-19,12.002159118652344
2014-05-20,12.128426551818848
2014-05-21,12.061968803405762
2014-05-22,12.194883346557617
2014-05-23,12.028741836547852
2014-05-27,12.161653518676758
2014-05-28,12.161653518676758
2014-05-29,13.929413795471191
2014-05-30,14.58069133758545
2014-06-02,14.71360969543457
2014-06-03,15.138935089111328
2014-06-04,15.152222633361816
2014-06-05,13.78985595703125
2014-06-06,13.384468078613281
2014-06-09,13.111987113952637
2014-06-10,13.185091018676758
2014-06-11,13.158512115478516
2014-06-12,13.28477954864502
2014-06-13,13.205034255981445
2014-06-16,12.905977249145508
2014-06-17,12.925915718078613
2014-06-18,12.925915718078613
2014-06-19,13.205034255981445
2014-06-20,13.28477954864502
2014-06-23,13.337945938110352
2014-06-24,13.384468078613281
2014-06-25,13.557250022888184
2014-06-26,13.490797996520996
2014-06-27,13.59048080444336
2014-06-30,13.291421890258789
2014-07-01,13.430985450744629
2014-07-02,13.404407501220703
2014-07-03,13.291421890258789
2014-07-07,13.331300735473633
2014-07-08,13.34459114074707
2014-07-09,13.258196830749512
2014-07-10,13.28477954864502
2014-07-11,13.078760147094727
2014-07-14,13.218321800231934
2014-07-15,13.224969863891602
2014-07-16,13.278135299682617
2014-07-17,13.311360359191895
2014-07-18,13.145220756530762
2014-07-21,13.151865005493164
2014-07-22,13.264840126037598
2014-07-23,13.258196830749512
2014-07-24,13.185091018676758
2014-07-25,13.311360359191895
2014-07-28,13.484153747558594
2014-07-29,13.430985450744629
2014-07-30,13.484153747558594
2014-07-31,13.384468078613281
2014-08-01,13.351235389709473
2014-08-04,13.231614112854004
2014-08-05,13.224969863891602
2014-08-06,13.224969863891602
2014-08-07,13.092058181762695
2014-08-08,13.092058181762695
2014-08-11,13.025598526000977
2014-08-12,13.147744178771973
2014-08-13,13.087339401245117
2014-08-14,13.248416900634766
2014-08-15,13.147744178771973
2014-08-18,13.208146095275879
2014-08-19,13.362509727478027
2014-08-20,13.35580062866211
2014-08-21,13.402778625488281
2014-08-22,13.402778625488281
2014-08-25,13.42291259765625
2014-08-26,13.49673843383789
2014-08-27,13.49673843383789
2014-08-28,13.416202545166016
2014-08-29,13.4296236038208
2014-09-02,13.543719291687012
2014-09-03,13.389357566833496
2014-09-04,13.55042839050293
2014-09-05,13.543719291687012
2014-09-08,13.557141304016113
2014-09-09,13.456473350524902
2014-09-10,13.409493446350098
2014-09-11,13.490031242370605
2014-09-12,13.42291259765625
2014-09-15,13.42291259765625
2014-09-16,13.416202545166016
2014-09-17,13.483317375183105
2014-09-18,13.67795181274414
2014-09-19,13.812178611755371
2014-09-22,13.691370964050293
2014-09-23,13.724930763244629
2014-09-24,13.691370964050293
2014-09-25,13.718219757080078
2014-09-26,13.718219757080078
2014-09-29,13.590700149536133
2014-09-30,13.590700149536133
2014-10-01,13.590700149536133
2014-10-02,13.389357566833496
2014-10-03,13.32224178314209
2014-10-06,13.302106857299805
2014-10-07,13.255123138427734
2014-10-08,13.12089729309082
2014-10-09,13.087339401245117
2014-10-10,13.315529823303223
2014-10-13,13.288687705993652
2014-10-14,13.00680160522461
2014-10-15,13.040362358093262
2014-10-16,13.053790092468262
2014-10-17,13.335670471191406
2014-10-20,13.590700149536133
2014-10-21,13.577278137207031
2014-10-22,13.557141304016113
2014-10-23,13.416202545166016
2014-10-24,13.557141304016113
2014-10-27,13.52358627319336
2014-10-28,13.52358627319336
2014-10-29,13.52358627319336
2014-10-30,13.557141304016113
2014-10-31,13.295394897460938
2014-11-03,13.302106857299805
2014-11-04,13.302106857299805
2014-11-05,13.302106857299805
2014-11-06,13.080629348754883
2014-11-07,13.073919296264648
2014-11-10,13.12089729309082
2014-11-11,13.234994888305664
2014-11-12,13.117042541503906
2014-11-13,13.286514282226562
2014-11-14,13.184836387634277
2014-11-17,13.184836387634277
2014-11-18,13.184836387634277
2014-11-19,13.184836387634277
2014-11-20,13.083147048950195
2014-11-21,13.218721389770508
2014-11-24,13.157716751098633
2014-11-25,13.137375831604004
2014-11-26,13.157716751098633
2014-11-28,13.150938987731934
2014-12-01,13.123820304870605
2014-12-02,13.123820304870605
2014-12-03,13.123820304870605
2014-12-04,13.198387145996094
2014-12-05,13.164496421813965
2014-12-08,13.083147048950195
2014-12-09,13.06959056854248
2014-12-10,13.117042541503906
2014-12-11,13.117042541503906
2014-12-12,13.06959056854248
2014-12-15,13.0492525100708
2014-12-16,13.313630104064941
2014-12-17,13.313630104064941
2014-12-18,13.117042541503906
2014-12-19,13.150938987731934
2014-12-22,13.123820304870605
2014-12-23,13.218721389770508
2014-12-24,13.211944580078125
2014-12-26,13.211944580078125
2014-12-29,13.089926719665527
2014-12-30,13.164496421813965
2014-12-31,13.218721389770508
2015-01-02,13.218721389770508
2015-01-05,13.130599975585938
2015-01-06,13.178053855895996
2015-01-07,13.388191223144531
2015-01-08,13.178053855895996
2015-01-09,13.178053855895996
2015-01-12,13.184836387634277
2015-01-13,13.164496421813965
2015-01-14,13.164496421813965
2015-01-15,13.157716751098633
2015-01-16,13.150938987731934
2015-01-20,13.164496421813965
2015-01-21,13.164496421813965
2015-01-22,13.164496421813965
2015-01-23,13.164496421813965
2015-01-26,13.320408821105957
2015-01-27,13.320408821105957
2015-01-28,13.259395599365234
2015-01-29,13.218721389770508
2015-01-30,13.218721389770508
2015-02-02,13.327186584472656
2015-02-03,13.327186584472656
2015-02-04,13.184836387634277
2015-02-05,13.198387145996094
2015-02-06,13.198387145996094
2015-02-09,13.198387145996094
2015-02-10,13.252615928649902
2015-02-11,13.356680870056152
2015-02-12,13.356680870056152
2015-02-13,13.212910652160645
2015-02-17,13.425141334533691
2015-02-18,13.425141334533691
2015-02-19,13.527832984924316
2015-02-20,13.527832984924316
2015-02-23,13.486756324768066
2015-02-24,13.486756324768066
2015-02-25,13.486756324768066
2015-02-26,13.486756324768066
2015-02-27,13.418295860290527
2015-03-02,13.541522979736328
2015-03-03,13.541522979736328
2015-03-04,13.541522979736328
2015-03-05,13.438834190368652
2015-03-06,13.438834190368652
2015-03-09,13.568904876708984
2015-03-10,13.568904876708984
2015-03-11,13.568904876708984
2015-03-12,13.603139877319336
2015-03-13,13.603139877319336
2015-03-16,13.431988716125488
2015-03-17,13.431988716125488
2015-03-18,13.445680618286133
2015-03-19,13.445680618286133
2015-03-20,13.301909446716309
2015-03-23,13.301909446716309
2015-03-24,13.589444160461426
2015-03-25,13.555216789245605
2015-03-26,13.555216789245605
2015-03-27,13.473060607910156
2015-03-30,13.637369155883789
2015-03-31,13.493596076965332
2015-04-01,13.493596076965332
2015-04-02,13.493596076965332
2015-04-06,13.493596076965332
2015-04-07,13.527832984924316
2015-04-08,13.637369155883789
2015-04-09,13.555216789245605
2015-04-10,13.555216789245605
2015-04-13,13.692134857177734
2015-04-14,13.692134857177734
2015-04-15,13.692134857177734
2015-04-16,13.829058647155762
2015-04-17,13.829058647155762
2015-04-20,13.829058647155762
2015-04-21,13.829058647155762
2015-04-22,13.829058647155762
2015-04-23,13.760602951049805
2015-04-24,13.760602951049805
2015-04-27,13.90436840057373
2015-04-28,13.972824096679688
2015-04-29,14.020747184753418
2015-04-30,13.92490005493164
2015-05-01,13.774290084838867
2015-05-04,13.952286720275879
2015-05-05,13.965983390808105
2015-05-06,13.952286720275879
2015-05-07,13.952286720275879
2015-05-08,13.897516250610352
2015-05-11,13.897516250610352
2015-05-12,13.890673637390137
2015-05-13,14.015703201293945
2015-05-14,14.015703201293945
2015-05-15,13.953532218933105
2015-05-18,14.050238609313965
2015-05-19,14.015703201293945
2015-05-20,14.022608757019043
2015-05-21,14.022608757019043
2015-05-22,13.884461402893066
2015-05-26,14.029520034790039
2015-05-27,14.091690063476562
2015-05-28,14.091690063476562
2015-05-29,14.209115982055664
2015-06-01,14.188394546508789
2015-06-02,14.188394546508789
2015-06-03,14.091690063476562
2015-06-04,14.091690063476562
2015-06-05,14.188394546508789
2015-06-08,14.229838371276855
2015-06-09,14.091690063476562
2015-06-10,14.091690063476562
2015-06-11,14.091690063476562
2015-06-12,14.091690063476562
2015-06-15,14.091690063476562
2015-06-16,14.091690063476562
2015-06-17,14.229838371276855
2015-06-18,14.229838371276855
2015-06-19,14.216026306152344
2015-06-22,14.216026306152344
2015-06-23,14.091690063476562
2015-06-24,14.112407684326172
2015-06-25,14.091690063476562
2015-06-26,13.97425651550293
2015-06-29,13.97425651550293
2015-06-30,13.953532218933105
2015-07-01,13.953532218933105
2015-07-02,14.070962905883789
2015-07-06,14.022608757019043
2015-07-07,13.97425651550293
2015-07-08,13.994978904724121
2015-07-09,13.994978904724121
2015-07-10,13.994978904724121
2015-07-13,13.994978904724121
2015-07-14,13.994978904724121
2015-07-15,13.994978904724121
2015-07-16,13.994978904724121
2015-07-17,13.994978904724121
2015-07-20,13.994978904724121
2015-07-21,14.257471084594727
2015-07-22,14.506148338317871
2015-07-23,14.506148338317871
2015-07-24,14.506148338317871
2015-07-27,14.506148338317871
2015-07-28,14.506148338317871
2015-07-29,14.506148338317871
2015-07-30,14.506148338317871
2015-07-31,14.506148338317871
2015-08-03,14.20220947265625
2015-08-04,14.20220947265625
2015-08-05,14.216026306152344
2015-08-06,14.126222610473633
2015-08-07,14.07787036895752
2015-08-10,14.07787036895752
2015-08-11,14.07787036895752
2015-08-12,14.165756225585938
2015-08-13,14.15877628326416
2015-08-14,14.228529930114746
2015-08-17,14.354073524475098
2015-08-18,14.333148002624512
2015-08-19,14.214576721191406
2015-08-20,14.165756225585938
2015-08-21,14.15180492401123
2015-08-24,14.082054138183594
2015-08-25,14.15877628326416
2015-08-26,14.34709644317627
2015-08-27,14.089031219482422
2015-08-28,14.193648338317871
2015-08-31,14.319196701049805
2015-09-01,14.123902320861816
2015-09-02,14.123902320861816
2015-09-03,14.089031219482422
2015-09-04,14.11693000793457
2015-09-08,14.019287109375
2015-09-09,13.970460891723633
2015-09-10,13.970460891723633
2015-09-11,13.963483810424805
2015-09-14,13.963483810424805
2015-09-15,13.963483810424805
2015-09-16,13.963483810424805
2015-09-17,13.963483810424805
2015-09-18,13.949533462524414
2015-09-21,14.298272132873535
2015-09-22,14.298272132873535
2015-09-23,13.949533462524414
2015-09-24,13.949533462524414
2015-09-25,13.949533462524414
2015-09-28,13.949533462524414
2015-09-29,13.677520751953125
2015-09-30,13.705418586730957
2015-10-01,13.705418586730957
2015-10-02,13.705418586730957
2015-10-05,13.705418586730957
2015-10-06,13.705418586730957
2015-10-07,13.907689094543457
2015-10-08,13.712394714355469
2015-10-09,13.7402925491333
2015-10-12,13.7402925491333
2015-10-13,13.6914701461792
2015-10-14,13.6914701461792
2015-10-15,13.6914701461792
2015-10-16,13.635666847229004
2015-10-19,13.7402925491333
2015-10-20,13.7402925491333
2015-10-21,13.635666847229004
2015-10-22,13.60079574584961
2015-10-23,13.747261047363281
2015-10-26,13.60079574584961
2015-10-27,13.60079574584961
2015-10-28,13.60079574584961
2015-10-29,13.803064346313477
2015-10-30,13.803064346313477
2015-11-02,13.7402925491333
2015-11-03,13.7402925491333
2015-11-04,13.907689094543457
2015-11-05,13.7402925491333
2015-11-06,13.810041427612305
2015-11-09,13.60079574584961
2015-11-10,13.81209945678711
2015-11-11,13.671231269836426
2015-11-12,13.805058479309082
2015-11-13,13.664185523986816
2015-11-16,13.664185523986816
2015-11-17,13.87548828125
2015-11-18,13.87548828125
2015-11-19,13.699407577514648
2015-11-20,13.798012733459473
2015-11-23,13.833230018615723
2015-11-24,13.840274810791016
2015-11-25,13.87548828125
2015-11-27,13.87548828125
2015-11-30,13.945924758911133
2015-12-01,13.945924758911133
2015-12-02,13.945924758911133
2015-12-03,13.981135368347168
2015-12-04,13.981135368347168
2015-12-07,13.981135368347168
2015-12-08,13.981135368347168
2015-12-09,14.157224655151367
2015-12-10,14.150181770324707
2015-12-11,14.150181770324707
2015-12-14,14.150181770324707
2015-12-15,14.00931167602539
2015-12-16,14.016358375549316
2015-12-17,14.114967346191406
2015-12-18,14.114967346191406
2015-12-21,13.945924758911133
2015-12-22,13.945924758911133
2015-12-23,13.952966690063477
2015-12-24,13.805058479309082
2015-12-28,13.85435676574707
2015-12-29,13.769840240478516
2015-12-30,13.833230018615723
2015-12-31,13.833230018615723
2016-01-04,13.805058479309082
2016-01-05,13.805058479309082
2016-01-06,13.727579116821289
2016-01-07,13.593753814697266
2016-01-08,13.593753814697266
2016-01-11,13.664185523986816
2016-01-12,13.551493644714355
2016-01-13,13.805058479309082
2016-01-14,13.664185523986816
2016-01-15,13.657142639160156
2016-01-19,13.530362129211426
2016-01-20,13.276801109313965
2016-01-21,13.523320198059082
2016-01-22,13.593753814697266
2016-01-25,13.375404357910156
2016-01-26,13.523320198059082
2016-01-27,13.523320198059082
2016-01-28,13.452885627746582
2016-01-29,13.452885627746582
2016-02-01,13.452885627746582
2016-02-02,13.452885627746582
2016-02-03,13.452885627746582
2016-02-04,13.720534324645996
2016-02-05,13.720534324645996
2016-02-08,13.389497756958008
2016-02-09,13.664185523986816
2016-02-10,13.665610313415527
2016-02-11,13.345489501953125
2016-02-12,13.060938835144043
2016-02-16,13.060938835144043
2016-02-17,13.060938835144043
2016-02-18,13.40951156616211
2016-02-19,13.40951156616211
2016-02-22,13.587358474731445
2016-02-23,13.587358474731445
2016-02-24,13.103621482849121
2016-02-25,13.487764358520508
2016-02-26,13.402400016784668
2016-02-29,13.402400016784668
2016-03-01,13.402400016784668
2016-03-02,13.665610313415527
2016-03-03,13.395289421081543
2016-03-04,13.395289421081543
2016-03-07,13.395289421081543
2016-03-08,13.395289421081543
2016-03-09,13.381058692932129
2016-03-10,13.637153625488281
2016-03-11,13.829231262207031
2016-03-14,13.516219139099121
2016-03-15,13.352606773376465
2016-03-16,13.352606773376465
2016-03-17,13.907479286193848
2016-03-18,13.907479286193848
2016-03-21,13.907479286193848
2016-03-22,13.914595603942871
2016-03-23,13.93593692779541
2016-03-24,14.071096420288086
2016-03-28,14.063981056213379
2016-03-29,14.063981056213379
2016-03-30,14.063981056213379
2016-03-31,14.063981056213379
2016-04-01,14.063981056213379
2016-04-04,14.063981056213379
2016-04-05,14.063981056213379
2016-04-06,14.063981056213379
2016-04-07,14.01418685913086
2016-04-08,14.01418685913086
2016-04-11,14.01418685913086
2016-04-12,14.01418685913086
2016-04-13,14.01418685913086
2016-04-14,13.551785469055176
2016-04-15,13.65849781036377
2016-04-18,13.65849781036377
2016-04-19,13.59447193145752
2016-04-20,13.516219139099121
2016-04-21,13.736748695373535
2016-04-22,14.056868553161621
2016-04-25,13.985733032226562
2016-04-26,13.985733032226562
2016-04-27,13.985733032226562
2016-04-28,13.765204429626465
2016-04-29,13.779431343078613
2016-05-02,13.999959945678711
2016-05-03,14.01418685913086
2016-05-04,13.772318840026855
2016-05-05,14.01418685913086
2016-05-06,14.01418685913086
2016-05-09,14.01418685913086
2016-05-10,14.01418685913086
2016-05-11,14.177802085876465
2016-05-12,14.176366806030273
2016-05-13,14.305634498596191
2016-05-16,14.456445693969727
2016-05-17,14.686258316040039
2016-05-18,14.650348663330078
2016-05-19,14.643167495727539
2016-05-20,14.564173698425293
2016-05-23,14.363085746765137
2016-05-24,14.276908874511719
2016-05-25,14.262544631958008
2016-05-26,14.262544631958008
2016-05-27,14.212276458740234
2016-05-31,14.075827598571777
2016-06-01,14.183550834655762
2016-06-02,13.982464790344238
2016-06-03,14.12609577178955
2016-06-06,14.12609577178955
2016-06-07,14.377452850341797
2016-06-08,14.377452850341797
2016-06-09,14.090189933776855
2016-06-10,14.162003517150879
2016-06-13,14.241002082824707
2016-06-14,14.241002082824707
2016-06-15,14.075827598571777
2016-06-16,14.205095291137695
2016-06-17,14.205095291137695
2016-06-20,14.334362983703613
2016-06-21,14.298452377319336
2016-06-22,14.327183723449707
2016-06-23,14.327183723449707
2016-06-24,14.327183723449707
2016-06-27,14.21945571899414
2016-06-28,14.21945571899414
2016-06-29,13.982464790344238
2016-06-30,14.090189933776855
2016-07-01,14.061466217041016
2016-07-05,14.2338228225708
2016-07-06,14.413361549377441
2016-07-07,14.413361549377441
2016-07-08,14.262544631958008
2016-07-11,14.427720069885254
2016-07-12,14.492353439331055
2016-07-13,14.492353439331055
2016-07-14,14.341545104980469
2016-07-15,14.370269775390625
2016-07-18,14.391816139221191
2016-07-19,14.621624946594238
2016-07-20,14.61444091796875
2016-07-21,14.600078582763672
2016-07-22,14.61444091796875
2016-07-25,14.81552791595459
2016-07-26,14.72216510772705
2016-07-27,14.851436614990234
2016-07-28,14.75089168548584
2016-07-29,14.786798477172852
2016-08-01,14.79398250579834
2016-08-02,14.865796089172363
2016-08-03,14.880154609680176
2016-08-04,15.059699058532715
2016-08-05,14.79398250579834
2016-08-08,15.088422775268555
2016-08-09,15.088422775268555
2016-08-10,15.037693977355957
2016-08-11,15.037693977355957
2016-08-12,15.037693977355957
2016-08-15,15.037693977355957
2016-08-16,15.110166549682617
2016-08-17,15.11740779876709
2016-08-18,14.928990364074707
2016-08-19,14.928990364074707
2016-08-22,14.856517791748047
2016-08-23,14.827528953552246
2016-08-24,14.900001525878906
2016-08-25,14.994217872619629
2016-08-26,15.001460075378418
2016-08-29,14.957977294921875
2016-08-30,15.001460075378418
2016-08-31,14.979716300964355
2016-09-01,15.001460075378418
2016-09-02,15.240612983703613
2016-09-06,15.342069625854492
2016-09-07,15.436285972595215
2016-09-08,15.211623191833496
2016-09-09,15.168140411376953
2016-09-12,15.226118087768555
2016-09-13,15.030445098876953
2016-09-14,15.204376220703125
2016-09-15,14.928990364074707
2016-09-16,14.928990364074707
2016-09-19,14.94348430633545
2016-09-20,14.900001525878906
2016-09-21,15.037693977355957
2016-09-22,14.965224266052246
2016-09-23,15.146400451660156
2016-09-26,15.00870132446289
2016-09-27,15.001460075378418
2016-09-28,14.965224266052246
2016-09-29,14.965224266052246
2016-09-30,14.965224266052246
2016-10-03,14.965224266052246
2016-10-04,15.015949249267578
2016-10-05,15.21887493133545
2016-10-06,15.21887493133545
2016-10-07,14.979716300964355
2016-10-10,14.979716300964355
2016-10-11,15.001460075378418
2016-10-12,15.015949249267578
2016-10-13,15.015949249267578
2016-10-14,14.957977294921875
2016-10-17,14.965224266052246
2016-10-18,15.211623191833496
2016-10-19,15.211623191833496
2016-10-20,15.146400451660156
2016-10-21,15.153646469116211
2016-10-24,15.044940948486328
2016-10-25,15.00870132446289
2016-10-26,15.00870132446289
2016-10-27,14.972472190856934
2016-10-28,14.965224266052246
2016-10-31,14.965224266052246
2016-11-01,14.965224266052246
2016-11-02,15.146400451660156
2016-11-03,15.146400451660156
2016-11-04,15.146400451660156
2016-11-07,15.11740779876709
2016-11-08,14.878262519836426
2016-11-09,14.87826156616211
2016-11-10,14.929460525512695
2016-11-11,14.710020065307617
2016-11-14,15.053813934326172
2016-11-15,14.505207061767578
2016-11-16,14.219930648803711
2016-11-17,14.439371109008789
2016-11-18,14.439371109008789
2016-11-21,14.051689147949219
2016-11-22,14.154096603393555
2016-11-23,14.26382064819336
2016-11-25,14.26382064819336
2016-11-28,14.26382064819336
2016-11-29,14.080947875976562
2016-11-30,14.18335247039795
2016-12-01,14.18335247039795
2016-12-02,14.205301284790039
2016-12-05,14.278448104858398
2016-12-06,14.278448104858398
2016-12-07,14.278448104858398
2016-12-08,14.592988014221191
2016-12-09,14.592988014221191
2016-12-12,14.592988014221191
2016-12-13,14.592988014221191
2016-12-14,14.592988014221191
2016-12-15,14.592988014221191
2016-12-16,14.585668563842773
2016-12-19,14.585668563842773
2016-12-20,14.315022468566895
2016-12-21,14.32233715057373
2016-12-22,14.32233715057373
2016-12-23,14.300395965576172
2016-12-27,14.300395965576172
2016-12-28,14.227246284484863
2016-12-29,14.300395965576172
2016-12-30,14.300395965576172
2017-01-03,14.300395965576172
2017-01-04,14.271135330200195
2017-01-05,14.307707786560059
2017-01-06,14.307707786560059
2017-01-09,14.307707786560059
2017-01-10,14.26382064819336
2017-01-11,14.26382064819336
2017-01-12,14.38085651397705
2017-01-13,14.373541831970215
2017-01-17,14.373541831970215
2017-01-18,14.483258247375488
2017-01-19,14.5198335647583
2017-01-20,14.5198335647583
2017-01-23,14.5198335647583
2017-01-24,14.373541831970215
2017-01-25,14.600297927856445
2017-01-26,14.827057838439941
2017-01-27,14.614928245544434
2017-01-30,14.614928245544434
2017-01-31,14.607610702514648
2017-02-01,14.607610702514648
2017-02-02,14.607610702514648
2017-02-03,14.600297927856445
2017-02-06,14.600297927856445
2017-02-07,14.534467697143555
2017-02-08,14.55640983581543
2017-02-09,14.629557609558105
2017-02-10,14.790486335754395
2017-02-13,14.636872291564941
2017-02-14,14.629557609558105
2017-02-15,14.739278793334961
2017-02-16,14.922144889831543
2017-02-17,15.06844425201416
2017-02-21,14.995292663574219
2017-02-22,15.222051620483398
2017-02-23,14.995292663574219
2017-02-24,15.222051620483398
2017-02-27,15.119645118713379
2017-02-28,14.666131019592285
2017-03-01,14.710020065307617
2017-03-02,14.9879789352417
2017-03-03,14.966035842895508
2017-03-06,14.973348617553711
2017-03-07,14.995292663574219
2017-03-08,14.717337608337402
2017-03-09,14.717337608337402
2017-03-10,14.973348617553711
2017-03-13,14.87826156616211
2017-03-14,14.929460525512695
2017-03-15,14.9879789352417
2017-03-16,14.973348617553711
2017-03-17,15.222051620483398
2017-03-20,15.156216621398926
2017-03-21,15.156216621398926
2017-03-22,15.20011043548584
2017-03-23,15.243996620178223
2017-03-24,15.346404075622559
2017-03-27,15.148903846740723
2017-03-28,15.148903846740723
2017-03-29,15.148903846740723
2017-03-30,15.690199851989746
2017-03-31,15.690199851989746
2017-04-03,15.500017166137695
2017-04-04,15.500017166137695
2017-04-05,15.500017166137695
2017-04-06,15.404921531677246
2017-04-07,15.1781644821167
2017-04-10,15.397607803344727
2017-04-11,15.156216621398926
2017-04-12,15.265944480895996
2017-04-13,15.265944480895996
2017-04-17,15.163534164428711
2017-04-18,15.141589164733887
2017-04-19,15.141589164733887
2017-04-20,15.141589164733887
2017-04-21,15.141589164733887
2017-04-24,15.141589164733887
2017-04-25,15.33177661895752
2017-04-26,15.309828758239746
2017-04-27,15.309828758239746
2017-04-28,15.302515029907227
2017-05-01,15.302515029907227
2017-05-02,15.302515029907227
2017-05-03,15.36103630065918
2017-05-04,15.36103630065918
2017-05-05,15.36103630065918
2017-05-08,15.222051620483398
2017-05-09,15.280570983886719
2017-05-10,15.148903846740723
2017-05-11,15.148903846740723
2017-05-12,15.19279670715332
2017-05-15,15.1781644821167
2017-05-16,15.1781644821167
2017-05-17,15.1781644821167
2017-05-18,15.1781644821167
2017-05-19,15.141589164733887
2017-05-22,15.097702026367188
2017-05-23,15.214735984802246
2017-05-24,15.0903902053833
2017-05-25,15.112333297729492
2017-05-26,15.053813934326172
2017-05-30,15.097702026367188
2017-05-31,15.236684799194336
2017-06-01,15.236684799194336
2017-06-02,15.434182167053223
2017-06-05,15.119645118713379
2017-06-06,15.324461936950684
2017-06-07,15.324461936950684
2017-06-08,15.324461936950684
2017-06-09,15.170846939086914
2017-06-12,15.170846939086914
2017-06-13,15.156216621398926
2017-06-14,15.156216621398926
2017-06-15,15.156216621398926
2017-06-16,15.222051620483398
2017-06-19,15.214735984802246
2017-06-20,15.170846939086914
2017-06-21,15.170846939086914
2017-06-22,15.163534164428711
2017-06-23,15.170846939086914
2017-06-26,15.170846939086914
2017-06-27,15.214735984802246
2017-06-28,15.112333297729492
2017-06-29,15.097702026367188
2017-06-30,15.083075523376465
2017-07-03,15.083075523376465
2017-07-05,15.134282112121582
2017-07-06,15.141589164733887
2017-07-07,15.236684799194336
2017-07-10,15.19279670715332
2017-07-11,15.20011043548584
2017-07-12,15.19279670715332
2017-07-13,15.265944480895996
2017-07-14,15.36103630065918
2017-07-17,15.302515029907227
2017-07-18,15.273255348205566
2017-07-19,15.36103630065918
2017-07-20,15.44150161743164
2017-07-21,15.44150161743164
2017-07-24,15.434182167053223
2017-07-25,15.214735984802246
2017-07-26,15.302515029907227
2017-07-27,15.302515029907227
2017-07-28,15.302515029907227
2017-07-31,15.419549942016602
2017-08-01,15.434182167053223
2017-08-02,15.86575984954834
2017-08-03,15.86575984954834
2017-08-04,15.851123809814453
2017-08-07,15.851123809814453
2017-08-08,15.829180717468262
2017-08-09,15.829180717468262
2017-08-10,15.919219017028809
2017-08-11,15.919219017028809
2017-08-14,15.867555618286133
2017-08-15,15.867555618286133
2017-08-16,15.646148681640625
2017-08-17,15.860179901123047
2017-08-18,15.719950675964355
2017-08-21,15.498547554016113
2017-08-22,15.535443305969238
2017-08-23,15.675667762756348
2017-08-24,15.572345733642578
2017-08-25,15.624007225036621
2017-08-28,15.624007225036621
2017-08-29,15.528066635131836
2017-08-30,15.528066635131836
2017-08-31,15.660906791687012
2017-09-01,15.660906791687012
2017-09-05,15.660906791687012
2017-09-06,15.609246253967285
2017-09-07,15.609246253967285
2017-09-08,15.6018648147583
2017-09-11,15.6018648147583
2017-09-12,15.631388664245605
2017-09-13,15.572345733642578
2017-09-14,15.572345733642578
2017-09-15,15.572345733642578
2017-09-18,15.587108612060547
2017-09-19,15.660906791687012
2017-09-20,15.609246253967285
2017-09-21,15.609246253967285
2017-09-22,15.609246253967285
2017-09-25,15.609246253967285
2017-09-26,15.638771057128906
2017-09-27,15.609246253967285
2017-09-28,15.365702629089355
2017-09-29,15.306660652160645
2017-10-02,15.350937843322754
2017-10-03,15.46164608001709
2017-10-04,15.469027519226074
2017-10-05,15.469027519226074
2017-10-06,15.395217895507812
2017-10-09,15.454264640808105
2017-10-10,15.402604103088379
2017-10-11,15.350937843322754
2017-10-12,15.454264640808105
2017-10-13,15.454264640808105
2017-10-16,15.454264640808105
2017-10-17,15.454264640808105
2017-10-18,15.417363166809082
2017-10-19,15.417363166809082
2017-10-20,15.454264640808105
2017-10-23,15.454264640808105
2017-10-24,15.454264640808105
2017-10-25,15.32142162322998
2017-10-26,15.38784122467041
2017-10-27,15.314038276672363
2017-10-30,15.299278259277344
2017-10-31,15.32142162322998
2017-11-01,15.32142162322998
2017-11-02,15.055730819702148
2017-11-03,15.38784122467041
2017-11-06,15.491165161132812
2017-11-07,15.778995513916016
2017-11-08,15.778995513916016
2017-11-09,15.778995513916016
2017-11-10,15.409979820251465
2017-11-13,15.679625511169434
2017-11-14,15.456165313720703
2017-11-15,15.6721773147583
2017-11-16,15.627483367919922
2017-11-17,15.46361255645752
2017-11-20,15.46361255645752
2017-11-21,15.46361255645752
2017-11-22,15.46361255645752
2017-11-24,15.53809642791748
2017-11-27,15.53809642791748
2017-11-28,15.49340534210205
2017-11-29,15.366780281066895
2017-11-30,15.366780281066895
2017-12-01,15.56789779663086
2017-12-04,15.448714256286621
2017-12-05,15.448714256286621
2017-12-06,15.485960006713867
2017-12-07,15.485960006713867
2017-12-08,15.60513973236084
2017-12-11,15.523199081420898
2017-12-12,15.456165313720703
2017-12-13,15.456165313720703
2017-12-14,15.530651092529297
2017-12-15,15.530651092529297
2017-12-18,15.508310317993164
2017-12-19,15.471064567565918
2017-12-20,15.471064567565918
2017-12-21,15.46361255645752
2017-12-22,15.46361255645752
2017-12-26,15.60513973236084
2017-12-27,15.50085735321045
2017-12-28,15.49340534210205
2017-12-29,15.60513973236084
2018-01-02,15.46361255645752
2018-01-03,15.523199081420898
2018-01-04,15.523199081420898
2018-01-05,15.46361255645752
2018-01-08,15.456165313720703
2018-01-09,15.50085735321045
2018-01-10,15.515755653381348
2018-01-11,15.50085735321045
2018-01-12,15.49340534210205
2018-01-16,15.49340534210205
2018-01-17,15.49340534210205
2018-01-18,15.642383575439453
2018-01-19,15.53809642791748
2018-01-22,15.53809642791748
2018-01-23,15.597689628601074
2018-01-24,15.627483367919922
2018-01-25,15.627483367919922
2018-01-26,15.627483367919922
2018-01-29,15.68707275390625
2018-01-30,15.791356086730957
2018-01-31,15.6721773147583
2018-02-01,15.6721773147583
2018-02-02,15.75411605834961
2018-02-05,15.865843772888184
2018-02-06,15.93288516998291
2018-02-07,15.71686840057373
2018-02-08,15.71686840057373
2018-02-09,15.642383575439453
2018-02-12,15.71686840057373
2018-02-13,15.791356086730957
2018-02-14,15.940330505371094
2018-02-15,16.122222900390625
2018-02-16,16.032032012939453
2018-02-20,15.971902847290039
2018-02-21,15.9418363571167
2018-02-22,16.024511337280273
2018-02-23,16.024511337280273
2018-02-26,15.9418363571167
2018-02-27,15.9418363571167
2018-02-28,15.9418363571167
2018-03-01,16.054580688476562
2018-03-02,15.971902847290039
2018-03-05,16.144777297973633
2018-03-06,16.159805297851562
2018-03-07,16.287580490112305
2018-03-08,16.16732406616211
2018-03-09,16.174837112426758
2018-03-12,16.174837112426758
2018-03-13,16.174837112426758
2018-03-14,16.29509735107422
2018-03-15,16.29509735107422
2018-03-16,16.52810287475586
2018-03-19,16.52810287475586
2018-03-20,16.52810287475586
2018-03-21,16.498035430908203
2018-03-22,16.23497200012207
2018-03-23,16.227449417114258
2018-03-26,16.174837112426758
2018-03-27,16.347713470458984
2018-03-28,16.347713470458984
2018-03-29,16.347713470458984
2018-04-02,16.798681259155273
2018-04-03,16.798681259155273
2018-04-04,16.798681259155273
2018-04-05,16.798681259155273
2018-04-06,16.385290145874023
2018-04-09,16.385290145874023
2018-04-10,16.385290145874023
2018-04-11,16.385290145874023
2018-04-12,16.415359497070312
2018-04-13,16.385290145874023
2018-04-16,16.422874450683594
2018-04-17,16.422874450683594
2018-04-18,16.422874450683594
2018-04-19,16.535615921020508
2018-04-20,16.535615921020508
2018-04-23,16.535615921020508
2018-04-24,16.4604549407959
2018-04-25,16.52810287475586
2018-04-26,16.52810287475586
2018-04-27,16.4604549407959
2018-04-30,16.422874450683594
2018-05-01,16.422874450683594
2018-05-02,16.422874450683594
2018-05-03,16.422874450683594
2018-05-04,16.385290145874023
2018-05-07,16.5656795501709
2018-05-08,16.633319854736328
2018-05-09,16.633319854736328
2018-05-10,16.633319854736328
2018-05-11,16.52342414855957
2018-05-14,16.66744041442871
2018-05-15,16.599220275878906
2018-05-16,16.781129837036133
2018-05-17,16.675016403198242
2018-05-18,16.52342414855957
2018-05-21,16.52342414855957
2018-05-22,16.599220275878906
2018-05-23,16.599220275878906
2018-05-24,16.599220275878906
2018-05-25,16.599220275878906
2018-05-29,16.599220275878906
2018-05-30,16.599220275878906
2018-05-31,16.599220275878906
2018-06-01,16.462787628173828
2018-06-04,16.599220275878906
2018-06-05,16.326353073120117
2018-06-06,16.591638565063477
2018-06-07,16.690176010131836
2018-06-08,16.690176010131836
2018-06-11,16.599220275878906
2018-06-12,16.52342414855957
2018-06-13,16.462787628173828
2018-06-14,16.462787628173828
2018-06-15,16.462787628173828
2018-06-18,16.462787628173828
2018-06-19,16.561321258544922
2018-06-20,16.561321258544922
2018-06-21,16.462787628173828
2018-06-22,16.462787628173828
2018-06-25,16.462787628173828
2018-06-26,16.462787628173828
2018-06-27,16.462787628173828
2018-06-28,16.462787628173828
2018-06-29,16.462787628173828
2018-07-02,16.341508865356445
2018-07-03,16.341508865356445
2018-07-05,16.50826072692871
2018-07-06,16.584054946899414
2018-07-09,16.561321258544922
2018-07-10,16.379409790039062
2018-07-11,16.379409790039062
2018-07-12,16.3718318939209
2018-07-13,16.3718318939209
2018-07-16,16.3718318939209
2018-07-17,16.52342414855957
2018-07-18,16.52342414855957
2018-07-19,16.52342414855957
2018-07-20,16.52342414855957
2018-07-23,16.796287536621094
2018-07-24,16.796287536621094
2018-07-25,16.796287536621094
2018-07-26,16.796287536621094
2018-07-27,16.796287536621094
2018-07-30,16.796287536621094
2018-07-31,16.796287536621094
2018-08-01,16.6143741607666
2018-08-02,16.6143741607666
2018-08-03,16.6143741607666
2018-08-06,16.6143741607666
2018-08-07,16.6143741607666
2018-08-08,16.6143741607666
2018-08-09,16.6143741607666
2018-08-10,16.675016403198242
2018-08-13,16.831087112426758
2018-08-14,16.831087112426758
2018-08-15,16.9075870513916
2018-08-16,16.831087112426758
2018-08-17,16.777524948120117
2018-08-20,16.67807388305664
2018-08-21,16.639822006225586
2018-08-22,16.639822006225586
2018-08-23,16.639822006225586
2018-08-24,16.639822006225586
2018-08-27,16.831087112426758
2018-08-28,16.831087112426758
2018-08-29,16.831087112426758
2018-08-30,16.831087112426758
2018-08-31,16.831087112426758
2018-09-04,16.831087112426758
2018-09-05,16.792827606201172
2018-09-06,16.746929168701172
2018-09-07,16.80048179626465
2018-09-10,16.739273071289062
2018-09-11,16.739273071289062
2018-09-12,16.823436737060547
2018-09-13,16.65512466430664
2018-09-14,16.739273071289062
2018-09-17,16.739273071289062
2018-09-18,16.831087112426758
2018-09-19,16.831087112426758
2018-09-20,16.64746856689453
2018-09-21,16.792827606201172
2018-09-24,16.56331443786621
2018-09-25,16.56331443786621
2018-09-26,16.6015682220459
2018-09-27,16.6015682220459
2018-09-28,16.6015682220459
2018-10-01,16.754575729370117
2018-10-02,16.754575729370117
2018-10-03,16.746929168701172
2018-10-04,16.70102882385254
2018-10-05,16.525062561035156
2018-10-08,16.525062561035156
2018-10-09,16.525062561035156
2018-10-10,16.525062561035156
2018-10-11,16.525062561035156
2018-10-12,16.47916030883789
2018-10-15,16.448558807373047
2018-10-16,16.448558807373047
2018-10-17,16.448558807373047
2018-10-18,16.448558807373047
2018-10-19,16.448558807373047
2018-10-22,16.264949798583984
2018-10-23,16.29554557800293
2018-10-24,16.1807918548584
2018-10-25,16.211393356323242
2018-10-26,16.211393356323242
2018-10-29,16.211393356323242
2018-10-30,16.211393356323242
2018-10-31,16.24964714050293
2018-11-01,16.24964714050293
2018-11-02,16.24964714050293
2018-11-05,16.1807918548584
2018-11-06,16.19609260559082
2018-11-07,16.333803176879883
2018-11-08,16.1807918548584
2018-11-09,16.1807918548584
2018-11-12,16.257291793823242
2018-11-13,16.356752395629883
2018-11-14,16.303199768066406
2018-11-15,16.38970184326172
2018-11-16,16.38970184326172
2018-11-19,16.34336280822754
2018-11-20,16.335636138916016
2018-11-21,16.335636138916016
2018-11-23,16.335636138916016
2018-11-26,16.142547607421875
2018-11-27,16.0653076171875
2018-11-28,16.103931427001953
2018-11-29,15.833599090576172
2018-11-30,15.632782936096191
2018-12-03,15.478310585021973
2018-12-04,14.914475440979004
2018-12-06,15.177082061767578
2018-12-07,15.177082061767578
2018-12-10,15.14619255065918
2018-12-11,15.14619255065918
2018-12-12,15.14619255065918
2018-12-13,15.408796310424805
2018-12-14,15.408796310424805
2018-12-17,15.02260684967041
2018-12-18,15.138466835021973
2018-12-19,15.138466835021973
2018-12-20,15.03033447265625
2018-12-21,15.05350399017334
2018-12-24,15.05350399017334
2018-12-26,15.02260684967041
2018-12-27,15.02260684967041
2018-12-28,15.02260684967041
2018-12-31,15.02260684967041
2019-01-02,15.03033447265625
2019-01-03,15.12302017211914
2019-01-04,15.246594429016113
2019-01-07,15.370172500610352
2019-01-08,15.370172500610352
2019-01-09,15.563270568847656
2019-01-10,15.285215377807617
2019-01-11,15.285215377807617
2019-01-14,15.447413444519043
2019-01-15,15.447413444519043
2019-01-16,15.447413444519043
2019-01-17,15.447413444519043
2019-01-18,15.509201049804688
2019-01-22,15.509201049804688
2019-01-23,15.509201049804688
2019-01-24,15.29294204711914
2019-01-25,15.29294204711914
2019-01-28,15.29294204711914
2019-01-29,15.29294204711914
2019-01-30,15.825872421264648
2019-01-31,15.825872421264648
2019-02-01,15.825872421264648
2019-02-04,15.825872421264648
2019-02-05,15.825872421264648
2019-02-06,15.431965827941895
2019-02-07,15.370172500610352
2019-02-08,15.818150520324707
2019-02-11,15.733187675476074
2019-02-12,15.740914344787598
2019-02-13,15.554293632507324
2019-02-14,15.929095268249512
2019-02-15,15.929095268249512
2019-02-19,15.929095268249512
2019-02-20,15.929095268249512
2019-02-21,15.929095268249512
2019-02-22,15.929095268249512
2019-02-25,15.82758903503418
2019-02-26,15.82758903503418
2019-02-27,15.82758903503418
2019-02-28,15.811967849731445
2019-03-01,15.811967849731445
2019-03-04,15.811967849731445
2019-03-05,15.811967849731445
2019-03-06,15.811967849731445
2019-03-07,15.843204498291016
2019-03-08,15.843204498291016
2019-03-11,15.843204498291016
2019-03-12,15.97594928741455
2019-03-13,15.97594928741455
2019-03-14,15.811967849731445
2019-03-15,15.811967849731445
2019-03-18,15.82758903503418
2019-03-19,15.82758903503418
2019-03-20,15.82758903503418
2019-03-21,15.82758903503418
2019-03-22,15.851011276245117
2019-03-25,15.851011276245117
2019-03-26,15.819782257080078
2019-03-27,15.819782257080078
2019-03-28,15.851011276245117
2019-03-29,15.819782257080078
2019-04-01,15.624567031860352
2019-04-02,15.655802726745605
2019-04-03,15.632377624511719
2019-04-04,15.632377624511719
2019-04-05,15.61676025390625
2019-04-08,15.679228782653809
2019-04-09,15.679228782653809
2019-04-10,15.679228782653809
2019-04-11,15.796353340148926
2019-04-12,15.796353340148926
2019-04-15,15.624567031860352
2019-04-16,15.624567031860352
2019-04-17,15.624567031860352
2019-04-18,15.624567031860352
2019-04-22,15.624567031860352
2019-04-23,15.624567031860352
2019-04-24,15.92129135131836
2019-04-25,15.851011276245117
2019-04-26,15.851011276245117
2019-04-29,15.694846153259277
2019-04-30,15.694846153259277
2019-05-01,15.694846153259277
2019-05-02,15.80416202545166
2019-05-03,15.694846153259277
2019-05-06,15.694846153259277
2019-05-07,15.694846153259277
2019-05-08,15.694846153259277
2019-05-09,15.694846153259277
2019-05-10,15.952521324157715
2019-05-13,15.864126205444336
2019-05-14,15.864126205444336
2019-05-15,15.84044361114502
2019-05-16,15.84044361114502
2019-05-17,15.82465934753418
2019-05-20,15.82465934753418
2019-05-21,15.87990951538086
2019-05-22,15.82465934753418
2019-05-23,15.82465934753418
2019-05-24,15.82465934753418
2019-05-28,15.82465934753418
2019-05-29,15.82465934753418
2019-05-30,15.753628730773926
2019-05-31,15.777308464050293
2019-06-03,15.943049430847168
2019-06-04,15.943049430847168
2019-06-05,15.943049430847168
2019-06-06,15.943049430847168
2019-06-07,16.02198028564453
2019-06-10,16.02198028564453
2019-06-11,16.061439514160156
2019-06-12,16.061439514160156
2019-06-13,16.140365600585938
2019-06-14,15.943049430847168
2019-06-17,15.943049430847168
2019-06-18,16.085115432739258
2019-06-19,16.085115432739258
2019-06-20,16.085115432739258
2019-06-21,16.085115432739258
2019-06-24,16.085115432739258
2019-06-25,16.085115432739258
2019-06-26,15.927265167236328
2019-06-27,15.927265167236328
2019-06-28,15.927265167236328
2019-07-01,15.800984382629395
2019-07-02,15.7694091796875
2019-07-03,15.745732307434082
2019-07-05,15.745732307434082
2019-07-08,15.745732307434082
2019-07-09,15.753628730773926
2019-07-10,16.06932830810547
2019-07-11,16.10089874267578
2019-07-12,16.10089874267578
2019-07-15,16.061439514160156
2019-07-16,16.219287872314453
2019-07-17,15.87990951538086
2019-07-18,16.061439514160156
2019-07-19,15.998297691345215
2019-07-22,15.998297691345215
2019-07-23,16.10089874267578
2019-07-24,16.10089874267578
2019-07-25,16.203508377075195
2019-07-26,16.03775978088379
2019-07-29,16.03775978088379
2019-07-30,16.203508377075195
2019-07-31,16.203508377075195
2019-08-01,16.029863357543945
2019-08-02,16.03775978088379
2019-08-05,16.03775978088379
2019-08-06,16.03775978088379
2019-08-07,16.03775978088379
2019-08-08,16.03775978088379
2019-08-09,16.03775978088379
2019-08-12,16.03775978088379
2019-08-13,15.946028709411621
2019-08-14,15.946028709411621
2019-08-15,15.946028709411621
2019-08-16,15.946028709411621
2019-08-19,15.985912322998047
2019-08-20,15.985912322998047
2019-08-21,16.113544464111328
2019-08-22,16.113544464111328
2019-08-23,16.03377342224121
2019-08-26,16.201292037963867
2019-08-27,16.209266662597656
2019-08-28,16.209266662597656
2019-08-29,16.209266662597656
2019-08-30,16.225221633911133
2019-09-03,16.225221633911133
2019-09-04,16.00186538696289
2019-09-05,16.057703018188477
2019-09-06,16.057703018188477
2019-09-09,16.336898803710938
2019-09-10,16.4326229095459
2019-09-11,16.4326229095459
2019-09-12,16.424646377563477
2019-09-13,16.424646377563477
2019-09-16,16.632049560546875
2019-09-17,16.29701805114746
2019-09-18,16.29701805114746
2019-09-19,16.29701805114746
2019-09-20,16.28903579711914
2019-09-23,16.28903579711914
2019-09-24,16.28903579711914
2019-09-25,16.29701805114746
2019-09-26,16.29701805114746
2019-09-27,16.384761810302734
2019-09-30,16.384761810302734
2019-10-01,16.384761810302734
2019-10-02,16.35284996032715
2019-10-03,16.35284996032715
2019-10-04,16.35284996032715
2019-10-07,16.35284996032715
2019-10-08,16.35284996032715
2019-10-09,16.35284996032715
2019-10-10,16.584186553955078
2019-10-11,16.584186553955078
2019-10-14,16.584186553955078
2019-10-15,16.584186553955078
2019-10-16,16.35284996032715
2019-10-17,16.35284996032715
2019-10-18,16.35284996032715
2019-10-21,16.28903579711914
2019-10-22,16.28903579711914
2019-10-23,16.28903579711914
2019-10-24,16.28903579711914
2019-10-25,16.28903579711914
2019-10-28,16.28903579711914
2019-10-29,16.28903579711914
2019-10-30,16.799564361572266
2019-10-31,16.320947647094727
2019-11-01,16.320947647094727
2019-11-04,16.320947647094727
2019-11-05,16.520368576049805
2019-11-06,16.552276611328125
2019-11-07,16.552276611328125
2019-11-08,16.392736434936523
2019-11-11,16.671934127807617
2019-11-12,16.552276611328125
2019-11-13,16.74712562561035
2019-11-14,16.706867218017578
2019-11-15,17.30267906188965
2019-11-18,17.30267906188965
2019-11-19,16.62635040283203
2019-11-20,16.666608810424805
2019-11-21,16.666608810424805
2019-11-22,16.666608810424805
2019-11-25,16.666608810424805
2019-11-26,17.63279151916504
2019-11-27,18.309118270874023
2019-11-29,18.309118270874023
2019-12-02,18.96129035949707
2019-12-03,18.68753433227539
2019-12-04,18.92102813720703
2019-12-05,18.196392059326172
2019-12-06,18.32522201538086
2019-12-09,18.32522201538086
2019-12-10,18.1802921295166
2019-12-11,18.284961700439453
2019-12-12,18.309118270874023
2019-12-13,18.607023239135742
2019-12-16,18.639230728149414
2019-12-17,18.47819709777832
2019-12-18,18.44598960876465
2019-12-19,18.44598960876465
2019-12-20,18.44598960876465
2019-12-23,18.44598960876465
2019-12-24,18.510404586791992
2019-12-26,17.979001998901367
2019-12-27,18.623125076293945
2019-12-30,18.623125076293945
2019-12-31,18.623125076293945
2020-01-02,18.623125076293945
2020-01-03,18.623125076293945
2020-01-06,18.623125076293945
2020-01-07,18.156137466430664
2020-01-08,18.067569732666016
2020-01-09,18.24470329284668
2020-01-10,18.309118270874023
2020-01-13,18.276912689208984
2020-01-14,18.276912689208984
2020-01-15,18.115877151489258
2020-01-16,18.03536033630371
2020-01-17,18.03536033630371
2020-01-21,18.188344955444336
2020-01-22,18.148088455200195
2020-01-23,18.067569732666016
2020-01-24,18.196392059326172
2020-01-27,18.196392059326172
2020-01-28,18.196392059326172
2020-01-29,18.77610206604004
2020-01-30,18.397682189941406
2020-01-31,18.518455505371094
2020-02-03,18.413789749145508
2020-02-04,18.413789749145508
2020-02-05,18.413789749145508
2020-02-06,18.494304656982422
2020-02-07,18.510404586791992
2020-02-10,18.50235366821289
2020-02-11,18.526506423950195
2020-02-12,18.566761016845703
2020-02-13,18.566761016845703
2020-02-14,18.566761016845703
2020-02-18,18.61507225036621
2020-02-19,18.727794647216797
2020-02-20,18.58286476135254
2020-02-21,18.68753433227539
2020-02-24,18.518455505371094
2020-02-25,18.47819709777832
2020-02-26,18.413789749145508
2020-02-27,18.413789749145508
2020-02-28,18.413789749145508
2020-03-02,18.413789749145508
2020-03-03,18.824411392211914
2020-03-04,18.872722625732422
2020-03-05,18.824411392211914
2020-03-06,18.824411392211914
2020-03-09,18.824411392211914
2020-03-10,18.824411392211914
2020-03-11,18.824411392211914
2020-03-12,18.31716537475586
2020-03-13,18.115877151489258
2020-03-16,16.57804298400879
2020-03-17,16.57804298400879
2020-03-18,14.65373420715332
2020-03-19,14.65373420715332
2020-03-20,14.92748737335205
2020-03-23,13.381596565246582
2020-03-24,14.11428451538086
2020-03-25,15.297856330871582
2020-03-26,15.362266540527344
2020-03-27,15.05630874633789
2020-03-30,14.895278930664062
2020-03-31,15.289803504943848
2020-04-01,15.289803504943848
2020-04-02,15.289803504943848
2020-04-03,15.289803504943848
2020-04-06,15.289803504943848
2020-04-07,15.297856330871582
2020-04-08,14.911381721496582
2020-04-09,15.692373275756836
2020-04-13,15.692373275756836
2020-04-14,16.0788516998291
2020-04-15,16.0788516998291
2020-04-16,16.0788516998291
2020-04-17,16.0788516998291
2020-04-20,16.0788516998291
2020-04-21,16.103004455566406
2020-04-22,16.103004455566406
2020-04-23,16.425060272216797
2020-04-24,16.425060272216797
2020-04-27,16.01443862915039
2020-04-28,16.01443862915039
2020-04-29,16.505578994750977
2020-04-30,16.505578994750977
2020-05-01,16.505578994750977
2020-05-04,16.545835494995117
2020-05-05,16.545835494995117
2020-05-06,16.14326286315918
2020-05-07,16.312339782714844
2020-05-08,16.312339782714844
2020-05-11,17.7777156829834
2020-05-12,17.7777156829834
2020-05-13,17.7777156829834
2020-05-14,17.7777156829834
2020-05-15,17.7777156829834
2020-05-18,17.7777156829834
2020-05-19,17.7777156829834
2020-05-20,17.7777156829834
2020-05-21,18.08367156982422
2020-05-22,16.513629913330078
2020-05-26,17.14969825744629
2020-05-27,17.14969825744629
2020-05-28,17.189960479736328
2020-05-29,17.157751083374023
2020-06-01,17.157751083374023
2020-06-02,16.956462860107422
2020-06-03,16.956462860107422
2020-06-04,16.948413848876953
2020-06-05,16.99671745300293
2020-06-08,17.673046112060547
2020-06-09,16.99671745300293
2020-06-10,17.318782806396484
2020-06-11,17.318782806396484
2020-06-12,17.624736785888672
2020-06-15,17.624736785888672
2020-06-16,17.624736785888672
2020-06-17,17.624736785888672
2020-06-18,17.624736785888672
2020-06-19,17.624736785888672
2020-06-22,17.624736785888672
2020-06-23,17.624736785888672
2020-06-24,17.624736785888672
2020-06-25,17.624736785888672
2020-06-26,17.624736785888672
2020-06-29,17.624736785888672
2020-06-30,17.50396728515625
2020-07-01,17.50396728515625
2020-07-02,17.50396728515625
2020-07-06,17.06113624572754
2020-07-07,17.06113624572754
2020-07-08,17.71330451965332
2020-07-09,17.71330451965332
2020-07-10,17.71330451965332
2020-07-13,17.71330451965332
2020-07-14,17.71330451965332
2020-07-15,17.31072998046875
2020-07-16,17.31072998046875
2020-07-17,17.31072998046875
2020-07-20,17.31072998046875
2020-07-21,18.05952262878418
2020-07-22,17.391244888305664
2020-07-23,17.391244888305664
2020-07-24,17.318782806396484
2020-07-27,17.318782806396484
2020-07-28,17.359037399291992
2020-07-29,17.359037399291992
2020-07-30,17.359037399291992
2020-07-31,17.359037399291992
2020-08-03,17.463708877563477
2020-08-04,18.107826232910156
2020-08-05,17.71330451965332
2020-08-06,17.471757888793945
2020-08-07,17.471757888793945
2020-08-10,17.471757888793945
2020-08-11,17.826026916503906
2020-08-12,17.487857818603516
2020-08-13,18.337718963623047
2020-08-14,18.337718963623047
2020-08-17,19.01207733154297
2020-08-18,19.028329849243164
2020-08-19,19.028329849243164
2020-08-20,19.028329849243164
2020-08-21,18.37021827697754
2020-08-24,18.37021827697754
2020-08-25,18.37021827697754
2020-08-26,18.37021827697754
2020-08-27,18.37021827697754
2020-08-28,18.378339767456055
2020-08-31,18.378339767456055
2020-09-01,18.87395668029785
2020-09-02,18.402719497680664
2020-09-03,18.402719497680664
2020-09-04,18.402719497680664
2020-09-08,18.378339767456055
2020-09-09,18.378339767456055
2020-09-10,18.378339767456055
2020-09-11,18.378339767456055
2020-09-14,18.378339767456055
2020-09-15,18.378339767456055
2020-09-16,18.378339767456055
2020-09-17,18.784582138061523
2020-09-18,18.784582138061523
2020-09-21,18.784582138061523
2020-09-22,18.784582138061523
2020-09-23,18.784582138061523
2020-09-24,18.784582138061523
2020-09-25,18.784582138061523
2020-09-28,18.784582138061523
2020-09-29,18.784582138061523
2020-09-30,18.784582138061523
2020-10-01,18.784582138061523
2020-10-02,18.784582138061523
2020-10-05,18.605836868286133
2020-10-06,18.451467514038086
2020-10-07,18.451467514038086
2020-10-08,18.451467514038086
2020-10-09,18.776460647583008
2020-10-12,18.776460647583008
2020-10-13,18.776460647583008
2020-10-14,18.776460647583008
2020-10-15,18.776460647583008
2020-10-16,18.378339767456055
2020-10-19,18.378339767456055
2020-10-20,18.378339767456055
2020-10-21,18.402719497680664
2020-10-22,18.402719497680664
2020-10-23,18.784582138061523
2020-10-26,18.784582138061523
2020-10-27,18.784582138061523
2020-10-28,18.14272117614746
2020-10-29,18.14272117614746
2020-10-30,18.093978881835938
2020-11-02,18.093978881835938
2020-11-03,18.321470260620117
2020-11-04,18.321470260620117
2020-11-05,18.321470260620117
2020-11-06,18.2564697265625
2020-11-09,18.68708610534668
2020-11-10,18.68708610534668
2020-11-11,18.68708610534668
2020-11-12,18.68708610534668
2020-11-13,18.532716751098633
2020-11-16,18.86583137512207
2020-11-17,18.86583137512207
2020-11-18,18.86583137512207
2020-11-19,18.86583137512207
2020-11-20,18.98770523071289
2020-11-23,18.98770523071289
2020-11-24,18.98770523071289
2020-11-25,18.98770523071289
2020-11-27,18.72770881652832
2020-11-30,18.72770881652832
2020-12-01,19.01207733154297
2020-12-02,18.98770523071289
2020-12-03,18.841461181640625
2020-12-04,18.841461181640625
2020-12-07,18.85770606994629
2020-12-08,18.85770606994629
2020-12-09,18.890207290649414
2020-12-10,18.890207290649414
2020-12-11,18.776460647583008
2020-12-14,18.784582138061523
2020-12-15,18.784582138061523
2020-12-16,18.784582138061523
2020-12-17,18.784582138061523
2020-12-18,19.077077865600586
2020-12-21,19.077077865600586
2020-12-22,18.817081451416016
2020-12-23,19.028329849243164
2020-12-24,19.093324661254883
2020-12-28,19.093324661254883
2020-12-29,19.133953094482422
2020-12-30,19.182703018188477
2020-12-31,19.182703018188477
2021-01-04,19.182703018188477
2021-01-05,19.182703018188477
2021-01-06,19.158327102661133
2021-01-07,19.158327102661133
2021-01-08,19.158327102661133
2021-01-11,19.296451568603516
2021-01-12,19.37769317626953
2021-01-13,19.37769317626953
2021-01-14,19.37769317626953
2021-01-15,19.475194931030273
2021-01-19,19.296451568603516
2021-01-20,19.296451568603516
2021-01-21,19.296451568603516
2021-01-22,19.337072372436523
2021-01-25,19.32894515991211
2021-01-26,19.32894515991211
2021-01-27,19.678314208984375
2021-01-28,19.662065505981445
2021-01-29,19.662065505981445
2021-02-01,19.662065505981445
2021-02-02,19.662065505981445
2021-02-03,19.743316650390625
2021-02-04,19.70269203186035
2021-02-05,19.70269203186035
2021-02-08,19.873310089111328
2021-02-09,20.06830596923828
2021-02-10,20.149551391601562
2021-02-11,19.938308715820312
2021-02-12,19.99518394470215
2021-02-16,19.90580940246582
2021-02-17,19.90580940246582
2021-02-18,20.003307342529297
2021-02-19,19.90580940246582
2021-02-22,19.783933639526367
2021-02-23,19.88956069946289
2021-02-24,19.824560165405273
2021-02-25,19.532072067260742
2021-02-26,19.580820083618164
2021-03-01,19.580820083618164
2021-03-02,19.052701950073242
2021-03-03,19.49956703186035
2021-03-04,19.19083023071289
2021-03-05,19.49956703186035
2021-03-08,19.27207374572754
2021-03-09,19.410194396972656
2021-03-10,19.37769317626953
2021-03-11,19.296451568603516
2021-03-12,19.2152042388916
2021-03-15,19.296451568603516
2021-03-16,19.2152042388916
2021-03-17,19.37769317626953
2021-03-18,19.37769317626953
2021-03-19,19.37769317626953
2021-03-22,19.37769317626953
2021-03-23,19.37769317626953
2021-03-24,19.296451568603516
2021-03-25,19.296451568603516
2021-03-26,19.296451568603516
2021-03-29,19.296451568603516
2021-03-30,19.296451568603516
2021-03-31,19.296451568603516
2021-04-01,19.548316955566406
2021-04-05,19.548316955566406
2021-04-06,19.296451568603516
2021-04-07,19.296451568603516
2021-04-08,19.296451568603516
2021-04-09,19.25582504272461
2021-04-12,19.25582504272461
2021-04-13,19.25582504272461
2021-04-14,19.36956787109375
2021-04-15,19.36956787109375
2021-04-16,19.718936920166016
2021-04-19,19.718936920166016
2021-04-20,19.718936920166016
2021-04-21,19.59706687927246
2021-04-22,19.59706687927246
2021-04-23,19.824560165405273
2021-04-26,19.824560165405273
2021-04-27,19.49956703186035
2021-04-28,19.49956703186035
2021-04-29,19.49956703186035
2021-04-30,19.49956703186035
2021-05-03,19.49956703186035
2021-05-04,19.49956703186035
2021-05-05,19.613317489624023
2021-05-06,19.49956703186035
2021-05-07,19.49956703186035
2021-05-10,19.458940505981445
2021-05-11,19.49956703186035
2021-05-12,19.49956703186035
2021-05-13,19.49956703186035
2021-05-14,19.49956703186035
2021-05-17,19.49956703186035
2021-05-18,19.49956703186035
2021-05-19,19.49956703186035
2021-05-20,19.49956703186035
2021-05-21,19.49956703186035
2021-05-24,19.49956703186035
2021-05-25,19.49956703186035
2021-05-26,19.49956703186035
2021-05-27,19.49956703186035
2021-05-28,19.49956703186035
2021-06-01,19.59706687927246
2021-06-02,19.76768684387207
2021-06-03,19.76768684387207
2021-06-04,19.59706687927246
2021-06-07,19.60519027709961
2021-06-08,19.60519027709961
2021-06-09,19.60519027709961
2021-06-10,19.532072067260742
2021-06-11,19.743316650390625
2021-06-14,19.743316650390625
2021-06-15,19.540193557739258
2021-06-16,19.580820083618164
2021-06-17,19.540193557739258
2021-06-18,19.540193557739258
2021-06-21,19.540193557739258
2021-06-22,19.540193557739258
2021-06-23,19.385820388793945
2021-06-24,19.385820388793945
2021-06-25,19.25582504272461
2021-06-28,19.25582504272461
2021-06-29,19.540193557739258
2021-06-30,19.621440887451172
2021-07-01,19.621440887451172
2021-07-02,19.621440887451172
2021-07-06,19.621440887451172
2021-07-07,19.621440887451172
2021-07-08,19.621440887451172
2021-07-09,19.621440887451172
2021-07-12,19.59706687927246
2021-07-13,19.59706687927246
2021-07-14,19.59706687927246
2021-07-15,19.49956703186035
2021-07-16,19.49956703186035
2021-07-19,19.49956703186035
2021-07-20,19.49956703186035
2021-07-21,19.49956703186035
2021-07-22,19.49956703186035
2021-07-23,19.49956703186035
2021-07-26,19.49956703186035
2021-07-27,19.621440887451172
2021-07-28,19.621440887451172
2021-07-29,19.621440887451172
2021-07-30,19.718936920166016
2021-08-02,19.718936920166016
2021-08-03,19.718936920166016
2021-08-04,19.662065505981445
2021-08-05,19.662065505981445
2021-08-06,19.580820083618164
2021-08-09,19.580820083618164
2021-08-10,19.580820083618164
2021-08-11,19.686439514160156
2021-08-12,19.842031478881836
2021-08-13,19.842031478881836
2021-08-16,19.842031478881836
2021-08-17,19.842031478881836
2021-08-18,19.842031478881836
2021-08-19,19.842031478881836
2021-08-20,19.842031478881836
2021-08-23,19.702817916870117
2021-08-24,19.702817916870117
2021-08-25,19.702817916870117
2021-08-26,19.702817916870117
2021-08-27,19.89935874938965
2021-08-30,19.89935874938965
2021-08-31,19.89935874938965
2021-09-01,19.89935874938965
2021-09-02,19.89935874938965
2021-09-03,19.653682708740234
2021-09-07,19.653682708740234
2021-09-08,19.653682708740234
2021-09-09,19.653682708740234
2021-09-10,19.653682708740234
2021-09-13,19.03131866455078
2021-09-14,19.964866638183594
2021-09-15,19.964866638183594
2021-09-16,19.964866638183594
2021-09-17,19.964866638183594
2021-09-20,19.964866638183594
2021-09-21,19.964866638183594
2021-09-22,19.964866638183594
2021-09-23,19.964866638183594
2021-09-24,19.964866638183594
2021-09-27,19.964866638183594
2021-09-28,19.981243133544922
2021-09-29,19.981243133544922
2021-09-30,19.981243133544922
2021-10-01,19.981243133544922
2021-10-04,20.22691535949707
2021-10-05,20.22691535949707
2021-10-06,19.98943328857422
2021-10-07,19.98943328857422
2021-10-08,19.981243133544922
2021-10-11,19.981243133544922
2021-10-12,19.981243133544922
2021-10-13,19.981243133544922
2021-10-14,19.981243133544922
2021-10-15,20.1450252532959
2021-10-18,20.1450252532959
2021-10-19,20.063135147094727
2021-10-20,20.063135147094727
2021-10-21,20.063135147094727
2021-10-22,20.22691535949707
2021-10-25,20.169588088989258
2021-10-26,20.22691535949707
2021-10-27,20.22691535949707
2021-10-28,20.267864227294922
2021-10-29,20.267864227294922
2021-11-01,20.22691535949707
2021-11-02,20.18597412109375
2021-11-03,20.235105514526367
2021-11-04,20.30880355834961
2021-11-05,20.30880355834961
2021-11-08,20.251482009887695
2021-11-09,20.251482009887695
2021-11-10,20.251482009887695
2021-11-11,20.235105514526367
2021-11-12,20.267864227294922
2021-11-15,20.18597412109375
2021-11-16,20.1450252532959
2021-11-17,20.1450252532959
2021-11-18,20.472585678100586
2021-11-19,20.472585678100586
2021-11-22,19.653682708740234
2021-11-23,20.11227035522461
2021-11-24,19.907543182373047
2021-11-26,19.907543182373047
2021-11-29,20.063135147094727
2021-11-30,20.063135147094727
2021-12-01,20.169588088989258
2021-12-02,20.169588088989258
2021-12-03,20.063135147094727
2021-12-06,20.07132339477539
2021-12-07,20.07132339477539
2021-12-08,20.07132339477539
2021-12-09,20.07132339477539
2021-12-10,20.07132339477539
2021-12-13,20.07132339477539
2021-12-14,20.128646850585938
2021-12-15,20.128646850585938
2021-12-16,20.128646850585938
2021-12-17,20.128646850585938
2021-12-20,20.128646850585938
2021-12-21,20.169588088989258
2021-12-22,20.169588088989258
2021-12-23,20.169588088989258
2021-12-27,20.169588088989258
2021-12-28,20.169588088989258
2021-12-29,20.063135147094727
2021-12-30,20.390695571899414
2021-12-31,20.390695571899414
2022-01-03,20.390695571899414
2022-01-04,20.063135147094727
2022-01-05,20.063135147094727
2022-01-06,20.267864227294922
2022-01-07,20.267864227294922
2022-01-10,20.267864227294922
2022-01-11,20.235105514526367
2022-01-12,20.235105514526367
2022-01-13,20.2432918548584
2022-01-14,20.169588088989258
2022-01-18,20.267864227294922
2022-01-19,20.267864227294922
2022-01-20,20.2432918548584
2022-01-21,20.2432918548584
2022-01-24,20.2432918548584
2022-01-25,20.2432918548584
2022-01-26,20.267864227294922
2022-01-27,20.063135147094727
2022-01-28,19.694629669189453
2022-01-31,20.063135147094727
2022-02-01,19.932111740112305
2022-02-02,20.07132339477539
2022-02-03,20.07132339477539
2022-02-04,20.063135147094727
2022-02-07,20.063135147094727
2022-02-08,19.964866638183594
2022-02-09,20.063135147094727
2022-02-10,20.063135147094727
2022-02-11,20.221607208251953
2022-02-14,20.221607208251953
2022-02-15,20.221607208251953
2022-02-16,20.221607208251953
2022-02-17,20.221607208251953
2022-02-18,20.221607208251953
2022-02-22,20.221607208251953
2022-02-23,20.221607208251953
2022-02-24,20.221607208251953
2022-02-25,20.221607208251953
2022-02-28,20.221607208251953
2022-03-01,20.221607208251953
2022-03-02,20.221607208251953
2022-03-03,20.221607208251953
2022-03-04,20.221607208251953
2022-03-07,20.221607208251953
2022-03-08,20.056533813476562
2022-03-09,20.056533813476562
2022-03-10,20.30414390563965
2022-03-11,20.30414390563965
2022-03-14,19.239418029785156
2022-03-15,19.000059127807617
2022-03-16,18.158174514770508
2022-03-17,18.158174514770508
2022-03-18,18.158174514770508
2022-03-21,18.158174514770508
2022-03-22,18.6451473236084
2022-03-23,18.917518615722656
2022-03-24,19.173381805419922
2022-03-25,18.158174514770508
2022-03-28,18.158174514770508
2022-03-29,18.834983825683594
2022-03-30,18.36452293395996
2022-03-31,18.323251724243164
2022-04-01,18.323251724243164
2022-04-04,18.546100616455078
2022-04-05,18.546100616455078
2022-04-06,18.66990852355957
2022-04-07,18.66990852355957
2022-04-08,18.66990852355957
2022-04-11,19.982250213623047
2022-04-12,19.982250213623047
2022-04-13,19.726383209228516
2022-04-14,19.726383209228516
2022-04-18,19.726383209228516
2022-04-19,19.726383209228516
2022-04-20,19.379728317260742
2022-04-21,19.379728317260742
2022-04-22,19.379728317260742
2022-04-25,19.379728317260742
2022-04-26,19.379728317260742
2022-04-27,19.379728317260742
2022-04-28,19.379728317260742
2022-04-29,19.379728317260742
2022-05-02,18.232463836669922
2022-05-03,18.232463836669922
2022-05-04,18.232463836669922
2022-05-05,18.653398513793945
2022-05-06,18.653398513793945
2022-05-09,18.348012924194336
2022-05-10,18.36452293395996
2022-05-11,18.36452293395996
2022-05-12,18.52101707458496
2022-05-13,18.312910079956055
2022-05-16,18.32123374938965
2022-05-17,18.512693405151367
2022-05-18,18.512693405151367
2022-05-19,18.512693405151367
2022-05-20,18.512693405151367
2022-05-23,18.22134780883789
2022-05-24,18.271291732788086
2022-05-25,18.62922477722168
2022-05-26,17.896709442138672
2022-05-27,18.063190460205078
2022-05-31,18.304588317871094
2022-06-01,18.304588317871094
2022-06-02,18.262968063354492
2022-06-03,18.262968063354492
2022-06-06,18.262968063354492
2022-06-07,18.262968063354492
2022-06-08,18.262968063354492
2022-06-09,18.39615249633789
2022-06-10,18.412799835205078
2022-06-13,18.204700469970703
2022-06-14,18.204700469970703
2022-06-15,18.204700469970703
2022-06-16,17.50547981262207
2022-06-17,17.50547981262207
2022-06-21,17.50547981262207
2022-06-22,17.50547981262207
2022-06-23,17.50547981262207
2022-06-24,17.50547981262207
2022-06-27,17.50547981262207
2022-06-28,17.50547981262207
2022-06-29,17.50547981262207
2022-06-30,17.50547981262207
2022-07-01,17.50547981262207
2022-07-05,18.063190460205078
2022-07-06,17.680286407470703
2022-07-07,17.63866424560547
2022-07-08,17.57206916809082
2022-07-11,17.68860626220703
2022-07-12,17.68860626220703
2022-07-13,17.913360595703125
2022-07-14,17.913360595703125
2022-07-15,17.68860626220703
2022-07-18,17.68860626220703
2022-07-19,18.021570205688477
2022-07-20,18.021570205688477
2022-07-21,18.021570205688477
2022-07-22,18.021570205688477
2022-07-25,18.021570205688477
2022-07-26,18.021570205688477
2022-07-27,18.021570205688477
2022-07-28,18.021570205688477
2022-07-29,18.021570205688477
2022-08-01,18.304588317871094
2022-08-02,18.304588317871094
2022-08-03,18.304588317871094
2022-08-04,18.304588317871094
2022-08-05,18.304588317871094
2022-08-08,18.296260833740234
2022-08-09,18.296260833740234
2022-08-10,18.312910079956055
2022-08-11,18.304515838623047
2022-08-12,18.564807891845703
2022-08-15,18.0526180267334
2022-08-16,18.0526180267334
2022-08-17,18.0526180267334
2022-08-18,18.035825729370117
2022-08-19,18.035825729370117
2022-08-22,18.035825729370117
2022-08-23,18.035825729370117
2022-08-24,18.11979103088379
2022-08-25,18.11979103088379
2022-08-26,18.11979103088379
2022-08-29,18.11979103088379
2022-08-30,18.11979103088379
2022-08-31,18.11979103088379
2022-09-01,18.11979103088379
2022-09-02,18.11979103088379
2022-09-06,18.11979103088379
2022-09-07,18.11979103088379
2022-09-08,18.589996337890625
2022-09-09,18.430463790893555
2022-09-12,18.472444534301758
2022-09-13,18.472444534301758
2022-09-14,18.472444534301758
2022-09-15,18.472444534301758
2022-09-16,18.472444534301758
2022-09-19,18.472444534301758
2022-09-20,18.26253318786621
2022-09-21,17.641185760498047
2022-09-22,18.13658332824707
2022-09-23,17.943466186523438
2022-09-26,17.943466186523438
2022-09-27,17.943466186523438
2022-09-28,17.641185760498047
2022-09-29,17.641185760498047
2022-09-30,17.59920310974121
2022-10-03,17.59920310974121
2022-10-04,17.59920310974121
2022-10-05,17.800724029541016
2022-10-06,18.11139678955078
2022-10-07,17.59920310974121
2022-10-10,17.59920310974121
2022-10-11,17.4312744140625
2022-10-12,17.4312744140625
2022-10-13,17.4312744140625
2022-10-14,17.4312744140625
2022-10-17,17.4312744140625
2022-10-18,17.4312744140625
2022-10-19,17.4312744140625
2022-10-20,18.22894287109375
2022-10-21,17.80911636352539
2022-10-24,17.741945266723633
2022-10-25,17.741945266723633
2022-10-26,17.741945266723633
2022-10-27,17.38928985595703
2022-10-28,17.69996452331543
2022-10-31,17.548826217651367
2022-11-01,18.11139678955078
2022-11-02,18.11139678955078
2022-11-03,18.11139678955078
2022-11-04,18.11139678955078
2022-11-07,18.11139678955078
2022-11-08,18.11139678955078
2022-11-09,18.044221878051758
2022-11-10,18.044221878051758
2022-11-11,17.145788192749023
2022-11-14,17.951858520507812
2022-11-15,17.951858520507812
2022-11-16,17.548826217651367
2022-11-17,17.842702865600586
2022-11-18,17.758739471435547
2022-11-21,17.758739471435547
2022-11-22,17.548826217651367
2022-11-23,17.548826217651367
2022-11-25,17.548826217651367
2022-11-28,17.548826217651367
2022-11-29,17.548826217651367
2022-11-30,17.548826217651367
2022-12-01,17.548826217651367
2022-12-02,17.263341903686523
2022-12-05,17.548826217651367
2022-12-06,17.548826217651367
2022-12-07,17.548826217651367
2022-12-08,17.548826217651367
2022-12-09,17.246545791625977
2022-12-12,17.246545791625977
2022-12-13,17.246545791625977
2022-12-14,17.548826217651367
2022-12-15,17.758739471435547
2022-12-16,17.632789611816406
2022-12-19,17.422874450683594
2022-12-20,17.574016571044922
2022-12-21,17.716754913330078
2022-12-22,17.716754913330078
2022-12-23,17.716754913330078
2022-12-27,17.716754913330078
2022-12-28,17.716754913330078
2022-12-29,17.716754913330078
2022-12-30,17.5068416595459
2023-01-03,17.5068416595459
2023-01-04,17.498445510864258
2023-01-05,17.46485710144043
2023-01-06,17.46485710144043
2023-01-09,17.46485710144043
2023-01-10,17.632789611816406
2023-01-11,17.632789611816406
2023-01-12,17.632789611816406
2023-01-13,17.632789611816406
2023-01-17,17.632789611816406
2023-01-18,17.632789611816406
2023-01-19,18.035825729370117
2023-01-20,18.00223731994629
2023-01-23,18.00223731994629
2023-01-24,17.842702865600586
2023-01-25,17.842702865600586
2023-01-26,17.842702865600586
2023-01-27,17.968652725219727
2023-01-30,17.96025276184082
2023-01-31,18.010635375976562
2023-02-01,18.010635375976562
2023-02-02,18.0526180267334
2023-02-03,18.0526180267334
2023-02-06,18.0526180267334
2023-02-07,18.22054672241211
2023-02-08,18.069416046142578
2023-02-09,18.2121524810791
2023-02-10,17.901477813720703
2023-02-13,18.199398040771484
2023-02-14,18.199398040771484
2023-02-15,18.199398040771484
2023-02-16,18.45548439025879
2023-02-17,18.45548439025879
2023-02-21,18.45548439025879
2023-02-22,18.45548439025879
2023-02-23,18.45548439025879
2023-02-24,18.45548439025879
2023-02-27,18.45548439025879
2023-02-28,18.45548439025879
2023-03-01,18.45548439025879
2023-03-02,18.45548439025879
2023-03-03,18.45548439025879
2023-03-06,18.054279327392578
2023-03-07,18.054279327392578
2023-03-08,18.054279327392578
2023-03-09,18.054279327392578
2023-03-10,18.054279327392578
2023-03-13,17.507957458496094
2023-03-14,18.592065811157227
2023-03-15,18.592065811157227
2023-03-16,18.353050231933594
2023-03-17,17.4140567779541
2023-03-20,17.4140567779541
2023-03-21,17.627464294433594
2023-03-22,17.627464294433594
2023-03-23,18.566457748413086
2023-03-24,18.566457748413086
2023-03-27,18.566457748413086
2023-03-28,18.353050231933594
2023-03-29,18.51523780822754
2023-03-30,18.51523780822754
2023-03-31,18.523775100708008
2023-04-03,18.011598587036133
2023-04-04,18.011598587036133
2023-04-05,18.011598587036133
2023-04-06,18.76279067993164
2023-04-10,18.76279067993164
2023-04-11,18.1396427154541
2023-04-12,18.1396427154541
2023-04-13,18.1396427154541
2023-04-14,18.754255294799805
2023-04-17,18.4896297454834
2023-04-18,19.292041778564453
2023-04-19,19.292041778564453
2023-04-20,19.292041778564453
2023-04-21,19.249361038208008
2023-04-24,19.249361038208008
2023-04-25,19.249361038208008
2023-04-26,19.249361038208008
2023-04-27,19.249361038208008
2023-04-28,19.249361038208008
2023-05-01,19.249361038208008
2023-05-02,19.249361038208008
2023-05-03,19.249361038208008
2023-05-04,19.249361038208008
2023-05-05,19.249361038208008
2023-05-08,19.249361038208008
2023-05-09,19.20667839050293
2023-05-10,19.20667839050293
2023-05-11,19.20667839050293
2023-05-12,19.20667839050293
2023-05-15,18.788400650024414
2023-05-16,18.788400650024414
2023-05-17,18.788400650024414
2023-05-18,17.755510330200195
2023-05-19,17.721363067626953
2023-05-22,17.815265655517578
2023-05-23,18.498165130615234
2023-05-24,17.82379722595215
2023-05-25,18.07135009765625
2023-05-26,18.779863357543945
2023-05-30,18.907909393310547
2023-05-31,18.907909393310547
2023-06-01,17.968914031982422
2023-06-02,17.98598861694336
2023-06-05,18.216466903686523
2023-06-06,18.07135009765625
2023-06-07,18.1396427154541
2023-06-08,18.779863357543945
2023-06-09,18.190860748291016
2023-06-12,18.190860748291016
2023-06-13,18.011598587036133
2023-06-14,17.92623519897461
2023-06-15,18.011598587036133
2023-06-16,18.011598587036133
2023-06-20,18.131105422973633
2023-06-21,18.131105422973633
2023-06-22,18.131105422973633
2023-06-23,18.131105422973633
2023-06-26,18.131105422973633
2023-06-27,18.131105422973633
2023-06-28,18.148176193237305
2023-06-29,18.225008010864258
2023-06-30,18.225008010864258
2023-07-03,18.225008010864258
2023-07-05,18.225008010864258
2023-07-06,18.225008010864258
2023-07-07,17.712827682495117
2023-07-10,18.148176193237305
2023-07-11,18.583534240722656
2023-07-12,18.583534240722656
2023-07-13,17.67014503479004
2023-07-14,17.84087371826172
2023-07-17,17.84087371826172
2023-07-18,17.92623519897461
2023-07-19,17.92623519897461
2023-07-20,17.92623519897461
2023-07-21,17.92623519897461
2023-07-24,17.92623519897461
2023-07-25,18.353050231933594
2023-07-26,18.353050231933594
2023-07-27,18.566457748413086
2023-07-28,18.566457748413086
2023-07-31,18.566457748413086
2023-08-01,18.745718002319336
2023-08-02,18.65182113647461
2023-08-03,18.779863357543945
2023-08-04,18.779863357543945
2023-08-07,18.779863357543945
2023-08-08,18.779863357543945
2023-08-09,18.609140396118164
2023-08-10,18.131105422973633
2023-08-11,18.62677764892578
2023-08-14,18.574600219726562
2023-08-15,18.69634437561035
2023-08-16,18.896345138549805
2023-08-17,18.91374397277832
2023-08-18,18.91374397277832
2023-08-21,18.91374397277832
2023-08-22,19.122446060180664
2023-08-23,19.131141662597656
2023-08-24,18.992008209228516
2023-08-25,18.731128692626953
2023-08-28,18.731128692626953
2023-08-29,19.131141662597656
2023-08-30,19.131141662597656
2023-08-31,19.131141662597656
2023-09-01,19.13983726501465
2023-09-05,18.965919494628906
2023-09-06,18.965919494628906
2023-09-07,19.17462158203125
2023-09-08,18.957223892211914
2023-09-11,19.261581420898438
2023-09-12,19.261581420898438
2023-09-13,19.17462158203125
2023-09-14,19.17462158203125
2023-09-15,19.1572322845459
2023-09-18,19.1572322845459
2023-09-19,19.1572322845459
2023-09-20,19.1572322845459
2023-09-21,19.1572322845459
2023-09-22,19.1572322845459
2023-09-25,19.1572322845459
2023-09-26,18.69634437561035
2023-09-27,18.722434997558594
2023-09-28,18.69634437561035
2023-09-29,18.69634437561035
2023-10-02,18.69634437561035
2023-10-03,18.69634437561035
2023-10-04,18.69634437561035
2023-10-05,18.69634437561035
2023-10-06,18.69634437561035
2023-10-09,19.18331527709961
2023-10-10,19.18331527709961
2023-10-11,18.887653350830078
2023-10-12,19.56593894958496
2023-10-13,19.131141662597656
2023-10-16,19.131141662597656
2023-10-17,18.757217407226562
2023-10-18,18.757217407226562
2023-10-19,18.670255661010742
2023-10-20,18.670255661010742
2023-10-23,18.670255661010742
2023-10-24,18.670255661010742
2023-10-25,18.670255661010742
2023-10-26,18.670255661010742
2023-10-27,18.36589813232422
2023-10-30,18.36589813232422
2023-10-31,18.400678634643555
2023-11-01,19.5224609375
2023-11-02,19.5224609375
2023-11-03,19.5224609375
2023-11-06,19.5224609375
2023-11-07,19.5224609375
2023-11-08,19.18331527709961
2023-11-09,19.18331527709961
2023-11-10,19.061574935913086
2023-11-13,19.061574935913086
2023-11-14,19.061574935913086
2023-11-15,18.93113899230957
2023-11-16,18.93113899230957
2023-11-17,18.93113899230957
2023-11-20,19.13983726501465
2023-11-21,19.13983726501465
2023-11-22,19.218103408813477
2023-11-24,19.218103408813477
2023-11-27,19.218103408813477
2023-11-28,19.13983726501465
2023-11-29,19.218103408813477
2023-11-30,19.218103408813477
2023-12-01,19.131141662597656
2023-12-04,19.131141662597656
2023-12-05,19.131141662597656
2023-12-06,19.192014694213867
2023-12-07,19.192014694213867
2023-12-08,19.192014694213867
2023-12-11,19.192014694213867
2023-12-12,19.478979110717773
2023-12-13,19.478979110717773
2023-12-14,19.226795196533203
2023-12-15,19.226795196533203
2023-12-18,19.226795196533203
2023-12-19,19.278972625732422
2023-12-20,19.278972625732422
2023-12-21,19.278972625732422
2023-12-22,19.226795196533203
2023-12-26,19.261581420898438
2023-12-27,19.261581420898438
2023-12-28,19.392024993896484
2023-12-29,19.392024993896484
2024-01-02,19.392024993896484
2024-01-03,19.574634552001953
2024-01-04,19.574634552001953
2024-01-05,19.574634552001953
2024-01-08,19.574634552001953
2024-01-09,19.348543167114258
2024-01-10,19.348543167114258
2024-01-11,19.348543167114258
2024-01-12,19.17462158203125
2024-01-16,19.17462158203125
2024-01-17,19.83551788330078
2024-01-18,19.83551788330078
2024-01-19,19.83551788330078
2024-01-22,19.539852142333984
2024-01-23,19.574634552001953
2024-01-24,19.574634552001953
2024-01-25,19.574634552001953
2024-01-26,19.574634552001953
2024-01-29,19.574634552001953
2024-01-30,19.583335876464844
2024-01-31,19.583335876464844
2024-02-01,19.583335876464844
2024-02-02,19.583335876464844
2024-02-05,19.705078125
2024-02-06,19.592029571533203
2024-02-07,19.739858627319336
2024-02-08,19.792037963867188
2024-02-09,19.948564529418945
2024-02-12,19.948564529418945
2024-02-13,19.948564529418945
2024-02-14,19.948564529418945
2024-02-15,19.65290069580078
2024-02-16,19.65290069580078
2024-02-20,19.65290069580078
2024-02-21,19.826818466186523
2024-02-22,19.809431076049805
2024-02-23,19.809431076049805
2024-02-26,19.809431076049805
2024-02-27,19.809431076049805
2024-02-28,19.80073356628418
2024-02-29,19.809431076049805
2024-03-01,19.809431076049805
2024-03-04,19.696382522583008
2024-03-05,19.696382522583008
2024-03-06,19.757251739501953
2024-03-07,19.84421157836914
2024-03-08,19.84421157836914
2024-03-11,19.852907180786133
2024-03-12,19.852907180786133
2024-03-13,19.852907180786133
2024-03-14,19.852907180786133
2024-03-15,19.852907180786133
2024-03-18,19.765947341918945
2024-03-19,19.774648666381836
2024-03-20,19.84421157836914
2024-03-21,19.84421157836914
2024-03-22,19.765947341918945
2024-03-25,19.705078125
2024-03-26,19.705078125
2024-03-27,19.739858627319336
2024-03-28,19.748558044433594
2024-04-01,19.792037963867188
2024-04-02,19.739858627319336
2024-04-03,19.739858627319336
2024-04-04,20.08769989013672
2024-04-05,20.08769989013672
2024-04-08,19.870302200317383
2024-04-09,20.000741958618164
2024-04-10,20.000741958618164
2024-04-11,19.870302200317383
2024-04-12,19.870302200317383
2024-04-15,19.870302200317383
2024-04-16,19.89638900756836
2024-04-17,19.89638900756836
2024-04-18,19.913780212402344
2024-04-19,19.913780212402344
2024-04-22,19.913780212402344
2024-04-23,19.913780212402344
2024-04-24,19.870302200317383
2024-04-25,19.870302200317383
2024-04-26,19.870302200317383
2024-04-29,19.870302200317383
2024-04-30,19.870302200317383
2024-05-01,20.000741958618164
2024-05-02,19.809431076049805
2024-05-03,19.809431076049805
2024-05-06,19.9224796295166
2024-05-07,19.9224796295166
2024-05-08,19.83551788330078
2024-05-09,19.957260131835938
2024-05-10,19.80073356628418
2024-05-13,20.15569305419922
2024-05-14,20.15569305419922
2024-05-15,20.15569305419922
2024-05-16,20.111431121826172
2024-05-17,20.111431121826172
2024-05-20,20.14684295654297
2024-05-21,20.182247161865234
2024-05-22,20.430099487304688
2024-05-23,20.412395477294922
2024-05-24,20.412395477294922
2024-05-28,20.297325134277344
2024-05-29,19.92554473876953
2024-05-30,20.30617332458496
2024-05-31,20.30617332458496
2024-06-03,20.049470901489258
2024-06-04,20.049470901489258
2024-06-05,20.049470901489258
2024-06-06,20.102582931518555
2024-06-07,20.199953079223633
2024-06-10,20.199953079223633
2024-06-11,19.960948944091797
2024-06-12,20.05832290649414
2024-06-13,20.05832290649414
2024-06-14,20.076026916503906
2024-06-17,20.076026916503906
2024-06-18,20.27076530456543
2024-06-20,20.22650909423828
2024-06-21,20.30617332458496
2024-06-24,20.46550750732422
2024-06-25,20.235361099243164
2024-06-26,20.235361099243164
2024-06-27,20.235361099243164
2024-06-28,20.235361099243164
2024-07-01,20.235361099243164
2024-07-02,20.235361099243164
2024-07-03,20.235361099243164
2024-07-05,20.235361099243164
2024-07-08,20.235361099243164
2024-07-09,20.182247161865234
2024-07-10,20.111431121826172
2024-07-11,20.129140853881836
2024-07-12,20.102582931518555
2024-07-15,20.102582931518555
2024-07-16,20.102582931518555
2024-07-17,20.137990951538086
2024-07-18,20.137990951538086
2024-07-19,20.164546966552734
2024-07-22,20.315025329589844
2024-07-23,20.315025329589844
2024-07-24,20.05832290649414
2024-07-25,20.05832290649414
2024-07-26,20.27076530456543
2024-07-29,20.288469314575195
2024-07-30,20.288469314575195
2024-07-31,20.288469314575195
2024-08-01,20.288469314575195
2024-08-02,20.30617332458496
2024-08-05,20.376989364624023
2024-08-06,20.376989364624023
2024-08-07,20.376989364624023
2024-08-08,20.580581665039062
2024-08-09,20.580581665039062
2024-08-12,20.580581665039062
2024-08-13,20.288469314575195
2024-08-14,20.658926010131836
2024-08-15,20.658926010131836
2024-08-16,20.658926010131836
2024-08-19,20.415559768676758
2024-08-20,20.415559768676758
2024-08-21,20.415559768676758
2024-08-22,20.415559768676758
2024-08-23,20.415559768676758
2024-08-26,21.154666900634766
2024-08-27,20.81215476989746
2024-08-28,20.81215476989746
2024-08-29,21.145654678344727
2024-08-30,21.145654678344727
2024-09-03,21.145654678344727
2024-09-04,21.145654678344727
2024-09-05,20.731033325195312
2024-09-06,20.731033325195312
2024-09-09,20.731033325195312
2024-09-10,20.731033325195312
2024-09-11,20.731033325195312
2024-09-12,20.98341178894043
2024-09-13,21.028478622436523
2024-09-16,21.037494659423828
2024-09-17,21.118614196777344
2024-09-18,21.172693252563477
2024-09-19,21.172693252563477
2024-09-20,21.073545455932617
2024-09-23,21.091569900512695
2024-09-24,21.091569900512695
2024-09-25,21.091569900512695
2024-09-26,21.091569900512695
2024-09-27,21.091569900512695
2024-09-30,21.091569900512695
2024-10-01,21.091569900512695
2024-10-02,20.938343048095703
2024-10-03,20.947359085083008
2024-10-04,21.127626419067383
2024-10-07,21.127626419067383
2024-10-08,20.947359085083008
2024-10-09,20.694978713989258
2024-10-10,20.848209381103516
2024-10-11,20.848209381103516
2024-10-14,20.758071899414062
2024-10-15,20.758071899414062
2024-10-16,20.758071899414062
2024-10-17,20.848209381103516
2024-10-18,20.848209381103516
2024-10-21,20.857223510742188
2024-10-22,20.857223510742188
2024-10-23,20.731033325195312
2024-10-24,20.731033325195312
2024-10-25,20.731033325195312
2024-10-28,20.731033325195312
2024-10-29,21.046506881713867
2024-10-30,21.046506881713867
2024-10-31,20.776100158691406
2024-11-01,20.866233825683594
2024-11-04,20.947359085083008
2024-11-05,20.848209381103516
2024-11-06,20.848209381103516
2024-11-07,20.857223510742188
2024-11-08,20.95637321472168
2024-11-11,20.830183029174805
2024-11-12,20.830183029174805
2024-11-13,20.95637321472168
2024-11-14,21.32135581970215
2024-11-15,21.32135581970215
2024-11-18,21.09209442138672
2024-11-19,21.09209442138672
2024-11-20,21.09209442138672
2024-11-21,21.09209442138672
2024-11-22,21.09209442138672
2024-11-25,21.09209442138672
2024-11-26,21.09209442138672
2024-11-27,21.119604110717773
2024-11-29,21.119604110717773
2024-12-02,21.119604110717773
2024-12-03,21.119604110717773
2024-12-04,21.110435485839844
2024-12-05,21.32135581970215
2024-12-06,21.32135581970215
2024-12-09,21.32135581970215
2024-12-10,21.32135581970215
2024-12-11,21.32135581970215
2024-12-12,21.32135581970215
2024-12-13,20.9820499420166
2024-12-16,20.9820499420166
2024-12-17,21.238821029663086
2024-12-18,21.238821029663086
2024-12-19,20.87200355529785
2024-12-20,21.09209442138672
2024-12-23,20.88117218017578
2024-12-24,20.88117218017578
2024-12-26,20.88117218017578
2024-12-27,21.06458282470703
2024-12-30,21.01873016357422
2024-12-31,21.00038719177246
2025-01-02,21.00038719177246
2025-01-03,21.00038719177246
2025-01-06,20.82615089416504
2025-01-07,20.82615089416504
2025-01-08,20.816980361938477
2025-01-10,20.82615089416504
2025-01-13,20.82615089416504
2025-01-14,21.229646682739258
2025-01-15,21.229646682739258
2025-01-16,21.27550506591797
2025-01-17,20.908681869506836
2025-01-21,21.183799743652344
2025-01-22,21.055410385131836
2025-01-23,20.908681869506836
2025-01-24,20.91785430908203
2025-01-27,21.229646682739258
2025-01-28,21.238821029663086
2025-01-29,21.238821029663086
2025-01-30,21.238821029663086
2025-01-31,21.192970275878906
2025-02-03,21.192970275878906
2025-02-04,21.192970275878906
2025-02-05,21.192970275878906
2025-02-06,21.09209442138672
2025-02-07,21.238821029663086
2025-02-10,21.238821029663086
2025-02-11,21.238821029663086
2025-02-12,21.25716209411621
2025-02-13,21.25716209411621
2025-02-14,21.603866577148438
2025-02-18,21.342905044555664
2025-02-19,21.342905044555664
2025-02-20,21.529308319091797
2025-02-21,21.49202537536621
2025-02-24,21.49202537536621
2025-02-25,21.529308319091797
2025-02-26,21.529308319091797
2025-02-27,21.529308319091797
2025-02-28,21.529308319091797
2025-03-03,21.529308319091797
2025-03-04,21.557268142700195
2025-03-05,21.557268142700195
2025-03-06,21.529308319091797
2025-03-07,21.184467315673828
2025-03-10,21.184467315673828
2025-03-11,21.184467315673828
2025-03-12,21.249704360961914
2025-03-13,21.249704360961914
2025-03-14,21.249704360961914
2025-03-17,21.249704360961914
2025-03-18,21.249704360961914
2025-03-19,21.249704360961914
2025-03-20,21.249704360961914
2025-03-21,21.883468627929688
2025-03-24,21.883468627929688
2025-03-25,21.883468627929688
2025-03-26,21.883468627929688
2025-03-27,21.883468627929688
2025-03-28,21.26834487915039
2025-03-31,21.26834487915039
2025-04-01,21.78095245361328
2025-04-02,21.436107635498047
2025-04-03,21.26834487915039
2025-04-04,21.26834487915039
2025-04-07,21.016704559326172
2025-04-08,21.193784713745117
2025-04-09,21.193784713745117
2025-04-10,21.026023864746094
2025-04-11,21.026023864746094
2025-04-14,21.1285457611084
2025-04-15,21.11922264099121
2025-04-16,21.23106575012207
2025-04-17,21.259023666381836
2025-04-21,21.259023666381836
2025-04-22,21.259023666381836
2025-04-23,21.259023666381836
2025-04-24,21.259023666381836
2025-04-25,21.259023666381836
2025-04-28,21.109905242919922
2025-04-29,21.883468627929688
2025-04-30,21.883468627929688
2025-05-01,21.883468627929688
2025-05-02,21.342905044555664
2025-05-05,21.342905044555664
2025-05-06,21.436107635498047
2025-05-07,21.436107635498047
2025-05-08,21.436107635498047
2025-05-09,21.473388671875
2025-05-12,21.613187789916992
2025-05-13,21.613187789916992
2025-05-14,21.665176391601562
2025-05-15,21.665176391601562
2025-05-16,21.504484176635742
2025-05-19,21.504484176635742
2025-05-20,21.504484176635742
2025-05-21,21.504484176635742
2025-05-22,21.504484176635742
2025-05-23,21.504484176635742
2025-05-27,21.504484176635742
2025-05-28,21.504484176635742
2025-05-29,21.504484176635742
2025-05-30,21.504484176635742
2025-06-02,21.504484176635742
2025-06-03,21.504484176635742
2025-06-04,21.693532943725586
2025-06-05,21.74079704284668
2025-06-06,21.74079704284668
2025-06-09,21.74079704284668
2025-06-10,21.74079704284668
2025-06-11,21.74079704284668
2025-06-12,21.74079704284668
2025-06-13,21.74079704284668
2025-06-16,21.74079704284668
2025-06-17,21.74079704284668
2025-06-18,21.74079704284668
2025-06-20,21.74079704284668
2025-06-23,21.74079704284668
2025-06-24,21.74079704284668
2025-06-25,21.74079704284668
2025-06-26,21.74079704284668
2025-06-27,21.74079704284668
2025-06-30,21.74079704284668
2025-07-01,21.362695693969727
2025-07-02,21.702985763549805
2025-07-03,21.702985763549805
2025-07-07,21.873130798339844
2025-07-08,21.873130798339844
2025-07-09,21.873130798339844
2025-07-10,21.873130798339844
2025-07-11,21.769153594970703
2025-07-14,21.873130798339844
2025-07-15,21.51393699645996
2025-07-16,21.51393699645996
2025-07-17,21.62736701965332
2025-07-18,21.62736701965332
2025-07-21,21.62736701965332
2025-07-22,21.62736701965332
2025-07-23,21.62736701965332
2025-07-24,21.62736701965332
2025-07-25,21.778608322143555
2025-07-28,21.769153594970703
2025-07-29,21.769153594970703
2025-07-30,21.769153594970703
2025-07-31,21.769153594970703
2025-08-01,21.45722198486328
2025-08-04,21.55174446105957
2025-08-05,21.721891403198242
2025-08-06,22.156707763671875
2025-08-07,21.315431594848633
2025-08-08,21.315431594848633
2025-08-11,22.033824920654297
2025-08-12,22.033824920654297
2025-08-13,21.91094207763672
2025-08-14,22.243928909301758
2025-08-15,22.589393615722656
2025-08-18,21.984832763671875
2025-08-19,21.984832763671875
2025-08-20,21.984832763671875
2025-08-21,21.984832763671875
2025-08-22,22.637372970581055
2025-08-25,22.685352325439453
2025-08-26,22.637372970581055
2025-08-27,22.637372970581055
2025-08-28,22.551008224487305
2025-08-29,22.57019805908203
2025-09-02,21.74492645263672
2025-09-03,22.2247371673584
2025-09-04,22.099987030029297
2025-09-05,22.44544792175293
2025-09-08,22.119178771972656
2025-09-09,22.119178771972656
2025-09-10,22.551008224487305
2025-09-11,22.31110382080078
2025-09-12,22.31110382080078
2025-09-15,22.2247371673584
2025-09-16,22.090391159057617
2025-09-17,22.090391159057617
2025-09-18,22.320697784423828
2025-09-19,22.320697784423828
2025-09-22,22.128774642944336
2025-09-23,22.138370513916016
2025-09-24,22.138370513916016
2025-09-25,22.138370513916016
2025-09-26,22.138370513916016
2025-09-29,22.16716194152832
2025-09-30,22.4742374420166
2025-10-01,22.790912628173828
2025-10-02,22.790912628173828
2025-10-03,22.78131675720215
2025-10-06,22.78131675720215
2025-10-07,22.551008224487305
2025-10-08,22.551008224487305
2025-10-09,22.551008224487305
2025-10-10,22.790912628173828
2025-10-13,23.481834411621094
2025-10-14,22.31110382080078
2025-10-15,22.435853958129883
2025-10-16,22.435853958129883
2025-10-17,22.435853958129883
2025-10-20,22.435853958129883
2025-10-21,22.435853958129883
2025-10-22,22.435853958129883
2025-10-23,22.598987579345703
2025-10-24,22.598987579345703
2025-10-27,22.464641571044922
2025-10-28,22.56060218811035
2025-10-29,22.35908317565918
2025-10-30,22.27271842956543
2025-10-31,22.349489212036133
2025-11-03,22.349489212036133
2025-11-04,22.349489212036133
2025-11-05,22.19594955444336
2025-11-06,22.35908317565918
2025-11-07,22.35908317565918
2025-11-10,22.16716194152832
2025-11-11,22.16716194152832
2025-11-12,22.35908317565918
2025-11-13,22.35908317565918
2025-11-14,22.27823257446289
2025-11-17,22.69710350036621
2025-11-18,22.90167236328125
2025-11-19,23.135461807250977
2025-11-20,23.135461807250977
2025-11-21,22.61917495727539
2025-11-24,22.794517517089844
2025-11-25,23.135461807250977
2025-11-26,23.135461807250977
2025-11-28,23.135461807250977
2025-12-01,22.921154022216797
2025-12-02,23.057531356811523
2025-12-03,22.99908447265625
2025-12-04,22.99908447265625
2025-12-05,22.99908447265625
2025-12-08,22.843225479125977
2025-12-09,22.765295028686523
2025-12-10,22.765295028686523
2025-12-11,22.83348274230957
2025-12-12,22.83348274230957
2025-12-15,22.83348274230957
2025-12-16,22.83348274230957
2025-12-17,22.86270523071289
2025-12-18,22.86270523071289
2025-12-19,23.135461807250977
2025-12-22,23.02830696105957
2025-12-23,23.02830696105957
2025-12-24,23.02830696105957
2025-12-26,23.02830696105957
2025-12-29,22.86270523071289
2025-12-30,22.86270523071289
2025-12-31,22.716588973999023
2026-01-02,22.716588973999023
2026-01-05,22.716588973999023
2026-01-06,22.716588973999023
2026-01-07,22.61917495727539
2026-01-08,22.716588973999023
2026-01-09,22.716588973999023
2026-01-12,22.716588973999023
2026-01-13,22.716588973999023
2026-01-14,22.716588973999023
2026-01-15,22.891929626464844
2026-01-16,22.891929626464844
2026-01-20,22.891929626464844
2026-01-21,22.891929626464844
2026-01-22,22.891929626464844
2026-01-23,23.086755752563477
2026-01-26,23.086755752563477
2026-01-27,23.086755752563477
2026-01-28,22.891929626464844
2026-01-29,22.891929626464844
2026-01-30,22.891929626464844
2026-02-02,23.135461807250977
2026-02-03,23.135461807250977
2026-02-04,23.106237411499023
2026-02-05,23.29132080078125
2026-02-06,23.232873916625977
2026-02-09,23.232873916625977
2026-02-10,23.359508514404297
2026-02-11,23.359508514404297
2026-02-12,22.86270523071289
2026-02-13,23.284351348876953
2026-02-17,22.918991088867188
2026-02-18,23.155982971191406
2026-02-19,23.155982971191406
2026-02-20,23.5015926361084
2026-02-23,23.5015926361084
2026-02-24,23.323850631713867
2026-02-25,23.323850631713867
2026-02-26,23.323850631713867
2026-02-27,23.323850631713867
2026-03-02,23.175729751586914
2026-03-03,22.839994430541992
2026-03-04,22.691875457763672
2026-03-05,23.205354690551758
2026-03-06,23.205354690551758
2026-03-09,23.205354690551758
2026-03-10,23.205354690551758
2026-03-11,23.205354690551758
2026-03-12,23.205354690551758
2026-03-13,23.560842514038086
2026-03-16,23.560842514038086
2026-03-17,23.560842514038086
2026-03-18,23.560842514038086
2026-03-19,23.560842514038086
2026-03-20,23.560842514038086
2026-03-23,23.560842514038086
2026-03-24,23.106609344482422
2026-03-25,23.205354690551758
2026-03-26,23.106609344482422
2026-03-27,23.106609344482422
2026-03-30,23.304101943969727
2026-03-31,23.304101943969727
2026-04-01,23.402849197387695
2026-04-02,23.402849197387695
2026-04-06,23.205354690551758
2026-04-07,23.205354690551758
2026-04-08,22.6721248626709
2026-04-09,22.81037139892578
2026-04-10,22.81037139892578
2026-04-13,23.244853973388672
2026-04-14,23.244853973388672
2026-04-15,23.08685874938965
2026-04-16,23.205354690551758
2026-04-17,23.205354690551758
2026-04-20,22.988113403320312
2026-04-21,23.195480346679688
2026-04-22,23.244853973388672
2026-04-23,23.244853973388672
2026-04-24,23.244853973388672
2026-04-27,23.244853973388672
2026-04-28,23.244853973388672
2026-04-29,22.988113403320312
2026-04-30,23.116483688354492
2026-05-01,22.830120086669922
2026-05-04,22.978239059448242
2026-05-05,22.988113403320312
2026-05-06,23.116483688354492
2026-05-07,23.007862091064453
2026-05-08,23.007862091064453
2026-05-11,23.007862091064453
2026-05-12,23.007862091064453
2026-05-13,22.68199920654297
2026-05-14,23.399999618530273
2026-05-15,23.3799991607666
2026-05-18,23.399999618530273
2026-05-19,23.40999984741211
2026-05-20,23.40999984741211
2026-05-21,23.40999984741211
2026-05-22,23.40999984741211
2026-05-26,23.40999984741211
2026-05-27,23.389999389648438
2026-05-28,23.389999389648438
2026-05-29,23.489999771118164
2026-06-01,23.489999771118164
2026-06-02,23.3700008392334
2026-06-03,23.3700008392334
2026-06-04,23.469999313354492
2026-06-05,23.549999237060547
2026-06-08,23.549999237060547
2026-06-09,23.389999389648438
2026-06-10,23.389999389648438
2026-06-11,23.299999237060547
2026-06-12,23.299999237060547
2026-06-15,23.299999237060547
2026-06-16,23.239999771118164
2026-06-17,23.239999771118164
2026-06-18,23.540000915527344
2026-06-22,23.25
2026-06-23,23.25
2026-06-24,23.25
2026-06-25,23.25
2026-06-26,23.25
2026-06-29,23.25
2026-06-30,23.219999313354492
2026-07-01,23.219999313354492
2026-07-02,23.219999313354492
2026-07-06,23.670000076293945
2026-07-07,23.469999313354492
2026-07-08,23.719999313354492
2026-07-09,23.719999313354492
2026-07-10,23.719999313354492
2026-07-13,23.510000228881836
2026-07-14,23.700000762939453
2026-07-15,23.329999923706055
2026-07-16,23.329999923706055
2026-07-17,23.329999923706055
2026-07-20,23.329999923706055
2026-07-21,23.469999313354492
2026-07-22,23.719999313354492
2026-07-23,23.709999084472656
2026-07-24,23.709999084472656
2026-07-27,23.709999084472656
2026-07-28,23.709999084472656
2026-07-29,23.68000030517578
2026-07-30,23.68000030517578
2026-07-31,23.479999542236328
2026-08-03,23.479999542236328
