Date,Close
2007-02-14,18.104385375976562
2007-02-15,18.104385375976562
2007-02-16,18.186100006103516
2007-02-20,18.404008865356445
2007-02-21,18.54927635192871
2007-02-22,19.012331008911133
2007-02-23,19.121278762817383
2007-02-26,19.203001022338867
2007-02-27,18.186100006103516
2007-02-28,18.186100006103516
2007-03-01,18.077146530151367
2007-03-02,17.62317657470703
2007-03-05,17.141969680786133
2007-03-06,17.741209030151367
2007-03-07,17.904634475708008
2007-03-08,18.131620407104492
2007-03-09,18.3404483795166
2007-03-12,18.494794845581055
2007-03-13,18.0045108795166
2007-03-14,17.931875228881836
2007-03-15,18.104385375976562
2007-03-16,17.94095802307129
2007-03-19,17.96819496154785
2007-03-20,18.23150062561035
2007-03-21,18.612831115722656
2007-03-22,18.803499221801758
2007-03-23,18.839820861816406
2007-03-26,18.749021530151367
2007-03-27,18.739946365356445
2007-03-28,18.703630447387695
2007-03-29,18.703630447387695
2007-03-30,18.594675064086914
2007-04-02,18.694541931152344
2007-04-03,18.848901748657227
2007-04-04,19.139442443847656
2007-04-05,19.121278762817383
2007-04-09,19.157596588134766
2007-04-10,19.221155166625977
2007-04-11,19.157596588134766
2007-04-12,19.393672943115234
2007-04-13,19.502622604370117
2007-04-16,19.85671615600586
2007-04-17,19.711441040039062
2007-04-18,19.83856201171875
2007-04-19,19.6842041015625
2007-04-20,19.784086227416992
2007-04-23,20.06554412841797
2007-04-24,20.219890594482422
2007-04-25,20.483200073242188
2007-04-26,20.465044021606445
2007-04-27,20.147262573242188
2007-04-30,19.738689422607422
2007-05-01,19.321027755737305
2007-05-02,19.8022403717041
2007-05-03,19.96566390991211
2007-05-04,20.374244689941406
2007-05-07,20.25621223449707
2007-05-08,20.201740264892578
2007-05-09,20.365171432495117
2007-05-10,20.011066436767578
2007-05-11,20.283449172973633
2007-05-14,20.16541290283203
2007-05-15,19.72052574157715
2007-05-16,19.8748722076416
2007-05-17,19.829483032226562
2007-05-18,19.774995803833008
2007-05-21,19.992908477783203
2007-05-22,20.328845977783203
2007-05-23,20.12910270690918
2007-05-24,19.647891998291016
2007-05-25,19.929357528686523
2007-05-29,20.05646324157715
2007-05-30,20.192649841308594
2007-05-31,20.228973388671875
2007-06-01,20.43779754638672
2007-06-04,20.592153549194336
2007-06-05,20.564916610717773
2007-06-06,20.274372100830078
2007-06-07,19.69329071044922
2007-06-08,19.974754333496094
2007-06-11,19.98383140563965
2007-06-12,19.756851196289062
2007-06-13,20.156335830688477
2007-06-14,20.474117279052734
2007-06-15,20.701107025146484
2007-06-18,20.71925926208496
2007-06-19,20.764659881591797
2007-06-20,20.564916610717773
2007-06-21,20.746498107910156
2007-06-22,20.77373504638672
2007-06-25,20.628463745117188
2007-06-26,20.77373504638672
2007-06-27,21.200468063354492
2007-06-28,21.391141891479492
2007-06-29,21.273103713989258
2007-07-02,22.144731521606445
2007-07-03,22.19013214111328
2007-07-05,22.135650634765625
2007-07-06,22.326326370239258
2007-07-09,23.216106414794922
2007-07-10,22.90740394592285
2007-07-11,22.789369583129883
2007-07-12,23.261499404907227
2007-07-13,23.479412078857422
2007-07-16,23.279661178588867
2007-07-17,23.15255355834961
2007-07-18,22.843852996826172
2007-07-19,23.061758041381836
2007-07-20,22.698577880859375
2007-07-23,22.753055572509766
2007-07-24,22.1992130279541
2007-07-25,22.1992130279541
2007-07-26,21.781557083129883
2007-07-27,21.71800422668457
2007-07-30,22.335403442382812
2007-07-31,21.935903549194336
2007-08-01,21.890506744384766
2007-08-02,21.854188919067383
2007-08-03,21.200468063354492
2007-08-06,21.182313919067383
2007-08-07,22.044858932495117
2007-08-08,22.83477210998535
2007-08-09,22.635025024414062
2007-08-10,21.88142967224121
2007-08-13,21.618127822875977
2007-08-14,21.027963638305664
2007-08-15,20.38332176208496
2007-08-16,20.06554412841797
2007-08-17,20.573986053466797
2007-08-20,20.95533561706543
2007-08-21,21.109678268432617
2007-08-22,21.400218963623047
2007-08-23,21.064279556274414
2007-08-24,21.427459716796875
2007-08-27,21.118757247924805
2007-08-28,20.419633865356445
2007-08-29,21.064279556274414
2007-08-30,21.254953384399414
2007-08-31,21.754316329956055
2007-09-04,22.081178665161133
2007-09-05,21.88142967224121
2007-09-06,21.88142967224121
2007-09-07,21.291269302368164
2007-09-10,21.454696655273438
2007-09-11,21.65443992614746
2007-09-12,21.391141891479492
2007-09-13,21.363908767700195
2007-09-14,21.391141891479492
2007-09-17,21.164154052734375
2007-09-18,21.92682647705078
2007-09-19,22.126575469970703
2007-09-20,22.24460220336914
2007-09-21,22.580547332763672
2007-09-24,22.56238555908203
2007-09-25,22.807538986206055
2007-09-26,22.980037689208984
2007-09-27,22.862009048461914
2007-09-28,22.72581672668457
2007-10-01,23.334136962890625
2007-10-02,23.6156063079834
2007-10-03,23.17070960998535
2007-10-04,23.15255355834961
2007-10-05,23.924301147460938
2007-10-08,23.633766174316406
2007-10-09,23.878904342651367
2007-10-10,23.996938705444336
2007-10-11,23.54296875
2007-10-12,23.81534194946289
2007-10-15,23.50664520263672
2007-10-16,23.57020378112793
2007-10-17,23.742712020874023
2007-10-18,24.11496925354004
2007-10-19,23.325063705444336
2007-10-22,23.67915153503418
2007-10-23,24.35103416442871
2007-10-24,24.078657150268555
2007-10-25,23.924301147460938
2007-10-26,24.677894592285156
2007-10-29,25.313453674316406
2007-10-30,24.80500602722168
2007-10-31,25.304372787475586
2007-11-01,24.596179962158203
2007-11-02,24.33287811279297
2007-11-05,24.269317626953125
2007-11-06,25.495033264160156
2007-11-07,25.022918701171875
2007-11-08,26.22139549255371
2007-11-09,25.86729621887207
2007-11-12,23.252426147460938
2007-11-13,24.11496925354004
2007-11-14,24.069578170776367
2007-11-15,24.078657150268555
2007-11-16,24.550783157348633
2007-11-19,23.851665496826172
2007-11-20,23.234270095825195
2007-11-21,22.989116668701172
2007-11-23,23.388614654541016
2007-11-26,23.34321403503418
2007-11-27,23.234270095825195
2007-11-28,24.541698455810547
2007-11-29,25.395170211791992
2007-11-30,25.27713394165039
2007-12-03,25.131872177124023
2007-12-04,24.88671875
2007-12-05,25.513198852539062
2007-12-06,25.749267578125
2007-12-07,26.493783950805664
2007-12-10,27.138418197631836
2007-12-11,26.0851993560791
2007-12-12,26.584571838378906
2007-12-13,26.60273551940918
2007-12-14,26.920507431030273
2007-12-17,25.83098602294922
2007-12-18,26.566423416137695
2007-12-19,26.90235137939453
2007-12-20,27.12026596069336
2007-12-21,28.000974655151367
2007-12-24,28.53664779663086
2007-12-26,29.081411361694336
2007-12-27,28.518497467041016
2007-12-28,28.309663772583008
2007-12-31,29.962125778198242
2008-01-02,27.83753776550293
2008-01-03,27.973726272583008
2008-01-04,26.557334899902344
2008-01-07,25.485958099365234
2008-01-08,25.213584899902344
2008-01-09,24.913963317871094
2008-01-10,24.65972900390625
2008-01-11,24.02417755126953
2008-01-14,24.34195899963379
2008-01-15,22.662260055541992
2008-01-16,22.181053161621094
2008-01-17,21.136913299560547
2008-01-18,21.091514587402344
2008-01-22,21.164154052734375
2008-01-23,20.928089141845703
2008-01-24,21.418384552001953
2008-01-25,21.3366641998291
2008-01-28,21.49101448059082
2008-01-29,21.98130226135254
2008-01-30,21.627206802368164
2008-01-31,21.581811904907227
2008-02-01,22.37172508239746
2008-02-04,22.426193237304688
2008-02-05,21.173233032226562
2008-02-06,20.347009658813477
2008-02-07,20.71018409729004
2008-02-08,20.810054779052734
2008-02-11,21.52733612060547
2008-02-12,21.037038803100586
2008-02-13,22.662260055541992
2008-02-14,22.099328994750977
2008-02-15,21.63628387451172
2008-02-19,21.391141891479492
2008-02-20,21.345746994018555
2008-02-21,21.118757247924805
2008-02-22,21.082441329956055
2008-02-25,21.445619583129883
2008-02-26,21.781557083129883
2008-02-27,21.581811904907227
2008-02-28,21.182313919067383
2008-02-29,20.528600692749023
2008-03-03,20.49227523803711
2008-03-04,20.247133255004883
2008-03-05,20.746498107910156
2008-03-06,19.98383140563965
2008-03-07,19.593416213989258
2008-03-10,18.667308807373047
2008-03-11,19.557096481323242
2008-03-12,19.883955001831055
2008-03-13,20.228973388671875
2008-03-14,19.6842041015625
2008-03-17,19.184831619262695
2008-03-18,19.929357528686523
2008-03-19,19.293794631958008
2008-03-20,19.647891998291016
2008-03-24,20.6193904876709
2008-03-25,21.109678268432617
2008-03-26,20.964405059814453
2008-03-27,20.819133758544922
2008-03-28,20.800979614257812
2008-03-31,20.83729362487793
2008-04-01,21.427459716796875
2008-04-02,22.28091812133789
2008-04-03,22.29907989501953
2008-04-04,23.14346694946289
2008-04-07,22.662260055541992
2008-04-08,22.689495086669922
2008-04-09,22.653186798095703
2008-04-10,22.698577880859375
2008-04-11,21.99038314819336
2008-04-14,22.035781860351562
2008-04-15,22.417112350463867
2008-04-16,23.352294921875
2008-04-17,22.780296325683594
2008-04-18,23.15255355834961
2008-04-21,23.52480697631836
2008-04-22,23.18886947631836
2008-04-23,23.061758041381836
2008-04-24,23.134387969970703
2008-04-25,23.116233825683594
2008-04-28,23.207027435302734
2008-04-29,22.90740394592285
2008-04-30,22.771217346191406
2008-05-01,22.843852996826172
2008-05-02,22.961881637573242
2008-05-05,22.671335220336914
2008-05-06,23.207027435302734
2008-05-07,23.061758041381836
2008-05-08,23.4249324798584
2008-05-09,23.37953758239746
2008-05-12,23.67007827758789
2008-05-13,24.233007431030273
2008-05-14,24.605260848999023
2008-05-15,24.923036575317383
2008-05-16,25.22266387939453
2008-05-19,25.23174285888672
2008-05-20,24.959354400634766
2008-05-21,24.496309280395508
2008-05-22,24.196685791015625
2008-05-23,24.405519485473633
2008-05-27,24.35103416442871
2008-05-28,24.65065574645996
2008-05-29,24.05141830444336
2008-05-30,24.795930862426758
2008-06-02,24.387351989746094
2008-06-03,24.205764770507812
2008-06-04,23.996938705444336
2008-06-05,24.66881561279297
2008-06-06,23.969696044921875
2008-06-09,23.706403732299805
2008-06-10,23.18886947631836
2008-06-11,22.980037689208984
2008-06-12,22.88924789428711
2008-06-13,23.470333099365234
2008-06-16,24.360109329223633
2008-06-17,24.296550750732422
2008-06-18,24.14220428466797
2008-06-19,24.559858322143555
2008-06-20,23.842586517333984
2008-06-23,24.00601577758789
2008-06-24,23.660999298095703
2008-06-25,23.76087188720703
2008-06-26,22.880172729492188
2008-06-27,22.59870147705078
2008-06-30,22.444347381591797
2008-07-01,21.963146209716797
2008-07-02,21.000722885131836
2008-07-03,20.764659881591797
2008-07-07,20.77373504638672
2008-07-08,20.919008255004883
2008-07-09,20.42871856689453
2008-07-10,20.71925926208496
2008-07-11,21.109678268432617
2008-07-14,21.055200576782227
2008-07-15,21.046113967895508
2008-07-16,21.81787109375
2008-07-17,21.84511375427246
2008-07-18,21.908666610717773
2008-07-21,22.153812408447266
2008-07-22,21.80879783630371
2008-07-23,21.66351890563965
2008-07-24,20.6193904876709
2008-07-25,20.83729362487793
2008-07-28,20.58306884765625
2008-07-29,21.291269302368164
2008-07-30,21.618127822875977
2008-07-31,21.282188415527344
2008-08-01,21.0733585357666
2008-08-04,20.3560848236084
2008-08-05,20.601226806640625
2008-08-06,20.98257064819336
2008-08-07,20.782817840576172
2008-08-08,20.864538192749023
2008-08-11,21.01888084411621
2008-08-12,21.20955467224121
2008-08-13,21.57272720336914
2008-08-14,21.79971694946289
2008-08-15,22.290000915527344
2008-08-18,21.790634155273438
2008-08-19,21.49101448059082
2008-08-20,22.24460220336914
2008-08-21,22.56238555908203
2008-08-22,22.8710880279541
2008-08-25,22.53514862060547
2008-08-26,22.226451873779297
2008-08-27,22.61686134338379
2008-08-28,22.807538986206055
2008-08-29,22.707653045654297
2008-09-02,21.754316329956055
2008-09-03,20.891769409179688
2008-09-04,20.247133255004883
2008-09-05,20.446884155273438
2008-09-08,20.05646324157715
2008-09-09,18.313209533691406
2008-09-10,18.749021530151367
2008-09-11,18.739946365356445
2008-09-12,19.157596588134766
2008-09-15,17.931875228881836
2008-09-16,18.422168731689453
2008-09-17,17.822925567626953
2008-09-18,18.85797691345215
2008-09-19,20.011066436767578
2008-09-22,19.13036346435547
2008-09-23,18.53112030029297
2008-09-24,18.803499221801758
2008-09-25,19.103120803833008
2008-09-26,18.35860824584961
2008-09-29,16.3974552154541
2008-09-30,17.20552635192871
2008-10-01,17.287235260009766
2008-10-02,15.716490745544434
2008-10-03,15.335160255432129
2008-10-06,14.527092933654785
2008-10-07,12.593173027038574
2008-10-08,12.611331939697266
2008-10-09,12.084721565246582
2008-10-10,11.930376052856445
2008-10-13,13.84613037109375
2008-10-14,13.355841636657715
2008-10-15,11.440086364746094
2008-10-16,12.375261306762695
2008-10-17,12.248154640197754
2008-10-20,12.811075210571289
2008-10-21,12.329864501953125
2008-10-22,11.449165344238281
2008-10-23,10.613855361938477
2008-10-24,10.377793312072754
2008-10-27,9.778548240661621
2008-10-28,10.1780424118042
2008-10-29,10.613855361938477
2008-10-30,11.312972068786621
2008-10-31,11.440086364746094
2008-11-03,12.248154640197754
2008-11-04,13.010822296142578
2008-11-05,11.76694107055664
2008-11-06,10.895317077636719
2008-11-07,11.013350486755371
2008-11-10,10.731888771057129
2008-11-11,10.259757995605469
2008-11-12,9.315494537353516
2008-11-13,9.978296279907227
2008-11-14,9.497085571289062
2008-11-17,9.061274528503418
2008-11-18,8.78888988494873
2008-11-19,8.098852157592773
2008-11-20,7.1364336013793945
2008-11-21,7.563165187835693
2008-11-24,8.443872451782227
2008-11-25,8.770731925964355
2008-11-26,9.506165504455566
2008-11-28,9.460768699645996
2008-12-01,8.552826881408691
2008-12-02,8.843366622924805
2008-12-03,9.324575424194336
2008-12-04,8.66177749633789
2008-12-05,8.770731925964355
2008-12-08,9.606037139892578
2008-12-09,9.306415557861328
2008-12-10,9.578798294067383
2008-12-11,9.369973182678223
2008-12-12,9.497085571289062
2008-12-15,9.179304122924805
2008-12-16,9.896578788757324
2008-12-17,10.296076774597168
2008-12-18,9.887497901916504
2008-12-19,9.887497901916504
2008-12-22,9.66959285736084
2008-12-23,9.587878227233887
2008-12-24,9.542482376098633
2008-12-26,9.642356872558594
2008-12-29,9.497085571289062
2008-12-30,9.85118293762207
2008-12-31,10.250677108764648
2009-01-02,10.840841293334961
2009-01-05,10.986114501953125
2009-01-06,11.258492469787598
2009-01-07,10.722809791564941
2009-01-08,11.013350486755371
2009-01-09,10.831759452819824
2009-01-12,10.1054048538208
2009-01-13,10.069091796875
2009-01-14,9.551560401916504
2009-01-15,9.85118293762207
2009-01-16,10.132645606994629
2009-01-20,9.397210121154785
2009-01-21,9.751311302185059
2009-01-22,9.351815223693848
2009-01-23,9.497085571289062
2009-01-26,9.624197959899902
2009-01-27,9.896578788757324
2009-01-28,10.314231872558594
2009-01-29,9.914741516113281
2009-01-30,9.905660629272461
2009-02-02,9.66959285736084
2009-02-03,9.778548240661621
2009-02-04,10.032772064208984
2009-02-05,10.323317527770996
2009-02-06,10.604777336120605
2009-02-09,10.586616516113281
2009-02-10,10.168961524963379
2009-02-11,9.951059341430664
2009-02-12,10.150803565979004
2009-02-13,10.250677108764648
2009-02-17,9.615118026733398
2009-02-18,9.38813304901123
2009-02-19,9.115750312805176
2009-02-20,8.816126823425293
2009-02-23,8.38939380645752
2009-02-24,8.906923294067383
2009-02-25,8.643617630004883
2009-02-26,8.570984840393066
2009-02-27,8.325837135314941
2009-03-02,7.6993584632873535
2009-03-03,7.7356767654418945
2009-03-04,8.153327941894531
2009-03-05,7.77199649810791
2009-03-06,7.717517375946045
2009-03-09,7.499609470367432
2009-03-10,8.235042572021484
2009-03-11,8.371235847473145
2009-03-12,8.670859336853027
2009-03-13,8.843366622924805
2009-03-16,8.570984840393066
2009-03-17,8.580058097839355
2009-03-18,8.925081253051758
2009-03-19,9.061274528503418
2009-03-20,8.66177749633789
2009-03-23,9.433530807495117
2009-03-24,9.233779907226562
2009-03-25,9.261019706726074
2009-03-26,10.250677108764648
2009-03-27,10.132645606994629
2009-03-30,9.524325370788574
2009-03-31,9.642356872558594
2009-04-01,9.905660629272461
2009-04-02,10.368709564208984
2009-04-03,10.432269096374512
2009-04-06,10.350553512573242
2009-04-07,9.860262870788574
2009-04-08,10.114486694335938
2009-04-09,10.686491012573242
2009-04-13,10.632011413574219
2009-04-14,10.577536582946777
2009-04-15,10.568456649780273
2009-04-16,10.822683334350586
2009-04-17,10.904398918151855
2009-04-20,10.214359283447266
2009-04-21,10.423188209533691
2009-04-22,10.731888771057129
2009-04-23,10.604777336120605
2009-04-24,10.831759452819824
2009-04-27,10.686491012573242
2009-04-28,10.568456649780273
2009-04-29,11.076906204223633
2009-04-30,11.485480308532715
2009-05-01,11.521798133850098
2009-05-04,12.420660018920898
2009-05-05,12.40250301361084
2009-05-06,12.556853294372559
2009-05-07,11.94853687286377
2009-05-08,11.966694831848145
2009-05-11,11.966694831848145
2009-05-12,11.721543312072754
2009-05-13,10.92255687713623
2009-05-14,11.140459060668945
2009-05-15,11.067825317382812
2009-05-18,11.530879020690918
2009-05-19,11.957612037658691
2009-05-20,12.166439056396484
2009-05-21,11.703387260437012
2009-05-22,11.576276779174805
2009-05-26,12.012088775634766
2009-05-27,12.257230758666992
2009-05-28,12.34802532196045
2009-05-29,12.656726837158203
2009-06-01,13.283211708068848
2009-06-02,13.192413330078125
2009-06-03,12.729361534118652
2009-06-04,13.274128913879395
2009-06-05,13.228730201721191
2009-06-08,13.174256324768066
2009-06-09,13.591910362243652
2009-06-10,13.800734519958496
2009-06-11,13.782577514648438
2009-06-12,13.546510696411133
2009-06-15,13.110697746276855
2009-06-16,12.820158004760742
2009-06-17,12.647649765014648
2009-06-18,12.638566970825195
2009-06-19,12.811075210571289
2009-06-22,12.121041297912598
2009-06-23,12.084721565246582
2009-06-24,12.375261306762695
2009-06-25,12.511459350585938
2009-06-26,12.638566970825195
2009-06-29,12.584088325500488
2009-06-30,12.565936088562012
2009-07-01,12.711199760437012
2009-07-02,12.456981658935547
2009-07-06,11.921293258666992
2009-07-07,11.539957046508789
2009-07-08,11.358366966247559
2009-07-09,11.494558334350586
2009-07-10,11.421926498413086
2009-07-13,11.748785018920898
2009-07-14,11.748785018920898
2009-07-15,12.34802532196045
2009-07-16,12.547776222229004
2009-07-17,12.511459350585938
2009-07-20,12.665802955627441
2009-07-21,12.856476783752441
2009-07-22,13.019903182983398
2009-07-23,13.346760749816895
2009-07-24,13.646383285522461
2009-07-27,13.619147300720215
2009-07-28,13.591910362243652
2009-07-29,13.328607559204102
2009-07-30,13.573750495910645
2009-07-31,13.392163276672363
2009-08-03,13.76441764831543
2009-08-04,13.72809886932373
2009-08-05,13.637307167053223
2009-08-06,13.48296070098877
2009-08-07,13.573750495910645
2009-08-10,13.610068321228027
2009-08-11,13.355841636657715
2009-08-12,13.501114845275879
2009-08-13,13.419398307800293
2009-08-14,13.255971908569336
2009-08-17,12.693042755126953
2009-08-18,12.865553855895996
2009-08-19,12.892790794372559
2009-08-20,12.983587265014648
2009-08-21,13.08346176147461
2009-08-24,13.03806209564209
2009-08-25,13.001745223999023
2009-08-26,13.110697746276855
2009-08-27,13.156095504760742
2009-08-28,13.283211708068848
2009-08-31,12.965429306030273
2009-09-01,12.57501220703125
2009-09-02,12.629487037658691
2009-09-03,12.774762153625488
2009-09-04,13.183332443237305
2009-09-08,13.619147300720215
2009-09-09,13.737177848815918
2009-09-10,14.0368013381958
2009-09-11,13.809812545776367
2009-09-14,13.7735013961792
2009-09-15,14.05495834350586
2009-09-16,14.345503807067871
2009-09-17,14.409055709838867
2009-09-18,14.481693267822266
2009-09-21,14.390900611877441
2009-09-22,14.508929252624512
2009-09-23,14.318262100219727
2009-09-24,13.927848815917969
2009-09-25,13.864294052124023
2009-09-28,13.982324600219727
2009-09-29,13.982324600219727
2009-09-30,13.991402626037598
2009-10-01,13.237811088562012
2009-10-02,13.08346176147461
2009-10-05,13.292285919189453
2009-10-06,13.573750495910645
2009-10-07,13.591910362243652
2009-10-08,13.673623085021973
2009-10-09,13.982324600219727
2009-10-12,14.191150665283203
2009-10-13,14.000487327575684
2009-10-14,14.1820707321167
2009-10-15,13.982324600219727
2009-10-16,13.782577514648438
2009-10-19,14.009565353393555
2009-10-20,13.918768882751465
2009-10-21,13.809812545776367
2009-10-22,13.76441764831543
2009-10-23,13.410321235656738
2009-10-26,13.246891975402832
2009-10-27,13.001745223999023
2009-10-28,12.547776222229004
2009-10-29,12.747516632080078
2009-10-30,12.320783615112305
2009-11-02,12.18459415435791
2009-11-03,12.438822746276855
2009-11-04,12.329864501953125
2009-11-05,12.747516632080078
2009-11-06,12.629487037658691
2009-11-09,12.938188552856445
2009-11-10,12.811075210571289
2009-11-11,12.929106712341309
2009-11-12,12.629487037658691
2009-11-13,12.929106712341309
2009-11-16,13.328607559204102
2009-11-17,13.292285919189453
2009-11-18,13.274128913879395
2009-11-19,13.019903182983398
2009-11-20,12.883710861206055
2009-11-23,13.03806209564209
2009-11-24,13.001745223999023
2009-11-25,13.11977767944336
2009-11-27,12.956348419189453
2009-11-30,12.974507331848145
2009-12-01,13.410321235656738
2009-12-02,13.555593490600586
2009-12-03,13.66454029083252
2009-12-04,13.82797622680664
2009-12-07,14.027721405029297
2009-12-08,13.90060806274414
2009-12-09,13.946005821228027
2009-12-10,13.873367309570312
2009-12-11,13.7735013961792
2009-12-14,14.127596855163574
2009-12-15,14.200228691101074
2009-12-16,14.245625495910645
2009-12-17,14.0368013381958
2009-12-18,14.0731201171875
2009-12-21,14.590643882751465
2009-12-22,14.654202461242676
2009-12-23,14.681442260742188
2009-12-24,14.735916137695312
2009-12-28,14.645124435424805
2009-12-29,14.581563949584961
2009-12-30,14.645124435424805
2009-12-31,14.590643882751465
2010-01-04,14.844868659973145
2010-01-05,15.071857452392578
2010-01-06,15.153572082519531
2010-01-07,15.153572082519531
2010-01-08,15.117253303527832
2010-01-11,15.235286712646484
2010-01-12,14.826709747314453
2010-01-13,14.826709747314453
2010-01-14,14.481693267822266
2010-01-15,14.082200050354004
2010-01-19,14.163914680480957
2010-01-20,14.136677742004395
2010-01-21,13.837053298950195
2010-01-22,13.219653129577637
2010-01-25,13.346760749816895
2010-01-26,13.346760749816895
2010-01-27,13.30136775970459
2010-01-28,13.010822296142578
2010-01-29,12.720281600952148
2010-02-01,13.147018432617188
2010-02-02,13.255971908569336
2010-02-03,13.292285919189453
2010-02-04,12.565936088562012
2010-02-05,12.729361534118652
2010-02-08,12.611331939697266
2010-02-09,12.73844051361084
2010-02-10,12.78384017944336
2010-02-11,13.101616859436035
2010-02-12,13.201494216918945
2010-02-16,13.528350830078125
2010-02-17,13.555593490600586
2010-02-18,13.69178295135498
2010-02-19,13.464797019958496
2010-02-22,13.355841636657715
2010-02-23,12.992670059204102
2010-02-24,13.010822296142578
2010-02-25,13.065305709838867
2010-02-26,13.001745223999023
2010-03-01,13.265049934387207
2010-03-02,13.410321235656738
2010-03-03,13.410321235656738
2010-03-04,13.48296070098877
2010-03-05,13.66454029083252
2010-03-08,13.600988388061523
2010-03-09,13.501114845275879
2010-03-10,13.818893432617188
2010-03-11,13.90060806274414
2010-03-12,13.873367309570312
2010-03-15,13.719018936157227
2010-03-16,13.85521125793457
2010-03-17,14.045881271362305
2010-03-18,13.90060806274414
2010-03-19,13.66454029083252
2010-03-22,13.7735013961792
2010-03-23,14.0731201171875
2010-03-24,13.873367309570312
2010-03-25,13.946005821228027
2010-03-26,13.955082893371582
2010-03-29,14.127596855163574
2010-03-30,14.245625495910645
2010-03-31,14.163914680480957
2010-04-01,14.127596855163574
2010-04-05,14.481693267822266
2010-04-06,14.436297416687012
2010-04-07,14.608804702758789
2010-04-08,14.57248306274414
2010-04-09,14.527092933654785
2010-04-12,14.663280487060547
2010-04-13,14.735916137695312
2010-04-14,15.189888000488281
2010-04-15,15.398716926574707
2010-04-16,15.03553581237793
2010-04-19,14.835793495178223
2010-04-20,15.117253303527832
2010-04-21,14.80855655670166
2010-04-22,14.990145683288574
2010-04-23,15.080939292907715
2010-04-26,15.03553581237793
2010-04-27,14.7086763381958
2010-04-28,14.690521240234375
2010-04-29,15.171727180480957
2010-04-30,14.654202461242676
2010-05-03,14.981062889099121
2010-05-04,14.272867202758789
2010-05-05,14.045881271362305
2010-05-06,13.374004364013672
2010-05-07,13.04714298248291
2010-05-10,13.864294052124023
2010-05-11,13.7735013961792
2010-05-12,14.136677742004395
2010-05-13,14.027721405029297
2010-05-14,13.546510696411133
2010-05-17,13.464797019958496
2010-05-18,13.03806209564209
2010-05-19,12.8746337890625
2010-05-20,12.411582946777344
2010-05-21,12.693042755126953
2010-05-24,12.429738998413086
2010-05-25,12.320783615112305
2010-05-26,12.375261306762695
2010-05-27,13.056221008300781
2010-05-28,12.829236030578613
2010-06-01,12.493293762207031
2010-06-02,12.70212173461914
2010-06-03,12.983587265014648
2010-06-04,12.375261306762695
2010-06-07,11.875898361206055
2010-06-08,11.75786304473877
2010-06-09,11.739706039428711
2010-06-10,12.257230758666992
2010-06-11,12.475140571594238
2010-06-14,12.593173027038574
2010-06-15,13.265049934387207
2010-06-16,13.274128913879395
2010-06-17,13.33768367767334
2010-06-18,13.346760749816895
2010-06-21,13.292285919189453
2010-06-22,13.03806209564209
2010-06-23,12.992670059204102
2010-06-24,12.638566970825195
2010-06-25,12.78384017944336
2010-06-28,12.865553855895996
2010-06-29,12.139201164245605
2010-06-30,12.166439056396484
2010-07-01,12.157358169555664
2010-07-02,12.202759742736816
2010-07-06,12.22091293334961
2010-07-07,12.856476783752441
2010-07-08,12.929106712341309
2010-07-09,13.265049934387207
2010-07-12,13.183332443237305
2010-07-13,13.410321235656738
2010-07-14,13.374004364013672
2010-07-15,13.346760749816895
2010-07-16,12.938188552856445
2010-07-19,13.183332443237305
2010-07-20,13.455716133117676
2010-07-21,13.292285919189453
2010-07-22,13.709939956665039
2010-07-23,13.991402626037598
2010-07-26,14.28194522857666
2010-07-27,14.0368013381958
2010-07-28,13.809812545776367
2010-07-29,13.637307167053223
2010-07-30,13.492034912109375
2010-08-02,13.700862884521484
2010-08-03,13.66454029083252
2010-08-04,13.72809886932373
2010-08-05,13.619147300720215
2010-08-06,13.68270206451416
2010-08-09,13.800734519958496
2010-08-10,13.600988388061523
2010-08-11,12.811075210571289
2010-08-12,12.656726837158203
2010-08-13,12.584088325500488
2010-08-16,12.656726837158203
2010-08-17,12.892790794372559
2010-08-18,12.956348419189453
2010-08-19,12.529616355895996
2010-08-20,12.502374649047852
2010-08-23,12.420660018920898
2010-08-24,12.157358169555664
2010-08-25,11.993928909301758
2010-08-26,12.257230758666992
2010-08-27,12.584088325500488
2010-08-30,12.393423080444336
2010-08-31,12.22091293334961
2010-09-01,12.711199760437012
2010-09-02,13.010822296142578
2010-09-03,13.201494216918945
2010-09-07,12.938188552856445
2010-09-08,12.910948753356934
2010-09-09,12.910948753356934
2010-09-10,12.78384017944336
2010-09-13,13.019903182983398
2010-09-14,13.219653129577637
2010-09-15,13.165176391601562
2010-09-16,13.201494216918945
2010-09-17,13.165176391601562
2010-09-20,13.364921569824219
2010-09-21,13.319523811340332
2010-09-22,13.110697746276855
2010-09-23,13.101616859436035
2010-09-24,13.528350830078125
2010-09-27,13.501114845275879
2010-09-28,13.673623085021973
2010-09-29,13.873367309570312
2010-09-30,13.85521125793457
2010-10-01,13.719018936157227
2010-10-04,13.528350830078125
2010-10-05,13.84613037109375
2010-10-06,13.737177848815918
2010-10-07,13.909687995910645
2010-10-08,13.973243713378906
2010-10-11,14.163914680480957
2010-10-12,14.17299747467041
2010-10-13,14.354578971862793
2010-10-14,14.399974822998047
2010-10-15,14.336421966552734
2010-10-18,14.336421966552734
2010-10-19,13.782577514648438
2010-10-20,13.936924934387207
2010-10-21,13.782577514648438
2010-10-22,14.0368013381958
2010-10-25,14.263787269592285
2010-10-26,14.209307670593262
2010-10-27,14.28194522857666
2010-10-28,14.245625495910645
2010-10-29,14.127596855163574
2010-11-01,13.882452011108398
2010-11-02,14.100358009338379
2010-11-03,14.127596855163574
2010-11-04,14.681442260742188
2010-11-05,14.772234916687012
2010-11-08,14.91750431060791
2010-11-09,14.626965522766113
2010-11-10,14.654202461242676
2010-11-11,14.499852180480957
2010-11-12,14.32734203338623
2010-11-15,14.427216529846191
2010-11-16,13.955082893371582
2010-11-17,13.818893432617188
2010-11-18,14.027721405029297
2010-11-19,14.127596855163574
2010-11-22,14.227468490600586
2010-11-23,14.145753860473633
2010-11-24,14.554326057434082
2010-11-26,14.554326057434082
2010-11-29,14.345503807067871
2010-11-30,14.300104141235352
2010-12-01,14.699600219726562
2010-12-02,14.908427238464355
2010-12-03,15.071857452392578
2010-12-06,15.153572082519531
2010-12-07,15.099095344543457
2010-12-08,15.22620964050293
2010-12-09,15.298840522766113
2010-12-10,15.389629364013672
2010-12-13,15.244367599487305
2010-12-14,14.962899208068848
2010-12-15,14.8993501663208
2010-12-16,14.790397644042969
2010-12-17,14.890266418457031
2010-12-20,14.91750431060791
2010-12-21,14.981062889099121
2010-12-22,15.03553581237793
2010-12-23,15.03553581237793
2010-12-27,14.944744110107422
2010-12-28,14.8993501663208
2010-12-29,14.981062889099121
2010-12-30,14.981062889099121
2010-12-31,14.908427238464355
2011-01-03,15.080939292907715
2011-01-04,15.09001636505127
2011-01-05,15.13541316986084
2011-01-06,15.280685424804688
2011-01-07,15.153572082519531
2011-01-10,15.53490924835205
2011-01-11,15.616621971130371
2011-01-12,15.843608856201172
2011-01-13,15.716490745544434
2011-01-14,15.798209190368652
2011-01-18,16.025192260742188
2011-01-19,15.398716926574707
2011-01-20,15.298840522766113
2011-01-21,15.171727180480957
2011-01-24,15.580307960510254
2011-01-25,15.362398147583008
2011-01-26,15.462272644042969
2011-01-27,15.553065299987793
2011-01-28,15.099095344543457
2011-01-31,15.262526512145996
2011-02-01,15.67109203338623
2011-02-02,15.970722198486328
2011-02-03,15.789134979248047
2011-02-04,15.898083686828613
2011-02-07,15.99795913696289
2011-02-08,15.916237831115723
2011-02-09,15.716490745544434
2011-02-10,15.825447082519531
2011-02-11,16.161386489868164
2011-02-14,16.3974552154541
2011-02-15,16.224937438964844
2011-02-16,16.433773040771484
2011-02-17,16.560882568359375
2011-02-18,16.451934814453125
2011-02-22,15.81636905670166
2011-02-23,15.462272644042969
2011-02-24,15.761898040771484
2011-02-25,15.807284355163574
2011-02-28,15.48043155670166
2011-03-01,15.189888000488281
2011-03-02,15.335160255432129
2011-03-03,15.507664680480957
2011-03-04,15.344236373901367
2011-03-07,14.990145683288574
2011-03-08,15.026459693908691
2011-03-09,14.835793495178223
2011-03-10,14.4453763961792
2011-03-11,14.418133735656738
2011-03-14,14.626965522766113
2011-03-15,14.872102737426758
2011-03-16,14.590643882751465
2011-03-17,14.672359466552734
2011-03-18,14.527092933654785
2011-03-21,14.76315689086914
2011-03-22,14.645124435424805
2011-03-23,14.626965522766113
2011-03-24,14.744996070861816
2011-03-25,14.844868659973145
2011-03-28,14.981062889099121
2011-03-29,15.126330375671387
2011-03-30,15.217123031616211
2011-03-31,15.298840522766113
2011-04-01,15.117253303527832
2011-04-04,14.990145683288574
2011-04-05,15.58937931060791
2011-04-06,15.54399299621582
2011-04-07,15.453193664550781
2011-04-08,15.153572082519531
2011-04-11,15.05370044708252
2011-04-12,14.80855655670166
2011-04-13,14.881190299987793
2011-04-14,14.735916137695312
2011-04-15,14.799474716186523
2011-04-18,14.499852180480957
2011-04-19,14.472613334655762
2011-04-20,14.86302661895752
2011-04-21,14.92658805847168
2011-04-25,14.92658805847168
2011-04-26,15.180811882019043
2011-04-27,15.189888000488281
2011-04-28,15.180811882019043
2011-04-29,15.407787322998047
2011-05-02,15.271604537963867
2011-05-03,14.981062889099121
2011-05-04,14.726835250854492
2011-05-05,14.790397644042969
2011-05-06,14.908427238464355
2011-05-09,15.008302688598633
2011-05-10,15.05370044708252
2011-05-11,14.80855655670166
2011-05-12,15.108174324035645
2011-05-13,14.872102737426758
2011-05-16,14.7086763381958
2011-05-17,14.436297416687012
2011-05-18,14.726835250854492
2011-05-19,14.663280487060547
2011-05-20,14.617881774902344
2011-05-23,14.254709243774414
2011-05-24,14.127596855163574
2011-05-25,14.163914680480957
2011-05-26,14.227468490600586
2011-05-27,14.399974822998047
2011-05-31,14.608804702758789
2011-06-01,14.145753860473633
2011-06-02,14.163914680480957
2011-06-03,13.936924934387207
2011-06-06,13.800734519958496
2011-06-07,13.818893432617188
2011-06-08,13.374004364013672
2011-06-09,13.446638107299805
2011-06-10,13.274128913879395
2011-06-13,13.292285919189453
2011-06-14,13.573750495910645
2011-06-15,13.310447692871094
2011-06-16,13.174256324768066
2011-06-17,13.09253978729248
2011-06-20,12.992670059204102
2011-06-21,13.292285919189453
2011-06-22,13.33768367767334
2011-06-23,13.310447692871094
2011-06-24,13.237811088562012
2011-06-27,13.274128913879395
2011-06-28,13.528350830078125
2011-06-29,13.564672470092773
2011-06-30,13.882452011108398
2011-07-01,13.973243713378906
2011-07-05,13.909687995910645
2011-07-06,13.909687995910645
2011-07-07,13.955082893371582
2011-07-08,13.7735013961792
2011-07-11,13.392163276672363
2011-07-12,12.992670059204102
2011-07-13,13.074386596679688
2011-07-14,12.820158004760742
2011-07-15,12.883710861206055
2011-07-18,12.70212173461914
2011-07-19,13.03806209564209
2011-07-20,13.019903182983398
2011-07-21,13.201494216918945
2011-07-22,13.383081436157227
2011-07-25,13.147018432617188
2011-07-26,13.110697746276855
2011-07-27,12.584088325500488
2011-07-28,12.520532608032227
2011-07-29,12.529616355895996
2011-08-01,12.511459350585938
2011-08-02,12.111963272094727
2011-08-03,12.075640678405762
2011-08-04,11.231257438659668
2011-08-05,10.904398918151855
2011-08-08,10.069091796875
2011-08-09,10.704648971557617
2011-08-10,10.940714836120605
2011-08-11,11.312972068786621
2011-08-12,11.240334510803223
2011-08-15,11.567193984985352
2011-08-16,11.158618927001953
2011-08-17,11.049664497375488
2011-08-18,10.368709564208984
2011-08-19,9.987377166748047
2011-08-22,9.951059341430664
2011-08-23,10.641094207763672
2011-08-24,10.595695495605469
2011-08-25,10.559378623962402
2011-08-26,10.859002113342285
2011-08-29,11.340208053588867
2011-08-30,11.394684791564941
2011-08-31,11.258492469787598
2011-09-01,10.940714836120605
2011-09-02,10.495821952819824
2011-09-06,10.250677108764648
2011-09-07,10.759124755859375
2011-09-08,10.586616516113281
2011-09-09,10.268834114074707
2011-09-12,10.250677108764648
2011-09-13,10.686491012573242
2011-09-14,10.931639671325684
2011-09-15,10.895317077636719
2011-09-16,10.740968704223633
2011-09-19,10.568456649780273
2011-09-20,10.296076774597168
2011-09-21,9.996454238891602
2011-09-22,9.397210121154785
2011-09-23,9.615118026733398
2011-09-26,9.687751770019531
2011-09-27,9.914741516113281
2011-09-28,9.442605972290039
2011-09-29,9.333654403686523
2011-09-30,9.088509559631348
2011-10-03,8.543744087219238
2011-10-04,8.75257396697998
2011-10-05,9.25193977355957
2011-10-06,9.488004684448242
2011-10-07,9.406290054321289
2011-10-10,9.442605972290039
2011-10-11,9.46984577178955
2011-10-12,9.705911636352539
2011-10-13,9.805784225463867
2011-10-14,9.93289566040039
2011-10-17,9.506165504455566
2011-10-18,9.78762149810791
2011-10-19,9.324575424194336
2011-10-20,9.288256645202637
2011-10-21,9.406290054321289
2011-10-24,9.860262870788574
2011-10-25,9.478925704956055
2011-10-26,9.687751770019531
2011-10-27,10.341471672058105
2011-10-28,10.395943641662598
2011-10-31,10.132645606994629
2011-11-01,9.615118026733398
2011-11-02,9.606037139892578
2011-11-03,9.887497901916504
2011-11-04,10.196197509765625
2011-11-07,10.005533218383789
2011-11-08,10.096324920654297
2011-11-09,9.633275032043457
2011-11-10,9.596957206726074
2011-11-11,9.896578788757324
2011-11-14,9.714996337890625
2011-11-15,9.869344711303711
2011-11-16,9.823945999145508
2011-11-17,9.433530807495117
2011-11-18,9.34273624420166
2011-11-21,9.034034729003906
2011-11-22,8.94324016571045
2011-11-23,8.72533130645752
2011-11-25,8.570984840393066
2011-11-28,8.925081253051758
2011-11-29,8.797967910766602
2011-11-30,9.333654403686523
2011-12-01,9.451690673828125
2011-12-02,9.497085571289062
2011-12-05,9.542482376098633
2011-12-06,9.569721221923828
2011-12-07,9.533401489257812
2011-12-08,9.16114330291748
2011-12-09,9.324575424194336
2011-12-12,8.952317237854004
2011-12-13,8.743494033813477
2011-12-14,8.407552719116211
2011-12-15,8.398475646972656
2011-12-16,8.452950477600098
2011-12-19,8.225967407226562
2011-12-20,8.589141845703125
2011-12-21,8.480192184448242
2011-12-22,8.761651992797852
2011-12-23,8.77980899810791
2011-12-27,8.761651992797852
2011-12-28,8.580058097839355
2011-12-29,8.716256141662598
2011-12-30,8.707175254821777
2012-01-03,8.879687309265137
2012-01-04,8.770731925964355
2012-01-05,8.870604515075684
2012-01-06,8.888761520385742
2012-01-09,9.01587963104248
2012-01-10,9.197463989257812
2012-01-11,9.533401489257812
2012-01-12,9.642356872558594
2012-01-13,9.261019706726074
2012-01-17,9.351815223693848
2012-01-18,9.805784225463867
2012-01-19,9.714996337890625
2012-01-20,9.805784225463867
2012-01-23,9.696836471557617
2012-01-24,9.778548240661621
2012-01-25,9.833023071289062
2012-01-26,9.823945999145508
2012-01-27,10.041853904724121
2012-01-30,9.978296279907227
2012-01-31,9.796708106994629
2012-02-01,10.014610290527344
2012-02-02,10.168961524963379
2012-02-03,10.477667808532715
2012-02-06,10.486743927001953
2012-02-07,10.468583106994629
2012-02-08,10.550296783447266
2012-02-09,10.859002113342285
2012-02-10,10.450427055358887
2012-02-13,10.405027389526367
2012-02-14,10.223442077636719
2012-02-15,10.241600036621094
2012-02-16,10.532139778137207
2012-02-17,10.613855361938477
2012-02-21,10.504899024963379
2012-02-22,10.405027389526367
2012-02-23,10.296076774597168
2012-02-24,10.241600036621094
2012-02-27,10.141724586486816
2012-02-28,10.214359283447266
2012-02-29,9.941977500915527
2012-03-01,9.878425598144531
2012-03-02,9.687751770019531
2012-03-05,9.451690673828125
2012-03-06,9.233779907226562
2012-03-07,9.288256645202637
2012-03-08,9.451690673828125
2012-03-09,9.66959285736084
2012-03-12,9.587878227233887
2012-03-13,9.796708106994629
2012-03-14,9.751311302185059
2012-03-15,9.951059341430664
2012-03-16,10.032772064208984
2012-03-19,10.069091796875
2012-03-20,9.951059341430664
2012-03-21,9.814865112304688
2012-03-22,9.678672790527344
2012-03-23,9.733154296875
2012-03-26,9.93289566040039
2012-03-27,9.960139274597168
2012-03-28,9.714996337890625
2012-03-29,9.724071502685547
2012-03-30,9.760390281677246
2012-04-02,9.687751770019531
2012-04-03,9.542482376098633
2012-04-04,9.297337532043457
2012-04-05,9.242860794067383
2012-04-09,9.006794929504395
2012-04-10,8.888761520385742
2012-04-11,9.133909225463867
2012-04-12,9.406290054321289
2012-04-13,9.197463989257812
2012-04-16,9.088509559631348
2012-04-17,9.38813304901123
2012-04-18,9.142983436584473
2012-04-19,9.1702241897583
2012-04-20,9.079429626464844
2012-04-23,8.879687309265137
2012-04-24,8.897845268249512
2012-04-25,9.01587963104248
2012-04-26,9.179304122924805
2012-04-27,9.224703788757324
2012-04-30,9.1702241897583
2012-05-01,9.369973182678223
2012-05-02,9.288256645202637
2012-05-03,9.088509559631348
2012-05-04,8.96139907836914
2012-05-07,8.979557991027832
2012-05-08,8.8342866897583
2012-05-09,8.816126823425293
2012-05-10,8.716256141662598
2012-05-11,8.77980899810791
2012-05-14,8.580058097839355
2012-05-15,8.416630744934082
2012-05-16,8.316758155822754
2012-05-17,8.044378280639648
2012-05-18,7.826469421386719
2012-05-21,8.017138481140137
2012-05-22,7.9263434410095215
2012-05-23,7.9445013999938965
2012-05-24,7.871865749359131
2012-05-25,7.935423851013184
2012-05-29,8.053457260131836
2012-05-30,7.9263434410095215
2012-05-31,7.862786293029785
2012-06-01,7.554087162017822
2012-06-04,7.4905314445495605
2012-06-05,7.6993584632873535
2012-06-06,7.880949020385742
2012-06-07,7.853706359863281
2012-06-08,7.917264461517334
2012-06-11,7.726596832275391
2012-06-12,7.917264461517334
2012-06-13,7.835546016693115
2012-06-14,7.862786293029785
2012-06-15,7.998979568481445
2012-06-18,8.153327941894531
2012-06-19,8.38939380645752
2012-06-20,8.471108436584473
2012-06-21,8.171490669250488
2012-06-22,8.407552719116211
2012-06-25,8.153327941894531
2012-06-26,8.144247055053711
2012-06-27,8.26228141784668
2012-06-28,8.089773178100586
2012-06-29,8.452950477600098
2012-07-02,8.443872451782227
2012-07-03,8.625457763671875
2012-07-05,8.634537696838379
2012-07-06,8.38939380645752
2012-07-09,8.38939380645752
2012-07-10,8.089773178100586
2012-07-11,8.080693244934082
2012-07-12,8.080693244934082
2012-07-13,8.062532424926758
2012-07-16,8.107929229736328
2012-07-17,8.026216506958008
2012-07-18,8.153327941894531
2012-07-19,8.298603057861328
2012-07-20,8.062532424926758
2012-07-23,7.77199649810791
2012-07-24,7.635802268981934
2012-07-25,7.717517375946045
2012-07-26,7.853706359863281
2012-07-27,8.053457260131836
2012-07-30,7.880949020385742
2012-07-31,7.9263434410095215
2012-08-01,7.762914180755615
2012-08-02,7.880949020385742
2012-08-03,7.998979568481445
2012-08-06,8.135169982910156
2012-08-07,8.353076934814453
2012-08-08,8.380315780639648
2012-08-09,8.507431030273438
2012-08-10,8.534662246704102
2012-08-13,8.534662246704102
2012-08-14,8.452950477600098
2012-08-15,8.516507148742676
2012-08-16,8.670859336853027
2012-08-17,8.68901538848877
2012-08-20,8.634537696838379
2012-08-21,8.707175254821777
2012-08-22,8.652697563171387
2012-08-23,8.589141845703125
2012-08-24,8.589141845703125
2012-08-27,8.462034225463867
2012-08-28,8.516507148742676
2012-08-29,8.498350143432617
2012-08-30,8.298603057861328
2012-08-31,8.298603057861328
2012-09-04,8.244124412536621
2012-09-05,8.235042572021484
2012-09-06,8.416630744934082
2012-09-07,8.498350143432617
2012-09-10,8.425714492797852
2012-09-11,8.516507148742676
2012-09-12,8.607300758361816
2012-09-13,8.707175254821777
2012-09-14,8.91600227355957
2012-09-17,8.797967910766602
2012-09-18,8.770731925964355
2012-09-19,8.761651992797852
2012-09-20,8.625457763671875
2012-09-21,8.555007934570312
2012-09-24,8.408610343933105
2012-09-25,8.179866790771484
2012-09-26,8.042622566223145
2012-09-27,8.207320213317871
2012-09-28,8.15241813659668
2012-10-01,8.106670379638672
2012-10-02,8.088369369506836
2012-10-03,8.079216957092285
2012-10-04,8.143266677856445
2012-10-05,8.079216957092285
2012-10-08,7.978571891784668
2012-10-09,7.8596272468566895
2012-10-10,7.7589802742004395
2012-10-11,7.813877582550049
2012-10-12,7.7589802742004395
2012-10-15,7.7589802742004395
2012-10-16,7.923673629760742
2012-10-17,8.106670379638672
2012-10-18,8.051772117614746
2012-10-19,7.868777275085449
2012-10-22,7.786429405212402
2012-10-23,7.749828815460205
2012-10-24,7.7589802742004395
2012-10-25,7.813877582550049
2012-10-26,7.923673629760742
2012-10-31,7.896222114562988
2012-11-01,8.088369369506836
2012-11-02,7.896222114562988
2012-11-05,8.097519874572754
2012-11-06,8.271363258361816
2012-11-07,7.969420909881592
2012-11-08,7.8413238525390625
2012-11-09,7.896222114562988
2012-11-12,7.8413238525390625
2012-11-13,7.7589802742004395
2012-11-14,7.63088321685791
2012-11-15,7.484488010406494
2012-11-16,7.521084785461426
2012-11-19,7.676631450653076
2012-11-20,7.667479515075684
2012-11-21,7.713231086730957
2012-11-23,7.768130779266357
2012-11-26,7.8596272468566895
2012-11-27,7.978571891784668
2012-11-28,8.143266677856445
2012-11-29,8.161566734313965
2012-11-30,8.170717239379883
2012-12-03,8.234766960144043
2012-12-04,8.234766960144043
2012-12-05,8.26221752166748
2012-12-06,8.298813819885254
2012-12-07,8.35371208190918
2012-12-10,8.426910400390625
2012-12-11,8.628206253051758
2012-12-12,8.719700813293457
2012-12-13,8.536707878112793
2012-12-14,8.564156532287598
2012-12-17,8.600756645202637
2012-12-18,8.710552215576172
2012-12-19,8.811202049255371
2012-12-20,8.774599075317383
2012-12-21,8.639494895935059
2012-12-24,8.602730751037598
2012-12-26,8.639494895935059
2012-12-27,8.492438316345215
2012-12-28,8.501626014709473
2012-12-31,8.538393020629883
2013-01-02,9.025511741638184
2013-01-03,9.236907005310059
2013-01-04,9.282859802246094
2013-01-07,9.117425918579102
2013-01-08,8.961180686950684
2013-01-09,9.117425918579102
2013-01-10,9.126614570617676
2013-01-11,9.062275886535645
2013-01-14,9.007129669189453
2013-01-15,9.071466445922852
2013-01-16,9.053085327148438
2013-01-17,9.108233451843262
2013-01-18,9.117425918579102
2013-01-22,9.190949440002441
2013-01-23,9.37476921081543
2013-01-24,9.402342796325684
2013-01-25,9.531015396118164
2013-01-28,9.567778587341309
2013-01-29,9.475870132446289
2013-01-30,9.466678619384766
2013-01-31,9.475870132446289
2013-02-01,9.65049934387207
2013-02-04,9.540205955505371
2013-02-05,9.604544639587402
2013-02-06,9.880268096923828
2013-02-07,9.788359642028809
2013-02-08,9.926226615905762
2013-02-11,9.99975299835205
2013-02-12,10.10085391998291
2013-02-13,10.10085391998291
2013-02-14,10.312248229980469
2013-02-15,10.183574676513672
2013-02-19,10.44091796875
2013-02-20,10.229528427124023
2013-02-21,9.889464378356934
2013-02-22,10.045707702636719
2013-02-25,9.769979476928711
2013-02-26,9.806742668151855
2013-02-27,9.806742668151855
2013-02-28,9.825124740600586
2013-03-01,9.696453094482422
2013-03-04,9.705642700195312
2013-03-05,9.871082305908203
2013-03-06,10.183574676513672
2013-03-07,10.220337867736816
2013-03-08,10.201955795288086
2013-03-11,10.275484085083008
2013-03-12,10.32143783569336
2013-03-13,10.312248229980469
2013-03-14,10.34901237487793
2013-03-15,10.247907638549805
2013-03-18,10.156005859375
2013-03-19,10.146809577941895
2013-03-20,10.358202934265137
2013-03-21,10.184322357177734
2013-03-22,10.12912368774414
2013-03-25,10.14752197265625
2013-03-26,10.11072063446045
2013-03-27,10.138322830200195
2013-03-28,10.211922645568848
2013-04-01,10.101519584655762
2013-04-02,9.945121765136719
2013-04-03,9.696724891662598
2013-04-04,9.834722518920898
2013-04-05,9.79792308807373
2013-04-08,9.954319953918457
2013-04-09,10.359124183654785
2013-04-10,10.4235200881958
2013-04-11,10.552321434020996
2013-04-12,10.478723526000977
2013-04-15,10.119922637939453
2013-04-16,10.359124183654785
2013-04-17,10.037121772766113
2013-04-18,9.899127006530762
2013-04-19,9.972723960876465
2013-04-22,10.23032283782959
2013-04-23,10.543122291564941
2013-04-24,10.708719253540039
2013-04-25,10.837515830993652
2013-04-26,10.773117065429688
2013-04-29,10.966312408447266
2013-04-30,11.021515846252441
2013-05-01,10.800718307495117
2013-05-02,11.076717376708984
2013-05-03,11.25151252746582
2013-05-06,11.481511116027832
2013-05-07,11.288311958312988
2013-05-08,11.31591510772705
2013-05-09,11.720709800720215
2013-05-10,12.061114311218262
2013-05-13,12.364705085754395
2013-05-14,12.355506896972656
2013-05-15,12.53950309753418
2013-05-16,12.594703674316406
2013-05-17,12.80630111694336
2013-05-20,13.045500755310059
2013-05-21,13.045500755310059
2013-05-22,12.613103866577148
2013-05-23,12.751108169555664
2013-05-24,12.90749740600586
2013-05-28,13.349100112915039
2013-05-29,13.22029972076416
2013-05-30,13.477896690368652
2013-05-31,13.201898574829102
2013-06-03,12.944303512573242
2013-06-04,13.008702278137207
2013-06-05,12.80630111694336
2013-06-06,12.90749740600586
2013-06-07,13.128301620483398
2013-06-10,13.29389762878418
2013-06-11,12.82470703125
2013-06-12,12.622304916381836
2013-06-13,12.82470703125
2013-06-14,12.797101974487305
2013-06-17,12.898303985595703
2013-06-18,13.155900955200195
2013-06-19,13.073100090026855
2013-06-20,12.594703674316406
2013-06-21,12.565180778503418
2013-06-24,12.29764175415039
2013-06-25,12.51905345916748
2013-06-26,12.81427001953125
2013-06-27,13.017234802246094
2013-06-28,13.035688400268555
2013-07-01,13.284774780273438
2013-07-02,13.30322551727295
2013-07-03,13.321675300598145
2013-07-05,13.736823081970215
2013-07-08,13.570762634277344
2013-07-09,13.616894721984863
2013-07-10,13.709147453308105
2013-07-11,13.985917091369629
2013-07-12,14.15197467803955
2013-07-15,14.419512748718262
2013-07-16,14.198104858398438
2013-07-17,14.354937553405762
2013-07-18,14.207331657409668
2013-07-19,14.188874244689941
2013-07-22,14.391838073730469
2013-07-23,14.373384475708008
2013-07-24,14.133527755737305
2013-07-25,14.281132698059082
2013-07-26,14.253453254699707
2013-07-29,14.262678146362305
2013-07-30,14.474869728088379
2013-07-31,14.604026794433594
2013-08-01,14.576346397399902
2013-08-02,14.36416244506836
2013-08-05,14.594804763793945
2013-08-06,14.410289764404297
2013-08-07,13.810630798339844
2013-08-08,14.161202430725098
2013-08-09,14.161202430725098
2013-08-12,14.271909713745117
2013-08-13,14.22577953338623
2013-08-14,13.77372932434082
2013-08-15,13.43238353729248
2013-08-16,13.552315711975098
2013-08-19,13.349353790283203
2013-08-20,13.644569396972656
2013-08-21,13.626118659973145
2013-08-22,13.930560111999512
2013-08-23,14.087395668029785
2013-08-26,14.115074157714844
2013-08-27,13.672245979309082
2013-08-28,13.819852828979492
2013-08-29,13.949013710021973
2013-08-30,13.819852828979492
2013-09-03,13.949013710021973
2013-09-04,14.198104858398438
2013-09-05,14.354937553405762
2013-09-06,14.244229316711426
2013-09-09,14.373384475708008
2013-09-10,14.62247371673584
2013-09-11,14.53022289276123
2013-09-12,14.373384475708008
2013-09-13,14.428741455078125
2013-09-16,14.465644836425781
2013-09-17,14.511767387390137
2013-09-18,14.67783260345459
2013-09-19,14.79776382446289
2013-09-20,14.782986640930176
2013-09-23,14.616786003112793
2013-09-24,14.672185897827148
2013-09-25,14.838391304016113
2013-09-26,14.912257194519043
2013-09-27,14.976888656616211
2013-09-30,15.050761222839355
2013-10-01,15.466276168823242
2013-10-02,15.346240997314453
2013-10-03,15.346240997314453
2013-10-04,15.57707691192627
2013-10-07,15.50320816040039
2013-10-08,15.133862495422363
2013-10-09,14.912257194519043
2013-10-10,15.346240997314453
2013-10-11,15.71557903289795
2013-10-14,15.918719291687012
2013-10-15,15.807916641235352
2013-10-16,16.06645965576172
2013-10-17,16.084918975830078
2013-10-18,16.389631271362305
2013-10-21,16.398862838745117
2013-10-22,16.55583953857422
2013-10-23,16.02029037475586
2013-10-24,16.177257537841797
2013-10-25,15.955653190612793
2013-10-28,15.752513885498047
2013-10-29,16.02029037475586
2013-10-30,15.734045028686523
2013-10-31,15.724813461303711
2013-11-01,16.00182342529297
2013-11-04,16.57430076599121
2013-11-05,16.722036361694336
2013-11-06,16.43579864501953
2013-11-07,15.669417381286621
2013-11-08,16.112627029418945
2013-11-11,16.38039779663086
2013-11-12,16.149566650390625
2013-11-13,16.408096313476562
2013-11-14,16.417341232299805
2013-11-15,16.371166229248047
2013-11-18,16.02952766418457
2013-11-19,15.632481575012207
2013-11-20,15.623241424560547
2013-11-21,15.97412395477295
2013-11-22,15.817146301269531
2013-11-25,15.650947570800781
2013-11-26,15.734045028686523
2013-11-27,15.918719291687012
2013-11-29,15.93718433380127
2013-12-02,15.844849586486816
2013-12-03,16.02029037475586
2013-12-04,16.084918975830078
2013-12-05,16.02029037475586
2013-12-06,15.891018867492676
2013-12-09,15.69710636138916
2013-12-10,15.817146301269531
2013-12-11,15.466276168823242
2013-12-12,15.355475425720215
2013-12-13,15.410869598388672
2013-12-16,15.678644180297852
2013-12-17,15.891018867492676
2013-12-18,15.909494400024414
2013-12-19,16.066560745239258
2013-12-20,16.1312313079834
2013-12-23,16.195899963378906
2013-12-24,16.343732833862305
2013-12-26,16.380693435668945
2013-12-27,16.408397674560547
2013-12-30,16.574703216552734
2013-12-31,16.556228637695312
2014-01-02,16.750242233276367
2014-01-03,16.88882827758789
2014-01-06,16.7225284576416
2014-01-07,17.045894622802734
2014-01-08,17.221431732177734
2014-01-09,17.147518157958984
2014-01-10,17.212188720703125
2014-01-13,16.630142211914062
2014-01-14,17.313819885253906
2014-01-15,17.58174705505371
2014-01-16,17.849679946899414
2014-01-17,17.637182235717773
2014-01-21,17.73881721496582
2014-01-22,18.01598358154297
2014-01-23,17.66490936279297
2014-01-24,17.008930206298828
2014-01-27,16.8980712890625
2014-01-28,17.313819885253906
2014-01-29,17.101327896118164
2014-01-30,17.378490447998047
2014-01-31,17.33230209350586
2014-02-03,16.611658096313477
2014-02-04,16.750242233276367
2014-02-05,16.519268035888672
2014-02-06,16.7225284576416
2014-02-07,17.19371795654297
2014-02-10,17.44316291809082
2014-02-11,17.387733459472656
2014-02-12,17.48936653137207
2014-02-13,17.803489685058594
2014-02-14,17.775766372680664
2014-02-18,18.2469539642334
2014-02-19,17.969785690307617
2014-02-20,18.348583221435547
2014-02-21,18.20076560974121
2014-02-24,18.56107521057129
2014-02-25,18.856733322143555
2014-02-26,19.124658584594727
2014-02-27,19.30020523071289
2014-02-28,19.106176376342773
2014-03-03,18.967601776123047
2014-03-04,19.688232421875
2014-03-05,19.605077743530273
2014-03-06,19.688232421875
2014-03-07,19.605077743530273
2014-03-10,19.3648681640625
2014-03-11,19.069217681884766
2014-03-12,19.281721115112305
2014-03-13,18.93063735961914
2014-03-14,18.884437561035156
2014-03-17,19.096939086914062
2014-03-18,19.5404109954834
2014-03-19,19.67899513244629
2014-03-20,19.743667602539062
2014-03-21,19.503456115722656
2014-03-24,19.14313507080078
2014-03-25,19.230966567993164
2014-03-26,18.472822189331055
2014-03-27,18.33414077758789
2014-03-28,18.500564575195312
2014-03-31,18.777935028076172
2014-04-01,19.277198791503906
2014-04-02,19.425132751464844
2014-04-03,19.120019912719727
2014-04-04,18.546789169311523
2014-04-07,17.955068588256836
2014-04-08,18.417348861694336
2014-04-09,18.740949630737305
2014-04-10,17.97356414794922
2014-04-11,17.53902244567871
2014-04-14,17.5944881439209
2014-04-15,17.61298370361328
2014-04-16,17.844112396240234
2014-04-17,17.94582176208496
2014-04-21,18.19545555114746
2014-04-22,18.694717407226562
2014-04-23,18.3803653717041
2014-04-24,18.398860931396484
2014-04-25,17.871850967407227
2014-04-28,17.344858169555664
2014-04-29,17.418819427490234
2014-04-30,17.43730926513672
2014-05-01,17.43730926513672
2014-05-02,17.418819427490234
2014-05-05,17.428062438964844
2014-05-06,17.076736450195312
2014-05-07,16.697656631469727
2014-05-08,16.392555236816406
2014-05-09,16.383310317993164
2014-05-12,16.780872344970703
2014-05-13,16.808605194091797
2014-05-14,16.4942569732666
2014-05-15,16.244625091552734
2014-05-16,16.23537254333496
2014-05-19,16.4202880859375
2014-05-20,16.189146041870117
2014-05-21,16.4942569732666
2014-05-22,16.70690155029297
2014-05-23,16.928796768188477
2014-05-27,17.122962951660156
2014-05-28,17.261646270751953
2014-05-29,17.502031326293945
2014-05-30,17.270893096923828
2014-06-02,17.141450881958008
2014-06-03,17.030500411987305
2014-06-04,17.15993881225586
2014-06-05,17.36334228515625
2014-06-06,17.31711769104004
2014-06-09,17.418819427490234
2014-06-10,17.35410499572754
2014-06-11,17.43730926513672
2014-06-12,17.418819427490234
2014-06-13,17.668455123901367
2014-06-16,18.084510803222656
2014-06-17,18.703969955444336
2014-06-18,18.78717613220215
2014-06-19,18.657733917236328
2014-06-20,18.740949630737305
2014-06-23,18.833404541015625
2014-06-24,18.455589294433594
2014-06-25,18.705615997314453
2014-06-26,18.779699325561523
2014-06-27,18.89082145690918
2014-06-30,19.029726028442383
2014-07-01,19.15010643005371
2014-07-02,19.001943588256836
2014-07-03,19.048246383666992
2014-07-07,18.594499588012695
2014-07-08,18.23334503173828
2014-07-09,18.39076805114746
2014-07-10,18.205562591552734
2014-07-11,18.26112937927246
2014-07-14,18.353731155395508
2014-07-15,18.187042236328125
2014-07-16,18.19631004333496
2014-07-17,17.835153579711914
2014-07-18,18.23334503173828
2014-07-21,18.372243881225586
2014-07-22,18.529672622680664
2014-07-23,18.177783966064453
2014-07-24,18.103700637817383
2014-07-25,17.899974822998047
2014-07-28,18.048139572143555
2014-07-29,18.0111026763916
2014-07-30,18.205562591552734
2014-07-31,17.677732467651367
2014-08-01,17.53883171081543
2014-08-04,17.659215927124023
2014-08-05,17.714771270751953
2014-08-06,17.94627571105957
2014-08-07,18.075927734375
2014-08-08,18.085187911987305
2014-08-11,18.446327209472656
2014-08-12,18.23334503173828
2014-08-13,18.32594871520996
2014-08-14,18.520410537719727
2014-08-15,18.520410537719727
2014-08-18,18.779699325561523
2014-08-19,18.927854537963867
2014-08-20,19.196407318115234
2014-08-21,19.168624877929688
2014-08-22,19.279747009277344
2014-08-25,19.344572067260742
2014-08-26,19.372352600097656
2014-08-27,19.3260555267334
2014-08-28,19.23345184326172
2014-08-29,19.39087677001953
2014-09-02,19.501995086669922
2014-09-03,19.446435928344727
2014-09-04,19.548295974731445
2014-09-05,19.548295974731445
2014-09-08,19.67793846130371
2014-09-09,19.27048683166504
2014-09-10,19.251962661743164
2014-09-11,19.29827308654785
2014-09-12,19.23345184326172
2014-09-15,18.56671142578125
2014-09-16,18.714872360229492
2014-09-17,18.844512939453125
2014-09-18,18.87230110168457
2014-09-19,18.594499588012695
2014-09-22,18.066659927368164
2014-09-23,18.074079513549805
2014-09-24,18.2596492767334
2014-09-25,17.944189071655273
2014-09-26,18.074079513549805
2014-09-29,18.046253204345703
2014-09-30,17.712228775024414
2014-10-01,17.266876220703125
2014-10-02,17.322546005249023
2014-10-03,17.452442169189453
2014-10-06,16.858625411987305
2014-10-07,16.506053924560547
2014-10-08,16.802967071533203
2014-10-09,16.051416397094727
2014-10-10,15.318435668945312
2014-10-13,14.659679412841797
2014-10-14,14.873079299926758
2014-10-15,15.1235933303833
2014-10-16,15.429773330688477
2014-10-17,15.457611083984375
2014-10-20,15.7823486328125
2014-10-21,16.209152221679688
2014-10-22,15.773066520690918
2014-10-23,16.06998634338379
2014-10-24,16.12564468383789
2014-10-27,15.930805206298828
2014-10-28,16.450382232666016
2014-10-29,16.357601165771484
2014-10-30,16.441110610961914
2014-10-31,16.9514102935791
2014-11-03,16.9606876373291
2014-11-04,16.79368019104004
2014-11-05,16.65450668334961
2014-11-06,16.487503051757812
2014-11-07,16.366880416870117
2014-11-10,16.49677848815918
2014-11-11,16.46894073486328
2014-11-12,16.376157760620117
2014-11-13,16.06998634338379
2014-11-14,16.19059944152832
2014-11-17,16.02358055114746
2014-11-18,16.626667022705078
2014-11-19,16.39471435546875
2014-11-20,16.561725616455078
2014-11-21,16.663785934448242
2014-11-24,16.821516036987305
2014-11-25,16.79368019104004
2014-11-26,16.91429901123047
2014-11-28,16.487503051757812
2014-12-01,15.967916488647461
2014-12-02,16.12564468383789
2014-12-03,16.385440826416016
2014-12-04,16.27409553527832
2014-12-05,16.450382232666016
2014-12-08,15.893683433532715
2014-12-09,16.116365432739258
2014-12-10,15.633901596069336
2014-12-11,15.578228950500488
2014-12-12,15.355551719665527
2014-12-15,15.188539505004883
2014-12-16,15.095758438110352
2014-12-17,15.429773330688477
2014-12-18,15.82873821258545
2014-12-19,15.940085411071777
2014-12-22,16.014305114746094
2014-12-23,16.098052978515625
2014-12-24,16.19110679626465
2014-12-26,16.302766799926758
2014-12-29,16.256244659423828
2014-12-30,16.023609161376953
2014-12-31,16.03292465209961
2015-01-02,16.088748931884766
2015-01-05,15.53974437713623
2015-01-06,15.204751968383789
2015-01-07,15.325718879699707
2015-01-08,15.707232475280762
2015-01-09,15.679320335388184
2015-01-12,15.567655563354492
2015-01-13,15.670013427734375
2015-01-14,15.549046516418457
2015-01-15,15.083784103393555
2015-01-16,15.24196720123291
2015-01-20,15.130308151245117
2015-01-21,15.279191970825195
2015-01-22,15.483909606933594
2015-01-23,15.642091751098633
2015-01-26,15.949174880981445
2015-01-27,15.911956787109375
2015-01-28,15.567655563354492
2015-01-29,15.670013427734375
2015-01-30,15.446685791015625
2015-02-02,15.865422248840332
2015-02-03,16.358600616455078
2015-02-04,16.19110679626465
2015-02-05,16.377206802368164
2015-02-06,16.34929656982422
2015-02-09,16.358600616455078
2015-02-10,16.51679039001465
2015-02-11,16.526090621948242
2015-02-12,16.71219825744629
2015-02-13,16.795940399169922
2015-02-17,16.851778030395508
2015-02-18,16.833168029785156
2015-02-19,16.749420166015625
2015-02-20,16.879684448242188
2015-02-23,16.786643981933594
2015-02-24,17.242589950561523
2015-02-25,17.140239715576172
2015-02-26,17.177461624145508
2015-02-27,17.13093376159668
2015-03-02,17.363563537597656
2015-03-03,17.15885353088379
2015-03-04,17.121627807617188
2015-03-05,17.484539031982422
2015-03-06,17.21468162536621
2015-03-09,17.15885353088379
2015-03-10,16.90760040283203
2015-03-11,17.000661849975586
2015-03-12,17.093713760375977
2015-03-13,17.047189712524414
2015-03-16,17.121627807617188
2015-03-17,17.317041397094727
2015-03-18,17.540363311767578
2015-03-19,17.53105926513672
2015-03-20,17.661333084106445
2015-03-23,17.73577308654785
2015-03-24,17.772998809814453
2015-03-25,17.184043884277344
2015-03-26,17.06289291381836
2015-03-27,17.212003707885742
2015-03-30,17.37973976135254
2015-03-31,17.286548614501953
2015-04-01,17.314512252807617
2015-04-02,17.42633056640625
2015-04-06,17.6033935546875
2015-04-07,17.584754943847656
2015-04-08,17.584754943847656
2015-04-09,17.743173599243164
2015-04-10,17.87363624572754
2015-04-13,17.79908561706543
2015-04-14,17.733856201171875
2015-04-15,18.087974548339844
2015-04-16,18.171846389770508
2015-04-17,17.854999542236328
2015-04-20,18.060016632080078
2015-04-21,18.134571075439453
2015-04-22,18.237071990966797
2015-04-23,18.31163215637207
2015-04-24,17.94818687438965
2015-04-27,17.938875198364258
2015-04-28,18.097291946411133
2015-04-29,17.966829299926758
2015-04-30,17.594070434570312
2015-05-01,17.70589828491211
2015-05-04,17.82703971862793
2015-05-05,17.53815460205078
2015-05-06,17.37973976135254
2015-05-07,17.687259674072266
2015-05-08,18.013416290283203
2015-05-11,18.115928649902344
2015-05-12,18.02273941040039
2015-05-13,18.097291946411133
2015-05-14,18.26503562927246
2015-05-15,18.34890365600586
2015-05-18,18.414134979248047
2015-05-19,18.218433380126953
2015-05-20,18.209121704101562
2015-05-21,18.339584350585938
2015-05-22,18.414134979248047
2015-05-26,18.134571075439453
2015-05-27,18.395498275756836
2015-05-28,18.451406478881836
2015-05-29,18.26503562927246
2015-06-01,18.283668518066406
2015-06-02,18.246395111083984
2015-06-03,18.26503562927246
2015-06-04,17.976144790649414
2015-06-05,18.15320587158203
2015-06-08,17.94818687438965
2015-06-09,17.79908561706543
2015-06-10,17.976144790649414
2015-06-11,18.050701141357422
2015-06-12,17.94818687438965
2015-06-15,18.060016632080078
2015-06-16,18.12525177001953
2015-06-17,18.209121704101562
2015-06-18,18.395498275756836
2015-06-19,18.292987823486328
2015-06-22,18.283668518066406
2015-06-23,18.395498275756836
2015-06-24,18.20421600341797
2015-06-25,18.082918167114258
2015-06-26,17.793663024902344
2015-06-29,17.187171936035156
2015-06-30,17.2244930267334
2015-07-01,17.056537628173828
2015-07-02,17.065868377685547
2015-07-06,16.79528045654297
2015-07-07,16.897924423217773
2015-07-08,16.394058227539062
2015-07-09,16.45937156677246
2015-07-10,16.72063446044922
2015-07-13,16.869924545288086
2015-07-14,17.00055694580078
2015-07-15,16.729963302612305
2015-07-16,16.748628616333008
2015-07-17,16.68331527709961
2015-07-20,16.70197296142578
2015-07-21,16.48736572265625
2015-07-22,16.058151245117188
2015-07-23,16.00217056274414
2015-07-24,15.806225776672363
2015-07-27,15.666269302368164
2015-07-28,15.927529335021973
2015-07-29,16.18878746032715
2015-07-30,16.207441329956055
2015-07-31,15.918198585510254
2015-08-03,15.628935813903809
2015-08-04,15.56362247467041
2015-08-05,15.946186065673828
2015-08-06,15.237053871154785
2015-08-07,14.985123634338379
2015-08-10,15.237053871154785
2015-08-11,14.770516395568848
2015-08-12,15.022443771362305
2015-08-13,15.041105270385742
2015-08-14,14.994454383850098
2015-08-17,15.190398216247559
2015-08-18,15.031776428222656
2015-08-19,14.667876243591309
2015-08-20,14.080041885375977
2015-08-21,13.613507270812988
2015-08-24,13.352250099182129
2015-08-25,13.062994003295898
2015-08-26,13.417564392089844
2015-08-27,13.893431663513184
2015-08-28,14.126697540283203
2015-08-31,14.164023399353027
2015-09-01,13.744139671325684
2015-09-02,13.977404594421387
2015-09-03,14.22933292388916
2015-09-04,13.977404594421387
2015-09-08,14.415948867797852
2015-09-09,14.24799919128418
2015-09-10,14.052054405212402
2015-09-11,14.089373588562012
2015-09-14,13.968077659606934
2015-09-15,14.201340675354004
2015-09-16,14.387957572937012
2015-09-17,14.387957572937012
2015-09-18,14.117362976074219
2015-09-21,14.04272174835205
2015-09-22,13.716144561767578
2015-09-23,13.468463897705078
2015-09-24,13.421724319458008
2015-09-25,13.290876388549805
2015-09-28,12.767465591430664
2015-09-29,12.75811767578125
2015-09-30,13.113293647766113
2015-10-01,12.963744163513184
2015-10-02,13.477807998657227
2015-10-05,13.96382999420166
2015-10-06,14.047951698303223
2015-10-07,14.300310134887695
2015-10-08,14.375080108642578
2015-10-09,14.403120040893555
2015-10-12,14.262921333312988
2015-10-13,14.141413688659668
2015-10-14,14.449853897094727
2015-10-15,14.496590614318848
2015-10-16,14.412468910217285
2015-10-19,14.300310134887695
2015-10-20,14.150763511657715
2015-10-21,13.814286231994629
2015-10-22,14.047951698303223
2015-10-23,14.169455528259277
2015-10-26,14.104028701782227
2015-10-27,13.776896476745605
2015-10-28,14.169455528259277
2015-10-29,14.094682693481445
2015-10-30,13.982525825500488
2015-11-02,14.206842422485352
2015-11-03,14.393775939941406
2015-11-04,14.496590614318848
2015-11-05,14.33769416809082
2015-11-06,14.431158065795898
2015-11-09,14.225534439086914
2015-11-10,13.78624439239502
2015-11-11,13.62735366821289
2015-11-12,13.281527519226074
2015-11-13,13.150677680969238
2015-11-16,13.365649223327637
2015-11-17,13.010478973388672
2015-11-18,13.337611198425293
2015-11-19,13.318915367126465
2015-11-20,13.421724319458008
2015-11-23,13.393688201904297
2015-11-24,13.599316596984863
2015-11-25,13.62735366821289
2015-11-27,13.720819473266602
2015-11-30,13.851673126220703
2015-12-01,14.178803443908691
2015-12-02,14.25357437133789
2015-12-03,14.206842422485352
2015-12-04,14.262921333312988
2015-12-07,14.047951698303223
2015-12-08,13.926443099975586
2015-12-09,13.945136070251465
2015-12-10,13.898404121398926
2015-12-11,13.692778587341309
2015-12-14,13.898404121398926
2015-12-15,14.11337661743164
2015-12-16,14.9732666015625
2015-12-17,14.861104011535645
2015-12-18,14.879801750183105
2015-12-21,15.048035621643066
2015-12-22,14.90783977508545
2015-12-23,15.055867195129395
2015-12-24,15.187034606933594
2015-12-28,15.065237045288086
2015-12-29,15.112079620361328
2015-12-30,15.112079620361328
2015-12-31,15.037129402160645
2016-01-04,14.859119415283203
2016-01-05,14.924705505371094
2016-01-06,14.559316635131836
2016-01-07,13.809799194335938
2016-01-08,13.744216918945312
2016-01-11,13.641159057617188
2016-01-12,13.556839942932129
2016-01-13,13.06965446472168
2016-01-14,13.144609451293945
2016-01-15,12.741744041442871
2016-01-19,12.535627365112305
2016-01-20,12.685529708862305
2016-01-21,12.835433959960938
2016-01-22,13.191451072692871
2016-01-25,12.929121017456055
2016-01-26,13.16334342956543
2016-01-27,12.966596603393555
2016-01-28,13.079023361206055
2016-01-29,13.444411277770996
2016-02-01,13.481887817382812
2016-02-02,12.985332489013672
2016-02-03,13.022810935974121
2016-02-04,13.210187911987305
2016-02-05,12.854166030883789
2016-02-08,12.413826942443848
2016-02-09,12.395092010498047
2016-02-10,12.067180633544922
2016-02-11,11.823587417602539
2016-02-12,11.954752922058105
2016-02-16,12.423196792602539
2016-02-17,12.779218673706055
2016-02-18,12.741744041442871
2016-02-19,12.610578536987305
2016-02-22,12.844802856445312
2016-02-23,12.629313468933105
2016-02-24,12.957226753234863
2016-02-25,13.153976440429688
2016-02-26,13.219555854797363
2016-02-29,13.350723266601562
2016-03-01,13.30388069152832
2016-03-02,13.528730392456055
2016-03-03,13.594315528869629
2016-03-04,13.56620979309082
2016-03-07,13.641159057617188
2016-03-08,13.500624656677246
2016-03-09,13.697368621826172
2016-03-10,13.678633689880371
2016-03-11,13.931593894958496
2016-03-14,13.950333595275879
2016-03-15,13.88475227355957
2016-03-16,13.997177124023438
2016-03-17,14.18455696105957
2016-03-18,14.231401443481445
2016-03-21,14.203293800354004
2016-03-22,14.072129249572754
2016-03-23,13.603342056274414
2016-03-24,13.678497314453125
2016-03-28,13.659708976745605
2016-03-29,13.875787734985352
2016-03-30,13.932151794433594
2016-03-31,13.91336441040039
2016-04-01,13.969727516174316
2016-04-04,13.85699462890625
2016-04-05,13.875787734985352
2016-04-06,14.063675880432129
2016-04-07,13.819419860839844
2016-04-08,13.828811645507812
2016-04-11,13.866389274597168
2016-04-12,13.894573211669922
2016-04-13,14.242172241210938
2016-04-14,14.185808181762695
2016-04-15,14.120041847229004
2016-04-18,14.298538208007812
2016-04-19,14.204591751098633
2016-04-20,14.40187931060791
2016-04-21,14.467641830444336
2016-04-22,14.533404350280762
2016-04-25,14.298538208007812
2016-04-26,14.552192687988281
2016-04-27,14.683714866638184
2016-04-28,14.307934761047363
2016-04-29,13.997912406921387
2016-05-02,14.02609634399414
2016-05-03,13.640920639038086
2016-05-04,13.396660804748535
2016-05-05,13.227559089660645
2016-05-06,13.246347427368164
2016-05-09,13.152400016784668
2016-05-10,13.067851066589355
2016-05-11,13.096034049987793
2016-05-12,12.917535781860352
2016-05-13,12.898748397827148
2016-05-16,13.039668083190918
2016-05-17,12.870567321777344
2016-05-18,12.955114364624023
2016-05-19,12.955114364624023
2016-05-20,13.218165397644043
2016-05-23,13.43423843383789
2016-05-24,13.659708976745605
2016-05-25,13.716073989868164
2016-05-26,13.734862327575684
2016-05-27,13.753657341003418
2016-05-31,13.828811645507812
2016-06-01,13.772444725036621
2016-06-02,13.763050079345703
2016-06-03,13.716073989868164
2016-06-06,13.932151794433594
2016-06-07,14.063675880432129
2016-06-08,14.101255416870117
2016-06-09,13.979125022888184
2016-06-10,13.537579536437988
2016-06-13,13.43423843383789
2016-06-14,13.43423843383789
2016-06-15,13.43423843383789
2016-06-16,13.387267112731934
2016-06-17,13.349688529968262
2016-06-20,13.584553718566895
2016-06-21,13.54697322845459
2016-06-22,13.398001670837402
2016-06-23,13.539430618286133
2016-06-24,12.964286804199219
2016-06-27,12.521145820617676
2016-06-28,12.954856872558594
2016-06-29,13.237716674804688
2016-06-30,13.473430633544922
2016-07-01,13.567717552185059
2016-07-05,13.3414306640625
2016-07-06,13.426287651062012
2016-07-07,13.407432556152344
2016-07-08,13.718574523925781
2016-07-11,13.897714614868164
2016-07-12,13.982572555541992
2016-07-13,13.888289451599121
2016-07-14,14.058002471923828
2016-07-15,13.992003440856934
2016-07-18,14.171143531799316
2016-07-19,14.105146408081055
2016-07-20,14.274857521057129
2016-07-21,14.171143531799316
2016-07-22,14.208857536315918
2016-07-25,14.274857521057129
2016-07-26,14.736857414245605
2016-07-27,14.680288314819336
2016-07-28,14.567145347595215
2016-07-29,14.576571464538574
2016-08-01,14.55771541595459
2016-08-02,14.406858444213867
2016-08-03,14.510574340820312
2016-08-04,14.378575325012207
2016-08-05,14.54828929901123
2016-08-08,14.55771541595459
2016-08-09,14.501145362854004
2016-08-10,14.227714538574219
2016-08-11,14.29371452331543
2016-08-12,14.303141593933105
2016-08-15,14.406858444213867
2016-08-16,14.284289360046387
2016-08-17,14.114574432373047
2016-08-18,14.256000518798828
2016-08-19,14.256000518798828
2016-08-22,14.227714538574219
2016-08-23,14.35971736907959
2016-08-24,14.171143531799316
2016-08-25,14.208857536315918
2016-08-26,14.19000244140625
2016-08-29,14.208857536315918
2016-08-30,14.19000244140625
2016-08-31,14.12399959564209
2016-09-01,14.105146408081055
2016-09-02,14.171143531799316
2016-09-06,14.23714542388916
2016-09-07,14.23714542388916
2016-09-08,14.23714542388916
2016-09-09,13.7940034866333
2016-09-12,13.954291343688965
2016-09-13,13.65257453918457
2016-09-14,13.55828857421875
2016-09-15,13.737430572509766
2016-09-16,13.746859550476074
2016-09-19,13.888289451599121
2016-09-20,13.841145515441895
2016-09-21,13.92080020904541
2016-09-22,14.224250793457031
2016-09-23,14.13890552520752
2016-09-26,13.996665000915527
2016-09-27,14.15787124633789
2016-09-28,14.271665573120117
2016-09-29,14.176837921142578
2016-09-30,14.347524642944336
2016-10-03,14.281148910522461
2016-10-04,14.14838695526123
2016-10-05,14.281148910522461
2016-10-06,14.290631294250488
2016-10-07,14.063041687011719
2016-10-10,14.15787124633789
2016-10-11,13.882871627807617
2016-10-12,13.835455894470215
2016-10-13,13.788043022155762
2016-10-14,13.797525405883789
2016-10-17,13.712177276611328
2016-10-18,13.901836395263672
2016-10-19,13.92080020904541
2016-10-20,13.94925308227539
2016-10-21,13.939766883850098
2016-10-24,14.015629768371582
2016-10-25,13.901836395263672
2016-10-26,13.892353057861328
2016-10-27,13.816489219665527
2016-10-28,13.740625381469727
2016-10-31,13.769078254699707
2016-11-01,13.588899612426758
2016-11-02,13.503556251525879
2016-11-03,13.513038635253906
2016-11-04,13.550972938537598
2016-11-07,13.769078254699707
2016-11-08,13.825970649719238
2016-11-09,13.664763450622559
2016-11-10,13.65528392791748
2016-11-11,13.97769546508789
2016-11-14,14.110456466674805
2016-11-15,14.252699851989746
2016-11-16,14.233734130859375
2016-11-17,14.176837921142578
2016-11-18,14.167351722717285
2016-11-21,14.195801734924316
2016-11-22,14.4518404006958
2016-11-23,14.622530937194824
2016-11-25,14.698393821716309
2016-11-28,14.641495704650879
2016-11-29,14.489771842956543
2016-11-30,14.394942283630371
2016-12-01,14.02511215209961
2016-12-02,14.072526931762695
2016-12-05,14.347524642944336
2016-12-06,14.404422760009766
2016-12-07,14.71735954284668
2016-12-08,14.783738136291504
2016-12-09,14.821667671203613
2016-12-12,14.660460472106934
2016-12-13,14.783738136291504
2016-12-14,14.632017135620117
2016-12-15,14.802702903747559
2016-12-16,14.783738136291504
2016-12-19,14.944945335388184
2016-12-20,14.963911056518555
2016-12-21,14.89272403717041
2016-12-22,14.778820991516113
2016-12-23,14.873741149902344
2016-12-27,15.101544380187988
2016-12-28,14.816787719726562
2016-12-29,14.788311004638672
2016-12-30,14.636444091796875
2017-01-03,14.82628059387207
2017-01-04,15.101544380187988
2017-01-05,14.997132301330566
2017-01-06,15.054082870483398
2017-01-09,14.902214050292969
2017-01-10,14.987641334533691
2017-01-11,15.044590950012207
2017-01-12,14.921195983886719
2017-01-13,15.12053108215332
2017-01-17,14.930688858032227
2017-01-18,15.00662612915039
2017-01-19,14.949676513671875
2017-01-20,15.073066711425781
2017-01-23,14.997132301330566
2017-01-24,15.167985916137695
2017-01-25,15.329349517822266
2017-01-26,15.272396087646484
2017-01-27,15.15849494934082
2017-01-30,14.997132301330566
2017-01-31,15.035099983215332
2017-02-01,15.101544380187988
2017-02-02,14.997132301330566
2017-02-03,15.196459770202637
2017-02-06,15.15849494934082
2017-02-07,15.15849494934082
2017-02-08,15.224940299987793
2017-02-09,15.262907028198242
2017-02-10,15.395792007446289
2017-02-13,15.623600959777832
2017-02-14,15.671059608459473
2017-02-15,15.86089038848877
2017-02-16,15.765974044799805
2017-02-17,15.88936710357666
2017-02-21,16.164628982543945
2017-02-22,15.955806732177734
2017-02-23,15.90835189819336
2017-02-24,16.04123878479004
2017-02-27,16.107683181762695
2017-02-28,15.822922706604004
2017-03-01,15.90835189819336
2017-03-02,15.822922706604004
2017-03-03,15.69953441619873
2017-03-06,15.604615211486816
2017-03-07,15.55715560913086
2017-03-08,15.519187927246094
2017-03-09,15.452742576599121
2017-03-10,15.519187927246094
2017-03-13,15.642579078674316
2017-03-14,15.566644668579102
2017-03-15,15.822922706604004
2017-03-16,15.927337646484375
2017-03-17,15.917840957641602
2017-03-20,15.851402282714844
2017-03-21,15.40528392791748
2017-03-22,15.481218338012695
2017-03-23,15.489770889282227
2017-03-24,15.565790176391602
2017-03-27,15.603802680969238
2017-03-28,15.774861335754395
2017-03-29,15.812871932983398
2017-03-30,15.907898902893066
2017-03-31,15.926900863647461
2017-04-03,15.869892120361328
2017-04-04,15.660823822021484
2017-04-05,15.480271339416504
2017-04-06,15.584795951843262
2017-04-07,15.679830551147461
2017-04-10,15.83187484741211
2017-04-11,15.822373390197754
2017-04-12,15.556292533874512
2017-04-13,15.480271339416504
2017-04-17,15.57529354095459
2017-04-18,15.622812271118164
2017-04-19,15.660823822021484
2017-04-20,15.7843656539917
2017-04-21,15.6893310546875
2017-04-24,16.01243019104004
2017-04-25,16.11697006225586
2017-04-26,16.069448471069336
2017-04-27,16.164478302001953
2017-04-28,15.974416732788086
2017-05-01,16.031431198120117
2017-05-02,16.002931594848633
2017-05-03,15.926900863647461
2017-05-04,15.841379165649414
2017-05-05,16.20248031616211
2017-05-08,16.26900863647461
2017-05-09,16.459068298339844
2017-05-10,16.56360626220703
2017-05-11,16.497079849243164
2017-05-12,16.33553123474121
2017-05-15,16.497079849243164
2017-05-16,16.459068298339844
2017-05-17,15.95541763305664
2017-05-18,16.09795570373535
2017-05-19,16.164478302001953
2017-05-22,16.3830509185791
2017-05-23,16.326025009155273
2017-05-24,16.516088485717773
2017-05-25,16.54459571838379
2017-05-26,16.535093307495117
2017-05-30,16.620620727539062
2017-05-31,16.582611083984375
2017-06-01,16.782167434692383
2017-06-02,16.848691940307617
2017-06-05,16.839189529418945
2017-06-06,16.962724685668945
2017-06-07,17.019744873046875
2017-06-08,17.428373336791992
2017-06-09,17.114768981933594
2017-06-12,17.010236740112305
2017-06-13,17.171785354614258
2017-06-14,17.02924156188965
2017-06-15,16.867694854736328
2017-06-16,16.848691940307617
2017-06-19,17.000734329223633
2017-06-20,16.839189529418945
2017-06-21,16.867694854736328
2017-06-22,17.168432235717773
2017-06-23,17.37779998779297
2017-06-26,17.387313842773438
2017-06-27,17.149394989013672
2017-06-28,17.368284225463867
2017-06-29,17.22553253173828
2017-06-30,17.21601104736328
2017-07-03,17.1303653717041
2017-07-05,16.987611770629883
2017-07-06,16.797269821166992
2017-07-07,16.97808837890625
2017-07-10,17.073257446289062
2017-07-11,17.149394989013672
2017-07-12,17.52054786682129
2017-07-13,17.511037826538086
2017-07-14,17.739439010620117
2017-07-17,17.682340621948242
2017-07-18,17.901226043701172
2017-07-19,18.19625473022461
2017-07-20,18.24383544921875
2017-07-21,18.148666381835938
2017-07-24,18.234317779541016
2017-07-25,18.19625473022461
2017-07-26,18.224802017211914
2017-07-27,18.043977737426758
2017-07-28,18.148666381835938
2017-07-31,18.043977737426758
2017-08-01,18.091567993164062
2017-08-02,17.83460235595703
2017-08-03,17.8536376953125
2017-08-04,17.872671127319336
2017-08-07,18.063013076782227
2017-08-08,17.948816299438477
2017-08-09,17.844120025634766
2017-08-10,17.368284225463867
2017-08-11,17.453933715820312
2017-08-14,17.767986297607422
2017-08-15,17.720407485961914
2017-08-16,17.672819137573242
2017-08-17,17.263593673706055
2017-08-18,17.24456024169922
2017-08-21,17.025676727294922
2017-08-22,17.235048294067383
2017-08-23,17.292144775390625
2017-08-24,17.434900283813477
2017-08-25,17.292144775390625
2017-08-28,17.32069969177246
2017-08-29,17.37779998779297
2017-08-30,17.69186019897461
2017-08-31,17.844120025634766
2017-09-01,17.92977523803711
2017-09-05,17.825096130371094
2017-09-06,17.815576553344727
2017-09-07,17.844120025634766
2017-09-08,17.720407485961914
2017-09-11,18.024948120117188
2017-09-12,18.082048416137695
2017-09-13,18.10108184814453
2017-09-14,18.17721939086914
2017-09-15,18.27238655090332
2017-09-18,18.443687438964844
2017-09-19,18.367551803588867
2017-09-20,18.234317779541016
2017-09-21,18.116207122802734
2017-09-22,18.18288230895996
2017-09-25,17.88760757446289
2017-09-26,17.88760757446289
2017-09-27,18.22098731994629
2017-09-28,18.25908088684082
2017-09-29,18.316232681274414
2017-10-02,18.43052864074707
2017-10-03,18.535303115844727
2017-10-04,18.649600982666016
2017-10-05,18.640073776245117
2017-10-06,18.678176879882812
2017-10-09,18.582923889160156
2017-10-10,18.697221755981445
2017-10-11,18.611501693725586
2017-10-12,18.735322952270508
2017-10-13,18.78294563293457
2017-10-16,18.792469024658203
2017-10-17,18.8115177154541
2017-10-18,18.982969284057617
2017-10-19,18.91629409790039
2017-10-20,18.992490768432617
2017-10-23,18.954391479492188
2017-10-24,19.021066665649414
2017-10-25,18.697221755981445
2017-10-26,18.76389503479004
2017-10-27,19.09726333618164
2017-10-30,19.24013900756836
2017-10-31,19.430639266967773
2017-11-01,19.268712997436523
2017-11-02,19.116313934326172
2017-11-03,19.411582946777344
2017-11-06,19.71637535095215
2017-11-07,19.58303451538086
2017-11-08,19.573509216308594
2017-11-09,19.430639266967773
2017-11-10,19.4973087310791
2017-11-13,19.525880813598633
2017-11-14,19.47825813293457
2017-11-15,19.27823829650879
2017-11-16,19.53541374206543
2017-11-17,19.53541374206543
2017-11-20,19.63065528869629
2017-11-21,19.792577743530273
2017-11-22,19.70685386657715
2017-11-24,19.792577743530273
2017-11-27,19.64970588684082
2017-11-28,19.821147918701172
2017-11-29,19.211566925048828
2017-11-30,19.392532348632812
2017-12-01,19.154415130615234
2017-12-04,18.678176879882812
2017-12-05,18.72579574584961
2017-12-06,18.72579574584961
2017-12-07,19.021066665649414
2017-12-08,19.106782913208008
2017-12-11,19.1925106048584
2017-12-12,19.211566925048828
2017-12-13,19.20203971862793
2017-12-14,19.221084594726562
2017-12-15,19.5068302154541
2017-12-18,19.840198516845703
2017-12-19,19.61160659790039
2017-12-20,19.62113380432129
2017-12-21,19.64116668701172
2017-12-22,19.507614135742188
2017-12-26,19.40268325805664
2017-12-27,19.507614135742188
2017-12-28,19.517152786254883
2017-12-29,19.364530563354492
2018-01-02,19.774717330932617
2018-01-03,19.860557556152344
2018-01-04,19.889179229736328
2018-01-05,20.01319122314453
2018-01-08,20.35660171508789
2018-01-09,19.936880111694336
2018-01-10,19.774717330932617
2018-01-11,20.28029441833496
2018-01-12,20.251672744750977
2018-01-16,20.127662658691406
2018-01-17,20.423372268676758
2018-01-18,20.394756317138672
2018-01-19,20.55692481994629
2018-01-22,20.528308868408203
2018-01-23,20.471067428588867
2018-01-24,20.251672744750977
2018-01-25,19.994108200073242
2018-01-26,20.270748138427734
2018-01-29,20.099040985107422
2018-01-30,19.860557556152344
2018-01-31,19.793790817260742
2018-02-01,19.660240173339844
2018-02-02,19.221437454223633
2018-02-05,18.39153289794922
2018-02-06,18.553693771362305
2018-02-07,18.448766708374023
2018-02-08,17.847797393798828
2018-02-09,18.000431060791016
2018-02-12,18.286598205566406
2018-02-13,18.439226150512695
2018-02-14,18.820789337158203
2018-02-15,19.183284759521484
2018-02-16,19.16420555114746
2018-02-20,19.278671264648438
2018-02-21,19.345447540283203
2018-02-22,19.145126342773438
2018-02-23,18.982959747314453
2018-02-26,19.335914611816406
2018-02-27,19.154664993286133
2018-02-28,18.93526840209961
2018-03-01,18.696788787841797
2018-03-02,18.89710807800293
2018-03-05,19.021116256713867
2018-03-06,19.316835403442383
2018-03-07,19.326372146606445
2018-03-08,19.38360595703125
2018-03-09,19.631620407104492
2018-03-12,19.841487884521484
2018-03-13,19.65070343017578
2018-03-14,19.469459533691406
2018-03-15,19.393144607543945
2018-03-16,19.574386596679688
2018-03-19,19.354990005493164
2018-03-20,19.488536834716797
2018-03-21,19.64116668701172
2018-03-22,19.11625099182129
2018-03-23,18.858572006225586
2018-03-26,19.18305778503418
2018-03-27,18.7344970703125
2018-03-28,18.257307052612305
2018-03-29,18.629518508911133
2018-04-02,18.114154815673828
2018-04-03,18.381380081176758
2018-04-04,18.639057159423828
2018-04-05,18.92537498474121
2018-04-06,18.514991760253906
2018-04-09,18.46727752685547
2018-04-10,18.849021911621094
2018-04-11,18.81085205078125
2018-04-12,18.91583251953125
2018-04-13,18.877660751342773
2018-04-16,18.849021911621094
2018-04-17,19.125795364379883
2018-04-18,19.354846954345703
2018-04-19,19.049442291259766
2018-04-20,18.896745681762695
2018-04-23,18.744041442871094
2018-04-24,18.572254180908203
2018-04-25,18.495908737182617
2018-04-26,18.648609161376953
2018-04-27,18.629518508911133
2018-04-30,18.28594207763672
2018-05-01,18.238218307495117
2018-05-02,18.45772933959961
2018-05-03,18.30502700805664
2018-05-04,18.61997413635254
2018-05-07,18.858572006225586
2018-05-08,18.849021911621094
2018-05-09,19.030359268188477
2018-05-10,19.316673278808594
2018-05-11,19.221237182617188
2018-05-14,19.326217651367188
2018-05-15,19.307130813598633
2018-05-16,19.393022537231445
2018-05-17,19.421653747558594
2018-05-18,19.268953323364258
2018-05-21,19.478914260864258
2018-05-22,19.345304489135742
2018-05-23,19.2021484375
2018-05-24,19.144882202148438
2018-05-25,19.24032211303711
2018-05-29,19.316673278808594
2018-05-30,19.450286865234375
2018-05-31,19.23078155517578
2018-06-01,19.23078155517578
2018-06-04,19.211692810058594
2018-06-05,19.163970947265625
2018-06-06,19.27849769592285
2018-06-07,19.154430389404297
2018-06-08,19.058990478515625
2018-06-11,19.144882202148438
2018-06-12,19.297584533691406
2018-06-13,19.345304489135742
2018-06-14,19.49800682067871
2018-06-15,19.23078155517578
2018-06-18,19.402568817138672
2018-06-19,19.097169876098633
2018-06-20,19.24032211303711
2018-06-21,19.026891708374023
2018-06-22,19.05560302734375
2018-06-25,18.739768981933594
2018-06-26,18.86418914794922
2018-06-27,18.577064514160156
2018-06-28,18.60577392578125
2018-06-29,18.653629302978516
2018-07-02,18.653629302978516
2018-07-03,18.672771453857422
2018-07-05,18.921615600585938
2018-07-06,19.151317596435547
2018-07-09,19.285308837890625
2018-07-10,19.42886734008789
2018-07-11,19.122602462768555
2018-07-12,19.247026443481445
2018-07-13,19.237449645996094
2018-07-16,19.093887329101562
2018-07-17,19.227880477905273
2018-07-18,19.342729568481445
2018-07-19,19.381013870239258
2018-07-20,19.141740798950195
2018-07-23,18.969467163085938
2018-07-24,18.873754501342773
2018-07-25,19.026891708374023
2018-07-26,19.227880477905273
2018-07-27,19.007747650146484
2018-07-30,18.78761863708496
2018-07-31,19.10345458984375
2018-08-01,19.05560302734375
2018-08-02,19.495868682861328
2018-08-03,19.304447174072266
2018-08-06,19.438440322875977
2018-08-07,19.83084487915039
2018-08-08,19.67771339416504
2018-08-09,19.601146697998047
2018-08-10,19.419301986694336
2018-08-13,19.42886734008789
2018-08-14,19.467153549194336
2018-08-15,19.122602462768555
2018-08-16,19.247026443481445
2018-08-17,19.036462783813477
2018-08-20,19.170452117919922
2018-08-21,19.515010833740234
2018-08-22,19.448009490966797
2018-08-23,19.275733947753906
2018-08-24,19.52457618713379
2018-08-27,19.696855545043945
2018-08-28,19.53414535522461
2018-08-29,19.629858016967773
2018-08-30,19.409727096557617
2018-08-31,19.62028694152832
2018-09-04,19.515010833740234
2018-09-05,19.42886734008789
2018-09-06,19.21830940246582
2018-09-07,18.95989418029785
2018-09-10,19.036462783813477
2018-09-11,19.237449645996094
2018-09-12,19.247026443481445
2018-09-13,19.36187171936035
2018-09-14,19.440479278564453
2018-09-17,19.3062744140625
2018-09-18,19.28710174560547
2018-09-19,19.402137756347656
2018-09-20,19.641782760620117
2018-09-21,19.62261199951172
2018-09-24,19.53633689880371
2018-09-25,19.21040916442871
2018-09-26,19.08579444885254
2018-09-27,19.07621192932129
2018-09-28,18.884485244750977
2018-10-01,19.028278350830078
2018-10-02,19.172067642211914
2018-10-03,18.9803466796875
2018-10-04,18.55855941772461
2018-10-05,18.175121307373047
2018-10-08,18.069671630859375
2018-10-09,17.954639434814453
2018-10-10,17.465755462646484
2018-10-11,17.417827606201172
2018-10-12,17.389062881469727
2018-10-15,17.70541000366211
2018-10-16,18.16553497314453
2018-10-17,18.012161254882812
2018-10-18,17.724573135375977
2018-10-19,17.599964141845703
2018-10-22,17.532855987548828
2018-10-23,17.599964141845703
2018-10-24,16.881006240844727
2018-10-25,17.23569107055664
2018-10-26,17.08231544494629
2018-10-29,17.101486206054688
2018-10-30,17.657480239868164
2018-10-31,17.935468673706055
2018-11-01,18.616079330444336
2018-11-02,18.46270179748535
2018-11-05,18.45311737060547
2018-11-06,18.357255935668945
2018-11-07,18.769458770751953
2018-11-08,18.568151473999023
2018-11-09,18.45311737060547
2018-11-12,17.85878562927246
2018-11-13,17.94505500793457
2018-11-14,17.8204402923584
2018-11-15,18.27098274230957
2018-11-16,18.386014938354492
2018-11-19,18.098432540893555
2018-11-20,17.762920379638672
2018-11-21,17.98340606689453
2018-11-23,17.99298858642578
2018-11-26,18.251811981201172
2018-11-27,18.261394500732422
2018-11-28,18.711936950683594
2018-11-29,18.64484214782715
2018-11-30,18.750282287597656
2018-12-03,19.028278350830078
2018-12-04,18.4722900390625
2018-12-06,18.2901554107666
2018-12-07,17.916296005249023
2018-12-10,18.031335830688477
2018-12-11,18.002573013305664
2018-12-12,18.098432540893555
2018-12-13,18.175121307373047
2018-12-14,17.83003044128418
2018-12-17,17.30278968811035
2018-12-18,17.41161346435547
2018-12-19,16.97825050354004
2018-12-20,16.487106323242188
2018-12-21,16.284866333007812
2018-12-24,15.707046508789062
2018-12-26,16.718233108520508
2018-12-27,16.670080184936523
2018-12-28,16.795272827148438
2018-12-31,16.968624114990234
2019-01-02,16.987884521484375
2019-01-03,16.419694900512695
2019-01-04,17.093814849853516
2019-01-07,17.344205856323242
2019-01-08,17.469392776489258
2019-01-09,17.623477935791016
2019-01-10,18.008699417114258
2019-01-11,18.124256134033203
2019-01-14,17.73904800415039
2019-01-15,17.74867820739746
2019-01-16,17.85460662841797
2019-01-17,18.143516540527344
2019-01-18,18.06648063659668
2019-01-22,17.594587326049805
2019-01-23,17.652372360229492
2019-01-24,18.05684471130371
2019-01-25,18.43242835998535
2019-01-28,18.4709529876709
2019-01-29,18.4709529876709
2019-01-30,18.60577392578125
2019-01-31,18.71170997619629
2019-02-01,18.904312133789062
2019-02-04,19.12580680847168
2019-02-05,19.164335250854492
2019-02-06,19.356935501098633
2019-02-07,18.962099075317383
2019-02-08,18.933208465576172
2019-02-11,19.154701232910156
2019-02-12,19.29915428161621
2019-02-13,19.366573333740234
2019-02-14,19.376197814941406
2019-02-15,19.491764068603516
2019-02-19,19.684370040893555
2019-02-20,19.58806610107422
2019-02-21,19.684370040893555
2019-02-22,20.079212188720703
2019-02-25,20.291078567504883
2019-02-26,20.146625518798828
2019-02-27,20.17551612854004
2019-02-28,20.156253814697266
2019-03-01,19.944385528564453
2019-03-04,19.97327995300293
2019-03-05,19.93475914001465
2019-03-06,19.5399169921875
2019-03-07,19.289522171020508
2019-03-08,19.289522171020508
2019-03-11,19.732519149780273
2019-03-12,19.78067970275879
2019-03-13,19.915494918823242
2019-03-14,19.828828811645508
2019-03-15,19.79030418395996
2019-03-18,19.93475914001465
2019-03-19,19.857717514038086
2019-03-20,19.828828811645508
2019-03-21,19.987098693847656
2019-03-22,19.379091262817383
2019-03-25,19.253629684448242
2019-03-26,19.20537567138672
2019-03-27,19.186071395874023
2019-03-28,19.186071395874023
2019-03-29,19.388742446899414
2019-04-01,19.774776458740234
2019-04-02,19.80373191833496
2019-04-03,20.122215270996094
2019-04-04,20.16082191467285
2019-04-05,20.411739349365234
2019-04-08,20.46000099182129
2019-04-09,20.21872329711914
2019-04-10,20.469648361206055
2019-04-11,20.27662467956543
2019-04-12,20.373138427734375
2019-04-15,20.450347900390625
2019-04-16,20.54685401916504
2019-04-17,20.556503295898438
2019-04-18,20.585458755493164
2019-04-22,20.450347900390625
2019-04-23,20.5661563873291
2019-04-24,20.5661563873291
2019-04-25,20.257326126098633
2019-04-26,20.295930862426758
2019-04-29,20.27662467956543
2019-04-30,20.22837257385254
2019-05-01,20.16082191467285
2019-05-02,20.22837257385254
2019-05-03,20.7302188873291
2019-05-06,20.469648361206055
2019-05-07,20.382787704467773
2019-05-08,20.151166915893555
2019-05-09,19.90989112854004
2019-05-10,19.84233283996582
2019-05-13,19.060606002807617
2019-05-14,19.465946197509766
2019-05-15,19.620363235473633
2019-05-16,19.581764221191406
2019-05-17,19.166765213012695
2019-05-20,18.800033569335938
2019-05-21,19.272933959960938
2019-05-22,19.108867645263672
2019-05-23,18.64561653137207
2019-05-24,18.76143455505371
2019-05-28,18.780731201171875
2019-05-29,18.4912052154541
2019-05-30,18.529808044433594
2019-05-31,18.153425216674805
2019-06-03,18.375396728515625
2019-06-04,18.9834041595459
2019-06-05,18.935148239135742
2019-06-06,19.1474666595459
2019-06-07,19.321186065673828
2019-06-10,19.64931297302246
2019-06-11,19.745824813842773
2019-06-12,19.533506393432617
2019-06-13,19.82303810119629
2019-06-14,19.430747985839844
2019-06-17,19.5177059173584
2019-06-18,20.0201416015625
2019-06-19,20.078115463256836
2019-06-20,20.242374420166016
2019-06-21,20.097436904907227
2019-06-24,20.097436904907227
2019-06-25,19.720613479614258
2019-06-26,19.933177947998047
2019-06-27,20.29068374633789
2019-06-28,20.39697265625
2019-07-01,20.754467010498047
2019-07-02,20.55156898498535
2019-07-03,20.831771850585938
2019-07-05,20.86075782775879
2019-07-08,20.64818572998047
2019-07-09,20.78346061706543
2019-07-10,20.831771850585938
2019-07-11,20.561227798461914
2019-07-12,20.918729782104492
2019-07-15,20.93805503845215
2019-07-16,20.996028900146484
2019-07-17,20.996028900146484
2019-07-18,21.06366729736328
2019-07-19,21.218263626098633
2019-07-22,21.19893455505371
2019-07-23,21.401838302612305
2019-07-24,21.76900863647461
2019-07-25,21.247243881225586
2019-07-26,21.372852325439453
2019-07-29,21.363195419311523
2019-07-30,21.517793655395508
2019-07-31,21.479141235351562
2019-08-01,21.227920532226562
2019-08-02,21.054000854492188
2019-08-05,20.15541648864746
2019-08-06,20.493595123291016
2019-08-07,20.928390502929688
2019-08-08,21.33420753479004
2019-08-09,21.03467559814453
2019-08-12,20.63852882385254
2019-08-13,21.03467559814453
2019-08-14,20.242374420166016
2019-08-15,20.145748138427734
2019-08-16,20.619203567504883
2019-08-19,20.986364364624023
2019-08-20,20.899404525756836
2019-08-21,20.880081176757812
2019-08-22,20.754467010498047
2019-08-23,20.107105255126953
2019-08-26,20.223052978515625
2019-08-27,20.058794021606445
2019-08-28,20.223052978515625
2019-08-29,20.474271774291992
2019-08-30,20.532243728637695
2019-09-03,20.15541648864746
2019-09-04,20.51291847229004
2019-09-05,20.87041664123535
2019-09-06,20.86075782775879
2019-09-09,20.831771850585938
2019-09-10,20.918729782104492
2019-09-11,21.305217742919922
2019-09-12,21.169950485229492
2019-09-13,21.295562744140625
2019-09-16,21.266571044921875
2019-09-17,21.479141235351562
2019-09-18,21.4694766998291
2019-09-19,21.682044982910156
2019-09-20,21.527454376220703
2019-09-23,21.71103286743164
2019-09-24,21.03467559814453
2019-09-25,21.203683853149414
2019-09-26,21.019136428833008
2019-09-27,20.640323638916016
2019-09-30,20.795732498168945
2019-10-01,20.436349868774414
2019-10-02,20.047826766967773
2019-10-03,20.135244369506836
2019-10-04,20.416921615600586
2019-10-07,20.39750099182129
2019-10-08,20.154672622680664
2019-10-09,20.251800537109375
2019-10-10,20.426639556884766
2019-10-11,20.669464111328125
2019-10-14,20.630613327026367
2019-10-15,20.776308059692383
2019-10-16,20.659751892089844
2019-10-17,20.81515884399414
2019-10-18,20.81515884399414
2019-10-21,20.980287551879883
2019-10-22,20.824874877929688
2019-10-23,20.727746963500977
2019-10-24,21.23282241821289
2019-10-25,21.368804931640625
2019-10-28,21.59221076965332
2019-10-29,21.4659366607666
2019-10-30,21.1259822845459
2019-10-31,21.252246856689453
2019-11-01,21.456220626831055
2019-11-04,21.75733757019043
2019-11-05,22.009872436523438
2019-11-06,21.883602142333984
2019-11-07,21.844749450683594
2019-11-08,21.883602142333984
2019-11-11,21.922454833984375
2019-11-12,22.000160217285156
2019-11-13,21.747617721557617
2019-11-14,21.844749450683594
2019-11-15,22.068153381347656
2019-11-18,21.971017837524414
2019-11-19,22.068153381347656
2019-11-20,21.80590057373047
2019-11-21,21.75733757019043
2019-11-22,21.660200119018555
2019-11-25,22.068153381347656
2019-11-26,22.04873275756836
2019-11-27,22.514949798583984
2019-11-29,22.28183364868164
2019-12-02,22.184707641601562
2019-12-03,22.155569076538086
2019-12-04,22.310976028442383
2019-12-05,22.21384620666504
2019-12-06,22.44696044921875
2019-12-09,22.35954475402832
2019-12-10,22.388683319091797
2019-12-11,22.670364379882812
2019-12-12,22.952043533325195
2019-12-13,22.980241775512695
2019-12-16,23.340072631835938
2019-12-17,23.466495513916016
2019-12-18,23.63182258605957
2019-12-19,23.69989776611328
2019-12-20,23.855497360229492
2019-12-23,24.049997329711914
2019-12-24,24.06944465637207
2019-12-26,24.273677825927734
2019-12-27,24.118074417114258
2019-12-30,24.166696548461914
2019-12-31,24.205598831176758
2020-01-02,24.5945987701416
2020-01-03,24.643224716186523
2020-01-06,24.5945987701416
2020-01-07,24.847448348999023
2020-01-08,25.119752883911133
2020-01-09,25.051677703857422
2020-01-10,24.973876953125
2020-01-13,25.75187873840332
2020-01-14,25.956106185913086
2020-01-15,25.858854293823242
2020-01-16,26.004730224609375
2020-01-17,26.170053482055664
2020-01-21,26.384004592895508
2020-01-22,26.296480178833008
2020-01-23,26.442359924316406
2020-01-24,26.15060806274414
2020-01-27,25.372600555419922
2020-01-28,25.92692756652832
2020-01-29,25.868576049804688
2020-01-30,26.140884399414062
2020-01-31,25.644908905029297
2020-02-03,26.452077865600586
2020-02-04,27.930288314819336
2020-02-05,27.28843116760254
2020-02-06,27.395408630371094
2020-02-07,26.94805908203125
2020-02-10,27.268983840942383
2020-02-11,27.813581466674805
2020-02-12,28.251209259033203
2020-02-13,28.39708709716797
2020-02-14,28.270658493041992
2020-02-18,28.69856071472168
2020-02-19,29.972537994384766
2020-02-20,30.254568099975586
2020-02-21,29.641887664794922
2020-02-24,28.39708709716797
2020-02-25,27.375957489013672
2020-02-26,27.064754486083984
2020-02-27,25.499025344848633
2020-02-28,25.479576110839844
2020-03-02,26.568775177001953
2020-03-03,26.500703811645508
2020-03-04,27.10365867614746
2020-03-05,26.636856079101562
2020-03-06,25.946378707885742
2020-03-09,23.038593292236328
2020-03-10,24.2153263092041
2020-03-11,22.591238021850586
2020-03-12,20.023836135864258
2020-03-13,20.6754150390625
2020-03-16,17.991302490234375
2020-03-17,18.837383270263672
2020-03-18,16.629802703857422
2020-03-19,17.62175178527832
2020-03-20,17.174402236938477
2020-03-23,16.77567481994629
2020-03-24,19.22638702392578
2020-03-25,20.228055953979492
2020-03-26,20.641477584838867
2020-03-27,19.48118782043457
2020-03-30,19.442184448242188
2020-03-31,19.5494384765625
2020-04-01,18.223390579223633
2020-04-02,18.16489028930664
2020-04-03,18.047887802124023
2020-04-06,19.666440963745117
2020-04-07,20.085702896118164
2020-04-08,20.85597801208496
2020-04-09,21.39225196838379
2020-04-13,21.60675811767578
2020-04-14,22.5037899017334
2020-04-15,21.75301170349121
2020-04-16,21.762765884399414
2020-04-17,22.513540267944336
2020-04-20,22.123525619506836
2020-04-21,21.041242599487305
2020-04-22,21.8797664642334
2020-04-23,22.065025329589844
2020-04-24,22.21127700805664
2020-04-27,23.2838191986084
2020-04-28,23.49832534790039
2020-04-29,24.902376174926758
2020-04-30,23.86884117126465
2020-05-01,22.669544219970703
2020-05-04,22.98155975341797
2020-05-05,23.088809967041016
2020-05-06,23.6738338470459
2020-05-07,24.015090942382812
2020-05-08,24.990123748779297
2020-05-11,24.921876907348633
2020-05-12,24.2978515625
2020-05-13,23.47882843017578
2020-05-14,23.547075271606445
2020-05-15,23.556827545166016
2020-05-18,25.282638549804688
2020-05-19,25.253389358520508
2020-05-20,25.71165657043457
2020-05-21,25.370393753051758
2020-05-22,25.17538833618164
2020-05-26,26.160171508789062
2020-05-27,26.569683074951172
2020-05-28,25.916410446166992
2020-05-29,26.22842025756836
2020-06-01,26.979198455810547
2020-06-02,27.027952194213867
2020-06-03,27.837228775024414
2020-06-04,27.905479431152344
2020-06-05,28.79276466369629
2020-06-08,29.53378677368164
2020-06-09,29.21202278137207
2020-06-10,29.182771682739258
2020-06-11,27.06694984436035
2020-06-12,27.729976654052734
2020-06-15,28.373502731323242
2020-06-16,28.900012969970703
2020-06-17,28.422250747680664
2020-06-18,28.61725425720215
2020-06-19,28.62700653076172
2020-06-22,28.53925132751465
2020-06-23,28.80251693725586
2020-06-24,28.012737274169922
2020-06-25,28.13002586364746
2020-06-26,27.406736373901367
2020-06-29,28.335281372070312
2020-06-30,29.039020538330078
2020-07-01,29.04879379272461
2020-07-02,30.0750789642334
2020-07-06,31.726911544799805
2020-07-07,31.961490631103516
2020-07-08,32.606590270996094
2020-07-09,33.036651611328125
2020-07-10,33.46671676635742
2020-07-13,32.84117126464844
2020-07-14,33.97496795654297
2020-07-15,34.88395690917969
2020-07-16,34.30729293823242
2020-07-17,34.571189880371094
2020-07-20,35.55838394165039
2020-07-21,35.22606658935547
2020-07-22,35.28470993041992
2020-07-23,34.962158203125
2020-07-24,34.26820373535156
2020-07-27,35.03056716918945
2020-07-28,34.19000244140625
2020-07-29,34.71780014038086
2020-07-30,34.336605072021484
2020-07-31,34.10203170776367
2020-08-03,35.39221954345703
2020-08-04,36.438053131103516
2020-08-05,37.3470458984375
2020-08-06,36.87789535522461
2020-08-07,37.219993591308594
2020-08-10,37.70869827270508
2020-08-11,36.75083541870117
2020-08-12,38.011695861816406
2020-08-13,38.53949737548828
2020-08-14,38.1680793762207
2020-08-17,39.21391296386719
2020-08-18,39.26278305053711
2020-08-19,39.409400939941406
2020-08-20,39.05753707885742
2020-08-21,39.19437026977539
2020-08-24,39.839454650878906
2020-08-25,40.660491943359375
2020-08-26,41.461978912353516
2020-08-27,41.36423110961914
2020-08-28,41.73564910888672
2020-08-31,42.331878662109375
2020-09-01,42.90855407714844
2020-09-02,42.449161529541016
2020-09-03,39.380088806152344
2020-09-04,39.292110443115234
2020-09-08,37.28841018676758
2020-09-09,38.9011344909668
2020-09-10,38.412437438964844
2020-09-11,38.35379409790039
2020-09-14,40.152244567871094
2020-09-15,41.18829345703125
2020-09-16,41.344688415527344
2020-09-17,40.230438232421875
2020-09-18,40.48455810546875
2020-09-21,39.976295471191406
2020-09-22,40.10335922241211
2020-09-23,38.31468963623047
2020-09-24,38.342071533203125
2020-09-25,39.62308120727539
2020-09-28,41.48101806640625
2020-09-29,42.52734375
2020-09-30,43.36830139160156
2020-10-01,44.600406646728516
2020-10-02,44.199485778808594
2020-10-05,46.350791931152344
2020-10-06,46.057430267333984
2020-10-07,48.34564208984375
2020-10-08,47.83713912963867
2020-10-09,48.92258071899414
2020-10-12,48.326072692871094
2020-10-13,48.3065185546875
2020-10-14,49.499515533447266
2020-10-15,49.382171630859375
2020-10-16,49.21593475341797
2020-10-19,49.25503921508789
2020-10-20,49.6657600402832
2020-10-21,47.57311248779297
2020-10-22,47.96426010131836
2020-10-23,48.05227279663086
2020-10-26,46.88861846923828
2020-10-27,46.741943359375
2020-10-28,46.23345184326172
2020-10-29,47.475337982177734
2020-10-30,46.33123016357422
2020-11-02,48.08160400390625
2020-11-03,48.6781005859375
2020-11-04,48.21851348876953
2020-11-05,52.44288635253906
2020-11-06,52.82425308227539
2020-11-09,53.313194274902344
2020-11-10,51.89528274536133
2020-11-11,53.9976921081543
2020-11-12,54.1737060546875
2020-11-13,53.909690856933594
2020-11-16,55.34714889526367
2020-11-17,55.95342254638672
2020-11-18,55.503604888916016
2020-11-19,57.06819152832031
2020-11-20,57.928714752197266
2020-11-23,61.370792388916016
2020-11-24,62.08462905883789
2020-11-25,62.73002243041992
2020-11-27,63.60032653808594
2020-11-30,61.98684310913086
2020-12-01,60.412471771240234
2020-12-02,60.01156234741211
2020-12-03,59.415061950683594
2020-12-04,59.972442626953125
2020-12-07,60.58849334716797
2020-12-08,62.77891540527344
2020-12-09,59.972442626953125
2020-12-10,60.68628692626953
2020-12-11,60.22669219970703
2020-12-14,60.30491256713867
2020-12-15,63.62965393066406
2020-12-16,63.365638732910156
2020-12-17,64.49996948242188
2020-12-18,65.50715637207031
2020-12-21,66.59258270263672
2020-12-22,68.84169006347656
2020-12-23,69.28170776367188
2020-12-24,68.95967102050781
2020-12-28,67.726318359375
2020-12-29,66.33636474609375
2020-12-30,68.48005676269531
2020-12-31,68.74434661865234
2021-01-04,69.27291107177734
2021-01-05,70.90758514404297
2021-01-06,75.32218170166016
2021-01-07,80.38280487060547
2021-01-08,81.79234313964844
2021-01-11,81.08757019042969
2021-01-12,83.838134765625
2021-01-13,83.78917694091797
2021-01-14,83.69129943847656
2021-01-15,79.03199768066406
2021-01-19,82.8592758178711
2021-01-20,81.88045501708984
2021-01-21,83.96537780761719
2021-01-22,84.87570190429688
2021-01-25,83.52490234375
2021-01-26,83.94581604003906
2021-01-27,80.04998779296875
2021-01-28,80.89180755615234
2021-01-29,78.18041229248047
2021-02-01,80.76456451416016
2021-02-02,81.53784942626953
2021-02-03,82.33070373535156
2021-02-04,82.369873046875
2021-02-05,82.79076385498047
2021-02-08,85.15957641601562
2021-02-09,86.3048095703125
2021-02-10,84.42544555664062
2021-02-11,84.93443298339844
2021-02-12,85.17915344238281
2021-02-16,82.78097534179688
2021-02-17,80.69603729248047
2021-02-18,76.43804931640625
2021-02-19,79.09072875976562
2021-02-22,73.68750762939453
2021-02-23,72.35626220703125
2021-02-24,75.26344299316406
2021-02-25,69.78190612792969
2021-02-26,71.56340026855469
2021-03-01,75.27322387695312
2021-03-02,71.80812072753906
2021-03-03,67.91229248046875
2021-03-04,64.07522583007812
2021-03-05,63.25300979614258
2021-03-08,60.73737716674805
2021-03-09,66.58108520507812
2021-03-10,66.9236831665039
2021-03-11,71.58300018310547
2021-03-12,71.0837631225586
2021-03-15,71.63192749023438
2021-03-16,69.43931579589844
2021-03-17,69.34142303466797
2021-03-18,65.10302734375
2021-03-19,66.41468811035156
2021-03-22,67.66758728027344
2021-03-23,65.19112396240234
2021-03-24,62.35246658325195
2021-03-25,63.301944732666016
2021-03-26,64.46678924560547
2021-03-29,61.51066207885742
2021-03-30,64.46678924560547
2021-03-31,67.14881896972656
2021-04-01,67.716552734375
2021-04-05,66.58108520507812
2021-04-06,67.48161315917969
2021-04-07,64.78980255126953
2021-04-08,65.71969604492188
2021-04-09,65.1617660522461
2021-04-12,64.29058074951172
2021-04-13,65.03450012207031
2021-04-14,64.42762756347656
2021-04-15,63.0180778503418
2021-04-16,64.01651763916016
2021-04-19,62.35246658325195
2021-04-20,61.51066207885742
2021-04-21,64.01651763916016
2021-04-22,64.6723403930664
2021-04-23,66.7866439819336
2021-04-26,68.51918029785156
2021-04-27,67.54036712646484
2021-04-28,66.18955993652344
2021-04-29,64.58424377441406
2021-04-30,63.4781379699707
2021-05-03,62.00008773803711
2021-05-04,59.36699676513672
2021-05-05,58.877559661865234
2021-05-06,57.80083465576172
2021-05-07,58.779685974121094
2021-05-10,55.73546600341797
2021-05-11,56.28361892700195
2021-05-12,53.748416900634766
2021-05-13,53.317726135253906
2021-05-14,55.73546600341797
2021-05-17,55.25584030151367
2021-05-18,56.04869079589844
2021-05-19,56.73388671875
2021-05-20,58.3587760925293
2021-05-21,58.760101318359375
2021-05-24,59.083126068115234
2021-05-25,58.720951080322266
2021-05-26,60.463294982910156
2021-05-27,61.35404586791992
2021-05-28,61.168067932128906
2021-06-01,61.76515579223633
2021-06-02,61.58896255493164
2021-06-03,60.25774002075195
2021-06-04,61.26594924926758
2021-06-07,62.068603515625
2021-06-08,62.84189987182617
2021-06-09,62.19585418701172
2021-06-10,62.41120147705078
2021-06-11,63.41941833496094
2021-06-14,63.59561538696289
2021-06-15,61.755374908447266
2021-06-16,62.43077087402344
2021-06-17,63.72285461425781
2021-06-18,62.81251907348633
2021-06-21,62.70485305786133
2021-06-22,63.17469787597656
2021-06-23,64.50594329833984
2021-06-24,64.74772644042969
2021-06-25,65.12952423095703
2021-06-28,68.17406463623047
2021-06-29,68.01742553710938
2021-06-30,67.75310516357422
2021-07-01,67.16575622558594
2021-07-02,67.01888275146484
2021-07-06,66.80352783203125
2021-07-07,64.80645751953125
2021-07-08,63.9254150390625
2021-07-09,64.79668426513672
2021-07-12,65.97140502929688
2021-07-13,64.77709197998047
2021-07-14,62.29056930541992
2021-07-15,61.68362045288086
2021-07-16,60.587196350097656
2021-07-19,60.420772552490234
2021-07-20,62.40803527832031
2021-07-21,64.85541534423828
2021-07-22,64.13099670410156
2021-07-23,62.85835647583008
2021-07-26,62.68214416503906
2021-07-27,60.812355041503906
2021-07-28,63.191200256347656
2021-07-29,64.2680435180664
2021-07-30,65.35467529296875
2021-08-02,65.68753814697266
2021-08-03,66.66645812988281
2021-08-04,66.36299133300781
2021-08-05,66.27489471435547
2021-08-06,65.62877655029297
2021-08-09,67.05805969238281
2021-08-10,67.31259155273438
2021-08-11,66.4804916381836
2021-08-12,66.0791015625
2021-08-13,64.64004516601562
2021-08-16,62.99541091918945
2021-08-17,61.72277069091797
2021-08-18,61.9185676574707
2021-08-19,60.53824234008789
2021-08-20,61.72277069091797
2021-08-23,63.75898742675781
2021-08-24,64.29741668701172
2021-08-25,64.82605743408203
2021-08-26,64.09183502197266
2021-08-27,65.10993194580078
2021-08-30,65.579833984375
2021-08-31,65.579833984375
2021-09-01,65.8147964477539
2021-09-02,66.47069549560547
2021-09-03,65.86373138427734
2021-09-07,65.71688079833984
2021-09-08,64.30719757080078
2021-09-09,64.50299072265625
2021-09-10,63.886260986328125
2021-09-13,64.12120819091797
2021-09-14,63.886260986328125
2021-09-15,63.95478057861328
2021-09-16,63.641517639160156
2021-09-17,64.45403289794922
2021-09-20,61.634674072265625
2021-09-21,61.889198303222656
2021-09-22,63.13246154785156
2021-09-23,63.71982192993164
2021-09-24,62.85835647583008
2021-09-27,63.749202728271484
2021-09-28,61.673828125
2021-09-29,60.929832458496094
2021-09-30,61.28224563598633
2021-10-01,61.53676986694336
2021-10-04,59.529930114746094
2021-10-05,60.16624069213867
2021-10-06,60.322879791259766
2021-10-07,62.006675720214844
2021-10-08,61.468257904052734
2021-10-11,62.3688850402832
2021-10-12,63.876461029052734
2021-10-13,65.44278717041016
2021-10-14,65.5210952758789
2021-10-15,65.74626159667969
2021-10-18,67.03845977783203
2021-10-19,68.42858123779297
2021-10-20,67.89994812011719
2021-10-21,68.4970932006836
2021-10-22,67.6747817993164
2021-10-25,70.70953369140625
2021-10-26,69.74036407470703
2021-10-27,71.05216979980469
2021-10-28,74.74280548095703
2021-10-29,75.78050231933594
2021-11-01,78.9033432006836
2021-11-02,78.17890930175781
2021-11-03,78.75650024414062
2021-11-04,79.69628143310547
2021-11-05,78.78585815429688
2021-11-08,79.97040557861328
2021-11-09,77.61112213134766
2021-11-10,76.1818618774414
2021-11-11,79.21659088134766
2021-11-12,79.75503540039062
2021-11-15,78.48239135742188
2021-11-16,79.25575256347656
2021-11-17,78.60967254638672
2021-11-18,77.32723236083984
2021-11-19,79.1382827758789
2021-11-22,78.62922668457031
2021-11-23,77.25869750976562
2021-11-24,77.90480041503906
2021-11-26,75.23228454589844
2021-11-29,77.13145446777344
2021-11-30,75.48680877685547
2021-12-01,72.72616577148438
2021-12-02,72.35415649414062
2021-12-03,68.78101348876953
2021-12-06,68.69290161132812
2021-12-07,71.61016845703125
2021-12-08,72.26606750488281
2021-12-09,69.6326904296875
2021-12-10,69.64247131347656
2021-12-13,68.22299194335938
2021-12-14,66.21614837646484
2021-12-15,66.83289337158203
2021-12-16,64.12120819091797
2021-12-17,64.54216003417969
2021-12-20,61.51719284057617
2021-12-21,64.64004516601562
2021-12-22,65.18824005126953
2021-12-23,65.93226623535156
2021-12-27,66.74478912353516
2021-12-28,65.92247009277344
2021-12-29,65.37425231933594
2021-12-30,66.81329345703125
2021-12-31,66.53919982910156
2022-01-03,68.60478973388672
2022-01-04,67.58667755126953
2022-01-05,63.83729934692383
2022-01-06,63.054161071777344
2022-01-07,62.25140380859375
2022-01-10,61.70320129394531
2022-01-11,63.152042388916016
2022-01-12,63.91563034057617
2022-01-13,61.9283561706543
2022-01-14,62.20246124267578
2022-01-18,59.85298538208008
2022-01-19,58.081085205078125
2022-01-20,57.37623977661133
2022-01-21,55.00718307495117
2022-01-24,54.99739074707031
2022-01-25,53.20591354370117
2022-01-26,53.15696716308594
2022-01-27,50.709598541259766
2022-01-28,51.28717041015625
2022-01-31,55.90781784057617
2022-02-01,56.563716888427734
2022-02-02,55.467281341552734
2022-02-03,53.0590705871582
2022-02-04,54.5666618347168
2022-02-07,54.8701286315918
2022-02-08,56.25044250488281
2022-02-09,58.80550003051758
2022-02-10,57.20003128051758
2022-02-11,55.16381072998047
2022-02-14,55.03655242919922
2022-02-15,58.53140640258789
2022-02-16,58.76634979248047
2022-02-17,55.63370895385742
2022-02-18,54.321922302246094
2022-02-22,52.43254852294922
2022-02-23,51.06201171875
2022-02-24,54.82118225097656
2022-02-25,55.75117874145508
2022-02-28,58.462867736816406
2022-03-01,57.62097930908203
2022-03-02,57.75802993774414
2022-03-03,56.09381866455078
2022-03-04,54.88969802856445
2022-03-07,54.380645751953125
2022-03-08,57.25876998901367
2022-03-09,59.0208740234375
2022-03-10,57.904869079589844
2022-03-11,56.0155029296875
2022-03-14,52.55002212524414
2022-03-15,54.733070373535156
2022-03-16,58.23772430419922
2022-03-17,59.27540588378906
2022-03-18,60.78298568725586
2022-03-21,60.420772552490234
2022-03-22,62.14372253417969
2022-03-23,61.761932373046875
2022-03-24,63.41636276245117
2022-03-25,62.40803527832031
2022-03-28,63.318458557128906
2022-03-29,64.90437316894531
2022-03-30,63.79814529418945
2022-03-31,63.25973129272461
2022-04-01,63.5338249206543
2022-04-04,65.86373138427734
2022-04-05,62.94646072387695
2022-04-06,60.871089935302734
2022-04-07,60.44035720825195
2022-04-08,58.8642463684082
2022-04-11,57.904869079589844
2022-04-12,57.591609954833984
2022-04-13,59.24603271484375
2022-04-14,57.777610778808594
2022-04-18,57.58182144165039
2022-04-19,59.167720794677734
2022-04-20,57.04339599609375
2022-04-21,54.03802490234375
2022-04-22,52.91222381591797
2022-04-25,53.34296417236328
2022-04-26,50.82706069946289
2022-04-27,51.31654357910156
2022-04-28,52.19758987426758
2022-04-29,51.12075424194336
2022-05-02,52.35422897338867
2022-05-03,53.33317565917969
2022-05-04,56.632240295410156
2022-05-05,53.72475814819336
2022-05-06,52.12907028198242
2022-05-09,47.98810958862305
2022-05-10,47.85105514526367
2022-05-11,45.1099967956543
2022-05-12,45.68757629394531
2022-05-13,48.98664093017578
2022-05-16,47.997901916503906
2022-05-17,50.876014709472656
2022-05-18,49.574012756347656
2022-05-19,50.98369598388672
2022-05-20,50.484432220458984
2022-05-23,50.895591735839844
2022-05-24,49.1628532409668
2022-05-25,50.09284591674805
2022-05-26,52.78496170043945
2022-05-27,55.41834259033203
2022-05-31,54.59602355957031
2022-06-01,53.28423309326172
2022-06-02,56.270023345947266
2022-06-03,55.21276092529297
2022-06-06,56.86717987060547
2022-06-07,57.34687805175781
2022-06-08,56.70077133178711
2022-06-09,55.05612564086914
2022-06-10,53.4604377746582
2022-06-13,49.446746826171875
2022-06-14,50.04390335083008
2022-06-15,51.56127166748047
2022-06-16,48.11537170410156
2022-06-17,50.40612030029297
2022-06-21,52.16822052001953
2022-06-22,51.92348861694336
2022-06-23,53.01012420654297
2022-06-24,54.33295822143555
2022-06-27,54.67565155029297
2022-06-28,52.53132247924805
2022-06-29,50.82760238647461
2022-06-30,51.1115608215332
2022-07-01,50.8373908996582
2022-07-05,51.05280303955078
2022-07-06,50.504486083984375
2022-07-07,53.383182525634766
2022-07-08,54.156715393066406
2022-07-11,51.51300048828125
2022-07-12,50.670936584472656
2022-07-13,50.95489501953125
2022-07-14,51.18009948730469
2022-07-15,51.0234375
2022-07-18,51.728416442871094
2022-07-19,52.9621467590332
2022-07-20,54.14691162109375
2022-07-21,54.920440673828125
2022-07-22,53.392967224121094
2022-07-25,53.99024963378906
2022-07-26,53.10901641845703
2022-07-27,55.958335876464844
2022-07-28,59.31682586669922
2022-07-29,61.03032684326172
2022-08-01,60.188255310058594
2022-08-02,61.56886291503906
2022-08-03,61.392616271972656
2022-08-04,62.32280349731445
2022-08-05,62.54800796508789
2022-08-08,62.66550827026367
2022-08-09,61.58843994140625
2022-08-10,64.92733764648438
2022-08-11,64.51609802246094
2022-08-12,66.75834655761719
2022-08-15,67.02271270751953
2022-08-16,65.84774017333984
2022-08-17,64.43775939941406
2022-08-18,65.85755157470703
2022-08-19,63.556541442871094
2022-08-22,62.27384948730469
2022-08-23,62.77322006225586
2022-08-24,64.39859771728516
2022-08-25,66.38626098632812
2022-08-26,64.24192810058594
2022-08-29,63.52716064453125
2022-08-30,62.557804107666016
2022-08-31,62.76342010498047
2022-09-01,61.26531982421875
2022-09-02,60.15888595581055
2022-09-06,60.78554916381836
2022-09-07,63.566322326660156
2022-09-08,64.60423278808594
2022-09-09,65.52461242675781
2022-09-12,66.52334594726562
2022-09-13,64.92733764648438
2022-09-14,66.55271911621094
2022-09-15,65.02527618408203
2022-09-16,64.33006286621094
2022-09-19,64.68255615234375
2022-09-20,62.616554260253906
2022-09-21,62.3521728515625
2022-09-22,59.23848342895508
2022-09-23,57.62918472290039
2022-09-26,56.89411544799805
2022-09-27,57.78599166870117
2022-09-28,59.10911560058594
2022-09-29,56.00223922729492
2022-09-30,55.83562088012695
2022-10-03,56.639305114746094
2022-10-04,59.540348052978516
2022-10-05,57.795799255371094
2022-10-06,56.933319091796875
2022-10-07,54.34589385986328
2022-10-10,53.52260971069336
2022-10-11,53.0031623840332
2022-10-12,51.53303527832031
2022-10-13,52.13088607788086
2022-10-14,49.161224365234375
2022-10-17,51.05279541015625
2022-10-18,52.29750442504883
2022-10-19,51.38602066040039
2022-10-20,50.41573715209961
2022-10-21,52.22888946533203
2022-10-24,51.83686065673828
2022-10-25,54.463497161865234
2022-10-26,55.33578109741211
2022-10-27,55.080955505371094
2022-10-28,55.37498092651367
2022-10-31,55.2475700378418
2022-11-01,54.894744873046875
2022-11-02,52.73854446411133
2022-11-03,53.60102081298828
2022-11-04,53.944053649902344
2022-11-07,53.45400619506836
2022-11-08,54.95353317260742
2022-11-09,53.12078094482422
2022-11-10,58.24663543701172
2022-11-11,59.06010818481445
2022-11-14,58.17803955078125
2022-11-15,58.89350509643555
2022-11-16,57.29595184326172
2022-11-17,56.96271896362305
2022-11-18,56.668697357177734
2022-11-21,55.561187744140625
2022-11-22,56.49228286743164
2022-11-23,57.38416290283203
2022-11-25,56.95292282104492
2022-11-28,55.208370208740234
2022-11-29,54.78693389892578
2022-11-30,57.69778823852539
2022-12-01,56.70790100097656
2022-12-02,57.62918472290039
2022-12-05,56.178653717041016
2022-12-06,53.63042449951172
2022-12-07,53.75783157348633
2022-12-08,54.149871826171875
2022-12-09,53.65981674194336
2022-12-12,53.74802780151367
2022-12-13,54.45370101928711
2022-12-14,54.06166076660156
2022-12-15,52.29750442504883
2022-12-16,51.03318405151367
2022-12-19,49.847286224365234
2022-12-20,49.39643478393555
2022-12-21,50.04330062866211
2022-12-22,48.034122467041016
2022-12-23,47.558921813964844
2022-12-27,45.45785140991211
2022-12-28,44.878578186035156
2022-12-29,46.184391021728516
2022-12-30,46.3316535949707
2023-01-03,45.0062141418457
2023-01-04,46.06657028198242
2023-01-05,44.72148895263672
2023-01-06,45.762210845947266
2023-01-09,46.85202407836914
2023-01-10,47.774925231933594
2023-01-11,49.650177001953125
2023-01-12,50.73999786376953
2023-01-13,50.78908157348633
2023-01-17,51.5843505859375
2023-01-18,51.378170013427734
2023-01-19,48.83528137207031
2023-01-20,50.19999313354492
2023-01-23,52.850887298583984
2023-01-24,52.359981536865234
2023-01-25,52.16361618041992
2023-01-26,52.634883880615234
2023-01-27,54.8734130859375
2023-01-30,52.988338470458984
2023-01-31,54.95196533203125
2023-02-01,56.41485595703125
2023-02-02,57.377037048339844
2023-02-03,56.25776672363281
2023-02-06,55.90431213378906
2023-02-07,56.247947692871094
2023-02-08,55.50177764892578
2023-02-09,54.53959655761719
2023-02-10,53.91123580932617
2023-02-13,54.4414176940918
2023-02-14,55.2857780456543
2023-02-15,57.28866958618164
2023-02-16,55.5606803894043
2023-02-17,54.59851837158203
2023-02-21,52.12434005737305
2023-02-22,52.369789123535156
2023-02-23,52.320701599121094
2023-02-24,51.00508499145508
2023-02-27,52.50725173950195
2023-02-28,52.78215026855469
2023-03-01,52.5858039855957
2023-03-02,51.74143600463867
2023-03-03,53.508697509765625
2023-03-06,53.37124252319336
2023-03-07,52.261802673339844
2023-03-08,52.566162109375
2023-03-09,50.94617462158203
2023-03-10,49.32618713378906
2023-03-13,49.19855499267578
2023-03-14,49.856361389160156
2023-03-15,48.29528045654297
2023-03-16,48.5505485534668
2023-03-17,46.96002960205078
2023-03-20,47.63747024536133
2023-03-21,49.73855209350586
2023-03-22,48.38364791870117
2023-03-23,48.89418411254883
2023-03-24,48.44404602050781
2023-03-27,48.36541748046875
2023-03-28,47.952632904052734
2023-03-29,49.59396743774414
2023-03-30,50.02641677856445
2023-03-31,51.33359146118164
2023-04-03,50.114871978759766
2023-04-04,49.053401947021484
2023-04-05,47.520172119140625
2023-04-06,47.19584655761719
2023-04-10,48.129539489746094
2023-04-11,48.62096405029297
2023-04-12,47.88383102416992
2023-04-13,48.896148681640625
2023-04-14,48.31627655029297
2023-04-17,49.417049407958984
2023-04-18,49.11237716674805
2023-04-19,48.36541748046875
2023-04-20,47.44155502319336
2023-04-21,46.920650482177734
2023-04-24,47.176185607910156
2023-04-25,45.731414794921875
2023-04-26,43.69694519042969
2023-04-27,44.296470642089844
2023-04-28,44.188358306884766
2023-05-01,43.785396575927734
2023-05-02,42.99913024902344
2023-05-03,43.1170654296875
2023-05-04,42.8123893737793
2023-05-05,44.48321533203125
2023-05-08,44.9353141784668
2023-05-09,44.660118103027344
2023-05-10,44.99428939819336
2023-05-11,45.043426513671875
2023-05-12,45.91815948486328
2023-05-15,46.5176887512207
2023-05-16,45.652793884277344
2023-05-17,46.65528106689453
2023-05-18,46.65528106689453
2023-05-19,46.14421081542969
2023-05-22,47.323612213134766
2023-05-23,47.05824661254883
2023-05-24,46.29163360595703
2023-05-25,46.409576416015625
2023-05-26,47.39240646362305
2023-05-30,47.815032958984375
2023-05-31,47.176185607910156
2023-06-01,47.90349578857422
2023-06-02,48.493186950683594
2023-06-05,48.237648010253906
2023-06-06,49.102542877197266
2023-06-07,49.44654083251953
2023-06-08,49.574302673339844
2023-06-09,49.15168762207031
2023-06-12,50.105037689208984
2023-06-13,51.353248596191406
2023-06-14,50.635780334472656
2023-06-15,50.88148498535156
2023-06-16,50.34092712402344
2023-06-20,49.96744155883789
2023-06-21,49.0435791015625
2023-06-22,48.571815490722656
2023-06-23,47.44155502319336
2023-06-26,47.46121597290039
2023-06-27,48.68296432495117
2023-06-28,48.801300048828125
2023-06-29,49.40281295776367
2023-06-30,50.44805908203125
2023-07-03,51.69052505493164
2023-07-05,51.522891998291016
2023-07-06,50.3790397644043
2023-07-07,51.87788009643555
2023-07-10,53.08091354370117
2023-07-11,53.19923400878906
2023-07-12,54.165592193603516
2023-07-13,54.95446014404297
2023-07-14,53.7415771484375
2023-07-17,55.46722412109375
2023-07-18,55.55597686767578
2023-07-19,55.3982048034668
2023-07-20,53.62324905395508
2023-07-21,53.23868179321289
2023-07-24,53.2090950012207
2023-07-25,53.11048889160156
2023-07-26,53.19923400878906
2023-07-27,52.203285217285156
2023-07-28,53.01187515258789
2023-07-31,53.81060028076172
2023-08-01,52.80480194091797
2023-08-02,50.3790397644043
2023-08-03,50.3297233581543
2023-08-04,49.7578010559082
2023-08-07,49.20559310913086
2023-08-08,49.10698318481445
2023-08-09,48.70268249511719
2023-08-10,47.96312713623047
2023-08-11,47.38132858276367
2023-08-14,47.69688034057617
2023-08-15,46.34595489501953
2023-08-16,45.35986328125
2023-08-17,44.43294906616211
2023-08-18,44.41322326660156
2023-08-21,44.95556640625
2023-08-22,44.58086013793945
2023-08-23,45.38945007324219
2023-08-24,44.03851318359375
2023-08-25,44.67947006225586
2023-08-28,45.03446578979492
2023-08-29,46.91788101196289
2023-08-30,46.91788101196289
2023-08-31,46.878440856933594
2023-09-01,47.026344299316406
2023-09-05,46.92774200439453
2023-09-06,46.010677337646484
2023-09-07,45.34014129638672
2023-09-08,45.02459716796875
2023-09-11,45.46833419799805
2023-09-12,45.6261100769043
2023-09-13,45.182369232177734
2023-09-14,46.109283447265625
2023-09-15,45.42889404296875
2023-09-18,44.49211502075195
2023-09-19,44.373775482177734
2023-09-20,43.82157516479492
2023-09-21,42.51994323730469
2023-09-22,42.15092849731445
2023-09-25,42.387725830078125
2023-09-26,41.79572296142578
2023-09-27,41.687191009521484
2023-09-28,41.92399215698242
2023-09-29,42.06212615966797
2023-10-02,40.818904876708984
2023-10-03,39.32902526855469
2023-10-04,40.1578369140625
2023-10-05,38.37194061279297
2023-10-06,39.26981735229492
2023-10-09,38.69755172729492
2023-10-10,40.55250549316406
2023-10-11,40.749839782714844
2023-10-12,40.01970291137695
2023-10-13,39.2895622253418
2023-10-16,40.0493049621582
2023-10-17,40.532772064208984
2023-10-18,38.638343811035156
2023-10-19,37.17806625366211
2023-10-20,35.707908630371094
2023-10-23,35.4908447265625
2023-10-24,36.10258483886719
2023-10-25,35.0863037109375
2023-10-26,35.03696823120117
2023-10-27,34.13909149169922
2023-10-30,32.747867584228516
2023-10-31,33.122806549072266
2023-11-01,32.955074310302734
2023-11-02,34.61269760131836
2023-11-03,35.48097229003906
2023-11-06,34.425228118896484
2023-11-07,34.57323455810547
2023-11-08,33.78389358520508
2023-11-09,32.550537109375
2023-11-10,32.540672302246094
2023-11-13,32.767601013183594
2023-11-14,35.32310485839844
2023-11-15,36.063114166259766
2023-11-16,35.22443771362305
2023-11-17,35.5500373840332
2023-11-20,36.22098159790039
2023-11-21,35.38230514526367
2023-11-22,35.40203857421875
2023-11-24,35.51057052612305
2023-11-27,35.046836853027344
2023-11-28,35.806575775146484
2023-11-29,36.27031326293945
2023-11-30,36.112449645996094
2023-12-01,37.51353073120117
2023-12-04,37.31620407104492
2023-12-05,36.57619094848633
2023-12-06,36.66498565673828
2023-12-07,37.25699996948242
2023-12-08,37.30633544921875
2023-12-11,37.40500259399414
2023-12-12,36.625518798828125
2023-12-13,38.80608367919922
2023-12-14,41.77599334716797
2023-12-15,41.785858154296875
2023-12-18,41.479984283447266
2023-12-19,42.48640060424805
2023-12-20,40.641300201416016
2023-12-21,41.84505081176758
2023-12-22,42.01509094238281
2023-12-26,42.73676300048828
2023-12-27,42.756534576416016
2023-12-28,42.450069427490234
2023-12-29,41.6888542175293
2024-01-02,40.95729446411133
2024-01-03,39.474422454833984
2024-01-04,38.55501937866211
2024-01-05,38.24856185913086
2024-01-08,38.74285888671875
2024-01-09,38.32765197753906
2024-01-10,37.87289810180664
2024-01-11,37.052364349365234
2024-01-12,36.34058380126953
2024-01-16,35.490394592285156
2024-01-17,34.580894470214844
2024-01-18,34.4128303527832
2024-01-19,34.46226501464844
2024-01-22,35.332218170166016
2024-01-23,35.84628677368164
2024-01-24,35.13450241088867
2024-01-25,34.61054611206055
2024-01-26,34.4424934387207
2024-01-29,35.638675689697266
2024-01-30,35.0751838684082
2024-01-31,34.313968658447266
2024-02-01,34.93678283691406
2024-02-02,34.38317108154297
2024-02-05,33.681278228759766
2024-02-06,34.363399505615234
2024-02-07,34.94667434692383
2024-02-08,35.43107986450195
2024-02-09,36.261497497558594
2024-02-12,36.94362258911133
2024-02-13,35.035640716552734
2024-02-14,36.30104064941406
2024-02-15,36.99305725097656
2024-02-16,36.627281188964844
2024-02-20,35.7573127746582
2024-02-21,35.322330474853516
2024-02-22,33.92842102050781
2024-02-23,33.127662658691406
2024-02-26,33.701045989990234
2024-02-27,34.185462951660156
2024-02-28,34.215118408203125
2024-02-29,34.74895477294922
2024-03-01,35.43107986450195
2024-03-04,34.580894470214844
2024-03-05,33.532989501953125
2024-03-06,34.12614059448242
2024-03-07,35.045528411865234
2024-03-08,34.808265686035156
2024-03-11,34.837928771972656
2024-03-12,34.27442169189453
2024-03-13,33.572532653808594
2024-03-14,32.366451263427734
2024-03-15,32.237937927246094
2024-03-18,32.504852294921875
2024-03-19,32.208274841308594
2024-03-20,33.127662658691406
2024-03-21,33.42424774169922
2024-03-22,32.969486236572266
2024-03-25,32.840972900390625
2024-03-26,32.672908782958984
2024-03-27,34.264549255371094
2024-03-28,34.28431701660156
2024-04-01,34.155799865722656
2024-04-02,32.969486236572266
2024-04-03,33.29573059082031
2024-04-04,33.09800720214844
2024-04-05,32.811317443847656
2024-04-08,33.45390319824219
2024-04-09,34.3238525390625
2024-04-10,33.45390319824219
2024-04-11,33.532989501953125
2024-04-12,32.326904296875
2024-04-15,31.27899742126465
2024-04-16,30.67595863342285
2024-04-17,30.814363479614258
2024-04-18,30.379384994506836
2024-04-19,30.132238388061523
2024-04-22,30.260753631591797
2024-04-23,30.893451690673828
2024-04-24,31.160369873046875
2024-04-25,31.101051330566406
2024-04-26,31.6546630859375
2024-04-29,32.86074447631836
2024-04-30,31.971017837524414
2024-05-01,31.911693572998047
2024-05-02,32.91017150878906
2024-05-03,33.997623443603516
2024-05-06,34.64020538330078
2024-05-07,34.224998474121094
2024-05-08,34.02728271484375
2024-05-09,34.28431701660156
2024-05-10,33.5922966003418
2024-05-13,34.17557144165039
2024-05-14,35.12461471557617
2024-05-15,34.93678283691406
2024-05-16,34.828041076660156
2024-05-17,34.808265686035156
2024-05-20,34.74895477294922
2024-05-21,35.12461471557617
2024-05-22,36.854644775390625
2024-05-23,35.796852111816406
2024-05-24,37.34894561767578
2024-05-28,37.44779968261719
2024-05-29,36.72613525390625
2024-05-30,37.45768737792969
2024-05-31,37.34894561767578
2024-06-03,37.20066452026367
2024-06-04,36.627281188964844
2024-06-05,37.46758270263672
2024-06-06,37.18088912963867
2024-06-07,36.380126953125
2024-06-10,37.091915130615234
2024-06-11,37.190773010253906
2024-06-12,37.744380950927734
2024-06-13,37.052364349365234
2024-06-14,35.76720428466797
2024-06-17,35.43107986450195
2024-06-18,35.37176513671875
2024-06-20,34.3238525390625
2024-06-21,34.10637283325195
2024-06-24,34.23488998413086
2024-06-25,33.90864562988281
2024-06-26,34.56111526489258
2024-06-27,34.81648254394531
2024-06-28,33.79304885864258
2024-07-01,33.65394592285156
2024-07-02,34.3991584777832
2024-07-03,35.4524040222168
2024-07-05,35.343101501464844
2024-07-08,36.05849838256836
2024-07-09,35.87965393066406
2024-07-10,36.714298248291016
2024-07-11,37.33034896850586
2024-07-12,38.721412658691406
2024-07-15,37.618492126464844
2024-07-16,38.91020202636719
2024-07-17,37.48931884765625
2024-07-18,36.893157958984375
2024-07-19,36.10818862915039
2024-07-22,36.92295837402344
2024-07-23,36.74410629272461
2024-07-24,35.61137390136719
2024-07-25,35.47227096557617
2024-07-26,36.088314056396484
2024-07-29,36.207557678222656
2024-07-30,35.283477783203125
2024-07-31,36.38640213012695
2024-08-01,34.93571472167969
2024-08-02,33.06770324707031
2024-08-05,32.1734504699707
2024-08-06,32.163509368896484
2024-08-07,31.46797752380371
2024-08-08,32.789493560791016
2024-08-09,32.401981353759766
2024-08-12,31.974727630615234
2024-08-13,33.147193908691406
2024-08-14,32.471534729003906
2024-08-15,33.8725471496582
2024-08-16,33.79304885864258
2024-08-19,34.5482063293457
2024-08-20,34.00171661376953
2024-08-21,34.637630462646484
2024-08-22,33.882476806640625
2024-08-23,35.61137390136719
2024-08-26,35.4524040222168
2024-08-27,35.14437484741211
2024-08-28,34.46871566772461
2024-08-29,34.727054595947266
2024-08-30,35.045013427734375
2024-09-03,33.20681381225586
2024-09-04,33.53470993041992
2024-09-05,33.544647216796875
2024-09-06,32.262874603271484
2024-09-09,32.22312927246094
2024-09-10,32.580833435058594
2024-09-11,34.34947967529297
2024-09-12,34.120948791503906
2024-09-13,34.587947845458984
2024-09-16,34.4985237121582
2024-09-17,34.9754638671875
2024-09-18,34.74692916870117
2024-09-19,35.37290573120117
2024-09-20,34.657501220703125
2024-09-23,35.06488800048828
2024-09-24,35.362972259521484
2024-09-25,34.70718002319336
2024-09-26,35.54169845581055
2024-09-27,36.238792419433594
2024-09-30,35.76078796386719
2024-10-01,35.05373764038086
2024-10-02,34.75498580932617
2024-10-03,34.406436920166016
2024-10-04,34.924278259277344
2024-10-07,35.01390075683594
2024-10-08,34.53589630126953
2024-10-09,35.033817291259766
2024-10-10,34.0877685546875
2024-10-11,34.45622634887695
2024-10-14,34.49605941772461
2024-10-15,33.71930694580078
2024-10-16,34.3466911315918
2024-10-17,33.739227294921875
2024-10-18,33.6595573425293
2024-10-21,33.2811279296875
2024-10-22,33.27117156982422
2024-10-23,32.42470932006836
2024-10-24,33.42055130004883
2024-10-25,33.75914001464844
2024-10-28,34.3267707824707
2024-10-29,34.00809860229492
2024-10-30,33.55000686645508
2024-10-31,33.01225662231445
2024-11-01,33.39067077636719
2024-11-04,33.97822952270508
2024-11-05,34.70519256591797
2024-11-06,33.71930694580078
2024-11-07,33.81888961791992
2024-11-08,33.94834899902344
2024-11-11,34.625526428222656
2024-11-12,33.241302490234375
2024-11-13,33.42055130004883
2024-11-14,32.932586669921875
2024-11-15,32.57407760620117
2024-11-18,33.18154525756836
2024-11-19,33.15167236328125
2024-11-20,33.340877532958984
2024-11-21,33.50021743774414
2024-11-22,34.35664749145508
2024-11-25,35.42219924926758
2024-11-26,34.75498580932617
2024-11-27,34.993988037109375
2024-11-29,35.42219924926758
2024-12-02,35.96990966796875
2024-12-03,35.36244583129883
2024-12-04,34.87448501586914
2024-12-05,34.715152740478516
2024-12-06,35.33257293701172
2024-12-09,36.25870895385742
2024-12-10,35.59149169921875
2024-12-11,36.06949996948242
2024-12-12,35.720947265625
2024-12-13,35.98016357421875
2024-12-16,36.329097747802734
2024-12-17,36.289215087890625
2024-12-18,34.32521438598633
2024-12-19,33.846675872802734
2024-12-20,34.5744514465332
2024-12-23,35.01311111450195
2024-12-24,35.641197204589844
2024-12-26,35.591346740722656
2024-12-27,35.0230827331543
2024-12-30,34.36509323120117
2024-12-31,33.82673645019531
2025-01-02,34.315242767333984
2025-01-03,36.09979248046875
2025-01-06,36.5384635925293
2025-01-07,36.329097747802734
2025-01-08,35.0529899597168
2025-01-10,34.23548889160156
2025-01-13,34.10588455200195
2025-01-14,34.10588455200195
2025-01-15,34.843631744384766
2025-01-16,35.01311111450195
2025-01-17,35.122779846191406
2025-01-21,34.73396301269531
2025-01-22,33.77688980102539
2025-01-23,34.21554946899414
2025-01-24,34.19561004638672
2025-01-27,33.248497009277344
2025-01-28,32.6303825378418
2025-01-29,32.86965560913086
2025-01-30,33.51768112182617
2025-01-31,33.427947998046875
2025-02-03,32.60047912597656
2025-02-04,33.248497009277344
2025-02-05,32.97932052612305
2025-02-06,33.36813735961914
2025-02-07,32.750022888183594
2025-02-10,32.49081802368164
2025-02-11,31.653371810913086
2025-02-12,31.763036727905273
2025-02-13,32.81980895996094
2025-02-14,33.19865417480469
2025-02-18,33.88655471801758
2025-02-19,34.06600570678711
2025-02-20,33.95634078979492
2025-02-21,32.92947006225586
2025-02-24,32.18175506591797
2025-02-25,31.34431266784668
2025-02-26,31.404130935668945
2025-02-27,30.407175064086914
2025-02-28,30.287538528442383
2025-03-03,29.001466751098633
2025-03-04,29.051313400268555
2025-03-05,29.838909149169922
2025-03-06,29.300552368164062
2025-03-07,29.958541870117188
2025-03-10,29.051313400268555
2025-03-11,28.95162010192871
2025-03-12,29.1210994720459
2025-03-13,28.662500381469727
2025-03-14,29.200857162475586
2025-03-17,29.789060592651367
2025-03-18,29.489974975585938
2025-03-19,29.858850479125977
2025-03-20,29.519882202148438
2025-03-21,29.719274520874023
2025-03-24,30.387237548828125
2025-03-25,30.49690055847168
2025-03-26,29.709304809570312
2025-03-27,29.619518280029297
2025-03-28,28.741607666015625
2025-03-31,28.552059173583984
2025-04-01,29.11073112487793
2025-04-02,29.11073112487793
2025-04-03,27.424739837646484
2025-04-04,25.878421783447266
2025-04-07,25.79861068725586
2025-04-08,24.401933670043945
2025-04-09,27.374860763549805
2025-04-10,25.79861068725586
2025-04-11,26.207637786865234
2025-04-14,26.925928115844727
2025-04-15,26.467021942138672
2025-04-16,25.898372650146484
2025-04-17,26.067968368530273
2025-04-21,25.2997989654541
2025-04-22,26.127826690673828
2025-04-23,26.2774715423584
2025-04-24,27.404788970947266
2025-04-25,28.043270111083984
2025-04-28,28.322603225708008
2025-04-29,28.212867736816406
2025-04-30,27.684125900268555
2025-05-01,27.82379150390625
2025-05-02,28.412391662597656
2025-05-05,27.743982315063477
2025-05-06,27.61429214477539
2025-05-07,27.684125900268555
2025-05-08,28.591962814331055
2025-05-09,29.400041580200195
2025-05-12,30.946361541748047
2025-05-13,32.193397521972656
2025-05-14,32.45277404785156
2025-05-15,32.50265884399414
2025-05-16,32.65229797363281
2025-05-19,32.02379608154297
2025-05-20,32.30313491821289
2025-05-21,31.2955322265625
2025-05-22,30.407644271850586
2025-05-23,30.35776138305664
2025-05-27,30.946361541748047
2025-05-28,30.746837615966797
2025-05-29,30.427597045898438
2025-05-30,30.138282775878906
2025-06-02,29.729257583618164
2025-06-03,30.9663143157959
2025-06-04,31.105981826782227
2025-06-05,30.677001953125
2025-06-06,31.225696563720703
2025-06-09,32.02379608154297
2025-06-10,32.70218276977539
2025-06-11,32.55253982543945
2025-06-12,32.39291763305664
2025-06-13,32.293155670166016
2025-06-16,33.08127975463867
2025-06-17,31.445175170898438
2025-06-18,31.83424949645996
2025-06-20,31.574865341186523
2025-06-23,31.85420036315918
2025-06-24,32.4627571105957
2025-06-25,32.28317642211914
2025-06-26,32.99885559082031
2025-06-27,32.549686431884766
2025-06-30,32.629539489746094
2025-07-01,32.7193717956543
2025-07-02,33.587764739990234
2025-07-03,34.55596923828125
2025-07-07,33.7973747253418
2025-07-08,33.97704315185547
2025-07-09,34.46613311767578
2025-07-10,35.12491226196289
2025-07-11,34.59589767456055
2025-07-14,34.64580154418945
2025-07-15,35.03507995605469
2025-07-16,34.83544921875
2025-07-17,35.76373291015625
2025-07-18,36.402549743652344
2025-07-21,36.36262130737305
2025-07-22,37.29090118408203
2025-07-23,36.88166427612305
2025-07-24,36.542293548583984
2025-07-25,36.96151351928711
2025-07-28,36.91160583496094
2025-07-29,36.0831413269043
2025-07-30,35.81364059448242
2025-07-31,35.2247314453125
2025-08-01,34.91530227661133
2025-08-04,34.71567153930664
2025-08-05,34.75559616088867
2025-08-06,34.246543884277344
2025-08-07,34.685726165771484
2025-08-08,35.12491226196289
2025-08-11,35.15485763549805
2025-08-12,36.043216705322266
2025-08-13,36.76188278198242
2025-08-14,36.302734375
2025-08-15,36.91160583496094
2025-08-18,37.74007034301758
2025-08-19,37.00143814086914
2025-08-20,36.602176666259766
2025-08-21,36.202919006347656
2025-08-22,37.9796257019043
2025-08-25,37.98960876464844
2025-08-26,38.08942413330078
2025-08-27,38.12934875488281
2025-08-28,38.498661041259766
2025-08-29,37.839881896972656
2025-09-02,37.13119888305664
2025-09-03,37.2509765625
2025-09-04,37.390716552734375
2025-09-05,38.18923568725586
2025-09-08,37.710121154785156
2025-09-09,37.18110275268555
2025-09-10,37.62029266357422
2025-09-11,38.358924865722656
2025-09-12,38.38886260986328
2025-09-15,39.017704010009766
2025-09-16,39.58665084838867
2025-09-17,40.305320739746094
2025-09-18,41.19367218017578
2025-09-19,41.48313522338867
2025-09-22,42.531192779541016
2025-09-23,41.80254364013672
2025-09-24,41.92231750488281
2025-09-25,41.89434814453125
2025-09-26,41.93430709838867
2025-09-29,42.06416702270508
2025-09-30,41.91432571411133
2025-10-01,43.162967681884766
2025-10-02,43.063079833984375
2025-10-03,43.31280517578125
2025-10-06,44.111934661865234
2025-10-07,43.063079833984375
2025-10-08,43.70238494873047
2025-10-09,43.91215515136719
2025-10-10,42.20401382446289
2025-10-13,45.55036544799805
2025-10-14,46.13972473144531
2025-10-15,47.26849365234375
2025-10-16,46.26958465576172
2025-10-17,45.48044204711914
2025-10-20,46.33950424194336
2025-10-21,45.46046447753906
2025-10-22,44.08197021484375
2025-10-23,44.980987548828125
2025-10-24,46.10975646972656
2025-10-27,46.119747161865234
2025-10-28,45.929954528808594
2025-10-29,46.61920166015625
2025-10-30,45.3505859375
2025-10-31,46.469364166259766
2025-11-03,46.48934555053711
2025-11-04,44.45156478881836
2025-11-05,47.178592681884766
2025-11-06,45.79010772705078
2025-11-07,45.67023849487305
2025-11-10,47.09868240356445
2025-11-11,46.48934555053711
2025-11-12,46.03983688354492
2025-11-13,43.442665100097656
2025-11-14,43.32279586791992
2025-11-17,42.53365707397461
2025-11-18,42.593589782714844
2025-11-19,42.793373107910156
2025-11-20,41.05526351928711
2025-11-21,41.56471252441406
2025-11-24,42.633544921875
2025-11-25,43.31280517578125
2025-11-26,44.40161895751953
2025-11-28,45.37055969238281
2025-12-01,44.201839447021484
2025-12-02,44.571434020996094
2025-12-03,45.22072982788086
2025-12-04,46.24960708618164
2025-12-05,46.309539794921875
2025-12-08,45.870018005371094
2025-12-09,45.76013946533203
2025-12-10,45.94993209838867
2025-12-11,46.56925964355469
2025-12-12,45.32344055175781
2025-12-15,44.843505859375
2025-12-16,44.58354568481445
2025-12-17,43.353721618652344
2025-12-18,44.9634895324707
2025-12-19,46.253299713134766
2025-12-22,47.12317657470703
2025-12-23,46.49326705932617
2025-12-24,46.643245697021484
2025-12-26,46.363285064697266
2025-12-29,45.573402404785156
2025-12-30,44.89350128173828
2025-12-31,44.58354568481445
2026-01-02,46.473270416259766
2026-01-05,47.423133850097656
2026-01-06,48.13302993774414
2026-01-07,47.643104553222656
2026-01-08,47.69309616088867
2026-01-09,48.45298385620117
2026-01-12,49.11288833618164
2026-01-13,49.502830505371094
2026-01-14,49.07289505004883
2026-01-15,49.332855224609375
2026-01-16,49.56282424926758
2026-01-20,49.092891693115234
2026-01-21,50.14274215698242
2026-01-22,51.052608489990234
2026-01-23,50.51268768310547
2026-01-26,49.762794494628906
2026-01-27,50.532684326171875
2026-01-28,51.85249328613281
2026-01-29,50.70265579223633
2026-01-30,49.252864837646484
2026-02-02,49.42284393310547
2026-02-03,50.532684326171875
2026-02-04,49.552825927734375
2026-02-05,47.423133850097656
2026-02-06,49.67280578613281
2026-02-09,50.58267593383789
2026-02-10,50.51268768310547
2026-02-11,51.16259002685547
2026-02-12,49.162879943847656
2026-02-13,50.532684326171875
2026-02-17,50.70265579223633
2026-02-18,51.11259841918945
2026-02-19,50.392704010009766
2026-02-20,50.16273498535156
2026-02-23,50.35271072387695
2026-02-24,51.482547760009766
2026-02-25,51.702510833740234
2026-02-26,50.392704010009766
2026-02-27,48.402992248535156
2026-03-02,49.15288162231445
2026-03-03,47.343143463134766
2026-03-04,48.17302322387695
2026-03-05,47.06318664550781
2026-03-06,45.02347946166992
2026-03-09,46.74323272705078
2026-03-10,47.43313217163086
2026-03-11,48.053043365478516
2026-03-12,46.7932243347168
2026-03-13,46.473270416259766
2026-03-16,47.273155212402344
2026-03-17,48.09303283691406
2026-03-18,47.36314010620117
2026-03-19,47.873069763183594
2026-03-20,45.773372650146484
2026-03-23,46.56325912475586
2026-03-24,47.69309616088867
2026-03-25,48.33300018310547
2026-03-26,45.88999938964844
2026-03-27,45.540000915527344
2026-03-30,43.630001068115234
2026-03-31,46.470001220703125
2026-04-01,46.88999938964844
2026-04-02,46.5099983215332
2026-04-06,46.52000045776367
2026-04-07,46.2599983215332
2026-04-08,48.63999938964844
2026-04-09,49.099998474121094
2026-04-10,49.810001373291016
2026-04-13,50.54999923706055
2026-04-14,52.209999084472656
2026-04-15,52.15999984741211
2026-04-16,53.22999954223633
2026-04-17,53.72999954223633
2026-04-20,54.58000183105469
2026-04-21,54.88999938964844
2026-04-22,56.15999984741211
2026-04-23,57.099998474121094
2026-04-24,56.970001220703125
2026-04-27,57.220001220703125
2026-04-28,55.040000915527344
2026-04-29,56.720001220703125
2026-04-30,58.650001525878906
2026-05-01,59.189998626708984
2026-05-04,58.58000183105469
2026-05-05,59.689998626708984
2026-05-06,60.31999969482422
2026-05-07,58.59000015258789
2026-05-08,59.810001373291016
2026-05-11,62.130001068115234
2026-05-12,60.65999984741211
2026-05-13,62.63999938964844
2026-05-14,63.060001373291016
2026-05-15,61.18000030517578
2026-05-18,58.75
2026-05-19,57.33000183105469
2026-05-20,59.93000030517578
2026-05-21,62.099998474121094
2026-05-22,63.400001525878906
2026-05-26,66.44999694824219
2026-05-27,66.26000213623047
2026-05-28,66.95999908447266
2026-05-29,66.30999755859375
2026-06-01,65.55000305175781
2026-06-02,68.47000122070312
2026-06-03,68.19000244140625
2026-06-04,67.7699966430664
2026-06-05,61.38999938964844
2026-06-08,61.529998779296875
2026-06-09,60.13999938964844
2026-06-10,57.2400016784668
2026-06-11,60.47999954223633
2026-06-12,61.4900016784668
2026-06-15,63.52000045776367
2026-06-16,61.66999816894531
2026-06-17,61.029998779296875
2026-06-18,64.23999786376953
2026-06-22,65.26000213623047
2026-06-23,61.16999816894531
2026-06-24,60.52000045776367
2026-06-25,60.779998779296875
2026-06-26,57.400001525878906
2026-06-29,58.88999938964844
2026-06-30,61.31999969482422
2026-07-01,59.65999984741211
2026-07-02,56.709999084472656
2026-07-06,58.70000076293945
2026-07-07,55.130001068115234
2026-07-08,55.0
2026-07-09,56.54999923706055
2026-07-10,55.70000076293945
2026-07-13,53.56999969482422
2026-07-14,54.900001525878906
2026-07-15,54.779998779296875
2026-07-16,52.189998626708984
2026-07-17,52.2400016784668
2026-07-20,51.25
2026-07-21,53.11000061035156
2026-07-22,52.81999969482422
2026-07-23,51.599998474121094
2026-07-24,49.2599983215332
2026-07-27,49.709999084472656
2026-07-28,48.119998931884766
2026-07-29,46.47999954223633
2026-07-30,49.38999938964844
2026-07-31,49.2599983215332
2026-08-03,50.58000183105469
