Date,Close
1996-06-07,3.700425386428833
1996-06-10,3.502187728881836
1996-06-11,3.667386054992676
1996-06-12,3.5682671070098877
1996-06-13,3.6343460083007812
1996-06-14,3.5682671070098877
1996-06-17,3.502187728881836
1996-06-18,3.33699107170105
1996-06-19,3.2378721237182617
1996-06-20,3.2378721237182617
1996-06-21,3.4030697345733643
1996-06-24,3.4030697345733643
1996-06-25,3.4030697345733643
1996-06-26,3.3039512634277344
1996-06-27,3.270911931991577
1996-06-28,3.270911931991577
1996-07-01,3.2378721237182617
1996-07-02,3.1717936992645264
1996-07-03,3.1717936992645264
1996-07-05,3.1717936992645264
1996-07-08,3.2378721237182617
1996-07-09,3.3039512634277344
1996-07-10,3.270911931991577
1996-07-11,3.2378721237182617
1996-07-12,3.2378721237182617
1996-07-15,3.1717936992645264
1996-07-16,3.1717936992645264
1996-07-17,3.1717936992645264
1996-07-18,3.2378721237182617
1996-07-19,3.2048325538635254
1996-07-22,3.3039512634277344
1996-07-23,3.2048325538635254
1996-07-24,3.1717936992645264
1996-07-25,3.270911931991577
1996-07-26,3.1717936992645264
1996-07-29,3.270911931991577
1996-07-30,3.1717936992645264
1996-07-31,3.270911931991577
1996-08-01,3.270911931991577
1996-08-02,3.2048325538635254
1996-08-05,3.270911931991577
1996-08-06,3.2378721237182617
1996-08-07,3.1717936992645264
1996-08-08,3.1717936992645264
1996-08-09,3.1717936992645264
1996-08-12,3.1717936992645264
1996-08-13,3.270911931991577
1996-08-14,3.270911931991577
1996-08-15,3.270911931991577
1996-08-16,3.1717936992645264
1996-08-19,3.1717936992645264
1996-08-20,3.1717936992645264
1996-08-21,3.2378721237182617
1996-08-22,3.270911931991577
1996-08-23,3.270911931991577
1996-08-26,3.270911931991577
1996-08-27,3.287431001663208
1996-08-28,3.270911931991577
1996-08-29,3.2048325538635254
1996-08-30,3.3039512634277344
1996-09-03,3.2378721237182617
1996-09-04,3.1717936992645264
1996-09-05,3.2378721237182617
1996-09-06,3.1717936992645264
1996-09-09,3.1717936992645264
1996-09-10,3.1717936992645264
1996-09-11,3.1717936992645264
1996-09-12,3.2378721237182617
1996-09-13,3.2048325538635254
1996-09-16,3.270911931991577
1996-09-17,3.270911931991577
1996-09-18,3.3039512634277344
1996-09-19,3.287431001663208
1996-09-20,3.2378721237182617
1996-09-23,3.2378721237182617
1996-09-24,3.2378721237182617
1996-09-25,3.2378721237182617
1996-09-26,3.2378721237182617
1996-09-27,3.370030641555786
1996-09-30,3.2378721237182617
1996-10-01,3.2378721237182617
1996-10-02,3.2378721237182617
1996-10-03,3.2378721237182617
1996-10-04,3.2378721237182617
1996-10-07,3.270911931991577
1996-10-08,3.287431001663208
1996-10-09,3.3039512634277344
1996-10-10,3.3039512634277344
1996-10-11,3.33699107170105
1996-10-14,3.2378721237182617
1996-10-15,3.2378721237182617
1996-10-16,3.2378721237182617
1996-10-17,3.2378721237182617
1996-10-18,3.2378721237182617
1996-10-21,3.2378721237182617
1996-10-22,3.2378721237182617
1996-10-23,3.2378721237182617
1996-10-24,3.2378721237182617
1996-10-25,3.1717936992645264
1996-10-28,3.1717936992645264
1996-10-29,3.1717936992645264
1996-10-30,3.1717936992645264
1996-10-31,3.270911931991577
1996-11-01,3.1717936992645264
1996-11-04,3.1717936992645264
1996-11-05,3.2048325538635254
1996-11-06,3.2378721237182617
1996-11-07,3.2543911933898926
1996-11-08,3.1717936992645264
1996-11-11,3.1717936992645264
1996-11-12,3.1717936992645264
1996-11-13,3.2048325538635254
1996-11-14,3.1717936992645264
1996-11-15,3.1717936992645264
1996-11-18,3.2378721237182617
1996-11-19,3.180053234100342
1996-11-20,3.3039512634277344
1996-11-21,3.370030641555786
1996-11-22,3.33699107170105
1996-11-25,3.33699107170105
1996-11-26,3.33699107170105
1996-11-27,3.270911931991577
1996-11-29,3.270911931991577
1996-12-02,3.270911931991577
1996-12-03,3.33699107170105
1996-12-04,3.3039512634277344
1996-12-05,3.33699107170105
1996-12-06,3.3039512634277344
1996-12-09,3.270911931991577
1996-12-10,3.469149112701416
1996-12-11,3.4361090660095215
1996-12-12,3.4030697345733643
1996-12-13,3.370030641555786
1996-12-16,3.370030641555786
1996-12-17,3.33699107170105
1996-12-18,3.33699107170105
1996-12-19,3.33699107170105
1996-12-20,3.2048325538635254
1996-12-23,3.2048325538635254
1996-12-24,3.3039512634277344
1996-12-26,3.1717936992645264
1996-12-27,3.1717936992645264
1996-12-30,3.1717936992645264
1996-12-31,3.1717936992645264
1997-01-02,3.1717936992645264
1997-01-03,3.1717936992645264
1997-01-06,3.1717936992645264
1997-01-07,3.1717936992645264
1997-01-08,3.270911931991577
1997-01-09,3.270911931991577
1997-01-10,3.072674036026001
1997-01-13,3.006596088409424
1997-01-14,3.1057140827178955
1997-01-15,3.039635181427002
1997-01-16,3.039635181427002
1997-01-17,3.039635181427002
1997-01-20,3.13875412940979
1997-01-21,3.072674036026001
1997-01-22,3.039635181427002
1997-01-23,2.973555564880371
1997-01-24,2.940516471862793
1997-01-27,2.9074769020080566
1997-01-28,2.8744378089904785
1997-01-29,2.8744378089904785
1997-01-30,2.841398000717163
1997-01-31,2.742279052734375
1997-02-03,2.6762001514434814
1997-02-04,2.511002779006958
1997-02-05,2.577082395553589
1997-02-06,2.5440430641174316
1997-02-07,2.577082395553589
1997-02-10,2.4118845462799072
1997-02-11,2.3788442611694336
1997-02-12,2.3623249530792236
1997-02-13,2.3127667903900146
1997-02-14,2.3127667903900146
1997-02-18,2.4118845462799072
1997-02-19,2.3788442611694336
1997-02-20,2.3788442611694336
1997-02-21,2.3788442611694336
1997-02-24,2.3458056449890137
1997-02-25,2.3127667903900146
1997-02-26,2.3458056449890137
1997-02-27,2.3458056449890137
1997-02-28,2.3458056449890137
1997-03-03,2.3458056449890137
1997-03-04,2.3458056449890137
1997-03-05,2.3458056449890137
1997-03-06,2.3127667903900146
1997-03-07,2.4118845462799072
1997-03-10,2.4118845462799072
1997-03-11,2.3788442611694336
1997-03-12,2.4449241161346436
1997-03-13,2.3127667903900146
1997-03-14,2.3788442611694336
1997-03-17,2.4118845462799072
1997-03-18,2.3788442611694336
1997-03-19,2.3458056449890137
1997-03-20,2.3127667903900146
1997-03-21,2.1475682258605957
1997-03-24,2.246687173843384
1997-03-25,2.279726982116699
1997-03-26,2.21364688873291
1997-03-27,2.3127667903900146
1997-03-31,2.3127667903900146
1997-04-01,2.3127667903900146
1997-04-02,2.21364688873291
1997-04-03,2.279726982116699
1997-04-04,2.246687173843384
1997-04-07,2.3458056449890137
1997-04-08,2.3458056449890137
1997-04-09,2.3127667903900146
1997-04-10,2.3127667903900146
1997-04-11,2.3788442611694336
1997-04-14,2.246687173843384
1997-04-15,2.3788442611694336
1997-04-16,2.246687173843384
1997-04-17,2.246687173843384
1997-04-18,2.246687173843384
1997-04-21,2.246687173843384
1997-04-22,2.3788442611694336
1997-04-23,2.246687173843384
1997-04-24,2.246687173843384
1997-04-25,2.279726982116699
1997-04-28,2.246687173843384
1997-04-29,2.246687173843384
1997-04-30,2.180607795715332
1997-05-01,2.180607795715332
1997-05-02,2.180607795715332
1997-05-05,2.246687173843384
1997-05-06,2.180607795715332
1997-05-07,2.246687173843384
1997-05-08,2.1475682258605957
1997-05-09,2.081489324569702
1997-05-12,1.9823706150054932
1997-05-13,2.081489324569702
1997-05-14,2.0154097080230713
1997-05-15,2.0154097080230713
1997-05-16,1.9823706150054932
1997-05-19,2.0154097080230713
1997-05-20,1.9493314027786255
1997-05-21,1.9162917137145996
1997-05-22,1.9493314027786255
1997-05-23,1.9162917137145996
1997-05-27,1.9162917137145996
1997-05-28,1.8171730041503906
1997-05-29,1.8171730041503906
1997-05-30,1.9493314027786255
1997-06-02,1.9493314027786255
1997-06-03,1.9493314027786255
1997-06-04,1.8832522630691528
1997-06-05,1.9493314027786255
1997-06-06,1.8832522630691528
1997-06-09,1.9493314027786255
1997-06-10,1.9162917137145996
1997-06-11,1.9823706150054932
1997-06-12,2.114528179168701
1997-06-13,1.9823706150054932
1997-06-16,2.0484492778778076
1997-06-17,2.114528179168701
1997-06-18,2.114528179168701
1997-06-19,1.8502126932144165
1997-06-20,1.8171730041503906
1997-06-23,1.751093864440918
1997-06-24,1.7180545330047607
1997-06-25,1.5198179483413696
1997-06-26,1.5198179483413696
1997-06-27,1.5528572797775269
1997-06-30,1.6519756317138672
1997-07-01,1.7180545330047607
1997-07-02,1.4867782592773438
1997-07-03,1.5528572797775269
1997-07-07,1.6189360618591309
1997-07-08,1.5198179483413696
1997-07-09,1.5528572797775269
1997-07-10,1.5858968496322632
1997-07-11,1.8006536960601807
1997-07-14,1.685015320777893
1997-07-15,1.685015320777893
1997-07-16,1.8832522630691528
1997-07-17,1.8832522630691528
1997-07-18,1.7180545330047607
1997-07-21,1.685015320777893
1997-07-22,1.751093864440918
1997-07-23,1.8171730041503906
1997-07-24,1.685015320777893
1997-07-25,1.7180545330047607
1997-07-28,1.7180545330047607
1997-07-29,1.7180545330047607
1997-07-30,1.7841335535049438
1997-07-31,1.9493314027786255
1997-08-01,1.9162917137145996
1997-08-04,2.0484492778778076
1997-08-05,1.9162917137145996
1997-08-06,1.8832522630691528
1997-08-07,2.0484492778778076
1997-08-08,1.9162917137145996
1997-08-11,1.8832522630691528
1997-08-12,1.8832522630691528
1997-08-13,1.9493314027786255
1997-08-14,1.9493314027786255
1997-08-15,1.9162917137145996
1997-08-18,1.9493314027786255
1997-08-19,1.9823706150054932
1997-08-20,2.0154097080230713
1997-08-21,2.0319297313690186
1997-08-22,2.0319297313690186
1997-08-25,2.0319297313690186
1997-08-26,1.9823706150054932
1997-08-27,2.0484492778778076
1997-08-28,2.279726982116699
1997-08-29,2.279726982116699
1997-09-02,2.3127667903900146
1997-09-03,2.4118845462799072
1997-09-04,2.3458056449890137
1997-09-05,2.3458056449890137
1997-09-08,2.4779629707336426
1997-09-09,2.4449241161346436
1997-09-10,2.3788442611694336
1997-09-11,2.3788442611694336
1997-09-12,2.3788442611694336
1997-09-15,2.4449241161346436
1997-09-16,2.4449241161346436
1997-09-17,2.4449241161346436
1997-09-18,2.4118845462799072
1997-09-19,2.4118845462799072
1997-09-22,2.4779629707336426
1997-09-23,2.4779629707336426
1997-09-24,2.4779629707336426
1997-09-25,2.4779629707336426
1997-09-26,2.5440430641174316
1997-09-29,2.5440430641174316
1997-09-30,2.5440430641174316
1997-10-01,2.4779629707336426
1997-10-02,2.4779629707336426
1997-10-03,2.577082395553589
1997-10-06,2.5440430641174316
1997-10-07,2.577082395553589
1997-10-08,2.4449241161346436
1997-10-09,2.511002779006958
1997-10-10,2.511002779006958
1997-10-13,2.3788442611694336
1997-10-14,2.511002779006958
1997-10-15,2.3788442611694336
1997-10-16,2.511002779006958
1997-10-17,2.3458056449890137
1997-10-20,2.3127667903900146
1997-10-21,2.279726982116699
1997-10-22,2.329284906387329
1997-10-23,2.246687173843384
1997-10-24,2.279726982116699
1997-10-27,2.246687173843384
1997-10-28,2.3458056449890137
1997-10-29,2.3788442611694336
1997-10-30,2.3788442611694336
1997-10-31,2.279726982116699
1997-11-03,2.3458056449890137
1997-11-04,2.3127667903900146
1997-11-05,2.3127667903900146
1997-11-06,2.3127667903900146
1997-11-07,2.395364999771118
1997-11-10,2.4449241161346436
1997-11-11,2.428403377532959
1997-11-12,2.3788442611694336
1997-11-13,2.3788442611694336
1997-11-14,2.3788442611694336
1997-11-17,2.3788442611694336
1997-11-18,2.4118845462799072
1997-11-19,2.3788442611694336
1997-11-20,2.3788442611694336
1997-11-21,2.3788442611694336
1997-11-24,2.3788442611694336
1997-11-25,2.3788442611694336
1997-11-26,2.4118845462799072
1997-11-28,2.4118845462799072
1997-12-01,2.4118845462799072
1997-12-02,2.4449241161346436
1997-12-03,2.4118845462799072
1997-12-04,2.4118845462799072
1997-12-05,2.4118845462799072
1997-12-08,2.4118845462799072
1997-12-09,2.3788442611694336
1997-12-10,2.4449241161346436
1997-12-11,2.4449241161346436
1997-12-12,2.4449241161346436
1997-12-15,2.4449241161346436
1997-12-16,2.4449241161346436
1997-12-17,2.4118845462799072
1997-12-18,2.3788442611694336
1997-12-19,2.3788442611694336
1997-12-22,2.4779629707336426
1997-12-23,2.3458056449890137
1997-12-24,2.3788442611694336
1997-12-26,2.3458056449890137
1997-12-29,2.21364688873291
1997-12-30,2.21364688873291
1997-12-31,2.114528179168701
1998-01-02,2.114528179168701
1998-01-05,2.21364688873291
1998-01-06,2.1475682258605957
1998-01-07,2.0484492778778076
1998-01-08,2.0484492778778076
1998-01-09,2.114528179168701
1998-01-12,2.0154097080230713
1998-01-13,2.0154097080230713
1998-01-14,2.0154097080230713
1998-01-15,2.0154097080230713
1998-01-16,2.0484492778778076
1998-01-20,2.279726982116699
1998-01-21,2.246687173843384
1998-01-22,2.3127667903900146
1998-01-23,2.4118845462799072
1998-01-26,2.279726982116699
1998-01-27,2.3127667903900146
1998-01-28,2.1971278190612793
1998-01-29,2.246687173843384
1998-01-30,2.246687173843384
1998-02-02,2.3127667903900146
1998-02-03,2.21364688873291
1998-02-04,2.21364688873291
1998-02-05,2.180607795715332
1998-02-06,2.1475682258605957
1998-02-09,2.114528179168701
1998-02-10,2.246687173843384
1998-02-11,2.1310482025146484
1998-02-12,2.246687173843384
1998-02-13,2.114528179168701
1998-02-17,2.246687173843384
1998-02-18,2.3127667903900146
1998-02-19,2.279726982116699
1998-02-20,2.279726982116699
1998-02-23,2.246687173843384
1998-02-24,2.279726982116699
1998-02-25,2.3623249530792236
1998-02-26,2.3458056449890137
1998-02-27,2.4779629707336426
1998-03-02,2.6762001514434814
1998-03-03,2.511002779006958
1998-03-04,2.593601703643799
1998-03-05,2.610121250152588
1998-03-06,2.709240198135376
1998-03-09,2.7753188610076904
1998-03-10,2.742279052734375
1998-03-11,2.7753188610076904
1998-03-12,2.940516471862793
1998-03-13,2.9074769020080566
1998-03-16,2.940516471862793
1998-03-17,2.940516471862793
1998-03-18,2.940516471862793
1998-03-19,2.841398000717163
1998-03-20,2.8083581924438477
1998-03-23,2.8579177856445312
1998-03-24,2.8744378089904785
1998-03-25,2.8744378089904785
1998-03-26,2.9074769020080566
1998-03-27,3.039635181427002
1998-03-30,2.8744378089904785
1998-03-31,3.006596088409424
1998-04-01,2.8703081607818604
1998-04-02,3.006596088409424
1998-04-03,3.072674036026001
1998-04-06,3.006596088409424
1998-04-07,2.973555564880371
1998-04-08,3.006596088409424
1998-04-09,3.072674036026001
1998-04-13,2.940516471862793
1998-04-14,2.841398000717163
1998-04-15,2.9074769020080566
1998-04-16,2.9074769020080566
1998-04-17,2.8744378089904785
1998-04-20,2.973555564880371
1998-04-21,2.9074769020080566
1998-04-22,3.006596088409424
1998-04-23,2.973555564880371
1998-04-24,2.973555564880371
1998-04-27,2.973555564880371
1998-04-28,3.023115396499634
1998-04-29,3.006596088409424
1998-04-30,3.1717936992645264
1998-05-01,3.039635181427002
1998-05-04,2.973555564880371
1998-05-05,2.940516471862793
1998-05-06,3.1057140827178955
1998-05-07,3.0561554431915283
1998-05-08,2.973555564880371
1998-05-11,3.1057140827178955
1998-05-12,3.072674036026001
1998-05-13,3.039635181427002
1998-05-14,3.1057140827178955
1998-05-15,3.072674036026001
1998-05-18,3.0561554431915283
1998-05-19,3.13875412940979
1998-05-20,3.1717936992645264
1998-05-21,3.13875412940979
1998-05-22,3.2048325538635254
1998-05-26,3.13875412940979
1998-05-27,3.2378721237182617
1998-05-28,3.518707513809204
1998-05-29,3.6343460083007812
1998-06-01,3.5682671070098877
1998-06-02,3.518707513809204
1998-06-03,3.4361090660095215
1998-06-04,3.5682671070098877
1998-06-05,3.4361090660095215
1998-06-08,3.4361090660095215
1998-06-09,3.5682671070098877
1998-06-10,3.4030697345733643
1998-06-11,3.3039512634277344
1998-06-12,3.1057140827178955
1998-06-15,3.1883130073547363
1998-06-16,3.2378721237182617
1998-06-17,3.2378721237182617
1998-06-18,3.2378721237182617
1998-06-19,3.2048325538635254
1998-06-22,3.039635181427002
1998-06-23,3.039635181427002
1998-06-24,3.1057140827178955
1998-06-25,2.940516471862793
1998-06-26,2.742279052734375
1998-06-29,2.742279052734375
1998-06-30,2.742279052734375
1998-07-01,2.709240198135376
1998-07-02,2.610121250152588
1998-07-06,2.577082395553589
1998-07-07,2.4779629707336426
1998-07-08,2.4779629707336426
1998-07-09,2.511002779006958
1998-07-10,2.511002779006958
1998-07-13,2.511002779006958
1998-07-14,2.8083581924438477
1998-07-15,2.9074769020080566
1998-07-16,3.3039512634277344
1998-07-17,3.33699107170105
1998-07-20,3.1717936992645264
1998-07-21,3.2048325538635254
1998-07-22,3.2048325538635254
1998-07-23,3.1717936992645264
1998-07-24,3.13875412940979
1998-07-27,3.072674036026001
1998-07-28,2.841398000717163
1998-07-29,2.841398000717163
1998-07-30,2.6762001514434814
1998-07-31,2.5605616569519043
1998-08-03,2.610121250152588
1998-08-04,2.593601703643799
1998-08-05,2.577082395553589
1998-08-06,2.7753188610076904
1998-08-07,2.8744378089904785
1998-08-10,2.9074769020080566
1998-08-11,2.8083581924438477
1998-08-12,2.841398000717163
1998-08-13,2.643160820007324
1998-08-14,2.6762001514434814
1998-08-17,2.643160820007324
1998-08-18,2.7753188610076904
1998-08-19,2.6762001514434814
1998-08-20,2.7753188610076904
1998-08-21,2.610121250152588
1998-08-24,2.643160820007324
1998-08-25,2.577082395553589
1998-08-26,2.643160820007324
1998-08-27,2.527522325515747
1998-08-28,2.610121250152588
1998-08-31,2.3788442611694336
1998-09-01,2.577082395553589
1998-09-02,2.3871052265167236
1998-09-03,2.3458056449890137
1998-09-04,2.3127667903900146
1998-09-08,2.279726982116699
1998-09-09,2.4449241161346436
1998-09-10,2.3127667903900146
1998-09-11,2.4449241161346436
1998-09-14,2.5440430641174316
1998-09-15,2.709240198135376
1998-09-16,2.841398000717163
1998-09-17,2.7587993144989014
1998-09-18,2.8909568786621094
1998-09-21,2.9074769020080566
1998-09-22,2.8083581924438477
1998-09-23,2.8744378089904785
1998-09-24,2.7753188610076904
1998-09-25,2.643160820007324
1998-09-28,2.709240198135376
1998-09-29,2.577082395553589
1998-09-30,2.709240198135376
1998-10-01,2.5440430641174316
1998-10-02,2.4449241161346436
1998-10-05,2.4118845462799072
1998-10-06,2.3458056449890137
1998-10-07,2.296245813369751
1998-10-08,2.081489324569702
1998-10-09,1.9493314027786255
1998-10-12,2.1971278190612793
1998-10-13,2.0484492778778076
1998-10-14,2.246687173843384
1998-10-15,2.3788442611694336
1998-10-16,2.742279052734375
1998-10-19,2.791839122772217
1998-10-20,2.610121250152588
1998-10-21,2.742279052734375
1998-10-22,2.841398000717163
1998-10-23,2.8744378089904785
1998-10-26,3.006596088409424
1998-10-27,3.006596088409424
1998-10-28,3.039635181427002
1998-10-29,2.940516471862793
1998-10-30,3.006596088409424
1998-11-02,3.006596088409424
1998-11-03,3.13875412940979
1998-11-04,3.1717936992645264
1998-11-05,3.1057140827178955
1998-11-06,3.072674036026001
1998-11-09,3.072674036026001
1998-11-10,2.9074769020080566
1998-11-11,2.8909568786621094
1998-11-12,2.8083581924438477
1998-11-13,2.841398000717163
1998-11-16,2.593601703643799
1998-11-17,2.6762001514434814
1998-11-18,2.6596803665161133
1998-11-19,2.709240198135376
1998-11-20,2.709240198135376
1998-11-23,2.742279052734375
1998-11-24,2.6762001514434814
1998-11-25,2.643160820007324
1998-11-27,2.643160820007324
1998-11-30,2.511002779006958
1998-12-01,2.511002779006958
1998-12-02,2.4779629707336426
1998-12-03,2.5605616569519043
1998-12-04,2.577082395553589
1998-12-07,2.5440430641174316
1998-12-08,2.610121250152588
1998-12-09,2.6762001514434814
1998-12-10,2.610121250152588
1998-12-11,2.610121250152588
1998-12-14,2.577082395553589
1998-12-15,2.8083581924438477
1998-12-16,2.742279052734375
1998-12-17,2.6762001514434814
1998-12-18,2.742279052734375
1998-12-21,2.8744378089904785
1998-12-22,2.940516471862793
1998-12-23,2.8744378089904785
1998-12-24,3.039635181427002
1998-12-28,3.039635181427002
1998-12-29,2.973555564880371
1998-12-30,3.072674036026001
1998-12-31,2.9074769020080566
1999-01-04,3.023115396499634
1999-01-05,3.006596088409424
1999-01-06,3.023115396499634
1999-01-07,3.006596088409424
1999-01-08,2.973555564880371
1999-01-11,2.8083581924438477
1999-01-12,2.791839122772217
1999-01-13,2.7753188610076904
1999-01-14,2.7587993144989014
1999-01-15,2.8083581924438477
1999-01-19,3.039635181427002
1999-01-20,3.006596088409424
1999-01-21,3.1057140827178955
1999-01-22,3.1717936992645264
1999-01-25,3.386549949645996
1999-01-26,3.386549949645996
1999-01-27,3.4361090660095215
1999-01-28,3.4361090660095215
1999-01-29,3.4361090660095215
1999-02-01,3.386549949645996
1999-02-02,3.4030697345733643
1999-02-03,3.370030641555786
1999-02-04,3.33699107170105
1999-02-05,3.4030697345733643
1999-02-08,3.3039512634277344
1999-02-09,3.1057140827178955
1999-02-10,3.039635181427002
1999-02-11,3.2048325538635254
1999-02-12,3.072674036026001
1999-02-16,2.973555564880371
1999-02-17,2.9074769020080566
1999-02-18,3.1057140827178955
1999-02-19,3.13875412940979
1999-02-22,3.13875412940979
1999-02-23,3.1057140827178955
1999-02-24,3.072674036026001
1999-02-25,2.8744378089904785
1999-02-26,3.2378721237182617
1999-03-01,3.2378721237182617
1999-03-02,3.33699107170105
1999-03-03,3.2213525772094727
1999-03-04,3.2048325538635254
1999-03-05,3.13875412940979
1999-03-08,3.2048325538635254
1999-03-09,3.1717936992645264
1999-03-10,3.13875412940979
1999-03-11,2.957036018371582
1999-03-12,2.940516471862793
1999-03-15,3.039635181427002
1999-03-16,2.973555564880371
1999-03-17,3.006596088409424
1999-03-18,3.039635181427002
1999-03-19,3.006596088409424
1999-03-22,3.039635181427002
1999-03-23,2.973555564880371
1999-03-24,2.940516471862793
1999-03-25,3.072674036026001
1999-03-26,3.072674036026001
1999-03-29,2.973555564880371
1999-03-30,2.940516471862793
1999-03-31,2.973555564880371
1999-04-01,2.841398000717163
1999-04-05,2.841398000717163
1999-04-06,2.841398000717163
1999-04-07,2.7753188610076904
1999-04-08,2.8083581924438477
1999-04-09,2.824878692626953
1999-04-12,2.709240198135376
1999-04-13,2.824878692626953
1999-04-14,2.8083581924438477
1999-04-15,3.039635181427002
1999-04-16,3.039635181427002
1999-04-19,3.1717936992645264
1999-04-20,3.700425386428833
1999-04-21,3.931701183319092
1999-04-22,3.8491029739379883
1999-04-23,3.700425386428833
1999-04-26,3.700425386428833
1999-04-27,3.733464002609253
1999-04-28,3.7665045261383057
1999-04-29,3.7665045261383057
1999-04-30,3.733464002609253
1999-05-03,3.700425386428833
1999-05-04,3.667386054992676
1999-05-05,4.030820369720459
1999-05-06,4.196017742156982
1999-05-07,4.129939556121826
1999-05-10,4.047338962554932
1999-05-11,4.196017742156982
1999-05-12,4.493373394012451
1999-05-13,4.592491626739502
1999-05-14,4.295137405395508
1999-05-17,4.229057312011719
1999-05-18,4.295137405395508
1999-05-19,4.410773277282715
1999-05-20,4.460333347320557
1999-05-21,4.460333347320557
1999-05-24,4.493373394012451
1999-05-25,4.361216068267822
1999-05-26,4.030820369720459
1999-05-27,4.030820369720459
1999-05-28,4.1629791259765625
1999-06-01,4.229057312011719
1999-06-02,4.063859462738037
1999-06-03,4.129939556121826
1999-06-04,4.1629791259765625
1999-06-07,4.394255638122559
1999-06-08,4.493373394012451
1999-06-09,4.361216068267822
1999-06-10,4.262096405029297
1999-06-11,4.2125372886657715
1999-06-14,4.129939556121826
1999-06-15,4.063859462738037
1999-06-16,3.9812614917755127
1999-06-17,3.898662805557251
1999-06-18,3.9647412300109863
1999-06-21,4.196017742156982
1999-06-22,4.229057312011719
1999-06-23,4.196017742156982
1999-06-24,4.229057312011719
1999-06-25,4.295137405395508
1999-06-28,4.229057312011719
1999-06-29,4.229057312011719
1999-06-30,4.262096405029297
1999-07-01,4.427294731140137
1999-07-02,4.460333347320557
1999-07-06,4.410773277282715
1999-07-07,4.427294731140137
1999-07-08,4.5264129638671875
1999-07-09,4.592491626739502
1999-07-12,5.154164791107178
1999-07-13,5.022005558013916
1999-07-14,4.988967418670654
1999-07-15,5.022005558013916
1999-07-16,4.889847278594971
1999-07-19,5.055045127868652
1999-07-20,4.939407825469971
1999-07-21,4.955925941467285
1999-07-22,4.922887325286865
1999-07-23,4.790729999542236
1999-07-26,4.87332820892334
1999-07-27,5.022005558013916
1999-07-28,5.022005558013916
1999-07-29,4.955925941467285
1999-07-30,4.889847278594971
1999-08-02,4.509893894195557
1999-08-03,4.328174591064453
1999-08-04,4.361216068267822
1999-08-05,4.361216068267822
1999-08-06,4.229057312011719
1999-08-09,4.09689998626709
1999-08-10,4.09689998626709
1999-08-11,4.129939556121826
1999-08-12,4.129939556121826
1999-08-13,4.113420009613037
1999-08-16,3.99777889251709
1999-08-17,3.931701183319092
1999-08-18,3.8160645961761475
1999-08-19,3.667386054992676
1999-08-20,3.8656232357025146
1999-08-23,3.931701183319092
1999-08-24,3.898662805557251
1999-08-25,4.063859462738037
1999-08-26,4.030820369720459
1999-08-27,3.898662805557251
1999-08-30,3.898662805557251
1999-08-31,3.9812614917755127
1999-09-01,4.030820369720459
1999-09-02,4.030820369720459
1999-09-03,4.09689998626709
1999-09-07,4.113420009613037
1999-09-08,4.146458148956299
1999-09-09,4.2125372886657715
1999-09-10,4.080379962921143
1999-09-13,4.146458148956299
1999-09-14,4.09689998626709
1999-09-15,4.146458148956299
1999-09-16,3.7665045261383057
1999-09-17,3.898662805557251
1999-09-20,3.832583427429199
1999-09-21,3.898662805557251
1999-09-22,3.898662805557251
1999-09-23,3.9151813983917236
1999-09-24,3.898662805557251
1999-09-27,4.1629791259765625
1999-09-28,3.9647412300109863
1999-09-29,4.030820369720459
1999-09-30,4.129939556121826
1999-10-01,4.09689998626709
1999-10-04,4.129939556121826
1999-10-05,4.146458148956299
1999-10-06,4.1629791259765625
1999-10-07,4.1629791259765625
1999-10-08,4.245577812194824
1999-10-11,4.295137405395508
1999-10-12,4.295137405395508
1999-10-13,4.229057312011719
1999-10-14,4.229057312011719
1999-10-15,4.09689998626709
1999-10-18,3.832583427429199
1999-10-19,4.1629791259765625
1999-10-20,4.09689998626709
1999-10-21,4.030820369720459
1999-10-22,3.7995433807373047
1999-10-25,3.7995433807373047
1999-10-26,4.014299392700195
1999-10-27,3.99777889251709
1999-10-28,3.99777889251709
1999-10-29,3.931701183319092
1999-11-01,4.030820369720459
1999-11-02,4.030820369720459
1999-11-03,3.832583427429199
1999-11-04,3.8656232357025146
1999-11-05,3.931701183319092
1999-11-08,3.898662805557251
1999-11-09,3.9151813983917236
1999-11-10,3.9234416484832764
1999-11-11,3.8656232357025146
1999-11-12,3.8656232357025146
1999-11-15,4.063859462738037
1999-11-16,4.146458148956299
1999-11-17,3.9812614917755127
1999-11-18,3.99777889251709
1999-11-19,4.146458148956299
1999-11-22,4.129939556121826
1999-11-23,3.99777889251709
1999-11-24,4.196017742156982
1999-11-26,4.09689998626709
1999-11-29,3.99777889251709
1999-11-30,4.030820369720459
1999-12-01,4.030820369720459
1999-12-02,3.9647412300109863
1999-12-03,3.898662805557251
1999-12-06,3.733464002609253
1999-12-07,3.700425386428833
1999-12-08,3.7995433807373047
1999-12-09,3.832583427429199
1999-12-10,3.832583427429199
1999-12-13,3.7995433807373047
1999-12-14,3.832583427429199
1999-12-15,3.8160645961761475
1999-12-16,3.9151813983917236
1999-12-17,3.8656232357025146
1999-12-20,3.7665045261383057
1999-12-21,3.7995433807373047
1999-12-22,3.7169456481933594
1999-12-23,3.7665045261383057
1999-12-27,3.6343460083007812
1999-12-28,3.5847878456115723
1999-12-29,3.6343460083007812
1999-12-30,3.700425386428833
1999-12-31,3.832583427429199
2000-01-03,3.733464002609253
2000-01-04,3.5682671070098877
2000-01-05,3.601306676864624
2000-01-06,3.6343460083007812
2000-01-07,3.4361090660095215
2000-01-10,3.33699107170105
2000-01-11,2.841398000717163
2000-01-12,2.4779629707336426
2000-01-13,2.49448299407959
2000-01-14,2.3458056449890137
2000-01-18,2.180607795715332
2000-01-19,2.4449241161346436
2000-01-20,2.4449241161346436
2000-01-21,2.4118845462799072
2000-01-24,2.4779629707336426
2000-01-25,2.49448299407959
2000-01-26,2.329284906387329
2000-01-27,2.3788442611694336
2000-01-28,2.283855676651001
2000-01-31,2.4118845462799072
2000-02-01,2.4118845462799072
2000-02-02,2.4118845462799072
2000-02-03,2.395364999771118
2000-02-04,2.3871052265167236
2000-02-07,2.506873369216919
2000-02-08,2.4779629707336426
2000-02-09,2.395364999771118
2000-02-10,2.395364999771118
2000-02-11,2.4036238193511963
2000-02-14,2.3788442611694336
2000-02-15,2.2879867553710938
2000-02-16,2.246687173843384
2000-02-17,2.296245813369751
2000-02-18,2.296245813369751
2000-02-22,2.246687173843384
2000-02-23,2.180607795715332
2000-02-24,2.081489324569702
2000-02-25,2.1310482025146484
2000-02-28,2.1310482025146484
2000-02-29,2.114528179168701
2000-03-01,1.9988899230957031
2000-03-02,2.0154097080230713
2000-03-03,2.081489324569702
2000-03-06,2.098008871078491
2000-03-07,2.098008871078491
2000-03-08,2.081489324569702
2000-03-09,2.081489324569702
2000-03-10,2.098008871078491
2000-03-13,2.0484492778778076
2000-03-14,1.8171730041503906
2000-03-15,1.8502126932144165
2000-03-16,1.8667324781417847
2000-03-17,1.974111557006836
2000-03-20,1.9823706150054932
2000-03-21,1.8832522630691528
2000-03-22,1.9162917137145996
2000-03-23,1.9410712718963623
2000-03-24,1.8667324781417847
2000-03-27,1.8832522630691528
2000-03-28,1.8502126932144165
2000-03-29,1.8006536960601807
2000-03-30,1.7676136493682861
2000-03-31,1.8171730041503906
2000-04-03,1.7841335535049438
2000-04-04,1.7841335535049438
2000-04-05,1.8171730041503906
2000-04-06,1.8171730041503906
2000-04-07,1.8502126932144165
2000-04-10,1.8832522630691528
2000-04-11,1.8997721672058105
2000-04-12,1.8832522630691528
2000-04-13,1.9493314027786255
2000-04-14,1.8171730041503906
2000-04-17,1.8006536960601807
2000-04-18,1.8832522630691528
2000-04-19,1.9658511877059937
2000-04-20,1.9823706150054932
2000-04-24,1.9493314027786255
2000-04-25,2.081489324569702
2000-04-26,2.21364688873291
2000-04-27,2.2301666736602783
2000-04-28,2.2219080924987793
2000-05-01,2.081489324569702
2000-05-02,2.081489324569702
2000-05-03,2.1062686443328857
2000-05-04,2.064969778060913
2000-05-05,1.9988899230957031
2000-05-08,1.9493314027786255
2000-05-09,1.8667324781417847
2000-05-10,1.8997721672058105
2000-05-11,1.9823706150054932
2000-05-12,1.8584723472595215
2000-05-15,1.8006536960601807
2000-05-16,1.8006536960601807
2000-05-17,1.8171730041503906
2000-05-18,1.8336933851242065
2000-05-19,1.8997721672058105
2000-05-22,1.9658511877059937
2000-05-23,1.9617208242416382
2000-05-24,1.9575904607772827
2000-05-25,1.8667324781417847
2000-05-26,1.8502126932144165
2000-05-30,1.9162917137145996
2000-05-31,1.8171730041503906
2000-06-01,1.8832522630691528
2000-06-02,1.7841335535049438
2000-06-05,1.8336933851242065
2000-06-06,1.7841335535049438
2000-06-07,1.8171730041503906
2000-06-08,1.8171730041503906
2000-06-09,1.751093864440918
2000-06-12,1.751093864440918
2000-06-13,1.7180545330047607
2000-06-14,1.6519756317138672
2000-06-15,1.7345740795135498
2000-06-16,1.7345740795135498
2000-06-19,1.6354554891586304
2000-06-20,1.453738808631897
2000-06-21,1.6024158000946045
2000-06-22,1.6024158000946045
2000-06-23,1.6024158000946045
2000-06-26,1.5776371955871582
2000-06-27,1.5776371955871582
2000-06-28,1.5528572797775269
2000-06-29,1.503298044204712
2000-06-30,1.4702582359313965
2000-07-03,1.5858968496322632
2000-07-05,1.5198179483413696
2000-07-06,1.453738808631897
2000-07-07,1.5198179483413696
2000-07-10,1.5280777215957642
2000-07-11,1.5363370180130005
2000-07-12,1.5528572797775269
2000-07-13,1.5528572797775269
2000-07-14,1.4867782592773438
2000-07-17,1.5693765878677368
2000-07-18,1.5363370180130005
2000-07-19,1.5363370180130005
2000-07-20,1.5858968496322632
2000-07-21,1.5858968496322632
2000-07-24,1.5363370180130005
2000-07-25,1.5198179483413696
2000-07-26,1.5198179483413696
2000-07-27,1.6519756317138672
2000-07-28,1.5363370180130005
2000-07-31,1.5941565036773682
2000-08-01,1.6024158000946045
2000-08-02,1.6024158000946045
2000-08-03,1.5858968496322632
2000-08-04,1.5858968496322632
2000-08-07,1.5693765878677368
2000-08-08,1.4702582359313965
2000-08-09,1.4867782592773438
2000-08-10,1.4867782592773438
2000-08-11,1.503298044204712
2000-08-14,1.5528572797775269
2000-08-15,1.5858968496322632
2000-08-16,1.5858968496322632
2000-08-17,1.5858968496322632
2000-08-18,1.6024158000946045
2000-08-21,1.685015320777893
2000-08-22,1.6519756317138672
2000-08-23,1.6189360618591309
2000-08-24,1.685015320777893
2000-08-25,1.837822675704956
2000-08-28,1.6602352857589722
2000-08-29,1.6684950590133667
2000-08-30,1.751093864440918
2000-08-31,1.751093864440918
2000-09-01,1.6684950590133667
2000-09-05,1.6767551898956299
2000-09-06,1.6767551898956299
2000-09-07,1.6767551898956299
2000-09-08,1.6519756317138672
2000-09-11,1.6519756317138672
2000-09-12,1.7180545330047607
2000-09-13,1.701534628868103
2000-09-14,1.7180545330047607
2000-09-15,1.6354554891586304
2000-09-18,1.5941565036773682
2000-09-19,1.5528572797775269
2000-09-20,1.5528572797775269
2000-09-21,1.6354554891586304
2000-09-22,1.6519756317138672
2000-09-25,1.6519756317138672
2000-09-26,1.5528572797775269
2000-09-27,1.503298044204712
2000-09-28,1.6519756317138672
2000-09-29,1.6519756317138672
2000-10-02,1.4867782592773438
2000-10-03,1.5693765878677368
2000-10-04,1.5528572797775269
2000-10-05,1.4702582359313965
2000-10-06,1.5198179483413696
2000-10-09,1.5198179483413696
2000-10-10,1.4619981050491333
2000-10-11,1.4206994771957397
2000-10-12,1.4289588928222656
2000-10-13,1.4124388694763184
2000-10-16,1.4206994771957397
2000-10-17,1.4206994771957397
2000-10-18,1.4041790962219238
2000-10-19,1.305060625076294
2000-10-20,1.2885406017303467
2000-10-23,1.1563829183578491
2000-10-24,1.090303897857666
2000-10-25,1.1233431100845337
2000-10-26,1.0242246389389038
2000-10-27,1.3711395263671875
2000-10-30,1.321579933166504
2000-10-31,1.305060625076294
2000-11-01,1.2224615812301636
2000-11-02,1.2885406017303467
2000-11-03,1.2885406017303467
2000-11-06,1.2885406017303467
2000-11-07,1.2224615812301636
2000-11-08,1.1563829183578491
2000-11-09,1.2224615812301636
2000-11-10,1.1563829183578491
2000-11-13,1.2885406017303467
2000-11-14,1.1563829183578491
2000-11-15,1.1563829183578491
2000-11-16,1.1563829183578491
2000-11-17,1.2224615812301636
2000-11-20,1.1233431100845337
2000-11-21,1.1481229066848755
2000-11-22,1.1233431100845337
2000-11-24,1.1481229066848755
2000-11-27,1.1481229066848755
2000-11-28,1.1068239212036133
2000-11-29,1.0572640895843506
2000-11-30,1.0407450199127197
2000-12-01,1.0077053308486938
2000-12-04,0.9416267275810242
2000-12-05,0.9911853075027466
2000-12-06,1.0572640895843506
2000-12-07,0.9251063466072083
2000-12-08,1.0572640895843506
2000-12-11,0.9581458568572998
2000-12-12,1.0077053308486938
2000-12-13,0.9911853075027466
2000-12-14,0.9911853075027466
2000-12-15,0.974666178226471
2000-12-18,1.0077053308486938
2000-12-19,0.974666178226471
2000-12-20,0.974666178226471
2000-12-21,0.9829255938529968
2000-12-22,0.9416267275810242
2000-12-26,0.9664055705070496
2000-12-27,0.929236650466919
2000-12-28,0.9251063466072083
2000-12-29,0.9251063466072083
2001-01-02,0.9911853075027466
2001-01-03,0.9911853075027466
2001-01-04,1.0572640895843506
2001-01-05,1.0572640895843506
2001-01-08,1.053134799003601
2001-01-09,1.0572640895843506
2001-01-10,1.0572640895843506
2001-01-11,1.0572640895843506
2001-01-12,1.1233431100845337
2001-01-16,1.1068239212036133
2001-01-17,1.1563829183578491
2001-01-18,1.1233431100845337
2001-01-19,1.090303897857666
2001-01-22,1.1233431100845337
2001-01-23,1.1233431100845337
2001-01-24,1.1233431100845337
2001-01-25,1.0572640895843506
2001-01-26,1.0572640895843506
2001-01-29,1.2224615812301636
2001-01-30,1.2885406017303467
2001-01-31,1.090303897857666
2001-02-01,1.1729028224945068
2001-02-02,1.090303897857666
2001-02-05,1.2885406017303467
2001-02-06,1.1068239212036133
2001-02-07,1.1894216537475586
2001-02-08,1.1894216537475586
2001-02-09,1.1894216537475586
2001-02-12,1.1894216537475586
2001-02-13,1.1563829183578491
2001-02-14,1.1563829183578491
2001-02-15,1.305060625076294
2001-02-16,1.1894216537475586
2001-02-20,1.1894216537475586
2001-02-21,1.1563829183578491
2001-02-22,1.1563829183578491
2001-02-23,1.1398634910583496
2001-02-26,1.1894216537475586
2001-02-27,1.1233431100845337
2001-02-28,1.090303897857666
2001-03-01,1.090303897857666
2001-03-02,1.1233431100845337
2001-03-05,1.1233431100845337
2001-03-06,1.1068239212036133
2001-03-07,1.1894216537475586
2001-03-08,1.1894216537475586
2001-03-09,1.1894216537475586
2001-03-12,1.1068239212036133
2001-03-13,1.0985634326934814
2001-03-14,1.090303897857666
2001-03-15,1.090303897857666
2001-03-16,1.1068239212036133
2001-03-19,1.1068239212036133
2001-03-20,1.1398634910583496
2001-03-21,1.1233431100845337
2001-03-22,1.090303897857666
2001-03-23,1.090303897857666
2001-03-26,1.1233431100845337
2001-03-27,1.073784589767456
2001-03-28,1.073784589767456
2001-03-29,1.073784589767456
2001-03-30,1.1563829183578491
2001-04-02,1.1233431100845337
2001-04-03,1.0572640895843506
2001-04-04,1.1233431100845337
2001-04-05,1.1233431100845337
2001-04-06,1.0572640895843506
2001-04-09,0.9911853075027466
2001-04-10,1.091625690460205
2001-04-11,1.0572640895843506
2001-04-12,0.959467887878418
2001-04-16,1.0599075555801392
2001-04-17,0.9779692888259888
2001-04-18,1.0572640895843506
2001-04-19,1.1894216537475586
2001-04-20,1.1233431100845337
2001-04-23,1.0784097909927368
2001-04-24,1.0863392353057861
2001-04-25,1.162990927696228
2001-04-26,1.162990927696228
2001-04-27,1.1233431100845337
2001-04-30,1.1233431100845337
2001-05-01,1.1894216537475586
2001-05-02,1.1894216537475586
2001-05-03,1.1894216537475586
2001-05-04,1.1894216537475586
2001-05-07,1.1894216537475586
2001-05-08,1.1259866952896118
2001-05-09,1.2951489686965942
2001-05-10,1.23964262008667
2001-05-11,1.1894216537475586
2001-05-14,1.1894216537475586
2001-05-15,1.1894216537475586
2001-05-16,1.2026382684707642
2001-05-17,1.2026382684707642
2001-05-18,1.2555009126663208
2001-05-21,1.2555009126663208
2001-05-22,1.2555009126663208
2001-05-23,1.2555009126663208
2001-05-24,1.242285966873169
2001-05-25,1.242285966873169
2001-05-29,1.2581440210342407
2001-05-30,1.244929313659668
2001-05-31,1.3480122089385986
2001-06-01,1.2555009126663208
2001-06-04,1.321579933166504
2001-06-05,1.321579933166504
2001-06-06,1.321579933166504
2001-06-07,1.321579933166504
2001-06-08,1.321579933166504
2001-06-11,1.321579933166504
2001-06-12,1.321579933166504
2001-06-13,1.321579933166504
2001-06-14,1.2951489686965942
2001-06-15,1.321579933166504
2001-06-18,1.3612279891967773
2001-06-19,1.5753238201141357
2001-06-20,1.6123276948928833
2001-06-21,1.6916226148605347
2001-06-22,1.4801702499389648
2001-06-25,1.6361165046691895
2001-06-26,1.6361165046691895
2001-06-27,1.5991127490997314
2001-06-28,1.5858968496322632
2001-06-29,1.5541781187057495
2001-07-02,1.5991127490997314
2001-07-03,1.5991127490997314
2001-07-05,1.5277475118637085
2001-07-06,1.5991127490997314
2001-07-09,1.5224610567092896
2001-07-10,1.5224610567092896
2001-07-11,1.6308295726776123
2001-07-12,1.5991127490997314
2001-07-13,1.5991127490997314
2001-07-16,1.572680950164795
2001-07-17,1.7127684354782104
2001-07-18,1.7682745456695557
2001-07-19,2.1621057987213135
2001-07-20,2.114528179168701
2001-07-23,2.0748820304870605
2001-07-24,1.9903006553649902
2001-07-25,2.0035157203674316
2001-07-26,2.008802652359009
2001-07-27,1.969155192375183
2001-07-30,2.008802652359009
2001-07-31,2.008802652359009
2001-08-01,2.008802652359009
2001-08-02,1.9876569509506226
2001-08-03,1.9929430484771729
2001-08-06,1.9559394121170044
2001-08-07,1.9559394121170044
2001-08-08,1.9823706150054932
2001-08-09,1.9823706150054932
2001-08-10,1.9823706150054932
2001-08-13,1.9823706150054932
2001-08-14,2.093384027481079
2001-08-15,2.114528179168701
2001-08-16,2.114528179168701
2001-08-17,2.1118850708007812
2001-08-20,1.9559394121170044
2001-08-21,2.035233497619629
2001-08-22,2.08809757232666
2001-08-23,1.9823706150054932
2001-08-24,2.0484492778778076
2001-08-27,2.0748820304870605
2001-08-28,2.0748820304870605
2001-08-29,1.9559394121170044
2001-08-30,1.9823706150054932
2001-08-31,1.9955865144729614
2001-09-04,1.9823706150054932
2001-09-05,1.9400805234909058
2001-09-06,1.9400805234909058
2001-09-07,1.9427237510681152
2001-09-10,1.9162917137145996
2001-09-17,1.8369970321655273
2001-09-18,1.5779668092727661
2001-09-19,1.5330337285995483
2001-09-20,1.5198179483413696
2001-09-21,1.453738808631897
2001-09-24,1.4140911102294922
2001-09-25,1.4008750915527344
2001-09-26,1.390303134918213
2001-09-27,1.453738808631897
2001-09-28,1.4510955810546875
2001-10-01,1.453738808631897
2001-10-02,1.453738808631897
2001-10-03,1.453738808631897
2001-10-04,1.4563822746276855
2001-10-05,1.4405227899551392
2001-10-08,1.4405227899551392
2001-10-09,1.374443769454956
2001-10-10,1.4273066520690918
2001-10-11,1.4273066520690918
2001-10-12,1.4933860301971436
2001-10-15,1.4933860301971436
2001-10-16,1.4035183191299438
2001-10-17,1.5541781187057495
2001-10-18,1.638759970664978
2001-10-19,1.8184950351715088
2001-10-22,1.8449256420135498
2001-10-23,1.8554986715316772
2001-10-24,1.8607856035232544
2001-10-25,1.8607856035232544
2001-10-26,1.8607856035232544
2001-10-29,1.8951460123062134
2001-10-30,1.868714690208435
2001-10-31,1.8396401405334473
2001-11-01,1.8396401405334473
2001-11-02,2.008802652359009
2001-11-05,1.8502126932144165
2001-11-06,1.7709177732467651
2001-11-07,1.7524152994155884
2001-11-08,1.8105651140213013
2001-11-09,1.7524152994155884
2001-11-12,1.7524152994155884
2001-11-13,1.7709177732467651
2001-11-14,1.8026361465454102
2001-11-15,1.8026361465454102
2001-11-16,1.8026361465454102
2001-11-19,1.868714690208435
2001-11-20,1.7841335535049438
2001-11-21,1.8502126932144165
2001-11-23,1.8502126932144165
2001-11-26,1.9162917137145996
2001-11-27,1.8502126932144165
2001-11-28,1.7841335535049438
2001-11-29,1.7973498106002808
2001-11-30,1.8158518075942993
2001-12-03,1.8158518075942993
2001-12-04,1.8475695848464966
2001-12-05,1.8502126932144165
2001-12-06,1.8502126932144165
2001-12-07,1.7867769002914429
2001-12-10,1.622901201248169
2001-12-11,1.7154113054275513
2001-12-12,1.7154113054275513
2001-12-13,1.7154113054275513
2001-12-14,1.8396401405334473
2001-12-17,1.8105651140213013
2001-12-18,1.7180545330047607
2001-12-19,1.8369970321655273
2001-12-20,1.8475695848464966
2001-12-21,1.7180545330047607
2001-12-24,1.8475695848464966
2001-12-26,1.678406834602356
2001-12-27,1.8502126932144165
2001-12-28,1.7841335535049438
2001-12-31,1.8475695848464966
2002-01-02,1.9136487245559692
2002-01-03,1.9136487245559692
2002-01-04,1.9057188034057617
2002-01-07,1.9083619117736816
2002-01-08,1.9110051393508911
2002-01-09,1.8898606300354004
2002-01-10,1.9215779304504395
2002-01-11,1.9242212772369385
2002-01-14,1.963868498802185
2002-01-15,1.9876569509506226
2002-01-16,1.8475695848464966
2002-01-17,1.8554986715316772
2002-01-18,1.8502126932144165
2002-01-22,1.8634289503097534
2002-01-23,1.9850140810012817
2002-01-24,1.9532959461212158
2002-01-25,1.9030755758285522
2002-01-28,1.9876569509506226
2002-01-29,2.0299487113952637
2002-01-30,2.0061588287353516
2002-01-31,1.9823706150054932
2002-02-01,1.9823706150054932
2002-02-04,1.9823706150054932
2002-02-05,1.9295073747634888
2002-02-06,1.8502126932144165
2002-02-07,1.8502126932144165
2002-02-08,1.8502126932144165
2002-02-11,1.8502126932144165
2002-02-12,1.9295073747634888
2002-02-13,1.9295073747634888
2002-02-14,1.8502126932144165
2002-02-15,1.8766448497772217
2002-02-19,1.8502126932144165
2002-02-20,1.8502126932144165
2002-02-21,1.8502126932144165
2002-02-22,1.8502126932144165
2002-02-25,1.9030755758285522
2002-02-26,1.8872178792953491
2002-02-27,1.8898606300354004
2002-02-28,1.8872178792953491
2002-03-01,1.8872178792953491
2002-03-04,1.8634289503097534
2002-03-05,1.8766448497772217
2002-03-06,1.8502126932144165
2002-03-07,1.8766448497772217
2002-03-08,1.9321510791778564
2002-03-11,1.9374366998672485
2002-03-12,1.9374366998672485
2002-03-13,1.9030755758285522
2002-03-14,1.9321510791778564
2002-03-15,1.8634289503097534
2002-03-18,1.8634289503097534
2002-03-19,1.8634289503097534
2002-03-20,1.9030755758285522
2002-03-21,1.8634289503097534
2002-03-22,1.8766448497772217
2002-03-25,1.8766448497772217
2002-03-26,1.8766448497772217
2002-03-27,1.9030755758285522
2002-03-28,1.9030755758285522
2002-04-01,1.9823706150054932
2002-04-02,2.045806646347046
2002-04-03,2.0114455223083496
2002-04-04,2.0220184326171875
2002-04-05,2.0220184326171875
2002-04-08,2.035233497619629
2002-04-09,2.035233497619629
2002-04-10,2.1753220558166504
2002-04-11,2.1673920154571533
2002-04-12,2.246687173843384
2002-04-15,2.180607795715332
2002-04-16,2.2149693965911865
2002-04-17,2.2202553749084473
2002-04-18,2.2202553749084473
2002-04-19,2.2017526626586914
2002-04-22,2.1938230991363525
2002-04-23,2.273118495941162
2002-04-24,2.1938230991363525
2002-04-25,2.3127667903900146
2002-04-26,2.273118495941162
2002-04-29,2.2123255729675293
2002-04-30,2.2123255729675293
2002-05-01,2.2969067096710205
2002-05-02,2.2995500564575195
2002-05-03,2.3127667903900146
2002-05-06,2.2995500564575195
2002-05-07,2.222898483276367
2002-05-08,2.233471393585205
2002-05-09,2.3259809017181396
2002-05-10,2.2916207313537598
2002-05-13,2.3550562858581543
2002-05-14,2.4290642738342285
2002-05-15,2.41056227684021
2002-05-16,2.460783004760742
2002-05-17,2.4898576736450195
2002-05-20,2.616729259490967
2002-05-21,2.6299455165863037
2002-05-22,2.7118825912475586
2002-05-23,2.8387556076049805
2002-05-24,2.709240198135376
2002-05-28,2.7700324058532715
2002-05-29,2.801750898361206
2002-05-30,2.7726757526397705
2002-05-31,2.7409579753875732
2002-06-03,2.6695926189422607
2002-06-04,2.6695926189422607
2002-06-05,2.706596851348877
2002-06-06,2.6828083992004395
2002-06-07,2.6695926189422607
2002-06-10,2.656377077102661
2002-06-11,2.6695926189422607
2002-06-12,2.717169761657715
2002-06-13,2.8202531337738037
2002-06-14,2.6775219440460205
2002-06-17,2.817610502243042
2002-06-18,2.7753188610076904
2002-06-19,2.7726757526397705
2002-06-20,2.701310396194458
2002-06-21,2.6748785972595215
2002-06-24,2.7753188610076904
2002-06-25,2.8228957653045654
2002-06-26,2.841398000717163
2002-06-27,2.7832484245300293
2002-06-28,2.7885348796844482
2002-07-01,2.801750898361206
2002-07-02,2.7753188610076904
2002-07-03,2.7753188610076904
2002-07-05,2.748886823654175
2002-07-08,2.836110830307007
2002-07-09,2.7753188610076904
2002-07-10,1.5991127490997314
2002-07-11,1.6255438327789307
2002-07-12,1.6255438327789307
2002-07-15,1.5885400772094727
2002-07-16,1.3665143251419067
2002-07-17,1.3612279891967773
2002-07-18,1.3612279891967773
2002-07-19,1.4061613082885742
2002-07-22,1.3480122089385986
2002-07-23,1.3347958326339722
2002-07-24,1.2687169313430786
2002-07-25,1.1762070655822754
2002-07-26,1.0889822244644165
2002-07-29,1.2158539295196533
2002-07-30,1.2951489686965942
2002-07-31,1.162990927696228
2002-08-01,1.1101272106170654
2002-08-02,1.0176172256469727
2002-08-05,1.0044013261795044
2002-08-06,1.0229036808013916
2002-08-07,1.0308332443237305
2002-08-08,1.0044013261795044
2002-08-09,0.9515382647514343
2002-08-12,0.9515382647514343
2002-08-13,0.9251063466072083
2002-08-14,0.9251063466072083
2002-08-15,0.9251063466072083
2002-08-16,0.9224628210067749
2002-08-19,0.9224628210067749
2002-08-20,0.8854592442512512
2002-08-21,0.8854592442512512
2002-08-22,0.9224628210067749
2002-08-23,0.9779692888259888
2002-08-26,0.9779692888259888
2002-08-27,0.9779692888259888
2002-08-28,0.9779692888259888
2002-08-29,0.9647533297538757
2002-08-30,0.9911853075027466
2002-09-03,1.0044013261795044
2002-09-04,1.0414048433303833
2002-09-05,0.9911853075027466
2002-09-06,0.9911853075027466
2002-09-09,0.9409657716751099
2002-09-10,1.0176172256469727
2002-09-11,1.0599075555801392
2002-09-12,1.1497750282287598
2002-09-13,1.1154136657714844
2002-09-16,1.0704801082611084
2002-09-17,1.036118745803833
2002-09-18,1.0255467891693115
2002-09-19,1.0572640895843506
2002-09-20,0.9991148710250854
2002-09-23,1.096911907196045
2002-09-24,1.036118745803833
2002-09-25,1.036118745803833
2002-09-26,1.036118745803833
2002-09-27,1.096911907196045
2002-09-30,1.096911907196045
2002-10-01,1.1074841022491455
2002-10-02,1.1074841022491455
2002-10-03,1.1048418283462524
2002-10-04,1.1048418283462524
2002-10-07,1.0572640895843506
2002-10-08,0.9991148710250854
2002-10-09,1.0044013261795044
2002-10-10,1.0044013261795044
2002-10-11,1.0176172256469727
2002-10-14,1.044048547744751
2002-10-15,1.044048547744751
2002-10-16,1.136559247970581
2002-10-17,1.1207000017166138
2002-10-18,1.0599075555801392
2002-10-21,1.0493345260620117
2002-10-22,1.0572640895843506
2002-10-23,1.0229036808013916
2002-10-24,1.0519776344299316
2002-10-25,1.096911907196045
2002-10-28,1.091625690460205
2002-10-29,1.0704801082611084
2002-10-30,1.0704801082611084
2002-10-31,1.1233431100845337
2002-11-01,1.1233431100845337
2002-11-04,1.1233431100845337
2002-11-05,1.0704801082611084
2002-11-06,1.0704801082611084
2002-11-07,1.0731233358383179
2002-11-08,1.0731233358383179
2002-11-11,1.0651942491531372
2002-11-12,1.0889822244644165
2002-11-13,1.0863392353057861
2002-11-14,1.0704801082611084
2002-11-15,1.0704801082611084
2002-11-18,1.0704801082611084
2002-11-19,1.0731233358383179
2002-11-20,1.0704801082611084
2002-11-21,1.0704801082611084
2002-11-22,1.1101272106170654
2002-11-25,1.1154136657714844
2002-11-26,1.0757665634155273
2002-11-27,1.0625505447387695
2002-11-29,1.0704801082611084
2002-12-02,1.0704801082611084
2002-12-03,1.1074841022491455
2002-12-04,1.0995551347732544
2002-12-05,1.0704801082611084
2002-12-06,1.0704801082611084
2002-12-09,1.0704801082611084
2002-12-10,1.0757665634155273
2002-12-11,1.0704801082611084
2002-12-12,1.0704801082611084
2002-12-13,1.044048547744751
2002-12-16,1.0704801082611084
2002-12-17,1.0123310089111328
2002-12-18,1.0704801082611084
2002-12-19,1.0810528993606567
2002-12-20,1.0334765911102295
2002-12-23,1.0070443153381348
2002-12-24,1.0070443153381348
2002-12-26,1.0070443153381348
2002-12-27,1.0070443153381348
2002-12-30,1.0176172256469727
2002-12-31,0.9647533297538757
2003-01-02,0.9171767234802246
2003-01-03,0.9621111154556274
2003-01-06,0.9303928017616272
2003-01-07,0.9303928017616272
2003-01-08,0.9251063466072083
2003-01-09,0.9251063466072083
2003-01-10,0.9251063466072083
2003-01-13,0.9356788992881775
2003-01-14,0.9515382647514343
2003-01-15,0.9515382647514343
2003-01-16,0.9303928017616272
2003-01-17,0.9303928017616272
2003-01-21,0.9303928017616272
2003-01-22,0.9303928017616272
2003-01-23,0.9303928017616272
2003-01-24,0.9436089396476746
2003-01-27,0.9462518692016602
2003-01-28,0.9488951563835144
2003-01-29,0.9303928017616272
2003-01-30,0.9753259420394897
2003-01-31,1.0044013261795044
2003-02-03,1.0044013261795044
2003-02-04,0.9647533297538757
2003-02-05,0.9277493357658386
2003-02-06,0.9383224248886108
2003-02-07,0.9383224248886108
2003-02-10,0.9383224248886108
2003-02-11,0.9779692888259888
2003-02-12,0.9779692888259888
2003-02-13,0.9779692888259888
2003-02-14,1.0281901359558105
2003-02-18,0.9647533297538757
2003-02-19,0.9647533297538757
2003-02-20,0.9647533297538757
2003-02-21,0.9568248391151428
2003-02-24,0.9568248391151428
2003-02-25,0.9568248391151428
2003-02-26,0.9568248391151428
2003-02-27,0.9568248391151428
2003-02-28,0.9568248391151428
2003-03-03,0.9568248391151428
2003-03-04,0.9806123971939087
2003-03-05,1.0017578601837158
2003-03-06,1.0044013261795044
2003-03-07,0.9858987927436829
2003-03-10,0.9885419607162476
2003-03-11,0.9885419607162476
2003-03-12,0.9885419607162476
2003-03-13,0.9885419607162476
2003-03-14,0.9885419607162476
2003-03-17,1.0202605724334717
2003-03-18,1.0176172256469727
2003-03-19,0.9832553267478943
2003-03-20,0.9858987927436829
2003-03-21,0.9832553267478943
2003-03-24,0.9832553267478943
2003-03-25,0.9858987927436829
2003-03-26,0.9832553267478943
2003-03-27,0.9832553267478943
2003-03-28,0.9858987927436829
2003-03-31,0.9832553267478943
2003-04-01,1.0176172256469727
2003-04-02,1.0651942491531372
2003-04-03,1.0889822244644165
2003-04-04,1.0757665634155273
2003-04-07,1.0757665634155273
2003-04-08,1.1101272106170654
2003-04-09,1.0995551347732544
2003-04-10,1.0995551347732544
2003-04-11,1.096911907196045
2003-04-14,1.096911907196045
2003-04-15,1.096911907196045
2003-04-16,1.096911907196045
2003-04-17,1.096911907196045
2003-04-21,1.096911907196045
2003-04-22,1.0731233358383179
2003-04-23,1.0731233358383179
2003-04-24,1.0757665634155273
2003-04-25,1.0704801082611084
2003-04-28,1.0625505447387695
2003-04-29,1.091625690460205
2003-04-30,1.0704801082611084
2003-05-01,1.0704801082611084
2003-05-02,1.3004356622695923
2003-05-05,1.2660738229751587
2003-05-06,1.2687169313430786
2003-05-07,1.2819329500198364
2003-05-08,1.15506112575531
2003-05-09,1.096911907196045
2003-05-12,1.1603479385375977
2003-05-13,1.1497750282287598
2003-05-14,1.1497750282287598
2003-05-15,1.1497750282287598
2003-05-16,1.1497750282287598
2003-05-19,1.162990927696228
2003-05-20,1.1762070655822754
2003-05-21,1.1762070655822754
2003-05-22,1.1762070655822754
2003-05-23,1.1762070655822754
2003-05-27,1.1894216537475586
2003-05-28,1.1762070655822754
2003-05-29,1.1894216537475586
2003-05-30,1.2660738229751587
2003-06-02,1.25285804271698
2003-06-03,1.247572422027588
2003-06-04,1.2343562841415405
2003-06-05,1.2211403846740723
2003-06-06,1.2607873678207397
2003-06-09,1.2634303569793701
2003-06-10,1.2634303569793701
2003-06-11,1.242285966873169
2003-06-12,1.247572422027588
2003-06-13,1.242285966873169
2003-06-16,1.242285966873169
2003-06-17,1.242285966873169
2003-06-18,1.242285966873169
2003-06-19,1.242285966873169
2003-06-20,1.242285966873169
2003-06-23,1.2158539295196533
2003-06-24,1.2211403846740723
2003-06-25,1.2105677127838135
2003-06-26,1.2105677127838135
2003-06-27,1.2158539295196533
2003-06-30,1.2740033864974976
2003-07-01,1.3347958326339722
2003-07-02,1.3136515617370605
2003-07-03,1.3136515617370605
2003-07-07,1.305721640586853
2003-07-08,1.379730463027954
2003-07-09,1.3347958326339722
2003-07-10,1.3347958326339722
2003-07-11,1.3638709783554077
2003-07-14,1.374443769454956
2003-07-15,1.337438941001892
2003-07-16,1.3823736906051636
2003-07-17,1.4140911102294922
2003-07-18,1.424663782119751
2003-07-21,1.4431660175323486
2003-07-22,1.4431660175323486
2003-07-23,1.4854563474655151
2003-07-24,1.4854563474655151
2003-07-25,1.678406834602356
2003-07-28,1.7577016353607178
2003-07-29,1.7550586462020874
2003-07-30,1.6810498237609863
2003-07-31,1.638759970664978
2003-08-01,1.638759970664978
2003-08-04,1.506602168083191
2003-08-05,1.4590253829956055
2003-08-06,1.4695969820022583
2003-08-07,1.5039584636688232
2003-08-08,1.5700374841690063
2003-08-11,1.5541781187057495
2003-08-12,1.5224610567092896
2003-08-13,1.5198179483413696
2003-08-14,1.5462490320205688
2003-08-15,1.5488919019699097
2003-08-18,1.5488919019699097
2003-08-19,1.5198179483413696
2003-08-20,1.5277475118637085
2003-08-21,1.5700374841690063
2003-08-22,1.5700374841690063
2003-08-25,1.5436052083969116
2003-08-26,1.5330337285995483
2003-08-27,1.5462490320205688
2003-08-28,1.5858968496322632
2003-08-29,1.6281870603561401
2003-09-02,1.6440458297729492
2003-09-03,1.6361165046691895
2003-09-04,1.6493324041366577
2003-09-05,1.6308295726776123
2003-09-08,1.6123276948928833
2003-09-09,1.622901201248169
2003-09-10,1.6519756317138672
2003-09-11,1.6546189785003662
2003-09-12,1.6572617292404175
2003-09-15,1.6572617292404175
2003-09-16,1.7180545330047607
2003-09-17,1.6995526552200317
2003-09-18,1.7206981182098389
2003-09-19,1.776204228401184
2003-09-22,1.7471299171447754
2003-09-23,1.702195644378662
2003-09-24,1.7048386335372925
2003-09-25,1.7867769002914429
2003-09-26,1.7418434619903564
2003-09-29,1.7682745456695557
2003-09-30,1.7709177732467651
2003-10-01,1.8079227209091187
2003-10-02,1.7841335535049438
2003-10-03,1.7973498106002808
2003-10-06,1.7867769002914429
2003-10-07,1.7973498106002808
2003-10-08,1.7973498106002808
2003-10-09,1.82113778591156
2003-10-10,1.8237807750701904
2003-10-13,1.9083619117736816
2003-10-14,2.040519952774048
2003-10-15,2.093384027481079
2003-10-16,2.114528179168701
2003-10-17,2.114528179168701
2003-10-20,2.1118850708007812
2003-10-21,2.1118850708007812
2003-10-22,2.1779634952545166
2003-10-23,2.1779634952545166
2003-10-24,2.283691167831421
2003-10-27,2.3074793815612793
2003-10-28,2.3127667903900146
2003-10-29,2.3127667903900146
2003-10-30,2.365628957748413
2003-10-31,2.3788442611694336
2003-11-03,2.6854512691497803
2003-11-04,2.577082395553589
2003-11-05,2.436994791030884
2003-11-06,2.283691167831421
2003-11-07,2.3788442611694336
2003-11-10,2.3788442611694336
2003-11-11,2.3259809017181396
2003-11-12,2.3127667903900146
2003-11-13,2.3074793815612793
2003-11-14,2.2995500564575195
2003-11-17,2.1673920154571533
2003-11-18,2.093384027481079
2003-11-19,2.08809757232666
2003-11-20,2.154176712036133
2003-11-21,2.08809757232666
2003-11-24,2.0484492778778076
2003-11-25,2.096027135848999
2003-11-26,2.1647486686706543
2003-11-28,2.1621057987213135
2003-12-01,2.1277453899383545
2003-12-02,2.1673920154571533
2003-12-03,2.1673920154571533
2003-12-04,2.1277453899383545
2003-12-05,2.1647486686706543
2003-12-08,2.246687173843384
2003-12-09,2.2995500564575195
2003-12-10,2.376201629638672
2003-12-11,2.4422807693481445
2003-12-12,2.548006772994995
2003-12-15,2.5374338626861572
2003-12-16,2.5374338626861572
2003-12-17,2.6087992191314697
2003-12-18,2.550649881362915
2003-12-19,2.5902979373931885
2003-12-22,2.6246585845947266
2003-12-23,2.5717954635620117
2003-12-24,2.5717954635620117
2003-12-26,2.5717954635620117
2003-12-29,2.5902979373931885
2003-12-30,2.6352312564849854
2003-12-31,2.6695926189422607
2004-01-02,2.6273021697998047
2004-01-05,2.5717954635620117
2004-01-06,2.643160820007324
2004-01-07,2.690737247467041
2004-01-08,2.6801648139953613
2004-01-09,2.664306402206421
2004-01-12,2.6748785972595215
2004-01-13,2.656377077102661
2004-01-14,2.656377077102661
2004-01-15,2.664306402206421
2004-01-16,2.6695926189422607
2004-01-20,2.7224559783935547
2004-01-21,2.801750898361206
2004-01-22,2.7568166255950928
2004-01-23,2.7726757526397705
2004-01-26,2.7753188610076904
2004-01-27,2.841398000717163
2004-01-28,2.8281822204589844
2004-01-29,2.7409579753875732
2004-01-30,2.8731160163879395
2004-02-02,2.793821334838867
2004-02-03,2.7356717586517334
2004-02-04,2.7753188610076904
2004-02-05,2.7753188610076904
2004-02-06,2.814966917037964
2004-02-09,2.944481372833252
2004-02-10,2.9339091777801514
2004-02-11,3.0792829990386963
2004-02-12,3.1057140827178955
2004-02-13,3.089855432510376
2004-02-17,3.1691501140594482
2004-02-18,3.2008681297302246
2004-02-19,3.2087974548339844
2004-02-20,3.187652349472046
2004-02-23,3.1506476402282715
2004-02-24,3.118929624557495
2004-02-25,3.14536190032959
2004-02-26,3.1585772037506104
2004-02-27,3.174436569213867
2004-03-01,3.14536190032959
2004-03-02,3.1982245445251465
2004-03-03,3.092498779296875
2004-03-04,3.1427178382873535
2004-03-05,3.185009002685547
2004-03-08,3.124216079711914
2004-03-09,3.14536190032959
2004-03-10,3.07399582862854
2004-03-11,3.14536190032959
2004-03-12,3.1427178382873535
2004-03-15,3.1506476402282715
2004-03-16,3.0872113704681396
2004-03-17,3.1004281044006348
2004-03-18,3.14536190032959
2004-03-19,3.063422918319702
2004-03-22,3.0369913578033447
2004-03-23,3.0369913578033447
2004-03-24,3.0369913578033447
2004-03-25,3.0369913578033447
2004-03-26,3.0317065715789795
2004-03-29,3.0660669803619385
2004-03-30,3.1057140827178955
2004-03-31,3.0607798099517822
2004-04-01,3.0607798099517822
2004-04-02,3.063422918319702
2004-04-05,3.0607798099517822
2004-04-06,3.063422918319702
2004-04-07,3.0660669803619385
2004-04-08,3.0449211597442627
2004-04-12,3.0369913578033447
2004-04-13,3.034348487854004
2004-04-14,3.0290627479553223
2004-04-15,2.994701385498047
2004-04-16,3.0660669803619385
2004-04-19,3.0607798099517822
2004-04-20,3.092498779296875
2004-04-21,3.0977847576141357
2004-04-22,3.3039512634277344
2004-04-23,3.3832461833953857
2004-04-26,3.4704699516296387
2004-04-27,3.552408456802368
2004-04-28,3.4493250846862793
2004-04-29,3.4361090660095215
2004-04-30,3.504831552505493
2004-05-03,3.5814831256866455
2004-05-04,3.5682671070098877
2004-05-05,3.510118246078491
2004-05-06,3.4889724254608154
2004-05-07,3.417607069015503
2004-05-10,3.3039512634277344
2004-05-11,3.2907354831695557
2004-05-12,3.3039512634277344
2004-05-13,3.2299423217773438
2004-05-14,3.1612205505371094
2004-05-17,3.1057140827178955
2004-05-18,3.1585772037506104
2004-05-19,3.1717936992645264
2004-05-20,3.1506476402282715
2004-05-21,3.081925868988037
2004-05-24,3.1585772037506104
2004-05-25,3.224656343460083
2004-05-26,3.174436569213867
2004-05-27,3.187652349472046
2004-05-28,3.2087974548339844
2004-06-01,3.1691501140594482
2004-06-02,3.1691501140594482
2004-06-03,3.1612205505371094
2004-06-04,3.179722309112549
2004-06-07,3.248444080352783
2004-06-08,3.1717936992645264
2004-06-09,3.1717936992645264
2004-06-10,3.1665072441101074
2004-06-14,3.1929385662078857
2004-06-15,3.4493250846862793
2004-06-16,3.4361090660095215
2004-06-17,3.4361090660095215
2004-06-18,3.4493250846862793
2004-06-21,3.4413962364196777
2004-06-22,3.417607069015503
2004-06-23,3.518048048019409
2004-06-24,3.4625403881073
2004-06-25,3.4731125831604004
2004-06-28,3.3885326385498047
2004-06-29,3.370030641555786
2004-06-30,3.425536870956421
2004-07-01,3.356814384460449
2004-07-02,3.4361090660095215
2004-07-06,3.4361090660095215
2004-07-07,3.4361090660095215
2004-07-08,3.4546117782592773
2004-07-09,3.4625403881073
2004-07-12,3.4493250846862793
2004-07-13,3.502187728881836
2004-07-14,3.531263828277588
2004-07-15,3.5418355464935303
2004-07-16,3.401747465133667
2004-07-19,3.4281797409057617
2004-07-20,3.459897756576538
2004-07-21,3.4810426235198975
2004-07-22,3.425536870956421
2004-07-23,3.4361090660095215
2004-07-26,3.4546117782592773
2004-07-27,3.4731125831604004
2004-07-28,3.4625403881073
2004-07-29,3.531263828277588
2004-07-30,3.6422762870788574
2004-08-02,3.404391288757324
2004-08-03,3.459897756576538
2004-08-04,3.4281797409057617
2004-08-05,3.377960205078125
2004-08-06,3.2643039226531982
2004-08-09,3.1717936992645264
2004-08-10,3.2801625728607178
2004-08-11,3.1057140827178955
2004-08-12,3.0977847576141357
2004-08-13,3.089855432510376
2004-08-16,2.9814860820770264
2004-08-17,3.092498779296875
2004-08-18,3.2378721237182617
2004-08-19,3.1955816745758057
2004-08-20,3.274876356124878
2004-08-23,3.26958966255188
2004-08-24,3.1929385662078857
2004-08-25,3.1955816745758057
2004-08-26,3.1902952194213867
2004-08-27,3.126859188079834
2004-08-30,3.124216079711914
2004-08-31,3.05020809173584
2004-09-01,3.1612205505371094
2004-09-02,3.039635181427002
2004-09-03,3.042278289794922
2004-09-07,3.1057140827178955
2004-09-08,3.185009002685547
2004-09-09,3.319809675216675
2004-09-10,3.3039512634277344
2004-09-13,3.3303825855255127
2004-09-14,3.1955816745758057
2004-09-15,3.272233009338379
2004-09-16,3.274876356124878
2004-09-17,3.3224525451660156
2004-09-20,3.354170560836792
2004-09-21,3.377960205078125
2004-09-22,3.1982245445251465
2004-09-23,3.1902952194213867
2004-09-24,3.0264201164245605
2004-09-27,2.9761996269226074
2004-09-28,2.960341215133667
2004-09-29,3.034348487854004
2004-09-30,3.089855432510376
2004-10-01,3.3039512634277344
2004-10-04,3.3303825855255127
2004-10-05,3.2087974548339844
2004-10-06,3.4308226108551025
2004-10-07,3.370030641555786
2004-10-08,3.3435981273651123
2004-10-11,3.3832461833953857
2004-10-12,3.409677267074585
2004-10-13,3.417607069015503
2004-10-14,3.4361090660095215
2004-10-15,3.4836862087249756
2004-10-18,3.4757564067840576
2004-10-19,3.459897756576538
2004-10-20,3.9145214557647705
2004-10-21,3.8722314834594727
2004-10-22,3.8220102787017822
2004-10-25,3.946240186691284
2004-10-26,4.147120952606201
2004-10-27,4.136547088623047
2004-10-28,4.059896469116211
2004-10-29,3.9620978832244873
2004-11-01,3.9647412300109863
2004-11-02,3.9383113384246826
2004-11-03,3.9647412300109863
2004-11-04,3.9647412300109863
2004-11-05,3.9647412300109863
2004-11-08,3.9647412300109863
2004-11-09,4.057253360748291
2004-11-10,4.00438928604126
2004-11-11,4.022891044616699
2004-11-12,4.067824363708496
2004-11-15,4.044035911560059
2004-11-16,3.861658811569214
2004-11-17,3.861658811569214
2004-11-18,3.8457987308502197
2004-11-19,3.8854475021362305
2004-11-22,4.044035911560059
2004-11-23,4.176194667816162
2004-11-24,4.173552513122559
2004-11-26,4.0255351066589355
2004-11-29,4.218485355377197
2004-11-30,4.260776996612549
2004-12-01,4.464298248291016
2004-12-02,4.562095642089844
2004-12-03,4.548879623413086
2004-12-06,4.525092124938965
2004-12-07,4.38500452041626
2004-12-08,4.361216068267822
2004-12-09,4.260776996612549
2004-12-10,4.170907974243164
2004-12-13,4.189411163330078
2004-12-14,4.353287220001221
2004-12-15,4.477513790130615
2004-12-16,4.511876106262207
2004-12-17,4.585884094238281
2004-12-20,4.33478307723999
2004-12-21,4.493373394012451
2004-12-22,4.474870681762695
2004-12-23,4.525092124938965
2004-12-27,4.445796966552734
2004-12-28,4.641390800476074
2004-12-29,4.509232044219971
2004-12-30,4.498659133911133
2004-12-31,4.575311660766602
2005-01-03,4.443153381347656
2005-01-04,4.498659133911133
2005-01-05,4.379717826843262
2005-01-06,4.377074718475342
2005-01-07,4.110114574432373
2005-01-10,4.199981689453125
2005-01-11,4.266061305999756
2005-01-12,4.2634196281433105
2005-01-13,4.3876471519470215
2005-01-14,4.443153381347656
2005-01-18,4.477513790130615
2005-01-19,4.271347999572754
2005-01-20,4.295137405395508
2005-01-21,4.083683013916016
2005-01-24,3.993817090988159
2005-01-25,4.065181732177734
2005-01-26,4.223771095275879
2005-01-27,4.107471942901611
2005-01-28,4.091614246368408
2005-01-31,4.170907974243164
2005-02-01,4.178837776184082
2005-02-02,4.295137405395508
2005-02-03,4.213198184967041
2005-02-04,4.210555553436279
2005-02-07,4.176194667816162
2005-02-08,4.051966190338135
2005-02-09,3.940953493118286
2005-02-10,4.0255351066589355
2005-02-11,4.133904457092285
2005-02-14,4.226413726806641
2005-02-15,4.3189239501953125
2005-02-16,4.305710315704346
2005-02-17,4.223771095275879
2005-02-18,4.139190673828125
2005-02-22,4.078398704528809
2005-02-23,4.081040859222412
2005-02-24,4.144476890563965
2005-02-25,4.250202178955078
2005-02-28,4.3585734367370605
2005-03-01,4.398218154907227
2005-03-02,4.456369400024414
2005-03-03,4.406148433685303
2005-03-04,4.466941833496094
2005-03-07,4.374431610107422
2005-03-08,4.353287220001221
2005-03-09,4.3321404457092285
2005-03-10,4.416721820831299
2005-03-11,4.361216068267822
2005-03-14,4.377074718475342
2005-03-15,4.353287220001221
2005-03-16,4.353287220001221
2005-03-17,4.366502285003662
2005-03-18,4.403505325317383
2005-03-21,4.3585734367370605
2005-03-22,4.326852798461914
2005-03-23,4.3955769538879395
2005-03-24,4.33478307723999
2005-03-28,4.3876471519470215
2005-03-29,4.326852798461914
2005-03-30,4.464298248291016
2005-03-31,4.456369400024414
2005-04-01,4.3876471519470215
2005-04-04,4.255490779876709
2005-04-05,4.3004231452941895
2005-04-06,4.268705368041992
2005-04-07,4.229057312011719
2005-04-08,4.19205379486084
2005-04-11,4.118044376373291
2005-04-12,4.186767578125
2005-04-13,4.133904457092285
2005-04-14,3.9858860969543457
2005-04-15,3.922450542449951
2005-04-18,3.996459484100342
2005-04-19,4.199981689453125
2005-04-20,4.14183235168457
2005-04-21,4.149764060974121
2005-04-22,4.086328029632568
2005-04-25,4.10218620300293
2005-04-26,4.14183235168457
2005-04-27,3.977957248687744
2005-04-28,3.9303815364837646
2005-04-29,3.9198079109191895
2005-05-02,3.9594550132751465
2005-05-03,3.909236431121826
2005-05-04,3.853728771209717
2005-05-05,3.848442554473877
2005-05-06,3.837869167327881
2005-05-09,3.8457987308502197
2005-05-10,3.8140811920166016
2005-05-11,3.798222541809082
2005-05-12,3.7717912197113037
2005-05-13,3.700425386428833
2005-05-16,3.6264166831970215
2005-05-17,3.531263828277588
2005-05-18,3.7665045261383057
2005-05-19,3.800865411758423
2005-05-20,3.8193671703338623
2005-05-23,3.7823634147644043
2005-05-24,3.832583427429199
2005-05-25,3.7770769596099854
2005-05-26,3.806152105331421
2005-05-27,3.721571207046509
2005-05-31,3.8457987308502197
2005-06-01,3.8140811920166016
2005-06-02,3.800865411758423
2005-06-03,3.700425386428833
2005-06-06,3.605271339416504
2005-06-07,3.562980890274048
2005-06-08,3.4757564067840576
2005-06-09,3.4466819763183594
2005-06-10,3.4334661960601807
2005-06-13,3.4440388679504395
2005-06-14,3.4519693851470947
2005-06-15,3.518048048019409
2005-06-16,3.552408456802368
2005-06-17,3.5206899642944336
2005-06-20,3.507474899291992
2005-06-21,3.552408456802368
2005-06-22,3.562980890274048
2005-06-23,3.5761971473693848
2005-06-24,3.750645637512207
2005-06-27,3.5735538005828857
2005-06-28,3.6184866428375244
2005-06-29,3.6211295127868652
2005-06-30,3.544478416442871
2005-07-01,3.55505108833313
2005-07-05,3.5814831256866455
2005-07-06,3.623774528503418
2005-07-07,3.692495346069336
2005-07-08,3.652848482131958
2005-07-11,3.7453596591949463
2005-07-12,3.7612178325653076
2005-07-13,3.726857900619507
2005-07-14,3.681922674179077
2005-07-15,3.8035085201263428
2005-07-18,3.7585742473602295
2005-07-19,3.787649631500244
2005-07-20,3.9383113384246826
2005-07-21,4.083683013916016
2005-07-22,4.194696426391602
2005-07-25,4.266061305999756
2005-07-26,4.1841230392456055
2005-07-27,4.136547088623047
2005-07-28,4.176194667816162
2005-07-29,4.221127986907959
2005-08-01,4.1629791259765625
2005-08-02,4.229057312011719
2005-08-03,4.199981689453125
2005-08-04,4.155048847198486
2005-08-05,4.178837776184082
2005-08-08,4.00438928604126
2005-08-09,4.10218620300293
2005-08-10,4.131260871887207
2005-08-11,4.189411163330078
2005-08-12,4.176194667816162
2005-08-15,4.1841230392456055
2005-08-16,4.160335540771484
2005-08-17,4.197339057922363
2005-08-18,4.215841770172119
2005-08-19,4.207911968231201
2005-08-22,4.236987113952637
2005-08-23,4.258132457733154
2005-08-24,4.1841230392456055
2005-08-25,4.189411163330078
2005-08-26,4.075753688812256
2005-08-29,4.173552513122559
2005-08-30,4.152405261993408
2005-08-31,4.194696426391602
2005-09-01,4.273991107940674
2005-09-02,4.273991107940674
2005-09-06,4.273991107940674
2005-09-07,4.258132457733154
2005-09-08,4.287206172943115
2005-09-09,4.348000526428223
2005-09-12,4.371788501739502
2005-09-13,4.363859176635742
2005-09-14,4.24755859375
2005-09-15,4.1841230392456055
2005-09-16,4.226413726806641
2005-09-19,4.115401268005371
2005-09-20,3.9647412300109863
2005-09-21,3.8590147495269775
2005-09-22,3.7717912197113037
2005-09-23,3.9383113384246826
2005-09-26,3.866943836212158
2005-09-27,3.92509388923645
2005-09-28,3.824652671813965
2005-09-29,3.8801610469818115
2005-09-30,3.9673848152160645
2005-10-03,3.8933753967285156
2005-10-04,3.9568123817443848
2005-10-05,3.853728771209717
2005-10-06,3.8722314834594727
2005-10-07,3.848442554473877
2005-10-10,3.8299403190612793
2005-10-11,3.874873399734497
2005-10-12,3.7400732040405273
2005-10-13,3.700425386428833
2005-10-14,3.7136409282684326
2005-10-17,3.684566020965576
2005-10-18,3.650205612182617
2005-10-19,3.8272974491119385
2005-10-20,3.7770769596099854
2005-10-21,3.8590147495269775
2005-10-24,3.864302158355713
2005-10-25,3.806152105331421
2005-10-26,3.795579671859741
2005-10-27,3.7400732040405273
2005-10-28,3.7585742473602295
2005-10-31,3.8457987308502197
2005-11-01,3.856372594833374
2005-11-02,3.888089895248413
2005-11-03,3.8590147495269775
2005-11-04,3.8457987308502197
2005-11-07,3.792936086654663
2005-11-08,3.81143856048584
2005-11-09,3.8510851860046387
2005-11-10,3.8193671703338623
2005-11-11,3.806152105331421
2005-11-14,3.806152105331421
2005-11-15,3.7453596591949463
2005-11-16,3.705712080001831
2005-11-17,3.763861656188965
2005-11-18,3.7770769596099854
2005-11-21,3.8299403190612793
2005-11-22,3.795579671859741
2005-11-23,3.835226535797119
2005-11-25,3.7797203063964844
2005-11-28,3.8087949752807617
2005-11-29,3.8510851860046387
2005-11-30,3.798222541809082
2005-12-01,3.911877393722534
2005-12-02,3.869588613510132
2005-12-05,3.7691476345062256
2005-12-06,3.7453596591949463
2005-12-07,3.835226535797119
2005-12-08,3.763861656188965
2005-12-09,3.795579671859741
2005-12-12,3.74271559715271
2005-12-13,3.74271559715271
2005-12-14,3.8220102787017822
2005-12-15,3.856372594833374
2005-12-16,3.787649631500244
2005-12-19,3.8457987308502197
2005-12-20,3.7665045261383057
2005-12-21,3.73742938041687
2005-12-22,3.73742938041687
2005-12-23,3.7321434020996094
2005-12-27,3.7136409282684326
2005-12-28,3.7321434020996094
2005-12-29,3.787649631500244
2005-12-30,3.806152105331421
2006-01-03,3.806152105331421
2006-01-04,3.843155860900879
2006-01-05,3.8960180282592773
2006-01-06,3.8933753967285156
2006-01-09,3.9330222606658936
2006-01-10,4.213198184967041
2006-01-11,4.199981689453125
2006-01-12,4.189411163330078
2006-01-13,4.178837776184082
2006-01-17,4.038750648498535
2006-01-18,4.176194667816162
2006-01-19,4.1629791259765625
2006-01-20,4.149764060974121
2006-01-23,4.229057312011719
2006-01-24,4.229057312011719
2006-01-25,4.255490779876709
2006-01-26,4.255490779876709
2006-01-27,4.2924933433532715
2006-01-30,4.244917869567871
2006-01-31,4.176194667816162
2006-02-01,4.147120952606201
2006-02-02,4.051966190338135
2006-02-03,4.176194667816162
2006-02-06,4.210555553436279
2006-02-07,4.107471942901611
2006-02-08,4.189411163330078
2006-02-09,4.155048847198486
2006-02-10,4.226413726806641
2006-02-13,4.250202178955078
2006-02-14,4.469583988189697
2006-02-15,4.567382335662842
2006-02-16,4.554164409637451
2006-02-17,4.533019542694092
2006-02-21,4.540950298309326
2006-02-22,4.559453010559082
2006-02-23,4.525092124938965
2006-02-24,4.498659133911133
2006-02-27,4.588527202606201
2006-02-28,4.564737319946289
2006-03-01,4.5964579582214355
2006-03-02,4.551522731781006
2006-03-03,4.546236991882324
2006-03-06,4.5832414627075195
2006-03-07,4.575311660766602
2006-03-08,4.5224480628967285
2006-03-09,4.551522731781006
2006-03-10,4.609671592712402
2006-03-13,4.678395748138428
2006-03-14,4.718042850494385
2006-03-15,4.836985111236572
2006-03-16,4.810554027557373
2006-03-17,4.776192665100098
2006-03-20,4.770905494689941
2006-03-21,4.691610813140869
2006-03-22,4.662536144256592
2006-03-23,4.710112571716309
2006-03-24,4.696896553039551
2006-03-27,4.678395748138428
2006-03-28,4.422008037567139
2006-03-29,4.5224480628967285
2006-03-30,4.366502285003662
2006-03-31,4.406148433685303
2006-04-03,4.363859176635742
2006-04-04,4.456369400024414
2006-04-05,4.506588935852051
2006-04-06,4.503947734832764
2006-04-07,4.453726291656494
2006-04-10,4.33478307723999
2006-04-11,4.31099796295166
2006-04-12,4.403505325317383
2006-04-13,4.445796966552734
2006-04-17,4.4405107498168945
2006-04-18,4.604385852813721
2006-04-19,4.913636684417725
2006-04-20,4.7735490798950195
2006-04-21,4.765617847442627
2006-04-24,4.736543655395508
2006-04-25,4.696896553039551
2006-04-26,4.718042850494385
2006-04-27,4.6731085777282715
2006-04-28,4.718042850494385
2006-05-01,4.617602348327637
2006-05-02,4.622888088226318
2006-05-03,4.678395748138428
2006-05-04,4.770905494689941
2006-05-05,4.7735490798950195
2006-05-08,4.7735490798950195
2006-05-09,4.762975215911865
2006-05-10,4.670466423034668
2006-05-11,4.604385852813721
2006-05-12,4.601742744445801
2006-05-15,4.567382335662842
2006-05-16,4.559453010559082
2006-05-17,4.493373394012451
2006-05-18,4.451083183288574
2006-05-19,4.427294731140137
2006-05-22,4.303066253662109
2006-05-23,4.361216068267822
2006-05-24,4.514518737792969
2006-05-25,4.493373394012451
2006-05-26,4.422008037567139
2006-05-30,4.210555553436279
2006-05-31,4.2634196281433105
2006-06-01,4.427294731140137
2006-06-02,4.451083183288574
2006-06-05,4.31099796295166
2006-06-06,4.329496383666992
2006-06-07,4.361216068267822
2006-06-08,4.411435127258301
2006-06-09,4.406148433685303
2006-06-12,4.363859176635742
2006-06-13,4.348000526428223
2006-06-14,4.28456449508667
2006-06-15,4.3242106437683105
2006-06-16,4.268705368041992
2006-06-19,4.152405261993408
2006-06-20,4.308353424072266
2006-06-21,4.308353424072266
2006-06-22,4.271347999572754
2006-06-23,4.202626705169678
2006-06-26,4.165621280670166
2006-06-27,4.009674549102783
2006-06-28,4.017605304718018
2006-06-29,4.35592794418335
2006-06-30,4.456369400024414
2006-07-03,4.4960174560546875
2006-07-05,4.34271240234375
2006-07-06,4.506588935852051
2006-07-07,4.501303195953369
2006-07-10,4.506588935852051
2006-07-11,4.540950298309326
2006-07-12,4.326852798461914
2006-07-13,4.392933368682861
2006-07-14,4.366502285003662
2006-07-17,4.210555553436279
2006-07-18,4.369144439697266
2006-07-19,4.657249450683594
2006-07-20,4.33478307723999
2006-07-21,4.400862216949463
2006-07-24,4.564737319946289
2006-07-25,4.490729808807373
2006-07-26,4.340068817138672
2006-07-27,4.273991107940674
2006-07-28,4.559453010559082
2006-07-31,4.540950298309326
2006-08-01,4.3955769538879395
2006-08-02,4.43522310256958
2006-08-03,4.4405107498168945
2006-08-04,4.268705368041992
2006-08-07,4.303066253662109
2006-08-08,4.236987113952637
2006-08-09,4.255490779876709
2006-08-10,4.316282749176025
2006-08-11,4.308353424072266
2006-08-14,4.308353424072266
2006-08-15,4.448439598083496
2006-08-16,4.4405107498168945
2006-08-17,4.374431610107422
2006-08-18,4.371788501739502
2006-08-21,4.242273330688477
2006-08-22,4.086328029632568
2006-08-23,3.991173028945923
2006-08-24,4.083683013916016
2006-08-25,4.049323081970215
2006-08-28,4.020247936248779
2006-08-29,4.244917869567871
2006-08-30,4.3189239501953125
2006-08-31,4.33478307723999
2006-09-01,4.239631175994873
2006-09-05,4.236987113952637
2006-09-06,4.051966190338135
2006-09-07,3.8140811920166016
2006-09-08,3.877516031265259
2006-09-11,3.7242143154144287
2006-09-12,3.9330222606658936
2006-09-13,4.065181732177734
2006-09-14,4.033463001251221
2006-09-15,4.057253360748291
2006-09-18,4.030820369720459
2006-09-19,4.157691478729248
2006-09-20,4.160335540771484
2006-09-21,4.104827880859375
2006-09-22,4.112758636474609
2006-09-25,4.10218620300293
2006-09-26,4.252846717834473
2006-09-27,4.178837776184082
2006-09-28,4.252846717834473
2006-09-29,4.120688438415527
2006-10-02,4.107471942901611
2006-10-03,4.081040859222412
2006-10-04,4.231701374053955
2006-10-05,4.223771095275879
2006-10-06,4.229057312011719
2006-10-09,4.189411163330078
2006-10-10,4.329496383666992
2006-10-11,4.295137405395508
2006-10-12,4.47222900390625
2006-10-13,4.445796966552734
2006-10-16,4.546236991882324
2006-10-17,4.628174781799316
2006-10-18,4.625532627105713
2006-10-19,4.47222900390625
2006-10-20,4.506588935852051
2006-10-23,4.546236991882324
2006-10-24,4.488086700439453
2006-10-25,4.588527202606201
2006-10-26,4.5805983543396
2006-10-27,4.593813419342041
2006-10-30,4.585884094238281
2006-10-31,4.593813419342041
2006-11-01,4.57795524597168
2006-11-02,4.308353424072266
2006-11-03,4.313639163970947
2006-11-06,4.517162322998047
2006-11-07,4.3876471519470215
2006-11-08,4.448439598083496
2006-11-09,4.390289306640625
2006-11-10,4.43257999420166
2006-11-13,4.419365406036377
2006-11-14,4.400862216949463
2006-11-15,4.525092124938965
2006-11-16,4.4960174560546875
2006-11-17,4.533019542694092
2006-11-20,4.488086700439453
2006-11-21,4.493373394012451
2006-11-22,4.451083183288574
2006-11-24,4.416721820831299
2006-11-27,4.255490779876709
2006-11-28,4.422008037567139
2006-11-29,4.517162322998047
2006-11-30,4.464298248291016
2006-12-01,4.48544454574585
2006-12-04,4.519805431365967
2006-12-05,4.601742744445801
2006-12-06,4.617602348327637
2006-12-07,4.612315654754639
2006-12-08,4.53566312789917
2006-12-11,4.533019542694092
2006-12-12,4.382360458374023
2006-12-13,4.38500452041626
2006-12-14,4.47222900390625
2006-12-15,4.411435127258301
2006-12-18,4.326852798461914
2006-12-19,4.202626705169678
2006-12-20,4.213198184967041
2006-12-21,4.226413726806641
2006-12-22,4.19205379486084
2006-12-26,4.170907974243164
2006-12-27,4.279277324676514
2006-12-28,4.213198184967041
2006-12-29,4.170907974243164
2007-01-03,4.308353424072266
2007-01-04,4.337427616119385
2007-01-05,4.19205379486084
2007-01-08,4.231701374053955
2007-01-09,4.31099796295166
2007-01-10,4.239631175994873
2007-01-11,4.276634216308594
2007-01-12,4.38500452041626
2007-01-16,4.186767578125
2007-01-17,4.236987113952637
2007-01-18,4.3189239501953125
2007-01-19,4.321568489074707
2007-01-22,4.295137405395508
2007-01-23,4.348000526428223
2007-01-24,4.443153381347656
2007-01-25,4.416721820831299
2007-01-26,4.379717826843262
2007-01-29,4.3876471519470215
2007-01-30,4.445796966552734
2007-01-31,4.501303195953369
2007-02-01,4.437866687774658
2007-02-02,4.464298248291016
2007-02-05,4.43257999420166
2007-02-06,4.514518737792969
2007-02-07,4.678395748138428
2007-02-08,4.739187240600586
2007-02-09,4.7286152839660645
2007-02-12,4.66517972946167
2007-02-13,4.850198268890381
2007-02-14,4.995574474334717
2007-02-15,5.003504276275635
2007-02-16,4.942711353302002
2007-02-20,5.098658084869385
2007-02-21,4.990288257598877
2007-02-22,4.979715347290039
2007-02-23,4.937424182891846
2007-02-26,4.810554027557373
2007-02-27,4.617602348327637
2007-02-28,4.694252967834473
2007-03-01,4.662536144256592
2007-03-02,4.575311660766602
2007-03-05,4.538307189941406
2007-03-06,4.681037425994873
2007-03-07,4.670466423034668
2007-03-08,4.704826354980469
2007-03-09,4.712756156921387
2007-03-12,4.7286152839660645
2007-03-13,4.6466755867004395
2007-03-14,4.710112571716309
2007-03-15,4.760333061218262
2007-03-16,4.7524027824401855
2007-03-19,4.749759197235107
2007-03-20,4.8079094886779785
2007-03-21,5.006146430969238
2007-03-22,4.985002040863037
2007-03-23,4.990288257598877
2007-03-26,4.992930889129639
2007-03-27,4.8079094886779785
2007-03-28,4.7735490798950195
2007-03-29,4.940066814422607
2007-03-30,4.7867655754089355
2007-04-02,4.8079094886779785
2007-04-03,4.757687568664551
2007-04-04,4.887205123901367
2007-04-05,4.937424182891846
2007-04-09,4.805267333984375
2007-04-10,4.844912528991699
2007-04-11,4.810554027557373
2007-04-12,4.868702411651611
2007-04-13,4.850198268890381
2007-04-16,5.022005558013916
2007-04-17,4.995574474334717
2007-04-18,5.127731800079346
2007-04-19,5.03786563873291
2007-04-20,5.278392314910889
2007-04-23,5.138303756713867
2007-04-24,5.265176296234131
2007-04-25,5.230816841125488
2007-04-26,5.270462512969971
2007-04-27,5.04843807220459
2007-04-30,5.077511310577393
2007-05-01,5.064296245574951
2007-05-02,5.096014499664307
2007-05-03,5.101301193237305
2007-05-04,5.151519775390625
2007-05-07,5.127731800079346
2007-05-08,5.259891033172607
2007-05-09,5.370903015136719
2007-05-10,5.312754154205322
2007-05-11,5.497774600982666
2007-05-14,5.936539173126221
2007-05-15,5.75944709777832
2007-05-16,5.822885036468506
2007-05-17,5.931252956390381
2007-05-18,5.925966739654541
2007-05-21,5.976186275482178
2007-05-22,6.142706394195557
2007-05-23,6.137419700622559
2007-05-24,5.970900535583496
2007-05-25,6.0607686042785645
2007-05-29,6.137419700622559
2007-05-30,6.211429119110107
2007-05-31,6.203497409820557
2007-06-01,6.298652648925781
2007-06-04,6.251075744628906
2007-06-05,6.09777307510376
2007-06-06,6.039622783660889
2007-06-07,6.00790548324585
2007-06-08,6.047553539276123
2007-06-11,6.00790548324585
2007-06-12,5.785880088806152
2007-06-13,5.875746726989746
2007-06-14,5.833455562591553
2007-06-15,5.838743686676025
2007-06-18,5.976186275482178
2007-06-19,6.073983669281006
2007-06-20,5.907464504241943
2007-06-21,5.973544120788574
2007-06-22,5.703940391540527
2007-06-25,5.661651611328125
2007-06-26,5.693368911743164
2007-06-27,5.688082695007324
2007-06-28,5.661651611328125
2007-06-29,5.534778118133545
2007-07-02,5.629932880401611
2007-07-03,5.629932880401611
2007-07-05,5.727730751037598
2007-07-06,5.81495475769043
2007-07-09,6.2827935218811035
2007-07-10,6.734774112701416
2007-07-11,6.832569122314453
2007-07-12,6.8457865715026855
2007-07-13,6.853715419769287
2007-07-16,6.8457865715026855
2007-07-17,6.938298225402832
2007-07-18,7.009663105010986
2007-07-19,7.260762691497803
2007-07-20,7.300411224365234
2007-07-23,7.398208141326904
2007-07-24,7.247549057006836
2007-07-25,7.070456504821777
2007-07-26,6.861645221710205
2007-07-27,6.755919456481934
2007-07-30,6.967372417449951
2007-07-31,6.999088764190674
2007-08-01,6.811426162719727
2007-08-02,6.843142986297607
2007-08-03,6.737417697906494
2007-08-06,6.57882833480835
2007-08-07,6.607901573181152
2007-08-08,6.681910037994385
2007-08-09,6.396449089050293
2007-08-10,6.430811405181885
2007-08-13,6.396449089050293
2007-08-14,6.174421787261963
2007-08-15,6.081913471221924
2007-08-16,6.177067279815674
2007-08-17,6.4043779373168945
2007-08-20,6.277507305145264
2007-08-21,6.153278350830078
2007-08-22,6.4043779373168945
2007-08-23,6.25636100769043
2007-08-24,6.467813968658447
2007-08-27,6.222001552581787
2007-08-28,6.103058338165283
2007-08-29,6.206140995025635
2007-08-30,6.124202728271484
2007-08-31,6.158565998077393
2007-09-04,6.277507305145264
2007-09-05,6.092485427856445
2007-09-06,6.00526237487793
2007-09-07,5.775306701660156
2007-09-10,5.894249439239502
2007-09-11,5.883675575256348
2007-09-12,5.820240020751953
2007-09-13,5.828169822692871
2007-09-14,5.9127516746521
2007-09-17,5.907464504241943
2007-09-18,6.393805027008057
2007-09-19,6.647550582885742
2007-09-20,6.859003067016602
2007-09-21,6.787638187408447
2007-09-24,6.8061394691467285
2007-09-25,6.573541164398193
2007-09-26,6.6845526695251465
2007-09-27,6.53917932510376
2007-09-28,6.298652648925781
2007-10-01,6.523319244384766
2007-10-02,6.7532758712768555
2007-10-03,6.536536693572998
2007-10-04,6.597329616546631
2007-10-05,6.737417697906494
2007-10-08,6.729488372802734
2007-10-09,6.76913595199585
2007-10-10,6.5603251457214355
2007-10-11,6.442705154418945
2007-10-12,6.395127773284912
2007-10-15,6.315831184387207
2007-10-16,6.363409519195557
2007-10-17,6.276186466217041
2007-10-18,6.200855255126953
2007-10-19,6.018477916717529
2007-10-22,6.359445571899414
2007-10-23,6.339622974395752
2007-10-24,6.089843273162842
2007-10-25,6.319798469543457
2007-10-26,6.200855255126953
2007-10-29,6.288080215454102
2007-10-30,6.280149936676025
2007-10-31,6.331692695617676
2007-11-01,6.042266368865967
2007-11-02,6.014511585235596
2007-11-05,6.046230792999268
2007-11-06,6.117596626281738
2007-11-07,5.796452522277832
2007-11-08,6.010550022125244
2007-11-09,6.046230792999268
2007-11-12,6.133455276489258
2007-11-13,6.315831184387207
2007-11-14,6.228607177734375
2007-11-15,6.093807220458984
2007-11-16,5.883675575256348
2007-11-19,5.959005832672119
2007-11-20,5.903499603271484
2007-11-21,5.752838611602783
2007-11-23,5.776628494262695
2007-11-26,5.855921745300293
2007-11-27,5.8995361328125
2007-11-28,6.319798469543457
2007-11-29,6.149313449859619
2007-11-30,6.280149936676025
2007-12-03,6.359445571899414
2007-12-04,6.414952278137207
2007-12-05,6.478386878967285
2007-12-06,6.470458030700684
2007-12-07,6.525963306427002
2007-12-10,6.7202372550964355
2007-12-11,6.823320388793945
2007-12-12,6.934332847595215
2007-12-13,6.977944850921631
2007-12-14,6.902615547180176
2007-12-17,6.843142986297607
2007-12-18,7.088957786560059
2007-12-19,7.037415981292725
2007-12-20,7.239617824554443
2007-12-21,7.096887588500977
2007-12-24,7.045345783233643
2007-12-26,7.1563568115234375
2007-12-27,7.009663105010986
2007-12-28,7.073099136352539
2007-12-31,7.0572381019592285
2008-01-02,6.962085247039795
2008-01-03,6.886756420135498
2008-01-04,6.4823527336120605
2008-01-07,6.462528228759766
2008-01-08,6.184997081756592
2008-01-09,6.486318111419678
2008-01-10,6.557683944702148
2008-01-11,6.220678329467773
2008-01-14,6.117596626281738
2008-01-15,6.050195217132568
2008-01-16,6.06209135055542
2008-01-17,5.955042839050293
2008-01-18,5.768698215484619
2008-01-22,5.903499603271484
2008-01-23,6.355481147766113
2008-01-24,6.141384601593018
2008-01-25,6.038300514221191
2008-01-28,6.1215596199035645
2008-01-29,6.1215596199035645
2008-01-30,6.06209135055542
2008-01-31,6.224644184112549
2008-02-01,6.280149936676025
2008-02-04,6.248432159423828
2008-02-05,6.200855255126953
2008-02-06,6.188961505889893
2008-02-07,6.220678329467773
2008-02-08,6.288080215454102
2008-02-11,6.371340274810791
2008-02-12,6.280149936676025
2008-02-13,6.133455276489258
2008-02-14,5.772663593292236
2008-02-15,5.915393352508545
2008-02-19,6.208785057067871
2008-02-20,6.323763847351074
2008-02-21,6.09777307510376
2008-02-22,5.947112083435059
2008-02-25,6.133455276489258
2008-02-26,6.117596626281738
2008-02-27,6.117596626281738
2008-02-28,6.022441864013672
2008-02-29,5.85988712310791
2008-03-03,5.606144905090332
2008-03-04,5.590284824371338
2008-03-05,5.6338982582092285
2008-03-06,5.522884845733643
2008-03-07,5.526849746704102
2008-03-10,5.558568000793457
2008-03-11,5.85988712310791
2008-03-12,5.847992420196533
2008-03-13,6.034337043762207
2008-03-14,5.796452522277832
2008-03-17,5.709226608276367
2008-03-18,5.935218334197998
2008-03-19,5.76473331451416
2008-03-20,5.709226608276367
2008-03-24,5.998653888702393
2008-03-25,5.931252956390381
2008-03-26,5.982794761657715
2008-03-27,5.812310695648193
2008-03-28,5.828169822692871
2008-03-31,5.851959228515625
2008-04-01,6.1572442054748535
2008-04-02,6.351513862609863
2008-04-03,5.986759662628174
2008-04-04,6.046230792999268
2008-04-07,6.070018768310547
2008-04-08,6.077948093414307
2008-04-09,5.84403133392334
2008-04-10,5.855921745300293
2008-04-11,5.606144905090332
2008-04-14,5.685438632965088
2008-04-15,5.68940544128418
2008-04-16,5.776628494262695
2008-04-17,5.641827583312988
2008-04-18,5.530814170837402
2008-04-21,5.439625263214111
2008-04-22,5.467379093170166
2008-04-23,5.388082981109619
2008-04-24,5.554603099822998
2008-04-25,5.76473331451416
2008-04-28,5.748875617980957
2008-04-29,5.8321356773376465
2008-04-30,5.959005832672119
2008-05-01,6.101737022399902
2008-05-02,6.089843273162842
2008-05-05,5.974865913391113
2008-05-06,6.216713905334473
2008-05-07,5.84403133392334
2008-05-08,5.808345794677734
2008-05-09,5.959005832672119
2008-05-12,6.133455276489258
2008-05-13,6.070018768310547
2008-05-14,5.966934680938721
2008-05-15,6.1572442054748535
2008-05-16,6.054161071777344
2008-05-19,6.066053867340088
2008-05-20,6.034337043762207
2008-05-21,5.780592918395996
2008-05-22,5.986759662628174
2008-05-23,5.800415992736816
2008-05-27,5.717156887054443
2008-05-28,5.5823564529418945
2008-05-29,5.693368911743164
2008-05-30,5.962972164154053
2008-06-02,5.84403133392334
2008-06-03,5.974865913391113
2008-06-04,5.855921745300293
2008-06-05,5.994688987731934
2008-06-06,5.65768575668335
2008-06-09,5.550637722015381
2008-06-10,5.5030622482299805
2008-06-11,5.154164791107178
2008-06-12,5.154164791107178
2008-06-13,5.225528240203857
2008-06-16,5.23345947265625
2008-06-17,5.074868679046631
2008-06-18,4.753724098205566
2008-06-19,4.781479358673096
2008-06-20,4.757687568664551
2008-06-23,4.725971221923828
2008-06-24,4.567382335662842
2008-06-25,4.575311660766602
2008-06-26,4.361216068267822
2008-06-27,4.38500452041626
2008-06-30,4.305710315704346
2008-07-01,4.250202178955078
2008-07-02,4.309674263000488
2008-07-03,4.139190673828125
2008-07-07,4.028177261352539
2008-07-08,4.1629791259765625
2008-07-09,4.15901517868042
2008-07-10,4.139190673828125
2008-07-11,4.202626705169678
2008-07-14,3.9647412300109863
2008-07-15,3.869588613510132
2008-07-16,4.139190673828125
2008-07-17,4.305710315704346
2008-07-18,4.480157852172852
2008-07-21,4.416721820831299
2008-07-22,4.662536144256592
2008-07-23,4.702183246612549
2008-07-24,4.377074718475342
2008-07-25,4.222447872161865
2008-07-28,4.174872875213623
2008-07-29,4.234344482421875
2008-07-30,4.254168510437012
2008-07-31,4.309674263000488
2008-08-01,4.30174446105957
2008-08-04,4.361216068267822
2008-08-05,4.436543941497803
2008-08-06,4.551522731781006
2008-08-07,4.377074718475342
2008-08-08,4.710112571716309
2008-08-11,4.908349990844727
2008-08-12,4.805267333984375
2008-08-13,4.892489433288574
2008-08-14,4.959891319274902
2008-08-15,5.035222053527832
2008-08-18,5.055045127868652
2008-08-19,4.959891319274902
2008-08-20,4.944032192230225
2008-08-21,5.011433124542236
2008-08-22,5.102621555328369
2008-08-25,5.066938400268555
2008-08-26,5.102621555328369
2008-08-27,5.134341716766357
2008-08-28,5.138303756713867
2008-08-29,5.150198936462402
2008-09-02,5.059009075164795
2008-09-03,5.090728759765625
2008-09-04,4.975750923156738
2008-09-05,5.023326873779297
2008-09-08,5.1739888191223145
2008-09-09,5.209671497344971
2008-09-10,5.185881614685059
2008-09-11,5.281034469604492
2008-09-12,5.197776794433594
2008-09-15,5.1739888191223145
2008-09-16,5.431696891784668
2008-09-17,4.999539375305176
2008-09-18,5.197776794433594
2008-09-19,5.352400302886963
2008-09-22,5.150198936462402
2008-09-23,5.288964748382568
2008-09-24,5.094692707061768
2008-09-25,5.094692707061768
2008-09-26,5.062976360321045
2008-09-29,5.035222053527832
2008-09-30,4.979715347290039
2008-10-01,5.035222053527832
2008-10-02,4.753724098205566
2008-10-03,4.361216068267822
2008-10-06,4.166943550109863
2008-10-07,3.9171650409698486
2008-10-08,3.5603373050689697
2008-10-09,3.409677267074585
2008-10-10,3.461219549179077
2008-10-13,3.726857900619507
2008-10-14,3.6792802810668945
2008-10-15,3.223334550857544
2008-10-16,3.2550525665283203
2008-10-17,3.425536870956421
2008-10-20,3.465183734893799
2008-10-21,3.2907354831695557
2008-10-22,3.227299451828003
2008-10-23,3.2946999073028564
2008-10-24,3.2986648082733154
2008-10-27,3.2471232414245605
2008-10-28,3.564302444458008
2008-10-29,3.707034111022949
2008-10-30,3.762540817260742
2008-10-31,4.230377197265625
2008-11-03,4.210555553436279
2008-11-04,4.273991107940674
2008-11-05,3.92509388923645
2008-11-06,3.5920560359954834
2008-11-07,3.516725540161133
2008-11-10,3.362100124359131
2008-11-11,3.2471232414245605
2008-11-12,3.1519689559936523
2008-11-13,3.1757569313049316
2008-11-14,3.072674036026001
2008-11-17,2.890296459197998
2008-11-18,2.7753188610076904
2008-11-19,2.5374338626861572
2008-11-20,2.5493290424346924
2008-11-21,2.763424873352051
2008-11-24,3.1480045318603516
2008-11-25,3.4413962364196777
2008-11-26,3.6911754608154297
2008-11-28,3.869588613510132
2008-12-01,3.6594557762145996
2008-12-02,3.5960209369659424
2008-12-03,3.6356682777404785
2008-12-04,3.738750696182251
2008-12-05,3.5801610946655273
2008-12-08,3.849764108657837
2008-12-09,3.639631986618042
2008-12-10,3.623774528503418
2008-12-11,3.2867701053619385
2008-12-12,3.4572551250457764
2008-12-15,3.227299451828003
2008-12-16,3.4929373264312744
2008-12-17,3.726857900619507
2008-12-18,3.4493250846862793
2008-12-19,3.4572551250457764
2008-12-22,3.167828321456909
2008-12-23,3.080603837966919
2008-12-24,3.243159294128418
2008-12-26,3.231264114379883
2008-12-29,3.124216079711914
2008-12-30,3.2946999073028564
2008-12-31,3.2471232414245605
2009-01-02,3.5603373050689697
2009-01-05,3.485008478164673
2009-01-06,3.655491590499878
2009-01-07,3.421571969985962
2009-01-08,3.615844249725342
2009-01-09,3.274876356124878
2009-01-12,3.1480045318603516
2009-01-13,3.243159294128418
2009-01-14,3.120251417160034
2009-01-15,3.354170560836792
2009-01-16,3.3502068519592285
2009-01-20,3.3819243907928467
2009-01-21,3.3938186168670654
2009-01-22,3.5286195278167725
2009-01-23,3.191617012023926
2009-01-26,3.354170560836792
2009-01-27,3.377960205078125
2009-01-28,3.564302444458008
2009-01-29,3.4413962364196777
2009-01-30,3.500866174697876
2009-02-02,3.4374303817749023
2009-02-03,3.401747465133667
2009-02-04,3.33434796333313
2009-02-05,3.5722317695617676
2009-02-06,3.9330222606658936
2009-02-09,3.8457987308502197
2009-02-10,3.8299403190612793
2009-02-11,3.8457987308502197
2009-02-12,3.7665045261383057
2009-02-13,3.639631986618042
2009-02-17,3.5960209369659424
2009-02-18,3.485008478164673
2009-02-19,3.5563735961914062
2009-02-20,3.4057130813598633
2009-02-23,3.203510046005249
2009-02-24,3.1519689559936523
2009-02-25,3.191617012023926
2009-02-26,3.080603837966919
2009-02-27,3.120251417160034
2009-03-02,2.616729259490967
2009-03-03,2.521575689315796
2009-03-04,2.462104558944702
2009-03-05,2.240078926086426
2009-03-06,2.2083613872528076
2009-03-09,2.2995500564575195
2009-03-10,2.339197874069214
2009-03-11,2.40659761428833
2009-03-12,2.5731170177459717
2009-03-13,2.707918882369995
2009-03-16,2.6246585845947266
2009-03-17,2.803072452545166
2009-03-18,3.215405225753784
2009-03-19,2.941837787628174
2009-03-20,2.9656260013580322
2009-03-23,3.6594557762145996
2009-03-24,3.2986648082733154
2009-03-25,3.33434796333313
2009-03-26,3.417607069015503
2009-03-27,3.1717936992645264
2009-03-30,3.1717936992645264
2009-03-31,3.1043925285339355
2009-04-01,3.13611102104187
2009-04-02,3.7466816902160645
2009-04-03,3.6435976028442383
2009-04-06,3.5722317695617676
2009-04-07,3.5761971473693848
2009-04-08,3.5603373050689697
2009-04-09,3.544478416442871
2009-04-13,3.7109973430633545
2009-04-14,3.897340774536133
2009-04-15,3.8259754180908203
2009-04-16,3.9647412300109863
2009-04-17,3.8814821243286133
2009-04-20,3.4731125831604004
2009-04-21,3.603949546813965
2009-04-22,3.45328950881958
2009-04-23,3.5722317695617676
2009-04-24,3.707034111022949
2009-04-27,3.9052696228027344
2009-04-28,3.9568123817443848
2009-04-29,4.361216068267822
2009-04-30,4.408791542053223
2009-05-01,4.341392517089844
2009-05-04,4.698218822479248
2009-05-05,4.595134735107422
2009-05-06,4.694252967834473
2009-05-07,4.4920525550842285
2009-05-08,4.698218822479248
2009-05-11,4.480157852172852
2009-05-12,4.230377197265625
2009-05-13,3.9131994247436523
2009-05-14,3.889411211013794
2009-05-15,3.6753151416778564
2009-05-18,4.01628303527832
2009-05-19,3.726857900619507
2009-05-20,3.734785795211792
2009-05-21,3.5682671070098877
2009-05-22,3.6277387142181396
2009-05-26,3.7783987522125244
2009-05-27,3.730821132659912
2009-05-28,3.750645637512207
2009-05-29,3.8299403190612793
2009-06-01,4.436543941497803
2009-06-02,4.297779560089111
2009-06-03,4.329496383666992
2009-06-04,4.31760311126709
2009-06-05,4.305710315704346
2009-06-08,4.309674263000488
2009-06-09,4.309674263000488
2009-06-10,4.055930137634277
2009-06-11,4.083683013916016
2009-06-12,4.012317657470703
2009-06-15,3.9607768058776855
2009-06-16,3.7665045261383057
2009-06-17,3.7665045261383057
2009-06-18,3.734785795211792
2009-06-19,3.798222541809082
2009-06-22,3.588090658187866
2009-06-23,3.651526689529419
2009-06-24,3.750645637512207
2009-06-25,3.909236431121826
2009-06-26,3.8101165294647217
2009-06-29,3.976635456085205
2009-06-30,3.9290590286254883
2009-07-01,4.028177261352539
2009-07-02,3.5960209369659424
2009-07-06,3.544478416442871
2009-07-07,3.4295010566711426
2009-07-08,3.5682671070098877
2009-07-09,3.465183734893799
2009-07-10,3.5206899642944336
2009-07-13,3.6991045475006104
2009-07-14,3.730821132659912
2009-07-15,4.139190673828125
2009-07-16,4.246239185333252
2009-07-17,4.190732479095459
2009-07-20,4.361216068267822
2009-07-21,4.262096405029297
2009-07-22,4.242273330688477
2009-07-23,4.480157852172852
2009-07-24,4.353287220001221
2009-07-27,4.186767578125
2009-07-28,4.222447872161865
2009-07-29,4.242273330688477
2009-07-30,4.488086700439453
2009-07-31,4.381038665771484
2009-08-03,4.519805431365967
2009-08-04,4.718042850494385
2009-08-05,4.575311660766602
2009-08-06,4.40482759475708
2009-08-07,4.575311660766602
2009-08-10,4.6902899742126465
2009-08-11,4.599100112915039
2009-08-12,4.567382335662842
2009-08-13,4.555488109588623
2009-08-14,4.428615093231201
2009-08-17,4.1629791259765625
2009-08-18,4.444475173950195
2009-08-19,4.579276084899902
2009-08-20,4.6823601722717285
2009-08-21,4.753724098205566
2009-08-24,4.82112455368042
2009-08-25,4.983681678771973
2009-08-26,4.936103343963623
2009-08-27,5.015398025512695
2009-08-28,4.9638566970825195
2009-08-31,5.035222053527832
2009-09-01,4.345356464385986
2009-09-02,4.373109817504883
2009-09-03,4.396899700164795
2009-09-04,4.420685768127441
2009-09-08,4.381038665771484
2009-09-09,4.436543941497803
2009-09-10,4.60306453704834
2009-09-11,4.503947734832764
2009-09-14,4.353287220001221
2009-09-15,4.365180015563965
2009-09-16,4.361216068267822
2009-09-17,4.480157852172852
2009-09-18,4.238308429718018
2009-09-21,4.464298248291016
2009-09-22,4.452404499053955
2009-09-23,4.321568489074707
2009-09-24,4.377074718475342
2009-09-25,4.31760311126709
2009-09-28,4.523770809173584
2009-09-29,4.488086700439453
2009-09-30,4.3493218421936035
2009-10-01,4.127294540405273
2009-10-02,3.972670793533325
2009-10-05,4.07179069519043
2009-10-06,4.1629791259765625
2009-10-07,4.166943550109863
2009-10-08,4.202626705169678
2009-10-09,4.190732479095459
2009-10-12,4.222447872161865
2009-10-13,4.305710315704346
2009-10-14,4.262096405029297
2009-10-15,4.13522481918335
2009-10-16,4.147120952606201
2009-10-19,4.123331069946289
2009-10-20,4.166943550109863
2009-10-21,3.9290590286254883
2009-10-22,3.9607768058776855
2009-10-23,3.798222541809082
2009-10-26,3.8656232357025146
2009-10-27,3.806152105331421
2009-10-28,3.6991045475006104
2009-10-29,3.707034111022949
2009-10-30,3.6277387142181396
2009-11-02,3.651526689529419
2009-11-03,3.806152105331421
2009-11-04,3.7109973430633545
2009-11-05,3.74271559715271
2009-11-06,3.8259754180908203
2009-11-09,3.8735532760620117
2009-11-10,3.790292978286743
2009-11-11,3.861658811569214
2009-11-12,3.7189273834228516
2009-11-13,3.8339056968688965
2009-11-16,4.123331069946289
2009-11-17,4.087647438049316
2009-11-18,4.119365215301514
2009-11-19,3.8814821243286133
2009-11-20,3.5801610946655273
2009-11-23,3.730821132659912
2009-11-24,3.726857900619507
2009-11-25,3.738750696182251
2009-11-27,3.5920560359954834
2009-11-30,3.877516031265259
2009-12-01,3.786327600479126
2009-12-02,3.7665045261383057
2009-12-03,3.7665045261383057
2009-12-04,4.040071964263916
2009-12-07,4.15901517868042
2009-12-08,4.151085376739502
2009-12-09,3.9528472423553467
2009-12-10,3.7149624824523926
2009-12-11,3.734785795211792
2009-12-14,3.6594557762145996
2009-12-15,3.8259754180908203
2009-12-16,3.74271559715271
2009-12-17,3.7189273834228516
2009-12-18,3.5999855995178223
2009-12-21,3.726857900619507
2009-12-22,4.091614246368408
2009-12-23,4.1629791259765625
2009-12-24,4.234344482421875
2009-12-28,4.242273330688477
2009-12-29,4.258132457733154
2009-12-30,4.277955532073975
2009-12-31,4.166943550109863
2010-01-04,4.238308429718018
2010-01-05,4.305710315704346
2010-01-06,4.111435413360596
2010-01-07,4.091614246368408
2010-01-08,4.063859462738037
2010-01-11,4.246239185333252
2010-01-12,4.095578193664551
2010-01-13,4.087647438049316
2010-01-14,4.166943550109863
2010-01-15,3.92509388923645
2010-01-19,4.190732479095459
2010-01-20,4.07179069519043
2010-01-21,3.9131994247436523
2010-01-22,4.028177261352539
2010-01-25,4.01628303527832
2010-01-26,3.909236431121826
2010-01-27,4.087647438049316
2010-01-28,3.948882579803467
2010-01-29,3.940953493118286
2010-02-01,4.000423908233643
2010-02-02,4.040071964263916
2010-02-03,3.9845657348632812
2010-02-04,3.9845657348632812
2010-02-05,4.000423908233643
2010-02-08,3.8457987308502197
2010-02-09,3.849764108657837
2010-02-10,3.762540817260742
2010-02-11,3.818046808242798
2010-02-12,3.837869167327881
2010-02-16,3.7466816902160645
2010-02-17,3.9845657348632812
2010-02-18,4.063859462738037
2010-02-19,4.182803153991699
2010-02-22,4.246239185333252
2010-02-23,4.048000812530518
2010-02-24,3.8220102787017822
2010-02-25,3.837869167327881
2010-02-26,3.8140811920166016
2010-03-01,3.762540817260742
2010-03-02,3.8299403190612793
2010-03-03,3.798222541809082
2010-03-04,3.818046808242798
2010-03-05,3.988529920578003
2010-03-08,4.099542140960693
2010-03-09,4.511876106262207
2010-03-10,4.345356464385986
2010-03-11,4.3493218421936035
2010-03-12,4.297779560089111
2010-03-15,4.400862216949463
2010-03-16,4.377074718475342
2010-03-17,4.456369400024414
2010-03-18,4.464298248291016
2010-03-19,4.52773380279541
2010-03-22,4.539629936218262
2010-03-23,4.499980926513672
2010-03-24,4.460333347320557
2010-03-25,4.519805431365967
2010-03-26,4.519805431365967
2010-03-29,4.456369400024414
2010-03-30,4.567382335662842
2010-03-31,4.876633167266846
2010-04-01,4.860772609710693
2010-04-05,4.872666835784912
2010-04-06,5.1581292152404785
2010-04-07,5.3920488357543945
2010-04-08,5.510990619659424
2010-04-09,5.4951324462890625
2010-04-12,5.590284824371338
2010-04-13,5.566496849060059
2010-04-14,5.641827583312988
2010-04-15,5.792486667633057
2010-04-16,5.538743495941162
2010-04-19,5.530814170837402
2010-04-20,5.407907485961914
2010-04-21,5.5783915519714355
2010-04-22,5.550637722015381
2010-04-23,5.554603099822998
2010-04-26,5.558568000793457
2010-04-27,5.510990619659424
2010-04-28,5.455483913421631
2010-04-29,5.618038177490234
2010-04-30,5.455483913421631
2010-05-03,5.550637722015381
2010-05-04,5.463413238525391
2010-05-05,5.237422466278076
2010-05-06,5.114516258239746
2010-05-07,4.88059663772583
2010-05-10,5.170022010803223
2010-05-11,5.479272365570068
2010-05-12,5.475307941436768
2010-05-13,5.336540699005127
2010-05-14,5.237422466278076
2010-05-17,5.249317169189453
2010-05-18,5.035222053527832
2010-05-19,4.817164421081543
2010-05-20,4.377074718475342
2010-05-21,4.547557353973389
2010-05-24,4.551522731781006
2010-05-25,4.484124660491943
2010-05-26,4.801301956176758
2010-05-27,5.039186477661133
2010-05-28,5.051080703735352
2010-06-01,4.7735490798950195
2010-06-02,4.825090408325195
2010-06-03,4.884561538696289
2010-06-04,4.599100112915039
2010-06-07,4.599100112915039
2010-06-08,4.670466423034668
2010-06-09,4.567382335662842
2010-06-10,4.789408206939697
2010-06-11,5.03125524520874
2010-06-14,5.082798957824707
2010-06-15,5.114516258239746
2010-06-16,5.122445106506348
2010-06-17,5.102621555328369
2010-06-18,5.181917667388916
2010-06-21,5.213634967803955
2010-06-22,4.936103343963623
2010-06-23,4.833020210266113
2010-06-24,4.833020210266113
2010-06-25,4.896455764770508
2010-06-28,4.856806755065918
2010-06-29,4.6823601722717285
2010-06-30,4.618924140930176
2010-07-01,4.563417434692383
2010-07-02,4.456369400024414
2010-07-06,4.293814182281494
2010-07-07,4.258132457733154
2010-07-08,4.416721820831299
2010-07-09,4.4127583503723145
2010-07-12,4.388969421386719
2010-07-13,4.817164421081543
2010-07-14,4.6863250732421875
2010-07-15,4.662536144256592
2010-07-16,4.464298248291016
2010-07-19,4.436543941497803
2010-07-20,4.6744303703308105
2010-07-21,4.6823601722717285
2010-07-22,4.967820644378662
2010-07-23,5.094692707061768
2010-07-26,5.225528240203857
2010-07-27,5.142269611358643
2010-07-28,5.08676290512085
2010-07-29,5.1739888191223145
2010-07-30,5.189846992492676
2010-08-02,5.431696891784668
2010-08-03,5.320685386657715
2010-08-04,5.320685386657715
2010-08-05,5.166058540344238
2010-08-06,5.1620941162109375
2010-08-09,5.1581292152404785
2010-08-10,4.761655330657959
2010-08-11,4.559453010559082
2010-08-12,4.610994338989258
2010-08-13,4.559453010559082
2010-08-16,4.630817890167236
2010-08-17,4.781479358673096
2010-08-18,4.8885273933410645
2010-08-19,4.622888088226318
2010-08-20,4.607028007507324
2010-08-23,4.507910251617432
2010-08-24,4.515840530395508
2010-08-25,4.5872063636779785
2010-08-26,4.599100112915039
2010-08-27,4.638747692108154
2010-08-30,4.618924140930176
2010-08-31,4.559453010559082
2010-09-01,4.916279315948486
2010-09-02,5.019362926483154
2010-09-03,4.975750923156738
2010-09-07,4.82112455368042
2010-09-08,4.844912528991699
2010-09-09,4.979715347290039
2010-09-10,5.237422466278076
2010-09-13,5.360331058502197
2010-09-14,5.253282070159912
2010-09-15,5.304825305938721
2010-09-16,5.229494094848633
2010-09-17,5.269141674041748
2010-09-20,5.189846992492676
2010-09-21,5.217599391937256
2010-09-22,5.094692707061768
2010-09-23,5.154164791107178
2010-09-24,5.360331058502197
2010-09-27,5.288964748382568
2010-09-28,5.427730560302734
2010-09-29,5.3722243309021
2010-09-30,5.45151948928833
2010-10-01,5.332578659057617
2010-10-04,5.14623498916626
2010-10-05,5.352400302886963
2010-10-06,5.483238697052002
2010-10-07,5.34843635559082
2010-10-08,5.3960137367248535
2010-10-11,5.419802188873291
2010-10-12,5.352400302886963
2010-10-13,5.84403133392334
2010-10-14,5.748875617980957
2010-10-15,5.748875617980957
2010-10-18,5.804381370544434
2010-10-19,5.768698215484619
2010-10-20,5.8995361328125
2010-10-21,5.947112083435059
2010-10-22,5.994688987731934
2010-10-25,6.026408672332764
2010-10-26,5.935218334197998
2010-10-27,5.887640953063965
2010-10-28,6.002617359161377
2010-10-29,5.840065002441406
2010-11-01,5.855921745300293
2010-11-02,6.038300514221191
2010-11-03,6.022441864013672
2010-11-04,6.169137954711914
2010-11-05,6.260326385498047
2010-11-08,6.248432159423828
2010-11-09,6.272221088409424
2010-11-10,6.3435869216918945
2010-11-11,6.323763847351074
2010-11-12,6.303938865661621
2010-11-15,6.3435869216918945
2010-11-16,6.367374420166016
2010-11-17,6.395127773284912
2010-11-18,6.502176284790039
2010-11-19,6.704379558563232
2010-11-22,6.740061283111572
2010-11-23,6.422880172729492
2010-11-24,6.898649215698242
2010-11-26,6.77574348449707
2010-11-29,6.783672332763672
2010-11-30,6.946226119995117
2010-12-01,7.0572381019592285
2010-12-02,7.172216892242432
2010-12-03,7.477501392364502
2010-12-06,7.620233058929443
2010-12-07,7.830362796783447
2010-12-08,7.7708940505981445
2010-12-09,7.620233058929443
2010-12-10,7.3030548095703125
2010-12-13,7.227723598480225
2010-12-14,7.148428440093994
2010-12-15,7.045345783233643
2010-12-16,7.033451080322266
2010-12-17,7.11671257019043
2010-12-20,7.0572381019592285
2010-12-21,6.954156875610352
2010-12-22,7.029485702514648
2010-12-23,7.0572381019592285
2010-12-27,7.128603458404541
2010-12-28,7.132569313049316
2010-12-29,7.180147171020508
2010-12-30,7.196005821228027
2010-12-31,7.164287090301514
2011-01-03,7.188075065612793
2011-01-04,6.950191497802734
2011-01-05,7.037415981292725
2011-01-06,7.001733303070068
2011-01-07,6.970016002655029
2011-01-10,6.985873699188232
2011-01-11,6.914509296417236
2011-01-12,6.878826141357422
2011-01-13,6.7360944747924805
2011-01-14,6.7360944747924805
2011-01-18,6.712307453155518
2011-01-19,6.466493606567383
2011-01-20,6.636977195739746
2011-01-21,6.537858486175537
2011-01-24,6.71627140045166
2011-01-25,6.938298225402832
2011-01-26,6.938298225402832
2011-01-27,6.866932392120361
2011-01-28,6.434774398803711
2011-01-31,6.514070987701416
2011-02-01,6.81935453414917
2011-02-02,6.712307453155518
2011-02-03,6.486318111419678
2011-02-04,6.779707908630371
2011-02-07,6.851073741912842
2011-02-08,6.886756420135498
2011-02-09,7.005697250366211
2011-02-10,6.962085247039795
2011-02-11,7.041378974914551
2011-02-14,7.136534214019775
2011-02-15,7.053274154663086
2011-02-16,7.096887588500977
2011-02-17,6.938298225402832
2011-02-18,6.898649215698242
2011-02-22,6.640941143035889
2011-02-23,6.3435869216918945
2011-02-24,6.359445571899414
2011-02-25,6.541822910308838
2011-02-28,6.422880172729492
2011-03-01,6.407020092010498
2011-03-02,6.545787334442139
2011-03-03,6.80349588394165
2011-03-04,6.680588722229004
2011-03-07,6.422880172729492
2011-03-08,6.458564281463623
2011-03-09,6.454598903656006
2011-03-10,6.383234024047852
2011-03-11,6.434774398803711
2011-03-14,6.323763847351074
2011-03-15,6.383234024047852
2011-03-16,6.184997081756592
2011-03-17,6.240502834320068
2011-03-18,6.407020092010498
2011-03-21,6.605259418487549
2011-03-22,6.672659397125244
2011-03-23,6.791601181030273
2011-03-24,6.751955509185791
2011-03-25,6.843142986297607
2011-03-28,6.755919456481934
2011-03-29,6.696449279785156
2011-03-30,6.704379558563232
2011-03-31,6.898649215698242
2011-04-01,7.013627529144287
2011-04-04,6.966050624847412
2011-04-05,7.088957786560059
2011-04-06,7.199970245361328
2011-04-07,7.378382682800293
2011-04-08,7.255476474761963
2011-04-11,7.350630283355713
2011-04-12,7.26737117767334
2011-04-13,7.26737117767334
2011-04-14,7.247549057006836
2011-04-15,7.2951250076293945
2011-04-18,7.180147171020508
2011-04-19,6.97398042678833
2011-04-20,7.235653877258301
2011-04-21,7.180147171020508
2011-04-25,7.235653877258301
2011-04-26,7.188075065612793
2011-04-27,7.227723598480225
2011-04-28,7.26737117767334
2011-04-29,7.334772109985352
2011-05-02,7.073099136352539
2011-05-03,6.859003067016602
2011-05-04,6.807460784912109
2011-05-05,6.859003067016602
2011-05-06,7.021556377410889
2011-05-09,7.160322666168213
2011-05-10,7.497326850891113
2011-05-11,7.255476474761963
2011-05-12,7.382350921630859
2011-05-13,7.199970245361328
2011-05-16,6.942261695861816
2011-05-17,6.859003067016602
2011-05-18,6.926403045654297
2011-05-19,6.942261695861816
2011-05-20,6.839179039001465
2011-05-23,6.747989654541016
2011-05-24,6.644906044006348
2011-05-25,6.644906044006348
2011-05-26,6.621118068695068
2011-05-27,6.744025230407715
2011-05-31,6.87089729309082
2011-06-01,6.506140232086182
2011-06-02,6.383234024047852
2011-06-03,6.268258094787598
2011-06-06,6.292044639587402
2011-06-07,6.244467735290527
2011-06-08,5.927289009094238
2011-06-09,5.994688987731934
2011-06-10,6.030370712280273
2011-06-13,5.978830814361572
2011-06-14,6.050195217132568
2011-06-15,5.966934680938721
2011-06-16,5.994688987731934
2011-06-17,5.891605854034424
2011-06-20,6.006584167480469
2011-06-21,6.070018768310547
2011-06-22,6.06209135055542
2011-06-23,6.1057024002075195
2011-06-24,6.149313449859619
2011-06-27,6.192925930023193
2011-06-28,6.296009063720703
2011-06-29,6.296009063720703
2011-06-30,6.383234024047852
2011-07-01,6.462528228759766
2011-07-05,6.319798469543457
2011-07-06,6.284115791320801
2011-07-07,6.399091720581055
2011-07-08,6.3435869216918945
2011-07-11,6.438740253448486
2011-07-12,6.371340274810791
2011-07-13,6.696449279785156
2011-07-14,6.601295471191406
2011-07-15,6.712307453155518
2011-07-18,6.636977195739746
2011-07-19,6.7360944747924805
2011-07-20,6.7202372550964355
2011-07-21,6.751955509185791
2011-07-22,6.763848781585693
2011-07-25,6.728165149688721
2011-07-26,6.660766124725342
2011-07-27,6.7360944747924805
2011-07-28,6.7202372550964355
2011-07-29,6.640941143035889
2011-08-01,6.553717613220215
2011-08-02,6.3118672370910645
2011-08-03,6.169137954711914
2011-08-04,5.804381370544434
2011-08-05,5.744910717010498
2011-08-08,4.729936599731445
2011-08-09,5.241387844085693
2011-08-10,4.924209117889404
2011-08-11,5.265176296234131
2011-08-12,5.150198936462402
2011-08-15,5.380153656005859
2011-08-16,5.241387844085693
2011-08-17,5.265176296234131
2011-08-18,5.027293682098389
2011-08-19,5.134341716766357
2011-08-22,5.368259906768799
2011-08-23,5.530814170837402
2011-08-24,5.709226608276367
2011-08-25,5.550637722015381
2011-08-26,5.661651611328125
2011-08-29,6.216713905334473
2011-08-30,6.232573509216309
2011-08-31,6.133455276489258
2011-09-01,5.768698215484619
2011-09-02,5.514956474304199
2011-09-06,5.538743495941162
2011-09-07,5.772663593292236
2011-09-08,5.748875617980957
2011-09-09,5.467379093170166
2011-09-12,5.4951324462890625
2011-09-13,5.804381370544434
2011-09-14,6.018477916717529
2011-09-15,5.721121788024902
2011-09-16,5.645792007446289
2011-09-19,5.550637722015381
2011-09-20,5.427730560302734
2011-09-21,5.217599391937256
2011-09-22,4.987644672393799
2011-09-23,4.8290557861328125
2011-09-26,5.015398025512695
2011-09-27,5.114516258239746
2011-09-28,4.825090408325195
2011-09-29,4.916279315948486
2011-09-30,4.626853942871094
2011-10-03,4.266061305999756
2011-10-04,4.737866401672363
2011-10-05,4.789408206939697
2011-10-06,4.995574474334717
2011-10-07,5.043150424957275
2011-10-10,5.114516258239746
2011-10-11,5.1581292152404785
2011-10-12,5.304825305938721
2011-10-13,5.213634967803955
2011-10-14,5.629932880401611
2011-10-17,5.403942584991455
2011-10-18,5.653721809387207
2011-10-19,5.475307941436768
2011-10-20,5.538743495941162
2011-10-21,5.618038177490234
2011-10-24,5.923324108123779
2011-10-25,6.046230792999268
2011-10-26,6.133455276489258
2011-10-27,6.319798469543457
2011-10-28,6.252397537231445
2011-10-31,6.410985469818115
2011-11-01,6.188961505889893
2011-11-02,6.236538887023926
2011-11-03,6.422880172729492
2011-11-04,6.410985469818115
2011-11-07,6.422880172729492
2011-11-08,6.303938865661621
2011-11-09,6.470458030700684
2011-11-10,6.073983669281006
2011-11-11,6.323763847351074
2011-11-14,6.204819202423096
2011-11-15,6.379269599914551
2011-11-16,5.966934680938721
2011-11-17,5.701297760009766
2011-11-18,5.669580459594727
2011-11-21,5.4951324462890625
2011-11-22,5.614074230194092
2011-11-23,5.665615081787109
2011-11-25,5.709226608276367
2011-11-28,5.927289009094238
2011-11-29,5.966934680938721
2011-11-30,6.248432159423828
2011-12-01,6.046230792999268
2011-12-02,6.288080215454102
2011-12-05,6.399091720581055
2011-12-06,6.276186466217041
2011-12-07,6.339622974395752
2011-12-08,6.12552547454834
2011-12-09,6.430811405181885
2011-12-12,6.331692695617676
2011-12-13,6.25636100769043
2011-12-14,5.947112083435059
2011-12-15,6.09777307510376
2011-12-16,6.208785057067871
2011-12-19,5.998653888702393
2011-12-20,6.244467735290527
2011-12-21,6.470458030700684
2011-12-22,6.549752712249756
2011-12-23,6.732131004333496
2011-12-27,6.874861717224121
2011-12-28,6.807460784912109
2011-12-29,6.80349588394165
2011-12-30,6.740061283111572
2012-01-03,6.831249237060547
2012-01-04,6.783672332763672
2012-01-05,6.747989654541016
2012-01-06,6.90657901763916
2012-01-09,6.934332847595215
2012-01-10,6.962085247039795
2012-01-11,6.962085247039795
2012-01-12,7.136534214019775
2012-01-13,7.136534214019775
2012-01-17,6.9184746742248535
2012-01-18,7.041378974914551
2012-01-19,7.108780860900879
2012-01-20,6.954156875610352
2012-01-23,6.958121299743652
2012-01-24,7.045345783233643
2012-01-25,7.136534214019775
2012-01-26,7.136534214019775
2012-01-27,7.299088478088379
2012-01-30,7.469570636749268
2012-01-31,7.612303256988525
2012-02-01,7.572656154632568
2012-02-02,7.55283260345459
2012-02-03,7.6797027587890625
2012-02-06,7.6797027587890625
2012-02-07,7.608338356018066
2012-02-08,7.711421012878418
2012-02-09,7.881906986236572
2012-02-10,7.949305534362793
2012-02-13,7.854156017303467
2012-02-14,7.707457542419434
2012-02-15,8.127717971801758
2012-02-16,8.135648727416992
2012-02-17,8.072216033935547
2012-02-21,8.048425674438477
2012-02-22,7.95327091217041
2012-02-23,8.000848770141602
2012-02-24,8.00877857208252
2012-02-27,7.988955020904541
2012-02-28,7.921553611755371
2012-02-29,7.933443546295166
2012-03-01,7.929483413696289
2012-03-02,7.600407600402832
2012-03-05,7.596445083618164
2012-03-06,7.223759174346924
2012-03-07,7.2753005027771
2012-03-08,7.477501392364502
2012-03-09,7.636093616485596
2012-03-12,7.612303256988525
2012-03-13,7.846224784851074
2012-03-14,7.774857997894287
2012-03-15,7.7272820472717285
2012-03-16,7.667811393737793
2012-03-19,7.786752700805664
2012-03-20,7.687635898590088
2012-03-21,7.6836676597595215
2012-03-22,7.433890342712402
2012-03-23,7.291159629821777
2012-03-26,7.390278339385986
2012-03-27,7.318911552429199
2012-03-28,7.176181316375732
2012-03-29,7.144464015960693
2012-03-30,6.851073741912842
2012-04-02,6.993804454803467
2012-04-03,6.902615547180176
2012-04-04,6.751955509185791
2012-04-05,6.795566082000732
2012-04-09,6.4823527336120605
2012-04-10,6.252397537231445
2012-04-11,6.371340274810791
2012-04-12,6.474423885345459
2012-04-13,6.450634956359863
2012-04-16,6.414952278137207
2012-04-17,6.514070987701416
2012-04-18,6.521999835968018
2012-04-19,6.3435869216918945
2012-04-20,6.192925930023193
2012-04-23,6.006584167480469
2012-04-24,6.299973487854004
2012-04-25,6.1096673011779785
2012-04-26,6.216713905334473
2012-04-27,5.947112083435059
2012-04-30,5.875746726989746
2012-05-01,5.947112083435059
2012-05-02,5.887640953063965
2012-05-03,5.744910717010498
2012-05-04,5.5823564529418945
2012-05-07,5.538743495941162
2012-05-08,5.653721809387207
2012-05-09,5.423765182495117
2012-05-10,5.403942584991455
2012-05-11,5.35636568069458
2012-05-14,5.213634967803955
2012-05-15,5.150198936462402
2012-05-16,5.154164791107178
2012-05-17,5.138303756713867
2012-05-18,5.550637722015381
2012-05-21,5.483238697052002
2012-05-22,5.463413238525391
2012-05-23,5.439625263214111
2012-05-24,5.384119033813477
2012-05-25,5.332578659057617
2012-05-29,5.5030622482299805
2012-05-30,5.39997673034668
2012-05-31,5.3920488357543945
2012-06-01,5.249317169189453
2012-06-04,5.08676290512085
2012-06-05,5.1581292152404785
2012-06-06,5.3722243309021
2012-06-07,5.221564292907715
2012-06-08,5.380153656005859
2012-06-11,5.269141674041748
2012-06-12,5.213634967803955
2012-06-13,5.170022010803223
2012-06-14,5.181917667388916
2012-06-15,5.475307941436768
2012-06-18,5.312754154205322
2012-06-19,5.467379093170166
2012-06-20,5.3920488357543945
2012-06-21,5.27707052230835
2012-06-22,5.066938400268555
2012-06-25,4.987644672393799
2012-06-26,4.9638566970825195
2012-06-27,5.035222053527832
2012-06-28,5.126410961151123
2012-06-29,5.368259906768799
2012-07-02,5.376191139221191
2012-07-03,5.479272365570068
2012-07-05,5.35636568069458
2012-07-06,5.415836811065674
2012-07-09,5.407907485961914
2012-07-10,5.570460796356201
2012-07-11,4.908349990844727
2012-07-12,5.059009075164795
2012-07-13,4.856806755065918
2012-07-16,4.896455764770508
2012-07-17,4.932137489318848
2012-07-18,4.955925941467285
2012-07-19,4.959891319274902
2012-07-20,4.793371200561523
2012-07-23,4.714076995849609
2012-07-24,4.654608249664307
2012-07-25,4.698218822479248
2012-07-26,4.595134735107422
2012-07-27,5.090728759765625
2012-07-30,5.142269611358643
2012-07-31,5.273105144500732
2012-08-01,4.884561538696289
2012-08-02,4.991610050201416
2012-08-03,5.1581292152404785
2012-08-06,5.34843635559082
2012-08-07,5.431696891784668
2012-08-08,5.3722243309021
2012-08-09,5.542708873748779
2012-08-10,5.487202167510986
2012-08-13,5.47134256362915
2012-08-14,5.618038177490234
2012-08-15,5.871782302856445
2012-08-16,5.943147659301758
2012-08-17,6.042266368865967
2012-08-20,5.986759662628174
2012-08-21,6.002617359161377
2012-08-22,5.970900535583496
2012-08-23,5.951077461242676
2012-08-24,5.927289009094238
2012-08-27,6.1215596199035645
2012-08-28,6.3435869216918945
2012-08-29,6.030370712280273
2012-08-30,5.82420539855957
2012-08-31,5.776628494262695
2012-09-04,5.891605854034424
2012-09-05,5.931252956390381
2012-09-06,6.101737022399902
2012-09-07,5.974865913391113
2012-09-10,6.240502834320068
2012-09-11,6.299973487854004
2012-09-12,6.141384601593018
2012-09-13,6.272221088409424
2012-09-14,6.375305652618408
2012-09-17,6.3118672370910645
2012-09-18,6.248432159423828
2012-09-19,6.25636100769043
2012-09-20,6.260326385498047
2012-09-21,6.430811405181885
2012-09-24,6.549752712249756
2012-09-25,6.573541164398193
2012-09-26,6.644906044006348
2012-09-27,6.700412273406982
2012-09-28,6.660766124725342
2012-10-01,6.708341121673584
2012-10-02,6.656801223754883
2012-10-03,6.672659397125244
2012-10-04,6.704379558563232
2012-10-05,6.807460784912109
2012-10-08,6.966050624847412
2012-10-09,6.823320388793945
2012-10-10,6.676624298095703
2012-10-11,6.676624298095703
2012-10-12,6.442705154418945
2012-10-15,6.375305652618408
2012-10-16,6.391163349151611
2012-10-17,6.399091720581055
2012-10-18,6.407020092010498
2012-10-19,6.216713905334473
2012-10-22,6.184997081756592
2012-10-23,6.034337043762207
2012-10-24,6.022441864013672
2012-10-25,6.1057024002075195
2012-10-26,6.260326385498047
2012-10-31,6.434774398803711
2012-11-01,6.815390586853027
2012-11-02,6.6845526695251465
2012-11-05,6.795566082000732
2012-11-06,6.87089729309082
2012-11-07,6.676624298095703
2012-11-08,6.621118068695068
2012-11-09,6.605259418487549
2012-11-12,6.644906044006348
2012-11-13,6.601295471191406
2012-11-14,6.3435869216918945
2012-11-15,6.375305652618408
2012-11-16,6.284115791320801
2012-11-19,6.367374420166016
2012-11-20,6.363409519195557
2012-11-21,6.363409519195557
2012-11-23,6.351513862609863
2012-11-26,6.383234024047852
2012-11-27,6.410985469818115
2012-11-28,6.3475518226623535
2012-11-29,6.529930114746094
2012-11-30,6.418916702270508
2012-12-03,6.323763847351074
2012-12-04,6.458564281463623
2012-12-05,6.652835369110107
2012-12-06,6.680588722229004
2012-12-07,6.680588722229004
2012-12-10,6.660766124725342
2012-12-11,6.59336519241333
2012-12-12,6.502176284790039
2012-12-13,6.442705154418945
2012-12-14,6.3435869216918945
2012-12-17,6.521999835968018
2012-12-18,6.728165149688721
2012-12-19,6.763848781585693
2012-12-20,6.763848781585693
2012-12-21,6.59336519241333
2012-12-24,6.644906044006348
2012-12-26,6.664731025695801
2012-12-27,6.708341121673584
2012-12-28,6.68851900100708
2012-12-31,6.851073741912842
2013-01-02,7.0572381019592285
2013-01-03,7.136534214019775
2013-01-04,7.132569313049316
2013-01-07,7.088957786560059
2013-01-08,7.088957786560059
2013-01-09,7.176181316375732
2013-01-10,7.20789909362793
2013-01-11,7.196005821228027
2013-01-14,7.2118635177612305
2013-01-15,7.429925918579102
2013-01-16,7.2951250076293945
2013-01-17,7.59248161315918
2013-01-18,7.6717729568481445
2013-01-22,7.731247425079346
2013-01-23,7.731247425079346
2013-01-24,7.830362796783447
2013-01-25,7.929483413696289
2013-01-28,7.917585849761963
2013-01-29,7.977059841156006
2013-01-30,7.778822422027588
2013-01-31,7.759000301361084
2013-02-01,7.881906986236572
2013-02-04,7.699527740478516
2013-02-05,7.913623809814453
2013-02-06,8.016706466674805
2013-02-07,7.957234859466553
2013-02-08,7.969130516052246
2013-02-11,7.877941131591797
2013-02-12,7.8501877784729
2013-02-13,8.00877857208252
2013-02-14,8.096001625061035
2013-02-15,8.520227432250977
2013-02-19,8.75414752960205
2013-02-20,8.401288986206055
2013-02-21,8.262521743774414
2013-02-22,8.33785343170166
2013-02-25,7.977059841156006
2013-02-26,7.992918968200684
2013-02-27,8.084107398986816
2013-02-28,8.286309242248535
2013-03-01,8.41318130493164
2013-03-04,8.365606307983398
2013-03-05,8.516265869140625
2013-03-06,8.421111106872559
2013-03-07,8.389392852783203
2013-03-08,8.651066780090332
2013-03-11,8.607451438903809
2013-03-12,8.60348892211914
2013-03-13,8.639174461364746
2013-03-14,8.67485523223877
2013-03-15,8.623313903808594
2013-03-18,8.48851203918457
2013-03-19,8.46075439453125
2013-03-20,8.46075439453125
2013-03-21,8.321990966796875
2013-03-22,8.321990966796875
2013-03-25,8.270447731018066
2013-03-26,8.246662139892578
2013-03-27,8.171329498291016
2013-03-28,8.111859321594238
2013-04-01,8.139613151550293
2013-04-02,8.02859878540039
2013-04-03,7.834330081939697
2013-04-04,7.929483413696289
2013-04-05,8.012743949890137
2013-04-08,8.107895851135254
2013-04-09,8.02859878540039
2013-04-10,8.076176643371582
2013-04-11,8.080143928527832
2013-04-12,8.00877857208252
2013-04-15,7.759000301361084
2013-04-16,7.842259407043457
2013-04-17,7.56076192855835
2013-04-18,7.485430717468262
2013-04-19,7.513186931610107
2013-04-22,7.342700958251953
2013-04-23,7.354593753814697
2013-04-24,7.473538875579834
2013-04-25,7.755031108856201
2013-04-26,7.6836676597595215
2013-04-29,7.790713787078857
2013-04-30,7.8501877784729
2013-05-01,7.6717729568481445
2013-05-02,7.858118534088135
2013-05-03,8.226840019226074
2013-05-06,8.496438980102539
2013-05-07,8.686749458312988
2013-05-08,8.881021499633789
2013-05-09,8.9444580078125
2013-05-10,8.960315704345703
2013-05-13,8.98013973236084
2013-05-14,9.289388656616211
2013-05-15,9.265600204467773
2013-05-16,9.210095405578613
2013-05-17,9.253706932067871
2013-05-20,9.20612907409668
2013-05-21,9.432119369506836
2013-05-22,9.12683391571045
2013-05-23,9.301284790039062
2013-05-24,9.083221435546875
2013-05-28,9.261635780334473
2013-05-29,9.118906021118164
2013-05-30,8.881021499633789
2013-05-31,8.785867691040039
2013-06-03,8.857231140136719
2013-06-04,8.63520622253418
2013-06-05,8.734325408935547
2013-06-06,8.900845527648926
2013-06-07,8.936528205871582
2013-06-10,9.11097526550293
2013-06-11,8.892913818359375
2013-06-12,8.773971557617188
2013-06-13,9.023752212524414
2013-06-14,8.841370582580566
2013-06-17,8.952387809753418
2013-06-18,8.976173400878906
2013-06-19,8.722432136535645
2013-06-20,8.551945686340332
2013-06-21,8.218907356262207
2013-06-24,8.35767650604248
2013-06-25,8.436970710754395
2013-06-26,8.365606307983398
2013-06-27,8.547982215881348
2013-06-28,8.532122611999512
2013-07-01,8.71450424194336
2013-07-02,8.817583084106445
2013-07-03,8.833443641662598
2013-07-05,9.154585838317871
2013-07-08,9.063401222229004
2013-07-09,9.182339668273926
2013-07-10,9.22595500946045
2013-07-11,9.2299165725708
2013-07-12,9.122872352600098
2013-07-15,9.114940643310547
2013-07-16,9.079259872436523
2013-07-17,8.96428108215332
2013-07-18,9.067364692687988
2013-07-19,8.952387809753418
2013-07-22,8.920666694641113
2013-07-23,8.94049072265625
2013-07-24,8.47265338897705
2013-07-25,8.425074577331543
2013-07-26,8.433005332946777
2013-07-29,8.48851203918457
2013-07-30,8.544020652770996
2013-07-31,8.551945686340332
2013-08-01,8.71450424194336
2013-08-02,8.64313793182373
2013-08-05,8.595559120178223
2013-08-06,8.60348892211914
2013-08-07,8.520227432250977
2013-08-08,8.849302291870117
2013-08-09,8.651066780090332
2013-08-12,8.702608108520508
2013-08-13,8.766042709350586
2013-08-14,8.766042709350586
2013-08-15,8.662958145141602
2013-08-16,8.60348892211914
2013-08-19,8.555910110473633
2013-08-20,8.591594696044922
2013-08-21,8.599523544311523
2013-08-22,8.69467830657959
2013-08-23,8.726396560668945
2013-08-26,8.730360984802246
2013-08-27,8.476616859436035
2013-08-28,8.551945686340332
2013-08-29,8.639174461364746
2013-08-30,8.579699516296387
2013-09-03,8.64313793182373
2013-09-04,8.651066780090332
2013-09-05,8.86515998840332
2013-09-06,9.186305046081543
2013-09-09,9.22595500946045
2013-09-10,9.483661651611328
2013-09-11,9.3290376663208
2013-09-12,9.095114707946777
2013-09-13,9.063401222229004
2013-09-16,9.182339668273926
2013-09-17,9.198199272155762
2013-09-18,9.198199272155762
2013-09-19,9.202166557312012
2013-09-20,9.071327209472656
2013-09-23,9.071327209472656
2013-09-24,9.087187767028809
2013-09-25,8.948423385620117
2013-09-26,9.170446395874023
2013-09-27,9.019786834716797
2013-09-30,9.031681060791016
2013-10-01,9.035648345947266
2013-10-02,9.019786834716797
2013-10-03,8.92463493347168
2013-10-04,9.019786834716797
2013-10-07,8.881021499633789
2013-10-08,8.64313793182373
2013-10-09,8.773971557617188
2013-10-10,9.047541618347168
2013-10-11,9.261635780334473
2013-10-14,9.39643669128418
2013-10-15,9.364720344543457
2013-10-16,9.55106258392334
2013-10-17,9.428153991699219
2013-10-18,9.65018081665039
2013-10-21,9.713614463806152
2013-10-22,9.626389503479004
2013-10-23,9.967362403869629
2013-10-24,9.737404823303223
2013-10-25,9.868242263793945
2013-10-28,9.94753360748291
2013-10-29,9.931678771972656
2013-10-30,9.721545219421387
2013-10-31,9.638286590576172
2013-11-01,9.57088565826416
2013-11-04,9.606568336486816
2013-11-05,9.602603912353516
2013-11-06,9.51141357421875
2013-11-07,9.309216499328613
2013-11-08,9.412296295166016
2013-11-11,9.440052032470703
2013-11-12,9.586743354797363
2013-11-13,9.812735557556152
2013-11-14,9.590709686279297
2013-11-15,9.753265380859375
2013-11-18,9.447981834411621
2013-11-19,9.638286590576172
2013-11-20,9.658112525939941
2013-11-21,9.781013488769531
2013-11-22,9.884100914001465
2013-11-25,9.91581916809082
2013-11-26,9.911850929260254
2013-11-27,9.848418235778809
2013-11-29,9.872207641601562
2013-12-02,9.717581748962402
2013-12-03,9.804805755615234
2013-12-04,9.483661651611328
2013-12-05,9.578816413879395
2013-12-06,9.721545219421387
2013-12-09,9.792911529541016
2013-12-10,9.654145240783691
2013-12-11,9.309216499328613
2013-12-12,9.221988677978516
2013-12-13,9.249741554260254
2013-12-16,9.491591453552246
2013-12-17,9.590709686279297
2013-12-18,9.689825057983398
2013-12-19,9.634328842163086
2013-12-20,10.125951766967773
2013-12-23,10.137843132019043
2013-12-24,10.13387680053711
2013-12-26,10.1735258102417
2013-12-27,10.260750770568848
2013-12-30,10.14180850982666
2013-12-31,10.110090255737305
2014-01-02,9.677933692932129
2014-01-03,9.733440399169922
2014-01-06,9.384544372558594
2014-01-07,9.614497184753418
2014-01-08,9.610533714294434
2014-01-09,9.610533714294434
2014-01-10,9.614497184753418
2014-01-13,9.543134689331055
2014-01-14,9.741369247436523
2014-01-15,9.872207641601562
2014-01-16,9.951501846313477
2014-01-17,9.907890319824219
2014-01-21,10.07044506072998
2014-01-22,9.991148948669434
2014-01-23,9.812735557556152
2014-01-24,9.372651100158691
2014-01-27,9.3290376663208
2014-01-28,9.392472267150879
2014-01-29,9.2299165725708
2014-01-30,9.261635780334473
2014-01-31,9.289388656616211
2014-02-03,9.067364692687988
2014-02-04,9.13079833984375
2014-02-05,9.12683391571045
2014-02-06,9.372651100158691
2014-02-07,9.45590877532959
2014-02-10,9.392472267150879
2014-02-11,9.51141357421875
2014-02-12,9.531235694885254
2014-02-13,9.64224910736084
2014-02-14,9.424187660217285
2014-02-18,9.769123077392578
2014-02-19,9.606568336486816
2014-02-20,9.535201072692871
2014-02-21,9.709651947021484
2014-02-24,9.689825057983398
2014-02-25,9.515376091003418
2014-02-26,9.586743354797363
2014-02-27,9.634328842163086
2014-02-28,9.681900024414062
2014-03-03,9.777054786682129
2014-03-04,9.959430694580078
2014-03-05,9.979255676269531
2014-03-06,9.781013488769531
2014-03-07,9.903924942016602
2014-03-10,9.959430694580078
2014-03-11,9.88806438446045
2014-03-12,9.955464363098145
2014-03-13,9.987184524536133
2014-03-14,10.213174819946289
2014-03-17,10.248854637145996
2014-03-18,10.344010353088379
2014-03-19,10.419342994689941
2014-03-20,10.522422790527344
2014-03-21,11.11316967010498
2014-03-24,10.803918838500977
2014-03-25,10.756345748901367
2014-03-26,10.772202491760254
2014-03-27,10.772202491760254
2014-03-28,10.899075508117676
2014-03-31,11.160747528076172
2014-04-01,11.553256034851074
2014-04-02,11.513608932495117
2014-04-03,11.477925300598145
2014-04-04,11.501710891723633
2014-04-07,11.30347728729248
2014-04-08,11.39863109588623
2014-04-09,11.545327186584473
2014-04-10,11.462071418762207
2014-04-11,11.577047348022461
2014-04-14,11.747529983520508
2014-04-15,11.858541488647461
2014-04-16,12.04092025756836
2014-04-17,12.08056640625
2014-04-21,11.806999206542969
2014-04-22,11.731669425964355
2014-04-23,11.70391845703125
2014-04-24,11.727706909179688
2014-04-25,11.374844551086426
2014-04-28,11.244006156921387
2014-04-29,11.27968978881836
2014-04-30,11.21229076385498
2014-05-01,11.172637939453125
2014-05-02,11.291584014892578
2014-05-05,11.418453216552734
2014-05-06,11.18056869506836
2014-05-07,11.299513816833496
2014-05-08,11.30347728729248
2014-05-09,11.402595520019531
2014-05-12,11.596867561340332
2014-05-13,11.668233871459961
2014-05-14,11.402595520019531
2014-05-15,11.358983993530273
2014-05-16,11.557222366333008
2014-05-19,11.664271354675293
2014-05-20,11.410526275634766
2014-05-21,11.39863109588623
2014-05-22,11.5096435546875
2014-05-23,11.60876178741455
2014-05-27,11.993341445922852
2014-05-28,11.818897247314453
2014-05-29,11.8942232131958
2014-05-30,11.854578971862793
2014-06-02,11.71977424621582
2014-06-03,11.652372360229492
2014-06-04,11.767350196838379
2014-06-05,11.87440013885498
2014-06-06,11.898187637329102
2014-06-09,11.799073219299316
2014-06-10,11.767350196838379
2014-06-11,11.791139602661133
2014-06-12,11.636514663696289
2014-06-13,11.723738670349121
2014-06-16,11.64841079711914
2014-06-17,11.81096363067627
2014-06-18,11.953696250915527
2014-06-19,12.032988548278809
2014-06-20,12.397747039794922
2014-06-23,12.128142356872559
2014-06-24,11.902154922485352
2014-06-25,12.021100044250488
2014-06-26,12.15986442565918
2014-06-27,12.421534538269043
2014-06-30,12.469112396240234
2014-07-01,12.51668930053711
2014-07-02,12.389816284179688
2014-07-03,12.29069709777832
2014-07-07,12.167789459228516
2014-07-08,12.151932716369629
2014-07-09,12.195545196533203
2014-07-10,11.886295318603516
2014-07-11,11.925945281982422
2014-07-14,11.870437622070312
2014-07-15,11.81096363067627
2014-07-16,11.735636711120605
2014-07-17,11.501710891723633
2014-07-18,11.723738670349121
2014-07-21,11.68806266784668
2014-07-22,11.977483749389648
2014-07-23,12.544442176818848
2014-07-24,12.401710510253906
2014-07-25,12.393781661987305
2014-07-28,12.322416305541992
2014-07-29,12.211404800415039
2014-07-30,12.35016918182373
2014-07-31,12.25105094909668
2014-08-01,12.179685592651367
2014-08-04,12.34223747253418
2014-08-05,12.326376914978027
2014-08-06,12.38188648223877
2014-08-07,12.255016326904297
2014-08-08,12.584090232849121
2014-08-11,12.798184394836426
2014-08-12,12.738713264465332
2014-08-13,12.758539199829102
2014-08-14,12.845760345458984
2014-08-15,12.714923858642578
2014-08-18,12.790255546569824
2014-08-19,12.742680549621582
2014-08-20,12.639596939086914
2014-08-21,12.730783462524414
2014-08-22,12.592018127441406
2014-08-25,12.671313285827637
2014-08-26,12.564265251159668
2014-08-27,12.500826835632324
2014-08-28,12.695103645324707
2014-08-29,12.873517990112305
2014-09-02,12.913163185119629
2014-09-03,12.869549751281738
2014-09-04,12.742680549621582
2014-09-05,12.742680549621582
2014-09-08,12.512722969055176
2014-09-09,12.302593231201172
2014-09-10,12.227262496948242
2014-09-11,12.377923011779785
2014-09-12,12.366025924682617
2014-09-15,12.243119239807129
2014-09-16,12.032988548278809
2014-09-17,12.31845474243164
2014-09-18,12.576160430908203
2014-09-19,12.179685592651367
2014-09-22,12.04092025756836
2014-09-23,11.795103073120117
2014-09-24,11.997307777404785
2014-09-25,12.060741424560547
2014-09-26,12.072633743286133
2014-09-29,12.060741424560547
2014-09-30,11.676162719726562
2014-10-01,11.362947463989258
2014-10-02,11.477925300598145
2014-10-03,11.577047348022461
2014-10-06,11.533432960510254
2014-10-07,11.26383113861084
2014-10-08,12.056778907775879
2014-10-09,11.838716506958008
2014-10-10,11.489821434020996
2014-10-13,11.426387786865234
2014-10-14,11.34312629699707
2014-10-15,11.299513816833496
2014-10-16,11.26779556274414
2014-10-17,11.386737823486328
2014-10-20,11.60876178741455
2014-10-21,12.092461585998535
2014-10-22,11.52946662902832
2014-10-23,12.08056640625
2014-10-24,12.001272201538086
2014-10-27,12.017129898071289
2014-10-28,12.40567684173584
2014-10-29,12.488935470581055
2014-10-30,12.389816284179688
2014-10-31,12.8378324508667
2014-11-03,12.667348861694336
2014-11-04,12.29069709777832
2014-11-05,12.568232536315918
2014-11-06,12.500826835632324
2014-11-07,12.385851860046387
2014-11-10,12.35016918182373
2014-11-11,12.278803825378418
2014-11-12,12.326376914978027
2014-11-13,12.29069709777832
2014-11-14,12.171753883361816
2014-11-17,11.993341445922852
2014-11-18,12.044883728027344
2014-11-19,11.98144817352295
2014-11-20,12.136072158813477
2014-11-21,12.227262496948242
2014-11-24,12.338274955749512
2014-11-25,12.322416305541992
2014-11-26,12.270873069763184
2014-11-28,11.993341445922852
2014-12-01,11.604798316955566
2014-12-02,11.83475399017334
2014-12-03,12.144001007080078
2014-12-04,12.310521125793457
2014-12-05,12.409637451171875
2014-12-08,12.255016326904297
2014-12-09,12.603913307189941
2014-12-10,11.890259742736816
2014-12-11,11.787176132202148
2014-12-12,11.081449508666992
2014-12-15,10.776165962219238
2014-12-16,11.006124496459961
2014-12-17,11.132993698120117
2014-12-18,11.129030227661133
2014-12-19,11.351056098937988
2014-12-22,11.26383113861084
2014-12-23,11.410526275634766
2014-12-24,11.473960876464844
2014-12-26,11.355024337768555
2014-12-29,11.668233871459961
2014-12-30,11.370878219604492
2014-12-31,11.164712905883789
2015-01-02,11.21229076385498
2015-01-05,10.819781303405762
2015-01-06,10.355901718139648
2015-01-07,10.347977638244629
2015-01-08,10.29643440246582
2015-01-09,10.094232559204102
2015-01-12,10.058549880981445
2015-01-13,10.00700855255127
2015-01-14,10.038725852966309
2015-01-15,9.971327781677246
2015-01-16,9.931678771972656
2015-01-20,9.804805755615234
2015-01-21,9.979255676269531
2015-01-22,10.058549880981445
2015-01-23,10.050616264343262
2015-01-26,10.018900871276855
2015-01-27,10.272644996643066
2015-01-28,9.991148948669434
2015-01-29,10.094232559204102
2015-01-30,10.764272689819336
2015-02-02,10.692906379699707
2015-02-03,10.922863960266113
2015-02-04,10.784098625183105
2015-02-05,10.784098625183105
2015-02-06,10.86735725402832
2015-02-09,10.720662117004395
2015-02-10,10.792027473449707
2015-02-11,10.645331382751465
2015-02-12,10.605682373046875
2015-02-13,10.443129539489746
2015-02-17,10.466917991638184
2015-02-18,10.44709300994873
2015-02-19,10.359869003295898
2015-02-20,10.308329582214355
2015-02-23,10.308329582214355
2015-02-24,10.181456565856934
2015-02-25,9.995113372802734
2015-02-26,10.01097297668457
2015-02-27,10.106123924255371
2015-03-02,9.995113372802734
2015-03-03,9.903924942016602
2015-03-04,9.64224910736084
2015-03-05,9.705690383911133
2015-03-06,9.666040420532227
2015-03-09,9.792911529541016
2015-03-10,9.51141357421875
2015-03-11,9.515376091003418
2015-03-12,9.753265380859375
2015-03-13,9.745333671569824
2015-03-16,9.911850929260254
2015-03-17,9.872207641601562
2015-03-18,9.8999605178833
2015-03-19,9.848418235778809
2015-03-20,9.717581748962402
2015-03-23,10.058549880981445
2015-03-24,9.971327781677246
2015-03-25,9.911850929260254
2015-03-26,9.804805755615234
2015-03-27,9.614497184753418
2015-03-30,9.773087501525879
2015-03-31,9.800840377807617
2015-04-01,9.868242263793945
2015-04-02,9.85237979888916
2015-04-06,9.971327781677246
2015-04-07,9.895995140075684
2015-04-08,9.864274978637695
2015-04-09,9.884100914001465
2015-04-10,9.832558631896973
2015-04-13,9.820662498474121
2015-04-14,9.868242263793945
2015-04-15,9.987184524536133
2015-04-16,9.919782638549805
2015-04-17,9.844451904296875
2015-04-20,9.792911529541016
2015-04-21,9.729476928710938
2015-04-22,9.860312461853027
2015-04-23,9.792911529541016
2015-04-24,9.812735557556152
2015-04-27,9.673970222473145
2015-04-28,9.975289344787598
2015-04-29,9.943572044372559
2015-04-30,9.75722885131836
2015-05-01,9.788948059082031
2015-05-04,10.177489280700684
2015-05-05,10.229033470153809
2015-05-06,10.347977638244629
2015-05-07,10.268682479858398
2015-05-08,10.38365650177002
2015-05-11,10.42330265045166
2015-05-12,10.161633491516113
2015-05-13,9.963393211364746
2015-05-14,9.868242263793945
2015-05-15,9.804805755615234
2015-05-18,9.717581748962402
2015-05-19,9.658112525939941
2015-05-20,9.741369247436523
2015-05-21,9.784979820251465
2015-05-22,9.808770179748535
2015-05-26,9.729476928710938
2015-05-27,10.074409484863281
2015-05-28,10.086301803588867
2015-05-29,9.94753360748291
2015-06-01,10.37572956085205
2015-06-02,10.379693984985352
2015-06-03,10.502601623535156
2015-06-04,10.12198543548584
2015-06-05,10.23696231842041
2015-06-08,10.22110366821289
2015-06-09,10.161633491516113
2015-06-10,10.332117080688477
2015-06-11,9.911850929260254
2015-06-12,9.765156745910645
2015-06-15,9.515376091003418
2015-06-16,9.574850082397461
2015-06-17,9.253706932067871
2015-06-18,9.45987319946289
2015-06-19,9.555025100708008
2015-06-22,9.602603912353516
2015-06-23,9.57088565826416
2015-06-24,9.721545219421387
2015-06-25,9.598639488220215
2015-06-26,9.451942443847656
2015-06-29,9.479695320129395
2015-06-30,9.515376091003418
2015-07-01,9.440052032470703
2015-07-02,9.5193452835083
2015-07-06,9.49555778503418
2015-07-07,9.186305046081543
2015-07-08,8.920666694641113
2015-07-09,8.920666694641113
2015-07-10,9.134764671325684
2015-07-13,9.107010841369629
2015-07-14,9.146657943725586
2015-07-15,9.043574333190918
2015-07-16,9.079259872436523
2015-07-17,8.881021499633789
2015-07-20,8.912737846374512
2015-07-21,8.86515998840332
2015-07-22,9.170446395874023
2015-07-23,8.777938842773438
2015-07-24,8.67485523223877
2015-07-27,8.686749458312988
2015-07-28,8.797760009765625
2015-07-29,8.98013973236084
2015-07-30,9.007895469665527
2015-07-31,9.190269470214844
2015-08-03,9.039609909057617
2015-08-04,8.920666694641113
2015-08-05,9.273534774780273
2015-08-06,9.218023300170898
2015-08-07,9.118906021118164
2015-08-10,9.261635780334473
2015-08-11,9.344897270202637
2015-08-12,9.150623321533203
2015-08-13,9.007895469665527
2015-08-14,9.134764671325684
2015-08-17,9.249741554260254
2015-08-18,9.12683391571045
2015-08-19,9.13079833984375
2015-08-20,9.023752212524414
2015-08-21,8.7581148147583
2015-08-24,8.587629318237305
2015-08-25,8.619348526000977
2015-08-26,8.655031204223633
2015-08-27,8.726396560668945
2015-08-28,8.662958145141602
2015-08-31,8.96428108215332
2015-09-01,8.805691719055176
2015-09-02,8.825515747070312
2015-09-03,8.853269577026367
2015-09-04,8.773971557617188
2015-09-08,8.952387809753418
2015-09-09,8.916704177856445
2015-09-10,8.96824836730957
2015-09-11,8.928596496582031
2015-09-14,8.900845527648926
2015-09-15,9.523310661315918
2015-09-16,9.499519348144531
2015-09-17,9.689825057983398
2015-09-18,9.602603912353516
2015-09-21,9.64224910736084
2015-09-22,9.483661651611328
2015-09-23,9.416260719299316
2015-09-24,9.451942443847656
2015-09-25,9.543134689331055
2015-09-28,9.503484725952148
2015-09-29,9.503484725952148
2015-09-30,9.241811752319336
2015-10-01,9.22595500946045
2015-10-02,9.47176742553711
2015-10-05,9.796875
2015-10-06,9.721545219421387
2015-10-07,9.773087501525879
2015-10-08,9.796875
2015-10-09,9.895995140075684
2015-10-12,9.939607620239258
2015-10-13,9.800840377807617
2015-10-14,9.792911529541016
2015-10-15,9.868242263793945
2015-10-16,9.784979820251465
2015-10-19,9.685863494873047
2015-10-20,9.689825057983398
2015-10-21,9.364720344543457
2015-10-22,9.11097526550293
2015-10-23,9.01582145690918
2015-10-26,9.01582145690918
2015-10-27,8.79379940032959
2015-10-28,9.023752212524414
2015-10-29,8.928596496582031
2015-10-30,8.992034912109375
2015-11-02,9.28145980834961
2015-11-03,9.380579948425293
2015-11-04,9.352823257446289
2015-11-05,9.5193452835083
2015-11-06,9.45987319946289
2015-11-09,9.114940643310547
2015-11-10,9.063401222229004
2015-11-11,9.007895469665527
2015-11-12,8.877057075500488
2015-11-13,8.682784080505371
2015-11-16,8.845337867736816
2015-11-17,8.801725387573242
2015-11-18,8.932559967041016
2015-11-19,8.869125366210938
2015-11-20,8.94049072265625
2015-11-23,8.892913818359375
2015-11-24,8.873088836669922
2015-11-25,8.96824836730957
2015-11-27,8.95634937286377
2015-11-30,8.96824836730957
2015-12-01,8.932559967041016
2015-12-02,8.829482078552246
2015-12-03,8.544020652770996
2015-12-04,8.504368782043457
2015-12-07,8.405253410339355
2015-12-08,8.266486167907715
2015-12-09,8.294241905212402
2015-12-10,8.242695808410645
2015-12-11,7.973097324371338
2015-12-14,8.242695808410645
2015-12-15,8.35767650604248
2015-12-16,8.33785343170166
2015-12-17,8.341814994812012
2015-12-18,8.222870826721191
2015-12-21,8.214944839477539
2015-12-22,8.35767650604248
2015-12-23,8.532122611999512
2015-12-24,8.504368782043457
2015-12-28,8.54005241394043
2015-12-29,8.69467830657959
2015-12-30,8.655031204223633
2015-12-31,8.682784080505371
2016-01-04,8.551945686340332
2016-01-05,8.500405311584473
2016-01-06,8.33785343170166
2016-01-07,7.723317623138428
2016-01-08,7.675738334655762
2016-01-11,7.6241960525512695
2016-01-12,7.600407600402832
2016-01-13,7.501291751861572
2016-01-14,7.56076192855835
2016-01-15,7.398208141326904
2016-01-19,7.073099136352539
2016-01-20,7.310983180999756
2016-01-21,7.334772109985352
2016-01-22,7.402172565460205
2016-01-25,7.263405799865723
2016-01-26,7.44974946975708
2016-01-27,7.243582725524902
2016-01-28,7.26737117767334
2016-01-29,7.445784568786621
2016-02-01,7.533009052276611
2016-02-02,7.346665382385254
2016-02-03,7.307016372680664
2016-02-04,7.533009052276611
2016-02-05,7.54093599319458
2016-02-08,7.441819667816162
2016-02-09,7.362523555755615
2016-02-10,6.284115791320801
2016-02-11,5.907464504241943
2016-02-12,5.986759662628174
2016-02-16,6.438740253448486
2016-02-17,6.660766124725342
2016-02-18,6.696449279785156
2016-02-19,6.537858486175537
2016-02-22,6.648871421813965
2016-02-23,6.545787334442139
2016-02-24,6.7202372550964355
2016-02-25,6.541822910308838
2016-02-26,6.66869592666626
2016-02-29,6.859003067016602
2016-03-01,6.989838600158691
2016-03-02,7.1563568115234375
2016-03-03,7.128603458404541
2016-03-04,7.18411111831665
2016-03-07,7.239617824554443
2016-03-08,7.108780860900879
2016-03-09,7.219794273376465
2016-03-10,7.100851535797119
2016-03-11,7.25944185256958
2016-03-14,7.025522232055664
2016-03-15,6.966050624847412
2016-03-16,6.851073741912842
2016-03-17,6.934332847595215
2016-03-18,7.1563568115234375
2016-03-21,7.231688976287842
2016-03-22,7.188075065612793
2016-03-23,6.914509296417236
2016-03-24,7.053274154663086
2016-03-28,7.084991931915283
2016-03-29,7.124640941619873
2016-03-30,7.172216892242432
2016-03-31,7.239617824554443
2016-04-01,6.934332847595215
2016-04-04,6.811426162719727
2016-04-05,6.77574348449707
2016-04-06,6.751955509185791
2016-04-07,6.581470966339111
2016-04-08,6.644906044006348
2016-04-11,6.692483901977539
2016-04-12,6.77574348449707
2016-04-13,6.958121299743652
2016-04-14,7.100851535797119
2016-04-15,7.021556377410889
2016-04-18,6.942261695861816
2016-04-19,7.029485702514648
2016-04-20,6.989838600158691
2016-04-21,6.934332847595215
2016-04-22,7.061206340789795
2016-04-25,7.164287090301514
2016-04-26,7.291159629821777
2016-04-27,7.620233058929443
2016-04-28,7.73521089553833
2016-04-29,7.651950836181641
2016-05-02,7.525081634521484
2016-05-03,7.330806732177734
2016-05-04,7.140498161315918
2016-05-05,7.144464015960693
2016-05-06,7.370454788208008
2016-05-09,7.136534214019775
2016-05-10,7.766928672790527
2016-05-11,7.544902801513672
2016-05-12,7.461642265319824
2016-05-13,7.517149448394775
2016-05-16,7.620233058929443
2016-05-17,7.842259407043457
2016-05-18,7.790713787078857
2016-05-19,7.774857997894287
2016-05-20,7.806577205657959
2016-05-23,7.822434902191162
2016-05-24,8.143582344055176
2016-05-25,8.286309242248535
2016-05-26,8.262521743774414
2016-05-27,8.345779418945312
2016-05-31,8.35767650604248
2016-06-01,8.31803035736084
2016-06-02,8.226840019226074
2016-06-03,8.151507377624512
2016-06-06,8.480582237243652
2016-06-07,8.325957298278809
2016-06-08,8.47265338897705
2016-06-09,8.218907356262207
2016-06-10,8.111859321594238
2016-06-13,8.373536109924316
2016-06-14,8.421111106872559
2016-06-15,8.31803035736084
2016-06-16,8.397321701049805
2016-06-17,8.290273666381836
2016-06-20,8.528159141540527
2016-06-21,8.425074577331543
2016-06-22,8.484545707702637
2016-06-23,8.571772575378418
2016-06-24,8.127717971801758
2016-06-27,7.866044521331787
2016-06-28,8.000848770141602
2016-06-29,8.163403511047363
2016-06-30,8.242695808410645
2016-07-01,8.3616361618042
2016-07-05,8.084107398986816
2016-07-06,8.207013130187988
2016-07-07,8.30217170715332
2016-07-08,8.631241798400879
2016-07-11,9.023752212524414
2016-07-12,9.174412727355957
2016-07-13,9.011857986450195
2016-07-14,9.210095405578613
2016-07-15,8.892913818359375
2016-07-18,9.114940643310547
2016-07-19,9.075291633605957
2016-07-20,9.210095405578613
2016-07-21,9.118906021118164
2016-07-22,9.114940643310547
2016-07-25,9.055466651916504
2016-07-26,9.261635780334473
2016-07-27,9.210095405578613
2016-07-28,9.297319412231445
2016-07-29,9.249741554260254
2016-08-01,9.20612907409668
2016-08-02,9.103045463562012
2016-08-03,9.241811752319336
2016-08-04,9.198199272155762
2016-08-05,9.523310661315918
2016-08-08,9.673970222473145
2016-08-09,9.57088565826416
2016-08-10,9.535201072692871
2016-08-11,9.856348037719727
2016-08-12,9.586743354797363
2016-08-15,9.555025100708008
2016-08-16,9.487627029418945
2016-08-17,9.47176742553711
2016-08-18,9.499519348144531
2016-08-19,9.43608570098877
2016-08-22,9.602603912353516
2016-08-23,9.614497184753418
2016-08-24,9.63035774230957
2016-08-25,9.622426986694336
2016-08-26,9.602603912353516
2016-08-29,9.507448196411133
2016-08-30,9.487627029418945
2016-08-31,9.475732803344727
2016-09-01,9.527274131774902
2016-09-02,9.416260719299316
2016-09-06,9.582779884338379
2016-09-07,9.606568336486816
2016-09-08,9.515376091003418
2016-09-09,8.908774375915527
2016-09-12,9.285425186157227
2016-09-13,9.071327209472656
2016-09-14,9.118906021118164
2016-09-15,9.221988677978516
2016-09-16,9.408330917358398
2016-09-19,9.364720344543457
2016-09-20,9.420225143432617
2016-09-21,9.598639488220215
2016-09-22,9.626389503479004
2016-09-23,9.463838577270508
2016-09-26,9.277495384216309
2016-09-27,9.372651100158691
2016-09-28,9.5193452835083
2016-09-29,9.368682861328125
2016-09-30,9.638286590576172
2016-10-03,9.733440399169922
2016-10-04,9.705690383911133
2016-10-05,9.828593254089355
2016-10-06,9.654145240783691
2016-10-07,9.515376091003418
2016-10-10,9.781013488769531
2016-10-11,9.392472267150879
2016-10-12,9.400402069091797
2016-10-13,9.218023300170898
2016-10-14,9.063401222229004
2016-10-17,8.9444580078125
2016-10-18,9.023752212524414
2016-10-19,9.3290376663208
2016-10-20,9.221988677978516
2016-10-21,9.245776176452637
2016-10-24,9.241811752319336
2016-10-25,9.237848281860352
2016-10-26,9.11097526550293
2016-10-27,10.229033470153809
2016-10-28,10.232998847961426
2016-10-31,10.07044506072998
2016-11-01,9.820662498474121
2016-11-02,9.804805755615234
2016-11-03,9.895995140075684
2016-11-04,9.975289344787598
2016-11-07,9.983219146728516
2016-11-08,9.987184524536133
2016-11-09,10.268682479858398
2016-11-10,10.308329582214355
2016-11-11,10.458988189697266
2016-11-14,10.534318923950195
2016-11-15,10.657224655151367
2016-11-16,10.696871757507324
2016-11-17,10.657224655151367
2016-11-18,10.673081398010254
2016-11-21,10.669118881225586
2016-11-22,11.105240821838379
2016-11-23,11.204358100891113
2016-11-25,11.09334659576416
2016-11-28,10.831673622131348
2016-11-29,10.79599380493164
2016-11-30,10.954580307006836
2016-12-01,11.053698539733887
2016-12-02,11.156783103942871
2016-12-05,11.390702247619629
2016-12-06,11.390702247619629
2016-12-07,11.39466667175293
2016-12-08,11.49775218963623
2016-12-09,11.489821434020996
2016-12-12,11.672199249267578
2016-12-13,11.525504112243652
2016-12-14,11.347086906433105
2016-12-15,11.402595520019531
2016-12-16,11.283656120300293
2016-12-19,11.787176132202148
2016-12-20,12.12021541595459
2016-12-21,12.413604736328125
2016-12-22,11.937838554382324
2016-12-23,12.187614440917969
2016-12-27,12.45721435546875
2016-12-28,12.243119239807129
2016-12-29,12.179685592651367
2016-12-30,12.239156723022461
2017-01-03,12.104352951049805
2017-01-04,12.43739128112793
2017-01-05,12.013169288635254
2017-01-06,12.163826942443848
2017-01-09,12.151932716369629
2017-01-10,12.564265251159668
2017-01-11,12.619773864746094
2017-01-12,12.754573822021484
2017-01-13,12.790255546569824
2017-01-17,12.627701759338379
2017-01-18,12.671313285827637
2017-01-19,12.671313285827637
2017-01-20,12.473077774047852
2017-01-23,12.298627853393555
2017-01-24,12.338274955749512
2017-01-25,12.595982551574707
2017-01-26,12.544442176818848
2017-01-27,12.40567684173584
2017-01-30,12.2669095993042
2017-01-31,12.191580772399902
2017-02-01,12.187614440917969
2017-02-02,12.179685592651367
2017-02-03,12.366025924682617
2017-02-06,12.29069709777832
2017-02-07,12.203474044799805
2017-02-08,11.96955394744873
2017-02-09,12.33431339263916
2017-02-10,12.429462432861328
2017-02-13,12.4651460647583
2017-02-14,12.29466438293457
2017-02-15,12.255016326904297
2017-02-16,12.191580772399902
2017-02-17,12.631662368774414
2017-02-21,13.095540046691895
2017-02-22,12.964705467224121
2017-02-23,12.95280933380127
2017-02-24,13.004352569580078
2017-02-27,13.143115997314453
2017-02-28,12.683209419250488
2017-03-01,12.960739135742188
2017-03-02,12.647527694702148
2017-03-03,12.532549858093262
2017-03-06,13.01624870300293
2017-03-07,12.774394989013672
2017-03-08,12.675277709960938
2017-03-09,12.38188648223877
2017-03-10,12.21536636352539
2017-03-13,12.362061500549316
2017-03-14,12.021100044250488
2017-03-15,12.43739128112793
2017-03-16,12.544442176818848
2017-03-17,12.548405647277832
2017-03-20,12.25105094909668
2017-03-21,11.826825141906738
2017-03-22,11.64444637298584
2017-03-23,11.763387680053711
2017-03-24,11.640480995178223
2017-03-27,11.652372360229492
2017-03-28,11.973519325256348
2017-03-29,11.96955394744873
2017-03-30,12.104352951049805
2017-03-31,12.362061500549316
2017-04-03,12.211404800415039
2017-04-04,12.108321189880371
2017-04-05,12.104352951049805
2017-04-06,12.433427810668945
2017-04-07,12.496865272521973
2017-04-10,12.477041244506836
2017-04-11,12.592018127441406
2017-04-12,12.40567684173584
2017-04-13,12.14003849029541
2017-04-17,12.453250885009766
2017-04-18,12.699066162109375
2017-04-19,12.667348861694336
2017-04-20,12.810079574584961
2017-04-21,12.992457389831543
2017-04-24,13.416682243347168
2017-04-25,13.702147483825684
2017-04-26,13.829018592834473
2017-04-27,13.832983016967773
2017-04-28,13.733864784240723
2017-05-01,13.678357124328613
2017-05-02,13.638710021972656
2017-05-03,13.706110954284668
2017-05-04,13.384967803955078
2017-05-05,13.575276374816895
2017-05-08,13.472188949584961
2017-05-09,13.42857837677002
2017-05-10,13.456330299377441
2017-05-11,13.626816749572754
2017-05-12,13.289812088012695
2017-05-15,13.503911018371582
2017-05-16,13.68232250213623
2017-05-17,12.964705467224121
2017-05-18,12.972636222839355
2017-05-19,13.222412109375
2017-05-22,13.365139961242676
2017-05-23,13.511838912963867
2017-05-24,13.472188949584961
2017-05-25,13.373072624206543
2017-05-26,13.238271713256836
2017-05-30,13.127257347106934
2017-05-31,13.071751594543457
2017-06-01,13.420650482177734
2017-06-02,13.404789924621582
2017-06-05,13.349282264709473
2017-06-06,13.123292922973633
2017-06-07,13.416682243347168
2017-06-08,13.460296630859375
2017-06-09,13.49201774597168
2017-06-12,13.54751968383789
2017-06-13,13.74179458618164
2017-06-14,13.408758163452148
2017-06-15,13.460296630859375
2017-06-16,13.575276374816895
2017-06-19,13.900382995605469
2017-06-20,13.943997383117676
2017-06-21,13.54751968383789
2017-06-22,13.503911018371582
2017-06-23,13.64664077758789
2017-06-26,14.45941162109375
2017-06-27,14.23342514038086
2017-06-28,14.237385749816895
2017-06-29,14.23342514038086
2017-06-30,14.435623168945312
2017-07-03,14.943109512329102
2017-07-05,14.606107711791992
2017-07-06,14.64575481414795
2017-07-07,14.685401916503906
2017-07-10,14.403904914855957
2017-07-11,14.530779838562012
2017-07-12,14.5506010055542
2017-07-13,14.618003845214844
2017-07-14,14.463377952575684
2017-07-17,14.324610710144043
2017-07-18,14.284961700439453
2017-07-19,14.558527946472168
2017-07-20,14.372186660766602
2017-07-21,14.23342514038086
2017-07-24,14.4673433303833
2017-07-25,14.526811599731445
2017-07-26,14.554566383361816
2017-07-27,15.216676712036133
2017-07-28,15.514037132263184
2017-07-31,16.12856674194336
2017-08-01,15.747953414916992
2017-08-02,15.335620880126953
2017-08-03,15.41094970703125
2017-08-04,15.454564094543457
2017-08-07,15.252358436584473
2017-08-08,15.042229652404785
2017-08-09,14.867782592773438
2017-08-10,14.574392318725586
2017-08-11,14.610072135925293
2017-08-14,15.343545913696289
2017-08-15,14.970861434936523
2017-08-16,14.752805709838867
2017-08-17,14.344433784484863
2017-08-18,14.328574180603027
2017-08-21,14.542671203613281
2017-08-22,14.574392318725586
2017-08-23,14.653681755065918
2017-08-24,14.45544719696045
2017-08-25,14.471307754516602
2017-08-28,14.554566383361816
2017-08-29,14.879673957824707
2017-08-30,14.867782592773438
2017-08-31,15.272187232971191
2017-09-01,15.18496322631836
2017-09-05,14.903464317321777
2017-09-06,14.911389350891113
2017-09-07,14.812277793884277
2017-09-08,15.010510444641113
2017-09-11,15.077911376953125
2017-09-12,15.169098854064941
2017-09-13,15.18496322631836
2017-09-14,15.149275779724121
2017-09-15,15.395088195800781
2017-09-18,15.442670822143555
2017-09-19,15.680554389953613
2017-09-20,15.930330276489258
2017-09-21,16.14046287536621
2017-09-22,16.378345489501953
2017-09-25,16.592445373535156
2017-09-26,16.600372314453125
2017-09-27,17.250598907470703
2017-09-28,17.369529724121094
2017-09-29,17.294198989868164
2017-10-02,17.603450775146484
2017-10-03,17.432966232299805
2017-10-04,17.44882583618164
2017-10-05,17.54397964477539
2017-10-06,17.4012508392334
2017-10-09,17.163366317749023
2017-10-10,17.381425857543945
2017-10-11,17.484514236450195
2017-10-12,17.381425857543945
2017-10-13,17.310062408447266
2017-10-16,17.528125762939453
2017-10-17,17.294198989868164
2017-10-18,17.361600875854492
2017-10-19,17.813581466674805
2017-10-20,18.06732749938965
2017-10-23,18.087148666381836
2017-10-24,18.225914001464844
2017-10-25,18.336931228637695
2017-10-26,20.160709381103516
2017-10-27,19.14177131652832
2017-10-30,19.0228271484375
2017-10-31,18.868207931518555
2017-11-01,18.721508026123047
2017-11-02,19.149702072143555
2017-11-03,18.808732986450195
2017-11-06,18.99111557006836
2017-11-07,18.761157989501953
2017-11-08,18.68979263305664
2017-11-09,18.73340606689453
2017-11-10,18.356754302978516
2017-11-13,18.372610092163086
2017-11-14,18.547067642211914
2017-11-15,18.233850479125977
2017-11-16,18.31710433959961
2017-11-17,18.404333114624023
2017-11-20,18.471731185913086
2017-11-21,18.880104064941406
2017-11-22,18.693756103515625
2017-11-24,18.6580753326416
2017-11-27,18.332965850830078
2017-11-28,18.574811935424805
2017-11-29,18.511381149291992
2017-11-30,18.233850479125977
2017-12-01,18.297277450561523
2017-12-04,18.98714256286621
2017-12-05,19.292434692382812
2017-12-06,18.5430965423584
2017-12-07,18.503446578979492
2017-12-08,18.392436981201172
2017-12-11,18.396398544311523
2017-12-12,18.396398544311523
2017-12-13,18.285388946533203
2017-12-14,17.87702178955078
2017-12-15,18.796838760375977
2017-12-18,18.9395694732666
2017-12-19,18.527236938476562
2017-12-20,18.606531143188477
2017-12-21,18.83251953125
2017-12-22,18.570850372314453
2017-12-26,18.812700271606445
2017-12-27,19.28449821472168
2017-12-28,19.34000587463379
2017-12-29,19.114015579223633
2018-01-02,18.82062530517578
2018-01-03,18.7413330078125
2018-01-04,19.046619415283203
2018-01-05,18.868207931518555
2018-01-08,19.58582305908203
2018-01-09,19.48670196533203
2018-01-10,19.91886329650879
2018-01-11,20.493749618530273
2018-01-12,20.128990173339844
2018-01-16,19.875253677368164
2018-01-17,20.48184585571289
2018-01-18,19.637365341186523
2018-01-19,20.04176902770996
2018-01-22,20.212247848510742
2018-01-23,20.077451705932617
2018-01-24,20.216218948364258
2018-01-25,20.77128028869629
2018-01-26,20.890214920043945
2018-01-29,20.12502098083496
2018-01-30,20.35894775390625
2018-01-31,20.148818969726562
2018-02-01,20.1726016998291
2018-02-02,19.10212516784668
2018-02-05,17.96027946472168
2018-02-06,17.83340835571289
2018-02-07,17.682741165161133
2018-02-08,16.87790298461914
2018-02-09,17.540016174316406
2018-02-12,17.690675735473633
2018-02-13,17.70256996154785
2018-02-14,18.28142547607422
2018-02-15,16.13649559020996
2018-02-16,15.985837936401367
2018-02-20,15.196850776672363
2018-02-21,15.180998802185059
2018-02-22,14.911389350891113
2018-02-23,16.275259017944336
2018-02-26,15.41094970703125
2018-02-27,15.878790855407715
2018-02-28,15.783631324768066
2018-03-01,15.418880462646484
2018-03-02,15.890685081481934
2018-03-05,15.59729290008545
2018-03-06,15.787598609924316
2018-03-07,15.52196216583252
2018-03-08,15.422842025756836
2018-03-09,15.52196216583252
2018-03-12,15.664690017700195
2018-03-13,15.395088195800781
2018-03-14,15.751914978027344
2018-03-15,16.041343688964844
2018-03-16,16.239585876464844
2018-03-19,15.938261032104492
2018-03-20,16.01755714416504
2018-03-21,16.215791702270508
2018-03-22,15.533857345581055
2018-03-23,15.204779624938965
2018-03-26,15.708312034606934
2018-03-27,15.117554664611816
2018-03-28,15.506102561950684
2018-03-29,16.00962257385254
2018-04-02,15.232537269592285
2018-04-03,15.252358436584473
2018-04-04,15.18496322631836
2018-04-05,15.720199584960938
2018-04-06,14.649717330932617
2018-04-09,14.713155746459961
2018-04-10,15.180998802185059
2018-04-11,14.871744155883789
2018-04-12,14.653681755065918
2018-04-13,14.78848648071289
2018-04-16,15.173065185546875
2018-04-17,15.252358436584473
2018-04-18,15.636945724487305
2018-04-19,15.609189987182617
2018-04-20,16.275259017944336
2018-04-23,15.973945617675781
2018-04-24,16.18010902404785
2018-04-25,16.176145553588867
2018-04-26,15.835169792175293
2018-04-27,15.728127479553223
2018-04-30,15.42680549621582
2018-05-01,15.632977485656738
2018-05-02,15.672621726989746
2018-05-03,15.442670822143555
2018-05-04,15.640905380249023
2018-05-07,15.740023612976074
2018-05-08,15.775707244873047
2018-05-09,16.025487899780273
2018-05-10,15.894647598266602
2018-05-11,16.164249420166016
2018-05-14,16.184078216552734
2018-05-15,16.13649559020996
2018-05-16,16.152353286743164
2018-05-17,16.869977951049805
2018-05-18,16.929439544677734
2018-05-21,17.27041244506836
2018-05-22,16.80653953552246
2018-05-23,17.06028175354004
2018-05-24,17.3179874420166
2018-05-25,17.084075927734375
2018-05-29,16.933408737182617
2018-05-30,17.123716354370117
2018-05-31,16.794645309448242
2018-06-01,16.703458786010742
2018-06-04,16.739137649536133
2018-06-05,16.739137649536133
2018-06-06,16.78274917602539
2018-06-07,17.191118240356445
2018-06-08,16.909626007080078
2018-06-11,17.242660522460938
2018-06-12,17.571735382080078
2018-06-13,17.06028175354004
2018-06-14,16.655874252319336
2018-06-15,17.302133560180664
2018-06-18,17.294198989868164
2018-06-19,17.547941207885742
2018-06-20,18.154550552368164
2018-06-21,17.678781509399414
2018-06-22,18.059396743774414
2018-06-25,17.964242935180664
2018-06-26,17.758079528808594
2018-06-27,17.28627586364746
2018-06-28,17.34574317932129
2018-06-29,17.405214309692383
2018-07-02,17.440898895263672
2018-07-03,17.766002655029297
2018-07-05,17.619308471679688
2018-07-06,17.98406982421875
2018-07-09,18.16248321533203
2018-07-10,18.22195053100586
2018-07-11,17.797725677490234
2018-07-12,17.80169105529785
2018-07-13,18.194194793701172
2018-07-16,18.08318519592285
2018-07-17,18.01975440979004
2018-07-18,18.225914001464844
2018-07-19,18.313140869140625
2018-07-20,18.28142547607422
2018-07-23,18.095083236694336
2018-07-24,17.199047088623047
2018-07-25,17.052356719970703
2018-07-26,17.54397964477539
2018-07-27,17.337814331054688
2018-07-30,17.45279312133789
2018-07-31,17.837371826171875
2018-08-01,17.654993057250977
2018-08-02,17.706539154052734
2018-08-03,17.365570068359375
2018-08-06,17.47657585144043
2018-08-07,17.34538459777832
2018-08-08,17.4129695892334
2018-08-09,17.28177833557129
2018-08-10,17.333457946777344
2018-08-13,16.89614486694336
2018-08-14,17.25394630432129
2018-08-15,16.85639190673828
2018-08-16,17.214191436767578
2018-08-17,17.325510025024414
2018-08-20,17.54018783569336
2018-08-21,17.7906436920166
2018-08-22,17.814502716064453
2018-08-23,17.583919525146484
2018-08-24,17.4129695892334
2018-08-27,17.615724563598633
2018-08-28,17.452726364135742
2018-08-29,17.484533309936523
2018-08-30,17.579946517944336
2018-08-31,17.611743927001953
2018-09-04,17.520313262939453
2018-09-05,17.249975204467773
2018-09-06,16.975658416748047
2018-09-07,16.534372329711914
2018-09-10,16.97964096069336
2018-09-11,16.637731552124023
2018-09-12,16.498594284057617
2018-09-13,16.319690704345703
2018-09-14,16.717243194580078
2018-09-17,16.450885772705078
2018-09-18,16.566177368164062
2018-09-19,16.776887893676758
2018-09-20,17.25394630432129
2018-09-21,17.190336227416992
2018-09-24,16.939876556396484
2018-09-25,16.62183380126953
2018-09-26,16.307764053344727
2018-09-27,16.14078712463379
2018-09-28,15.858527183532715
2018-10-01,15.961888313293457
2018-10-02,15.651799201965332
2018-10-03,15.786964416503906
2018-10-04,15.520599365234375
2018-10-05,15.385436058044434
2018-10-08,15.35362720489502
2018-10-09,15.130996704101562
2018-10-10,14.868614196777344
2018-10-11,14.765242576599121
2018-10-12,14.455147743225098
2018-10-15,14.467076301574707
2018-10-16,14.665853500366211
2018-10-17,14.113253593444824
2018-10-18,13.453311920166016
2018-10-19,13.294285774230957
2018-10-22,13.449333190917969
2018-10-23,13.250554084777832
2018-10-24,13.238626480102539
2018-10-25,14.22059440612793
2018-10-26,14.212640762329102
2018-10-29,14.204692840576172
2018-10-30,14.14903736114502
2018-10-31,14.335885047912598
2018-11-01,14.916318893432617
2018-11-02,15.190631866455078
2018-11-05,15.055460929870605
2018-11-06,15.0594482421875
2018-11-07,15.510116577148438
2018-11-08,15.39046859741211
2018-11-09,14.995638847351074
2018-11-12,14.927838325500488
2018-11-13,15.063436508178711
2018-11-14,15.051471710205078
2018-11-15,15.330645561218262
2018-11-16,15.238919258117676
2018-11-19,15.234930038452148
2018-11-20,14.891944885253906
2018-11-21,15.398446083068848
2018-11-23,15.462258338928223
2018-11-26,15.717506408691406
2018-11-27,15.438331604003906
2018-11-28,15.665657043457031
2018-11-29,15.406421661376953
2018-11-30,15.430352210998535
2018-12-03,15.605833053588867
2018-12-04,14.608782768249512
2018-12-06,14.118230819702148
2018-12-07,14.002574920654297
2018-12-10,13.380415916442871
2018-12-11,13.480121612548828
2018-12-12,13.775249481201172
2018-12-13,13.348509788513184
2018-12-14,13.320592880249023
2018-12-17,13.715425491333008
2018-12-18,13.759295463562012
2018-12-19,13.543933868408203
2018-12-20,13.866976737976074
2018-12-21,13.767273902893066
2018-12-24,13.799177169799805
2018-12-26,14.078351020812988
2018-12-27,14.046445846557617
2018-12-28,14.44925594329834
2018-12-31,14.197999000549316
2019-01-02,14.644675254821777
2019-01-03,13.970671653747559
2019-01-04,14.556936264038086
2019-01-07,14.768308639526367
2019-01-08,15.171114921569824
2019-01-09,15.278796195983887
2019-01-10,15.526070594787598
2019-01-11,15.378503799438477
2019-01-14,15.38249683380127
2019-01-15,15.506128311157227
2019-01-16,15.310708045959473
2019-01-17,15.805244445800781
2019-01-18,15.837145805358887
2019-01-22,15.689586639404297
2019-01-23,15.338618278503418
2019-01-24,15.430352210998535
2019-01-25,15.653691291809082
2019-01-28,15.203025817871094
2019-01-29,15.422370910644531
2019-01-30,15.550000190734863
2019-01-31,15.522079467773438
2019-02-01,15.609823226928711
2019-02-04,15.621786117553711
2019-02-05,15.64571762084961
2019-02-06,15.837145805358887
2019-02-07,15.191060066223145
2019-02-08,14.856051445007324
2019-02-11,14.987659454345703
2019-02-12,15.462258338928223
2019-02-13,15.888989448547363
2019-02-14,17.0974178314209
2019-02-15,17.264923095703125
2019-02-19,16.9777774810791
2019-02-20,16.87407875061035
2019-02-21,16.79033088684082
2019-02-22,16.438365936279297
2019-02-25,16.286378860473633
2019-02-26,16.278377532958984
2019-02-27,16.486356735229492
2019-02-28,16.518360137939453
2019-03-01,16.3023738861084
2019-03-04,16.10239601135254
2019-03-05,16.122394561767578
2019-03-06,15.758432388305664
2019-03-07,15.43846607208252
2019-03-08,15.718430519104004
2019-03-11,16.170392990112305
2019-03-12,15.9384126663208
2019-03-13,16.022401809692383
2019-03-14,16.06239891052246
2019-03-15,16.15839385986328
2019-03-18,16.594348907470703
2019-03-19,16.46236801147461
2019-03-20,16.346372604370117
2019-03-21,16.5423526763916
2019-03-22,16.114398956298828
2019-03-25,16.3023738861084
2019-03-26,16.334373474121094
2019-03-27,16.518360137939453
2019-03-28,16.742332458496094
2019-03-29,16.6103458404541
2019-04-01,16.798330307006836
2019-04-02,16.84232521057129
2019-04-03,17.06229591369629
2019-04-04,17.110292434692383
2019-04-05,17.27828598022461
2019-04-08,17.122291564941406
2019-04-09,16.726337432861328
2019-04-10,16.970312118530273
2019-04-11,17.1182918548584
2019-04-12,17.202285766601562
2019-04-15,17.098299026489258
2019-04-16,17.33427619934082
2019-04-17,17.3062801361084
2019-04-18,17.690242767333984
2019-04-22,17.298276901245117
2019-04-23,17.97821044921875
2019-04-24,18.066200256347656
2019-04-25,17.286283493041992
2019-04-26,17.15028953552246
2019-04-29,17.222286224365234
2019-04-30,16.798330307006836
2019-05-01,16.446361541748047
2019-05-02,16.706335067749023
2019-05-03,17.3582706451416
2019-05-06,17.170289993286133
2019-05-07,16.80232810974121
2019-05-08,16.645891189575195
2019-05-09,16.778263092041016
2019-05-10,16.661937713623047
2019-05-13,16.096384048461914
2019-05-14,16.248802185058594
2019-05-15,15.984071731567383
2019-05-16,15.87175464630127
2019-05-17,15.338288307189941
2019-05-20,15.246038436889648
2019-05-21,15.659175872802734
2019-05-22,15.197900772094727
2019-05-23,14.945204734802246
2019-05-24,14.985318183898926
2019-05-28,14.7927885055542
2019-05-29,14.756686210632324
2019-05-30,14.796797752380371
2019-05-31,14.407724380493164
2019-06-03,14.708555221557617
2019-06-04,14.836908340454102
2019-06-05,14.403715133666992
2019-06-06,14.620308876037598
2019-06-07,14.339533805847168
2019-06-10,14.800808906555176
2019-06-11,14.664434432983398
2019-06-12,14.75267505645752
2019-06-13,14.905095100402832
2019-06-14,14.652397155761719
2019-06-17,14.877021789550781
2019-06-18,14.897072792053223
2019-06-19,14.716575622558594
2019-06-20,14.7927885055542
2019-06-21,14.499978065490723
2019-06-24,14.29140567779541
2019-06-25,14.451845169067383
2019-06-26,14.83289623260498
2019-06-27,14.96125316619873
2019-06-28,14.804818153381348
2019-07-01,14.957242012023926
2019-07-02,15.213947296142578
2019-07-03,15.089604377746582
2019-07-05,15.093615531921387
2019-07-08,15.133724212646484
2019-07-09,14.844930648803711
2019-07-10,14.78476333618164
2019-07-11,14.624323844909668
2019-07-12,14.921140670776367
2019-07-15,14.909106254577637
2019-07-16,15.185873031616211
2019-07-17,14.844930648803711
2019-07-18,14.560142517089844
2019-07-19,14.584211349487305
2019-07-22,14.844930648803711
2019-07-23,15.125706672668457
2019-07-24,16.044233322143555
2019-07-25,15.663186073303223
2019-07-26,16.21671485900879
2019-07-29,15.843687057495117
2019-07-30,15.919893264770508
2019-07-31,15.803573608398438
2019-08-01,15.60302448272705
2019-08-02,15.703292846679688
2019-08-05,15.87175464630127
2019-08-06,15.775498390197754
2019-08-07,15.86774730682373
2019-08-08,16.02066993713379
2019-08-09,15.847626686096191
2019-08-12,15.658486366271973
2019-08-13,15.69469928741455
2019-08-14,15.638361930847168
2019-08-15,15.65043830871582
2019-08-16,15.88385009765625
2019-08-19,15.763121604919434
2019-08-20,15.726895332336426
2019-08-21,15.734947204589844
2019-08-22,15.891901016235352
2019-08-23,15.36873722076416
2019-08-26,15.46934986114502
2019-08-27,14.26608657836914
2019-08-28,14.43510627746582
2019-08-29,14.789241790771484
2019-08-30,14.962287902832031
2019-09-03,14.889849662780762
2019-09-04,15.27215576171875
2019-09-05,16.217863082885742
2019-09-06,15.980433464050293
2019-09-09,16.893939971923828
2019-09-10,16.857728958129883
2019-09-11,17.219911575317383
2019-09-12,17.296371459960938
2019-09-13,17.388931274414062
2019-09-16,17.376853942871094
2019-09-17,17.28832244873047
2019-09-18,17.08711051940918
2019-09-19,16.539806365966797
2019-09-20,16.411026000976562
2019-09-23,16.479442596435547
2019-09-24,15.907994270324707
2019-09-25,16.1816463470459
2019-09-26,15.972384452819824
2019-09-27,15.956281661987305
2019-09-30,16.068967819213867
2019-10-01,15.328495979309082
2019-10-02,15.147406578063965
2019-10-03,14.966310501098633
2019-10-04,15.058873176574707
2019-10-07,15.103137969970703
2019-10-08,15.34459400177002
2019-10-09,15.356669425964355
2019-10-10,15.48142147064209
2019-10-11,15.867749214172363
2019-10-14,15.867749214172363
2019-10-15,16.109203338623047
2019-10-16,16.294328689575195
2019-10-17,16.475414276123047
2019-10-18,16.668582916259766
2019-10-21,17.34466552734375
2019-10-22,17.82757568359375
2019-10-23,18.008670806884766
2019-10-24,17.99257469177246
2019-10-25,18.02879524230957
2019-10-28,17.69880485534668
2019-10-29,17.936233520507812
2019-10-30,17.630390167236328
2019-10-31,17.272226333618164
2019-11-01,17.421123504638672
2019-11-04,17.887941360473633
2019-11-05,17.912092208862305
2019-11-06,17.646484375
2019-11-07,17.513286590576172
2019-11-08,17.331655502319336
2019-11-11,17.335693359375
2019-11-12,17.521364212036133
2019-11-13,17.53750228881836
2019-11-14,17.359912872314453
2019-11-15,17.396242141723633
2019-11-18,17.21460723876953
2019-11-19,17.315507888793945
2019-11-20,17.303403854370117
2019-11-21,17.24689292907715
2019-11-22,17.5819034576416
2019-11-25,18.17927360534668
2019-11-26,18.26806640625
2019-11-27,18.566749572753906
2019-11-29,18.41337013244629
2019-12-02,18.41337013244629
2019-12-03,18.098541259765625
2019-12-04,18.897722244262695
2019-12-05,18.970375061035156
2019-12-06,18.78470802307129
2019-12-09,18.393192291259766
2019-12-10,18.433549880981445
2019-12-11,18.55463981628418
2019-12-12,19.20851707458496
2019-12-13,19.15200424194336
2019-12-16,19.41839599609375
2019-12-17,19.09146499633789
2019-12-18,19.051105499267578
2019-12-19,19.063209533691406
2019-12-20,18.934045791625977
2019-12-23,18.671693801879883
2019-12-24,18.90983009338379
2019-12-26,18.599040985107422
2019-12-27,18.7039852142334
2019-12-30,18.437585830688477
2019-12-31,18.445663452148438
2020-01-02,18.368974685668945
2020-01-03,18.3245792388916
2020-01-06,18.16312026977539
2020-01-07,18.183307647705078
2020-01-08,18.175233840942383
2020-01-09,17.816007614135742
2020-01-10,18.280176162719727
2020-01-13,18.42548179626465
2020-01-14,18.55060386657715
2020-01-15,18.534461975097656
2020-01-16,19.30537986755371
2020-01-17,19.16008186340332
2020-01-21,18.6434383392334
2020-01-22,18.59500503540039
2020-01-23,18.389158248901367
2020-01-24,18.3326473236084
2020-01-27,18.062219619750977
2020-01-28,18.41337013244629
2020-01-29,18.570783615112305
2020-01-30,18.429515838623047
2020-01-31,17.904800415039062
2020-02-03,17.844257354736328
2020-02-04,18.07836151123047
2020-02-05,18.449697494506836
2020-02-06,17.99764060974121
2020-02-07,17.82004165649414
2020-02-10,18.1429443359375
2020-02-11,18.465845108032227
2020-02-12,18.566749572753906
2020-02-13,17.315507888793945
2020-02-14,17.432565689086914
2020-02-18,17.5859432220459
2020-02-19,17.53750228881836
2020-02-20,17.90076446533203
2020-02-21,17.90076446533203
2020-02-24,17.41499137878418
2020-02-25,17.13567543029785
2020-02-26,17.123531341552734
2020-02-27,16.9008846282959
2020-02-28,16.965656280517578
2020-03-02,17.439285278320312
2020-03-03,16.447494506835938
2020-03-04,16.872554779052734
2020-03-05,16.682283401489258
2020-03-06,15.965774536132812
2020-03-09,13.791932106018066
2020-03-10,13.970050811767578
2020-03-11,13.783835411071777
2020-03-12,12.43175983428955
2020-03-13,13.289966583251953
2020-03-16,11.079692840576172
2020-03-17,11.796209335327148
2020-03-18,8.768219947814941
2020-03-19,9.480687141418457
2020-03-20,9.986701965332031
2020-03-23,10.28626537322998
2020-03-24,11.784067153930664
2020-03-25,12.160538673400879
2020-03-26,12.937777519226074
2020-03-27,11.735489845275879
2020-03-30,12.140299797058105
2020-03-31,12.350801467895508
2020-04-01,10.877285957336426
2020-04-02,11.460216522216797
2020-04-03,10.727508544921875
2020-04-06,11.913604736328125
2020-04-07,11.966230392456055
2020-04-08,12.66655445098877
2020-04-09,13.585477828979492
2020-04-13,12.743468284606934
2020-04-14,13.030884742736816
2020-04-15,12.00671100616455
2020-04-16,12.257695198059082
2020-04-17,13.289966583251953
2020-04-20,12.164587020874023
2020-04-21,11.686908721923828
2020-04-22,11.860981941223145
2020-04-23,12.828476905822754
2020-04-24,13.168519020080566
2020-04-27,13.322348594665527
2020-04-28,13.795977592468262
2020-04-29,14.965882301330566
2020-04-30,14.293895721435547
2020-05-01,13.755498886108398
2020-05-04,13.69882583618164
2020-05-05,13.423552513122559
2020-05-06,13.147196769714355
2020-05-07,13.65520191192627
2020-05-08,14.073801040649414
2020-05-11,13.716163635253906
2020-05-12,12.602615356445312
2020-05-13,12.964314460754395
2020-05-14,12.318130493164062
2020-05-15,12.757049560546875
2020-05-18,14.252616882324219
2020-05-19,13.939685821533203
2020-05-20,14.589935302734375
2020-05-21,14.110376358032227
2020-05-22,13.773059844970703
2020-05-26,14.528973579406738
2020-05-27,15.646586418151855
2020-05-28,14.744363784790039
2020-05-29,14.8784818649292
2020-06-01,14.472077369689941
2020-06-02,14.569611549377441
2020-06-03,14.94757080078125
2020-06-04,15.44338607788086
2020-06-05,15.87823486328125
2020-06-08,15.951390266418457
2020-06-09,15.378361701965332
2020-06-10,14.719985008239746
2020-06-11,13.289437294006348
2020-06-12,13.529215812683105
2020-06-15,13.931559562683105
2020-06-16,14.183528900146484
2020-06-17,13.606432914733887
2020-06-18,13.350399017333984
2020-06-19,12.801753997802734
2020-06-22,13.086236000061035
2020-06-23,13.004953384399414
2020-06-24,12.61480712890625
2020-06-25,13.265054702758789
2020-06-26,13.370721817016602
2020-06-29,14.142891883850098
2020-06-30,14.49239444732666
2020-07-01,14.228233337402344
2020-07-02,14.362345695495605
2020-07-06,14.484268188476562
2020-07-07,13.94781494140625
2020-07-08,14.195719718933105
2020-07-09,13.801507949829102
2020-07-10,14.171337127685547
2020-07-13,14.415179252624512
2020-07-14,14.752494812011719
2020-07-15,15.764448165893555
2020-07-16,15.17109203338623
2020-07-17,14.833775520324707
2020-07-20,14.882545471191406
2020-07-21,15.549050331115723
2020-07-22,15.410869598388672
2020-07-23,16.678852081298828
2020-07-24,16.361862182617188
2020-07-27,16.999916076660156
2020-07-28,16.565067291259766
2020-07-29,16.601640701293945
2020-07-30,16.60569953918457
2020-07-31,16.17491340637207
2020-08-03,16.56099510192871
2020-08-04,16.65853500366211
2020-08-05,16.56913185119629
2020-08-06,16.622140884399414
2020-08-07,17.172670364379883
2020-08-10,17.53562355041504
2020-08-11,17.33172035217285
2020-08-12,17.539701461791992
2020-08-13,17.53562355041504
2020-08-14,17.641658782958984
2020-08-17,17.759920120239258
2020-08-18,17.551939010620117
2020-08-19,17.735448837280273
2020-08-20,17.772151947021484
2020-08-21,17.94342803955078
2020-08-24,17.53562355041504
2020-08-25,17.637577056884766
2020-08-26,17.335803985595703
2020-08-27,17.46221923828125
2020-08-28,17.515235900878906
2020-08-31,17.04218101501465
2020-09-01,17.62942123413086
2020-09-02,17.853708267211914
2020-09-03,17.458141326904297
2020-09-04,17.82924461364746
2020-09-08,17.523386001586914
2020-09-09,17.580480575561523
2020-09-10,17.25016212463379
2020-09-11,17.05033302307129
2020-09-14,17.449983596801758
2020-09-15,17.33172035217285
2020-09-16,17.800695419311523
2020-09-17,17.804773330688477
2020-09-18,18.061691284179688
2020-09-21,17.229772567749023
2020-09-22,17.698747634887695
2020-09-23,17.16860008239746
2020-09-24,17.115585327148438
2020-09-25,17.180830001831055
2020-09-28,18.065765380859375
2020-09-29,18.037221908569336
2020-09-30,18.065765380859375
2020-10-01,18.106550216674805
2020-10-02,18.493967056274414
2020-10-05,19.452308654785156
2020-10-06,19.778553009033203
2020-10-07,20.32908821105957
2020-10-08,20.398420333862305
2020-10-09,20.284236907958984
2020-10-12,20.304622650146484
2020-10-13,19.70310401916504
2020-10-14,19.68475914001465
2020-10-15,20.339284896850586
2020-10-16,20.40045738220215
2020-10-19,20.002845764160156
2020-10-20,19.984495162963867
2020-10-21,20.002845764160156
2020-10-22,20.388219833374023
2020-10-23,21.158971786499023
2020-10-26,20.31481170654297
2020-10-27,19.88050079345703
2020-10-28,19.807098388671875
2020-10-29,19.62970542907715
2020-10-30,19.23820686340332
2020-11-02,20.216941833496094
2020-11-03,20.99992561340332
2020-11-04,20.663488388061523
2020-11-05,20.72465705871582
2020-11-06,19.778722763061523
2020-11-09,20.87822151184082
2020-11-10,21.818017959594727
2020-11-11,21.65217399597168
2020-11-12,20.614091873168945
2020-11-13,20.829082489013672
2020-11-16,21.51703453063965
2020-11-17,21.03792381286621
2020-11-18,21.44332504272461
2020-11-19,21.37575912475586
2020-11-20,21.4863224029541
2020-11-23,21.67060089111328
2020-11-24,22.585824966430664
2020-11-25,22.00843620300293
2020-11-27,21.77501678466797
2020-11-30,20.87822151184082
2020-12-01,20.921215057373047
2020-12-02,21.111635208129883
2020-12-03,21.308195114135742
2020-12-04,22.370840072631836
2020-12-07,21.897865295410156
2020-12-08,22.659534454345703
2020-12-09,23.003511428833008
2020-12-10,22.677961349487305
2020-12-11,23.335206985473633
2020-12-14,23.150928497314453
2020-12-15,23.0280818939209
2020-12-16,23.101789474487305
2020-12-17,23.347490310668945
2020-12-18,22.770099639892578
2020-12-21,22.47526741027832
2020-12-22,22.757810592651367
2020-12-23,22.800811767578125
2020-12-24,23.150928497314453
2020-12-28,23.077224731445312
2020-12-29,22.720962524414062
2020-12-30,23.279922485351562
2020-12-31,23.27377700805664
2021-01-04,22.57354164123535
2021-01-05,23.09564971923828
2021-01-06,24.950672149658203
2021-01-07,25.17180061340332
2021-01-08,24.784820556640625
2021-01-11,24.790969848632812
2021-01-12,25.17180061340332
2021-01-13,24.434703826904297
2021-01-14,25.282365798950195
2021-01-15,25.091949462890625
2021-01-19,25.491209030151367
2021-01-20,25.736906051635742
2021-01-21,25.503494262695312
2021-01-22,26.529287338256836
2021-01-25,25.79833221435547
2021-01-26,25.589492797851562
2021-01-27,24.649690628051758
2021-01-28,24.969100952148438
2021-01-29,23.789743423461914
2021-02-01,24.225860595703125
2021-02-02,24.82782745361328
2021-02-03,24.195152282714844
2021-02-04,24.6066951751709
2021-02-05,24.496129989624023
2021-02-08,25.147232055664062
2021-02-09,24.717254638671875
2021-02-10,24.13987159729004
2021-02-11,24.33028793334961
2021-02-12,23.900310516357422
2021-02-16,23.23078727722168
2021-02-17,23.335206985473633
2021-02-18,22.43840789794922
2021-02-19,23.70375633239746
2021-02-22,23.4703369140625
2021-02-23,23.881885528564453
2021-02-24,24.437273025512695
2021-02-25,23.382028579711914
2021-02-26,23.41905403137207
2021-03-01,24.116382598876953
2021-03-02,24.301511764526367
2021-03-03,24.029983520507812
2021-03-04,24.08552360534668
2021-03-05,25.35676383972168
2021-03-08,25.918325424194336
2021-03-09,26.121965408325195
2021-03-10,27.238920211791992
2021-03-11,27.91773796081543
2021-03-12,28.559520721435547
2021-03-15,27.51662254333496
2021-03-16,27.461084365844727
2021-03-17,28.06584358215332
2021-03-18,28.590377807617188
2021-03-19,29.065549850463867
2021-03-22,27.44873809814453
2021-03-23,26.769926071166992
2021-03-24,26.412006378173828
2021-03-25,27.30063247680664
2021-03-26,27.47342300415039
2021-03-29,27.31914520263672
2021-03-30,28.318851470947266
2021-03-31,27.82517433166504
2021-04-01,27.788148880004883
2021-04-05,28.26331329345703
2021-04-06,28.121383666992188
2021-04-07,27.4919376373291
2021-04-08,28.133724212646484
2021-04-09,28.479297637939453
2021-04-12,28.787853240966797
2021-04-13,27.923912048339844
2021-04-14,27.6153564453125
2021-04-15,28.14606475830078
2021-04-16,27.91773796081543
2021-04-19,27.652381896972656
2021-04-20,26.776098251342773
2021-04-21,27.195728302001953
2021-04-22,26.67119026184082
2021-04-23,27.732606887817383
2021-04-26,27.81283187866211
2021-04-27,27.868370056152344
2021-04-28,27.41788673400879
2021-04-29,27.76346206665039
2021-04-30,27.022933959960938
2021-05-03,28.244802474975586
2021-05-04,27.775802612304688
2021-05-05,27.81900405883789
2021-05-06,27.572160720825195
2021-05-07,27.86956787109375
2021-05-10,27.962507247924805
2021-05-11,27.361494064331055
2021-05-12,26.2710018157959
2021-05-13,27.547372817993164
2021-05-14,28.501558303833008
2021-05-17,28.922889709472656
2021-05-18,27.826196670532227
2021-05-19,27.37388801574707
2021-05-20,26.971149444580078
2021-05-21,27.621728897094727
2021-05-24,26.531234741210938
2021-05-25,26.209041595458984
2021-05-26,26.890600204467773
2021-05-27,27.386281967163086
2021-05-28,26.865819931030273
2021-06-01,27.262357711791992
2021-06-02,26.37013816833496
2021-06-03,26.357746124267578
2021-06-04,26.10371208190918
2021-06-07,25.992183685302734
2021-06-08,25.87445640563965
2021-06-09,25.77532386779785
2021-06-10,25.360197067260742
2021-06-11,25.669992446899414
2021-06-14,25.180505752563477
2021-06-15,25.14952850341797
2021-06-16,25.731956481933594
2021-06-17,24.399808883666992
2021-06-18,23.64390754699707
2021-06-21,23.67488670349121
2021-06-22,23.24735450744629
2021-06-23,23.66248893737793
2021-06-24,24.412208557128906
2021-06-25,22.42948341369629
2021-06-28,23.334104537963867
2021-06-29,23.049083709716797
2021-06-30,23.631511688232422
2021-07-01,23.57575035095215
2021-07-02,23.804994583129883
2021-07-06,22.857009887695312
2021-07-07,22.770263671875
2021-07-08,23.135831832885742
2021-07-09,24.052833557128906
2021-07-12,24.288284301757812
2021-07-13,24.777769088745117
2021-07-14,24.331655502319336
2021-07-15,24.24491310119629
2021-07-16,24.44938087463379
2021-07-19,23.928918838500977
2021-07-20,25.87445640563965
2021-07-21,26.760486602783203
2021-07-22,26.432098388671875
2021-07-23,26.803861618041992
2021-07-26,26.81624984741211
2021-07-27,26.66754722595215
2021-07-28,26.543622970581055
2021-07-29,27.2189884185791
2021-07-30,27.18800926208496
2021-08-02,26.82863998413086
2021-08-03,26.82863998413086
2021-08-04,26.02316665649414
2021-08-05,26.593189239501953
2021-08-06,26.580808639526367
2021-08-09,26.269624710083008
2021-08-10,27.00400733947754
2021-08-11,27.470766067504883
2021-08-12,27.45210075378418
2021-08-13,27.445878982543945
2021-08-16,27.27161407470703
2021-08-17,26.33186149597168
2021-08-18,26.076692581176758
2021-08-19,26.07046890258789
2021-08-20,26.39409637451172
2021-08-23,27.010225296020508
2021-08-24,26.649263381958008
2021-08-25,26.07046890258789
2021-08-26,26.002010345458984
2021-08-27,27.371191024780273
2021-08-30,27.02889633178711
2021-08-31,26.381650924682617
2021-09-01,27.196937561035156
2021-09-02,27.159587860107422
2021-09-03,26.387868881225586
2021-09-07,25.90243911743164
2021-09-08,25.224069595336914
2021-09-09,25.261404037475586
2021-09-10,24.7012882232666
2021-09-13,25.553913116455078
2021-09-14,25.205392837524414
2021-09-15,26.319414138793945
2021-09-16,26.28829574584961
2021-09-17,28.0308895111084
2021-09-20,27.24049949645996
2021-09-21,27.215604782104492
2021-09-22,27.576574325561523
2021-09-23,28.16780662536621
2021-09-24,28.373186111450195
2021-09-27,28.84617805480957
2021-09-28,28.205150604248047
2021-09-29,29.14490509033203
2021-09-30,28.48520851135254
2021-10-01,28.902189254760742
2021-10-04,29.306716918945312
2021-10-05,29.263153076171875
2021-10-06,29.126235961914062
2021-10-07,29.381404876708984
2021-10-08,29.13246726989746
2021-10-11,29.331613540649414
2021-10-12,30.13444709777832
2021-10-13,29.810829162597656
2021-10-14,30.763032913208008
2021-10-15,29.711252212524414
2021-10-18,29.80460548400879
2021-10-19,29.474754333496094
2021-10-20,29.947750091552734
2021-10-21,31.76502227783203
2021-10-22,33.22755432128906
2021-10-25,33.07818603515625
2021-10-26,31.877050399780273
2021-10-27,31.254690170288086
2021-10-28,31.609437942504883
2021-10-29,32.182003021240234
2021-11-01,32.54296875
2021-11-02,32.555416107177734
2021-11-03,32.922603607177734
2021-11-04,33.43292999267578
2021-11-05,34.59463119506836
2021-11-08,33.96381759643555
2021-11-09,33.40795135498047
2021-11-10,33.14564514160156
2021-11-11,33.264312744140625
2021-11-12,33.40170669555664
2021-11-15,33.008235931396484
2021-11-16,33.7452278137207
2021-11-17,34.276100158691406
2021-11-18,35.00059509277344
2021-11-19,34.613365173339844
2021-11-22,34.8506965637207
2021-11-23,35.38158416748047
2021-11-24,34.54465866088867
2021-11-26,33.34550476074219
2021-11-29,32.4211311340332
2021-11-30,30.46625518798828
2021-12-01,31.54051399230957
2021-12-02,32.78338623046875
2021-12-03,32.94578552246094
2021-12-06,33.12065124511719
2021-12-07,33.24557113647461
2021-12-08,33.570343017578125
2021-12-09,33.82016372680664
2021-12-10,33.295536041259766
2021-12-13,33.57658386230469
2021-12-14,32.333702087402344
2021-12-15,32.66472244262695
2021-12-16,32.22127914428711
2021-12-17,31.384361267089844
2021-12-20,30.85973358154297
2021-12-21,31.715381622314453
2021-12-22,32.021427154541016
2021-12-23,32.56478500366211
2021-12-27,33.17686080932617
2021-12-28,33.4141960144043
2021-12-29,33.65778350830078
2021-12-30,33.276798248291016
2021-12-31,33.707740783691406
2022-01-03,33.65778350830078
2022-01-04,35.30038070678711
2022-01-05,34.8881721496582
2022-01-06,36.23098373413086
2022-01-07,34.719547271728516
2022-01-10,33.87637710571289
2022-01-11,33.826412200927734
2022-01-12,33.61405944824219
2022-01-13,34.057498931884766
2022-01-14,34.03877258300781
2022-01-18,32.90205383300781
2022-01-19,32.77088928222656
2022-01-20,31.915246963500977
2022-01-21,31.78408432006836
2022-01-24,33.2580680847168
2022-01-25,32.57728958129883
2022-01-26,32.2712516784668
2022-01-27,31.62794303894043
2022-01-28,31.190752029418945
2022-01-31,31.690401077270508
2022-02-01,31.977697372436523
2022-02-02,30.603654861450195
2022-02-03,29.88541030883789
2022-02-04,28.055435180664062
2022-02-07,28.530107498168945
2022-02-08,29.635589599609375
2022-02-09,29.972850799560547
2022-02-10,28.686248779296875
2022-02-11,29.11094856262207
2022-02-14,29.036006927490234
2022-02-15,30.178953170776367
2022-02-16,30.391307830810547
2022-02-17,29.285829544067383
2022-02-18,29.579376220703125
2022-02-22,28.979787826538086
2022-02-23,28.711231231689453
2022-02-24,29.173404693603516
2022-02-25,30.10153579711914
2022-02-28,30.734920501708984
2022-03-01,29.11069679260254
2022-03-02,30.02628517150879
2022-03-03,30.05137062072754
2022-03-04,30.208148956298828
2022-03-07,29.850698471069336
2022-03-08,29.69391632080078
2022-03-09,29.97611427307129
2022-03-10,29.951032638549805
2022-03-11,30.321025848388672
2022-03-14,31.167627334594727
2022-03-15,31.293054580688477
2022-03-16,31.72576904296875
2022-03-17,31.481189727783203
2022-03-18,30.76628303527832
2022-03-21,30.973230361938477
2022-03-22,30.9105167388916
2022-03-23,30.7098331451416
2022-03-24,30.87916374206543
2022-03-25,30.458995819091797
2022-03-28,30.477807998657227
2022-03-29,30.99831199645996
2022-03-30,30.691022872924805
2022-03-31,30.321025848388672
2022-04-01,29.77543830871582
2022-04-04,28.68425750732422
2022-04-05,28.809675216674805
2022-04-06,28.677988052368164
2022-04-07,27.931720733642578
2022-04-08,27.925451278686523
2022-04-11,28.006973266601562
2022-04-12,28.4083251953125
2022-04-13,29.07933807373047
2022-04-14,29.148324966430664
2022-04-18,28.85357666015625
2022-04-19,29.875774383544922
2022-04-20,30.270858764648438
2022-04-21,29.79425621032715
2022-04-22,29.41798210144043
2022-04-25,29.336456298828125
2022-04-26,28.471038818359375
2022-04-27,30.201871871948242
2022-04-28,31.744579315185547
2022-04-29,30.38374137878418
2022-05-02,30.21441650390625
2022-05-03,31.142545700073242
2022-05-04,32.10204315185547
2022-05-05,31.098651885986328
2022-05-06,30.791364669799805
2022-05-09,30.99831199645996
2022-05-10,30.490354537963867
2022-05-11,30.00557518005371
2022-05-12,30.307777404785156
2022-05-13,30.861797332763672
2022-05-16,30.77995491027832
2022-05-17,31.7935791015625
2022-05-18,29.885957717895508
2022-05-19,29.69078826904297
2022-05-20,29.199716567993164
2022-05-23,29.715974807739258
2022-05-24,30.024459838867188
2022-05-25,30.584781646728516
2022-05-26,30.842910766601562
2022-05-27,31.30251121520996
2022-05-31,31.170289993286133
2022-06-01,31.812458038330078
2022-06-02,32.59313201904297
2022-06-03,32.1461296081543
2022-06-06,33.04642105102539
2022-06-07,32.4735107421875
2022-06-08,32.958290100097656
2022-06-09,33.07791519165039
2022-06-10,32.12094497680664
2022-06-13,31.132511138916016
2022-06-14,31.84393310546875
2022-06-15,32.18391036987305
2022-06-16,30.30147933959961
2022-06-17,30.509239196777344
2022-06-21,31.39694595336914
2022-06-22,31.44730567932129
2022-06-23,30.716999053955078
2022-06-24,31.163997650146484
2022-06-27,32.37907409667969
2022-06-28,31.31509780883789
2022-06-29,31.44730567932129
2022-06-30,31.233247756958008
2022-07-01,32.45463562011719
2022-07-05,32.36648941040039
2022-07-06,32.580543518066406
2022-07-07,33.644535064697266
2022-07-08,33.63823318481445
2022-07-11,33.4808349609375
2022-07-12,33.68859100341797
2022-07-13,33.266780853271484
2022-07-14,33.08419418334961
2022-07-15,33.92783737182617
2022-07-18,33.45564651489258
2022-07-19,34.59518051147461
2022-07-20,35.07366180419922
2022-07-21,34.96033477783203
2022-07-22,34.588890075683594
2022-07-25,34.639251708984375
2022-07-26,35.03588104248047
2022-07-27,33.229007720947266
2022-07-28,33.971900939941406
2022-07-29,34.15447998046875
2022-08-01,34.72739028930664
2022-08-02,34.22372817993164
2022-08-03,34.55741500854492
2022-08-04,34.198543548583984
2022-08-05,34.61405944824219
2022-08-08,34.796653747558594
2022-08-09,34.658145904541016
2022-08-10,35.23106002807617
2022-08-11,35.36376953125
2022-08-12,36.08418655395508
2022-08-15,36.42543411254883
2022-08-16,37.73356628417969
2022-08-17,37.33544158935547
2022-08-18,37.55662155151367
2022-08-19,37.05105972290039
2022-08-22,36.147377014160156
2022-08-23,35.641815185546875
2022-08-24,35.37640380859375
2022-08-25,35.95779037475586
2022-08-26,34.763404846191406
2022-08-29,34.43480682373047
2022-08-30,33.28464889526367
2022-08-31,32.001808166503906
2022-09-01,31.900693893432617
2022-09-02,31.79326820373535
2022-09-06,31.767986297607422
2022-09-07,32.60215759277344
2022-09-08,32.4315299987793
2022-09-09,33.36049270629883
2022-09-12,33.52479553222656
2022-09-13,31.67318344116211
2022-09-14,31.711111068725586
2022-09-15,31.641592025756836
2022-09-16,31.110759735107422
2022-09-19,31.818538665771484
2022-09-20,31.767986297607422
2022-09-21,31.294023513793945
2022-09-22,30.820064544677734
2022-09-23,29.935340881347656
2022-09-26,29.80894660949707
2022-09-27,29.802631378173828
2022-09-28,30.76951026916504
2022-09-29,30.270273208618164
2022-09-30,30.276594161987305
2022-10-03,31.957569122314453
2022-10-04,32.27354431152344
2022-10-05,32.02075958251953
2022-10-06,31.44568634033203
2022-10-07,30.775829315185547
2022-10-10,31.16131591796875
2022-10-11,31.31298065185547
2022-10-12,31.30666160583496
2022-10-13,32.324100494384766
2022-10-14,31.88805389404297
2022-10-17,33.01292037963867
2022-10-18,33.49951934814453
2022-10-19,32.74750518798828
2022-10-20,32.07131576538086
2022-10-21,33.33522033691406
2022-10-24,33.50584030151367
2022-10-25,34.00508117675781
2022-10-26,32.55792236328125
2022-10-27,32.93708801269531
2022-10-28,34.30209732055664
2022-10-31,33.885009765625
2022-11-01,33.37945556640625
2022-11-02,32.77278137207031
2022-11-03,32.001808166503906
2022-11-04,32.930763244628906
2022-11-07,32.30514144897461
2022-11-08,32.15346908569336
2022-11-09,31.772733688354492
2022-11-10,34.1650505065918
2022-11-11,33.498756408691406
2022-11-14,33.619319915771484
2022-11-15,33.644710540771484
2022-11-16,33.232234954833984
2022-11-17,33.39087677001953
2022-11-18,33.543182373046875
2022-11-21,33.71450424194336
2022-11-22,34.05717086791992
2022-11-23,34.36176300048828
2022-11-25,34.012760162353516
2022-11-28,33.41625213623047
2022-11-29,32.95302200317383
2022-11-30,33.62566375732422
2022-12-01,33.85409927368164
2022-12-02,34.35542297363281
2022-12-05,34.91383361816406
2022-12-06,35.22478103637695
2022-12-07,34.89479446411133
2022-12-08,34.710777282714844
2022-12-09,32.57228469848633
2022-12-12,33.41625213623047
2022-12-13,33.53048324584961
2022-12-14,34.571170806884766
2022-12-15,35.059791564941406
2022-12-16,35.059791564941406
2022-12-19,36.01797866821289
2022-12-20,36.46851348876953
2022-12-21,36.69062423706055
2022-12-22,35.554744720458984
2022-12-23,35.764163970947266
2022-12-27,35.567440032958984
2022-12-28,34.856727600097656
2022-12-29,35.60551452636719
2022-12-30,35.7070426940918
2023-01-03,34.983642578125
2023-01-04,35.11054992675781
2023-01-05,34.55847930908203
2023-01-06,35.542057037353516
2023-01-09,34.88844680786133
2023-01-10,35.104209899902344
2023-01-11,34.92652893066406
2023-01-12,35.21208190917969
2023-01-13,35.26919174194336
2023-01-17,34.82500076293945
2023-01-18,34.387142181396484
2023-01-19,34.03813552856445
2023-01-20,34.93922805786133
2023-01-23,34.89479446411133
2023-01-24,35.52301788330078
2023-01-25,35.61819839477539
2023-01-26,36.265464782714844
2023-01-27,36.030677795410156
2023-01-30,35.580135345458984
2023-01-31,36.9127197265625
2023-02-01,38.02956771850586
2023-02-02,39.27330780029297
2023-02-03,39.063899993896484
2023-02-06,38.39760971069336
2023-02-07,38.549896240234375
2023-02-08,37.74401092529297
2023-02-09,38.073970794677734
2023-02-10,38.105709075927734
2023-02-13,39.171783447265625
2023-02-14,38.61970138549805
2023-02-15,38.80373001098633
2023-02-16,41.18334197998047
2023-02-17,39.79999542236328
2023-02-21,37.883602142333984
2023-02-22,37.74401092529297
2023-02-23,38.169158935546875
2023-02-24,37.69793701171875
2023-02-27,38.080013275146484
2023-02-28,38.194637298583984
2023-03-01,38.46208572387695
2023-03-02,38.83142852783203
2023-03-03,38.69132995605469
2023-03-06,37.96538543701172
2023-03-07,37.57695007324219
2023-03-08,36.844635009765625
2023-03-09,36.602657318115234
2023-03-10,36.54535675048828
2023-03-13,35.04888916015625
2023-03-14,36.30973815917969
2023-03-15,35.373661041259766
2023-03-16,35.7620964050293
2023-03-17,35.94676208496094
2023-03-20,36.57719039916992
2023-03-21,36.946529388427734
2023-03-22,36.38615036010742
2023-03-23,36.23332595825195
2023-03-24,36.55172348022461
2023-03-27,36.98473358154297
2023-03-28,37.09934997558594
2023-03-29,37.88898468017578
2023-03-30,37.939918518066406
2023-03-31,38.1373291015625
2023-04-03,38.58307647705078
2023-04-04,37.88898468017578
2023-04-05,37.322227478027344
2023-04-06,37.131187438964844
2023-04-10,37.45595932006836
2023-04-11,38.188262939453125
2023-04-12,38.844154357910156
2023-04-13,38.25831985473633
2023-04-14,38.1373291015625
2023-04-17,37.85076904296875
2023-04-18,37.717041015625
2023-04-19,38.15642166137695
2023-04-20,38.398406982421875
2023-04-21,37.71067428588867
2023-04-24,37.89534378051758
2023-04-25,37.66609191894531
2023-04-26,36.335205078125
2023-04-27,36.93379211425781
2023-04-28,37.30312728881836
2023-05-01,36.77458953857422
2023-05-02,36.2524299621582
2023-05-03,36.03590774536133
2023-05-04,35.201717376708984
2023-05-05,36.195106506347656
2023-05-08,35.723899841308594
2023-05-09,36.17131042480469
2023-05-10,36.71461868286133
2023-05-11,36.107398986816406
2023-05-12,36.663490295410156
2023-05-15,36.68906021118164
2023-05-16,36.318328857421875
2023-05-17,37.3985481262207
2023-05-18,37.62227249145508
2023-05-19,36.71461868286133
2023-05-22,37.4369010925293
2023-05-23,37.6670036315918
2023-05-24,37.13648223876953
2023-05-25,37.36658477783203
2023-05-26,38.06329345703125
2023-05-30,37.545555114746094
2023-05-31,37.19400405883789
2023-06-01,37.09812545776367
2023-06-02,38.96454620361328
2023-06-05,38.31897735595703
2023-06-06,39.76991653442383
2023-06-07,41.66189193725586
2023-06-08,41.25920867919922
2023-06-09,41.45735549926758
2023-06-12,41.246421813964844
2023-06-13,42.978614807128906
2023-06-14,42.320247650146484
2023-06-15,42.7165412902832
2023-06-16,42.41613006591797
2023-06-20,42.16684341430664
2023-06-21,42.07096862792969
2023-06-22,42.41613006591797
2023-06-23,42.35220718383789
2023-06-26,42.61427307128906
2023-06-27,43.45798873901367
2023-06-28,43.336544036865234
2023-06-29,43.48356246948242
2023-06-30,43.50273895263672
2023-07-03,43.48356246948242
2023-07-05,42.72932815551758
2023-07-06,41.89839172363281
2023-07-07,42.134883880615234
2023-07-10,42.65262222290039
2023-07-11,43.38129425048828
2023-07-12,43.27263259887695
2023-07-13,43.30459213256836
2023-07-14,44.17387390136719
2023-07-17,44.084388732910156
2023-07-18,44.23780059814453
2023-07-19,44.74274826049805
2023-07-20,45.00480651855469
2023-07-21,44.62131118774414
2023-07-24,44.81306457519531
2023-07-25,45.11347579956055
2023-07-26,45.151832580566406
2023-07-27,43.57944107055664
2023-07-28,43.68809509277344
2023-07-31,43.91820526123047
2023-08-01,44.43594741821289
2023-08-02,44.39759063720703
2023-08-03,44.19944381713867
2023-08-04,43.70726776123047
2023-08-07,44.22500991821289
2023-08-08,43.553871154785156
2023-08-09,42.953041076660156
2023-08-10,42.99139404296875
2023-08-11,43.31736755371094
2023-08-14,42.99778366088867
2023-08-15,42.563140869140625
2023-08-16,42.294681549072266
2023-08-17,41.71942138671875
2023-08-18,42.17962646484375
2023-08-21,43.17035675048828
2023-08-22,43.68809509277344
2023-08-23,44.15469741821289
2023-08-24,44.109954833984375
2023-08-25,43.64335250854492
2023-08-28,43.937381744384766
2023-08-29,43.22149658203125
2023-08-30,44.007694244384766
2023-08-31,44.07480239868164
2023-09-01,44.59254455566406
2023-09-05,41.9750862121582
2023-09-06,41.59971237182617
2023-09-07,41.349456787109375
2023-09-08,41.4649658203125
2023-09-11,41.69596481323242
2023-09-12,41.8499641418457
2023-09-13,41.94621276855469
2023-09-14,43.26486587524414
2023-09-15,42.64885330200195
2023-09-18,42.79322814941406
2023-09-19,42.61996841430664
2023-09-20,42.639225006103516
2023-09-21,42.77397537231445
2023-09-22,42.93760681152344
2023-09-25,43.620975494384766
2023-09-26,43.255226135253906
2023-09-27,44.169612884521484
2023-09-28,44.78561782836914
2023-09-29,43.59211349487305
2023-10-02,43.60173797607422
2023-10-03,42.956851959228516
2023-10-04,43.61136245727539
2023-10-05,43.1782341003418
2023-10-06,43.620975494384766
2023-10-09,44.65087127685547
2023-10-10,44.727874755859375
2023-10-11,45.045501708984375
2023-10-12,44.602745056152344
2023-10-13,43.948238372802734
2023-10-16,44.03486633300781
2023-10-17,45.00699996948242
2023-10-18,44.66050338745117
2023-10-19,43.72686767578125
2023-10-20,43.20710372924805
2023-10-23,42.639225006103516
2023-10-24,42.706600189208984
2023-10-25,38.78917694091797
2023-10-26,38.4041748046875
2023-10-27,38.56779861450195
2023-10-30,38.96243667602539
2023-10-31,38.92393112182617
2023-11-01,39.57843780517578
2023-11-02,40.13670349121094
2023-11-03,41.2147102355957
2023-11-06,40.94520950317383
2023-11-07,40.4350700378418
2023-11-08,40.00985336303711
2023-11-09,40.13549041748047
2023-11-10,41.227542877197266
2023-11-13,40.69601058959961
2023-11-14,43.23770523071289
2023-11-15,42.91878128051758
2023-11-16,42.53221130371094
2023-11-17,42.213294982910156
2023-11-20,42.358253479003906
2023-11-21,41.5174674987793
2023-11-22,41.836387634277344
2023-11-24,42.56119918823242
2023-11-27,41.95235824584961
2023-11-28,41.111568450927734
2023-11-29,41.913700103759766
2023-11-30,42.1456413269043
2023-12-01,43.40199661254883
2023-12-04,43.48897171020508
2023-12-05,42.33892059326172
2023-12-06,43.092735290527344
2023-12-07,43.10240173339844
2023-12-08,43.52762222290039
2023-12-11,44.17512893676758
2023-12-12,43.981842041015625
2023-12-13,44.194454193115234
2023-12-14,45.58610153198242
2023-12-15,45.23819351196289
2023-12-18,44.948265075683594
2023-12-19,45.953346252441406
2023-12-20,48.011817932128906
2023-12-21,48.1954345703125
2023-12-22,49.036224365234375
2023-12-26,50.11861801147461
2023-12-27,50.16693878173828
2023-12-28,50.398887634277344
2023-12-29,51.201011657714844
2024-01-02,50.321563720703125
2024-01-03,48.25342559814453
2024-01-04,48.050472259521484
2024-01-05,47.02606964111328
2024-01-08,47.48028564453125
2024-01-09,46.00166320800781
2024-01-10,45.69240951538086
2024-01-11,45.18020248413086
2024-01-12,44.53270721435547
2024-01-16,44.32009506225586
2024-01-17,43.672584533691406
2024-01-18,44.870948791503906
2024-01-19,45.00624465942383
2024-01-22,46.10797119140625
2024-01-23,45.866363525390625
2024-01-24,45.48945999145508
2024-01-25,46.997074127197266
2024-01-26,46.5428581237793
2024-01-29,47.58659744262695
2024-01-30,47.74121856689453
2024-01-31,45.682743072509766
2024-02-01,47.277339935302734
2024-02-02,47.12270736694336
2024-02-05,46.45588302612305
2024-02-06,46.86177444458008
2024-02-07,47.12270736694336
2024-02-08,47.72189712524414
2024-02-09,48.26308822631836
2024-02-12,49.200523376464844
2024-02-13,46.939090728759766
2024-02-14,47.79920959472656
2024-02-15,49.92533493041992
2024-02-16,47.973167419433594
2024-02-20,45.69240951538086
2024-02-21,46.23360061645508
2024-02-22,46.523536682128906
2024-02-23,47.47062683105469
2024-02-26,48.052490234375
2024-02-27,48.34342575073242
2024-02-28,48.711944580078125
2024-02-29,48.9058952331543
2024-03-01,49.45866775512695
2024-03-04,49.39078140258789
2024-03-05,48.9931755065918
2024-03-06,48.44040298461914
2024-03-07,48.537376403808594
2024-03-08,48.54707336425781
2024-03-11,47.58699417114258
2024-03-12,48.17856216430664
2024-03-13,48.711944580078125
2024-03-14,47.8779296875
2024-03-15,49.10954666137695
2024-03-18,48.77981948852539
2024-03-19,49.448970794677734
2024-03-20,50.55451965332031
2024-03-21,51.34003448486328
2024-03-22,50.3023796081543
2024-03-25,50.40904998779297
2024-03-26,50.021141052246094
2024-03-27,51.32063293457031
2024-03-28,51.67946243286133
2024-04-01,50.92302703857422
2024-04-02,49.76898956298828
2024-04-03,49.28409957885742
2024-04-04,49.02226638793945
2024-04-05,49.448970794677734
2024-04-08,49.46836471557617
2024-04-09,48.89619827270508
2024-04-10,47.713069915771484
2024-04-11,47.86823272705078
2024-04-12,47.140899658203125
2024-04-15,45.80260467529297
2024-04-16,45.42438888549805
2024-04-17,44.221866607666016
2024-04-18,43.940635681152344
2024-04-19,45.11406326293945
2024-04-22,44.60977554321289
2024-04-23,45.055870056152344
2024-04-24,42.21443176269531
2024-04-25,40.85673522949219
2024-04-26,43.19390106201172
2024-04-29,42.524757385253906
2024-04-30,39.673606872558594
2024-05-01,39.111141204833984
2024-05-02,39.70269775390625
2024-05-03,39.741493225097656
2024-05-06,40.6724739074707
2024-05-07,41.30284118652344
2024-05-08,40.98152542114258
2024-05-09,42.02334976196289
2024-05-10,42.50044250488281
2024-05-13,41.50730514526367
2024-05-14,41.32230758666992
2024-05-15,42.062294006347656
2024-05-16,41.3320426940918
2024-05-17,41.54624557495117
2024-05-20,41.46836471557617
2024-05-21,40.53364562988281
2024-05-22,40.134437561035156
2024-05-23,39.41392517089844
2024-05-24,40.407066345214844
2024-05-28,41.575462341308594
2024-05-29,40.04680633544922
2024-05-30,41.380733489990234
2024-05-31,41.15678787231445
2024-06-03,39.73523712158203
2024-06-04,39.968910217285156
2024-06-05,40.16364669799805
2024-06-06,39.968910217285156
2024-06-07,39.530765533447266
2024-06-10,38.6252555847168
2024-06-11,38.479209899902344
2024-06-12,38.88814926147461
2024-06-13,38.16763687133789
2024-06-14,37.1160774230957
2024-06-17,38.303951263427734
2024-06-18,38.19684982299805
2024-06-20,38.39158248901367
2024-06-21,38.576576232910156
2024-06-24,38.76157760620117
2024-06-25,38.35263442993164
2024-06-26,37.6418571472168
2024-06-27,37.66133499145508
2024-06-28,38.20658874511719
2024-07-01,36.960289001464844
2024-07-02,37.96316909790039
2024-07-03,38.36237716674805
2024-07-05,37.81711196899414
2024-07-08,38.93682861328125
2024-07-09,38.08000946044922
2024-07-10,38.39158248901367
2024-07-11,40.95231246948242
2024-07-12,41.50730514526367
2024-07-15,42.3251838684082
2024-07-16,44.81775665283203
2024-07-17,44.175148010253906
2024-07-18,43.435157775878906
2024-07-19,42.66596603393555
2024-07-22,43.12358093261719
2024-07-23,43.941463470458984
2024-07-24,42.40306854248047
2024-07-25,44.097251892089844
2024-07-26,45.29486083984375
2024-07-29,45.29486083984375
2024-07-30,46.443782806396484
2024-07-31,46.03484344482422
2024-08-01,49.21872329711914
2024-08-02,45.67458724975586
2024-08-05,43.25990295410156
2024-08-06,44.52566146850586
2024-08-07,42.3641242980957
2024-08-08,43.707786560058594
2024-08-09,43.25990295410156
2024-08-12,42.55885696411133
2024-08-13,42.959712982177734
2024-08-14,42.930389404296875
2024-08-15,43.917850494384766
2024-08-16,43.859188079833984
2024-08-19,44.230716705322266
2024-08-20,43.2823486328125
2024-08-21,44.475135803222656
2024-08-22,43.99606704711914
2024-08-23,46.73359680175781
2024-08-26,46.156761169433594
2024-08-27,45.267059326171875
2024-08-28,45.99055480957031
2024-08-29,45.85367965698242
2024-08-30,45.99055480957031
2024-09-03,44.78799819946289
2024-09-04,43.92763137817383
2024-09-05,43.60498809814453
2024-09-06,43.008602142333984
2024-09-09,43.4778938293457
2024-09-10,43.90807342529297
2024-09-11,44.69022750854492
2024-09-12,44.92487335205078
2024-09-13,46.33274841308594
2024-09-16,46.44028854370117
2024-09-17,47.02690505981445
2024-09-18,47.02690505981445
2024-09-19,48.60098648071289
2024-09-20,47.2028923034668
2024-09-23,47.193115234375
2024-09-24,46.75315475463867
2024-09-25,46.50872802734375
2024-09-26,46.98780059814453
2024-09-27,47.04645538330078
2024-09-30,46.8802604675293
2024-10-01,46.19586181640625
2024-10-02,44.93464660644531
2024-10-03,44.044952392578125
2024-10-04,44.651119232177734
2024-10-07,44.289371490478516
2024-10-08,44.49468994140625
2024-10-09,44.84666061401367
2024-10-10,44.00584411621094
2024-10-11,45.24751281738281
2024-10-14,45.15951919555664
2024-10-15,43.89829635620117
2024-10-16,45.628807067871094
2024-10-17,46.04921340942383
2024-10-18,45.30616760253906
2024-10-21,44.054725646972656
2024-10-22,44.103614807128906
2024-10-23,44.9639778137207
2024-10-24,45.0910758972168
2024-10-25,45.345279693603516
2024-10-28,46.01988220214844
2024-10-29,46.33274841308594
2024-10-30,49.871986389160156
2024-10-31,47.476646423339844
2024-11-01,48.84541320800781
2024-11-04,49.40269088745117
2024-11-05,51.04521179199219
2024-11-06,56.53983688354492
2024-11-07,55.395938873291016
2024-11-08,54.555118560791016
2024-11-11,56.15853500366211
2024-11-12,54.275474548339844
2024-11-13,54.608924865722656
2024-11-14,53.62816619873047
2024-11-15,53.2849006652832
2024-11-18,52.5787467956543
2024-11-19,52.09817123413086
2024-11-20,51.82356262207031
2024-11-21,53.3437385559082
2024-11-22,54.520660400390625
2024-11-25,56.286033630371094
2024-11-26,55.011043548583984
2024-11-27,55.57987594604492
2024-11-29,55.91334533691406
2024-12-02,56.13892364501953
2024-12-03,54.550079345703125
2024-12-04,55.619110107421875
2024-12-05,54.97180938720703
2024-12-06,56.35469055175781
2024-12-09,55.638729095458984
2024-12-10,54.412776947021484
2024-12-11,54.83449935913086
2024-12-12,55.8250732421875
2024-12-13,54.44219970703125
2024-12-16,55.118927001953125
2024-12-17,54.04008483886719
2024-12-18,52.40220642089844
2024-12-19,51.95105743408203
2024-12-20,53.39277648925781
2024-12-23,52.33355712890625
2024-12-24,53.432010650634766
2024-12-26,54.128353118896484
2024-12-27,53.33393859863281
2024-12-30,53.245670318603516
2024-12-31,53.39277648925781
2025-01-02,52.81412887573242
2025-01-03,53.088748931884766
2025-01-06,53.451629638671875
2025-01-07,52.93182373046875
2025-01-08,52.7160530090332
2025-01-10,51.607791900634766
2025-01-13,52.63759231567383
2025-01-14,54.128353118896484
2025-01-15,54.97180938720703
2025-01-16,55.25623321533203
2025-01-17,54.04989242553711
2025-01-21,54.86392593383789
2025-01-22,53.991050720214844
2025-01-23,54.79527282714844
2025-01-24,55.91334533691406
2025-01-27,55.1973876953125
2025-01-28,55.88391876220703
2025-01-29,56.344879150390625
2025-01-30,57.00198745727539
2025-01-31,56.21738052368164
2025-02-03,55.52104187011719
2025-02-04,55.75641632080078
2025-02-05,56.207576751708984
2025-02-06,56.17815017700195
2025-02-07,55.65834045410156
2025-02-10,55.1091194152832
2025-02-11,56.129112243652344
2025-02-12,55.34450149536133
2025-02-13,56.43314743041992
2025-02-14,56.14873123168945
2025-02-18,56.6194953918457
2025-02-19,57.325645446777344
2025-02-20,53.922393798828125
2025-02-21,51.342979431152344
2025-02-24,50.68587112426758
2025-02-25,51.843177795410156
2025-02-26,54.06950759887695
2025-02-27,54.57950973510742
2025-02-28,55.84469223022461
2025-03-03,55.44130325317383
2025-03-04,53.92613983154297
2025-03-05,54.477108001708984
2025-03-06,54.44758987426758
2025-03-07,54.30000686645508
2025-03-10,53.00129699707031
2025-03-11,53.57194137573242
2025-03-12,54.11307907104492
2025-03-13,51.6435546875
2025-03-14,53.217750549316406
2025-03-17,53.119361877441406
2025-03-18,52.73564910888672
2025-03-19,55.23469161987305
2025-03-20,55.03791427612305
2025-03-21,54.80178451538086
2025-03-24,57.64518356323242
2025-03-25,56.995826721191406
2025-03-26,57.133567810058594
2025-03-27,57.487762451171875
2025-03-28,56.356300354003906
2025-03-31,55.60856628417969
2025-04-01,57.53695297241211
2025-04-02,58.56018829345703
2025-04-03,53.62113952636719
2025-04-04,52.568389892578125
2025-04-07,52.8438720703125
2025-04-08,52.509361267089844
2025-04-09,56.513729095458984
2025-04-10,55.46098327636719
2025-04-11,56.38582229614258
2025-04-14,56.30710983276367
2025-04-15,57.16307830810547
2025-04-16,56.425174713134766
2025-04-17,57.16307830810547
2025-04-21,55.38227462768555
2025-04-22,57.15324401855469
2025-04-23,57.35002136230469
2025-04-24,58.34373092651367
2025-04-25,57.261470794677734
2025-04-28,56.366146087646484
2025-04-29,57.38937759399414
2025-04-30,56.90727996826172
2025-05-01,56.543243408203125
2025-05-02,55.51017379760742
2025-05-05,53.14887619018555
2025-05-06,52.49951934814453
2025-05-07,52.361778259277344
2025-05-08,52.971778869628906
2025-05-09,52.538875579833984
2025-05-12,54.444175720214844
2025-05-13,55.5004768371582
2025-05-14,55.29317092895508
2025-05-15,55.4116325378418
2025-05-16,55.65843200683594
2025-05-19,55.342529296875
2025-05-20,54.90815734863281
2025-05-21,53.190425872802734
2025-05-22,52.33155822753906
2025-05-23,51.71949768066406
2025-05-27,52.57836151123047
2025-05-28,51.137046813964844
2025-05-29,51.04819869995117
2025-05-30,51.551673889160156
2025-06-02,50.613826751708984
2025-06-03,51.45294952392578
2025-06-04,51.40359115600586
2025-06-05,51.482574462890625
2025-06-06,52.015655517578125
2025-06-09,50.87049865722656
2025-06-10,51.95642852783203
2025-06-11,52.33155822753906
2025-06-12,51.75898742675781
2025-06-13,49.66611862182617
2025-06-16,50.15971755981445
2025-06-17,49.21200180053711
2025-06-18,49.87342834472656
2025-06-20,50.149845123291016
2025-06-23,50.73229217529297
2025-06-24,51.66026306152344
2025-06-25,51.058067321777344
2025-06-26,51.90707015991211
2025-06-27,52.97324752807617
2025-06-30,51.808345794677734
2025-07-01,54.10852813720703
2025-07-02,54.69097900390625
2025-07-03,54.94764709472656
2025-07-07,53.56555938720703
2025-07-08,52.805423736572266
2025-07-09,53.6544075012207
2025-07-10,54.750205993652344
2025-07-11,53.328636169433594
2025-07-14,54.019676208496094
2025-07-15,52.68695068359375
2025-07-16,52.63759231567383
2025-07-17,52.96337127685547
2025-07-18,51.78860092163086
2025-07-21,51.591156005859375
2025-07-22,52.933753967285156
2025-07-23,54.039424896240234
2025-07-24,53.723514556884766
2025-07-25,54.41455841064453
2025-07-28,54.09865188598633
2025-07-29,53.89134216308594
2025-07-30,52.64746856689453
2025-07-31,53.61492156982422
2025-08-01,51.689884185791016
2025-08-04,52.69683074951172
2025-08-05,53.91108703613281
2025-08-06,54.1875
2025-08-07,53.75313186645508
2025-08-08,54.52314758300781
2025-08-11,54.513275146484375
2025-08-12,57.40585708618164
2025-08-13,59.258304595947266
2025-08-14,56.643089294433594
2025-08-15,55.50388717651367
2025-08-18,55.295860290527344
2025-08-19,56.44496536254883
2025-08-20,55.06801986694336
2025-08-21,55.27604675292969
2025-08-22,58.663936614990234
2025-08-25,57.861541748046875
2025-08-26,57.70304489135742
2025-08-27,58.64412307739258
2025-08-28,58.168636322021484
2025-08-29,57.49501419067383
2025-09-02,57.039337158203125
2025-09-03,57.12848663330078
2025-09-04,59.17905044555664
2025-09-05,58.60449981689453
2025-09-08,58.42618942260742
2025-09-09,57.108680725097656
2025-09-10,55.94966506958008
2025-09-11,58.554969787597656
2025-09-12,57.27708053588867
2025-09-15,57.9506950378418
2025-09-16,58.42618942260742
2025-09-17,57.39595413208008
2025-09-18,59.27811050415039
2025-09-19,58.4757194519043
2025-09-22,58.0101318359375
2025-09-23,58.43609619140625
2025-09-24,57.87144470214844
2025-09-25,57.683231353759766
2025-09-26,57.19783401489258
2025-09-29,56.45487976074219
2025-09-30,56.880836486816406
2025-10-01,56.97990036010742
2025-10-02,57.237457275390625
2025-10-03,56.12797546386719
2025-10-06,54.1269416809082
2025-10-07,53.44342041015625
2025-10-08,54.71139907836914
2025-10-09,54.64205551147461
2025-10-10,54.60243225097656
2025-10-13,55.25623321533203
2025-10-14,56.29637908935547
2025-10-15,55.493980407714844
2025-10-16,55.910037994384766
2025-10-17,55.484073638916016
2025-10-20,55.969478607177734
2025-10-21,56.5044059753418
2025-10-22,55.86050796508789
2025-10-23,55.0482063293457
2025-10-24,55.03830337524414
2025-10-27,54.0080680847168
2025-10-28,53.22548294067383
2025-10-29,53.770320892333984
2025-10-30,53.04717254638672
2025-10-31,51.977317810058594
2025-11-03,49.649383544921875
2025-11-04,49.20360565185547
2025-11-05,48.96586227416992
2025-11-06,48.81726837158203
2025-11-07,50.16449737548828
2025-11-10,50.828208923339844
2025-11-11,51.20463943481445
2025-11-12,51.26429748535156
2025-11-13,49.91209411621094
2025-11-14,49.16639709472656
2025-11-17,47.66505432128906
2025-11-18,47.87385559082031
2025-11-19,49.156455993652344
2025-11-20,49.51438903808594
2025-11-21,51.74154281616211
2025-11-24,51.57251739501953
2025-11-25,52.55683898925781
2025-11-26,52.9644889831543
2025-11-28,53.06391525268555
2025-12-01,52.91477584838867
2025-12-02,52.20884704589844
2025-12-03,54.58514404296875
2025-12-04,55.61917495727539
2025-12-05,55.4998664855957
2025-12-08,54.1973762512207
2025-12-09,54.674625396728516
2025-12-10,59.55646514892578
2025-12-11,60.35187911987305
2025-12-12,58.60197067260742
2025-12-15,58.870418548583984
2025-12-16,57.89604568481445
2025-12-17,58.04518508911133
2025-12-18,57.55799102783203
2025-12-19,58.184383392333984
2025-12-22,57.56793975830078
2025-12-23,58.273860931396484
2025-12-24,57.78667449951172
2025-12-26,57.15034484863281
2025-12-29,57.508277893066406
2025-12-30,56.54384231567383
2025-12-31,55.937339782714844
2026-01-02,54.72433853149414
2026-01-05,55.46009063720703
2026-01-06,56.30522155761719
2026-01-07,55.40044021606445
2026-01-08,57.18016815185547
2026-01-09,56.6532096862793
2026-01-12,56.60349655151367
2026-01-13,57.64747619628906
2026-01-14,58.25397872924805
2026-01-15,58.93008041381836
2026-01-16,58.263919830322266
2026-01-20,58.65168380737305
2026-01-21,60.38170623779297
2026-01-22,61.057804107666016
2026-01-23,59.52663803100586
2026-01-26,58.93008041381836
2026-01-27,58.363346099853516
2026-01-28,57.577877044677734
2026-01-29,57.44862365722656
2026-01-30,58.671566009521484
2026-02-02,60.58055877685547
2026-02-03,61.6444206237793
2026-02-04,64.6470947265625
2026-02-05,65.1939468383789
2026-02-06,66.1484375
2026-02-09,63.623008728027344
2026-02-10,64.47807312011719
2026-02-11,65.01498413085938
2026-02-12,64.74652862548828
2026-02-13,63.82186508178711
2026-02-17,62.757999420166016
2026-02-18,64.46813201904297
2026-02-19,65.59165954589844
2026-02-20,66.35723876953125
2026-02-23,64.5178451538086
2026-02-24,66.42683410644531
2026-02-25,65.1144027709961
2026-02-26,65.9893569946289
2026-02-27,64.27922058105469
2026-03-02,65.12435150146484
2026-03-03,64.20696258544922
2026-03-04,64.3864517211914
2026-03-05,61.893558502197266
2026-03-06,59.89924621582031
2026-03-09,58.563053131103516
2026-03-10,59.241119384765625
2026-03-11,59.92915725708008
2026-03-12,59.49040985107422
2026-03-13,59.52032470703125
2026-03-16,60.068763732910156
2026-03-17,60.27816390991211
2026-03-18,60.05878829956055
2026-03-19,61.17560577392578
2026-03-20,60.12858963012695
2026-03-23,61.6741828918457
2026-03-24,63.000404357910156
2026-03-25,63.12006378173828
2026-03-26,62.920631408691406
2026-03-27,63.26963806152344
2026-03-30,63.5488395690918
2026-03-31,64.16707611083984
2026-04-01,64.74542999267578
2026-04-02,65.08445739746094
2026-04-06,66.37079620361328
2026-04-07,67.00897216796875
2026-04-08,70.51897430419922
2026-04-09,72.36370849609375
2026-04-10,71.60587310791016
2026-04-13,72.14433288574219
2026-04-14,72.54319763183594
2026-04-15,71.02752685546875
2026-04-16,70.57879638671875
2026-04-17,73.98907470703125
2026-04-20,73.80958557128906
2026-04-21,73.69990539550781
2026-04-22,73.93922424316406
2026-04-23,76.08311462402344
2026-04-24,77.13011932373047
2026-04-27,78.23696899414062
2026-04-28,76.43211364746094
2026-04-29,70.9776611328125
2026-04-30,72.65288543701172
2026-05-01,69.990478515625
2026-05-04,67.55741119384766
2026-05-05,67.73690032958984
2026-05-06,68.46482849121094
2026-05-07,68.1357650756836
2026-05-08,68.38505554199219
2026-05-11,66.64999389648438
2026-05-12,65.94000244140625
2026-05-13,64.29000091552734
2026-05-14,65.2300033569336
2026-05-15,63.97999954223633
2026-05-18,64.27999877929688
2026-05-19,63.720001220703125
2026-05-20,65.52999877929688
2026-05-21,65.30999755859375
2026-05-22,64.37999725341797
2026-05-26,65.51000213623047
2026-05-27,66.58000183105469
2026-05-28,66.27999877929688
2026-05-29,64.9000015258789
2026-06-01,64.25
2026-06-02,64.7300033569336
2026-06-03,64.69000244140625
2026-06-04,65.79000091552734
2026-06-05,67.0
2026-06-08,66.22000122070312
2026-06-09,70.0199966430664
2026-06-10,70.16000366210938
2026-06-11,70.20999908447266
2026-06-12,70.91999816894531
2026-06-15,70.75
2026-06-16,71.5199966430664
2026-06-17,70.18000030517578
2026-06-18,72.12999725341797
2026-06-22,73.26000213623047
2026-06-23,71.94000244140625
2026-06-24,74.48999786376953
2026-06-25,76.01000213623047
2026-06-26,75.91000366210938
2026-06-29,75.55999755859375
2026-06-30,76.5
2026-07-01,75.19999694824219
2026-07-02,75.08000183105469
2026-07-06,77.93000030517578
2026-07-07,74.97000122070312
2026-07-08,75.48999786376953
2026-07-09,75.44999694824219
2026-07-10,75.80000305175781
2026-07-13,75.75
2026-07-14,75.19000244140625
2026-07-15,74.62999725341797
2026-07-16,78.25
2026-07-17,75.73999786376953
2026-07-20,74.44999694824219
2026-07-21,74.73999786376953
2026-07-22,75.68000030517578
2026-07-23,75.73999786376953
2026-07-24,76.02999877929688
2026-07-27,76.5
2026-07-28,77.25
2026-07-29,78.98999786376953
2026-07-30,78.13999938964844
2026-07-31,77.7300033569336
2026-08-03,79.4000015258789
