Date,Close
2002-07-30,51.180057525634766
2002-07-31,51.338016510009766
2002-08-01,51.43909454345703
2002-08-02,51.540199279785156
2002-08-05,51.622310638427734
2002-08-06,51.49589920043945
2002-08-07,51.57174301147461
2002-08-08,51.49589920043945
2002-08-09,51.50858688354492
2002-08-12,51.502254486083984
2002-08-13,51.590694427490234
2002-08-14,51.47697067260742
2002-08-15,51.43278503417969
2002-08-16,51.40120315551758
2002-08-19,51.407508850097656
2002-08-20,51.52757263183594
2002-08-21,51.48335266113281
2002-08-22,51.426483154296875
2002-08-23,51.4896354675293
2002-08-26,51.48335266113281
2002-08-27,51.44539260864258
2002-08-28,51.48335266113281
2002-08-29,51.540199279785156
2002-08-30,51.55916976928711
2002-09-03,51.68128204345703
2002-09-04,51.66229248046875
2002-09-05,51.71922302246094
2002-09-06,51.61798858642578
2002-09-09,51.54838943481445
2002-09-10,51.5799674987793
2002-09-11,51.54838943481445
2002-09-12,51.58631134033203
2002-09-13,51.62431716918945
2002-09-16,51.60530471801758
2002-09-17,51.64330291748047
2002-09-18,51.63694763183594
2002-09-19,51.744529724121094
2002-09-20,51.7508659362793
2002-09-23,51.763553619384766
2002-09-24,51.788818359375
2002-09-25,51.73822784423828
2002-09-26,51.75720977783203
2002-09-27,51.86478805541992
2002-09-30,51.940711975097656
2002-10-01,51.87732696533203
2002-10-02,51.92168426513672
2002-10-03,51.92805862426758
2002-10-04,51.8836784362793
2002-10-07,51.94708251953125
2002-10-08,51.896366119384766
2002-10-09,52.00407409667969
2002-10-10,51.9533805847168
2002-10-11,51.871009826660156
2002-10-14,51.8836784362793
2002-10-15,51.68721389770508
2002-10-16,51.70626449584961
2002-10-17,51.661888122558594
2002-10-18,51.70626449584961
2002-10-21,51.5921630859375
2002-10-22,51.585811614990234
2002-10-23,51.62385559082031
2002-10-24,51.712589263916016
2002-10-25,51.80132293701172
2002-10-28,51.871009826660156
2002-10-29,51.98501968383789
2002-10-30,51.97871780395508
2002-10-31,52.06745910644531
2002-11-01,52.01225662231445
2002-11-04,51.96144104003906
2002-11-05,51.95511245727539
2002-11-06,51.97416305541992
2002-11-07,51.99958419799805
2002-11-08,51.98051834106445
2002-11-11,52.031314849853516
2002-11-12,52.043949127197266
2002-11-13,52.050315856933594
2002-11-14,51.923397064208984
2002-11-15,51.948768615722656
2002-11-18,51.948768615722656
2002-11-19,51.93606185913086
2002-11-20,51.89164733886719
2002-11-21,51.821800231933594
2002-11-22,51.802738189697266
2002-11-25,51.834495544433594
2002-11-26,51.92969512939453
2002-11-27,51.84085464477539
2002-11-29,51.8662223815918
2002-12-02,51.88531494140625
2002-12-03,51.90436553955078
2002-12-04,51.93613815307617
2002-12-05,51.980674743652344
2002-12-06,52.03152847290039
2002-12-09,52.04425048828125
2002-12-10,52.03786849975586
2002-12-11,52.082359313964844
2002-12-12,52.101444244384766
2002-12-13,52.063377380371094
2002-12-16,52.03786849975586
2002-12-17,52.08876037597656
2002-12-18,52.17135238647461
2002-12-19,52.228580474853516
2002-12-20,52.20317077636719
2002-12-23,52.209503173828125
2002-12-24,52.266754150390625
2002-12-26,52.30488204956055
2002-12-27,52.36838912963867
2002-12-30,52.37478256225586
2002-12-31,52.412357330322266
2003-01-02,52.21493148803711
2003-01-03,52.22132873535156
2003-01-06,52.18947219848633
2003-01-07,52.2276496887207
2003-01-08,52.27228927612305
2003-01-09,52.17676544189453
2003-01-10,52.24678039550781
2003-01-13,52.234046936035156
2003-01-14,52.253170013427734
2003-01-15,52.27228927612305
2003-01-16,52.30413818359375
2003-01-17,52.29138946533203
2003-01-21,52.355072021484375
2003-01-22,52.393226623535156
2003-01-23,52.36139678955078
2003-01-24,52.355072021484375
2003-01-27,52.355072021484375
2003-01-28,52.36778259277344
2003-01-29,52.32321548461914
2003-01-30,52.3868522644043
2003-01-31,52.37420654296875
2003-02-03,52.343597412109375
2003-02-04,52.40094757080078
2003-02-05,52.38182067871094
2003-02-06,52.40732192993164
2003-02-07,52.45195770263672
2003-02-10,52.41370391845703
2003-02-11,52.432861328125
2003-02-12,52.47748565673828
2003-02-13,52.52213668823242
2003-02-14,52.47748565673828
2003-02-18,52.45834732055664
2003-02-19,52.483829498291016
2003-02-20,52.51573944091797
2003-02-21,52.47111892700195
2003-02-24,52.4965934753418
2003-02-25,52.528438568115234
2003-02-26,52.55404281616211
2003-02-27,52.55404281616211
2003-02-28,52.57954406738281
2003-03-03,52.59673309326172
2003-03-04,52.59036636352539
2003-03-05,52.63506317138672
2003-03-06,52.65422058105469
2003-03-07,52.70530700683594
2003-03-10,52.75640106201172
2003-03-11,52.71173095703125
2003-03-12,52.673362731933594
2003-03-13,52.51372528076172
2003-03-14,52.56486892700195
2003-03-17,52.500980377197266
2003-03-18,52.456268310546875
2003-03-19,52.44348907470703
2003-03-20,52.50732421875
2003-03-21,52.37322998046875
2003-03-24,52.48818588256836
2003-03-25,52.48818588256836
2003-03-26,52.55205154418945
2003-03-27,52.56486892700195
2003-03-28,52.63506317138672
2003-03-31,52.673362731933594
2003-04-01,52.66187286376953
2003-04-02,52.60431671142578
2003-04-03,52.63633346557617
2003-04-04,52.623512268066406
2003-04-07,52.591548919677734
2003-04-08,52.6427116394043
2003-04-09,52.67464065551758
2003-04-10,52.60431671142578
2003-04-11,52.57870864868164
2003-04-14,52.534027099609375
2003-04-15,52.572357177734375
2003-04-16,52.57870864868164
2003-04-17,52.534027099609375
2003-04-21,52.5659294128418
2003-04-22,52.5595588684082
2003-04-23,52.597904205322266
2003-04-24,52.649105072021484
2003-04-25,52.70018005371094
2003-04-28,52.68745803833008
2003-04-29,52.649105072021484
2003-04-30,52.7578010559082
2003-05-01,52.75777816772461
2003-05-02,52.70009231567383
2003-05-05,52.73856735229492
2003-05-06,52.81538772583008
2003-05-07,52.82819747924805
2003-05-08,52.80259323120117
2003-05-09,52.789798736572266
2003-05-12,52.82819747924805
2003-05-13,52.81538772583008
2003-05-14,52.847434997558594
2003-05-15,52.82819747924805
2003-05-16,52.88582992553711
2003-05-19,52.898651123046875
2003-05-20,52.96910095214844
2003-05-21,52.898651123046875
2003-05-22,52.91786575317383
2003-05-23,52.93707275390625
2003-05-27,52.91786575317383
2003-05-28,52.94990539550781
2003-05-29,52.96910095214844
2003-05-30,52.94990539550781
2003-06-02,52.92233657836914
2003-06-03,53.02492141723633
2003-06-04,53.06987380981445
2003-06-05,53.037757873535156
2003-06-06,53.02492141723633
2003-06-09,53.095455169677734
2003-06-10,53.15312576293945
2003-06-11,53.1147346496582
2003-06-12,53.146759033203125
2003-06-13,53.191650390625
2003-06-16,53.12751770019531
2003-06-17,53.05055618286133
2003-06-18,53.05698013305664
2003-06-19,53.10824966430664
2003-06-20,53.095455169677734
2003-06-23,53.146759033203125
2003-06-24,53.185218811035156
2003-06-25,53.076202392578125
2003-06-26,52.98003387451172
2003-06-27,52.99281692504883
2003-06-30,53.037757873535156
2003-07-01,53.039039611816406
2003-07-02,53.06473922729492
2003-07-03,53.00690841674805
2003-07-07,52.994136810302734
2003-07-08,52.97483444213867
2003-07-09,52.9876823425293
2003-07-10,53.03257369995117
2003-07-11,53.05185317993164
2003-07-14,53.00690841674805
2003-07-15,52.94273376464844
2003-07-16,52.94915771484375
2003-07-17,52.91702651977539
2003-07-18,52.910640716552734
2003-07-21,52.82075500488281
2003-07-22,52.87208938598633
2003-07-23,52.897796630859375
2003-07-24,52.89131546020508
2003-07-25,52.91702651977539
2003-07-28,52.846435546875
2003-07-29,52.80146789550781
2003-07-30,52.827205657958984
2003-07-31,52.76935577392578
2003-08-01,52.712799072265625
2003-08-04,52.79638671875
2003-08-05,52.69997787475586
2003-08-06,52.75139617919922
2003-08-07,52.809295654296875
2003-08-08,52.822086334228516
2003-08-11,52.75139617919922
2003-08-12,52.841346740722656
2003-08-13,52.73856735229492
2003-08-14,52.725616455078125
2003-08-15,52.76426696777344
2003-08-18,52.75778579711914
2003-08-19,52.822086334228516
2003-08-20,52.783565521240234
2003-08-21,52.70639419555664
2003-08-22,52.69353103637695
2003-08-25,52.667789459228516
2003-08-26,52.725616455078125
2003-08-27,52.674232482910156
2003-08-28,52.75139617919922
2003-08-29,52.74493408203125
2003-09-02,52.676109313964844
2003-09-03,52.714744567871094
2003-09-04,52.78546142578125
2003-09-05,52.96567153930664
2003-09-08,52.901390075683594
2003-09-09,52.991477966308594
2003-09-10,53.02363204956055
2003-09-11,52.98503494262695
2003-09-12,53.03007125854492
2003-09-15,53.08155822753906
2003-09-16,53.08803176879883
2003-09-17,53.08155822753906
2003-09-18,53.03007125854492
2003-09-19,53.03007125854492
2003-09-22,53.049400329589844
2003-09-23,53.0622673034668
2003-09-24,53.09444046020508
2003-09-25,53.10091781616211
2003-09-26,53.1652717590332
2003-09-29,53.13947677612305
2003-09-30,53.24888229370117
2003-10-01,53.25730514526367
2003-10-02,53.25730514526367
2003-10-03,53.12199401855469
2003-10-06,53.160667419433594
2003-10-07,53.10908889770508
2003-10-08,53.10908889770508
2003-10-09,53.102657318115234
2003-10-10,53.13490295410156
2003-10-13,53.14130783081055
2003-10-14,53.08974838256836
2003-10-15,53.02529525756836
2003-10-16,52.90288162231445
2003-10-17,52.96733856201172
2003-10-20,52.97380065917969
2003-10-21,52.98661804199219
2003-10-22,53.044677734375
2003-10-23,53.03175735473633
2003-10-24,53.096187591552734
2003-10-27,53.0381965637207
2003-10-28,53.12843322753906
2003-10-29,53.070465087890625
2003-10-30,53.02529525756836
2003-10-31,53.03175735473633
2003-11-03,53.00019454956055
2003-11-04,53.03889846801758
2003-11-05,52.98723602294922
2003-11-06,52.92915344238281
2003-11-07,52.88399887084961
2003-11-10,52.89689254760742
2003-11-11,52.89689254760742
2003-11-12,52.92915344238281
2003-11-13,53.04534149169922
2003-11-14,53.109806060791016
2003-11-17,53.14211654663086
2003-11-18,53.14854431152344
2003-11-19,53.0517463684082
2003-11-20,53.15501022338867
2003-11-21,53.13566970825195
2003-11-24,53.06468200683594
2003-11-25,53.122745513916016
2003-11-26,53.06468200683594
2003-11-28,53.00019454956055
2003-12-01,52.927799224853516
2003-12-02,52.98594284057617
2003-12-03,52.940673828125
2003-12-04,52.992366790771484
2003-12-05,53.16035842895508
2003-12-08,53.10226058959961
2003-12-09,53.069923400878906
2003-12-10,53.13454055786133
2003-12-11,53.24439239501953
2003-12-12,53.23143768310547
2003-12-15,53.218509674072266
2003-12-16,53.468299865722656
2003-12-17,53.474796295166016
2003-12-18,53.487762451171875
2003-12-19,53.500755310058594
2003-12-22,53.468299865722656
2003-12-23,53.38393020629883
2003-12-24,53.5072135925293
2003-12-26,53.552589416503906
2003-12-29,53.48127365112305
2003-12-30,53.5072135925293
2003-12-31,53.576107025146484
2004-01-02,53.44617462158203
2004-01-05,53.45258712768555
2004-01-06,53.51762008666992
2004-01-07,53.556610107421875
2004-01-08,53.56309127807617
2004-01-09,53.69303512573242
2004-01-12,53.72549819946289
2004-01-13,53.79048538208008
2004-01-14,53.738487243652344
2004-01-15,53.73200225830078
2004-01-16,53.69303512573242
2004-01-20,53.718955993652344
2004-01-21,53.75148010253906
2004-01-22,53.79048538208008
2004-01-23,53.71251678466797
2004-01-26,53.673526763916016
2004-01-27,53.738487243652344
2004-01-28,53.602054595947266
2004-01-29,53.615047454833984
2004-01-30,53.64103317260742
2004-02-02,53.6599006652832
2004-02-03,53.711952209472656
2004-02-04,53.67942810058594
2004-02-05,53.6403923034668
2004-02-06,53.724979400634766
2004-02-09,53.74448776245117
2004-02-10,53.672916412353516
2004-02-11,53.75748825073242
2004-02-12,53.777034759521484
2004-02-13,53.855072021484375
2004-02-17,53.80955123901367
2004-02-18,53.816036224365234
2004-02-19,53.842132568359375
2004-02-20,53.78345489501953
2004-02-23,53.8355827331543
2004-02-24,53.842132568359375
2004-02-25,53.88111877441406
2004-02-26,53.86162567138672
2004-02-27,53.900604248046875
2004-03-01,53.88303756713867
2004-03-02,53.830928802490234
2004-03-03,53.79180908203125
2004-03-04,53.83740234375
2004-03-05,53.954681396484375
2004-03-08,54.03936767578125
2004-03-09,54.07196044921875
2004-03-10,54.03936767578125
2004-03-11,54.085025787353516
2004-03-12,54.04590606689453
2004-03-15,54.01982879638672
2004-03-16,54.05891036987305
2004-03-17,54.05891036987305
2004-03-18,54.03936767578125
2004-03-19,54.05891036987305
2004-03-22,54.09150695800781
2004-03-23,54.104583740234375
2004-03-24,54.11759567260742
2004-03-25,54.11101531982422
2004-03-26,54.05891036987305
2004-03-29,54.01982879638672
2004-03-30,54.01334762573242
2004-03-31,54.05238723754883
2004-04-01,53.9871940612793
2004-04-02,53.79798126220703
2004-04-05,53.745758056640625
2004-04-06,53.811038970947266
2004-04-07,53.82404708862305
2004-04-08,53.82404708862305
2004-04-12,53.771907806396484
2004-04-13,53.70011901855469
2004-04-14,53.60874557495117
2004-04-15,53.641422271728516
2004-04-16,53.71321105957031
2004-04-19,53.64791488647461
2004-04-20,53.523963928222656
2004-04-21,53.53046417236328
2004-04-22,53.60874557495117
2004-04-23,53.49785232543945
2004-04-26,53.50441360473633
2004-04-27,53.56959915161133
2004-04-28,53.458763122558594
2004-04-29,53.45224380493164
2004-04-30,53.478275299072266
2004-05-03,53.50181579589844
2004-05-04,53.488773345947266
2004-05-05,53.4691047668457
2004-05-06,53.456085205078125
2004-05-07,53.23395919799805
2004-05-10,53.26005172729492
2004-05-11,53.26663589477539
2004-05-12,53.27969741821289
2004-05-13,53.25354766845703
2004-05-14,53.3384895324707
2004-05-17,53.41037368774414
2004-05-18,53.35805130004883
2004-05-19,53.33197784423828
2004-05-20,53.35805130004883
2004-05-21,53.35805130004883
2004-05-24,53.371150970458984
2004-05-25,53.371150970458984
2004-05-26,53.4691047668457
2004-05-27,53.49528884887695
2004-05-28,53.47568893432617
2004-06-01,53.3997802734375
2004-06-02,53.3670654296875
2004-06-03,53.38017654418945
2004-06-04,53.29508972167969
2004-06-07,53.31474304199219
2004-06-08,53.32126998901367
2004-06-09,53.236209869384766
2004-06-10,53.22965621948242
2004-06-14,53.09224319458008
2004-06-15,53.2689323425293
2004-06-16,53.22965621948242
2004-06-17,53.29508972167969
2004-06-18,53.262367248535156
2004-06-21,53.301612854003906
2004-06-22,53.32126998901367
2004-06-23,53.33435821533203
2004-06-24,53.386661529541016
2004-06-25,53.39328384399414
2004-06-28,53.2689323425293
2004-06-29,53.32126998901367
2004-06-30,53.465206146240234
2004-07-01,53.47637939453125
2004-07-02,53.62060546875
2004-07-06,53.607486724853516
2004-07-07,53.614009857177734
2004-07-08,53.6336669921875
2004-07-09,53.6336669921875
2004-07-12,53.65336227416992
2004-07-13,53.614009857177734
2004-07-14,53.59433364868164
2004-07-15,53.59433364868164
2004-07-16,53.69924545288086
2004-07-19,53.673038482666016
2004-07-20,53.5746955871582
2004-07-21,53.56156539916992
2004-07-22,53.5746955871582
2004-07-23,53.5746955871582
2004-07-26,53.53533172607422
2004-07-27,53.48950958251953
2004-07-28,53.52223205566406
2004-07-29,53.53533172607422
2004-07-30,53.614009857177734
2004-08-02,53.65537643432617
2004-08-03,53.6685676574707
2004-08-04,53.66194152832031
2004-08-05,53.69477844238281
2004-08-06,53.885231018066406
2004-08-09,53.87863540649414
2004-08-10,53.74732208251953
2004-08-11,53.83268356323242
2004-08-12,53.84576416015625
2004-08-13,53.898345947265625
2004-08-16,53.885231018066406
2004-08-17,53.93778610229492
2004-08-18,53.92461013793945
2004-08-19,53.95740509033203
2004-08-20,53.92461013793945
2004-08-23,53.87863540649414
2004-08-24,53.9049072265625
2004-08-25,53.885231018066406
2004-08-26,53.93778610229492
2004-08-27,53.918067932128906
2004-08-30,53.931209564208984
2004-08-31,54.00998306274414
2004-09-01,54.02446746826172
2004-09-02,53.93895721435547
2004-09-03,53.86661911010742
2004-09-07,53.86661911010742
2004-09-08,53.94551086425781
2004-09-09,53.952117919921875
2004-09-10,53.96525192260742
2004-09-13,53.971839904785156
2004-09-14,53.984962463378906
2004-09-15,53.952117919921875
2004-09-16,54.04414367675781
2004-09-17,53.9783935546875
2004-09-20,54.06393051147461
2004-09-21,53.984962463378906
2004-09-22,54.037620544433594
2004-09-23,53.971839904785156
2004-09-24,53.93895721435547
2004-09-27,53.971839904785156
2004-09-28,54.0047492980957
2004-09-29,53.93895721435547
2004-09-30,53.958656311035156
2004-10-01,53.92045974731445
2004-10-04,53.92703628540039
2004-10-05,53.93364715576172
2004-10-06,53.88751983642578
2004-10-07,53.86777877807617
2004-10-08,54.00611114501953
2004-10-11,54.045616149902344
2004-10-12,54.058815002441406
2004-10-13,54.098331451416016
2004-10-14,54.111534118652344
2004-10-15,54.091773986816406
2004-10-18,54.098331451416016
2004-10-19,54.07856369018555
2004-10-20,54.12471008300781
2004-10-21,54.058815002441406
2004-10-22,54.111534118652344
2004-10-25,54.13124084472656
2004-10-26,54.12471008300781
2004-10-27,54.05221939086914
2004-10-28,54.071964263916016
2004-10-29,54.11812973022461
2004-11-01,54.08381652832031
2004-11-02,54.110130310058594
2004-11-03,54.10359191894531
2004-11-04,54.057411193847656
2004-11-05,53.9188232421875
2004-11-08,53.89242172241211
2004-11-09,53.93206787109375
2004-11-10,53.866004943847656
2004-11-11,53.90558624267578
2004-11-12,53.89242172241211
2004-11-15,53.89242172241211
2004-11-16,53.85279846191406
2004-11-17,53.93206787109375
2004-11-18,53.925418853759766
2004-11-19,53.8396110534668
2004-11-22,53.85279846191406
2004-11-23,53.84624481201172
2004-11-24,53.8396110534668
2004-11-26,53.786842346191406
2004-11-29,53.79344940185547
2004-11-30,53.806602478027344
2004-12-01,53.84296417236328
2004-12-02,53.82315444946289
2004-12-03,53.94218063354492
2004-12-06,53.94874954223633
2004-12-07,53.94874954223633
2004-12-08,53.968597412109375
2004-12-09,53.9620246887207
2004-12-10,53.968597412109375
2004-12-13,53.92891311645508
2004-12-14,53.94218063354492
2004-12-15,53.995059967041016
2004-12-16,53.93551254272461
2004-12-17,53.91571807861328
2004-12-20,53.91571807861328
2004-12-21,53.922359466552734
2004-12-22,53.922359466552734
2004-12-23,53.909080505371094
2004-12-27,53.87602233886719
2004-12-28,53.895851135253906
2004-12-29,53.8892936706543
2004-12-30,53.909080505371094
2004-12-31,53.931610107421875
2005-01-03,53.938228607177734
2005-01-04,53.819000244140625
2005-01-05,53.83224868774414
2005-01-06,53.8587532043457
2005-01-07,53.86537551879883
2005-01-10,53.83224868774414
2005-01-11,53.845558166503906
2005-01-12,53.85212707519531
2005-01-13,53.91838836669922
2005-01-14,53.89189529418945
2005-01-18,53.87199020385742
2005-01-19,53.87862777709961
2005-01-20,53.92497253417969
2005-01-21,53.977970123291016
2005-01-24,53.94485855102539
2005-01-25,53.92497253417969
2005-01-26,53.90510559082031
2005-01-27,53.89189529418945
2005-01-28,53.91838836669922
2005-01-31,53.911712646484375
2005-02-01,53.92567443847656
2005-02-02,53.90576934814453
2005-02-03,53.872581481933594
2005-02-04,53.92567443847656
2005-02-07,53.91242980957031
2005-02-08,53.89252471923828
2005-02-09,53.99203872680664
2005-02-10,53.95225143432617
2005-02-11,53.92567443847656
2005-02-14,53.89915084838867
2005-02-15,53.90576934814453
2005-02-16,53.879249572753906
2005-02-17,53.90576934814453
2005-02-18,53.83280944824219
2005-02-22,53.8526725769043
2005-02-23,53.846012115478516
2005-02-24,53.83280944824219
2005-02-25,53.80622482299805
2005-02-28,53.77306365966797
2005-03-01,53.76169204711914
2005-03-02,53.79500961303711
2005-03-03,53.81492233276367
2005-03-04,53.81492233276367
2005-03-07,53.79500961303711
2005-03-08,53.79500961303711
2005-03-09,53.7750244140625
2005-03-10,53.73509216308594
2005-03-11,53.72183609008789
2005-03-14,53.701866149902344
2005-03-15,53.681915283203125
2005-03-16,53.748416900634766
2005-03-17,53.76836395263672
2005-03-18,53.741798400878906
2005-03-21,53.7750244140625
2005-03-22,53.681915283203125
2005-03-23,53.67523956298828
2005-03-24,53.68860626220703
2005-03-28,53.6619758605957
2005-03-29,53.701866149902344
2005-03-30,53.70849609375
2005-03-31,53.7816276550293
2005-04-01,53.815032958984375
2005-04-04,53.815032958984375
2005-04-05,53.82835388183594
2005-04-06,53.86835861206055
2005-04-07,53.84833526611328
2005-04-08,53.84168243408203
2005-04-11,53.84168243408203
2005-04-12,53.875003814697266
2005-04-13,53.95500946044922
2005-04-14,54.001625061035156
2005-04-15,54.08831787109375
2005-04-18,54.061622619628906
2005-04-19,54.128318786621094
2005-04-20,54.10835266113281
2005-04-21,54.01493835449219
2005-04-22,54.02836608886719
2005-04-25,54.04167938232422
2005-04-26,54.02836608886719
2005-04-27,54.06834030151367
2005-04-28,54.11498260498047
2005-04-29,54.061622619628906
2005-05-02,54.06834411621094
2005-05-03,54.1016960144043
2005-05-04,54.12177276611328
2005-05-05,54.17519760131836
2005-05-06,54.054954528808594
2005-05-09,54.028263092041016
2005-05-10,54.06834411621094
2005-05-11,54.1016960144043
2005-05-12,54.12847137451172
2005-05-13,54.18857192993164
2005-05-16,54.17519760131836
2005-05-17,54.17519760131836
2005-05-18,54.22869110107422
2005-05-19,54.148529052734375
2005-05-20,54.148529052734375
2005-05-23,54.181888580322266
2005-05-24,54.21532440185547
2005-05-25,54.23536682128906
2005-05-26,54.21532440185547
2005-05-27,54.23536682128906
2005-05-31,54.275421142578125
2005-06-01,54.38261032104492
2005-06-02,54.36253356933594
2005-06-03,54.295555114746094
2005-06-06,54.322349548339844
2005-06-07,54.335777282714844
2005-06-08,54.322349548339844
2005-06-09,54.28883743286133
2005-06-10,54.242008209228516
2005-06-13,54.242008209228516
2005-06-14,54.25537109375
2005-06-15,54.242008209228516
2005-06-16,54.28883743286133
2005-06-17,54.28215026855469
2005-06-20,54.2687873840332
2005-06-21,54.27547836303711
2005-06-22,54.396034240722656
2005-06-23,54.375938415527344
2005-06-24,54.40267562866211
2005-06-27,54.42280578613281
2005-06-28,54.36253356933594
2005-06-29,54.375938415527344
2005-06-30,54.409393310546875
2005-07-01,54.2590217590332
2005-07-05,54.272438049316406
2005-07-06,54.30603790283203
2005-07-07,54.352989196777344
2005-07-08,54.29262924194336
2005-07-11,54.252323150634766
2005-07-12,54.252323150634766
2005-07-13,54.2590217590332
2005-07-14,54.2590217590332
2005-07-15,54.26570510864258
2005-07-18,54.252323150634766
2005-07-19,54.272438049316406
2005-07-20,54.26570510864258
2005-07-21,54.212074279785156
2005-07-22,54.26570510864258
2005-07-25,54.24561309814453
2005-07-26,54.2321891784668
2005-07-27,54.2321891784668
2005-07-28,54.23896408081055
2005-07-29,54.20534896850586
2005-08-01,54.1723747253418
2005-08-02,54.17912292480469
2005-08-03,54.19931411743164
2005-08-04,54.19931411743164
2005-08-05,54.15223693847656
2005-08-08,54.098358154296875
2005-08-09,54.15891647338867
2005-08-10,54.15891647338867
2005-08-11,54.19931411743164
2005-08-12,54.266597747802734
2005-08-15,54.23969268798828
2005-08-16,54.266597747802734
2005-08-17,54.28004455566406
2005-08-18,54.3271369934082
2005-08-19,54.30693817138672
2005-08-22,54.31369400024414
2005-08-23,54.36749267578125
2005-08-24,54.37419509887695
2005-08-25,54.36749267578125
2005-08-26,54.3271369934082
2005-08-29,54.34056854248047
2005-08-30,54.42131042480469
2005-08-31,54.562557220458984
2005-09-01,54.628684997558594
2005-09-02,54.69618606567383
2005-09-06,54.608497619628906
2005-09-07,54.567989349365234
2005-09-08,54.54095458984375
2005-09-09,54.554500579833984
2005-09-12,54.534244537353516
2005-09-13,54.567989349365234
2005-09-14,54.56122589111328
2005-09-15,54.54773712158203
2005-09-16,54.50725555419922
2005-09-19,54.5207405090332
2005-09-20,54.48029327392578
2005-09-21,54.534244537353516
2005-09-22,54.554500579833984
2005-09-23,54.50725555419922
2005-09-26,54.466796875
2005-09-27,54.446571350097656
2005-09-28,54.466796875
2005-09-29,54.446571350097656
2005-09-30,54.3993034362793
2005-10-03,54.37492752075195
2005-10-04,54.368167877197266
2005-10-05,54.39525604248047
2005-10-06,54.39525604248047
2005-10-07,54.43585205078125
2005-10-10,54.42911911010742
2005-10-11,54.415584564208984
2005-10-12,54.37492752075195
2005-10-13,54.37492752075195
2005-10-14,54.38850402832031
2005-10-17,54.3614387512207
2005-10-18,54.4088134765625
2005-10-19,54.43585205078125
2005-10-20,54.43585205078125
2005-10-21,54.469688415527344
2005-10-24,54.44936752319336
2005-10-25,54.354652404785156
2005-10-26,54.3343620300293
2005-10-27,54.37492752075195
2005-10-28,54.37492752075195
2005-10-31,54.354652404785156
2005-11-01,54.36964797973633
2005-11-02,54.36280822753906
2005-11-03,54.335636138916016
2005-11-04,54.335636138916016
2005-11-07,54.328880310058594
2005-11-08,54.39674758911133
2005-11-09,54.328880310058594
2005-11-10,54.403564453125
2005-11-11,54.42390823364258
2005-11-14,54.34244918823242
2005-11-15,54.3831787109375
2005-11-16,54.45101547241211
2005-11-17,54.498531341552734
2005-11-18,54.498531341552734
2005-11-21,54.53248977661133
2005-11-22,54.607086181640625
2005-11-23,54.5391731262207
2005-11-25,54.586753845214844
2005-11-28,54.60034942626953
2005-11-29,54.55958557128906
2005-11-30,54.56642532348633
2005-12-01,54.512630462646484
2005-12-02,54.560245513916016
2005-12-05,54.4990234375
2005-12-06,54.57382583618164
2005-12-07,54.580650329589844
2005-12-08,54.64872741699219
2005-12-09,54.59428787231445
2005-12-12,54.58749008178711
2005-12-13,54.61471176147461
2005-12-14,54.67596435546875
2005-12-15,54.67596435546875
2005-12-16,54.709964752197266
2005-12-19,54.67596435546875
2005-12-20,54.669166564941406
2005-12-21,54.669166564941406
2005-12-22,54.71675109863281
2005-12-23,54.74406433105469
2005-12-27,54.750789642333984
2005-12-28,54.81840896606445
2005-12-29,54.777427673339844
2005-12-30,54.75697708129883
2006-01-03,54.83208084106445
2006-01-04,54.88669204711914
2006-01-05,54.83894348144531
2006-01-06,54.85256576538086
2006-01-09,54.85936737060547
2006-01-10,54.80475616455078
2006-01-11,54.80475616455078
2006-01-12,54.83208084106445
2006-01-13,54.9412727355957
2006-01-17,54.92081069946289
2006-01-18,54.91397476196289
2006-01-19,54.92081069946289
2006-01-20,54.9412727355957
2006-01-23,54.9481086730957
2006-01-24,54.93442916870117
2006-01-25,54.85936737060547
2006-01-26,54.86616134643555
2006-01-27,54.82518768310547
2006-01-30,54.85256576538086
2006-01-31,54.85256576538086
2006-02-01,54.80252456665039
2006-02-02,54.80252456665039
2006-02-03,54.82994079589844
2006-02-06,54.80252456665039
2006-02-07,54.80936813354492
2006-02-08,54.78886032104492
2006-02-09,54.77519607543945
2006-02-10,54.73406982421875
2006-02-13,54.77519607543945
2006-02-14,54.77519607543945
2006-02-15,54.76830291748047
2006-02-16,54.80936813354492
2006-02-17,54.85050964355469
2006-02-21,54.80936813354492
2006-02-22,54.85050964355469
2006-02-23,54.80252456665039
2006-02-24,54.823123931884766
2006-02-27,54.79567337036133
2006-02-28,54.87102127075195
2006-03-01,54.842857360839844
2006-03-02,54.863468170166016
2006-03-03,54.8084602355957
2006-03-06,54.829105377197266
2006-03-07,54.829105377197266
2006-03-08,54.863468170166016
2006-03-09,54.88405990600586
2006-03-10,54.829105377197266
2006-03-13,54.829105377197266
2006-03-14,54.93906021118164
2006-03-15,54.95281982421875
2006-03-16,55.04901123046875
2006-03-17,55.02843475341797
2006-03-20,55.05587387084961
2006-03-21,54.959659576416016
2006-03-22,54.97340393066406
2006-03-23,54.959659576416016
2006-03-24,55.03525161743164
2006-03-27,55.021514892578125
2006-03-28,54.97340393066406
2006-03-29,54.97340393066406
2006-03-30,54.945953369140625
2006-03-31,54.96656799316406
2006-04-03,54.936180114746094
2006-04-04,54.977516174316406
2006-04-05,54.98445510864258
2006-04-06,54.977516174316406
2006-04-07,54.94309616088867
2006-04-10,54.95687484741211
2006-04-11,55.00516891479492
2006-04-12,54.97071075439453
2006-04-13,54.96377182006836
2006-04-17,54.99824523925781
2006-04-18,55.07413864135742
2006-04-19,55.06027603149414
2006-04-20,55.03963088989258
2006-04-21,55.03963088989258
2006-04-24,55.06718826293945
2006-04-25,55.025856018066406
2006-04-26,54.98445510864258
2006-04-27,55.07413864135742
2006-04-28,55.087913513183594
2006-05-01,55.05535888671875
2006-05-02,55.06230163574219
2006-05-03,55.06230163574219
2006-05-04,55.0692024230957
2006-05-05,55.08302688598633
2006-05-08,55.07615661621094
2006-05-09,55.08302688598633
2006-05-10,55.08302688598633
2006-05-11,55.10377883911133
2006-05-12,55.08302688598633
2006-05-15,55.11069869995117
2006-05-16,55.15911865234375
2006-05-17,55.13144302368164
2006-05-18,55.18679428100586
2006-05-19,55.17296600341797
2006-05-22,55.17296600341797
2006-05-23,55.20756149291992
2006-05-24,55.24211883544922
2006-05-25,55.24211883544922
2006-05-26,55.26287841796875
2006-05-30,55.22140884399414
2006-05-31,55.17985916137695
2006-06-01,55.24793243408203
2006-06-02,55.33119201660156
2006-06-05,55.2826042175293
2006-06-06,55.2826042175293
2006-06-07,55.24793243408203
2006-06-08,55.31033706665039
2006-06-09,55.31033706665039
2006-06-12,55.317298889160156
2006-06-13,55.303436279296875
2006-06-14,55.24793243408203
2006-06-15,55.23401641845703
2006-06-16,55.206268310546875
2006-06-19,55.18544006347656
2006-06-20,55.178470611572266
2006-06-21,55.19234085083008
2006-06-22,55.164608001708984
2006-06-23,55.15073013305664
2006-06-26,55.157684326171875
2006-06-27,55.19234085083008
2006-06-28,55.164608001708984
2006-06-29,55.26179504394531
2006-06-30,55.31033706665039
2006-07-03,55.30202865600586
2006-07-05,55.2532844543457
2006-07-06,55.29500961303711
2006-07-07,55.336822509765625
2006-07-10,55.336822509765625
2006-07-11,55.336822509765625
2006-07-12,55.3576774597168
2006-07-13,55.42738342285156
2006-07-14,55.43431854248047
2006-07-17,55.42738342285156
2006-07-18,55.385589599609375
2006-07-19,55.46219253540039
2006-07-20,55.5318717956543
2006-07-21,55.51792526245117
2006-07-24,55.51792526245117
2006-07-25,55.504005432128906
2006-07-26,55.57363510131836
2006-07-27,55.60152816772461
2006-07-28,55.671142578125
2006-07-31,55.6781005859375
2006-08-01,55.71238327026367
2006-08-02,55.71238327026367
2006-08-03,55.70539855957031
2006-08-04,55.754329681396484
2006-08-07,55.775299072265625
2006-08-08,55.803287506103516
2006-08-09,55.82426071166992
2006-08-10,55.81026077270508
2006-08-11,55.7613410949707
2006-08-14,55.73337173461914
2006-08-15,55.81026077270508
2006-08-16,55.90107727050781
2006-08-17,55.89414596557617
2006-08-18,55.9150505065918
2006-08-21,55.950096130371094
2006-08-22,55.94306945800781
2006-08-23,55.929080963134766
2006-08-24,55.96400451660156
2006-08-25,55.97800827026367
2006-08-28,55.992008209228516
2006-08-29,56.01300048828125
2006-08-30,56.04793167114258
2006-08-31,56.096832275390625
2006-09-01,56.16071319580078
2006-09-05,56.09754943847656
2006-09-06,56.09754943847656
2006-09-07,56.09754943847656
2006-09-08,56.13264465332031
2006-09-11,56.12560272216797
2006-09-12,56.1536979675293
2006-09-13,56.16071319580078
2006-09-14,56.111568450927734
2006-09-15,56.13264465332031
2006-09-18,56.12560272216797
2006-09-19,56.202781677246094
2006-09-20,56.22378921508789
2006-09-21,56.32203674316406
2006-09-22,56.350120544433594
2006-09-25,56.399208068847656
2006-09-26,56.33608627319336
2006-09-27,56.37818145751953
2006-09-28,56.399208068847656
2006-09-29,56.34307861328125
2006-10-02,56.40926742553711
2006-10-03,56.41632843017578
2006-10-04,56.514892578125
2006-10-05,56.45856475830078
2006-10-06,56.388160705566406
2006-10-09,56.39519500732422
2006-10-10,56.317752838134766
2006-10-11,56.310672760009766
2006-10-12,56.3388786315918
2006-10-13,56.317752838134766
2006-10-16,56.345848083496094
2006-10-17,56.35295486450195
2006-10-18,56.3599967956543
2006-10-19,56.35295486450195
2006-10-20,56.374053955078125
2006-10-23,56.345848083496094
2006-10-24,56.345848083496094
2006-10-25,56.40926742553711
2006-10-26,56.47970199584961
2006-10-27,56.53601837158203
2006-10-30,56.500797271728516
2006-10-31,56.578285217285156
2006-11-01,56.618568420410156
2006-11-02,56.604408264160156
2006-11-03,56.4984130859375
2006-11-06,56.49136734008789
2006-11-07,56.56201934814453
2006-11-08,56.59029006958008
2006-11-09,56.583187103271484
2006-11-10,56.625614166259766
2006-11-13,56.625614166259766
2006-11-14,56.63269805908203
2006-11-15,56.597354888916016
2006-11-16,56.57612228393555
2006-11-17,56.6468505859375
2006-11-20,56.66096496582031
2006-11-21,56.675113677978516
2006-11-22,56.71749496459961
2006-11-24,56.724571228027344
2006-11-27,56.759883880615234
2006-11-28,56.78818893432617
2006-11-29,56.78818893432617
2006-11-30,56.851810455322266
2006-12-01,56.963134765625
2006-12-04,56.956024169921875
2006-12-05,56.956024169921875
2006-12-06,56.948951721191406
2006-12-07,56.93480682373047
2006-12-08,56.86384201049805
2006-12-11,56.870933532714844
2006-12-12,56.948951721191406
2006-12-13,56.870933532714844
2006-12-14,56.8425407409668
2006-12-15,56.86384201049805
2006-12-18,56.86384201049805
2006-12-19,56.870933532714844
2006-12-20,56.906375885009766
2006-12-21,56.948951721191406
2006-12-22,56.94189453125
2006-12-26,56.94189453125
2006-12-27,56.91053771972656
2006-12-28,56.87499237060547
2006-12-29,56.889259338378906
2007-01-03,56.94615936279297
2007-01-04,57.003055572509766
2007-01-05,56.96747970581055
2007-01-08,56.931846618652344
2007-01-09,56.953216552734375
2007-01-10,56.939029693603516
2007-01-11,56.89631652832031
2007-01-12,56.86077117919922
2007-01-16,56.91769027709961
2007-01-17,56.89631652832031
2007-01-18,56.91769027709961
2007-01-19,56.91053771972656
2007-01-22,56.931846618652344
2007-01-23,56.903446197509766
2007-01-24,56.931846618652344
2007-01-25,56.889259338378906
2007-01-26,56.89631652832031
2007-01-29,56.903446197509766
2007-01-30,56.91769027709961
2007-01-31,56.981693267822266
2007-02-01,56.974586486816406
2007-02-02,56.99599075317383
2007-02-05,56.98172378540039
2007-02-06,57.04599380493164
2007-02-07,57.074562072753906
2007-02-08,57.095951080322266
2007-02-09,57.03880310058594
2007-02-12,57.03880310058594
2007-02-13,57.031715393066406
2007-02-14,57.16027069091797
2007-02-15,57.188812255859375
2007-02-16,57.20314025878906
2007-02-20,57.1959342956543
2007-02-21,57.23163986206055
2007-02-22,57.1959342956543
2007-02-23,57.260223388671875
2007-02-26,57.30306625366211
2007-02-27,57.43876647949219
2007-02-28,57.39594650268555
2007-03-01,57.475460052490234
2007-03-02,57.539939880371094
2007-03-05,57.561458587646484
2007-03-06,57.51129150390625
2007-03-07,57.56861877441406
2007-03-08,57.56861877441406
2007-03-09,57.46828842163086
2007-03-12,57.51845932006836
2007-03-13,57.5972785949707
2007-03-14,57.61159133911133
2007-03-15,57.5972785949707
2007-03-16,57.59010696411133
2007-03-19,57.539939880371094
2007-03-20,57.59010696411133
2007-03-21,57.6832389831543
2007-03-22,57.625911712646484
2007-03-23,57.59010696411133
2007-03-26,57.64741516113281
2007-03-27,57.65458679199219
2007-03-28,57.6832389831543
2007-03-29,57.65458679199219
2007-03-30,57.65458679199219
2007-04-02,57.665348052978516
2007-04-03,57.665348052978516
2007-04-04,57.701324462890625
2007-04-05,57.679786682128906
2007-04-09,57.55028533935547
2007-04-10,57.62222671508789
2007-04-11,57.62222671508789
2007-04-12,57.61505126953125
2007-04-13,57.58628463745117
2007-04-16,57.57906723022461
2007-04-17,57.672569274902344
2007-04-18,57.75168991088867
2007-04-19,57.75168991088867
2007-04-20,57.737300872802734
2007-04-23,57.78049850463867
2007-04-24,57.830848693847656
2007-04-25,57.809242248535156
2007-04-26,57.76607894897461
2007-04-27,57.78765106201172
2007-04-30,57.830848693847656
2007-05-01,57.806243896484375
2007-05-02,57.83515167236328
2007-05-03,57.79182434082031
2007-05-04,57.82070541381836
2007-05-07,57.82070541381836
2007-05-08,57.84953308105469
2007-05-09,57.806243896484375
2007-05-10,57.85676956176758
2007-05-11,57.83515167236328
2007-05-14,57.79182434082031
2007-05-15,57.806243896484375
2007-05-16,57.8640022277832
2007-05-17,57.82789611816406
2007-05-18,57.770172119140625
2007-05-21,57.78461837768555
2007-05-22,57.79905700683594
2007-05-23,57.78461837768555
2007-05-24,57.806243896484375
2007-05-25,57.84234619140625
2007-05-29,57.78461837768555
2007-05-30,57.82789611816406
2007-05-31,57.79182434082031
2007-06-01,57.762107849121094
2007-06-04,57.783905029296875
2007-06-05,57.73311996459961
2007-06-06,57.80558395385742
2007-06-07,57.74042892456055
2007-06-08,57.762107849121094
2007-06-11,57.76936721801758
2007-06-12,57.7186164855957
2007-06-13,57.73311996459961
2007-06-14,57.73311996459961
2007-06-15,57.81285095214844
2007-06-18,57.81285095214844
2007-06-19,57.91421127319336
2007-06-20,57.85627746582031
2007-06-21,57.87800979614258
2007-06-22,57.95770263671875
2007-06-25,58.00843811035156
2007-06-26,57.97218322753906
2007-06-27,57.96493148803711
2007-06-28,57.95042419433594
2007-06-29,58.066341400146484
2007-07-02,58.10419464111328
2007-07-03,58.08235549926758
2007-07-05,58.002410888671875
2007-07-06,57.995094299316406
2007-07-09,58.03873062133789
2007-07-10,58.14778518676758
2007-07-11,58.11871337890625
2007-07-12,58.08235549926758
2007-07-13,58.11143112182617
2007-07-16,58.16958999633789
2007-07-17,58.13324737548828
2007-07-18,58.220497131347656
2007-07-19,58.213253021240234
2007-07-20,58.307743072509766
2007-07-23,58.264129638671875
2007-07-24,58.32229995727539
2007-07-25,58.36594009399414
2007-07-26,58.50409698486328
2007-07-27,58.56954574584961
2007-07-30,58.4968147277832
2007-07-31,58.59138870239258
2007-08-01,58.53445816040039
2007-08-02,58.56364059448242
2007-08-03,58.7096061706543
2007-08-06,58.63658905029297
2007-08-07,58.585514068603516
2007-08-08,58.54170608520508
2007-08-09,58.7096061706543
2007-08-10,58.68772888183594
2007-08-13,58.738826751708984
2007-08-14,58.81908416748047
2007-08-15,58.89936828613281
2007-08-16,59.01612854003906
2007-08-17,59.06721115112305
2007-08-20,59.140220642089844
2007-08-21,59.220481872558594
2007-08-22,59.140220642089844
2007-08-23,59.10371398925781
2007-08-24,58.99421310424805
2007-08-27,59.074485778808594
2007-08-28,59.22780990600586
2007-08-29,59.15477752685547
2007-08-30,59.205909729003906
2007-08-31,59.205909729003906
2007-09-04,59.20296859741211
2007-09-05,59.3568000793457
2007-09-06,59.28353500366211
2007-09-07,59.488677978515625
2007-09-10,59.51066589355469
2007-09-11,59.422767639160156
2007-09-12,59.474029541015625
2007-09-13,59.386112213134766
2007-09-14,59.37881851196289
2007-09-17,59.371456146240234
2007-09-18,59.45204162597656
2007-09-19,59.45204162597656
2007-09-20,59.32748794555664
2007-09-21,59.408050537109375
2007-09-24,59.474029541015625
2007-09-25,59.525306701660156
2007-09-26,59.488677978515625
2007-09-27,59.59860610961914
2007-09-28,59.53266906738281
2007-10-01,59.54514694213867
2007-10-02,59.58190155029297
2007-10-03,59.57453918457031
2007-10-04,59.60395050048828
2007-10-05,59.53777313232422
2007-10-08,59.59660339355469
2007-10-09,59.46425247192383
2007-10-10,59.47898864746094
2007-10-11,59.4936637878418
2007-10-12,59.42750930786133
2007-10-15,59.42750930786133
2007-10-16,59.50102233886719
2007-10-17,59.64072036743164
2007-10-18,59.72158432006836
2007-10-19,59.87602996826172
2007-10-22,59.82449722290039
2007-10-23,59.83191680908203
2007-10-24,59.94959259033203
2007-10-25,59.91279983520508
2007-10-26,59.92013168334961
2007-10-29,59.92013168334961
2007-10-30,59.91279983520508
2007-10-31,59.81721115112305
2007-11-01,60.011314392089844
2007-11-02,60.085147857666016
2007-11-05,60.07770919799805
2007-11-06,60.04085922241211
2007-11-07,60.2105827331543
2007-11-08,60.306541442871094
2007-11-09,60.32866668701172
2007-11-12,60.46891403198242
2007-11-13,60.28435134887695
2007-11-14,60.313934326171875
2007-11-15,60.51318359375
2007-11-16,60.51318359375
2007-11-19,60.71248245239258
2007-11-20,60.690338134765625
2007-11-21,60.8822135925293
2007-11-23,60.815765380859375
2007-11-26,60.985530853271484
2007-11-27,60.801063537597656
2007-11-28,60.74931716918945
2007-11-29,60.860107421875
2007-11-30,60.889564514160156
2007-12-03,61.027339935302734
2007-12-04,61.019901275634766
2007-12-05,61.04213333129883
2007-12-06,60.91628646850586
2007-12-07,60.84960174560547
2007-12-10,60.805171966552734
2007-12-11,61.027339935302734
2007-12-12,60.87180709838867
2007-12-13,60.78300857543945
2007-12-14,60.6348762512207
2007-12-17,60.81259536743164
2007-12-18,60.775550842285156
2007-12-19,60.93105697631836
2007-12-20,60.975486755371094
2007-12-21,60.87922668457031
2007-12-24,60.827388763427734
2007-12-26,60.768184661865234
2007-12-27,60.901153564453125
2007-12-28,60.975494384765625
2007-12-31,61.07209396362305
2008-01-02,61.18351364135742
2008-01-03,61.28009796142578
2008-01-04,61.36928176879883
2008-01-07,61.3321533203125
2008-01-08,61.42128372192383
2008-01-09,61.39155960083008
2008-01-10,61.39155960083008
2008-01-11,61.5625114440918
2008-01-14,61.584781646728516
2008-01-15,61.63676452636719
2008-01-16,61.68877410888672
2008-01-17,61.792850494384766
2008-01-18,61.84487533569336
2008-01-22,62.10495376586914
2008-01-23,62.07521438598633
2008-01-24,61.88193893432617
2008-01-25,62.045440673828125
2008-01-28,62.015750885009766
2008-01-29,61.97859573364258
2008-01-30,62.02320861816406
2008-01-31,62.08267593383789
2008-02-01,62.150394439697266
2008-02-04,62.15789031982422
2008-02-05,62.29937744140625
2008-02-06,62.32176971435547
2008-02-07,62.239803314208984
2008-02-08,62.35155487060547
2008-02-11,62.373897552490234
2008-02-12,62.39625930786133
2008-02-13,62.41864013671875
2008-02-14,62.373897552490234
2008-02-15,62.30690383911133
2008-02-19,62.26214599609375
2008-02-20,62.187686920166016
2008-02-21,62.35905075073242
2008-02-22,62.29199981689453
2008-02-25,62.19513702392578
2008-02-26,62.284523010253906
2008-02-27,62.35905075073242
2008-02-28,62.50798797607422
2008-02-29,62.72414779663086
2008-03-03,62.72635269165039
2008-03-04,62.7114143371582
2008-03-05,62.67407989501953
2008-03-06,62.860694885253906
2008-03-07,62.83086395263672
2008-03-10,62.89802932739258
2008-03-11,62.584476470947266
2008-03-12,62.786075592041016
2008-03-13,62.75618362426758
2008-03-14,62.942832946777344
2008-03-17,63.08467483520508
2008-03-18,62.860694885253906
2008-03-19,62.92786407470703
2008-03-20,62.85322189331055
2008-03-24,62.59196090698242
2008-03-25,62.636688232421875
2008-03-26,62.7711181640625
2008-03-27,62.83829116821289
2008-03-28,62.868202209472656
2008-03-31,62.88307571411133
2008-04-01,62.65567398071289
2008-04-02,62.60332489013672
2008-04-03,62.55841827392578
2008-04-04,62.670631408691406
2008-04-07,62.55093765258789
2008-04-08,62.58839416503906
2008-04-09,62.70804977416992
2008-04-10,62.68559265136719
2008-04-11,62.79030227661133
2008-04-14,62.75289535522461
2008-04-15,62.670631408691406
2008-04-16,62.53596115112305
2008-04-17,62.42379379272461
2008-04-18,62.38640213012695
2008-04-21,62.3265266418457
2008-04-22,62.348941802978516
2008-04-23,62.348941802978516
2008-04-24,62.17695999145508
2008-04-25,62.184383392333984
2008-04-28,62.25173568725586
2008-04-29,62.23676681518555
2008-04-30,62.356449127197266
2008-05-01,62.24553298950195
2008-05-02,62.16307830810547
2008-05-05,62.2305793762207
2008-05-06,62.268035888671875
2008-05-07,62.34303283691406
2008-05-08,62.395469665527344
2008-05-09,62.417884826660156
2008-05-12,62.29798889160156
2008-05-13,62.193115234375
2008-05-14,62.14814758300781
2008-05-15,62.200599670410156
2008-05-16,62.21555709838867
2008-05-19,62.28303146362305
2008-05-20,62.372989654541016
2008-05-21,62.30550003051758
2008-05-22,62.13312911987305
2008-05-23,62.253013610839844
2008-05-27,62.185569763183594
2008-05-28,62.0731201171875
2008-05-29,62.0506706237793
2008-05-30,62.140594482421875
2008-06-02,62.26310729980469
2008-06-03,62.35329818725586
2008-06-04,62.33073043823242
2008-06-05,62.24810791015625
2008-06-06,62.33073043823242
2008-06-09,62.01515197753906
2008-06-10,61.872352600097656
2008-06-11,61.9775390625
2008-06-12,61.67689514160156
2008-06-13,61.74456024169922
2008-06-16,61.78212356567383
2008-06-17,61.902427673339844
2008-06-18,61.96248245239258
2008-06-19,61.84225845336914
2008-06-20,61.95501708984375
2008-06-23,61.88733673095703
2008-06-24,62.00008773803711
2008-06-25,62.0451545715332
2008-06-26,62.22555160522461
2008-06-27,62.25556945800781
2008-06-30,62.2930793762207
2008-07-01,62.27735900878906
2008-07-02,62.284908294677734
2008-07-03,62.390384674072266
2008-07-07,62.42803955078125
2008-07-08,62.43557357788086
2008-07-09,62.541107177734375
2008-07-10,62.46574020385742
2008-07-11,62.3376350402832
2008-07-14,62.48078536987305
2008-07-15,62.571258544921875
2008-07-16,62.510929107666016
2008-07-17,62.4205436706543
2008-07-18,62.307498931884766
2008-07-21,62.3376350402832
2008-07-22,62.284908294677734
2008-07-23,62.254764556884766
2008-07-24,62.42803955078125
2008-07-25,62.345157623291016
2008-07-28,62.473304748535156
2008-07-29,62.4205436706543
2008-07-30,62.43557357788086
2008-07-31,62.563663482666016
2008-08-01,62.575782775878906
2008-08-04,62.56816101074219
2008-08-05,62.53799819946289
2008-08-06,62.545536041259766
2008-08-07,62.68162536621094
2008-08-08,62.628700256347656
2008-08-11,62.545536041259766
2008-08-12,62.65890884399414
2008-08-13,62.651344299316406
2008-08-14,62.674095153808594
2008-08-15,62.71944808959961
2008-08-18,62.7723388671875
2008-08-19,62.817657470703125
2008-08-20,62.90081787109375
2008-08-21,62.847896575927734
2008-08-22,62.73452377319336
2008-08-25,62.84032440185547
2008-08-26,62.817657470703125
2008-08-27,62.85544204711914
2008-08-28,62.825233459472656
2008-08-29,62.85544204711914
2008-09-02,62.935096740722656
2008-09-03,62.95782470703125
2008-09-04,62.995723724365234
2008-09-05,62.972984313964844
2008-09-08,62.942630767822266
2008-09-09,63.04119873046875
2008-09-10,63.05636215209961
2008-09-11,63.03359603881836
2008-09-12,63.04119873046875
2008-09-15,63.488487243652344
2008-09-16,63.374778747558594
2008-09-17,63.67800521850586
2008-09-18,63.473228454589844
2008-09-19,63.11697769165039
2008-09-22,63.162452697753906
2008-09-23,63.2079963684082
2008-09-24,63.344451904296875
2008-09-25,63.23070526123047
2008-09-26,63.23070526123047
2008-09-29,63.5946044921875
2008-09-30,63.344451904296875
2008-10-01,63.54217529296875
2008-10-02,63.679100036621094
2008-10-03,63.854000091552734
2008-10-06,63.98339080810547
2008-10-07,63.99856948852539
2008-10-08,63.72474670410156
2008-10-09,63.76276779174805
2008-10-10,63.8616828918457
2008-10-13,63.5802001953125
2008-10-14,63.59546661376953
2008-10-15,63.8083610534668
2008-10-16,63.77040481567383
2008-10-17,63.816009521484375
2008-10-20,63.77040481567383
2008-10-21,63.899688720703125
2008-10-22,63.990966796875
2008-10-23,63.95289611816406
2008-10-24,64.00614929199219
2008-10-27,63.84645462036133
2008-10-28,63.92250442504883
2008-10-29,63.960514068603516
2008-10-30,64.01375579833984
2008-10-31,64.04418182373047
2008-11-03,64.16409301757812
2008-11-04,64.1412353515625
2008-11-05,64.2557144165039
2008-11-06,64.27869415283203
2008-11-07,64.16409301757812
2008-11-10,64.36260223388672
2008-11-11,64.4084243774414
2008-11-12,64.50767517089844
2008-11-13,64.34732818603516
2008-11-14,64.33203887939453
2008-11-17,64.44657897949219
2008-11-18,64.5152816772461
2008-11-19,64.6069107055664
2008-11-20,64.72914123535156
2008-11-21,64.62223052978516
2008-11-24,64.46187591552734
2008-11-25,64.5152816772461
2008-11-26,64.71379852294922
2008-11-28,64.7520523071289
2008-12-01,64.85852813720703
2008-12-02,64.85086822509766
2008-12-03,64.90444946289062
2008-12-04,64.91981506347656
2008-12-05,64.84318542480469
2008-12-08,64.75129699707031
2008-12-09,64.95045471191406
2008-12-10,64.8661880493164
2008-12-11,65.0194320678711
2008-12-12,65.0500717163086
2008-12-15,65.0959701538086
2008-12-16,65.12667083740234
2008-12-17,64.98875427246094
2008-12-18,65.0194320678711
2008-12-19,64.95814514160156
2008-12-22,64.83553314208984
2008-12-23,64.85086822509766
2008-12-24,64.8661880493164
2008-12-26,64.94283294677734
2008-12-29,65.08586883544922
2008-12-30,65.1473617553711
2008-12-31,65.11660766601562
2009-01-02,64.77052307128906
2009-01-05,64.90127563476562
2009-01-06,64.93202209472656
2009-01-07,64.88582611083984
2009-01-08,64.90127563476562
2009-01-09,64.9474105834961
2009-01-12,64.96282196044922
2009-01-13,64.97048950195312
2009-01-14,65.04742431640625
2009-01-15,64.97818756103516
2009-01-16,65.00898742675781
2009-01-20,65.03972625732422
2009-01-21,64.93971252441406
2009-01-22,64.97048950195312
2009-01-23,64.95510864257812
2009-01-26,64.87049865722656
2009-01-27,64.93971252441406
2009-01-28,64.9166488647461
2009-01-29,64.79358673095703
2009-01-30,64.83206176757812
2009-02-02,64.89215087890625
2009-02-03,64.82280731201172
2009-02-04,64.71498107910156
2009-02-05,64.73035430908203
2009-02-06,64.69182586669922
2009-02-09,64.66873931884766
2009-02-10,64.8150863647461
2009-02-11,64.79969787597656
2009-02-12,64.87676239013672
2009-02-13,64.75347137451172
2009-02-17,64.92288970947266
2009-02-18,64.8150863647461
2009-02-19,64.79193878173828
2009-02-20,64.8459243774414
2009-02-23,64.83821105957031
2009-02-24,64.79193878173828
2009-02-25,64.66873931884766
2009-02-26,64.69949340820312
2009-02-27,64.7380599975586
2009-03-02,64.88383483886719
2009-03-03,64.82987213134766
2009-03-04,64.76044464111328
2009-03-05,64.83755493164062
2009-03-06,64.79129028320312
2009-03-09,64.72956848144531
2009-03-10,64.69097900390625
2009-03-11,64.72185516357422
2009-03-12,64.7449722290039
2009-03-13,64.79895782470703
2009-03-16,64.7141342163086
2009-03-17,64.69862365722656
2009-03-18,64.94564819335938
2009-03-19,64.86846160888672
2009-03-20,64.94564819335938
2009-03-23,64.89158630371094
2009-03-24,64.80675506591797
2009-03-25,64.79129028320312
2009-03-26,64.8761978149414
2009-03-27,64.906982421875
2009-03-30,64.96875762939453
2009-03-31,65.06136322021484
2009-04-01,65.046630859375
2009-04-02,64.93848419189453
2009-04-03,64.79161071777344
2009-04-06,64.83799743652344
2009-04-07,64.86119079589844
2009-04-08,64.86119079589844
2009-04-09,64.78385925292969
2009-04-13,64.90752410888672
2009-04-14,64.96168518066406
2009-04-15,64.99256134033203
2009-04-16,64.8998031616211
2009-04-17,64.83023834228516
2009-04-20,64.89212799072266
2009-04-21,64.8998031616211
2009-04-22,64.8998031616211
2009-04-23,64.85345458984375
2009-04-24,64.85345458984375
2009-04-27,64.9307632446289
2009-04-28,64.86893463134766
2009-04-29,64.8998031616211
2009-04-30,64.95388793945312
2009-05-01,64.90508270263672
2009-05-04,64.8896713256836
2009-05-05,64.8741226196289
2009-05-06,64.91289520263672
2009-05-07,64.81993103027344
2009-05-08,64.86641693115234
2009-05-11,64.97486114501953
2009-05-12,64.9670639038086
2009-05-13,64.998046875
2009-05-14,65.0212631225586
2009-05-15,65.0135498046875
2009-05-18,64.95162200927734
2009-05-19,64.99028015136719
2009-05-20,65.07551574707031
2009-05-21,64.99028015136719
2009-05-22,65.00576782226562
2009-05-26,64.92057037353516
2009-05-27,64.90508270263672
2009-05-28,64.8974380493164
2009-05-29,64.99028015136719
2009-06-01,64.93679809570312
2009-06-02,64.91355895996094
2009-06-03,65.02986907958984
2009-06-04,64.9677963256836
2009-06-05,64.541259765625
2009-06-08,64.37056732177734
2009-06-09,64.51798248291016
2009-06-10,64.51016235351562
2009-06-11,64.51798248291016
2009-06-12,64.58775329589844
2009-06-15,64.63433074951172
2009-06-16,64.70413208007812
2009-06-17,64.77392578125
2009-06-18,64.66529846191406
2009-06-19,64.70413208007812
2009-06-22,64.78948211669922
2009-06-23,64.78948211669922
2009-06-24,64.78170776367188
2009-06-25,64.90579986572266
2009-06-26,64.93679809570312
2009-06-29,64.93679809570312
2009-06-30,64.92906188964844
2009-07-01,64.9927749633789
2009-07-02,65.06259155273438
2009-07-06,65.08597564697266
2009-07-07,65.07818603515625
2009-07-08,65.17912292480469
2009-07-09,65.1480941772461
2009-07-10,65.2101821899414
2009-07-13,65.17139434814453
2009-07-14,65.12481689453125
2009-07-15,64.96942138671875
2009-07-16,65.07039642333984
2009-07-17,65.04706573486328
2009-07-20,65.039306640625
2009-07-21,65.11699676513672
2009-07-22,65.08597564697266
2009-07-23,64.96942138671875
2009-07-24,65.00828552246094
2009-07-27,64.9616928100586
2009-07-28,64.92281341552734
2009-07-29,64.88396453857422
2009-07-30,64.89176177978516
2009-07-31,65.00049591064453
2009-08-03,64.90872955322266
2009-08-04,64.85430908203125
2009-08-05,64.83090209960938
2009-08-06,64.83090209960938
2009-08-07,64.72208404541016
2009-08-10,64.82315826416016
2009-08-11,64.89315032958984
2009-08-12,64.91653442382812
2009-08-13,65.02533721923828
2009-08-14,65.072021484375
2009-08-17,65.14202880859375
2009-08-18,65.1264877319336
2009-08-19,65.15757751464844
2009-08-20,65.14202880859375
2009-08-21,65.04097747802734
2009-08-24,65.11870574951172
2009-08-25,65.11870574951172
2009-08-26,65.15757751464844
2009-08-27,65.14973449707031
2009-08-28,65.2198486328125
2009-08-31,65.26647186279297
2009-09-01,65.31945037841797
2009-09-02,65.38954162597656
2009-09-03,65.3272476196289
2009-09-04,65.2960433959961
2009-09-08,65.30389404296875
2009-09-09,65.31167602539062
2009-09-10,65.35057067871094
2009-09-11,65.3272476196289
2009-09-14,65.28826141357422
2009-09-15,65.31945037841797
2009-09-16,65.23373413085938
2009-09-17,65.3272476196289
2009-09-18,65.26490783691406
2009-09-21,65.28826141357422
2009-09-22,65.27273559570312
2009-09-23,65.3739013671875
2009-09-24,65.38954162597656
2009-09-25,65.36615753173828
2009-09-28,65.35836029052734
2009-09-29,65.35057067871094
2009-09-30,65.42064666748047
2009-10-01,65.48612976074219
2009-10-02,65.50953674316406
2009-10-05,65.50953674316406
2009-10-06,65.47059631347656
2009-10-07,65.55632781982422
2009-10-08,65.4939956665039
2009-10-09,65.40042877197266
2009-10-12,65.47838592529297
2009-10-13,65.51731872558594
2009-10-14,65.4315414428711
2009-10-15,65.39260864257812
2009-10-16,65.4315414428711
2009-10-19,65.4315414428711
2009-10-20,65.4627685546875
2009-10-21,65.4315414428711
2009-10-22,65.43939208984375
2009-10-23,65.3302230834961
2009-10-26,65.2600326538086
2009-10-27,65.39260864257812
2009-10-28,65.48612976074219
2009-10-29,65.4315414428711
2009-10-30,65.50953674316406
2009-11-02,65.51732635498047
2009-11-03,65.5095443725586
2009-11-04,65.50171661376953
2009-11-05,65.5642318725586
2009-11-06,65.61116790771484
2009-11-09,65.61116790771484
2009-11-10,65.59546661376953
2009-11-11,65.66586303710938
2009-11-12,65.65803527832031
2009-11-13,65.6736068725586
2009-11-16,65.71275329589844
2009-11-17,65.72833251953125
2009-11-18,65.72833251953125
2009-11-19,65.75178527832031
2009-11-20,65.76744842529297
2009-11-23,65.75962829589844
2009-11-24,65.81436920166016
2009-11-25,65.84554290771484
2009-11-27,65.8924560546875
2009-11-30,65.90034484863281
2009-12-01,65.916748046875
2009-12-02,65.86177825927734
2009-12-03,65.82237243652344
2009-12-04,65.6571273803711
2009-12-07,65.79869842529297
2009-12-08,65.86177825927734
2009-12-09,65.81452178955078
2009-12-10,65.79090118408203
2009-12-11,65.7200927734375
2009-12-14,65.64921569824219
2009-12-15,65.6335220336914
2009-12-16,65.68077850341797
2009-12-17,65.80667877197266
2009-12-18,65.7594223022461
2009-12-21,65.6571273803711
2009-12-22,65.57845306396484
2009-12-23,65.57845306396484
2009-12-24,65.4997787475586
2009-12-28,65.40534973144531
2009-12-29,65.44868469238281
2009-12-30,65.42498779296875
2009-12-31,65.34622955322266
2010-01-04,65.4328842163086
2010-01-05,65.51165008544922
2010-01-06,65.51951599121094
2010-01-07,65.50379943847656
2010-01-08,65.5667953491211
2010-01-11,65.59835815429688
2010-01-12,65.65345764160156
2010-01-13,65.59835815429688
2010-01-14,65.66128540039062
2010-01-15,65.7164535522461
2010-01-19,65.73217010498047
2010-01-20,65.73217010498047
2010-01-21,65.78739166259766
2010-01-22,65.842529296875
2010-01-25,65.78739166259766
2010-01-26,65.79522705078125
2010-01-27,65.77163696289062
2010-01-28,65.80310821533203
2010-01-29,65.86611938476562
2010-02-01,65.83778381347656
2010-02-02,65.84557342529297
2010-02-03,65.79827117919922
2010-02-04,65.89295959472656
2010-02-05,65.99542999267578
2010-02-08,65.94812774658203
2010-02-09,65.88506317138672
2010-02-10,65.81411743164062
2010-02-11,65.83778381347656
2010-02-12,65.89295959472656
2010-02-16,65.90081787109375
2010-02-17,65.84557342529297
2010-02-18,65.80620574951172
2010-02-19,65.78252410888672
2010-02-22,65.80620574951172
2010-02-23,65.86138916015625
2010-02-24,65.89295959472656
2010-02-25,65.94812774658203
2010-02-26,65.97175598144531
2010-03-01,65.95993041992188
2010-03-02,65.95993041992188
2010-03-03,65.95208740234375
2010-03-04,65.92841339111328
2010-03-05,65.87313842773438
2010-03-08,65.84156036376953
2010-03-09,65.88890838623047
2010-03-10,65.87313842773438
2010-03-11,65.7942123413086
2010-03-12,65.80211639404297
2010-03-15,65.8258056640625
2010-03-16,65.84156036376953
2010-03-17,65.85733795166016
2010-03-18,65.81787109375
2010-03-19,65.77053833007812
2010-03-22,65.7942123413086
2010-03-23,65.77053833007812
2010-03-24,65.66796875
2010-03-25,65.69161987304688
2010-03-26,65.73110961914062
2010-03-29,65.76256561279297
2010-03-30,65.7469253540039
2010-03-31,65.7942123413086
2010-04-01,65.7705307006836
2010-04-05,65.58883666992188
2010-04-06,65.63621520996094
2010-04-07,65.7388916015625
2010-04-08,65.72314453125
2010-04-09,65.7388916015625
2010-04-12,65.7705307006836
2010-04-13,65.7547378540039
2010-04-14,65.7547378540039
2010-04-15,65.8021011352539
2010-04-16,65.90482330322266
2010-04-19,65.84159088134766
2010-04-20,65.84947967529297
2010-04-21,65.85740661621094
2010-04-22,65.81006622314453
2010-04-23,65.78633880615234
2010-04-26,65.78633880615234
2010-04-27,65.9127197265625
2010-04-28,65.89688873291016
2010-04-29,65.9127197265625
2010-04-30,65.99169921875
2010-05-03,65.92689514160156
2010-05-04,65.96643829345703
2010-05-05,66.05335998535156
2010-05-06,66.19569396972656
2010-05-07,66.17200469970703
2010-05-10,66.08496856689453
2010-05-11,66.12457275390625
2010-05-12,66.10873413085938
2010-05-13,66.14827728271484
2010-05-14,66.23522186279297
2010-05-17,66.21151733398438
2010-05-18,66.28263092041016
2010-05-19,66.25105285644531
2010-05-20,66.33008575439453
2010-05-21,66.28263092041016
2010-05-24,66.2748031616211
2010-05-25,66.26680755615234
2010-05-26,66.21151733398438
2010-05-27,66.16412353515625
2010-05-28,66.29059600830078
2010-06-01,66.29138946533203
2010-06-02,66.24390411376953
2010-06-03,66.22809600830078
2010-06-04,66.37834930419922
2010-06-07,66.35465240478516
2010-06-08,66.34679412841797
2010-06-09,66.35465240478516
2010-06-10,66.26766204833984
2010-06-11,66.33881378173828
2010-06-14,66.35465240478516
2010-06-15,66.32296752929688
2010-06-16,66.33881378173828
2010-06-17,66.37834930419922
2010-06-18,66.38630676269531
2010-06-21,66.3942642211914
2010-06-22,66.42586517333984
2010-06-23,66.47338104248047
2010-06-24,66.48920440673828
2010-06-25,66.5129623413086
2010-06-28,66.55252075195312
2010-06-29,66.58415985107422
2010-06-30,66.568359375
2010-07-01,66.54694366455078
2010-07-02,66.54694366455078
2010-07-06,66.54694366455078
2010-07-07,66.5390625
2010-07-08,66.54694366455078
2010-07-09,66.5232162475586
2010-07-12,66.53113555908203
2010-07-13,66.48355865478516
2010-07-14,66.55487060546875
2010-07-15,66.5707015991211
2010-07-16,66.63404083251953
2010-07-19,66.61032104492188
2010-07-20,66.63404083251953
2010-07-21,66.66574096679688
2010-07-22,66.64201354980469
2010-07-23,66.61032104492188
2010-07-26,66.58662414550781
2010-07-27,66.54694366455078
2010-07-28,66.61032104492188
2010-07-29,66.66574096679688
2010-07-30,66.69746398925781
2010-08-02,66.68238830566406
2010-08-03,66.72996520996094
2010-08-04,66.67447662353516
2010-08-05,66.75370025634766
2010-08-06,66.76957702636719
2010-08-09,66.72996520996094
2010-08-10,66.76167297363281
2010-08-11,66.77745056152344
2010-08-12,66.76167297363281
2010-08-13,66.75370025634766
2010-08-16,66.81716918945312
2010-08-17,66.80127716064453
2010-08-18,66.81716918945312
2010-08-19,66.8329849243164
2010-08-20,66.80921173095703
2010-08-23,66.81716918945312
2010-08-24,66.86471557617188
2010-08-25,66.80127716064453
2010-08-26,66.80127716064453
2010-08-27,66.75370025634766
2010-08-30,66.8329849243164
2010-08-31,66.85677337646484
2010-09-01,66.81712341308594
2010-09-02,66.80122375488281
2010-09-03,66.76950073242188
2010-09-07,66.8409194946289
2010-09-08,66.7933120727539
2010-09-09,66.72189331054688
2010-09-10,66.71398162841797
2010-09-13,66.76950073242188
2010-09-14,66.81712341308594
2010-09-15,66.83292388916016
2010-09-16,66.84884643554688
2010-09-17,66.86470031738281
2010-09-20,66.8727035522461
2010-09-21,66.9202651977539
2010-09-22,66.91231536865234
2010-09-23,66.9202651977539
2010-09-24,66.91231536865234
2010-09-27,66.92813873291016
2010-09-28,66.94405364990234
2010-09-29,66.92813873291016
2010-09-30,66.93611907958984
2010-10-01,66.947998046875
2010-10-04,66.9560317993164
2010-10-05,66.98768615722656
2010-10-06,66.99564361572266
2010-10-07,67.05120086669922
2010-10-08,67.05120086669922
2010-10-11,67.05917358398438
2010-10-12,67.01152801513672
2010-10-13,67.01951599121094
2010-10-14,66.98768615722656
2010-10-15,67.01152801513672
2010-10-18,67.02740478515625
2010-10-19,67.05917358398438
2010-10-20,67.06708526611328
2010-10-21,67.0750503540039
2010-10-22,67.05917358398438
2010-10-25,67.0750503540039
2010-10-26,67.01152801513672
2010-10-27,66.97980499267578
2010-10-28,67.06708526611328
2010-10-29,67.08299255371094
2010-11-01,67.11237335205078
2010-11-02,67.07270050048828
2010-11-03,67.09651947021484
2010-11-04,67.11237335205078
2010-11-05,67.0567855834961
2010-11-08,67.02493286132812
2010-11-09,66.93754577636719
2010-11-10,66.97732543945312
2010-11-11,66.87399291992188
2010-11-12,66.87399291992188
2010-11-15,66.83429718017578
2010-11-16,66.86609649658203
2010-11-17,66.90581512451172
2010-11-18,66.91372680664062
2010-11-19,66.87399291992188
2010-11-22,66.93754577636719
2010-11-23,66.97732543945312
2010-11-24,66.85813903808594
2010-11-26,66.90581512451172
2010-11-29,66.89784240722656
2010-11-30,66.94551849365234
2010-12-01,66.84530639648438
2010-12-02,66.84530639648438
2010-12-03,66.93276977539062
2010-12-06,66.97257232666016
2010-12-07,66.8532943725586
2010-12-08,66.7498779296875
2010-12-09,66.74195098876953
2010-12-10,66.71807861328125
2010-12-13,66.75789642333984
2010-12-14,66.72607421875
2010-12-15,66.70220184326172
2010-12-16,66.71807861328125
2010-12-17,66.77379608154297
2010-12-20,66.78963470458984
2010-12-21,66.77379608154297
2010-12-22,66.75789642333984
2010-12-23,66.6703872680664
2010-12-27,66.71012878417969
2010-12-28,66.62105560302734
2010-12-29,66.78022003173828
2010-12-30,66.75631713867188
2010-12-31,66.83587646484375
2011-01-03,66.81995391845703
2011-01-04,66.80401611328125
2011-01-05,66.6846923828125
2011-01-06,66.75631713867188
2011-01-07,66.851806640625
2011-01-10,66.88362884521484
2011-01-11,66.84381866455078
2011-01-12,66.84381866455078
2011-01-13,66.86771392822266
2011-01-14,66.86771392822266
2011-01-18,66.851806640625
2011-01-19,66.88362884521484
2011-01-20,66.81208038330078
2011-01-21,66.82795715332031
2011-01-24,66.81995391845703
2011-01-25,66.86771392822266
2011-01-26,66.851806640625
2011-01-27,66.89952850341797
2011-01-28,66.93141174316406
2011-01-31,66.9234390258789
2011-02-01,66.85015106201172
2011-02-02,66.81034088134766
2011-02-03,66.74661254882812
2011-02-04,66.69087982177734
2011-02-07,66.65902709960938
2011-02-08,66.57135772705078
2011-02-09,66.61914825439453
2011-02-10,66.58733367919922
2011-02-11,66.58733367919922
2011-02-14,66.58733367919922
2011-02-15,66.61914825439453
2011-02-16,66.61116027832031
2011-02-17,66.69087982177734
2011-02-18,66.71475219726562
2011-02-22,66.78642272949219
2011-02-23,66.77046966552734
2011-02-24,66.80241394042969
2011-02-25,66.81828308105469
2011-02-28,66.84221649169922
2011-03-01,66.88287353515625
2011-03-02,66.85099792480469
2011-03-03,66.71544647216797
2011-03-04,66.86690521240234
2011-03-07,66.81903839111328
2011-03-08,66.7951431274414
2011-03-09,66.843017578125
2011-03-10,66.914794921875
2011-03-11,66.92267608642578
2011-03-14,66.96257781982422
2011-03-15,66.93067169189453
2011-03-16,67.05024719238281
2011-03-17,67.01836395263672
2011-03-18,66.9864730834961
2011-03-21,66.914794921875
2011-03-22,66.89878845214844
2011-03-23,66.90676879882812
2011-03-24,66.85892486572266
2011-03-25,66.8111572265625
2011-03-28,66.77924346923828
2011-03-29,66.75527954101562
2011-03-30,66.7951431274414
2011-03-31,66.75527954101562
2011-04-01,66.80875396728516
2011-04-04,66.82469940185547
2011-04-05,66.7529296875
2011-04-06,66.7529296875
2011-04-07,66.80078887939453
2011-04-08,66.77684020996094
2011-04-11,66.76889038085938
2011-04-12,66.88054656982422
2011-04-13,66.9124755859375
2011-04-14,66.84868621826172
2011-04-15,66.97626495361328
2011-04-18,66.99224853515625
2011-04-19,67.00822448730469
2011-04-20,67.00017547607422
2011-04-21,66.98424530029297
2011-04-25,66.99224853515625
2011-04-26,67.05606079101562
2011-04-27,67.07994842529297
2011-04-28,67.07994842529297
2011-04-29,67.1119155883789
2011-05-02,67.1007080078125
2011-05-03,67.12469482421875
2011-05-04,67.1566162109375
2011-05-05,67.17256164550781
2011-05-06,67.1805419921875
2011-05-09,67.21253204345703
2011-05-10,67.14859008789062
2011-05-11,67.21253204345703
2011-05-12,67.1805419921875
2011-05-13,67.21253204345703
2011-05-16,67.24440002441406
2011-05-17,67.25238800048828
2011-05-18,67.2204360961914
2011-05-19,67.22846221923828
2011-05-20,67.25238800048828
2011-05-23,67.26036834716797
2011-05-24,67.26036834716797
2011-05-25,67.29231262207031
2011-05-26,67.33220672607422
2011-05-27,67.35623931884766
2011-05-31,67.35623931884766
2011-06-01,67.40092468261719
2011-06-02,67.36096954345703
2011-06-03,67.38496398925781
2011-06-06,67.3929214477539
2011-06-07,67.44084167480469
2011-06-08,67.44883728027344
2011-06-09,67.37699127197266
2011-06-10,67.43293762207031
2011-06-13,67.40894317626953
2011-06-14,67.35298919677734
2011-06-15,67.44883728027344
2011-06-16,67.45684814453125
2011-06-17,67.47283172607422
2011-06-20,67.47283172607422
2011-06-21,67.48084259033203
2011-06-22,67.46485900878906
2011-06-23,67.5047836303711
2011-06-24,67.54473114013672
2011-06-27,67.48084259033203
2011-06-28,67.36096954345703
2011-06-29,67.36096954345703
2011-06-30,67.35298919677734
2011-07-01,67.3297348022461
2011-07-05,67.40972900390625
2011-07-06,67.43375396728516
2011-07-07,67.36974334716797
2011-07-08,67.4657211303711
2011-07-11,67.51372528076172
2011-07-12,67.50569152832031
2011-07-13,67.52168273925781
2011-07-14,67.4976806640625
2011-07-15,67.51372528076172
2011-07-18,67.51372528076172
2011-07-19,67.51372528076172
2011-07-20,67.48973846435547
2011-07-21,67.45773315429688
2011-07-22,67.4657211303711
2011-07-25,67.43375396728516
2011-07-26,67.4737319946289
2011-07-27,67.43375396728516
2011-07-28,67.4737319946289
2011-07-29,67.54564666748047
2011-08-01,67.52247619628906
2011-08-02,67.61048889160156
2011-08-03,67.60249328613281
2011-08-04,67.6665267944336
2011-08-05,67.65048217773438
2011-08-08,67.6744384765625
2011-08-09,67.74652862548828
2011-08-10,67.79454040527344
2011-08-11,67.77850341796875
2011-08-12,67.7864990234375
2011-08-15,67.76249694824219
2011-08-16,67.76249694824219
2011-08-17,67.77850341796875
2011-08-18,67.77049255371094
2011-08-19,67.77049255371094
2011-08-22,67.76249694824219
2011-08-23,67.73051452636719
2011-08-24,67.73051452636719
2011-08-25,67.77049255371094
2011-08-26,67.77850341796875
2011-08-29,67.76249694824219
2011-08-30,67.77850341796875
2011-08-31,67.77850341796875
2011-09-01,67.7977294921875
2011-09-02,67.7657241821289
2011-09-06,67.7737045288086
2011-09-07,67.75768280029297
2011-09-08,67.7817153930664
2011-09-09,67.80571746826172
2011-09-12,67.75768280029297
2011-09-13,67.7657241821289
2011-09-14,67.7657241821289
2011-09-15,67.7737045288086
2011-09-16,67.78978729248047
2011-09-19,67.82171630859375
2011-09-20,67.78978729248047
2011-09-21,67.71764373779297
2011-09-22,67.72566986083984
2011-09-23,67.73374938964844
2011-09-26,67.70967864990234
2011-09-27,67.68566131591797
2011-09-28,67.66159057617188
2011-09-29,67.6776351928711
2011-09-30,67.70967864990234
2011-10-03,67.72486877441406
2011-10-04,67.68485260009766
2011-10-05,67.68485260009766
2011-10-06,67.66879272460938
2011-10-07,67.64485931396484
2011-10-10,67.5887222290039
2011-10-11,67.62074279785156
2011-10-12,67.62074279785156
2011-10-13,67.63674926757812
2011-10-14,67.66879272460938
2011-10-17,67.67675018310547
2011-10-18,67.67675018310547
2011-10-19,67.70083618164062
2011-10-20,67.70882415771484
2011-10-21,67.68485260009766
2011-10-24,67.68485260009766
2011-10-25,67.72486877441406
2011-10-26,67.68485260009766
2011-10-27,67.63674926757812
2011-10-28,67.66879272460938
2011-10-31,67.73292541503906
2011-11-01,67.7392807006836
2011-11-02,67.7553482055664
2011-11-03,67.76336669921875
2011-11-04,67.76336669921875
2011-11-07,67.74728393554688
2011-11-08,67.7392807006836
2011-11-09,67.7553482055664
2011-11-10,67.76336669921875
2011-11-11,67.7313232421875
2011-11-14,67.76336669921875
2011-11-15,67.7553482055664
2011-11-16,67.7392807006836
2011-11-17,67.74728393554688
2011-11-18,67.72328186035156
2011-11-21,67.7313232421875
2011-11-22,67.7392807006836
2011-11-23,67.74728393554688
2011-11-25,67.74728393554688
2011-11-28,67.7553482055664
2011-11-29,67.76336669921875
2011-11-30,67.76336669921875
2011-12-01,67.76741027832031
2011-12-02,67.7513198852539
2011-12-05,67.75934600830078
2011-12-06,67.75934600830078
2011-12-07,67.78337860107422
2011-12-08,67.79145812988281
2011-12-09,67.79145812988281
2011-12-12,67.79145812988281
2011-12-13,67.79145812988281
2011-12-14,67.7753677368164
2011-12-15,67.76741027832031
2011-12-16,67.79945373535156
2011-12-19,67.79145812988281
2011-12-20,67.7753677368164
2011-12-21,67.7513198852539
2011-12-22,67.74327087402344
2011-12-23,67.75934600830078
2011-12-27,67.7344741821289
2011-12-28,67.75054931640625
2011-12-29,67.75850677490234
2011-12-30,67.79862976074219
2012-01-03,67.75850677490234
2012-01-04,67.7666015625
2012-01-05,67.77456665039062
2012-01-06,67.7666015625
2012-01-09,67.78258514404297
2012-01-10,67.79065704345703
2012-01-11,67.81465911865234
2012-01-12,67.80665588378906
2012-01-13,67.8227310180664
2012-01-17,67.83071899414062
2012-01-18,67.8227310180664
2012-01-19,67.8227310180664
2012-01-20,67.80665588378906
2012-01-23,67.81465911865234
2012-01-24,67.81465911865234
2012-01-25,67.85484313964844
2012-01-26,67.86280059814453
2012-01-27,67.87892150878906
2012-01-30,67.85484313964844
2012-01-31,67.85484313964844
2012-02-01,67.83152770996094
2012-02-02,67.8395004272461
2012-02-03,67.8395004272461
2012-02-06,67.82347869873047
2012-02-07,67.80744934082031
2012-02-08,67.80744934082031
2012-02-09,67.77535247802734
2012-02-10,67.7914810180664
2012-02-13,67.75131225585938
2012-02-14,67.76740264892578
2012-02-15,67.77535247802734
2012-02-16,67.75131225585938
2012-02-17,67.73521423339844
2012-02-21,67.71918487548828
2012-02-22,67.75131225585938
2012-02-23,67.74321746826172
2012-02-24,67.72721862792969
2012-02-27,67.74321746826172
2012-02-28,67.75929260253906
2012-02-29,67.75929260253906
2012-03-01,67.74723815917969
2012-03-02,67.76332092285156
2012-03-05,67.76332092285156
2012-03-06,67.76332092285156
2012-03-07,67.74723815917969
2012-03-08,67.72315216064453
2012-03-09,67.72315216064453
2012-03-12,67.7311782836914
2012-03-13,67.6910629272461
2012-03-14,67.59471893310547
2012-03-15,67.63483428955078
2012-03-16,67.67496490478516
2012-03-19,67.62683868408203
2012-03-20,67.61071014404297
2012-03-21,67.65091705322266
2012-03-22,67.6589126586914
2012-03-23,67.66703796386719
2012-03-26,67.6830825805664
2012-03-27,67.70706939697266
2012-03-28,67.6910629272461
2012-03-29,67.71517944335938
2012-03-30,67.70706939697266
2012-04-02,67.72317504882812
2012-04-03,67.67497253417969
2012-04-04,67.69107818603516
2012-04-05,67.71514129638672
2012-04-09,67.76336669921875
2012-04-10,67.79550170898438
2012-04-11,67.78744506835938
2012-04-12,67.79550170898438
2012-04-13,67.80350494384766
2012-04-16,67.80350494384766
2012-04-17,67.80350494384766
2012-04-18,67.81963348388672
2012-04-19,67.82759857177734
2012-04-20,67.82759857177734
2012-04-23,67.84366607666016
2012-04-24,67.81963348388672
2012-04-25,67.83562469482422
2012-04-26,67.84366607666016
2012-04-27,67.82759857177734
2012-04-30,67.84366607666016
2012-05-01,67.84210968017578
2012-05-02,67.8501205444336
2012-05-03,67.84210968017578
2012-05-04,67.86617279052734
2012-05-07,67.86617279052734
2012-05-08,67.87417602539062
2012-05-09,67.86617279052734
2012-05-10,67.85810852050781
2012-05-11,67.86617279052734
2012-05-14,67.85810852050781
2012-05-15,67.8501205444336
2012-05-16,67.84210968017578
2012-05-17,67.80990600585938
2012-05-18,67.8179702758789
2012-05-21,67.82598876953125
2012-05-22,67.80189514160156
2012-05-23,67.83403778076172
2012-05-24,67.80990600585938
2012-05-25,67.84210968017578
2012-05-29,67.82598876953125
2012-05-30,67.85810852050781
2012-05-31,67.88221740722656
2012-06-01,67.88867950439453
2012-06-04,67.88064575195312
2012-06-05,67.89667510986328
2012-06-06,67.87261199951172
2012-06-07,67.86460876464844
2012-06-08,67.86460876464844
2012-06-11,67.86460876464844
2012-06-12,67.83238983154297
2012-06-13,67.82440948486328
2012-06-14,67.83238983154297
2012-06-15,67.8565444946289
2012-06-18,67.84046173095703
2012-06-19,67.83238983154297
2012-06-20,67.8083267211914
2012-06-21,67.81632232666016
2012-06-22,67.82440948486328
2012-06-25,67.82440948486328
2012-06-26,67.8083267211914
2012-06-27,67.8083267211914
2012-06-28,67.81632232666016
2012-06-29,67.81632232666016
2012-07-02,67.83722686767578
2012-07-03,67.82118225097656
2012-07-05,67.8452377319336
2012-07-06,67.869384765625
2012-07-09,67.869384765625
2012-07-10,67.869384765625
2012-07-11,67.87741088867188
2012-07-12,67.89352416992188
2012-07-13,67.90962219238281
2012-07-16,67.93372344970703
2012-07-17,67.92572021484375
2012-07-18,67.94176483154297
2012-07-19,67.9578628540039
2012-07-20,67.96588897705078
2012-07-23,67.97391510009766
2012-07-24,67.9578628540039
2012-07-25,67.96588897705078
2012-07-26,67.96588897705078
2012-07-27,67.91765594482422
2012-07-30,67.94977569580078
2012-07-31,67.96588897705078
2012-08-01,67.9546127319336
2012-08-02,67.96263885498047
2012-08-03,67.93852996826172
2012-08-06,67.9465560913086
2012-08-07,67.9144058227539
2012-08-08,67.8902359008789
2012-08-09,67.8902359008789
2012-08-10,67.90631103515625
2012-08-13,67.9144058227539
2012-08-14,67.89826965332031
2012-08-15,67.87421417236328
2012-08-16,67.86615753173828
2012-08-17,67.87421417236328
2012-08-20,67.87421417236328
2012-08-21,67.87421417236328
2012-08-22,67.9144058227539
2012-08-23,67.92240905761719
2012-08-24,67.92240905761719
2012-08-27,67.9144058227539
2012-08-28,67.92240905761719
2012-08-29,67.92240905761719
2012-08-30,67.93055725097656
2012-08-31,67.97071075439453
2012-09-04,67.96585845947266
2012-09-05,67.96585845947266
2012-09-06,67.93372344970703
2012-09-07,67.94983673095703
2012-09-10,67.93372344970703
2012-09-11,67.94983673095703
2012-09-12,67.94171905517578
2012-09-13,67.96585845947266
2012-09-14,67.93372344970703
2012-09-17,67.93372344970703
2012-09-18,67.94171905517578
2012-09-19,67.94171905517578
2012-09-20,67.92560577392578
2012-09-21,67.93372344970703
2012-09-24,67.94171905517578
2012-09-25,67.92560577392578
2012-09-26,67.94171905517578
2012-09-27,67.94983673095703
2012-09-28,67.98198699951172
2012-10-01,67.98355865478516
2012-10-02,67.967529296875
2012-10-03,67.967529296875
2012-10-04,67.967529296875
2012-10-05,67.93523406982422
2012-10-08,67.94329071044922
2012-10-09,67.94329071044922
2012-10-10,67.93523406982422
2012-10-11,67.92723846435547
2012-10-12,67.95142364501953
2012-10-15,67.93523406982422
2012-10-16,67.93523406982422
2012-10-17,67.89505767822266
2012-10-18,67.90312957763672
2012-10-19,67.90312957763672
2012-10-22,67.87896728515625
2012-10-23,67.91117095947266
2012-10-24,67.90312957763672
2012-10-25,67.87896728515625
2012-10-26,67.89505767822266
2012-10-31,67.93523406982422
2012-11-01,67.919189453125
2012-11-02,67.91117095947266
2012-11-05,67.91117095947266
2012-11-06,67.88699340820312
2012-11-07,67.94329071044922
2012-11-08,67.94329071044922
2012-11-09,67.94329071044922
2012-11-12,67.94329071044922
2012-11-13,67.95142364501953
2012-11-14,67.967529296875
2012-11-15,67.967529296875
2012-11-16,67.967529296875
2012-11-19,67.95941162109375
2012-11-20,67.94329071044922
2012-11-21,67.93523406982422
2012-11-23,67.93523406982422
2012-11-26,67.92723846435547
2012-11-27,67.93523406982422
2012-11-28,67.94329071044922
2012-11-29,67.94329071044922
2012-11-30,67.95142364501953
2012-12-03,67.95940399169922
2012-12-04,67.95940399169922
2012-12-05,67.9755630493164
2012-12-06,67.9755630493164
2012-12-07,67.9755630493164
2012-12-10,67.9755630493164
2012-12-11,67.9755630493164
2012-12-12,67.96751403808594
2012-12-13,67.96751403808594
2012-12-14,67.98358917236328
2012-12-17,67.96751403808594
2012-12-18,67.92723846435547
2012-12-19,67.94328308105469
2012-12-20,67.93524932861328
2012-12-21,67.94328308105469
2012-12-24,67.94328308105469
2012-12-26,67.94413757324219
2012-12-27,67.96829986572266
2012-12-28,67.96829986572266
2012-12-31,67.96829986572266
2013-01-02,67.9521713256836
2013-01-03,67.9521713256836
2013-01-04,67.9601821899414
2013-01-07,67.9601821899414
2013-01-08,67.96829986572266
2013-01-09,67.99246978759766
2013-01-10,67.98443603515625
2013-01-11,67.976318359375
2013-01-14,67.976318359375
2013-01-15,67.98443603515625
2013-01-16,67.98443603515625
2013-01-17,67.976318359375
2013-01-18,67.976318359375
2013-01-22,67.99246978759766
2013-01-23,67.99246978759766
2013-01-24,67.99246978759766
2013-01-25,67.9601821899414
2013-01-28,67.93608856201172
2013-01-29,67.94413757324219
2013-01-30,67.96829986572266
2013-01-31,67.976318359375
2013-02-01,67.9690933227539
2013-02-04,67.98519134521484
2013-02-05,67.98519134521484
2013-02-06,68.00130462646484
2013-02-07,68.00130462646484
2013-02-08,68.00938415527344
2013-02-11,67.98519134521484
2013-02-12,67.9690933227539
2013-02-13,67.9610366821289
2013-02-14,67.9690933227539
2013-02-15,67.97712707519531
2013-02-19,67.9690933227539
2013-02-20,67.9690933227539
2013-02-21,67.99323272705078
2013-02-22,67.99323272705078
2013-02-25,68.00938415527344
2013-02-26,68.02545166015625
2013-02-27,68.02545166015625
2013-02-28,68.01744079589844
2013-03-01,68.03193664550781
2013-03-04,68.02388000488281
2013-03-05,68.01582336425781
2013-03-06,68.00772857666016
2013-03-07,67.9916000366211
2013-03-08,67.99967956542969
2013-03-11,67.9916000366211
2013-03-12,68.00772857666016
2013-03-13,67.9916000366211
2013-03-14,67.9916000366211
2013-03-15,68.01582336425781
2013-03-18,68.03193664550781
2013-03-19,68.02388000488281
2013-03-20,68.01582336425781
2013-03-21,68.02388000488281
2013-03-22,68.00772857666016
2013-03-25,68.00772857666016
2013-03-26,68.01582336425781
2013-03-27,68.03193664550781
2013-03-28,68.03995513916016
2013-04-01,68.04642486572266
2013-04-02,68.04642486572266
2013-04-03,68.03841400146484
2013-04-04,68.06258392333984
2013-04-05,68.06258392333984
2013-04-08,68.04642486572266
2013-04-09,68.04642486572266
2013-04-10,68.04642486572266
2013-04-11,68.04642486572266
2013-04-12,68.05445861816406
2013-04-15,68.06258392333984
2013-04-16,68.06258392333984
2013-04-17,68.06258392333984
2013-04-18,68.06258392333984
2013-04-19,68.06258392333984
2013-04-22,68.07059478759766
2013-04-23,68.06258392333984
2013-04-24,68.07059478759766
2013-04-25,68.06258392333984
2013-04-26,68.07865905761719
2013-04-29,68.0947494506836
2013-04-30,68.08673095703125
2013-05-01,68.10037994384766
2013-05-02,68.09233093261719
2013-05-03,68.06816101074219
2013-05-06,68.06816101074219
2013-05-07,68.06816101074219
2013-05-08,68.07624816894531
2013-05-09,68.06816101074219
2013-05-10,68.06014251708984
2013-05-13,68.04400634765625
2013-05-14,68.04400634765625
2013-05-15,68.05206298828125
2013-05-16,68.06816101074219
2013-05-17,68.05206298828125
2013-05-20,68.06014251708984
2013-05-21,68.06014251708984
2013-05-22,68.03597259521484
2013-05-23,68.05206298828125
2013-05-24,68.03597259521484
2013-05-28,67.98758697509766
2013-05-29,67.98758697509766
2013-05-30,68.00370025634766
2013-05-31,67.99563598632812
2013-06-03,68.01739501953125
2013-06-04,68.01739501953125
2013-06-05,68.02546691894531
2013-06-06,68.01739501953125
2013-06-07,68.00935363769531
2013-06-10,67.98516082763672
2013-06-11,67.97710418701172
2013-06-12,67.9690170288086
2013-06-13,68.00128936767578
2013-06-14,68.04960632324219
2013-06-17,68.04960632324219
2013-06-18,68.04960632324219
2013-06-19,67.9690170288086
2013-06-20,67.96098327636719
2013-06-21,67.9045639038086
2013-06-24,67.87236785888672
2013-06-25,67.86432647705078
2013-06-26,67.896484375
2013-06-27,67.93679809570312
2013-06-28,67.92876434326172
2013-07-01,67.95856475830078
2013-07-02,67.96659088134766
2013-07-03,67.95856475830078
2013-07-05,67.88603210449219
2013-07-08,67.93439483642578
2013-07-09,67.92637634277344
2013-07-10,67.92637634277344
2013-07-11,67.98277282714844
2013-07-12,67.94244384765625
2013-07-15,67.97470092773438
2013-07-16,67.98277282714844
2013-07-17,68.00694274902344
2013-07-18,67.99886322021484
2013-07-19,68.0311050415039
2013-07-22,68.0311050415039
2013-07-23,68.02303314208984
2013-07-24,67.99082946777344
2013-07-25,68.0311050415039
2013-07-26,68.03919982910156
2013-07-29,68.0311050415039
2013-07-30,68.03919982910156
2013-07-31,68.03919982910156
2013-08-01,68.01335144042969
2013-08-02,68.06178283691406
2013-08-05,68.05371856689453
2013-08-06,68.04561614990234
2013-08-07,68.06178283691406
2013-08-08,68.06178283691406
2013-08-09,68.04561614990234
2013-08-12,68.04561614990234
2013-08-13,68.01335144042969
2013-08-14,68.01335144042969
2013-08-15,67.98921966552734
2013-08-16,67.99727630615234
2013-08-19,67.9811019897461
2013-08-20,67.99727630615234
2013-08-21,67.9569320678711
2013-08-22,67.9327392578125
2013-08-23,67.9327392578125
2013-08-26,67.9569320678711
2013-08-27,67.98921966552734
2013-08-28,67.94888305664062
2013-08-29,67.96500396728516
2013-08-30,67.97306823730469
2013-09-03,67.94728088378906
2013-09-04,67.88275146484375
2013-09-05,67.81822967529297
2013-09-06,67.88275146484375
2013-09-09,67.89886474609375
2013-09-10,67.87472534179688
2013-09-11,67.9069595336914
2013-09-12,67.9069595336914
2013-09-13,67.9069595336914
2013-09-16,67.95532989501953
2013-09-17,67.97952270507812
2013-09-18,68.0682373046875
2013-09-19,68.04402923583984
2013-09-20,68.05209350585938
2013-09-23,68.0682373046875
2013-09-24,68.07630157470703
2013-09-25,68.10050964355469
2013-09-26,68.0682373046875
2013-09-27,68.1085205078125
2013-09-30,68.1246337890625
2013-10-01,68.10692596435547
2013-10-02,68.114990234375
2013-10-03,68.114990234375
2013-10-04,68.09078979492188
2013-10-07,68.09078979492188
2013-10-08,68.03433227539062
2013-10-09,68.05854797363281
2013-10-10,68.05854797363281
2013-10-11,68.05854797363281
2013-10-14,68.03433227539062
2013-10-15,68.05854797363281
2013-10-16,68.08271026611328
2013-10-17,68.10692596435547
2013-10-18,68.10692596435547
2013-10-21,68.10692596435547
2013-10-22,68.16346740722656
2013-10-23,68.13920593261719
2013-10-24,68.13115692138672
2013-10-25,68.1473159790039
2013-10-28,68.16346740722656
2013-10-29,68.16346740722656
2013-10-30,68.16346740722656
2013-10-31,68.1714859008789
2013-11-01,68.14649200439453
2013-11-04,68.16260528564453
2013-11-05,68.16260528564453
2013-11-06,68.1787338256836
2013-11-07,68.19487762451172
2013-11-08,68.14649200439453
2013-11-11,68.16260528564453
2013-11-12,68.14649200439453
2013-11-13,68.14649200439453
2013-11-14,68.18680572509766
2013-11-15,68.18680572509766
2013-11-18,68.21907806396484
2013-11-19,68.19487762451172
2013-11-20,68.20293426513672
2013-11-21,68.23523712158203
2013-11-22,68.21907806396484
2013-11-25,68.21907806396484
2013-11-26,68.22710418701172
2013-11-27,68.22710418701172
2013-11-29,68.23523712158203
2013-12-02,68.194091796875
2013-12-03,68.21016693115234
2013-12-04,68.194091796875
2013-12-05,68.2021255493164
2013-12-06,68.17794799804688
2013-12-09,68.17794799804688
2013-12-10,68.2021255493164
2013-12-11,68.17794799804688
2013-12-12,68.15367889404297
2013-12-13,68.16984558105469
2013-12-16,68.16984558105469
2013-12-17,68.18598937988281
2013-12-18,68.18598937988281
2013-12-19,68.14563751220703
2013-12-20,68.12142944335938
2013-12-23,68.11334991455078
2013-12-24,68.08911895751953
2013-12-26,68.0818099975586
2013-12-27,68.11418151855469
2013-12-30,68.13029479980469
2013-12-31,68.11418151855469
2014-01-02,68.1465072631836
2014-01-03,68.12227630615234
2014-01-06,68.13029479980469
2014-01-07,68.13029479980469
2014-01-08,68.06573486328125
2014-01-09,68.0818099975586
2014-01-10,68.1465072631836
2014-01-13,68.16259765625
2014-01-14,68.1465072631836
2014-01-15,68.12227630615234
2014-01-16,68.13838195800781
2014-01-17,68.13838195800781
2014-01-21,68.13029479980469
2014-01-22,68.09801483154297
2014-01-23,68.16259765625
2014-01-24,68.18682861328125
2014-01-27,68.17875671386719
2014-01-28,68.17875671386719
2014-01-29,68.2271499633789
2014-01-30,68.21910095214844
2014-01-31,68.2513427734375
2014-02-03,68.26991271972656
2014-02-04,68.27804565429688
2014-02-05,68.24571228027344
2014-02-06,68.25379943847656
2014-02-07,68.26991271972656
2014-02-10,68.25379943847656
2014-02-11,68.2376708984375
2014-02-12,68.20538330078125
2014-02-13,68.24571228027344
2014-02-14,68.24571228027344
2014-02-18,68.26991271972656
2014-02-19,68.24571228027344
2014-02-20,68.25379943847656
2014-02-21,68.26183319091797
2014-02-24,68.26183319091797
2014-02-25,68.25379943847656
2014-02-26,68.28614807128906
2014-02-27,68.27804565429688
2014-02-28,68.27804565429688
2014-03-03,68.31684112548828
2014-03-04,68.26029968261719
2014-03-05,68.28447723388672
2014-03-06,68.2441177368164
2014-03-07,68.19564056396484
2014-03-10,68.20369720458984
2014-03-11,68.20369720458984
2014-03-12,68.22797393798828
2014-03-13,68.26836395263672
2014-03-14,68.25218963623047
2014-03-17,68.22797393798828
2014-03-18,68.2441177368164
2014-03-19,68.13101959228516
2014-03-20,68.13909149169922
2014-03-21,68.14722442626953
2014-03-24,68.1148681640625
2014-03-25,68.12300872802734
2014-03-26,68.17144012451172
2014-03-27,68.16338348388672
2014-03-28,68.16338348388672
2014-03-31,68.20369720458984
2014-04-01,68.16417694091797
2014-04-02,68.13994598388672
2014-04-03,68.15603637695312
2014-04-04,68.21260833740234
2014-04-07,68.22067260742188
2014-04-08,68.22880554199219
2014-04-09,68.26109313964844
2014-04-10,68.30147552490234
2014-04-11,68.29337310791016
2014-04-14,68.28535461425781
2014-04-15,68.28535461425781
2014-04-16,68.26109313964844
2014-04-17,68.24493408203125
2014-04-21,68.24493408203125
2014-04-22,68.21260833740234
2014-04-23,68.24493408203125
2014-04-24,68.22880554199219
2014-04-25,68.23689270019531
2014-04-28,68.23689270019531
2014-04-29,68.22880554199219
2014-04-30,68.27726745605469
2014-05-01,68.27809143066406
2014-05-02,68.27000427246094
2014-05-05,68.27809143066406
2014-05-06,68.25382232666016
2014-05-07,68.27809143066406
2014-05-08,68.29424285888672
2014-05-09,68.31845092773438
2014-05-12,68.3022689819336
2014-05-13,68.32650756835938
2014-05-14,68.35076141357422
2014-05-15,68.35884857177734
2014-05-16,68.366943359375
2014-05-19,68.38309478759766
2014-05-20,68.39115142822266
2014-05-21,68.39115142822266
2014-05-22,68.3750228881836
2014-05-23,68.35884857177734
2014-05-27,68.3750228881836
2014-05-28,68.39115142822266
2014-05-29,68.38309478759766
2014-05-30,68.3992691040039
2014-06-02,68.35319519042969
2014-06-03,68.33704376220703
2014-06-04,68.36126708984375
2014-06-05,68.36933135986328
2014-06-06,68.35319519042969
2014-06-09,68.30469512939453
2014-06-10,68.28854370117188
2014-06-11,68.31273651123047
2014-06-12,68.33704376220703
2014-06-13,68.29667663574219
2014-06-16,68.28044128417969
2014-06-17,68.223876953125
2014-06-18,68.28044128417969
2014-06-19,68.27235412597656
2014-06-20,68.27235412597656
2014-06-23,68.27235412597656
2014-06-24,68.29667663574219
2014-06-25,68.30469512939453
2014-06-26,68.32086944580078
2014-06-27,68.33704376220703
2014-06-30,68.34510803222656
2014-07-01,68.3168716430664
2014-07-02,68.29254913330078
2014-07-03,68.28445434570312
2014-07-07,68.26834869384766
2014-07-08,68.28445434570312
2014-07-09,68.29254913330078
2014-07-10,68.32491302490234
2014-07-11,68.341064453125
2014-07-14,68.33293914794922
2014-07-15,68.30062103271484
2014-07-16,68.29254913330078
2014-07-17,68.34912872314453
2014-07-18,68.29254913330078
2014-07-21,68.30062103271484
2014-07-22,68.30062103271484
2014-07-23,68.32491302490234
2014-07-24,68.30062103271484
2014-07-25,68.30872344970703
2014-07-28,68.27638244628906
2014-07-29,68.29254913330078
2014-07-30,68.2602767944336
2014-07-31,68.29254913330078
2014-08-01,68.37911224365234
2014-08-04,68.37911224365234
2014-08-05,68.37911224365234
2014-08-06,68.39524841308594
2014-08-07,68.42761993408203
2014-08-08,68.38717651367188
2014-08-11,68.38717651367188
2014-08-12,68.38717651367188
2014-08-13,68.4195327758789
2014-08-14,68.43572235107422
2014-08-15,68.43572235107422
2014-08-18,68.43572235107422
2014-08-19,68.43572235107422
2014-08-20,68.37098693847656
2014-08-21,68.37098693847656
2014-08-22,68.35489654541016
2014-08-25,68.33051300048828
2014-08-26,68.35489654541016
2014-08-27,68.37098693847656
2014-08-28,68.38717651367188
2014-08-29,68.4195327758789
2014-09-02,68.36128234863281
2014-09-03,68.37750244140625
2014-09-04,68.36937713623047
2014-09-05,68.39363861083984
2014-09-08,68.35314178466797
2014-09-09,68.31275939941406
2014-09-10,68.3208236694336
2014-09-11,68.32890319824219
2014-09-12,68.31275939941406
2014-09-15,68.34508514404297
2014-09-16,68.38553619384766
2014-09-17,68.31275939941406
2014-09-18,68.3208236694336
2014-09-19,68.31275939941406
2014-09-22,68.36128234863281
2014-09-23,68.37750244140625
2014-09-24,68.35314178466797
2014-09-25,68.40174865722656
2014-09-26,68.36937713623047
2014-09-29,68.38553619384766
2014-09-30,68.36937713623047
2014-10-01,68.44221496582031
2014-10-02,68.43412017822266
2014-10-03,68.36937713623047
2014-10-06,68.43412017822266
2014-10-07,68.47457885742188
2014-10-08,68.54743957519531
2014-10-09,68.54743957519531
2014-10-10,68.57978057861328
2014-10-13,68.60407257080078
2014-10-14,68.64451599121094
2014-10-15,68.73360443115234
2014-10-16,68.693115234375
2014-10-17,68.65262603759766
2014-10-20,68.693115234375
2014-10-21,68.67691802978516
2014-10-22,68.66073608398438
2014-10-23,68.62835693359375
2014-10-24,68.64451599121094
2014-10-27,68.64451599121094
2014-10-28,68.62835693359375
2014-10-29,68.53931427001953
2014-10-30,68.56362915039062
2014-10-31,68.54743957519531
2014-11-03,68.53850555419922
2014-11-04,68.5303955078125
2014-11-05,68.51420593261719
2014-11-06,68.4980239868164
2014-11-07,68.54660034179688
2014-11-10,68.4980239868164
2014-11-11,68.48994445800781
2014-11-12,68.51420593261719
2014-11-13,68.5303955078125
2014-11-14,68.56282806396484
2014-11-17,68.5547103881836
2014-11-18,68.54660034179688
2014-11-19,68.53850555419922
2014-11-20,68.5547103881836
2014-11-21,68.57089233398438
2014-11-24,68.57896423339844
2014-11-25,68.58708190917969
2014-11-26,68.59516906738281
2014-11-28,68.61947631835938
2014-12-01,68.61862182617188
2014-12-02,68.57816314697266
2014-12-03,68.54573822021484
2014-12-04,68.5863037109375
2014-12-05,68.45669555664062
2014-12-08,68.44857025146484
2014-12-09,68.47290802001953
2014-12-10,68.52957153320312
2014-12-11,68.4972152709961
2014-12-12,68.56198120117188
2014-12-15,68.51339721679688
2014-12-16,68.55386352539062
2014-12-17,68.48908233642578
2014-12-18,68.44857025146484
2014-12-19,68.39997100830078
2014-12-22,68.41618347167969
2014-12-23,68.34333038330078
2014-12-24,68.37815856933594
2014-12-26,68.35383605957031
2014-12-29,68.41858673095703
2014-12-30,68.4429702758789
2014-12-31,68.41858673095703
2015-01-02,68.49154663085938
2015-01-05,68.49154663085938
2015-01-06,68.52400207519531
2015-01-07,68.55638885498047
2015-01-08,68.54828643798828
2015-01-09,68.6050033569336
2015-01-12,68.6455078125
2015-01-13,68.6860122680664
2015-01-14,68.72652435302734
2015-01-15,68.83183288574219
2015-01-16,68.76703643798828
2015-01-20,68.7346420288086
2015-01-21,68.7346420288086
2015-01-22,68.71033477783203
2015-01-23,68.74272155761719
2015-01-26,68.70220184326172
2015-01-27,68.74272155761719
2015-01-28,68.79135131835938
2015-01-29,68.76703643798828
2015-01-30,68.84808349609375
2015-02-02,68.8261947631836
2015-02-03,68.76942443847656
2015-02-04,68.77751922607422
2015-02-05,68.75324249267578
2015-02-06,68.59112548828125
2015-02-09,68.5830078125
2015-02-10,68.56681823730469
2015-02-11,68.57493591308594
2015-02-12,68.59920501708984
2015-02-13,68.59920501708984
2015-02-17,68.56681823730469
2015-02-18,68.6478500366211
2015-02-19,68.60733032226562
2015-02-20,68.59920501708984
2015-02-23,68.6316909790039
2015-02-24,68.68836212158203
2015-02-25,68.68836212158203
2015-02-26,68.62357330322266
2015-02-27,68.6478500366211
2015-03-02,68.59191131591797
2015-03-03,68.57572174072266
2015-03-04,68.59191131591797
2015-03-05,68.61624145507812
2015-03-06,68.54326629638672
2015-03-09,68.57572174072266
2015-03-10,68.59191131591797
2015-03-11,68.59191131591797
2015-03-12,68.60811614990234
2015-03-13,68.61624145507812
2015-03-16,68.62432861328125
2015-03-17,68.60811614990234
2015-03-18,68.77029418945312
2015-03-19,68.68109130859375
2015-03-20,68.72974395751953
2015-03-23,68.75404357910156
2015-03-24,68.77841186523438
2015-03-25,68.7621841430664
2015-03-26,68.72974395751953
2015-03-27,68.77029418945312
2015-03-30,68.7621841430664
2015-03-31,68.81893920898438
2015-04-01,68.84896087646484
2015-04-02,68.84086608886719
2015-04-06,68.89762115478516
2015-04-07,68.84896087646484
2015-04-08,68.84896087646484
2015-04-09,68.82464599609375
2015-04-10,68.80842590332031
2015-04-13,68.84896087646484
2015-04-14,68.88134765625
2015-04-15,68.88134765625
2015-04-16,68.91386413574219
2015-04-17,68.88134765625
2015-04-20,68.873291015625
2015-04-21,68.88134765625
2015-04-22,68.82464599609375
2015-04-23,68.8570556640625
2015-04-24,68.88134765625
2015-04-27,68.873291015625
2015-04-28,68.84086608886719
2015-04-29,68.84896087646484
2015-04-30,68.84086608886719
2015-05-01,68.81245422363281
2015-05-04,68.81245422363281
2015-05-05,68.79621887207031
2015-05-06,68.7718505859375
2015-05-07,68.74749755859375
2015-05-08,68.84485626220703
2015-05-11,68.77995300292969
2015-05-12,68.7880630493164
2015-05-13,68.8205337524414
2015-05-14,68.88545227050781
2015-05-15,68.88545227050781
2015-05-18,68.84485626220703
2015-05-19,68.80431365966797
2015-05-20,68.82868194580078
2015-05-21,68.85302734375
2015-05-22,68.80431365966797
2015-05-26,68.81245422363281
2015-05-27,68.8205337524414
2015-05-28,68.85302734375
2015-05-29,68.86922454833984
2015-06-01,68.82621002197266
2015-06-02,68.81806182861328
2015-06-03,68.793701171875
2015-06-04,68.80184936523438
2015-06-05,68.73693084716797
2015-06-08,68.77749633789062
2015-06-09,68.7450180053711
2015-06-10,68.7287826538086
2015-06-11,68.7450180053711
2015-06-12,68.7287826538086
2015-06-15,68.76124572753906
2015-06-16,68.78561401367188
2015-06-17,68.83432006835938
2015-06-18,68.85055541992188
2015-06-19,68.86682891845703
2015-06-22,68.81806182861328
2015-06-23,68.80184936523438
2015-06-24,68.83432006835938
2015-06-25,68.81806182861328
2015-06-26,68.77749633789062
2015-06-29,68.8911361694336
2015-06-30,68.8911361694336
2015-07-01,68.83269500732422
2015-07-02,68.93827056884766
2015-07-06,68.9544677734375
2015-07-07,68.94640350341797
2015-07-08,69.01948547363281
2015-07-09,68.97074127197266
2015-07-10,68.90575408935547
2015-07-13,68.87328338623047
2015-07-14,68.90575408935547
2015-07-15,68.93014526367188
2015-07-16,68.89765930175781
2015-07-17,68.88140106201172
2015-07-20,68.84078979492188
2015-07-21,68.84893035888672
2015-07-22,68.84078979492188
2015-07-23,68.84893035888672
2015-07-24,68.86516571044922
2015-07-27,68.91392517089844
2015-07-28,68.89765930175781
2015-07-29,68.88140106201172
2015-07-30,68.84893035888672
2015-07-31,68.9220199584961
2015-08-03,68.94478607177734
2015-08-04,68.83912658691406
2015-08-05,68.84728240966797
2015-08-06,68.86354064941406
2015-08-07,68.83098602294922
2015-08-10,68.83098602294922
2015-08-11,68.92042541503906
2015-08-12,68.92042541503906
2015-08-13,68.86354064941406
2015-08-14,68.83098602294922
2015-08-17,68.87162780761719
2015-08-18,68.86354064941406
2015-08-19,68.92855834960938
2015-08-20,68.90411376953125
2015-08-21,68.9772720336914
2015-08-24,69.0097427368164
2015-08-25,68.9772720336914
2015-08-26,68.9366455078125
2015-08-27,68.94478607177734
2015-08-28,68.91226959228516
2015-08-31,68.88787078857422
2015-09-01,68.91228485107422
2015-09-02,68.92855072021484
2015-09-03,68.92855072021484
2015-09-04,68.93663787841797
2015-09-08,68.91228485107422
2015-09-09,68.8960189819336
2015-09-10,68.92041778564453
2015-09-11,68.94477844238281
2015-09-14,68.92855072021484
2015-09-15,68.83097076416016
2015-09-16,68.8228988647461
2015-09-17,68.97735595703125
2015-09-18,69.00981903076172
2015-09-21,68.96918487548828
2015-09-22,69.00981903076172
2015-09-23,68.98541259765625
2015-09-24,69.02607727050781
2015-09-25,68.99359893798828
2015-09-28,69.04232025146484
2015-09-29,69.0748291015625
2015-09-30,69.09113311767578
2015-10-01,69.09114074707031
2015-10-02,69.18875885009766
2015-10-05,69.13993835449219
2015-10-06,69.13179016113281
2015-10-07,69.11552429199219
2015-10-08,69.09928131103516
2015-10-09,69.09928131103516
2015-10-12,69.08295440673828
2015-10-13,69.10736846923828
2015-10-14,69.20494842529297
2015-10-15,69.16435241699219
2015-10-16,69.13179016113281
2015-10-19,69.15615844726562
2015-10-20,69.11552429199219
2015-10-21,69.13993835449219
2015-10-22,69.16435241699219
2015-10-23,69.10736846923828
2015-10-26,69.10736846923828
2015-10-27,69.13179016113281
2015-10-28,69.04232025146484
2015-10-29,68.99356079101562
2015-10-30,68.99356079101562
2015-11-02,68.95366668701172
2015-11-03,68.94551849365234
2015-11-04,68.87228393554688
2015-11-05,68.87228393554688
2015-11-06,68.80720520019531
2015-11-09,68.79090118408203
2015-11-10,68.823486328125
2015-11-11,68.80720520019531
2015-11-12,68.83158111572266
2015-11-13,68.88854217529297
2015-11-16,68.88854217529297
2015-11-17,68.8641586303711
2015-11-18,68.83971405029297
2015-11-19,68.823486328125
2015-11-20,68.823486328125
2015-11-23,68.8153305053711
2015-11-24,68.8153305053711
2015-11-25,68.823486328125
2015-11-27,68.83971405029297
2015-11-30,68.8153305053711
2015-12-01,68.85685729980469
2015-12-02,68.79985809326172
2015-12-03,68.79985809326172
2015-12-04,68.81615447998047
2015-12-07,68.80802154541016
2015-12-08,68.79985809326172
2015-12-09,68.82429504394531
2015-12-10,68.78357696533203
2015-12-11,68.86499786376953
2015-12-14,68.78357696533203
2015-12-15,68.77545928955078
2015-12-16,68.71847534179688
2015-12-17,68.71847534179688
2015-12-18,68.80802154541016
2015-12-21,68.79985809326172
2015-12-22,68.78357696533203
2015-12-23,68.7591323852539
2015-12-24,68.7860336303711
2015-12-28,68.74531555175781
2015-12-29,68.72904205322266
2015-12-30,68.74531555175781
2015-12-31,68.71273040771484
2016-01-04,68.8023452758789
2016-01-05,68.76158142089844
2016-01-06,68.8023452758789
2016-01-07,68.82674407958984
2016-01-08,68.87566375732422
2016-01-11,68.90005493164062
2016-01-12,68.908203125
2016-01-13,68.94896697998047
2016-01-14,68.96522521972656
2016-01-15,69.02224731445312
2016-01-19,69.01407623291016
2016-01-20,69.0629653930664
2016-01-21,69.05488586425781
2016-01-22,69.03040313720703
2016-01-25,69.03040313720703
2016-01-26,69.0629653930664
2016-01-27,69.07923889160156
2016-01-28,69.07923889160156
2016-01-29,69.16072845458984
2016-02-01,69.1240463256836
2016-02-02,69.21366119384766
2016-02-03,69.22998046875
2016-02-04,69.24626922607422
2016-02-05,69.22998046875
2016-02-08,69.31148529052734
2016-02-09,69.28699493408203
2016-02-10,69.28699493408203
2016-02-11,69.35221862792969
2016-02-12,69.270751953125
2016-02-16,69.22998046875
2016-02-17,69.24626922607422
2016-02-18,69.30335998535156
2016-02-19,69.2381591796875
2016-02-22,69.24626922607422
2016-02-23,69.25442504882812
2016-02-24,69.270751953125
2016-02-25,69.28699493408203
2016-02-26,69.19737243652344
2016-02-29,69.2381591796875
2016-03-01,69.14596557617188
2016-03-02,69.13784790039062
2016-03-03,69.16229248046875
2016-03-04,69.11335754394531
2016-03-07,69.06446075439453
2016-03-08,69.11335754394531
2016-03-09,69.08887481689453
2016-03-10,69.08074951171875
2016-03-11,69.01553344726562
2016-03-14,69.01553344726562
2016-03-15,69.04000091552734
2016-03-16,69.17858123779297
2016-03-17,69.17042541503906
2016-03-18,69.1867446899414
2016-03-21,69.17858123779297
2016-03-22,69.13784790039062
2016-03-23,69.17858123779297
2016-03-24,69.14596557617188
2016-03-28,69.16229248046875
2016-03-29,69.2927474975586
2016-03-30,69.30088806152344
2016-03-31,69.3335189819336
2016-04-01,69.29356384277344
2016-04-04,69.3425064086914
2016-04-05,69.36702728271484
2016-04-06,69.3425064086914
2016-04-07,69.38329315185547
2016-04-08,69.38329315185547
2016-04-11,69.37510681152344
2016-04-12,69.35883331298828
2016-04-13,69.3261489868164
2016-04-14,69.3261489868164
2016-04-15,69.37510681152344
2016-04-18,69.36702728271484
2016-04-19,69.3425064086914
2016-04-20,69.29356384277344
2016-04-21,69.2771987915039
2016-04-22,69.2771987915039
2016-04-25,69.26090240478516
2016-04-26,69.2446060180664
2016-04-27,69.29356384277344
2016-04-28,69.33430480957031
2016-04-29,69.35883331298828
2016-05-02,69.33354187011719
2016-05-03,69.40697479248047
2016-05-04,69.39881134033203
2016-05-05,69.42329406738281
2016-05-06,69.40697479248047
2016-05-09,69.43965911865234
2016-05-10,69.45600128173828
2016-05-11,69.43148803710938
2016-05-12,69.39066314697266
2016-05-13,69.39881134033203
2016-05-16,69.36617279052734
2016-05-17,69.34162139892578
2016-05-18,69.21922302246094
2016-05-19,69.23552703857422
2016-05-20,69.26006317138672
2016-05-23,69.25186920166016
2016-05-24,69.20291900634766
2016-05-25,69.24369049072266
2016-05-26,69.28449249267578
2016-05-27,69.24369049072266
2016-05-31,69.27635192871094
2016-06-01,69.22819519042969
2016-06-02,69.28532409667969
2016-06-03,69.39972686767578
2016-06-06,69.3833236694336
2016-06-07,69.39972686767578
2016-06-08,69.4160385131836
2016-06-09,69.43238067626953
2016-06-10,69.47323608398438
2016-06-13,69.48957824707031
2016-06-14,69.49776458740234
2016-06-15,69.57943725585938
2016-06-16,69.53858184814453
2016-06-17,69.54679107666016
2016-06-20,69.50591278076172
2016-06-21,69.45685577392578
2016-06-22,69.48141479492188
2016-06-23,69.45685577392578
2016-06-24,69.6202621459961
2016-06-27,69.66108703613281
2016-06-28,69.68563079833984
2016-06-29,69.66108703613281
2016-06-30,69.69380187988281
2016-07-01,69.71830749511719
2016-07-05,69.75100708007812
2016-07-06,69.71830749511719
2016-07-07,69.68562316894531
2016-07-08,69.68562316894531
2016-07-11,69.61205291748047
2016-07-12,69.58755493164062
2016-07-13,69.6038818359375
2016-07-14,69.56300354003906
2016-07-15,69.53031921386719
2016-07-18,69.5711669921875
2016-07-19,69.57933044433594
2016-07-20,69.54668426513672
2016-07-21,69.5957260131836
2016-07-22,69.5711669921875
2016-07-25,69.52216339111328
2016-07-26,69.53031921386719
2016-07-27,69.57933044433594
2016-07-28,69.5711669921875
2016-07-29,69.6611099243164
2016-08-01,69.63737487792969
2016-08-02,69.61283111572266
2016-08-03,69.62097930908203
2016-08-04,69.67008209228516
2016-08-05,69.57193756103516
2016-08-08,69.54741668701172
2016-08-09,69.58833312988281
2016-08-10,69.62097930908203
2016-08-11,69.55558013916016
2016-08-12,69.6046371459961
2016-08-15,69.58833312988281
2016-08-16,69.56375885009766
2016-08-17,69.56375885009766
2016-08-18,69.61283111572266
2016-08-19,69.54741668701172
2016-08-22,69.55558013916016
2016-08-23,69.56375885009766
2016-08-24,69.54741668701172
2016-08-25,69.52285766601562
2016-08-26,69.45746612548828
2016-08-29,69.49835205078125
2016-08-30,69.5065689086914
2016-08-31,69.49835205078125
2016-09-01,69.53106689453125
2016-09-02,69.53106689453125
2016-09-06,69.58014678955078
2016-09-07,69.58014678955078
2016-09-08,69.53106689453125
2016-09-09,69.50657653808594
2016-09-12,69.53106689453125
2016-09-13,69.50657653808594
2016-09-14,69.54743957519531
2016-09-15,69.60469818115234
2016-09-16,69.57196807861328
2016-09-19,69.55561828613281
2016-09-20,69.53926849365234
2016-09-21,69.55561828613281
2016-09-22,69.53926849365234
2016-09-23,69.58014678955078
2016-09-26,69.62104797363281
2016-09-27,69.62926483154297
2016-09-28,69.62104797363281
2016-09-29,69.6456527709961
2016-09-30,69.58837890625
2016-10-03,69.57933044433594
2016-10-04,69.52204895019531
2016-10-05,69.48107147216797
2016-10-06,69.48107147216797
2016-10-07,69.50562286376953
2016-10-10,69.47288513183594
2016-10-11,69.46471405029297
2016-10-12,69.46471405029297
2016-10-13,69.4892349243164
2016-10-14,69.47288513183594
2016-10-17,69.53022003173828
2016-10-18,69.5548095703125
2016-10-19,69.5548095703125
2016-10-20,69.52204895019531
2016-10-21,69.53843688964844
2016-10-24,69.51387023925781
2016-10-25,69.51387023925781
2016-10-26,69.4892349243164
2016-10-27,69.50562286376953
2016-10-28,69.50562286376953
2016-10-31,69.5548095703125
2016-11-01,69.55561065673828
2016-11-02,69.59658813476562
2016-11-03,69.60475158691406
2016-11-04,69.62934875488281
2016-11-07,69.60475158691406
2016-11-08,69.53099822998047
2016-11-09,69.44091033935547
2016-11-10,69.41631317138672
2016-11-11,69.41631317138672
2016-11-14,69.30986022949219
2016-11-15,69.33438110351562
2016-11-16,69.32621765136719
2016-11-17,69.3179931640625
2016-11-18,69.27706146240234
2016-11-21,69.26886749267578
2016-11-22,69.25250244140625
2016-11-23,69.21148681640625
2016-11-25,69.20330047607422
2016-11-28,69.24427032470703
2016-11-29,69.25250244140625
2016-11-30,69.22789001464844
2016-12-01,69.19508361816406
2016-12-02,69.26886749267578
2016-12-05,69.26886749267578
2016-12-06,69.25251007080078
2016-12-07,69.27708435058594
2016-12-08,69.26886749267578
2016-12-09,69.26070404052734
2016-12-12,69.236083984375
2016-12-13,69.2279052734375
2016-12-14,69.09671020507812
2016-12-15,69.0639419555664
2016-12-16,69.09671020507812
2016-12-19,69.1295394897461
2016-12-20,69.13777160644531
2016-12-21,69.17053985595703
2016-12-22,69.1877212524414
2016-12-23,69.1877212524414
2016-12-27,69.1549301147461
2016-12-28,69.1795425415039
2016-12-29,69.25335693359375
2016-12-30,69.27802276611328
2017-01-03,69.22054290771484
2017-01-04,69.23695373535156
2017-01-05,69.28620147705078
2017-01-06,69.22874450683594
2017-01-09,69.28620147705078
2017-01-10,69.26155090332031
2017-01-11,69.29438018798828
2017-01-12,69.31897735595703
2017-01-13,69.28620147705078
2017-01-17,69.33544158935547
2017-01-18,69.26973724365234
2017-01-19,69.24516296386719
2017-01-20,69.28620147705078
2017-01-23,69.3518295288086
2017-01-24,69.31079864501953
2017-01-25,69.29438018798828
2017-01-26,69.30260467529297
2017-01-27,69.33544158935547
2017-01-30,69.33544158935547
2017-01-31,69.3518295288086
2017-02-01,69.32801055908203
2017-02-02,69.3526382446289
2017-02-03,69.32801055908203
2017-02-06,69.40190887451172
2017-02-07,69.38550567626953
2017-02-08,69.45109558105469
2017-02-09,69.3936767578125
2017-02-10,69.38550567626953
2017-02-13,69.3690414428711
2017-02-14,69.31979370117188
2017-02-15,69.295166015625
2017-02-16,69.32801055908203
2017-02-17,69.37727355957031
2017-02-21,69.38550567626953
2017-02-22,69.40190887451172
2017-02-23,69.43470001220703
2017-02-24,69.46754455566406
2017-02-27,69.41012573242188
2017-02-28,69.37727355957031
2017-03-01,69.32307434082031
2017-03-02,69.2491455078125
2017-03-03,69.26555633544922
2017-03-06,69.28197479248047
2017-03-07,69.25733947753906
2017-03-08,69.19979858398438
2017-03-09,69.19161987304688
2017-03-10,69.23271179199219
2017-03-13,69.19979858398438
2017-03-14,69.19161987304688
2017-03-15,69.32307434082031
2017-03-16,69.27378845214844
2017-03-17,69.30657958984375
2017-03-20,69.34767150878906
2017-03-21,69.38055419921875
2017-03-22,69.39695739746094
2017-03-23,69.39695739746094
2017-03-24,69.39695739746094
2017-03-27,69.4216079711914
2017-03-28,69.38876342773438
2017-03-29,69.42984008789062
2017-03-30,69.41338348388672
2017-03-31,69.4216079711914
2017-04-03,69.48572540283203
2017-04-04,69.46105194091797
2017-04-05,69.46105194091797
2017-04-06,69.47750854492188
2017-04-07,69.3870849609375
2017-04-10,69.41999053955078
2017-04-11,69.48572540283203
2017-04-12,69.53501892089844
2017-04-13,69.56793212890625
2017-04-17,69.5596923828125
2017-04-18,69.6172103881836
2017-04-19,69.58433532714844
2017-04-20,69.57613372802734
2017-04-21,69.6090087890625
2017-04-24,69.53501892089844
2017-04-25,69.46927642822266
2017-04-26,69.49391174316406
2017-04-27,69.51858520507812
2017-04-28,69.55147552490234
2017-05-01,69.5037612915039
2017-05-02,69.52845001220703
2017-05-03,69.47909545898438
2017-05-04,69.4708480834961
2017-05-05,69.49552917480469
2017-05-08,69.46263122558594
2017-05-09,69.42974090576172
2017-05-10,69.44617462158203
2017-05-11,69.4543685913086
2017-05-12,69.53665161132812
2017-05-15,69.52845001220703
2017-05-16,69.52845001220703
2017-05-17,69.60249328613281
2017-05-18,69.569580078125
2017-05-19,69.58602905273438
2017-05-22,69.56135559082031
2017-05-23,69.53665161132812
2017-05-24,69.57781982421875
2017-05-25,69.57781982421875
2017-05-26,69.569580078125
2017-05-30,69.59423065185547
2017-05-31,69.60249328613281
2017-06-01,69.58930969238281
2017-06-02,69.63871765136719
2017-06-05,69.58108520507812
2017-06-06,69.60577392578125
2017-06-07,69.58108520507812
2017-06-08,69.5645751953125
2017-06-09,69.53992462158203
2017-06-12,69.53170013427734
2017-06-13,69.53170013427734
2017-06-14,69.5645751953125
2017-06-15,69.53992462158203
2017-06-16,69.57280731201172
2017-06-19,69.53170013427734
2017-06-20,69.53992462158203
2017-06-21,69.54813385009766
2017-06-22,69.55638122558594
2017-06-23,69.59752655029297
2017-06-26,69.59752655029297
2017-06-27,69.55638122558594
2017-06-28,69.58930969238281
2017-06-29,69.54813385009766
2017-06-30,69.54813385009766
2017-07-03,69.49624633789062
2017-07-05,69.52095794677734
2017-07-06,69.53742980957031
2017-07-07,69.52919006347656
2017-07-10,69.5621566772461
2017-07-11,69.58686065673828
2017-07-12,69.61978912353516
2017-07-13,69.58686065673828
2017-07-14,69.61978912353516
2017-07-17,69.6280288696289
2017-07-18,69.64453125
2017-07-19,69.64453125
2017-07-20,69.64453125
2017-07-21,69.677490234375
2017-07-24,69.65277099609375
2017-07-25,69.61158752441406
2017-07-26,69.66102600097656
2017-07-27,69.64453125
2017-07-28,69.68570709228516
2017-07-31,69.677490234375
2017-08-01,69.70303344726562
2017-08-02,69.67005920410156
2017-08-03,69.69477081298828
2017-08-04,69.67005920410156
2017-08-07,69.69477081298828
2017-08-08,69.69477081298828
2017-08-09,69.68653869628906
2017-08-10,69.71127319335938
2017-08-11,69.80199432373047
2017-08-14,69.74424743652344
2017-08-15,69.71127319335938
2017-08-16,69.75248718261719
2017-08-17,69.76898956298828
2017-08-18,69.7607192993164
2017-08-21,69.77725219726562
2017-08-22,69.76898956298828
2017-08-23,69.8349609375
2017-08-24,69.76898956298828
2017-08-25,69.79374694824219
2017-08-28,69.76898956298828
2017-08-29,69.80199432373047
2017-08-30,69.81846618652344
2017-08-31,69.81846618652344
2017-09-01,69.80360412597656
2017-09-05,69.86962890625
2017-09-06,69.86138153076172
2017-09-07,69.90267181396484
2017-09-08,69.88611602783203
2017-09-11,69.82012176513672
2017-09-12,69.7871322631836
2017-09-13,69.77056884765625
2017-09-14,69.77885437011719
2017-09-15,69.77056884765625
2017-09-18,69.72933959960938
2017-09-19,69.73756408691406
2017-09-20,69.67982482910156
2017-09-21,69.66332244873047
2017-09-22,69.67982482910156
2017-09-25,69.72107696533203
2017-09-26,69.70458984375
2017-09-27,69.69635772705078
2017-09-28,69.70458984375
2017-09-29,69.68807983398438
2017-10-02,69.74011993408203
2017-10-03,69.69883728027344
2017-10-04,69.83097839355469
2017-10-05,69.68229675292969
2017-10-06,69.65753173828125
2017-10-09,69.65753173828125
2017-10-10,69.67403411865234
2017-10-11,69.66578674316406
2017-10-12,69.65753173828125
2017-10-13,69.69883728027344
2017-10-16,69.63277435302734
2017-10-17,69.6410140991211
2017-10-18,69.61622619628906
2017-10-19,69.65753173828125
2017-10-20,69.61622619628906
2017-10-23,69.61622619628906
2017-10-24,69.5997314453125
2017-10-25,69.58317565917969
2017-10-26,69.58317565917969
2017-10-27,69.63277435302734
2017-10-30,69.66578674316406
2017-10-31,69.62447357177734
2017-11-01,69.61454772949219
2017-11-02,69.63109588623047
2017-11-03,69.58975982666016
2017-11-06,69.63109588623047
2017-11-07,69.59801483154297
2017-11-08,69.58975982666016
2017-11-09,69.58148193359375
2017-11-10,69.55670928955078
2017-11-13,69.54844665527344
2017-11-14,69.56493377685547
2017-11-15,69.54019927978516
2017-11-16,69.54844665527344
2017-11-17,69.50709533691406
2017-11-20,69.48225402832031
2017-11-21,69.46575927734375
2017-11-22,69.52362823486328
2017-11-24,69.52362823486328
2017-11-27,69.52362823486328
2017-11-28,69.53187561035156
2017-11-29,69.51532745361328
2017-11-30,69.4740219116211
2017-12-01,69.48970031738281
2017-12-04,69.4483642578125
2017-12-05,69.44010925292969
2017-12-06,69.47319030761719
2017-12-07,69.4814682006836
2017-12-08,69.4814682006836
2017-12-11,69.4483642578125
2017-12-12,69.4483642578125
2017-12-13,69.52285766601562
2017-12-14,69.49801635742188
2017-12-15,69.46493530273438
2017-12-18,69.46493530273438
2017-12-19,69.43183135986328
2017-12-20,69.44010925292969
2017-12-21,69.43514251708984
2017-12-22,69.41034698486328
2017-12-26,69.40199279785156
2017-12-27,69.43514251708984
2017-12-28,69.44343566894531
2017-12-29,69.45995330810547
2018-01-02,69.43514251708984
2018-01-03,69.43514251708984
2018-01-04,69.40199279785156
2018-01-05,69.40199279785156
2018-01-08,69.40199279785156
2018-01-09,69.37716674804688
2018-01-10,69.40199279785156
2018-01-11,69.37716674804688
2018-01-12,69.36885833740234
2018-01-16,69.36058807373047
2018-01-17,69.33574676513672
2018-01-18,69.31916046142578
2018-01-19,69.343994140625
2018-01-22,69.31085968017578
2018-01-23,69.352294921875
2018-01-24,69.33574676513672
2018-01-25,69.31916046142578
2018-01-26,69.27774047851562
2018-01-29,69.25287628173828
2018-01-30,69.26118469238281
2018-01-31,69.26118469238281
2018-02-01,69.23295593261719
2018-02-02,69.24127197265625
2018-02-05,69.36563110351562
2018-02-06,69.31587982177734
2018-02-07,69.26617431640625
2018-02-08,69.27445220947266
2018-02-09,69.33247375488281
2018-02-12,69.29927062988281
2018-02-13,69.29927062988281
2018-02-14,69.1998062133789
2018-02-15,69.17496490478516
2018-02-16,69.19154357910156
2018-02-20,69.1832275390625
2018-02-21,69.19154357910156
2018-02-22,69.1998062133789
2018-02-23,69.21636199951172
2018-02-26,69.22467803955078
2018-02-27,69.17496490478516
2018-02-28,69.19154357910156
2018-03-01,69.28778839111328
2018-03-02,69.25460052490234
2018-03-05,69.25460052490234
2018-03-06,69.23797607421875
2018-03-07,69.23797607421875
2018-03-08,69.25460052490234
2018-03-09,69.22142028808594
2018-03-12,69.25460052490234
2018-03-13,69.27120971679688
2018-03-14,69.26292419433594
2018-03-15,69.27120971679688
2018-03-16,69.23797607421875
2018-03-19,69.23797607421875
2018-03-20,69.2131118774414
2018-03-21,69.26292419433594
2018-03-22,69.29610443115234
2018-03-23,69.31273651123047
2018-03-26,69.27954864501953
2018-03-27,69.3293228149414
2018-03-28,69.33761596679688
2018-03-29,69.362548828125
2018-04-02,69.38245391845703
2018-04-03,69.34925079345703
2018-04-04,69.30766296386719
2018-04-05,69.32429504394531
2018-04-06,69.38245391845703
2018-04-09,69.37418365478516
2018-04-10,69.34088897705078
2018-04-11,69.34088897705078
2018-04-12,69.29932403564453
2018-04-13,69.28276062011719
2018-04-16,69.27444458007812
2018-04-17,69.27444458007812
2018-04-18,69.21623992919922
2018-04-19,69.21623992919922
2018-04-20,69.19134521484375
2018-04-23,69.1830062866211
2018-04-24,69.1996078491211
2018-04-25,69.19134521484375
2018-04-26,69.20792388916016
2018-04-27,69.22455596923828
2018-04-30,69.1996078491211
2018-05-01,69.1688461303711
2018-05-02,69.19380187988281
2018-05-03,69.24373626708984
2018-05-04,69.21881103515625
2018-05-07,69.21881103515625
2018-05-08,69.22708892822266
2018-05-09,69.19380187988281
2018-05-10,69.19380187988281
2018-05-11,69.19380187988281
2018-05-14,69.19380187988281
2018-05-15,69.15219116210938
2018-05-16,69.15219116210938
2018-05-17,69.1688461303711
2018-05-18,69.20211791992188
2018-05-21,69.20211791992188
2018-05-22,69.20211791992188
2018-05-23,69.2603759765625
2018-05-24,69.30197143554688
2018-05-25,69.3602294921875
2018-05-29,69.55990600585938
2018-05-30,69.47667694091797
2018-05-31,69.44348907470703
2018-06-01,69.39009094238281
2018-06-04,69.3317642211914
2018-06-05,69.37342834472656
2018-06-06,69.34844970703125
2018-06-07,69.41507720947266
2018-06-08,69.3984375
2018-06-11,69.37342834472656
2018-06-12,69.34011840820312
2018-06-13,69.30677795410156
2018-06-14,69.3317642211914
2018-06-15,69.3651351928711
2018-06-18,69.3817367553711
2018-06-19,69.4067611694336
2018-06-20,69.37342834472656
2018-06-21,69.41507720947266
2018-06-22,69.42343139648438
2018-06-25,69.44843292236328
2018-06-26,69.44843292236328
2018-06-27,69.49010467529297
2018-06-28,69.49010467529297
2018-06-29,69.47341918945312
2018-07-02,69.46508026123047
2018-07-03,69.49011993408203
2018-07-05,69.48177337646484
2018-07-06,69.49847412109375
2018-07-09,69.45673370361328
2018-07-10,69.44840240478516
2018-07-11,69.47343444824219
2018-07-12,69.46508026123047
2018-07-13,69.48177337646484
2018-07-16,69.46508026123047
2018-07-17,69.45673370361328
2018-07-18,69.44840240478516
2018-07-19,69.48177337646484
2018-07-20,69.48177337646484
2018-07-23,69.44005584716797
2018-07-24,69.44840240478516
2018-07-25,69.42333984375
2018-07-26,69.42333984375
2018-07-27,69.43168640136719
2018-07-30,69.43168640136719
2018-07-31,69.43168640136719
2018-08-01,69.43839263916016
2018-08-02,69.48014831542969
2018-08-03,69.4885482788086
2018-08-06,69.50529479980469
2018-08-07,69.48014831542969
2018-08-08,69.4885482788086
2018-08-09,69.53034973144531
2018-08-10,69.59723663330078
2018-08-13,69.58049774169922
2018-08-14,69.58049774169922
2018-08-15,69.6139144897461
2018-08-16,69.59723663330078
2018-08-17,69.62229919433594
2018-08-20,69.66411590576172
2018-08-21,69.64740753173828
2018-08-22,69.66411590576172
2018-08-23,69.65576934814453
2018-08-24,69.66411590576172
2018-08-27,69.63904571533203
2018-08-28,69.6139144897461
2018-08-29,69.60557556152344
2018-08-30,69.65576934814453
2018-08-31,69.6724853515625
2018-09-04,69.65656280517578
2018-09-05,69.65656280517578
2018-09-06,69.68167877197266
2018-09-07,69.60633087158203
2018-09-10,69.61468505859375
2018-09-11,69.57279968261719
2018-09-12,69.57279968261719
2018-09-13,69.58116149902344
2018-09-14,69.55610656738281
2018-09-17,69.5393295288086
2018-09-18,69.53095245361328
2018-09-19,69.51423645019531
2018-09-20,69.5393295288086
2018-09-21,69.5226058959961
2018-09-24,69.5226058959961
2018-09-25,69.53095245361328
2018-09-26,69.5393295288086
2018-09-27,69.5393295288086
2018-09-28,69.57279968261719
2018-10-01,69.55353546142578
2018-10-02,69.57872009277344
2018-10-03,69.5451431274414
2018-10-04,69.52835845947266
2018-10-05,69.51998138427734
2018-10-08,69.50325012207031
2018-10-09,69.52835845947266
2018-10-10,69.5451431274414
2018-10-11,69.5702896118164
2018-10-12,69.5702896118164
2018-10-15,69.5954818725586
2018-10-16,69.5702896118164
2018-10-17,69.5702896118164
2018-10-18,69.61225128173828
2018-10-19,69.5702896118164
2018-10-22,69.55353546142578
2018-10-23,69.5954818725586
2018-10-24,69.70448303222656
2018-10-25,69.67936706542969
2018-10-26,69.72127532958984
2018-10-29,69.74641418457031
2018-10-30,69.71290588378906
2018-10-31,69.67936706542969
2018-11-01,69.71798706054688
2018-11-02,69.63395690917969
2018-11-05,69.6591796875
2018-11-06,69.64237213134766
2018-11-07,69.61717224121094
2018-11-08,69.6087875366211
2018-11-09,69.64237213134766
2018-11-12,69.69276428222656
2018-11-13,69.70120239257812
2018-11-14,69.7516098022461
2018-11-15,69.78520202636719
2018-11-16,69.83562469482422
2018-11-19,69.8944091796875
2018-11-20,69.87765502929688
2018-11-21,69.87765502929688
2018-11-23,69.86080932617188
2018-11-26,69.86919403076172
2018-11-27,69.87765502929688
2018-11-28,69.90282440185547
2018-11-29,69.91963958740234
2018-11-30,69.94483947753906
2018-12-03,69.88758087158203
2018-12-04,69.93809509277344
2018-12-06,70.00546264648438
2018-12-07,70.0811538696289
2018-12-10,70.0811538696289
2018-12-11,70.01383209228516
2018-12-12,70.00546264648438
2018-12-13,70.0727310180664
2018-12-14,70.1148681640625
2018-12-17,70.18219757080078
2018-12-18,70.22347259521484
2018-12-19,70.24036407470703
2018-12-20,70.23190307617188
2018-12-21,70.282470703125
2018-12-24,70.34146881103516
2018-12-26,70.27404022216797
2018-12-27,70.349853515625
2018-12-28,70.45103454589844
2018-12-31,70.4763412475586
2019-01-02,70.48473358154297
2019-01-03,70.6280288696289
2019-01-04,70.4763412475586
2019-01-07,70.42576599121094
2019-01-08,70.38362884521484
2019-01-09,70.4173355102539
2019-01-10,70.42576599121094
2019-01-11,70.46791076660156
2019-01-14,70.46791076660156
2019-01-15,70.49317932128906
2019-01-16,70.4763412475586
2019-01-17,70.46791076660156
2019-01-18,70.40887451171875
2019-01-22,70.46791076660156
2019-01-23,70.45103454589844
2019-01-24,70.51006317138672
2019-01-25,70.45942687988281
2019-01-28,70.46791076660156
2019-01-29,70.5015869140625
2019-01-30,70.5943603515625
2019-01-31,70.65335083007812
2019-02-01,70.57058715820312
2019-02-04,70.57058715820312
2019-02-05,70.57058715820312
2019-02-06,70.60433197021484
2019-02-07,70.65504455566406
2019-02-08,70.6803207397461
2019-02-11,70.65504455566406
2019-02-12,70.64656829833984
2019-02-13,70.59590911865234
2019-02-14,70.68875885009766
2019-02-15,70.65504455566406
2019-02-19,70.70565795898438
2019-02-20,70.69723510742188
2019-02-21,70.67185974121094
2019-02-22,70.7225570678711
2019-02-25,70.71407318115234
2019-02-26,70.74785614013672
2019-02-27,70.7309799194336
2019-02-28,70.71407318115234
2019-03-01,70.6667251586914
2019-03-04,70.68364715576172
2019-03-05,70.6921157836914
2019-03-06,70.74282836914062
2019-03-07,70.80207061767578
2019-03-08,70.82745361328125
2019-03-11,70.81053161621094
2019-03-12,70.83589935302734
2019-03-13,70.8443603515625
2019-03-14,70.86128234863281
2019-03-15,70.88668823242188
2019-03-18,70.8697509765625
2019-03-19,70.86128234863281
2019-03-20,70.96279907226562
2019-03-21,70.96279907226562
2019-03-22,71.0811996459961
2019-03-25,71.1573715209961
2019-03-26,71.14891052246094
2019-03-27,71.20809173583984
2019-03-28,71.19966888427734
2019-03-29,71.1573715209961
2019-04-01,71.08448028564453
2019-04-02,71.11836242675781
2019-04-03,71.08448028564453
2019-04-04,71.10143280029297
2019-04-05,71.09291076660156
2019-04-08,71.07598876953125
2019-04-09,71.08448028564453
2019-04-10,71.143798828125
2019-04-11,71.10143280029297
2019-04-12,71.05904388427734
2019-04-15,71.06749725341797
2019-04-16,71.05904388427734
2019-04-17,71.08448028564453
2019-04-18,71.10143280029297
2019-04-22,71.10990142822266
2019-04-23,71.143798828125
2019-04-24,71.18617248535156
2019-04-25,71.18617248535156
2019-04-26,71.26246643066406
2019-04-29,71.2370376586914
2019-04-30,71.28791046142578
2019-05-01,71.22505187988281
2019-05-02,71.19108581542969
2019-05-03,71.21654510498047
2019-05-06,71.25901794433594
2019-05-07,71.29297637939453
2019-05-08,71.28450775146484
2019-05-09,71.3269271850586
2019-05-10,71.34393310546875
2019-05-13,71.42882537841797
2019-05-14,71.42882537841797
2019-05-15,71.47977447509766
2019-05-16,71.43733215332031
2019-05-17,71.45431518554688
2019-05-20,71.42036437988281
2019-05-21,71.38639831542969
2019-05-22,71.42036437988281
2019-05-23,71.54768371582031
2019-05-24,71.52223205566406
2019-05-28,71.58165740966797
2019-05-29,71.59019470214844
2019-05-30,71.64958190917969
2019-05-31,71.80245971679688
2019-06-03,71.937744140625
2019-06-04,71.88667297363281
2019-06-05,71.92070007324219
2019-06-06,71.87818145751953
2019-06-07,71.95474243164062
2019-06-10,71.88667297363281
2019-06-11,71.86114501953125
2019-06-12,71.92070007324219
2019-06-13,71.99730682373047
2019-06-14,71.97175598144531
2019-06-17,71.937744140625
2019-06-18,71.94625091552734
2019-06-19,72.09937286376953
2019-06-20,72.13343811035156
2019-06-21,72.09937286376953
2019-06-24,72.14189147949219
2019-06-25,72.15895080566406
2019-06-26,72.07389068603516
2019-06-27,72.13343811035156
2019-06-28,72.13343811035156
2019-07-01,72.08737182617188
2019-07-02,72.13001251220703
2019-07-03,72.14705657958984
2019-07-05,72.00216674804688
2019-07-08,71.96805572509766
2019-07-09,71.94249725341797
2019-07-10,72.07038879394531
2019-07-11,72.0362548828125
2019-07-12,72.0447769165039
2019-07-15,72.06184387207031
2019-07-16,72.0362548828125
2019-07-17,72.10443115234375
2019-07-18,72.189697265625
2019-07-19,72.11298370361328
2019-07-22,72.12151336669922
2019-07-23,72.10443115234375
2019-07-24,72.12151336669922
2019-07-25,72.0788803100586
2019-07-26,72.08737182617188
2019-07-29,72.08737182617188
2019-07-30,72.09590911865234
2019-07-31,72.08737182617188
2019-08-01,72.29232025146484
2019-08-02,72.30945587158203
2019-08-05,72.45462036132812
2019-08-06,72.48873138427734
2019-08-07,72.49729919433594
2019-08-08,72.4716567993164
2019-08-09,72.4289321899414
2019-08-12,72.50582122802734
2019-08-13,72.42041778564453
2019-08-14,72.51435852050781
2019-08-15,72.6680679321289
2019-08-16,72.6595458984375
2019-08-19,72.58267974853516
2019-08-20,72.63388061523438
2019-08-21,72.56558990478516
2019-08-22,72.53142547607422
2019-08-23,72.65097045898438
2019-08-26,72.61678314208984
2019-08-27,72.64249420166016
2019-08-28,72.6595458984375
2019-08-29,72.62535095214844
2019-08-30,72.65097045898438
2019-09-03,72.70744323730469
2019-09-04,72.7673110961914
2019-09-05,72.60479736328125
2019-09-06,72.61332702636719
2019-09-09,72.536376953125
2019-09-10,72.4166030883789
2019-09-11,72.4166030883789
2019-09-12,72.39949798583984
2019-09-13,72.27974700927734
2019-09-16,72.33963775634766
2019-09-17,72.37384033203125
2019-09-18,72.3310546875
2019-09-19,72.33963775634766
2019-09-20,72.4166030883789
2019-09-23,72.45936584472656
2019-09-24,72.536376953125
2019-09-25,72.4422378540039
2019-09-26,72.47649383544922
2019-09-27,72.5192642211914
2019-09-30,72.553466796875
2019-10-01,72.63485717773438
2019-10-02,72.71196746826172
2019-10-03,72.86615753173828
2019-10-04,72.85762786865234
2019-10-07,72.7804946899414
2019-10-08,72.82334899902344
2019-10-09,72.7804946899414
2019-10-10,72.6948471069336
2019-10-11,72.62628936767578
2019-10-14,72.63485717773438
2019-10-15,72.61775970458984
2019-10-16,72.65200805664062
2019-10-17,72.65200805664062
2019-10-18,72.67768096923828
2019-10-21,72.64342498779297
2019-10-22,72.66910552978516
2019-10-23,72.66056060791016
2019-10-24,72.66056060791016
2019-10-25,72.61775970458984
2019-10-28,72.59202575683594
2019-10-29,72.6091537475586
2019-10-30,72.65200805664062
2019-10-31,72.7804946899414
2019-11-01,72.73764038085938
2019-11-04,72.6861343383789
2019-11-05,72.63460540771484
2019-11-06,72.6775131225586
2019-11-07,72.59171295166016
2019-11-08,72.60028076171875
2019-11-11,72.61743927001953
2019-11-12,72.62602996826172
2019-11-13,72.66034698486328
2019-11-14,72.72900390625
2019-11-15,72.70327758789062
2019-11-18,72.73764038085938
2019-11-19,72.72900390625
2019-11-20,72.76333618164062
2019-11-21,72.72900390625
2019-11-22,72.72042846679688
2019-11-25,72.72900390625
2019-11-26,72.76333618164062
2019-11-27,72.72042846679688
2019-11-29,72.74617767333984
2019-12-02,72.72383117675781
2019-12-03,72.82698059082031
2019-12-04,72.79261779785156
2019-12-05,72.75818634033203
2019-12-06,72.73243713378906
2019-12-09,72.73243713378906
2019-12-10,72.69804382324219
2019-12-11,72.75818634033203
2019-12-12,72.68946075439453
2019-12-13,72.77540588378906
2019-12-16,72.73243713378906
2019-12-17,72.7496109008789
2019-12-18,72.75818634033203
2019-12-19,72.77281188964844
2019-12-20,72.77281188964844
2019-12-23,72.75563049316406
2019-12-24,72.76422882080078
2019-12-26,72.79008483886719
2019-12-27,72.84172821044922
2019-12-30,72.8675308227539
2019-12-31,72.85892486572266
2020-01-02,72.89338684082031
2020-01-03,72.95364379882812
2020-01-06,72.92780303955078
2020-01-07,72.92780303955078
2020-01-08,72.89338684082031
2020-01-09,72.90203857421875
2020-01-10,72.91919708251953
2020-01-13,72.91056823730469
2020-01-14,72.91919708251953
2020-01-15,72.95364379882812
2020-01-16,72.95364379882812
2020-01-17,72.9794921875
2020-01-21,72.9967041015625
2020-01-22,73.01390075683594
2020-01-23,73.03971862792969
2020-01-24,73.06553649902344
2020-01-27,73.14303588867188
2020-01-28,73.10858917236328
2020-01-29,73.17752075195312
2020-01-30,73.18609619140625
2020-01-31,73.28076934814453
2020-02-03,73.25923156738281
2020-02-04,73.18163299560547
2020-02-05,73.1299057006836
2020-02-06,73.14714813232422
2020-02-07,73.19023132324219
2020-02-10,73.22474670410156
2020-02-11,73.19023132324219
2020-02-12,73.15575408935547
2020-02-13,73.1729965209961
2020-02-14,73.20748901367188
2020-02-18,73.23336791992188
2020-02-19,73.24197387695312
2020-02-20,73.25923156738281
2020-02-21,73.31958770751953
2020-02-24,73.44032287597656
2020-02-25,73.51791381835938
2020-02-26,73.56964874267578
2020-02-27,73.65591430664062
2020-02-28,73.92320251464844
2020-03-02,73.8929672241211
2020-03-03,74.18659210205078
2020-03-04,74.19517517089844
2020-03-05,74.35062408447266
2020-03-06,74.43695068359375
2020-03-09,74.84284210205078
2020-03-10,74.51470184326172
2020-03-11,74.42837524414062
2020-03-12,74.4111099243164
2020-03-13,74.50607299804688
2020-03-16,74.6269760131836
2020-03-17,74.45425415039062
2020-03-18,74.3592758178711
2020-03-19,74.48883056640625
2020-03-20,74.68741607666016
2020-03-23,74.77375793457031
2020-03-24,74.67015075683594
2020-03-25,74.7564926147461
2020-03-26,74.84284210205078
2020-03-27,74.8255615234375
2020-03-30,74.860107421875
2020-03-31,74.84284210205078
2020-04-01,74.89129638671875
2020-04-02,74.90853118896484
2020-04-03,74.89129638671875
2020-04-06,74.83938598632812
2020-04-07,74.82207489013672
2020-04-08,74.8653335571289
2020-04-09,74.89129638671875
2020-04-13,74.89989471435547
2020-04-14,74.89989471435547
2020-04-15,74.92585754394531
2020-04-16,74.9431381225586
2020-04-17,74.91717529296875
2020-04-20,74.91717529296875
2020-04-21,74.9344711303711
2020-04-22,74.90853118896484
2020-04-23,74.89989471435547
2020-04-24,74.89989471435547
2020-04-27,74.89989471435547
2020-04-28,74.92585754394531
2020-04-29,74.91717529296875
2020-04-30,75.04690551757812
2020-05-01,74.93612670898438
2020-05-04,74.93612670898438
2020-05-05,74.92745971679688
2020-05-06,74.95346069335938
2020-05-07,75.0053482055664
2020-05-08,74.9880599975586
2020-05-11,74.96208190917969
2020-05-12,74.97940063476562
2020-05-13,74.97940063476562
2020-05-14,74.96208190917969
2020-05-15,75.0053482055664
2020-05-18,74.94480895996094
2020-05-19,74.9880599975586
2020-05-20,74.9880599975586
2020-05-21,74.97071838378906
2020-05-22,74.97071838378906
2020-05-26,74.97071838378906
2020-05-27,74.95346069335938
2020-05-28,74.9880599975586
2020-05-29,74.9880599975586
2020-06-01,74.97940063476562
2020-06-02,74.97940063476562
2020-06-03,74.91878509521484
2020-06-04,74.93609619140625
2020-06-05,74.91010284423828
2020-06-08,74.8927993774414
2020-06-09,74.91878509521484
2020-06-10,74.96206665039062
2020-06-11,74.92740631103516
2020-06-12,74.95343780517578
2020-06-15,74.93609619140625
2020-06-16,74.92740631103516
2020-06-17,74.95343780517578
2020-06-18,74.94477081298828
2020-06-19,74.96206665039062
2020-06-22,74.94477081298828
2020-06-23,74.96206665039062
2020-06-24,74.97071075439453
2020-06-25,74.97071075439453
2020-06-26,74.9966812133789
2020-06-29,75.01405334472656
2020-06-30,75.00535583496094
2020-07-01,74.9802474975586
2020-07-02,75.01490783691406
2020-07-06,74.98890686035156
2020-07-07,75.00625610351562
2020-07-08,75.00625610351562
2020-07-09,75.0235824584961
2020-07-10,74.99757385253906
2020-07-13,74.99757385253906
2020-07-14,75.00625610351562
2020-07-15,75.01490783691406
2020-07-16,75.01490783691406
2020-07-17,75.03221893310547
2020-07-20,75.01490783691406
2020-07-21,75.03221893310547
2020-07-22,75.0235824584961
2020-07-23,75.0235824584961
2020-07-24,75.03221893310547
2020-07-27,75.00625610351562
2020-07-28,75.0235824584961
2020-07-29,75.0409164428711
2020-07-30,75.06694793701172
2020-07-31,75.0755615234375
2020-08-03,75.07553100585938
2020-08-04,75.08424377441406
2020-08-05,75.06689453125
2020-08-06,75.06689453125
2020-08-07,75.05823516845703
2020-08-10,75.04087829589844
2020-08-11,75.02356719970703
2020-08-12,75.00619506835938
2020-08-13,74.99754333496094
2020-08-14,75.00619506835938
2020-08-17,75.01490020751953
2020-08-18,75.02356719970703
2020-08-19,75.02356719970703
2020-08-20,75.02356719970703
2020-08-21,75.01490020751953
2020-08-24,75.00619506835938
2020-08-25,75.01490020751953
2020-08-26,75.01490020751953
2020-08-27,75.00619506835938
2020-08-28,75.0322036743164
2020-08-31,75.05823516845703
2020-09-01,75.04000854492188
2020-09-02,75.0486831665039
2020-09-03,75.04000854492188
2020-09-04,75.01396179199219
2020-09-08,75.02265167236328
2020-09-09,75.03133392333984
2020-09-10,75.02265167236328
2020-09-11,75.04000854492188
2020-09-14,75.03133392333984
2020-09-15,75.04000854492188
2020-09-16,75.0486831665039
2020-09-17,75.03133392333984
2020-09-18,75.04000854492188
2020-09-21,75.03133392333984
2020-09-22,75.0486831665039
2020-09-23,75.0486831665039
2020-09-24,75.04000854492188
2020-09-25,75.0486831665039
2020-09-28,75.05738067626953
2020-09-29,75.0486831665039
2020-09-30,75.05738067626953
2020-10-01,75.03999328613281
2020-10-02,75.04866790771484
2020-10-05,75.02263641357422
2020-10-06,75.02263641357422
2020-10-07,75.01396179199219
2020-10-08,75.01396179199219
2020-10-09,75.01396179199219
2020-10-12,75.03130340576172
2020-10-13,75.02263641357422
2020-10-14,75.02263641357422
2020-10-15,75.03999328613281
2020-10-16,75.03130340576172
2020-10-19,75.03130340576172
2020-10-20,75.02263641357422
2020-10-21,75.02263641357422
2020-10-22,74.99658966064453
2020-10-23,75.00528717041016
2020-10-26,75.01396179199219
2020-10-27,75.01396179199219
2020-10-28,75.01396179199219
2020-10-29,75.03130340576172
2020-10-30,75.02263641357422
2020-11-02,75.02175903320312
2020-11-03,75.00440979003906
2020-11-04,75.02175903320312
2020-11-05,75.00440979003906
2020-11-06,75.0130615234375
2020-11-09,74.98703002929688
2020-11-10,74.97830200195312
2020-11-11,74.96098327636719
2020-11-12,74.96963500976562
2020-11-13,74.96963500976562
2020-11-16,74.98703002929688
2020-11-17,74.97830200195312
2020-11-18,74.97830200195312
2020-11-19,74.99571228027344
2020-11-20,75.00440979003906
2020-11-23,75.00440979003906
2020-11-24,75.0130615234375
2020-11-25,75.02175903320312
2020-11-27,75.02175903320312
2020-11-30,75.03914642333984
2020-12-01,74.998291015625
2020-12-02,75.01565551757812
2020-12-03,75.0330581665039
2020-12-04,75.02436065673828
2020-12-07,75.04174041748047
2020-12-08,75.02436065673828
2020-12-09,75.01565551757812
2020-12-10,75.0330581665039
2020-12-11,75.07649993896484
2020-12-14,75.06781005859375
2020-12-15,75.06781005859375
2020-12-16,75.06781005859375
2020-12-17,75.06954956054688
2020-12-18,75.06086730957031
2020-12-21,75.06086730957031
2020-12-22,75.06086730957031
2020-12-23,75.07823944091797
2020-12-24,75.06086730957031
2020-12-28,75.06954956054688
2020-12-29,75.06954956054688
2020-12-30,75.07823944091797
2020-12-31,75.06954956054688
2021-01-04,75.07823944091797
2021-01-05,75.07823944091797
2021-01-06,75.0347671508789
2021-01-07,75.05213928222656
2021-01-08,75.04347229003906
2021-01-11,75.0347671508789
2021-01-12,75.0347671508789
2021-01-13,75.02608489990234
2021-01-14,75.0347671508789
2021-01-15,75.04347229003906
2021-01-19,75.06954956054688
2021-01-20,75.06086730957031
2021-01-21,75.06954956054688
2021-01-22,75.06954956054688
2021-01-25,75.07823944091797
2021-01-26,75.06954956054688
2021-01-27,75.06954956054688
2021-01-28,75.06086730957031
2021-01-29,75.08689880371094
2021-02-01,75.09561920166016
2021-02-02,75.06953430175781
2021-02-03,75.07820892333984
2021-02-04,75.07820892333984
2021-02-05,75.09561920166016
2021-02-08,75.0869369506836
2021-02-09,75.06953430175781
2021-02-10,75.07820892333984
2021-02-11,75.07820892333984
2021-02-12,75.0869369506836
2021-02-16,75.06082916259766
2021-02-17,75.07820892333984
2021-02-18,75.07820892333984
2021-02-19,75.0869369506836
2021-02-22,75.06953430175781
2021-02-23,75.07820892333984
2021-02-24,75.06082916259766
2021-02-25,74.94783020019531
2021-02-26,75.04348754882812
2021-03-01,75.03650665283203
2021-03-02,75.05390167236328
2021-03-03,75.01041412353516
2021-03-04,75.01041412353516
2021-03-05,75.01041412353516
2021-03-08,74.9843521118164
2021-03-09,74.9843521118164
2021-03-10,75.01041412353516
2021-03-11,75.01041412353516
2021-03-12,75.00171661376953
2021-03-15,75.01041412353516
2021-03-16,75.01041412353516
2021-03-17,75.02778625488281
2021-03-18,75.01911163330078
2021-03-19,75.01911163330078
2021-03-22,75.01041412353516
2021-03-23,75.01911163330078
2021-03-24,75.03650665283203
2021-03-25,75.04518127441406
2021-03-26,75.04518127441406
2021-03-29,75.02778625488281
2021-03-30,75.02778625488281
2021-03-31,75.00171661376953
2021-04-01,75.0008773803711
2021-04-05,74.9834213256836
2021-04-06,75.0008773803711
2021-04-07,75.00952911376953
2021-04-08,75.03565216064453
2021-04-09,75.00952911376953
2021-04-12,74.99215698242188
2021-04-13,75.01823425292969
2021-04-14,75.01823425292969
2021-04-15,75.03565216064453
2021-04-16,75.02692413330078
2021-04-19,75.01823425292969
2021-04-20,75.03565216064453
2021-04-21,75.05305480957031
2021-04-22,75.04430389404297
2021-04-23,75.02692413330078
2021-04-26,75.00952911376953
2021-04-27,75.0008773803711
2021-04-28,75.01823425292969
2021-04-29,75.03565216064453
2021-04-30,75.04430389404297
2021-05-03,75.03736877441406
2021-05-04,75.03736877441406
2021-05-05,75.05473327636719
2021-05-06,75.05473327636719
2021-05-07,75.08087158203125
2021-05-10,75.05473327636719
2021-05-11,75.04607391357422
2021-05-12,75.03736877441406
2021-05-13,75.05473327636719
2021-05-14,75.05473327636719
2021-05-17,75.05473327636719
2021-05-18,75.0634765625
2021-05-19,75.03736877441406
2021-05-20,75.07215881347656
2021-05-21,75.05473327636719
2021-05-24,75.07215881347656
2021-05-25,75.07215881347656
2021-05-26,75.08959197998047
2021-05-27,75.08959197998047
2021-05-28,75.08959197998047
2021-06-01,75.07390594482422
2021-06-02,75.08257293701172
2021-06-03,75.05651092529297
2021-06-04,75.08257293701172
2021-06-07,75.07390594482422
2021-06-08,75.0913314819336
2021-06-09,75.07390594482422
2021-06-10,75.10001373291016
2021-06-11,75.08257293701172
2021-06-14,75.05651092529297
2021-06-15,75.04778289794922
2021-06-16,74.97819519042969
2021-06-17,74.97819519042969
2021-06-18,74.91730499267578
2021-06-21,74.9346923828125
2021-06-22,74.97819519042969
2021-06-23,74.926025390625
2021-06-24,74.9346923828125
2021-06-25,74.926025390625
2021-06-28,74.95211029052734
2021-06-29,74.94338989257812
2021-06-30,74.9607925415039
2021-07-01,74.94601440429688
2021-07-02,74.98078918457031
2021-07-06,75.00691223144531
2021-07-07,75.0156021118164
2021-07-08,75.05042266845703
2021-07-09,75.02433013916016
2021-07-12,75.00691223144531
2021-07-13,74.94601440429688
2021-07-14,74.99821472167969
2021-07-15,75.00691223144531
2021-07-16,74.99821472167969
2021-07-19,75.03300476074219
2021-07-20,75.06782531738281
2021-07-21,75.0417251586914
2021-07-22,75.05042266845703
2021-07-23,75.05909729003906
2021-07-26,75.0417251586914
2021-07-27,75.05909729003906
2021-07-28,75.06782531738281
2021-07-29,75.06782531738281
2021-07-30,75.0852279663086
2021-08-02,75.11308288574219
2021-08-03,75.11308288574219
2021-08-04,75.08698272705078
2021-08-05,75.05215454101562
2021-08-06,75.02603149414062
2021-08-09,74.99993896484375
2021-08-10,74.97382354736328
2021-08-11,75.00863647460938
2021-08-12,75.00863647460938
2021-08-13,75.01734161376953
2021-08-16,75.03473663330078
2021-08-17,75.01734161376953
2021-08-18,75.01734161376953
2021-08-19,75.01734161376953
2021-08-20,75.01734161376953
2021-08-23,75.01734161376953
2021-08-24,75.00863647460938
2021-08-25,74.99993896484375
2021-08-26,74.99993896484375
2021-08-27,75.05215454101562
2021-08-30,75.0696029663086
2021-08-31,75.06085968017578
2021-09-01,75.05474853515625
2021-09-02,75.05474853515625
2021-09-03,75.05474853515625
2021-09-07,75.02865600585938
2021-09-08,75.0460433959961
2021-09-09,75.06346893310547
2021-09-10,75.03733825683594
2021-09-13,75.05474853515625
2021-09-14,75.06346893310547
2021-09-15,75.06346893310547
2021-09-16,75.03733825683594
2021-09-17,75.01994323730469
2021-09-20,75.03733825683594
2021-09-21,75.05474853515625
2021-09-22,75.01124572753906
2021-09-23,74.96772766113281
2021-09-24,74.94161224365234
2021-09-27,74.93292999267578
2021-09-28,74.94161224365234
2021-09-29,74.96772766113281
2021-09-30,74.9851303100586
2021-10-01,75.02085876464844
2021-10-04,74.98600006103516
2021-10-05,74.97731018066406
2021-10-06,74.96861267089844
2021-10-07,74.94248962402344
2021-10-08,74.91637420654297
2021-10-11,74.85543060302734
2021-10-12,74.89024353027344
2021-10-13,74.86414337158203
2021-10-14,74.86414337158203
2021-10-15,74.82060241699219
2021-10-18,74.76837921142578
2021-10-19,74.79448699951172
2021-10-20,74.82060241699219
2021-10-21,74.73355865478516
2021-10-22,74.71614074707031
2021-10-25,74.7509536743164
2021-10-26,74.73355865478516
2021-10-27,74.71614074707031
2021-10-28,74.72483825683594
2021-10-29,74.73355865478516
2021-11-01,74.6996078491211
2021-11-02,74.77796936035156
2021-11-03,74.76055908203125
2021-11-04,74.8301773071289
2021-11-05,74.86503601074219
2021-11-08,74.77796936035156
2021-11-09,74.82150268554688
2021-11-10,74.67350006103516
2021-11-11,74.62122344970703
2021-11-12,74.68219757080078
2021-11-15,74.67350006103516
2021-11-16,74.67350006103516
2021-11-17,74.6996078491211
2021-11-18,74.69088745117188
2021-11-19,74.67350006103516
2021-11-22,74.58641815185547
2021-11-23,74.58641815185547
2021-11-24,74.56900024414062
2021-11-26,74.71701049804688
2021-11-29,74.7518539428711
2021-11-30,74.69088745117188
2021-12-01,74.69961547851562
2021-12-02,74.60376739501953
2021-12-03,74.64733123779297
2021-12-06,74.58634185791016
2021-12-07,74.49052429199219
2021-12-08,74.51666259765625
2021-12-09,74.49052429199219
2021-12-10,74.52540588378906
2021-12-13,74.56893157958984
2021-12-14,74.52540588378906
2021-12-15,74.5514907836914
2021-12-16,74.61076354980469
2021-12-17,74.5759048461914
2021-12-20,74.59334564208984
2021-12-21,74.5497817993164
2021-12-22,74.54106903076172
2021-12-23,74.5323486328125
2021-12-27,74.5062255859375
2021-12-28,74.5062255859375
2021-12-29,74.49751281738281
2021-12-30,74.54106903076172
2021-12-31,74.5323486328125
2022-01-03,74.44520568847656
2022-01-04,74.4887924194336
2022-01-05,74.39292907714844
2022-01-06,74.33194732666016
2022-01-07,74.31454467773438
2022-01-10,74.27095031738281
2022-01-11,74.2970962524414
2022-01-12,74.27095031738281
2022-01-13,74.3058090209961
2022-01-14,74.2099609375
2022-01-18,74.09669494628906
2022-01-19,74.13153839111328
2022-01-20,74.11409759521484
2022-01-21,74.17511749267578
2022-01-24,74.21865844726562
2022-01-25,74.18383026123047
2022-01-26,74.05313110351562
2022-01-27,73.99212646484375
2022-01-28,74.0182876586914
2022-01-31,74.0182876586914
2022-02-01,74.01216888427734
2022-02-02,74.02963256835938
2022-02-03,73.96858215332031
2022-02-04,73.82041931152344
2022-02-07,73.83788299560547
2022-02-08,73.75940704345703
2022-02-09,73.75070190429688
2022-02-10,73.37594604492188
2022-02-11,73.60255432128906
2022-02-14,73.44561767578125
2022-02-15,73.47180938720703
2022-02-16,73.56766510009766
2022-02-17,73.61125946044922
2022-02-18,73.61998748779297
2022-02-22,73.55025482177734
2022-02-23,73.50667572021484
2022-02-24,73.56766510009766
2022-02-25,73.56766510009766
2022-02-28,73.69837951660156
2022-03-01,73.8684310913086
2022-03-02,73.62430572509766
2022-03-03,73.62430572509766
2022-03-04,73.70277404785156
2022-03-07,73.60687255859375
2022-03-08,73.5110092163086
2022-03-09,73.46739959716797
2022-03-10,73.4063491821289
2022-03-11,73.38023376464844
2022-03-14,73.18840789794922
2022-03-15,73.21456146240234
2022-03-16,73.14481353759766
2022-03-17,73.11866760253906
2022-03-18,73.10122680664062
2022-03-21,72.85709381103516
2022-03-22,72.80480194091797
2022-03-23,72.8658676147461
2022-03-24,72.8484115600586
2022-03-25,72.64786529541016
2022-03-28,72.57813262939453
2022-03-29,72.61300659179688
2022-03-30,72.66535186767578
2022-03-31,72.66535186767578
2022-04-01,72.51356506347656
2022-04-04,72.5571517944336
2022-04-05,72.42633056640625
2022-04-06,72.4786605834961
2022-04-07,72.531005859375
2022-04-08,72.44376373291016
2022-04-11,72.46123504638672
2022-04-12,72.6444091796875
2022-04-13,72.67927551269531
2022-04-14,72.5484619140625
2022-04-18,72.5484619140625
2022-04-19,72.38272094726562
2022-04-20,72.42633056640625
2022-04-21,72.30422973632812
2022-04-22,72.28677368164062
2022-04-25,72.40013122558594
2022-04-26,72.531005859375
2022-04-27,72.49613189697266
2022-04-28,72.44376373291016
2022-04-29,72.30422973632812
2022-05-02,72.29900360107422
2022-05-03,72.26412200927734
2022-05-04,72.45606231689453
2022-05-05,72.33390808105469
2022-05-06,72.3251953125
2022-05-09,72.50841522216797
2022-05-10,72.46479797363281
2022-05-11,72.47352600097656
2022-05-12,72.5782470703125
2022-05-13,72.55204010009766
2022-05-16,72.59568786621094
2022-05-17,72.43861389160156
2022-05-18,72.47352600097656
2022-05-19,72.5782470703125
2022-05-20,72.63060760498047
2022-05-23,72.59568786621094
2022-05-24,72.76148986816406
2022-05-25,72.81385040283203
2022-05-26,72.83133697509766
2022-05-27,72.84878540039062
2022-05-31,72.73531341552734
2022-06-01,72.59996795654297
2022-06-02,72.6174087524414
2022-06-03,72.59123992919922
2022-06-06,72.49516296386719
2022-06-07,72.5038833618164
2022-06-08,72.45149993896484
2022-06-09,72.39911651611328
2022-06-10,72.09343719482422
2022-06-13,71.72660827636719
2022-06-14,71.5869140625
2022-06-15,71.86637878417969
2022-06-16,71.96244812011719
2022-06-17,71.9449462890625
2022-06-21,71.91875457763672
2022-06-22,72.12836456298828
2022-06-23,72.18949890136719
2022-06-24,72.17201232910156
2022-06-27,72.09343719482422
2022-06-28,72.075927734375
2022-06-29,72.16328430175781
2022-06-30,72.30301666259766
2022-07-01,72.52070617675781
2022-07-05,72.511962890625
2022-07-06,72.31088256835938
2022-07-07,72.25843048095703
2022-07-08,72.17102813720703
2022-07-11,72.19723510742188
2022-07-12,72.23223114013672
2022-07-13,72.15352630615234
2022-07-14,72.12730407714844
2022-07-15,72.17977905273438
2022-07-18,72.13607025146484
2022-07-19,72.05738830566406
2022-07-20,72.04862976074219
2022-07-21,72.24967956542969
2022-07-22,72.43327331542969
2022-07-25,72.3720932006836
2022-07-26,72.33712768554688
2022-07-27,72.45074462890625
2022-07-28,72.60809326171875
2022-07-29,72.5993881225586
2022-08-01,72.59761810302734
2022-08-02,72.34380340576172
2022-08-03,72.3700942993164
2022-08-04,72.46633911132812
2022-08-05,72.16883850097656
2022-08-08,72.23881530761719
2022-08-09,72.16883850097656
2022-08-10,72.23881530761719
2022-08-11,72.21258544921875
2022-08-12,72.2300796508789
2022-08-15,72.29130554199219
2022-08-16,72.2300796508789
2022-08-17,72.16883850097656
2022-08-18,72.27381896972656
2022-08-19,72.2212905883789
2022-08-22,72.12506103515625
2022-08-23,72.16004943847656
2022-08-24,72.08133697509766
2022-08-25,72.12506103515625
2022-08-26,72.10755920410156
2022-08-29,72.05504608154297
2022-08-30,72.02005004882812
2022-08-31,72.01129150390625
2022-09-01,71.95870971679688
2022-09-02,72.11643981933594
2022-09-06,71.95870971679688
2022-09-07,72.0638656616211
2022-09-08,71.97622680664062
2022-09-09,71.9149169921875
2022-09-12,71.90618133544922
2022-09-13,71.66081237792969
2022-09-14,71.59951782226562
2022-09-15,71.5206527709961
2022-09-16,71.55569458007812
2022-09-19,71.4768295288086
2022-09-20,71.44181060791016
2022-09-21,71.38045501708984
2022-09-22,71.24905395507812
2022-09-23,71.16144561767578
2022-09-26,71.00373077392578
2022-09-27,71.00373077392578
2022-09-28,71.31037139892578
2022-09-29,71.2140121459961
2022-09-30,71.1526870727539
2022-10-03,71.30884552001953
2022-10-04,71.33517456054688
2022-10-05,71.26494598388672
2022-10-06,71.17723083496094
2022-10-07,71.08952331542969
2022-10-10,71.06315612792969
2022-10-11,71.0982666015625
2022-10-12,71.16849517822266
2022-10-13,70.95789337158203
2022-10-14,70.92279052734375
2022-10-17,71.00179290771484
2022-10-18,71.03687286376953
2022-10-19,70.90528869628906
2022-10-20,70.8263168334961
2022-10-21,71.01055145263672
2022-10-24,70.99298095703125
2022-10-25,71.06315612792969
2022-10-26,71.12457275390625
2022-10-27,71.27371978759766
2022-10-28,71.16849517822266
2022-10-31,71.06315612792969
2022-11-01,70.99376678466797
2022-11-02,70.95861053466797
2022-11-03,70.82676696777344
2022-11-04,70.90587615966797
2022-11-07,70.84435272216797
2022-11-08,70.91466522216797
2022-11-09,71.02890014648438
2022-11-10,71.41559600830078
2022-11-11,71.39801025390625
2022-11-14,71.33650970458984
2022-11-15,71.40682983398438
2022-11-16,71.41559600830078
2022-11-17,71.3277359008789
2022-11-18,71.24859619140625
2022-11-21,71.23104095458984
2022-11-22,71.28378295898438
2022-11-23,71.34530639648438
2022-11-25,71.35408020019531
2022-11-28,71.37167358398438
2022-11-29,71.34530639648438
2022-11-30,71.55621337890625
2022-12-01,71.71033477783203
2022-12-02,71.69273376464844
2022-12-05,71.49015045166016
2022-12-06,71.56939697265625
2022-12-07,71.71915435791016
2022-12-08,71.6487045288086
2022-12-09,71.61346435546875
2022-12-12,71.56939697265625
2022-12-13,71.78077697753906
2022-12-14,71.78958892822266
2022-12-15,71.79930877685547
2022-12-16,71.8698959350586
2022-12-19,71.78166198730469
2022-12-20,71.78166198730469
2022-12-21,71.85227966308594
2022-12-22,71.80812072753906
2022-12-23,71.7728271484375
2022-12-27,71.67574310302734
2022-12-28,71.67574310302734
2022-12-29,71.72869873046875
2022-12-30,71.64043426513672
2023-01-03,71.70223236083984
2023-01-04,71.7728271484375
2023-01-05,71.67574310302734
2023-01-06,71.9493408203125
2023-01-09,72.01996612548828
2023-01-10,71.95817565917969
2023-01-11,72.01996612548828
2023-01-12,72.17880249023438
2023-01-13,72.05525207519531
2023-01-17,72.09937286376953
2023-01-18,72.25824737548828
2023-01-19,72.24058532714844
2023-01-20,72.17880249023438
2023-01-23,72.10821533203125
2023-01-24,72.13469696044922
2023-01-25,72.17880249023438
2023-01-26,72.13469696044922
2023-01-27,72.13469696044922
2023-01-30,72.06407165527344
2023-01-31,72.19647979736328
2023-02-01,72.32202911376953
2023-02-02,72.33088684082031
2023-02-03,72.06561279296875
2023-02-06,71.86222839355469
2023-02-07,71.89759063720703
2023-02-08,71.92414093017578
2023-02-09,71.8710708618164
2023-02-10,71.83570861816406
2023-02-13,71.85338592529297
2023-02-14,71.70305633544922
2023-02-15,71.71189880371094
2023-02-16,71.72074127197266
2023-02-17,71.78263092041016
2023-02-21,71.64115142822266
2023-02-22,71.6765365600586
2023-02-23,71.72074127197266
2023-02-24,71.5704345703125
2023-02-27,71.63233184814453
2023-02-28,71.61463165283203
2023-03-01,71.4835205078125
2023-03-02,71.51007843017578
2023-03-03,71.55438995361328
2023-03-06,71.51895904541016
2023-03-07,71.36832427978516
2023-03-08,71.3328857421875
2023-03-09,71.563232421875
2023-03-10,71.9531021118164
2023-03-13,72.6707763671875
2023-03-14,72.39612579345703
2023-03-15,72.82140350341797
2023-03-16,72.52901458740234
2023-03-17,72.89227294921875
2023-03-20,72.80366516113281
2023-03-21,72.52901458740234
2023-03-22,72.86566162109375
2023-03-23,73.07833099365234
2023-03-24,73.11380004882812
2023-03-27,72.80366516113281
2023-03-28,72.72390747070312
2023-03-29,72.6973648071289
2023-03-30,72.70623016357422
2023-03-31,72.79481506347656
2023-04-03,72.88359832763672
2023-04-04,73.05231475830078
2023-04-05,73.14998626708984
2023-04-06,73.12334442138672
2023-04-10,72.86582946777344
2023-04-11,72.85694885253906
2023-04-12,72.93688201904297
2023-04-13,72.98128509521484
2023-04-14,72.81258392333984
2023-04-17,72.70604705810547
2023-04-18,72.68824768066406
2023-04-19,72.62611389160156
2023-04-20,72.80368041992188
2023-04-21,72.75931549072266
2023-04-24,72.83924102783203
2023-04-25,73.12334442138672
2023-04-26,73.03458404541016
2023-04-27,72.89248657226562
2023-04-28,72.97241973876953
2023-05-01,72.81306457519531
2023-05-02,73.05339050292969
2023-05-03,73.23140716552734
2023-05-04,73.34712219238281
2023-05-05,73.16908264160156
2023-05-08,73.05339050292969
2023-05-09,73.03557586669922
2023-05-10,73.21359252929688
2023-05-11,73.25808715820312
2023-05-12,73.13347625732422
2023-05-15,73.14240264892578
2023-05-16,73.05339050292969
2023-05-17,72.9732894897461
2023-05-18,72.83976745605469
2023-05-19,72.786376953125
2023-05-22,72.75969696044922
2023-05-23,72.75078582763672
2023-05-24,72.66175842285156
2023-05-25,72.5015869140625
2023-05-26,72.48377227783203
2023-05-30,72.62620544433594
2023-05-31,72.6973876953125
2023-06-01,72.81069946289062
2023-06-02,72.60546875
2023-06-05,72.62335205078125
2023-06-06,72.58763885498047
2023-06-07,72.53412628173828
2023-06-08,72.65008544921875
2023-06-09,72.51626586914062
2023-06-12,72.57869720458984
2023-06-13,72.4449234008789
2023-06-14,72.40029907226562
2023-06-15,72.55194854736328
2023-06-16,72.45381927490234
2023-06-20,72.48059844970703
2023-06-21,72.48059844970703
2023-06-22,72.40029907226562
2023-06-23,72.46271514892578
2023-06-26,72.51626586914062
2023-06-27,72.40921020507812
2023-06-28,72.48949432373047
2023-06-29,72.31109619140625
2023-06-30,72.33781433105469
2023-07-03,72.25376892089844
2023-07-05,72.23584747314453
2023-07-06,72.1911392211914
2023-07-07,72.27163696289062
2023-07-10,72.37897491455078
2023-07-11,72.37004089355469
2023-07-12,72.58470916748047
2023-07-13,72.79044342041016
2023-07-14,72.60260772705078
2023-07-17,72.6294174194336
2023-07-18,72.6294174194336
2023-07-19,72.65625762939453
2023-07-20,72.56681823730469
2023-07-21,72.57572937011719
2023-07-24,72.4863052368164
2023-07-25,72.47737884521484
2023-07-26,72.54890441894531
2023-07-27,72.44156646728516
2023-07-28,72.53996276855469
2023-07-31,72.5578842163086
2023-08-01,72.49691009521484
2023-08-02,72.53276062011719
2023-08-03,72.55966186523438
2023-08-04,72.70317840576172
2023-08-07,72.73004150390625
2023-08-08,72.76591491699219
2023-08-09,72.72107696533203
2023-08-10,72.68521881103516
2023-08-11,72.61345672607422
2023-08-14,72.55070495605469
2023-08-15,72.5776138305664
2023-08-16,72.5417251586914
2023-08-17,72.62242126464844
2023-08-18,72.64937591552734
2023-08-21,72.56861877441406
2023-08-22,72.53276062011719
2023-08-23,72.66727447509766
2023-08-24,72.62242126464844
2023-08-25,72.5776138305664
2023-08-28,72.62242126464844
2023-08-29,72.78385925292969
2023-08-30,72.78385925292969
2023-08-31,72.85560607910156
2023-09-01,72.81603240966797
2023-09-05,72.72614288330078
2023-09-06,72.64523315429688
2023-09-07,72.78006744384766
2023-09-08,72.74411010742188
2023-09-11,72.76212310791016
2023-09-12,72.72614288330078
2023-09-13,72.78907012939453
2023-09-14,72.77110290527344
2023-09-15,72.73513793945312
2023-09-18,72.72614288330078
2023-09-19,72.67221069335938
2023-09-20,72.62725067138672
2023-09-21,72.6632080078125
2023-09-22,72.73513793945312
2023-09-25,72.70816802978516
2023-09-26,72.7171630859375
2023-09-27,72.6632080078125
2023-09-28,72.78907012939453
2023-09-29,72.79804992675781
2023-10-02,72.72506713867188
2023-10-03,72.67095947265625
2023-10-04,72.8332290649414
2023-10-05,72.90532684326172
2023-10-06,72.84223175048828
2023-10-09,73.05856323242188
2023-10-10,73.01351165771484
2023-10-11,72.99549865722656
2023-10-12,72.90532684326172
2023-10-13,72.95039367675781
2023-10-16,72.90532684326172
2023-10-17,72.74305725097656
2023-10-18,72.74305725097656
2023-10-19,72.84223175048828
2023-10-20,72.95942687988281
2023-10-23,73.00448608398438
2023-10-24,72.9864730834961
2023-10-25,72.90532684326172
2023-10-26,73.04954528808594
2023-10-27,73.09461212158203
2023-10-30,73.06759643554688
2023-10-31,73.04053497314453
2023-11-01,73.20326232910156
2023-11-02,73.21227264404297
2023-11-03,73.41118621826172
2023-11-06,73.27558898925781
2023-11-07,73.329833984375
2023-11-08,73.31172180175781
2023-11-09,73.20326232910156
2023-11-10,73.22132110595703
2023-11-13,73.24845123291016
2023-11-14,73.53771209716797
2023-11-15,73.40213775634766
2023-11-16,73.5286636352539
2023-11-17,73.47444915771484
2023-11-20,73.48348236083984
2023-11-21,73.5286636352539
2023-11-22,73.53771209716797
2023-11-24,73.48348236083984
2023-11-27,73.5738754272461
2023-11-28,73.70947265625
2023-11-29,73.8541030883789
2023-11-30,73.80889892578125
2023-12-01,74.02379608154297
2023-12-04,73.91500091552734
2023-12-05,74.00566101074219
2023-12-06,73.9875259399414
2023-12-07,74.04193878173828
2023-12-08,73.87870788574219
2023-12-11,73.8968505859375
2023-12-12,73.90593719482422
2023-12-13,74.2776870727539
2023-12-14,74.40502166748047
2023-12-15,74.32316589355469
2023-12-18,74.31404876708984
2023-12-19,74.34134674072266
2023-12-20,74.44141387939453
2023-12-21,74.51417541503906
2023-12-22,74.54147338867188
2023-12-26,74.50508880615234
2023-12-27,74.59603881835938
2023-12-28,74.58695220947266
2023-12-29,74.62333679199219
2024-01-02,74.53237915039062
2024-01-03,74.55057525634766
2024-01-04,74.50508880615234
2024-01-05,74.48688507080078
2024-01-08,74.55057525634766
2024-01-09,74.56875610351562
2024-01-10,74.56875610351562
2024-01-11,74.74156951904297
2024-01-12,74.89619445800781
2024-01-16,74.77796173095703
2024-01-17,74.63243103027344
2024-01-18,74.66880798339844
2024-01-19,74.61421966552734
2024-01-22,74.65061950683594
2024-01-23,74.64151763916016
2024-01-24,74.60515594482422
2024-01-25,74.74156951904297
2024-01-26,74.69609069824219
2024-01-29,74.76887512207031
2024-01-30,74.72337341308594
2024-01-31,74.85983276367188
2024-02-01,74.97113037109375
2024-02-02,74.73393249511719
2024-02-05,74.58798217773438
2024-02-06,74.7065658569336
2024-02-07,74.67918395996094
2024-02-08,74.66095733642578
2024-02-09,74.6335678100586
2024-02-12,74.64268493652344
2024-02-13,74.40550231933594
2024-02-14,74.51498413085938
2024-02-15,74.58798217773438
2024-02-16,74.4967269897461
2024-02-20,74.54237365722656
2024-02-21,74.47848510742188
2024-02-22,74.46935272216797
2024-02-23,74.50586700439453
2024-02-26,74.45112609863281
2024-02-27,74.45112609863281
2024-02-28,74.52410125732422
2024-02-29,74.56971740722656
2024-03-01,74.7160873413086
2024-03-04,74.6429214477539
2024-03-05,74.69780731201172
2024-03-06,74.7160873413086
2024-03-07,74.8076171875
2024-03-08,74.84422302246094
2024-03-11,74.78014373779297
2024-03-12,74.70696258544922
2024-03-13,74.67034149169922
2024-03-14,74.60630798339844
2024-03-15,74.56057739257812
2024-03-18,74.56970977783203
2024-03-19,74.63375854492188
2024-03-20,74.75269317626953
2024-03-21,74.75269317626953
2024-03-22,74.8076171875
2024-03-25,74.77099609375
2024-03-26,74.789306640625
2024-03-27,74.87164306640625
2024-03-28,74.82591247558594
2024-04-01,74.66986846923828
2024-04-02,74.70657348632812
2024-04-03,74.76165771484375
2024-04-04,74.83509063720703
2024-04-05,74.71575164794922
2024-04-08,74.64229583740234
2024-04-09,74.71575164794922
2024-04-10,74.4128189086914
2024-04-11,74.50463104248047
2024-04-12,74.5505142211914
2024-04-15,74.52297973632812
2024-04-16,74.47708892822266
2024-04-17,74.53214263916016
2024-04-18,74.49542236328125
2024-04-19,74.51380920410156
2024-04-22,74.5505142211914
2024-04-23,74.61476135253906
2024-04-24,74.58722686767578
2024-04-25,74.53214263916016
2024-04-26,74.5505142211914
2024-04-29,74.58722686767578
2024-04-30,74.49542236328125
2024-05-01,74.64460754394531
2024-05-02,74.75513458251953
2024-05-03,74.87486267089844
2024-05-06,74.86566925048828
2024-05-07,74.87486267089844
2024-05-08,74.85645294189453
2024-05-09,74.92091369628906
2024-05-10,74.85645294189453
2024-05-13,74.87486267089844
2024-05-14,74.94854736328125
2024-05-15,75.0866928100586
2024-05-16,75.03144836425781
2024-05-17,74.98538970947266
2024-05-20,74.96697998046875
2024-05-21,75.0038070678711
2024-05-22,74.94854736328125
2024-05-23,74.91168975830078
2024-05-24,74.93934631347656
2024-05-28,74.87486267089844
2024-05-29,74.84722900390625
2024-05-30,74.93013763427734
2024-05-31,75.03144836425781
2024-06-03,75.1164321899414
2024-06-04,75.19036102294922
2024-06-05,75.26426696777344
2024-06-06,75.27351379394531
2024-06-07,75.0794906616211
2024-06-10,75.08869934082031
2024-06-11,75.17189025878906
2024-06-12,75.27351379394531
2024-06-13,75.39360809326172
2024-06-14,75.40287017822266
2024-06-17,75.32894134521484
2024-06-18,75.43059539794922
2024-06-20,75.40287017822266
2024-06-21,75.43059539794922
2024-06-24,75.43981170654297
2024-06-25,75.44905853271484
2024-06-26,75.37516021728516
2024-06-27,75.43059539794922
2024-06-28,75.43981170654297
2024-07-01,75.37493133544922
2024-07-02,75.43980407714844
2024-07-03,75.55106353759766
2024-07-05,75.69011688232422
2024-07-08,75.68083953857422
2024-07-09,75.66230010986328
2024-07-10,75.69011688232422
2024-07-11,75.86622619628906
2024-07-12,75.97748565673828
2024-07-15,75.97748565673828
2024-07-16,76.00528717041016
2024-07-17,76.01457214355469
2024-07-18,75.97748565673828
2024-07-19,75.9404067993164
2024-07-22,75.94966888427734
2024-07-23,75.98676300048828
2024-07-24,76.02384185791016
2024-07-25,76.03311920166016
2024-07-26,76.13507843017578
2024-07-29,76.14432525634766
2024-07-30,76.17215728759766
2024-07-31,76.32974243164062
2024-08-01,76.46182250976562
2024-08-02,76.88965606689453
2024-08-05,76.87103271484375
2024-08-06,76.77802276611328
2024-08-07,76.73155212402344
2024-08-08,76.6943359375
2024-08-09,76.71294403076172
2024-08-12,76.75944519042969
2024-08-13,76.88036346435547
2024-08-14,76.87103271484375
2024-08-15,76.68502044677734
2024-08-16,76.76873016357422
2024-08-19,76.75013732910156
2024-08-20,76.86175537109375
2024-08-21,76.94547271728516
2024-08-22,76.84315490722656
2024-08-23,77.01985931396484
2024-08-26,76.98268127441406
2024-08-27,77.0291748046875
2024-08-28,77.01985931396484
2024-08-29,77.01056671142578
2024-08-30,77.01056671142578
2024-09-03,77.09270477294922
2024-09-04,77.26070404052734
2024-09-05,77.28870391845703
2024-09-06,77.4286880493164
2024-09-09,77.43803405761719
2024-09-10,77.55004119873047
2024-09-11,77.48469543457031
2024-09-12,77.4940414428711
2024-09-13,77.60601043701172
2024-09-16,77.6526870727539
2024-09-17,77.59669494628906
2024-09-18,77.56868743896484
2024-09-19,77.63402557373047
2024-09-20,77.66202545166016
2024-09-23,77.66202545166016
2024-09-24,77.73670959472656
2024-09-25,77.6713638305664
2024-09-26,77.59669494628906
2024-09-27,77.718017578125
2024-09-30,77.60601043701172
2024-10-01,77.6556625366211
2024-10-02,77.63692474365234
2024-10-03,77.53392028808594
2024-10-04,77.27172088623047
2024-10-07,77.16874694824219
2024-10-08,77.2342758178711
2024-10-09,77.15935516357422
2024-10-10,77.22489929199219
2024-10-11,77.29045104980469
2024-10-14,77.25300598144531
2024-10-15,77.29045104980469
2024-10-16,77.3372802734375
2024-10-17,77.27172088623047
2024-10-18,77.3372802734375
2024-10-21,77.22489929199219
2024-10-22,77.21553802490234
2024-10-23,77.16874694824219
2024-10-24,77.2061767578125
2024-10-25,77.1781005859375
2024-10-28,77.14064025878906
2024-10-29,77.16874694824219
2024-10-30,77.10317993164062
2024-10-31,77.12190246582031
2024-11-01,77.09654235839844
2024-11-04,77.1529312133789
2024-11-05,77.13411712646484
2024-11-06,77.04015350341797
2024-11-07,77.17171478271484
2024-11-08,77.11532592773438
2024-11-11,77.05895233154297
2024-11-12,76.98377227783203
2024-11-13,77.09654235839844
2024-11-14,76.98377227783203
2024-11-15,77.068359375
2024-11-18,77.12474822998047
2024-11-19,77.12474822998047
2024-11-20,77.08712768554688
2024-11-21,77.068359375
2024-11-22,77.05895233154297
2024-11-25,77.20931243896484
2024-11-26,77.20931243896484
2024-11-27,77.25626373291016
2024-11-29,77.3502426147461
2024-12-02,77.34552764892578
2024-12-03,77.35494995117188
2024-12-04,77.43978881835938
2024-12-05,77.43978881835938
2024-12-06,77.51520538330078
2024-12-09,77.4869384765625
2024-12-10,77.47750854492188
2024-12-11,77.45866394042969
2024-12-12,77.42094421386719
2024-12-13,77.38323211669922
2024-12-16,77.39265441894531
2024-12-17,77.402099609375
2024-12-18,77.26019287109375
2024-12-19,77.34532165527344
2024-12-20,77.35477447509766
2024-12-23,77.30747985839844
2024-12-24,77.34532165527344
2024-12-26,77.36424255371094
2024-12-27,77.3831558227539
2024-12-30,77.49666595458984
2024-12-31,77.54397583007812
2025-01-02,77.5250473022461
2025-01-03,77.5250473022461
2025-01-06,77.54397583007812
2025-01-07,77.49666595458984
2025-01-08,77.54397583007812
2025-01-10,77.40209197998047
2025-01-13,77.42098236083984
2025-01-14,77.43990325927734
2025-01-15,77.61018371582031
2025-01-16,77.657470703125
2025-01-17,77.63856506347656
2025-01-21,77.66693878173828
2025-01-22,77.64801788330078
2025-01-23,77.64801788330078
2025-01-24,77.6953125
2025-01-27,77.80880737304688
2025-01-28,77.82775115966797
2025-01-29,77.78044128417969
2025-01-30,77.82775115966797
2025-01-31,77.83718872070312
2025-02-03,77.78309631347656
2025-02-04,77.85902404785156
2025-02-05,77.90647888183594
2025-02-06,77.87799835205078
2025-02-07,77.7925796508789
2025-02-10,77.83055114746094
2025-02-11,77.81156921386719
2025-02-12,77.70716857910156
2025-02-13,77.81156921386719
2025-02-14,77.91596984863281
2025-02-18,77.84951782226562
2025-02-19,77.90647888183594
2025-02-20,77.91596984863281
2025-02-21,78.048828125
2025-02-24,78.10577392578125
2025-02-25,78.21016693115234
2025-02-26,78.2386245727539
2025-02-27,78.26708984375
2025-02-28,78.40946960449219
2025-03-03,78.45990753173828
2025-03-04,78.46942138671875
2025-03-05,78.38375091552734
2025-03-06,78.43134307861328
2025-03-07,78.42183685302734
2025-03-10,78.56462097167969
2025-03-11,78.51702880859375
2025-03-12,78.45990753173828
2025-03-13,78.51702880859375
2025-03-14,78.45990753173828
2025-03-17,78.43134307861328
2025-03-18,78.43134307861328
2025-03-19,78.54559326171875
2025-03-20,78.56462097167969
2025-03-21,78.61222839355469
2025-03-24,78.50749206542969
2025-03-25,78.53606414794922
2025-03-26,78.51702880859375
2025-03-27,78.55509948730469
2025-03-28,78.6978988647461
2025-03-31,78.7550277709961
2025-04-01,78.7836685180664
2025-04-02,78.72635650634766
2025-04-03,79.0224838256836
2025-04-04,78.97472381591797
2025-04-07,78.98426818847656
2025-04-08,78.9365005493164
2025-04-09,78.88874053955078
2025-04-10,78.87919616699219
2025-04-11,78.73591613769531
2025-04-14,78.90784454345703
2025-04-15,78.90784454345703
2025-04-16,79.01293182373047
2025-04-17,79.04158020019531
2025-04-21,78.99381256103516
2025-04-22,79.0224838256836
2025-04-23,78.96515655517578
2025-04-24,79.06068420410156
2025-04-25,79.12752532958984
2025-04-28,79.24214935302734
2025-04-29,79.28993225097656
2025-04-30,79.39500427246094
2025-05-01,79.23114776611328
2025-05-02,79.07783508300781
2025-05-05,79.0682601928711
2025-05-06,79.13531494140625
2025-05-07,79.16407012939453
2025-05-08,79.00116729736328
2025-05-09,79.03952026367188
2025-05-12,78.8957748413086
2025-05-13,78.8766098022461
2025-05-14,78.81912994384766
2025-05-15,78.9724349975586
2025-05-16,78.95326232910156
2025-05-19,78.98200988769531
2025-05-20,78.9916000366211
2025-05-21,78.94369506835938
2025-05-22,78.9916000366211
2025-05-23,79.03952026367188
2025-05-27,79.0682601928711
2025-05-28,79.01075744628906
2025-05-29,79.09700012207031
2025-05-30,79.19281005859375
2025-06-02,79.12744903564453
2025-06-03,79.10822296142578
2025-06-04,79.25242614746094
2025-06-05,79.1658935546875
2025-06-06,79.03130340576172
2025-06-09,79.08899688720703
2025-06-10,79.08899688720703
2025-06-11,79.21398162841797
2025-06-12,79.28126525878906
2025-06-13,79.22358703613281
2025-06-16,79.21398162841797
2025-06-17,79.25242614746094
2025-06-18,79.2908706665039
2025-06-20,79.34855651855469
2025-06-23,79.45431518554688
2025-06-24,79.52159881591797
2025-06-25,79.53121185302734
2025-06-26,79.6273422241211
2025-06-27,79.59850311279297
2025-06-30,79.65619659423828
2025-07-01,79.5732421875
2025-07-02,79.5635986328125
2025-07-03,79.476806640625
2025-07-07,79.45752716064453
2025-07-08,79.4671630859375
2025-07-09,79.53467559814453
2025-07-10,79.53467559814453
2025-07-11,79.515380859375
2025-07-14,79.52503204345703
2025-07-15,79.44786834716797
2025-07-16,79.553955078125
2025-07-17,79.52503204345703
2025-07-18,79.59253692626953
2025-07-21,79.64073944091797
2025-07-22,79.69861602783203
2025-07-23,79.631103515625
2025-07-24,79.5635986328125
2025-07-25,79.61182403564453
2025-07-28,79.60218048095703
2025-07-29,79.66969299316406
2025-07-30,79.58290100097656
2025-07-31,79.58290100097656
2025-08-01,79.9795913696289
2025-08-04,79.99895477294922
2025-08-05,79.96991729736328
2025-08-06,79.99895477294922
2025-08-07,79.96025085449219
2025-08-08,79.94090270996094
2025-08-11,79.94090270996094
2025-08-12,79.99895477294922
2025-08-13,80.1053695678711
2025-08-14,80.0182876586914
2025-08-15,79.98927307128906
2025-08-18,79.98927307128906
2025-08-19,80.02796173095703
2025-08-20,80.0569839477539
2025-08-21,79.98927307128906
2025-08-22,80.16343688964844
2025-08-25,80.1247329711914
2025-08-26,80.19245910644531
2025-08-27,80.2505111694336
2025-08-28,80.22150421142578
2025-08-29,80.28922271728516
2025-09-02,80.24845886230469
2025-09-03,80.30667877197266
2025-09-04,80.36492919921875
2025-09-05,80.48139190673828
2025-09-08,80.52992248535156
2025-09-09,80.46199035644531
2025-09-10,80.47169494628906
2025-09-11,80.50080108642578
2025-09-12,80.49109649658203
2025-09-15,80.52021026611328
2025-09-16,80.55903625488281
2025-09-17,80.52021026611328
2025-09-18,80.49109649658203
2025-09-19,80.52021026611328
2025-09-22,80.48139190673828
2025-09-23,80.51050567626953
2025-09-24,80.47169494628906
2025-09-25,80.40374755859375
2025-09-26,80.45226287841797
2025-09-29,80.48139190673828
2025-09-30,80.52021026611328
2025-10-01,80.61367797851562
2025-10-02,80.63314056396484
2025-10-03,80.60395050048828
2025-10-06,80.58447265625
2025-10-07,80.6234130859375
2025-10-08,80.61367797851562
2025-10-09,80.60395050048828
2025-10-10,80.7402572631836
2025-10-13,80.89602661132812
2025-10-14,80.83761596679688
2025-10-15,80.79867553710938
2025-10-16,80.90575408935547
2025-10-17,80.89602661132812
2025-10-20,80.90575408935547
2025-10-21,80.92522430419922
2025-10-22,80.92522430419922
2025-10-23,80.86680603027344
2025-10-24,80.91548919677734
2025-10-27,80.89602661132812
2025-10-28,80.90575408935547
2025-10-29,80.7499771118164
2025-10-30,80.75971221923828
2025-10-31,80.78893280029297
2025-11-03,80.79186248779297
2025-11-04,80.82115173339844
2025-11-05,80.76256561279297
2025-11-06,80.86022186279297
2025-11-07,80.89929962158203
2025-11-10,80.87975311279297
2025-11-11,80.94812774658203
2025-11-12,80.91883087158203
2025-11-13,80.8699951171875
2025-11-14,80.89929962158203
2025-11-17,80.88951873779297
2025-11-18,80.93836212158203
2025-11-19,80.9285888671875
2025-11-20,80.99696350097656
2025-11-21,81.09464263916016
2025-11-24,81.10440063476562
2025-11-25,81.15322875976562
2025-11-26,81.14346313476562
2025-11-28,81.14346313476562
2025-12-01,81.07391357421875
2025-12-02,81.12289428710938
2025-12-03,81.171875
2025-12-04,81.11309051513672
2025-12-05,81.08370208740234
2025-12-08,81.06411743164062
2025-12-09,81.0249252319336
2025-12-10,81.16207122802734
2025-12-11,81.171875
2025-12-12,81.18167114257812
2025-12-15,81.23065185546875
2025-12-16,81.26983642578125
2025-12-17,81.2796401977539
2025-12-18,81.33841705322266
2025-12-19,81.32366943359375
2025-12-22,81.28437042236328
2025-12-23,81.24505615234375
2025-12-24,81.29420471191406
2025-12-26,81.35315704345703
2025-12-29,81.39246368408203
2025-12-30,81.41210174560547
2025-12-31,81.38262939453125
2026-01-02,81.42193603515625
2026-01-05,81.451416015625
2026-01-06,81.46125030517578
2026-01-07,81.451416015625
2026-01-08,81.42193603515625
2026-01-09,81.39246368408203
2026-01-12,81.39246368408203
2026-01-13,81.41210174560547
2026-01-14,81.43175506591797
2026-01-15,81.37279510498047
2026-01-16,81.35315704345703
2026-01-20,81.36297607421875
2026-01-21,81.40227508544922
2026-01-22,81.37279510498047
2026-01-23,81.40227508544922
2026-01-26,81.43175506591797
2026-01-27,81.451416015625
2026-01-28,81.451416015625
2026-01-29,81.48089599609375
2026-01-30,81.5496826171875
2026-02-02,81.51024627685547
2026-02-03,81.50040435791016
2026-02-04,81.53983306884766
2026-02-05,81.66796112060547
2026-02-06,81.66796112060547
2026-02-09,81.68766784667969
2026-02-10,81.7369384765625
2026-02-11,81.65808868408203
2026-02-12,81.7369384765625
2026-02-13,81.86507415771484
2026-02-17,81.83551025390625
2026-02-18,81.7862319946289
2026-02-19,81.7862319946289
2026-02-20,81.79608154296875
2026-02-23,81.86507415771484
2026-02-24,81.86507415771484
2026-02-25,81.8453598022461
2026-02-26,81.87493896484375
2026-02-27,81.98336029052734
2026-03-02,81.83808135986328
2026-03-03,81.82819366455078
2026-03-04,81.7787857055664
2026-03-05,81.71949005126953
2026-03-06,81.75902557373047
2026-03-09,81.79854583740234
2026-03-10,81.74913024902344
2026-03-11,81.67008209228516
2026-03-12,81.5317153930664
2026-03-13,81.58113098144531
2026-03-16,81.67996215820312
2026-03-17,81.6898422241211
2026-03-18,81.54161071777344
2026-03-19,81.5218276977539
2026-03-20,81.34394073486328
2026-03-23,81.46253967285156
2026-03-24,81.34394073486328
2026-03-25,81.43289947509766
2026-03-26,81.2550048828125
2026-03-27,81.42300415039062
2026-03-30,81.5317153930664
2026-03-31,81.60089874267578
2026-04-01,81.5979232788086
2026-04-02,81.63756561279297
2026-04-06,81.55826568603516
2026-04-07,81.61773681640625
2026-04-08,81.69703674316406
2026-04-09,81.71687316894531
2026-04-10,81.6871337890625
2026-04-13,81.74659729003906
2026-04-14,81.80607604980469
2026-04-15,81.7862548828125
2026-04-16,81.75652313232422
2026-04-17,81.91511535644531
2026-04-20,81.87545776367188
2026-04-21,81.75652313232422
2026-04-22,81.7961654663086
2026-04-23,81.75652313232422
2026-04-24,81.84573364257812
2026-04-27,81.8259048461914
2026-04-28,81.7763442993164
2026-04-29,81.66730499267578
2026-04-30,81.75652313232422
2026-05-01,81.76944732666016
2026-05-04,81.67002868652344
2026-05-05,81.70979309082031
2026-05-06,81.81915283203125
2026-05-07,81.74955749511719
2026-05-08,81.81915283203125
2026-05-11,81.73961639404297
2026-05-12,81.67996978759766
2026-05-13,81.70979309082031
2026-05-14,81.67996978759766
2026-05-15,81.58055114746094
2026-05-18,81.62032318115234
2026-05-19,81.5606689453125
2026-05-20,81.67002868652344
2026-05-21,81.66007995605469
2026-05-22,81.64020538330078
2026-05-26,81.72967529296875
2026-05-27,81.73961639404297
2026-05-28,81.77938842773438
2026-05-29,81.81915283203125
2026-06-01,81.77229309082031
2026-06-02,81.77229309082031
2026-06-03,81.73240661621094
2026-06-04,81.79222869873047
2026-06-05,81.62272644042969
2026-06-08,81.66260528564453
2026-06-09,81.7024917602539
2026-06-10,81.7024917602539
2026-06-11,81.85205078125
2026-06-12,81.83211517333984
2026-06-15,81.87200164794922
2026-06-16,81.89193725585938
2026-06-17,81.64266204833984
2026-06-18,81.7523422241211
2026-06-22,81.6725845336914
2026-06-23,81.73240661621094
2026-06-24,81.83211517333984
2026-06-25,81.85205078125
2026-06-26,81.95176696777344
2026-06-29,81.93182373046875
2026-06-30,81.87200164794922
2026-07-01,81.83999633789062
2026-07-02,81.94000244140625
2026-07-06,81.9800033569336
2026-07-07,81.86000061035156
2026-07-08,81.83999633789062
2026-07-09,81.91000366210938
2026-07-10,81.87999725341797
2026-07-13,81.79000091552734
2026-07-14,81.93000030517578
2026-07-15,82.0
2026-07-16,82.0
2026-07-17,81.98999786376953
2026-07-20,81.95999908447266
2026-07-21,81.88999938964844
2026-07-22,81.83000183105469
2026-07-23,81.7699966430664
2026-07-24,81.8499984741211
2026-07-27,81.87000274658203
2026-07-28,81.94000244140625
2026-07-29,81.98999786376953
2026-07-30,82.01000213623047
2026-07-31,82.0
2026-08-03,81.76499938964844
