Date,Close
2012-09-20,7.408508777618408
2012-09-21,7.463481426239014
2012-09-24,7.447316646575928
2012-09-25,7.466718673706055
2012-09-26,7.5378594398498535
2012-09-27,7.566964149475098
2012-09-28,7.760989665985107
2012-10-01,7.728649616241455
2012-10-02,7.686610221862793
2012-10-03,7.583133697509766
2012-10-04,7.709248065948486
2012-10-05,7.864466667175293
2012-10-08,7.699546813964844
2012-10-09,7.699546813964844
2012-10-10,7.793325424194336
2012-10-11,7.864466667175293
2012-10-12,8.064961433410645
2012-10-15,8.174905776977539
2012-10-16,8.168440818786621
2012-10-17,8.087596893310547
2012-10-18,8.152271270751953
2012-10-19,8.119933128356934
2012-10-22,8.116698265075684
2012-10-23,8.05202579498291
2012-10-24,7.922677040100098
2012-10-25,7.874171733856201
2012-10-26,7.89033842086792
2012-10-31,7.948544025421143
2012-11-01,7.958245754241943
2012-11-02,7.786859512329102
2012-11-05,7.731884956359863
2012-11-06,7.7351202964782715
2012-11-07,7.832132339477539
2012-11-08,7.87093448638916
2012-11-09,8.006752967834473
2012-11-12,8.394800186157227
2012-11-13,8.184611320495605
2012-11-14,7.974417686462402
2012-11-15,7.818686485290527
2012-11-16,7.919053077697754
2012-11-19,7.9028639793396
2012-11-20,7.8057379722595215
2012-11-21,7.87696647644043
2012-11-23,7.873728275299072
2012-11-26,7.844588279724121
2012-11-27,7.834874629974365
2012-11-28,7.948192119598389
2012-11-29,7.92876672744751
2012-11-30,8.084163665771484
2012-12-03,8.17481803894043
2012-12-04,8.045317649841309
2012-12-05,8.168343544006348
2012-12-06,8.012943267822266
2012-12-07,8.087407112121582
2012-12-10,8.045317649841309
2012-12-11,8.055027961730957
2012-12-12,7.925528526306152
2012-12-13,7.92876672744751
2012-12-14,7.957904815673828
2012-12-17,8.061504364013672
2012-12-18,8.06474494934082
2012-12-19,8.126258850097656
2012-12-20,8.084163665771484
2012-12-21,8.061504364013672
2012-12-24,8.148919105529785
2012-12-26,8.07121753692627
2012-12-27,8.06474494934082
2012-12-28,8.051791191101074
2012-12-31,8.145682334899902
2013-01-02,8.414398193359375
2013-01-03,8.696067810058594
2013-01-04,8.663690567016602
2013-01-07,8.67988109588623
2013-01-08,8.81261920928955
2013-01-09,9.162273406982422
2013-01-10,9.272350311279297
2013-01-11,9.295013427734375
2013-01-14,9.32090950012207
2013-01-15,9.285299301147461
2013-01-16,9.424516677856445
2013-01-17,9.298249244689941
2013-01-18,9.37918758392334
2013-01-22,9.385663032531738
2013-01-23,9.350050926208496
2013-01-24,9.366239547729492
2013-01-25,9.372713088989258
2013-01-28,9.366239547729492
2013-01-29,9.350050926208496
2013-01-30,9.307963371276855
2013-01-31,9.388898849487305
2013-02-01,9.058672904968262
2013-02-04,9.042482376098633
2013-02-05,9.197888374328613
2013-02-06,9.327388763427734
2013-02-07,9.278824806213379
2013-02-08,9.430988311767578
2013-02-11,9.388898849487305
2013-02-12,9.204360008239746
2013-02-13,9.162273406982422
2013-02-14,9.125443458557129
2013-02-15,8.78344440460205
2013-02-19,9.329327583312988
2013-02-20,9.112287521362305
2013-02-21,9.0267915725708
2013-02-22,9.191213607788086
2013-02-25,9.309596061706543
2013-02-26,9.618708610534668
2013-02-27,9.434558868408203
2013-02-28,9.582535743713379
2013-03-01,9.664749145507812
2013-03-04,9.743673324584961
2013-03-05,9.89822769165039
2013-03-06,10.148152351379395
2013-03-07,10.125133514404297
2013-03-08,10.134997367858887
2013-03-11,10.187610626220703
2013-03-12,10.27968692779541
2013-03-13,10.33230209350586
2013-03-14,10.411225318908691
2013-03-15,10.457265853881836
2013-03-18,10.292840957641602
2013-03-19,10.40793514251709
2013-03-20,10.536189079284668
2013-03-21,10.661145210266113
2013-03-22,10.651283264160156
2013-03-25,10.664437294006348
2013-03-26,10.799263000488281
2013-03-27,10.720340728759766
2013-03-28,10.687455177307129
2013-04-01,10.572360038757324
2013-04-02,10.509881019592285
2013-04-03,10.236940383911133
2013-04-04,10.20405387878418
2013-04-05,10.187610626220703
2013-04-08,10.325723648071289
2013-04-09,10.375051498413086
2013-04-10,10.470418930053711
2013-04-11,10.509881019592285
2013-04-12,10.315861701965332
2013-04-15,10.263245582580566
2013-04-16,10.490147590637207
2013-04-17,10.523031234741211
2013-04-18,10.523031234741211
2013-04-19,10.447400093078613
2013-04-22,10.486860275268555
2013-04-23,10.391493797302246
2013-04-24,10.345457077026367
2013-04-25,10.355324745178223
2013-04-26,10.292840957641602
2013-04-29,10.384921073913574
2013-04-30,10.164591789245605
2013-05-01,10.102110862731934
2013-05-02,10.102110862731934
2013-05-03,10.029767990112305
2013-05-06,9.983725547790527
2013-05-07,9.980437278747559
2013-05-08,9.881783485412598
2013-05-09,9.746960639953613
2013-05-10,10.378342628479004
2013-05-13,10.440820693969727
2013-05-14,10.430957794189453
2013-05-15,10.348745346069336
2013-05-16,10.254706382751465
2013-05-17,10.321401596069336
2013-05-20,10.52482795715332
2013-05-21,10.3380765914917
2013-05-22,10.3380765914917
2013-05-23,10.021260261535645
2013-05-24,10.00792407989502
2013-05-28,9.801162719726562
2013-05-29,9.594400405883789
2013-05-30,9.517699241638184
2013-05-31,9.617742538452148
2013-06-03,9.244237899780273
2013-06-04,9.684441566467285
2013-06-05,9.46434211730957
2013-06-06,9.71445369720459
2013-06-07,9.554383277893066
2013-06-10,9.474346160888672
2013-06-11,9.477678298950195
2013-06-12,9.387639999389648
2013-06-13,9.417652130126953
2013-06-14,9.494357109069824
2013-06-17,9.407647132873535
2013-06-18,9.444331169128418
2013-06-19,9.474346160888672
2013-06-20,9.377632141113281
2013-06-21,9.521032333374023
2013-06-24,9.217561721801758
2013-06-25,9.27425479888916
2013-06-26,9.667765617370605
2013-06-27,10.027935028076172
2013-06-28,9.771147727966309
2013-07-01,9.837843894958496
2013-07-02,9.804496765136719
2013-07-03,9.814502716064453
2013-07-05,9.784488677978516
2013-07-08,9.69778060913086
2013-07-09,9.864523887634277
2013-07-10,9.86785888671875
2013-07-11,9.797826766967773
2013-07-12,9.891201972961426
2013-07-15,9.797826766967773
2013-07-16,9.76114273071289
2013-07-17,9.814502716064453
2013-07-18,9.787823677062988
2013-07-19,9.814502716064453
2013-07-22,9.76781177520752
2013-07-23,9.707786560058594
2013-07-24,9.71445369720459
2013-07-25,9.704452514648438
2013-07-26,9.681111335754395
2013-07-29,9.754472732543945
2013-07-30,9.73112964630127
2013-07-31,9.857853889465332
2013-08-01,9.754472732543945
2013-08-02,9.86119270324707
2013-08-05,9.877862930297852
2013-08-06,10.011256217956543
2013-08-07,9.974575996398926
2013-08-08,10.151323318481445
2013-08-09,10.104634284973145
2013-08-12,10.117974281311035
2013-08-13,10.134645462036133
2013-08-14,10.294722557067871
2013-08-15,10.2855806350708
2013-08-16,10.024972915649414
2013-08-19,9.916667938232422
2013-08-20,9.916667938232422
2013-08-21,9.81513500213623
2013-08-22,9.784671783447266
2013-08-23,9.710213661193848
2013-08-26,9.76436710357666
2013-08-27,10.035127639770508
2013-08-28,10.136661529541016
2013-08-29,10.319429397583008
2013-08-30,10.454805374145508
2013-09-03,10.725576400756836
2013-09-04,10.668036460876465
2013-09-05,10.4345064163208
2013-09-06,10.529268264770508
2013-09-09,10.563112258911133
2013-09-10,10.627418518066406
2013-09-11,10.593575477600098
2013-09-12,10.360040664672852
2013-09-13,10.4581937789917
2013-09-16,10.475117683410645
2013-09-17,10.559732437133789
2013-09-18,10.50219440460205
2013-09-19,10.549576759338379
2013-09-20,10.238202095031738
2013-09-23,10.153585433959961
2013-09-24,10.194202423095703
2013-09-25,10.265275001525879
2013-09-26,10.228045463562012
2013-09-27,10.353270530700684
2013-09-30,10.194202423095703
2013-10-01,10.756031036376953
2013-10-02,10.735725402832031
2013-10-03,10.580037117004395
2013-10-04,10.644339561462402
2013-10-07,10.360040664672852
2013-10-08,10.228045463562012
2013-10-09,10.620647430419922
2013-10-10,10.580037117004395
2013-10-11,10.475117683410645
2013-10-14,10.390503883361816
2013-10-15,10.454805374145508
2013-10-16,10.492039680480957
2013-10-17,10.661264419555664
2013-10-18,10.637574195861816
2013-10-21,10.607110023498535
2013-10-22,10.654495239257812
2013-10-23,10.695113182067871
2013-10-24,10.644339561462402
2013-10-25,10.539420127868652
2013-10-28,10.57326602935791
2013-10-29,10.681572914123535
2013-10-30,10.640958786010742
2013-10-31,10.515732765197754
2013-11-01,10.525886535644531
2013-11-04,10.525886535644531
2013-11-05,10.492039680480957
2013-11-06,11.067415237426758
2013-11-07,11.067415237426758
2013-11-08,11.260327339172363
2013-11-11,11.07079029083252
2013-11-12,11.175715446472168
2013-11-13,11.30094051361084
2013-11-14,11.097872734069824
2013-11-15,11.097527503967285
2013-11-18,11.385951042175293
2013-11-19,11.50269889831543
2013-11-20,11.485529899597168
2013-11-21,11.434025764465332
2013-11-22,11.468358993530273
2013-11-25,11.427153587341309
2013-11-26,11.269211769104004
2013-11-27,11.464925765991211
2013-11-29,11.554203033447266
2013-12-02,11.145601272583008
2013-12-03,11.039155960083008
2013-12-04,10.960182189941406
2013-12-05,11.025419235229492
2013-12-06,11.052888870239258
2013-12-09,11.070060729980469
2013-12-10,11.076927185058594
2013-12-11,11.090658187866211
2013-12-12,11.221135139465332
2013-12-13,11.17993450164795
2013-12-16,11.06662368774414
2013-12-17,11.128430366516113
2013-12-18,11.173065185546875
2013-12-19,11.063188552856445
2013-12-20,11.464925765991211
2013-12-23,11.674378395080566
2013-12-24,11.626306533813477
2013-12-26,11.657210350036621
2013-12-27,11.674378395080566
2013-12-30,11.399688720703125
2013-12-31,11.365351676940918
2014-01-02,11.272645950317383
2014-01-03,11.337882995605469
2014-01-06,11.111260414123535
2014-01-07,11.37221622467041
2014-01-08,11.348180770874023
2014-01-09,11.379083633422852
2014-01-10,11.62287425994873
2014-01-13,11.815157890319824
2014-01-14,11.694982528686523
2014-01-15,11.928468704223633
2014-01-16,11.763651847839355
2014-01-17,11.619441986083984
2014-01-21,11.50269889831543
2014-01-22,11.732745170593262
2014-01-23,11.887260437011719
2014-01-24,11.801424026489258
2014-01-27,11.815157890319824
2014-01-28,11.640040397644043
2014-01-29,11.523297309875488
2014-01-30,11.811726570129395
2014-01-31,11.890697479248047
2014-02-03,11.605705261230469
2014-02-04,11.729320526123047
2014-02-05,11.804858207702637
2014-02-06,11.8082914352417
2014-02-07,12.017745971679688
2014-02-10,12.052078247070312
2014-02-11,12.034907341003418
2014-02-12,12.058945655822754
2014-02-13,12.220847129821777
2014-02-14,12.266111373901367
2014-02-18,12.28351879119873
2014-02-19,12.293961524963379
2014-02-20,12.33922290802002
2014-02-21,12.586430549621582
2014-02-24,12.823188781738281
2014-02-25,12.732661247253418
2014-02-26,12.558574676513672
2014-02-27,12.481976509094238
2014-02-28,12.328779220581055
2014-03-03,12.548131942749023
2014-03-04,12.958974838256836
2014-03-05,12.903266906738281
2014-03-06,12.753551483154297
2014-03-07,12.84755802154541
2014-03-10,12.92763614654541
2014-03-11,12.823188781738281
2014-03-12,12.69784164428711
2014-03-13,12.481976509094238
2014-03-14,12.328779220581055
2014-03-17,12.349675178527832
2014-03-18,11.949274063110352
2014-03-19,11.475756645202637
2014-03-20,11.395678520202637
2014-03-21,12.168619155883789
2014-03-24,12.238256454467773
2014-03-25,12.088539123535156
2014-03-26,12.046761512756348
2014-03-27,12.071131706237793
2014-03-28,12.213883399963379
2014-03-31,12.238256454467773
2014-04-01,12.394932746887207
2014-04-02,12.52027702331543
2014-04-03,12.575984001159668
2014-04-04,12.6630277633667
2014-04-07,12.70480728149414
2014-04-08,12.757033348083496
2014-04-09,12.666510581970215
2014-04-10,12.548131942749023
2014-04-11,12.558574676513672
2014-04-14,12.642135620117188
2014-04-15,12.673473358154297
2014-04-16,12.69435977935791
2014-04-17,12.69435977935791
2014-04-21,12.74310302734375
2014-04-22,12.844075202941895
2014-04-23,12.840594291687012
2014-04-24,12.861479759216309
2014-04-25,12.837112426757812
2014-04-28,15.657309532165527
2014-04-29,14.86695671081543
2014-04-30,14.518784523010254
2014-05-01,14.954002380371094
2014-05-02,14.776430130004883
2014-05-05,14.898287773132324
2014-05-06,14.706793785095215
2014-05-07,14.967926979064941
2014-05-08,14.75554084777832
2014-05-09,14.797318458557129
2014-05-12,15.281280517578125
2014-05-13,15.47625732421875
2014-05-14,15.493664741516113
2014-05-15,15.399662017822266
2014-05-16,15.446144104003906
2014-05-19,15.812403678894043
2014-05-20,15.942702293395996
2014-05-21,16.065963745117188
2014-05-22,16.22796058654785
2014-05-23,16.372356414794922
2014-05-27,16.217397689819336
2014-05-28,16.308958053588867
2014-05-29,16.340654373168945
2014-05-30,16.622394561767578
2014-06-02,16.61534309387207
2014-06-03,16.66465187072754
2014-06-04,16.53082847595215
2014-06-05,16.238523483276367
2014-06-06,16.308958053588867
2014-06-09,15.911008834838867
2014-06-10,15.833529472351074
2014-06-11,16.14695930480957
2014-06-12,16.199785232543945
2014-06-13,16.104703903198242
2014-06-16,16.023700714111328
2014-06-17,15.858181953430176
2014-06-18,15.921571731567383
2014-06-19,15.837051391601562
2014-06-20,16.04483413696289
2014-06-23,16.111743927001953
2014-06-24,16.340654373168945
2014-06-25,16.28078269958496
2014-06-26,16.340654373168945
2014-06-27,16.516735076904297
2014-06-30,16.52730369567871
2014-07-01,16.53082847595215
2014-07-02,16.64000129699707
2014-07-03,16.79494857788086
2014-07-07,16.868907928466797
2014-07-08,16.904125213623047
2014-07-09,17.20699119567871
2014-07-10,17.379552841186523
2014-07-11,17.4323787689209
2014-07-14,17.696510314941406
2014-07-15,17.601417541503906
2014-07-16,17.626070022583008
2014-07-17,18.13319206237793
2014-07-18,18.097976684570312
2014-07-21,18.027549743652344
2014-07-22,17.72468376159668
2014-07-23,17.862028121948242
2014-07-24,17.9254207611084
2014-07-25,17.964153289794922
2014-07-28,18.009939193725586
2014-07-29,18.03106689453125
2014-07-30,18.016979217529297
2014-07-31,17.995853424072266
2014-08-01,17.742294311523438
2014-08-04,18.038114547729492
2014-08-05,17.904287338256836
2014-08-06,17.904287338256836
2014-08-07,18.094457626342773
2014-08-08,18.224767684936523
2014-08-11,18.552276611328125
2014-08-12,19.19322395324707
2014-08-13,19.728527069091797
2014-08-14,19.679224014282227
2014-08-15,19.91028594970703
2014-08-18,20.54658317565918
2014-08-19,20.436389923095703
2014-08-20,20.61767578125
2014-08-21,20.70654296875
2014-08-22,21.069133758544922
2014-08-25,21.05847930908203
2014-08-26,20.962491989135742
2014-08-27,20.315521240234375
2014-08-28,20.33685302734375
2014-08-29,20.2906436920166
2014-09-02,20.255096435546875
2014-09-03,19.896060943603516
2014-09-04,19.0251407623291
2014-09-05,18.82963752746582
2014-09-08,18.168441772460938
2014-09-09,18.477703094482422
2014-09-10,18.00847816467285
2014-09-11,18.090242385864258
2014-09-12,18.698108673095703
2014-09-15,18.630563735961914
2014-09-16,18.722984313964844
2014-09-17,18.744314193725586
2014-09-18,18.87584114074707
2014-09-19,19.149559020996094
2014-09-22,19.149559020996094
2014-09-23,19.138893127441406
2014-09-24,18.918500900268555
2014-09-25,18.57012176513672
2014-09-26,19.373506546020508
2014-09-29,19.505033493041992
2014-09-30,19.55124855041504
2014-10-01,19.47304344177246
2014-10-02,19.65433692932129
2014-10-03,19.55124855041504
2014-10-06,19.53347396850586
2014-10-07,18.559471130371094
2014-10-08,17.916053771972656
2014-10-09,17.205095291137695
2014-10-10,16.01424789428711
2014-10-13,15.729870796203613
2014-10-14,15.640997886657715
2014-10-15,16.16354751586914
2014-10-16,17.62456512451172
2014-10-17,17.848508834838867
2014-10-20,17.702770233154297
2014-10-21,16.504812240600586
2014-10-22,16.145776748657227
2014-10-23,16.106670379638672
2014-10-24,16.351953506469727
2014-10-27,16.423049926757812
2014-10-28,16.487031936645508
2014-10-29,16.423049926757812
2014-10-30,16.277299880981445
2014-10-31,16.37683868408203
2014-11-03,16.14222526550293
2014-11-04,15.98581314086914
2014-11-05,15.99647331237793
2014-11-06,15.78319263458252
2014-11-07,16.21331787109375
2014-11-10,16.174217224121094
2014-11-11,16.01424789428711
2014-11-12,16.092453002929688
2014-11-13,16.167104721069336
2014-11-14,16.431913375854492
2014-11-17,16.439109802246094
2014-11-18,16.53265953063965
2014-11-19,16.381540298461914
2014-11-20,16.62620735168457
2014-11-21,16.622608184814453
2014-11-24,16.48228645324707
2014-11-25,16.51106834411621
2014-11-26,16.860071182250977
2014-11-28,16.89605140686035
2014-12-01,15.83105182647705
2014-12-02,16.205244064331055
2014-12-03,16.698165893554688
2014-12-04,16.72334861755371
2014-12-05,16.968008041381836
2014-12-08,16.410327911376953
2014-12-09,16.198049545288086
2014-12-10,15.737505912780762
2014-12-11,16.370752334594727
2014-12-12,16.359952926635742
2014-12-15,15.867034912109375
2014-12-16,15.802267074584961
2014-12-17,16.007356643676758
2014-12-18,16.187253952026367
2014-12-19,16.575838088989258
2014-12-22,16.590227127075195
2014-12-23,16.89605140686035
2014-12-24,16.99679183959961
2014-12-26,17.212677001953125
2014-12-29,17.65162467956543
2014-12-30,17.899887084960938
2014-12-31,17.90708351135254
2015-01-02,17.680410385131836
2015-01-05,17.363786697387695
2015-01-06,17.363786697387695
2015-01-07,17.28103256225586
2015-01-08,17.45014190673828
2015-01-09,17.532896041870117
2015-01-12,17.180288314819336
2015-01-13,17.05796241760254
2015-01-14,16.95722198486328
2015-01-15,17.3781795501709
2015-01-16,17.49691390991211
2015-01-20,17.7415771484375
2015-01-21,17.809934616088867
2015-01-22,18.076183319091797
2015-01-23,18.457571029663086
2015-01-26,18.673452377319336
2015-01-27,18.579904556274414
2015-01-28,18.324445724487305
2015-01-29,18.04739761352539
2015-01-30,18.040210723876953
2015-02-02,18.302854537963867
2015-02-03,18.572708129882812
2015-02-04,18.554712295532227
2015-02-05,18.507946014404297
2015-02-06,18.536725997924805
2015-02-09,18.435983657836914
2015-02-10,18.234493255615234
2015-02-11,18.122957229614258
2015-02-12,18.250408172607422
2015-02-13,18.330516815185547
2015-02-17,18.02463722229004
2015-02-18,18.0646915435791
2015-02-19,18.610904693603516
2015-02-20,18.756555557250977
2015-02-23,19.022369384765625
2015-02-24,18.964107513427734
2015-02-25,18.97503089904785
2015-02-26,18.934978485107422
2015-02-27,18.782045364379883
2015-03-02,18.76747703552246
2015-03-03,18.669166564941406
2015-03-04,18.752914428710938
2015-03-05,18.665523529052734
2015-03-06,18.55263900756836
2015-03-09,18.585412979125977
2015-03-10,18.468887329101562
2015-03-11,18.07198143005371
2015-03-12,18.570842742919922
2015-03-13,18.589048385620117
2015-03-16,18.640031814575195
2015-03-17,18.53078842163086
2015-03-18,18.512582778930664
2015-03-19,18.461605072021484
2015-03-20,18.840299606323242
2015-03-23,19.033296585083008
2015-03-24,18.836658477783203
2015-03-25,18.803892135620117
2015-03-26,18.88035774230957
2015-03-27,18.658233642578125
2015-03-30,18.73834991455078
2015-03-31,18.69828224182129
2015-04-01,18.585412979125977
2015-04-02,18.406984329223633
2015-04-06,18.27953338623047
2015-04-07,17.995513916015625
2015-04-08,17.66779327392578
2015-04-09,17.67142677307129
2015-04-10,17.842571258544922
2015-04-13,17.627737045288086
2015-04-14,17.795242309570312
2015-04-15,17.87535285949707
2015-04-16,18.297746658325195
2015-04-17,18.490737915039062
2015-04-20,18.47981071472168
2015-04-21,18.341440200805664
2015-04-22,18.60361671447754
2015-04-23,18.610904693603516
2015-04-24,18.596332550048828
2015-04-27,18.592697143554688
2015-04-28,18.596332550048828
2015-04-29,19.084270477294922
2015-04-30,19.011449813842773
2015-05-01,19.51395606994629
2015-05-04,19.44476890563965
2015-05-05,18.665523529052734
2015-05-06,18.585412979125977
2015-05-07,18.28317642211914
2015-05-08,17.868066787719727
2015-05-11,17.5075740814209
2015-05-12,17.64594268798828
2015-05-13,17.678714752197266
2015-05-14,17.627737045288086
2015-05-15,17.991249084472656
2015-05-18,17.622196197509766
2015-05-19,17.330646514892578
2015-05-20,17.205175399780273
2015-05-21,17.253149032592773
2015-05-22,17.43767547607422
2015-05-26,17.699703216552734
2015-05-27,17.400772094726562
2015-05-28,16.98374366760254
2015-05-29,17.0501708984375
2015-06-01,16.84719467163086
2015-06-02,17.290058135986328
2015-06-03,17.23470115661621
2015-06-04,16.544574737548828
2015-06-05,16.197660446166992
2015-06-08,16.13861846923828
2015-06-09,16.389570236206055
2015-06-10,16.72171974182129
2015-06-11,16.629459381103516
2015-06-12,16.71064567565918
2015-06-15,17.04279327392578
2015-06-16,17.2088623046875
2015-06-17,17.42660903930664
2015-06-18,16.8914794921875
2015-06-19,16.861961364746094
2015-06-22,17.205175399780273
2015-06-23,17.253149032592773
2015-06-24,16.976360321044922
2015-06-25,16.736480712890625
2015-06-26,16.459688186645508
2015-06-29,16.400644302368164
2015-06-30,16.71802520751953
2015-07-01,16.91731834411621
2015-07-02,16.389570236206055
2015-07-06,16.06110954284668
2015-07-07,16.58147621154785
2015-07-08,16.304683685302734
2015-07-09,16.149688720703125
2015-07-10,16.304683685302734
2015-07-13,16.145998001098633
2015-07-14,16.064807891845703
2015-07-15,14.798958778381348
2015-07-16,14.725152015686035
2015-07-17,14.492644309997559
2015-07-20,13.765612602233887
2015-07-21,13.968591690063477
2015-07-22,13.765612602233887
2015-07-23,13.894780158996582
2015-07-24,14.027637481689453
2015-07-27,14.175260543823242
2015-07-28,14.750980377197266
2015-07-29,14.909674644470215
2015-07-30,14.721454620361328
2015-07-31,14.651335716247559
2015-08-03,14.500027656555176
2015-08-04,14.437288284301758
2015-08-05,14.049785614013672
2015-08-06,13.3781099319458
2015-08-07,13.241561889648438
2015-08-10,13.632756233215332
2015-08-11,14.16788101196289
2015-08-12,14.917049407958984
2015-08-13,14.917049407958984
2015-08-14,14.96699333190918
2015-08-17,15.075887680053711
2015-08-18,15.060872077941895
2015-08-19,14.614029884338379
2015-08-20,14.339930534362793
2015-08-21,13.750412940979004
2015-08-24,13.506343841552734
2015-08-25,13.555154800415039
2015-08-26,13.521366119384766
2015-08-27,14.354947090148926
2015-08-28,14.583993911743164
2015-08-31,14.786766052246094
2015-09-01,14.373717308044434
2015-09-02,14.437559127807617
2015-09-03,14.23479175567627
2015-09-04,14.032026290893555
2015-09-08,13.994476318359375
2015-09-09,13.55891227722168
2015-09-10,13.772940635681152
2015-09-11,13.333619117736816
2015-09-14,13.160893440246582
2015-09-15,12.950620651245117
2015-09-16,12.822952270507812
2015-09-17,13.063265800476074
2015-09-18,13.281048774719238
2015-09-21,13.12709903717041
2015-09-22,13.498828887939453
2015-09-23,12.954373359680176
2015-09-24,12.578885078430176
2015-09-25,12.695280075073242
2015-09-28,12.165846824645996
2015-09-29,11.591346740722656
2015-09-30,12.710305213928223
2015-10-01,12.822952270507812
2015-10-02,12.6990385055542
2015-10-05,12.792913436889648
2015-10-06,12.871767044067383
2015-10-07,13.006942749023438
2015-10-08,13.198440551757812
2015-10-09,13.59270191192627
2015-10-12,13.472548484802246
2015-10-13,13.412470817565918
2015-10-14,13.750412940979004
2015-10-15,13.735391616821289
2015-10-16,13.855548858642578
2015-10-19,13.611480712890625
2015-10-20,13.712862968444824
2015-10-21,13.810489654541016
2015-10-22,13.468792915344238
2015-10-23,13.296070098876953
2015-10-26,12.826706886291504
2015-10-27,12.28600025177002
2015-10-28,12.19588565826416
2015-10-29,12.792913436889648
2015-10-30,12.950620651245117
2015-11-02,12.488764762878418
2015-11-03,12.650227546691895
2015-11-04,12.582642555236816
2015-11-05,13.573933601379395
2015-11-06,13.517602920532227
2015-11-09,13.235990524291992
2015-11-10,13.209704399108887
2015-11-11,12.905558586120605
2015-11-12,12.646472930908203
2015-11-13,12.721348762512207
2015-11-16,13.427876472473145
2015-11-17,13.819537162780762
2015-11-18,14.549103736877441
2015-11-19,15.071322441101074
2015-11-20,14.7449369430542
2015-11-23,14.748778343200684
2015-11-24,14.65278148651123
2015-11-25,14.53758716583252
2015-11-27,14.503026962280273
2015-11-30,14.28415584564209
2015-12-01,14.218876838684082
2015-12-02,14.096006393432617
2015-12-03,14.11520767211914
2015-12-04,13.919371604919434
2015-12-07,13.69666576385498
2015-12-08,13.450910568237305
2015-12-09,13.850255966186523
2015-12-10,14.38782787322998
2015-12-11,13.827218055725098
2015-12-14,13.61987018585205
2015-12-15,13.838741302490234
2015-12-16,14.199682235717773
2015-12-17,13.823381423950195
2015-12-18,13.516194343566895
2015-12-21,13.627549171447754
2015-12-22,14.188165664672852
2015-12-23,14.998372077941895
2015-12-24,14.92924976348877
2015-12-28,14.476147651672363
2015-12-29,14.76413631439209
2015-12-30,15.063642501831055
2015-12-31,15.209559440612793
2016-01-04,15.201881408691406
2016-01-05,15.18267822265625
2016-01-06,14.718061447143555
2016-01-07,14.31872272491455
2016-01-08,14.088325500488281
2016-01-11,13.447073936462402
2016-01-12,13.27812385559082
2016-01-13,12.744386672973633
2016-01-14,13.239725112915039
2016-01-15,13.400997161865234
2016-01-19,12.345046043395996
2016-01-20,11.239178657531738
2016-01-21,10.824475288391113
2016-01-22,11.565560340881348
2016-01-25,11.665398597717285
2016-01-26,12.537036895751953
2016-01-27,12.986298561096191
2016-01-28,13.109171867370605
2016-01-29,13.059252738952637
2016-02-01,12.851900100708008
2016-02-02,12.556233406066895
2016-02-03,11.942573547363281
2016-02-04,12.312582969665527
2016-02-05,11.466289520263672
2016-02-08,9.628060340881348
2016-02-09,9.254117965698242
2016-02-10,9.372204780578613
2016-02-11,9.132092475891113
2016-02-12,9.502103805541992
2016-02-16,11.084473609924316
2016-02-17,11.726081848144531
2016-02-18,11.722145080566406
2016-02-19,11.619803428649902
2016-02-22,12.18662166595459
2016-02-23,11.903215408325195
2016-02-24,12.040983200073242
2016-02-25,11.485971450805664
2016-02-26,12.131516456604004
2016-02-29,11.828422546386719
2016-03-01,12.10002613067627
2016-03-02,12.938443183898926
2016-03-03,12.989618301391602
2016-03-04,12.895146369934082
2016-03-07,13.174620628356934
2016-03-08,12.824295043945312
2016-03-09,12.694400787353516
2016-03-10,12.670782089233398
2016-03-11,13.091958045959473
2016-03-14,12.903017044067383
2016-03-15,13.025043487548828
2016-03-16,13.19823932647705
2016-03-17,13.316329002380371
2016-03-18,13.190361976623535
2016-03-21,13.186429023742676
2016-03-22,13.154938697814941
2016-03-23,12.686524391174316
2016-03-24,12.698335647583008
2016-03-28,12.757376670837402
2016-03-29,12.816422462463379
2016-03-30,12.938443183898926
2016-03-31,13.040786743164062
2016-04-01,12.733757972717285
2016-04-04,12.544822692871094
2016-04-05,12.517264366149902
2016-04-06,12.784933090209961
2016-04-07,12.714080810546875
2016-04-08,12.7101411819458
2016-04-11,12.627482414245605
2016-04-12,13.296643257141113
2016-04-13,13.25334644317627
2016-04-14,13.217921257019043
2016-04-15,12.887275695800781
2016-04-18,13.273028373718262
2016-04-19,13.607605934143066
2016-04-20,13.914633750915527
2016-04-21,13.639095306396484
2016-04-22,14.19411563873291
2016-04-25,13.871338844299316
2016-04-26,14.135066032409668
2016-04-27,14.300384521484375
2016-04-28,14.284645080566406
2016-04-29,14.127190589904785
2016-05-02,13.946128845214844
2016-05-03,13.737504959106445
2016-05-04,13.704049110412598
2016-05-05,13.546859741210938
2016-05-06,13.321144104003906
2016-05-09,13.115584373474121
2016-05-10,13.313082695007324
2016-05-11,13.647618293762207
2016-05-12,13.542826652526855
2016-05-13,13.434000968933105
2016-05-16,13.691956520080566
2016-05-17,13.45012092590332
2016-05-18,13.17201042175293
2016-05-19,13.075275421142578
2016-05-20,13.49445915222168
2016-05-23,13.562981605529785
2016-05-24,13.631495475769043
2016-05-25,13.611349105834961
2016-05-26,13.462217330932617
2016-05-27,13.530735969543457
2016-05-31,13.369507789611816
2016-06-01,13.60328197479248
2016-06-02,13.611349105834961
2016-06-03,13.409815788269043
2016-06-06,13.583128929138184
2016-06-07,13.591196060180664
2016-06-08,12.470685005187988
2016-06-09,12.019256591796875
2016-06-10,11.882217407226562
2016-06-13,11.809664726257324
2016-06-14,11.801607131958008
2016-06-15,11.817727088928223
2016-06-16,11.672626495361328
2016-06-17,12.11599063873291
2016-06-20,12.05150032043457
2016-06-21,12.45456600189209
2016-06-22,12.15630054473877
2016-06-23,12.422320365905762
2016-06-24,12.11599063873291
2016-06-27,11.76130199432373
2016-06-28,12.091809272766113
2016-06-29,12.309460639953613
2016-06-30,12.071656227111816
2016-07-01,11.80563735961914
2016-07-05,11.676658630371094
2016-07-06,11.459006309509277
2016-07-07,11.100278854370117
2016-07-08,11.575892448425293
2016-07-11,11.890281677246094
2016-07-12,12.099867820739746
2016-07-13,11.995074272155762
2016-07-14,12.11599063873291
2016-07-15,12.103898048400879
2016-07-18,12.099867820739746
2016-07-19,12.192573547363281
2016-07-20,12.244972229003906
2016-07-21,12.293341636657715
2016-07-22,12.345735549926758
2016-07-25,12.44247055053711
2016-07-26,12.39813232421875
2016-07-27,12.45456600189209
2016-07-28,12.44247055053711
2016-07-29,12.494868278503418
2016-08-01,12.494868278503418
2016-08-02,12.543237686157227
2016-08-03,12.794150352478027
2016-08-04,12.01159381866455
2016-08-05,12.525019645690918
2016-08-08,12.566422462463379
2016-08-09,12.4463472366333
2016-08-10,12.404945373535156
2016-08-11,12.284869194030762
2016-08-12,12.665794372558594
2016-08-15,12.682353019714355
2016-08-16,12.694775581359863
2016-08-17,12.752741813659668
2016-08-18,12.868681907653809
2016-08-19,12.765165328979492
2016-08-22,12.690638542175293
2016-08-23,12.72790241241455
2016-08-24,12.49603271484375
2016-08-25,12.438069343566895
2016-08-26,12.442208290100098
2016-08-29,12.645094871520996
2016-08-30,12.520875930786133
2016-08-31,12.330411911010742
2016-09-01,12.342838287353516
2016-09-02,12.413225173950195
2016-09-06,12.640952110290527
2016-09-07,12.66993522644043
2016-09-08,12.719623565673828
2016-09-09,12.326272964477539
2016-09-12,12.479471206665039
2016-09-13,12.37182331085205
2016-09-14,12.392523765563965
2016-09-15,12.351117134094238
2016-09-16,12.10682487487793
2016-09-19,12.148231506347656
2016-09-20,12.032293319702148
2016-09-21,12.33869743347168
2016-09-22,12.392523765563965
2016-09-23,12.487754821777344
2016-09-26,12.317992210388184
2016-09-27,12.22690200805664
2016-09-28,12.293150901794434
2016-09-29,12.081989288330078
2016-09-30,12.01159381866455
2016-10-03,12.086128234863281
2016-10-04,11.912224769592285
2016-10-05,11.763167381286621
2016-10-06,11.804573059082031
2016-10-07,11.75074291229248
2016-10-10,11.941208839416504
2016-10-11,11.858400344848633
2016-10-12,11.82112979888916
2016-10-13,11.730043411254883
2016-10-14,11.721761703491211
2016-10-17,11.870819091796875
2016-10-18,11.912224769592285
2016-10-19,11.92464542388916
2016-10-20,12.028159141540527
2016-10-21,12.139949798583984
2016-10-24,12.148231506347656
2016-10-25,11.974331855773926
2016-10-26,11.763167381286621
2016-10-27,11.804573059082031
2016-10-28,11.771449089050293
2016-10-31,11.79628849029541
2016-11-01,11.783870697021484
2016-11-02,11.560282707214355
2016-11-03,11.3153715133667
2016-11-04,11.204434394836426
2016-11-07,11.460440635681152
2016-11-08,10.944167137145996
2016-11-09,11.571377754211426
2016-11-10,10.658293724060059
2016-11-11,10.466293334960938
2016-11-14,10.197488784790039
2016-11-15,10.641227722167969
2016-11-16,10.51749324798584
2016-11-17,10.355356216430664
2016-11-18,10.159088134765625
2016-11-21,9.7750825881958
2016-11-22,9.075334548950195
2016-11-23,9.147871971130371
2016-11-25,9.301473617553711
2016-11-28,9.049735069274902
2016-11-29,9.139335632324219
2016-11-30,10.282820701599121
2016-12-01,10.133485794067383
2016-12-02,10.457757949829102
2016-12-05,10.662559509277344
2016-12-06,10.427891731262207
2016-12-07,10.334023475646973
2016-12-08,10.372424125671387
2016-12-09,10.470558166503906
2016-12-12,10.55162525177002
2016-12-13,10.58149242401123
2016-12-14,10.342554092407227
2016-12-15,10.3638916015625
2016-12-16,10.436427116394043
2016-12-19,10.270018577575684
2016-12-20,9.44654369354248
2016-12-21,10.043886184692383
2016-12-22,11.3153715133667
2016-12-23,11.511638641357422
2016-12-27,11.618309020996094
2016-12-28,11.3623046875
2016-12-29,11.392173767089844
2016-12-30,11.473240852355957
2017-01-03,11.520174980163574
2017-01-04,11.712177276611328
2017-01-05,11.60550594329834
2017-01-06,11.44764232635498
2017-01-09,11.6780424118042
2017-01-10,11.413504600524902
2017-01-11,11.537240028381348
2017-01-12,11.468972206115723
2017-01-13,11.370837211608887
2017-01-17,11.417771339416504
2017-01-18,11.383638381958008
2017-01-19,11.375104904174805
2017-01-20,11.392173767089844
2017-01-23,11.477505683898926
2017-01-24,11.724976539611816
2017-01-25,11.912712097167969
2017-01-26,12.104720115661621
2017-01-27,12.151647567749023
2017-01-30,12.160181999206543
2017-01-31,12.074848175048828
2017-02-01,12.049247741699219
2017-02-02,12.373520851135254
2017-02-03,12.61245346069336
2017-02-06,12.774591445922852
2017-02-07,12.684988975524902
2017-02-08,12.620989799499512
2017-02-09,12.803584098815918
2017-02-10,12.60606861114502
2017-02-13,12.31637191772461
2017-02-14,12.540228843688965
2017-02-15,12.320762634277344
2017-02-16,12.513890266418457
2017-02-17,12.307594299316406
2017-02-21,12.452445983886719
2017-02-22,12.193471908569336
2017-02-23,12.096907615661621
2017-02-24,12.074962615966797
2017-02-27,11.640421867370605
2017-02-28,11.240995407104492
2017-03-01,10.977639198303223
2017-03-02,11.135658264160156
2017-03-03,11.09175968170166
2017-03-06,10.99958324432373
2017-03-07,10.723058700561523
2017-03-08,10.407027244567871
2017-03-09,10.249016761779785
2017-03-10,10.4948148727417
2017-03-13,10.582600593566895
2017-03-14,10.608941078186035
2017-03-15,10.753785133361816
2017-03-16,10.788896560668945
2017-03-17,10.824014663696289
2017-03-20,10.62210464477539
2017-03-21,10.507984161376953
2017-03-22,10.53431510925293
2017-03-23,10.679165840148926
2017-03-24,10.696720123291016
2017-03-27,10.512371063232422
2017-03-28,10.529925346374512
2017-03-29,10.617714881896973
2017-03-30,10.34118938446045
2017-03-31,10.608941078186035
2017-04-03,10.6001558303833
2017-04-04,10.565040588378906
2017-04-05,10.472867012023926
2017-04-06,12.592901229858398
2017-04-07,12.904544830322266
2017-04-10,13.137175559997559
2017-04-11,13.12839412689209
2017-04-12,13.115226745605469
2017-04-13,13.102059364318848
2017-04-17,13.189847946166992
2017-04-18,13.299579620361328
2017-04-19,13.167896270751953
2017-04-20,13.264461517333984
2017-04-21,13.264461517333984
2017-04-24,13.24251937866211
2017-04-25,13.589269638061523
2017-04-26,13.606825828552246
2017-04-27,13.387361526489258
2017-04-28,13.339078903198242
2017-05-01,13.075724601745605
2017-05-02,13.049384117126465
2017-05-03,12.865036964416504
2017-05-04,13.062556266784668
2017-05-05,13.543814659118652
2017-05-08,13.602499961853027
2017-05-09,13.543814659118652
2017-05-10,13.823719024658203
2017-05-11,13.868866920471191
2017-05-12,13.765026092529297
2017-05-15,13.823719024658203
2017-05-16,13.742452621459961
2017-05-17,13.525751113891602
2017-05-18,13.593470573425293
2017-05-19,13.692793846130371
2017-05-22,13.719880104064941
2017-05-23,13.742452621459961
2017-05-24,13.810171127319336
2017-05-25,13.760512351989746
2017-05-26,13.701824188232422
2017-05-30,13.453521728515625
2017-05-31,13.462547302246094
2017-06-01,13.647648811340332
2017-06-02,13.74697208404541
2017-06-05,13.63410472869873
2017-06-06,13.552839279174805
2017-06-07,13.385799407958984
2017-06-08,13.521240234375
2017-06-09,13.552839279174805
2017-06-12,13.54832649230957
2017-06-13,13.557352066040039
2017-06-14,13.453521728515625
2017-06-15,13.408374786376953
2017-06-16,13.507692337036133
2017-06-19,13.503178596496582
2017-06-20,13.290990829467773
2017-06-21,13.281966209411621
2017-06-22,13.593470573425293
2017-06-23,13.71085262298584
2017-06-26,13.760512351989746
2017-06-27,13.625073432922363
2017-06-28,13.701824188232422
2017-06-29,13.832747459411621
2017-06-30,13.819207191467285
2017-07-03,13.828229904174805
2017-07-05,13.701824188232422
2017-07-06,13.652158737182617
2017-07-07,13.855321884155273
2017-07-10,13.629590034484863
2017-07-11,13.701824188232422
2017-07-12,13.737936019897461
2017-07-13,13.846288681030273
2017-07-14,13.93206787109375
2017-07-17,13.977210998535156
2017-07-18,14.058475494384766
2017-07-19,14.058475494384766
2017-07-20,14.031388282775879
2017-07-21,13.778573989868164
2017-07-24,14.171341896057129
2017-07-25,14.356437683105469
2017-07-26,14.193913459777832
2017-07-27,14.383524894714355
2017-07-28,14.61376667022705
2017-07-31,14.59119987487793
2017-08-01,14.555084228515625
2017-08-02,14.469303131103516
2017-08-03,14.365500450134277
2017-08-04,14.476723670959473
2017-08-07,14.254287719726562
2017-08-08,14.0225830078125
2017-08-09,14.713054656982422
2017-08-10,14.444281578063965
2017-08-11,14.374771118164062
2017-08-14,14.476723670959473
2017-08-15,14.156970024108887
2017-08-16,14.156970024108887
2017-08-17,14.129165649414062
2017-08-18,14.10599422454834
2017-08-21,14.05038833618164
2017-08-22,14.258918762207031
2017-08-23,14.439648628234863
2017-08-24,14.435014724731445
2017-08-25,14.467450141906738
2017-08-28,14.379403114318848
2017-08-29,14.472084999084473
2017-08-30,14.564767837524414
2017-08-31,14.509160041809082
2017-09-01,14.815003395080566
2017-09-05,14.513790130615234
2017-09-06,14.662084579467773
2017-09-07,14.777929306030273
2017-09-08,14.764030456542969
2017-09-11,14.694518089294434
2017-09-12,14.657444953918457
2017-09-13,14.72232437133789
2017-09-14,14.652812957763672
2017-09-15,14.662084579467773
2017-09-18,14.60647201538086
2017-09-19,14.592568397521973
2017-09-20,14.435014724731445
2017-09-21,14.258918762207031
2017-09-22,14.319160461425781
2017-09-25,14.254287719726562
2017-09-26,14.356233596801758
2017-09-27,14.31452751159668
2017-09-28,14.198677062988281
2017-09-29,14.411842346191406
2017-10-02,14.490621566772461
2017-10-03,14.76866626739502
2017-10-04,14.76866626739502
2017-10-05,14.662084579467773
2017-10-06,14.703790664672852
2017-10-09,14.787200927734375
2017-10-10,14.680615425109863
2017-10-11,14.731593132019043
2017-10-12,15.004997253417969
2017-10-13,14.685253143310547
2017-10-16,14.643545150756836
2017-10-17,14.513790130615234
2017-10-18,14.11063289642334
2017-10-19,14.272818565368652
2017-10-20,14.101363182067871
2017-10-23,13.953075408935547
2017-10-24,14.06429386138916
2017-10-25,13.957707405090332
2017-10-26,14.087458610534668
2017-10-27,14.328429222106934
2017-10-30,14.295990943908691
2017-10-31,14.351597785949707
2017-11-01,14.560125350952148
2017-11-02,14.263553619384766
2017-11-03,14.272818565368652
2017-11-06,14.409010887145996
2017-11-07,14.62804889678955
2017-11-08,14.661382675170898
2017-11-09,14.670905113220215
2017-11-10,14.699471473693848
2017-11-13,14.618522644042969
2017-11-14,14.43757438659668
2017-11-15,14.385196685791016
2017-11-16,14.46614933013916
2017-11-17,14.509002685546875
2017-11-20,14.54233169555664
2017-11-21,14.399487495422363
2017-11-22,14.404244422912598
2017-11-24,14.480435371398926
2017-11-27,14.35662841796875
2017-11-28,13.918543815612793
2017-11-29,13.804267883300781
2017-11-30,13.980449676513672
2017-12-01,14.023306846618652
2017-12-04,13.847125053405762
2017-12-05,13.689986228942871
2017-12-06,13.970925331115723
2017-12-07,14.042352676391602
2017-12-08,13.885214805603027
2017-12-11,13.875690460205078
2017-12-12,13.761409759521484
2017-12-13,13.861407279968262
2017-12-14,13.866167068481445
2017-12-15,13.689986228942871
2017-12-18,13.689986228942871
2017-12-19,13.485230445861816
2017-12-20,13.52332592010498
2017-12-21,13.499518394470215
2017-12-22,13.551894187927246
2017-12-26,13.47094440460205
2017-12-27,13.35190200805664
2017-12-28,13.47094440460205
2017-12-29,13.52332592010498
2018-01-02,13.747127532958984
2018-01-03,13.970925331115723
2018-01-04,13.7947416305542
2018-01-05,13.575708389282227
2018-01-08,13.90426254272461
2018-01-09,14.380439758300781
2018-01-10,14.475669860839844
2018-01-11,14.666135787963867
2018-01-12,15.042318344116211
2018-01-16,15.294684410095215
2018-01-17,14.932798385620117
2018-01-18,14.966131210327148
2018-01-19,15.128031730651855
2018-01-22,15.489917755126953
2018-01-23,15.432782173156738
2018-01-24,15.494685173034668
2018-01-25,15.237546920776367
2018-01-26,15.418496131896973
2018-01-29,15.237546920776367
2018-01-30,14.9566068649292
2018-01-31,15.194689750671387
2018-02-01,15.45182991027832
2018-02-02,14.970891952514648
2018-02-05,14.670634269714355
2018-02-06,14.763545036315918
2018-02-07,14.641288757324219
2018-02-08,14.357658386230469
2018-02-09,14.582611083984375
2018-02-12,15.032508850097656
2018-02-13,15.012950897216797
2018-02-14,15.100967407226562
2018-02-15,15.110750198364258
2018-02-16,14.871133804321289
2018-02-20,14.709748268127441
2018-02-21,14.670634269714355
2018-02-22,14.763545036315918
2018-02-23,14.910247802734375
2018-02-26,14.607062339782715
2018-02-27,14.347879409790039
2018-02-28,14.142488479614258
2018-03-01,14.005560874938965
2018-03-02,13.94199275970459
2018-03-05,13.809956550598145
2018-03-06,13.849081039428711
2018-03-07,13.692588806152344
2018-03-08,13.487199783325195
2018-03-09,13.61434555053711
2018-03-12,13.702369689941406
2018-03-13,13.702369689941406
2018-03-14,13.536103248596191
2018-03-15,13.35516357421875
2018-03-16,13.629014015197754
2018-03-19,13.169340133666992
2018-03-20,13.08620548248291
2018-03-21,12.973733901977539
2018-03-22,12.778119087219238
2018-03-23,12.880814552307129
2018-03-26,12.773234367370605
2018-03-27,12.67542552947998
2018-03-28,12.533612251281738
2018-03-29,12.474928855895996
2018-04-02,12.474928855895996
2018-04-03,12.4651460647583
2018-04-04,12.699878692626953
2018-04-05,13.037300109863281
2018-04-06,12.92482852935791
2018-04-09,12.92482852935791
2018-04-10,13.232908248901367
2018-04-11,13.5165433883667
2018-04-12,13.496981620788574
2018-04-13,13.433405876159668
2018-04-16,13.75616455078125
2018-04-17,13.834410667419434
2018-04-18,13.873529434204102
2018-04-19,13.677919387817383
2018-04-20,13.658361434936523
2018-04-23,13.692588806152344
2018-04-24,13.511651039123535
2018-04-25,13.580116271972656
2018-04-26,13.570333480834961
2018-04-27,13.242688179016113
2018-04-30,13.457863807678223
2018-05-01,13.531210899353027
2018-05-02,13.492094993591309
2018-05-03,13.379618644714355
2018-05-04,13.543999671936035
2018-05-07,13.518789291381836
2018-05-08,13.286839485168457
2018-05-09,13.518789291381836
2018-05-10,13.518789291381836
2018-05-11,13.488534927368164
2018-05-14,13.634764671325684
2018-05-15,13.614598274230957
2018-05-16,13.5944242477417
2018-05-17,13.549049377441406
2018-05-18,13.533919334411621
2018-05-21,13.402812004089355
2018-05-22,13.18598747253418
2018-05-23,13.16581916809082
2018-05-24,12.979249000549316
2018-05-25,13.090178489685059
2018-05-29,13.11539077758789
2018-05-30,13.458277702331543
2018-05-31,13.412895202636719
2018-06-01,13.206153869628906
2018-06-04,13.211197853088379
2018-06-05,13.327174186706543
2018-06-06,13.196070671081543
2018-06-07,13.175898551940918
2018-06-08,13.211197853088379
2018-06-11,13.377602577209473
2018-06-12,13.261622428894043
2018-06-13,13.16077709197998
2018-06-14,13.029669761657715
2018-06-15,12.78763198852539
2018-06-18,13.0044584274292
2018-06-19,12.92882251739502
2018-06-20,12.863271713256836
2018-06-21,12.757380485534668
2018-06-22,12.696868896484375
2018-06-25,12.454829216003418
2018-06-26,12.444743156433105
2018-06-27,12.616190910339355
2018-06-28,12.47500228881836
2018-06-29,12.585935592651367
2018-07-02,12.364069938659668
2018-07-03,12.676697731018066
2018-07-05,12.631319046020508
2018-07-06,12.550638198852539
2018-07-09,12.706954956054688
2018-07-10,12.681743621826172
2018-07-11,12.67165756225586
2018-07-12,12.711997032165527
2018-07-13,12.767464637756348
2018-07-16,12.959080696105957
2018-07-17,12.797720909118652
2018-07-18,12.913691520690918
2018-07-19,13.019585609436035
2018-07-20,13.009500503540039
2018-07-23,13.256585121154785
2018-07-24,13.191032409667969
2018-07-25,13.317092895507812
2018-07-26,13.422980308532715
2018-07-27,13.281790733337402
2018-07-30,13.347345352172852
2018-07-31,13.458277702331543
2018-08-01,13.564170837402344
2018-08-02,13.856627464294434
2018-08-03,14.002863883972168
2018-08-06,13.90723705291748
2018-08-07,13.559041023254395
2018-08-08,13.486274719238281
2018-08-09,14.276227951049805
2018-08-10,14.458125114440918
2018-08-13,14.125509262084961
2018-08-14,14.0059814453125
2018-08-15,13.798100471496582
2018-08-16,13.855268478393555
2018-08-17,14.000785827636719
2018-08-20,14.224255561828613
2018-08-21,14.44772720336914
2018-08-22,14.463318824768066
2018-08-23,14.250244140625
2018-08-24,14.302210807800293
2018-08-27,14.338591575622559
2018-08-28,14.307409286499023
2018-08-29,14.276227951049805
2018-08-30,14.187874794006348
2018-08-31,14.07873821258545
2018-09-04,14.20346450805664
2018-09-05,14.229452133178711
2018-09-06,14.0423583984375
2018-09-07,13.995586395263672
2018-09-10,14.328198432922363
2018-09-11,14.411349296569824
2018-09-12,14.499701499938965
2018-09-13,14.432138442993164
2018-09-14,14.484106063842773
2018-09-17,14.416543006896973
2018-09-18,14.577655792236328
2018-09-19,14.582850456237793
2018-09-20,14.650411605834961
2018-09-21,14.671199798583984
2018-09-24,14.702385902404785
2018-09-25,14.847898483276367
2018-09-26,14.993412017822266
2018-09-27,15.201294898986816
2018-09-28,15.357206344604492
2018-10-01,15.47154426574707
2018-10-02,15.461150169372559
2018-10-03,15.596268653869629
2018-10-04,15.419576644897461
2018-10-05,15.502723693847656
2018-10-08,15.819743156433105
2018-10-09,15.809346199035645
2018-10-10,15.60146427154541
2018-10-11,15.372798919677734
2018-10-12,15.128541946411133
2018-10-15,15.097355842590332
2018-10-16,15.377995491027832
2018-10-17,15.258463859558105
2018-10-18,15.258463859558105
2018-10-19,15.138932228088379
2018-10-22,15.175307273864746
2018-10-23,15.009003639221191
2018-10-24,14.432138442993164
2018-10-25,14.302210807800293
2018-10-26,13.974800109863281
2018-10-29,13.990389823913574
2018-10-30,13.954014778137207
2018-10-31,14.208661079406738
2018-11-01,14.546472549438477
2018-11-02,14.317800521850586
2018-11-05,14.256725311279297
2018-11-06,14.14957332611084
2018-11-07,14.342442512512207
2018-11-08,15.237177848815918
2018-11-09,15.24252986907959
2018-11-12,15.456840515136719
2018-11-13,15.172881126403809
2018-11-14,15.04430103302002
2018-11-15,15.04430103302002
2018-11-16,14.733555793762207
2018-11-19,14.310300827026367
2018-11-20,14.396026611328125
2018-11-21,14.958573341369629
2018-11-23,14.942498207092285
2018-11-26,15.113945960998535
2018-11-27,14.915715217590332
2018-11-28,15.092520713806152
2018-11-29,15.124667167663574
2018-11-30,14.980010032653809
2018-12-03,14.947866439819336
2018-12-04,14.631758689880371
2018-12-06,14.733555793762207
2018-12-07,14.567469596862793
2018-12-10,14.562110900878906
2018-12-11,14.674620628356934
2018-12-12,14.797846794128418
2018-12-13,14.958573341369629
2018-12-14,14.840707778930664
2018-12-17,14.460315704345703
2018-12-18,14.36923599243164
2018-12-19,14.41745376586914
2018-12-20,14.020988464355469
2018-12-21,13.528082847595215
2018-12-24,12.9226713180542
2018-12-26,13.672740936279297
2018-12-27,13.88169002532959
2018-12-28,14.10135269165039
2018-12-31,14.567469596862793
2019-01-02,14.529963493347168
2019-01-03,14.58354377746582
2019-01-04,14.765701293945312
2019-01-07,15.028229713439941
2019-01-08,15.167529106140137
2019-01-09,15.306824684143066
2019-01-10,15.290751457214355
2019-01-11,15.130023002624512
2019-01-14,15.435408592224121
2019-01-15,15.52112865447998
2019-01-16,15.531846046447754
2019-01-17,15.569351196289062
2019-01-18,15.606854438781738
2019-01-22,15.649714469909668
2019-01-23,15.83723258972168
2019-01-24,16.056894302368164
2019-01-25,16.335498809814453
2019-01-28,16.15869140625
2019-01-29,16.16940689086914
2019-01-30,16.421218872070312
2019-01-31,16.41050148010254
2019-02-01,16.576589584350586
2019-02-04,16.662311553955078
2019-02-05,16.627084732055664
2019-02-06,16.164764404296875
2019-02-07,15.988642692565918
2019-02-08,15.994150161743164
2019-02-11,16.203292846679688
2019-02-12,16.56104278564453
2019-02-13,16.627084732055664
2019-02-14,16.59406280517578
2019-02-15,16.698637008666992
2019-02-19,16.66010856628418
2019-02-20,16.428951263427734
2019-02-21,16.23081398010254
2019-02-22,16.4344539642334
2019-02-25,16.6876277923584
2019-02-26,16.61608123779297
2019-02-27,16.566539764404297
2019-02-28,16.500497817993164
2019-03-01,16.566539764404297
2019-03-04,16.500497817993164
2019-03-05,16.428951263427734
2019-03-06,16.390424728393555
2019-03-07,16.26933479309082
2019-03-08,16.318870544433594
2019-03-11,16.51150894165039
2019-03-12,16.45646858215332
2019-03-13,16.483985900878906
2019-03-14,16.517011642456055
2019-03-15,16.63258934020996
2019-03-18,16.78670310974121
2019-03-19,16.830730438232422
2019-03-20,16.90227699279785
2019-03-21,17.034372329711914
2019-03-22,16.94631004333496
2019-03-25,16.885772705078125
2019-03-26,16.97933578491211
2019-03-27,16.973833084106445
2019-03-28,17.116928100585938
2019-03-29,17.149951934814453
2019-04-01,17.3150691986084
2019-04-02,17.425142288208008
2019-04-03,17.282041549682617
2019-04-04,17.171966552734375
2019-04-05,17.144447326660156
2019-04-08,17.0563907623291
2019-04-09,16.8692569732666
2019-04-10,16.79220199584961
2019-04-11,16.94631004333496
2019-04-12,17.012353897094727
2019-04-15,16.973833084106445
2019-04-16,16.709646224975586
2019-04-17,16.6876277923584
2019-04-18,16.671117782592773
2019-04-22,16.97933578491211
2019-04-23,16.891273498535156
2019-04-24,16.836233139038086
2019-04-25,16.731658935546875
2019-04-26,16.957319259643555
2019-04-29,16.90227699279785
2019-04-30,17.023359298706055
2019-05-01,17.100418090820312
2019-05-02,17.16095733642578
2019-05-03,17.298555374145508
2019-05-06,17.115419387817383
2019-05-07,16.838451385498047
2019-05-08,16.748016357421875
2019-05-09,17.0306339263916
2019-05-10,17.296297073364258
2019-05-13,17.2171630859375
2019-05-14,17.36977767944336
2019-05-15,17.132375717163086
2019-05-16,17.154985427856445
2019-05-17,17.20585823059082
2019-05-20,17.154985427856445
2019-05-21,17.341516494750977
2019-05-22,17.30194854736328
2019-05-23,17.064550399780273
2019-05-24,17.008018493652344
2019-05-28,16.923236846923828
2019-05-29,16.832799911499023
2019-05-30,16.9571533203125
2019-05-31,16.934539794921875
2019-06-03,17.132375717163086
2019-06-04,17.471519470214844
2019-06-05,17.2906436920166
2019-06-06,17.460216522216797
2019-06-07,17.448909759521484
2019-06-10,17.5506534576416
2019-06-11,17.465864181518555
2019-06-12,17.307600021362305
2019-06-13,17.448909759521484
2019-06-14,17.607173919677734
2019-06-17,17.48282241821289
2019-06-18,17.415000915527344
2019-06-19,17.505430221557617
2019-06-20,17.415000915527344
2019-06-21,17.57891082763672
2019-06-24,17.59022331237793
2019-06-25,17.398035049438477
2019-06-26,17.471519470214844
2019-06-27,17.771093368530273
2019-06-28,17.68065643310547
2019-07-01,17.765445709228516
2019-07-02,18.019800186157227
2019-07-03,18.110240936279297
2019-07-05,18.3137264251709
2019-07-08,18.308074951171875
2019-07-09,18.274158477783203
2019-07-10,18.274158477783203
2019-07-11,18.34198760986328
2019-07-12,18.46068572998047
2019-07-15,18.777225494384766
2019-07-16,18.96375274658203
2019-07-17,18.754610061645508
2019-07-18,18.60764503479004
2019-07-19,18.87331199645996
2019-07-22,19.025922775268555
2019-07-23,19.031572341918945
2019-07-24,19.003314971923828
2019-07-25,19.065492630004883
2019-07-26,19.122018814086914
2019-07-29,19.201148986816406
2019-07-30,19.09375762939453
2019-07-31,19.09940528869629
2019-08-01,18.946792602539062
2019-08-02,18.87331199645996
2019-08-05,18.33778190612793
2019-08-06,18.807239532470703
2019-08-07,18.360960006713867
2019-08-08,18.013219833374023
2019-08-09,17.752408981323242
2019-08-12,17.752408981323242
2019-08-13,17.914690017700195
2019-08-14,17.68865394592285
2019-08-15,17.352502822875977
2019-08-16,17.636493682861328
2019-08-19,17.735023498535156
2019-08-20,17.729228973388672
2019-08-21,18.013219833374023
2019-08-22,17.96685791015625
2019-08-23,17.885711669921875
2019-08-26,17.932079315185547
2019-08-27,17.821958541870117
2019-08-28,17.995832443237305
2019-08-29,18.38414764404297
2019-08-30,18.181299209594727
2019-09-03,17.914690017700195
2019-09-04,17.874122619628906
2019-09-05,17.816165924072266
2019-09-06,18.02480697631836
2019-09-09,18.15231704711914
2019-09-10,18.216073989868164
2019-09-11,18.11754608154297
2019-09-12,18.169706344604492
2019-09-13,18.210277557373047
2019-09-16,18.059585571289062
2019-09-17,18.239253997802734
2019-09-18,18.227663040161133
2019-09-19,18.279827117919922
2019-09-20,18.51165008544922
2019-09-23,18.534841537475586
2019-09-24,18.349374771118164
2019-09-25,18.140727996826172
2019-09-26,18.01901626586914
2019-09-27,18.297212600708008
2019-09-30,18.227663040161133
2019-10-01,18.04219627380371
2019-10-02,17.96685791015625
2019-10-03,18.02480697631836
2019-10-04,18.111743927001953
2019-10-07,18.146522521972656
2019-10-08,18.274028778076172
2019-10-09,18.036407470703125
2019-10-10,18.100156784057617
2019-10-11,18.268234252929688
2019-10-14,18.320396423339844
2019-10-15,18.453699111938477
2019-10-16,18.407331466674805
2019-10-17,18.627573013305664
2019-10-18,18.836217880249023
2019-10-21,18.76667022705078
2019-10-22,18.726099014282227
2019-10-23,18.97531509399414
2019-10-24,18.94053840637207
2019-10-25,18.97531509399414
2019-10-28,18.998498916625977
2019-10-29,19.17816734313965
2019-10-30,19.346242904663086
2019-10-31,19.47954750061035
2019-11-01,19.63023567199707
2019-11-04,19.604097366333008
2019-11-05,19.17043113708496
2019-11-06,19.48528480529785
2019-11-07,19.253602981567383
2019-11-08,18.91498565673828
2019-11-11,18.867460250854492
2019-11-12,18.606069564819336
2019-11-13,18.88528060913086
2019-11-14,18.855581283569336
2019-11-15,19.21795654296875
2019-11-18,18.724882125854492
2019-11-19,18.564485549926758
2019-11-20,18.713001251220703
2019-11-21,18.796171188354492
2019-11-22,18.57636833190918
2019-11-25,18.606069564819336
2019-11-26,18.505077362060547
2019-11-27,18.237754821777344
2019-11-29,18.505077362060547
2019-12-02,18.2139892578125
2019-12-03,18.249635696411133
2019-12-04,18.00606346130371
2019-12-05,17.91101837158203
2019-12-06,17.964481353759766
2019-12-09,18.118938446044922
2019-12-10,18.023887634277344
2019-12-11,17.827848434448242
2019-12-12,17.946659088134766
2019-12-13,18.225872039794922
2019-12-16,18.303102493286133
2019-12-17,18.48131561279297
2019-12-18,18.505077362060547
2019-12-19,18.421907424926758
2019-12-20,18.101116180419922
2019-12-23,18.344680786132812
2019-12-24,18.47537612915039
2019-12-26,18.362506866455078
2019-12-27,18.267452239990234
2019-12-30,18.083293914794922
2019-12-31,18.1783447265625
2020-01-02,18.309038162231445
2020-01-03,18.40408706665039
2020-01-06,18.64171600341797
2020-01-07,18.67142105102539
2020-01-08,18.71894073486328
2020-01-09,18.617950439453125
2020-01-10,18.59419059753418
2020-01-13,18.730823516845703
2020-01-14,19.07538414001465
2020-01-15,19.12884521484375
2020-01-16,19.087265014648438
2020-01-17,19.354598999023438
2020-01-21,19.21795654296875
2020-01-22,18.986270904541016
2020-01-23,19.07538414001465
2020-01-24,18.736764907836914
2020-01-27,18.754589080810547
2020-01-28,18.469436645507812
2020-01-29,18.813997268676758
2020-01-30,18.67142105102539
2020-01-31,18.48131561279297
2020-02-03,18.78429412841797
2020-02-04,18.87934112548828
2020-02-05,18.91498565673828
2020-02-06,19.119909286499023
2020-02-07,18.979633331298828
2020-02-10,18.418540954589844
2020-02-11,18.741775512695312
2020-02-12,18.95523452758789
2020-02-13,18.857656478881836
2020-02-14,18.86985206604004
2020-02-18,18.674684524536133
2020-02-19,18.467329025268555
2020-02-20,18.729578018188477
2020-02-21,18.930843353271484
2020-02-24,18.729578018188477
2020-02-25,17.900136947631836
2020-02-26,17.979419708251953
2020-02-27,16.66816520690918
2020-02-28,16.485198974609375
2020-03-02,17.326839447021484
2020-03-03,17.10728645324707
2020-03-04,17.47321891784668
2020-03-05,17.05849266052246
2020-03-06,16.01558494567871
2020-03-09,13.417475700378418
2020-03-10,15.161749839782715
2020-03-11,13.75291633605957
2020-03-12,10.538820266723633
2020-03-13,11.587821960449219
2020-03-16,9.477617263793945
2020-03-17,9.349542617797852
2020-03-18,7.275931358337402
2020-03-19,9.14828109741211
2020-03-20,9.325148582458496
2020-03-23,8.062685012817383
2020-03-24,8.373726844787598
2020-03-25,8.611584663391113
2020-03-26,9.758166313171387
2020-03-27,9.526408195495605
2020-03-30,9.026302337646484
2020-03-31,9.538606643676758
2020-04-01,8.75185489654541
2020-04-02,9.032402038574219
2020-04-03,8.97751235961914
2020-04-06,9.794758796691895
2020-04-07,9.794758796691895
2020-04-08,10.136295318603516
2020-04-09,10.886454582214355
2020-04-13,10.90474796295166
2020-04-14,11.600019454956055
2020-04-15,11.630511283874512
2020-04-16,11.51463508605957
2020-04-17,12.325784683227539
2020-04-20,12.301387786865234
2020-04-21,12.850282669067383
2020-04-22,14.057855606079102
2020-04-23,14.070055961608887
2020-04-24,13.826103210449219
2020-04-27,14.393295288085938
2020-04-28,14.503073692321777
2020-04-29,15.119062423706055
2020-04-30,15.137357711791992
2020-05-01,14.801915168762207
2020-05-04,14.905599594116211
2020-05-05,15.241034507751465
2020-05-06,14.79699420928955
2020-05-07,14.323949813842773
2020-05-08,15.036678314208984
2020-05-11,15.560184478759766
2020-05-12,15.080829620361328
2020-05-13,13.913968086242676
2020-05-14,14.355485916137695
2020-05-15,14.929450988769531
2020-05-18,15.042984008789062
2020-05-19,15.440345764160156
2020-05-20,15.907089233398438
2020-05-21,15.951237678527832
2020-05-22,16.033239364624023
2020-05-26,15.850318908691406
2020-05-27,16.115230560302734
2020-05-28,16.03954315185547
2020-05-29,16.272912979125977
2020-06-01,16.115230560302734
2020-06-02,16.632429122924805
2020-06-03,16.821653366088867
2020-06-04,16.809036254882812
2020-06-05,16.600894927978516
2020-06-08,17.029794692993164
2020-06-09,16.87211036682129
2020-06-10,16.525209426879883
2020-06-11,15.270051956176758
2020-06-12,15.692641258239746
2020-06-15,16.216144561767578
2020-06-16,16.695505142211914
2020-06-17,16.41167640686035
2020-06-18,16.60720443725586
2020-06-19,16.60720443725586
2020-06-22,16.525209426879883
2020-06-23,16.708120346069336
2020-06-24,16.05846405029297
2020-06-25,15.623260498046875
2020-06-26,15.345738410949707
2020-06-29,14.834842681884766
2020-06-30,14.399638175964355
2020-07-01,14.670849800109863
2020-07-02,14.67716121673584
2020-07-06,14.803306579589844
2020-07-07,14.759154319763184
2020-07-08,14.942068099975586
2020-07-09,14.809613227844238
2020-07-10,14.98621654510498
2020-07-13,14.721312522888184
2020-07-14,14.595163345336914
2020-07-15,14.954681396484375
2020-07-16,14.87269115447998
2020-07-17,14.651928901672363
2020-07-20,14.878995895385742
2020-07-21,15.616952896118164
2020-07-22,15.591719627380371
2020-07-23,15.62956714630127
2020-07-24,15.478193283081055
2020-07-27,15.509726524353027
2020-07-28,15.478193283081055
2020-07-29,16.077383041381836
2020-07-30,15.989084243774414
2020-07-31,15.654792785644531
2020-08-03,16.32337760925293
2020-08-04,16.569360733032227
2020-08-05,17.313627243041992
2020-08-06,17.076913833618164
2020-08-07,16.86881446838379
2020-08-10,16.86881446838379
2020-08-11,16.654216766357422
2020-08-12,16.9078369140625
2020-08-13,16.699735641479492
2020-08-14,16.95335578918457
2020-08-17,17.564638137817383
2020-08-18,17.753223419189453
2020-08-19,17.701202392578125
2020-08-20,17.701202392578125
2020-08-21,17.519115447998047
2020-08-24,17.616662979125977
2020-08-25,17.551633834838867
2020-08-26,17.115934371948242
2020-08-27,17.115934371948242
2020-08-28,17.213476181030273
2020-08-31,17.252492904663086
2020-09-01,16.50464630126953
2020-09-02,17.02488899230957
2020-09-03,16.849308013916016
2020-09-04,16.693233489990234
2020-09-08,16.296550750732422
2020-09-09,16.2900447845459
2020-09-10,16.11446762084961
2020-09-11,16.452619552612305
2020-09-14,16.72574806213379
2020-09-15,16.53066062927246
2020-09-16,16.498144149780273
2020-09-17,16.348573684692383
2020-09-18,16.32256507873535
2020-09-21,16.31606101989746
2020-09-22,16.22501564025879
2020-09-23,15.607234001159668
2020-09-24,15.678768157958984
2020-09-25,15.815326690673828
2020-09-28,16.062442779541016
2020-09-29,16.166488647460938
2020-09-30,15.860849380493164
2020-10-01,15.893364906311035
2020-10-02,15.938881874084473
2020-10-05,16.303054809570312
2020-10-06,16.042936325073242
2020-10-07,16.081951141357422
2020-10-08,16.49164390563965
2020-10-09,16.42011070251465
2020-10-12,16.39409828186035
2020-10-13,16.381093978881836
2020-10-14,16.159990310668945
2020-10-15,16.28354835510254
2020-10-16,16.140480041503906
2020-10-19,16.0494384765625
2020-10-20,16.205509185791016
2020-10-21,16.153484344482422
2020-10-22,16.355077743530273
2020-10-23,16.4070987701416
2020-10-26,16.329065322875977
2020-10-27,16.53716278076172
2020-10-28,16.042936325073242
2020-10-29,16.335573196411133
2020-10-30,16.368085861206055
2020-11-02,16.556673049926758
2020-11-03,16.66071891784668
2020-11-04,17.15494728088379
2020-11-05,17.447643280029297
2020-11-06,16.722618103027344
2020-11-09,16.92401695251465
2020-11-10,17.528207778930664
2020-11-11,18.15924644470215
2020-11-12,17.816877365112305
2020-11-13,18.112255096435547
2020-11-16,19.172941207885742
2020-11-17,19.569021224975586
2020-11-18,18.763437271118164
2020-11-19,19.43476104736328
2020-11-20,19.340770721435547
2020-11-23,19.300495147705078
2020-11-24,19.569021224975586
2020-11-25,19.569021224975586
2020-11-27,19.340770721435547
2020-11-30,18.656024932861328
2020-12-01,18.944692611694336
2020-12-02,18.904415130615234
2020-12-03,19.15951919555664
2020-12-04,19.407907485961914
2020-12-07,19.394481658935547
2020-12-08,19.663009643554688
2020-12-09,19.663009643554688
2020-12-10,20.314186096191406
2020-12-11,20.555866241455078
2020-12-14,19.97181510925293
2020-12-15,19.99195671081543
2020-12-16,19.501893997192383
2020-12-17,19.703289031982422
2020-12-18,19.461610794067383
2020-12-21,19.37433433532715
2020-12-22,19.11252212524414
2020-12-23,19.280353546142578
2020-12-24,19.186368942260742
2020-12-28,18.971546173095703
2020-12-29,19.058820724487305
2020-12-30,19.266931533813477
2020-12-31,19.320636749267578
2021-01-04,19.206506729125977
2021-01-05,19.602590560913086
2021-01-06,19.44147300720215
2021-01-07,19.367624282836914
2021-01-08,19.307207107543945
2021-01-11,19.756994247436523
2021-01-12,20.0590877532959
2021-01-13,20.0658016204834
2021-01-14,20.280622482299805
2021-01-15,20.30076789855957
2021-01-19,20.482019424438477
2021-01-20,20.669992446899414
2021-01-21,20.81096649169922
2021-01-22,20.79082489013672
2021-01-25,20.79082489013672
2021-01-26,20.643138885498047
2021-01-27,20.34775733947754
2021-01-28,20.602859497070312
2021-01-29,20.99894142150879
2021-02-01,21.395021438598633
2021-02-02,21.468862533569336
2021-02-03,21.89179801940918
2021-02-04,22.153608322143555
2021-02-05,22.261030197143555
2021-02-08,22.53644561767578
2021-02-09,22.357423782348633
2021-02-10,22.28168296813965
2021-02-11,21.896093368530273
2021-02-12,21.75149154663086
2021-02-16,21.868547439575195
2021-02-17,21.882320404052734
2021-02-18,21.056049346923828
2021-02-19,21.345243453979492
2021-02-22,21.352136611938477
2021-02-23,21.586244583129883
2021-02-24,21.97871971130371
2021-02-25,21.558696746826172
2021-02-26,21.06982421875
2021-03-01,21.6275577545166
2021-03-02,21.7308349609375
2021-03-03,21.648210525512695
2021-03-04,21.7308349609375
2021-03-05,21.613780975341797
2021-03-08,21.75149154663086
2021-03-09,21.586244583129883
2021-03-10,21.90297508239746
2021-03-11,22.075115203857422
2021-03-12,22.261030197143555
2021-03-15,22.384965896606445
2021-03-16,22.137088775634766
2021-03-17,22.137088775634766
2021-03-18,21.53804588317871
2021-03-19,21.60001564025879
2021-03-22,21.40721321105957
2021-03-23,21.40721321105957
2021-03-24,21.68263816833496
2021-03-25,21.882320404052734
2021-03-26,22.28856658935547
2021-03-29,22.44005012512207
2021-03-30,22.171510696411133
2021-03-31,21.92363166809082
2021-04-01,22.336767196655273
2021-04-05,22.39185333251953
2021-04-06,22.5433349609375
2021-04-07,22.743011474609375
2021-04-08,22.78432846069336
2021-04-09,22.681047439575195
2021-04-12,22.70170783996582
2021-04-13,22.639732360839844
2021-04-14,22.67416000366211
2021-04-15,23.142377853393555
2021-04-16,23.286975860595703
2021-04-19,23.142377853393555
2021-04-20,23.218120574951172
2021-04-21,23.225006103515625
2021-04-22,23.169919967651367
2021-04-23,23.121721267700195
2021-04-26,23.231891632080078
2021-04-27,23.3558292388916
2021-04-28,23.741424560546875
2021-04-29,24.10635757446289
2021-04-30,24.168325424194336
2021-05-03,24.55391502380371
2021-05-04,24.898193359375
2021-05-05,25.22870635986328
2021-05-06,24.739830017089844
2021-05-07,24.84999656677246
2021-05-10,25.023347854614258
2021-05-11,24.544166564941406
2021-05-12,24.410276412963867
2021-05-13,24.57235336303711
2021-05-14,24.755569458007812
2021-05-17,24.917648315429688
2021-05-18,24.88945960998535
2021-05-19,24.974021911621094
2021-05-20,25.143142700195312
2021-05-21,25.312271118164062
2021-05-24,25.495487213134766
2021-05-25,25.016305923461914
2021-05-26,24.840131759643555
2021-05-27,24.607589721679688
2021-05-28,24.69214630126953
2021-06-01,25.072677612304688
2021-06-02,25.53777313232422
2021-06-03,25.89011573791504
2021-06-04,25.685758590698242
2021-06-07,25.967622756958008
2021-06-08,26.03809356689453
2021-06-09,26.27064323425293
2021-06-10,26.686403274536133
2021-06-11,27.003503799438477
2021-06-14,26.897808074951172
2021-06-15,26.742782592773438
2021-06-16,26.827346801757812
2021-06-17,26.83438491821289
2021-06-18,25.988767623901367
2021-06-21,26.72163963317871
2021-06-22,26.87667465209961
2021-06-23,26.862573623657227
2021-06-24,26.644128799438477
2021-06-25,26.418624877929688
2021-06-28,25.967622756958008
2021-06-29,26.143798828125
2021-06-30,26.566617965698242
2021-07-01,26.475000381469727
2021-07-02,26.83438491821289
2021-07-06,26.707544326782227
2021-07-07,26.622983932495117
2021-07-08,26.482044219970703
2021-07-09,26.376346588134766
2021-07-12,26.17903709411621
2021-07-13,26.07332992553711
2021-07-14,26.03809356689453
2021-07-15,25.594144821166992
2021-07-16,25.615285873413086
2021-07-19,24.727380752563477
2021-07-20,25.157241821289062
2021-07-21,25.58710289001465
2021-07-22,25.81964683532715
2021-07-23,26.312925338745117
2021-07-26,26.8414363861084
2021-07-27,26.22835922241211
2021-07-28,26.672311782836914
2021-07-29,26.83438491821289
2021-07-30,26.78506851196289
2021-08-02,26.827346801757812
2021-08-03,27.34176254272461
2021-08-04,27.250152587890625
2021-08-05,26.973644256591797
2021-08-06,26.656816482543945
2021-08-09,26.00156021118164
2021-08-10,26.282379150390625
2021-08-11,26.671215057373047
2021-08-12,26.664011001586914
2021-08-13,26.577617645263672
2021-08-16,26.33279037475586
2021-08-17,26.347192764282227
2021-08-18,26.224775314331055
2021-08-19,26.037561416625977
2021-08-20,26.246383666992188
2021-08-23,26.800832748413086
2021-08-24,26.4912052154541
2021-08-25,26.786428451538086
2021-08-26,26.714426040649414
2021-08-27,26.80803108215332
2021-08-30,26.836835861206055
2021-08-31,26.49840545654297
2021-09-01,26.577617645263672
2021-09-02,26.829631805419922
2021-09-03,27.06725311279297
2021-09-07,26.72882652282715
2021-09-08,26.339988708496094
2021-09-09,26.714426040649414
2021-09-10,26.59920883178711
2021-09-13,26.714426040649414
2021-09-14,26.592008590698242
2021-09-15,26.77923011779785
2021-09-16,26.858436584472656
2021-09-17,26.649616241455078
2021-09-20,26.570411682128906
2021-09-21,26.649616241455078
2021-09-22,26.858436584472656
2021-09-23,26.937644958496094
2021-09-24,26.822433471679688
2021-09-27,27.038455963134766
2021-09-28,26.829631805419922
2021-09-29,26.829631805419922
2021-09-30,26.87284278869629
2021-10-01,26.887237548828125
2021-10-04,27.362483978271484
2021-10-05,27.36968421936035
2021-10-06,27.36968421936035
2021-10-07,27.42728614807129
2021-10-08,27.866527557373047
2021-10-11,28.44257354736328
2021-10-12,28.572187423706055
2021-10-13,28.896221160888672
2021-10-14,30.141937255859375
2021-10-15,29.954710006713867
2021-10-18,30.12752914428711
2021-10-19,30.293148040771484
2021-10-20,30.24274444580078
2021-10-21,29.940324783325195
2021-10-22,30.05552101135254
2021-10-25,29.954710006713867
2021-10-26,29.774702072143555
2021-10-27,29.55148696899414
2021-10-28,29.378671646118164
2021-10-29,29.155447006225586
2021-11-01,29.846710205078125
2021-11-02,29.954710006713867
2021-11-03,29.846710205078125
2021-11-04,29.454370498657227
2021-11-05,29.167835235595703
2021-11-08,29.476411819458008
2021-11-09,29.248661041259766
2021-11-10,28.95477867126465
2021-11-11,29.344173431396484
2021-11-12,29.608659744262695
2021-11-15,29.373559951782227
2021-11-16,29.358863830566406
2021-11-17,29.292741775512695
2021-11-18,29.483766555786133
2021-11-19,29.358863830566406
2021-11-22,29.27804183959961
2021-11-23,29.90989112854004
2021-11-24,30.152345657348633
2021-11-26,29.66008758544922
2021-11-29,29.028242111206055
2021-11-30,28.205373764038086
2021-12-01,27.82332992553711
2021-12-02,28.146602630615234
2021-12-03,28.021697998046875
2021-12-06,28.007001876831055
2021-12-07,28.07312774658203
2021-12-08,27.93354034423828
2021-12-09,27.588220596313477
2021-12-10,27.955575942993164
2021-12-13,27.757204055786133
2021-12-14,27.529443740844727
2021-12-15,27.60291862487793
2021-12-16,27.962921142578125
2021-12-17,28.036392211914062
2021-12-20,27.698427200317383
2021-12-21,28.31558609008789
2021-12-22,28.52130126953125
2021-12-23,28.734359741210938
2021-12-27,29.263351440429688
2021-12-28,29.3662166595459
2021-12-29,29.608659744262695
2021-12-30,29.740903854370117
2021-12-31,29.998062133789062
2022-01-03,30.196430206298828
2022-01-04,30.556434631347656
2022-01-05,30.336023330688477
2022-01-06,30.65194320678711
2022-01-07,31.019296646118164
2022-01-10,31.30584144592285
2022-01-11,31.709924697875977
2022-01-12,32.10666275024414
2022-01-13,32.20952224731445
2022-01-14,31.783390045166016
2022-01-18,32.09931182861328
2022-01-19,32.03319549560547
2022-01-20,31.930334091186523
2022-01-21,31.56298065185547
2022-01-24,30.872356414794922
2022-01-25,31.533592224121094
2022-01-26,32.25361251831055
2022-01-27,32.21686935424805
2022-01-28,32.48136520385742
2022-01-31,33.01035690307617
2022-02-01,34.31078338623047
2022-02-02,34.274051666259766
2022-02-03,33.8773078918457
2022-02-04,33.88465118408203
2022-02-07,32.93904495239258
2022-02-08,32.57248306274414
2022-02-09,32.57248306274414
2022-02-10,32.51262664794922
2022-02-11,32.54254913330078
2022-02-14,31.465286254882812
2022-02-15,31.34558868408203
2022-02-16,31.674747467041016
2022-02-17,31.517650604248047
2022-02-18,31.614904403686523
2022-02-22,30.477785110473633
2022-02-23,30.874277114868164
2022-02-24,30.589998245239258
2022-02-25,31.577503204345703
2022-02-28,32.28071594238281
2022-03-01,32.228355407714844
2022-03-02,32.25827407836914
2022-03-03,32.19842529296875
2022-03-04,31.88422203063965
2022-03-07,31.495210647583008
2022-03-08,32.17598342895508
2022-03-09,31.278261184692383
2022-03-10,31.480249404907227
2022-03-11,31.031387329101562
2022-03-14,30.021442413330078
2022-03-15,30.058855056762695
2022-03-16,29.93914794921875
2022-03-17,30.395492553710938
2022-03-18,30.829397201538086
2022-03-21,30.791990280151367
2022-03-22,30.874277114868164
2022-03-23,30.575035095214844
2022-03-24,30.836877822875977
2022-03-25,31.106201171875
2022-03-28,30.881763458251953
2022-03-29,31.068784713745117
2022-03-30,31.20343589782715
2022-03-31,30.552595138549805
2022-04-01,30.84435272216797
2022-04-04,31.008941650390625
2022-04-05,30.575035095214844
2022-04-06,30.866788864135742
2022-04-07,31.061304092407227
2022-04-08,31.420398712158203
2022-04-11,31.26329803466797
2022-04-12,31.88422203063965
2022-04-13,32.07124710083008
2022-04-14,32.12361145019531
2022-04-18,31.637348175048828
2022-04-19,32.11613082885742
2022-04-20,32.093692779541016
2022-04-21,31.502689361572266
2022-04-22,31.532611846923828
2022-04-25,31.17351722717285
2022-04-26,30.97153663635254
2022-04-27,31.091230392456055
2022-04-28,32.026363372802734
2022-04-29,31.293222427368164
2022-05-02,31.487728118896484
2022-05-03,32.101173400878906
2022-05-04,33.178443908691406
2022-05-05,32.69217300415039
2022-05-06,32.59000015258789
2022-05-09,30.691328048706055
2022-05-10,30.127063751220703
2022-05-11,29.898313522338867
2022-05-12,29.677175521850586
2022-05-13,30.10418701171875
2022-05-16,30.432071685791016
2022-05-17,31.613967895507812
2022-05-18,30.683704376220703
2022-05-19,30.325319290161133
2022-05-20,30.40920066833496
2022-05-23,30.782825469970703
2022-05-24,30.820951461791992
2022-05-25,31.38521957397461
2022-05-26,31.27083969116211
2022-05-27,31.79698371887207
2022-05-31,31.446218490600586
2022-06-01,31.537731170654297
2022-06-02,31.842731475830078
2022-06-03,32.29261016845703
2022-06-06,31.95710563659668
2022-06-07,32.483238220214844
2022-06-08,32.58237075805664
2022-06-09,31.979984283447266
2022-06-10,31.537731170654297
2022-06-13,29.974563598632812
2022-06-14,29.43317413330078
2022-06-15,28.983291625976562
2022-06-16,27.321002960205078
2022-06-17,27.15324592590332
2022-06-21,28.251277923583984
2022-06-22,28.403778076171875
2022-06-23,27.626008987426758
2022-06-24,28.441898345947266
2022-06-27,29.036670684814453
2022-06-28,29.234922409057617
2022-06-29,28.76978874206543
2022-06-30,28.403778076171875
2022-07-01,28.708786010742188
2022-07-05,27.999643325805664
2022-07-06,27.54213523864746
2022-07-07,27.91576385498047
2022-07-08,27.953889846801758
2022-07-11,27.64889144897461
2022-07-12,27.86239242553711
2022-07-13,28.159770965576172
2022-07-14,28.106395721435547
2022-07-15,28.571533203125
2022-07-18,29.204425811767578
2022-07-19,29.425552368164062
2022-07-20,29.783935546875
2022-07-21,29.509428024291992
2022-07-22,29.257793426513672
2022-07-25,29.79155921936035
2022-07-26,29.989816665649414
2022-07-27,30.203319549560547
2022-07-28,30.813329696655273
2022-07-29,31.537731170654297
2022-08-01,32.018104553222656
2022-08-02,32.23924255371094
2022-08-03,32.1934928894043
2022-08-04,31.331844329833984
2022-08-05,31.282039642333984
2022-08-08,30.231525421142578
2022-08-09,29.998077392578125
2022-08-10,30.0992374420166
2022-08-11,30.854049682617188
2022-08-12,31.033031463623047
2022-08-15,30.745107650756836
2022-08-16,30.589479446411133
2022-08-17,30.838491439819336
2022-08-18,31.51549530029297
2022-08-19,31.748937606811523
2022-08-22,31.655553817749023
2022-08-23,32.15358352661133
2022-08-24,32.35590362548828
2022-08-25,32.56600570678711
2022-08-26,32.13023376464844
2022-08-29,32.30142593383789
2022-08-30,31.266483306884766
2022-08-31,30.877397537231445
2022-09-01,30.542789459228516
2022-09-02,30.815143585205078
2022-09-06,30.566125869750977
2022-09-07,30.86961555480957
2022-09-08,30.838491439819336
2022-09-09,31.25091552734375
2022-09-12,31.468801498413086
2022-09-13,30.791793823242188
2022-09-14,31.243135452270508
2022-09-15,31.212003707885742
2022-09-16,31.10306167602539
2022-09-19,31.235355377197266
2022-09-20,30.93185806274414
2022-09-21,30.37937355041504
2022-09-22,31.126413345336914
2022-09-23,30.208175659179688
2022-09-26,29.009811401367188
2022-09-27,28.86974334716797
2022-09-28,29.89691734313965
2022-09-29,29.959165573120117
2022-09-30,30.324899673461914
2022-10-03,30.667295455932617
2022-10-04,31.126413345336914
2022-10-05,31.38319969177246
2022-10-06,30.488313674926758
2022-10-07,30.46497344970703
2022-10-10,30.324899673461914
2022-10-11,30.38715934753418
2022-10-12,30.426061630249023
2022-10-13,30.667295455932617
2022-10-14,30.838491439819336
2022-10-17,30.877397537231445
2022-10-18,31.671131134033203
2022-10-19,32.10688781738281
2022-10-20,31.896787643432617
2022-10-21,32.3092155456543
2022-10-24,32.20027160644531
2022-10-25,32.76054000854492
2022-10-26,32.79167556762695
2022-10-27,32.99399948120117
2022-10-28,33.787715911865234
2022-10-31,34.16901779174805
2022-11-01,34.900482177734375
2022-11-02,34.0367317199707
2022-11-03,33.75595474243164
2022-11-04,34.073211669921875
2022-11-07,33.62112808227539
2022-11-08,34.04942321777344
2022-11-09,33.629058837890625
2022-11-10,33.906646728515625
2022-11-11,33.67664337158203
2022-11-14,34.03355407714844
2022-11-15,33.89872741699219
2022-11-16,34.35081100463867
2022-11-17,33.938385009765625
2022-11-18,34.35874557495117
2022-11-21,33.985965728759766
2022-11-22,34.48564529418945
2022-11-23,34.239768981933594
2022-11-25,34.22391128540039
2022-11-28,33.335594177246094
2022-11-29,33.91458511352539
2022-11-30,34.05734634399414
2022-12-01,33.71630096435547
2022-12-02,33.9780387878418
2022-12-05,33.28800964355469
2022-12-06,33.906646728515625
2022-12-07,34.43804931640625
2022-12-08,34.073211669921875
2022-12-09,34.41426086425781
2022-12-12,34.739444732666016
2022-12-13,35.04877853393555
2022-12-14,34.731529235839844
2022-12-15,34.75531005859375
2022-12-16,33.985965728759766
2022-12-19,33.327667236328125
2022-12-20,33.54180908203125
2022-12-21,33.65284729003906
2022-12-22,33.391117095947266
2022-12-23,34.2794303894043
2022-12-27,34.089073181152344
2022-12-28,34.12080001831055
2022-12-29,34.16839599609375
2022-12-30,34.18425369262695
2023-01-03,34.06528091430664
2023-01-04,34.0018310546875
2023-01-05,34.445987701416016
2023-01-06,34.80290222167969
2023-01-09,34.739444732666016
2023-01-10,35.09635925292969
2023-01-11,35.35015869140625
2023-01-12,35.516719818115234
2023-01-13,36.04019546508789
2023-01-17,35.69121551513672
2023-01-18,35.85777282714844
2023-01-19,35.77052307128906
2023-01-20,36.23054885864258
2023-01-23,36.24641418457031
2023-01-24,36.15917205810547
2023-01-25,36.61125564575195
2023-01-26,37.22990036010742
2023-01-27,37.58680725097656
2023-01-30,37.563018798828125
2023-01-31,37.856475830078125
2023-02-01,37.697853088378906
2023-02-02,37.80095672607422
2023-02-03,38.14201736450195
2023-02-06,38.219482421875
2023-02-07,38.050018310546875
2023-02-08,37.573883056640625
2023-02-09,37.26722717285156
2023-02-10,37.775634765625
2023-02-13,37.87247848510742
2023-02-14,37.97738265991211
2023-02-15,38.09036636352539
2023-02-16,37.961238861083984
2023-02-17,37.501251220703125
2023-02-21,37.59809875488281
2023-02-22,37.98545455932617
2023-02-23,38.179134368896484
2023-02-24,37.94510269165039
2023-02-27,36.84758377075195
2023-02-28,36.702327728271484
2023-03-01,36.597415924072266
2023-03-02,36.75075149536133
2023-03-03,36.653907775878906
2023-03-06,37.146175384521484
2023-03-07,36.444087982177734
2023-03-08,35.75813674926758
2023-03-09,36.153560638427734
2023-03-10,36.08900833129883
2023-03-13,34.846229553222656
2023-03-14,34.90271759033203
2023-03-15,33.82133483886719
2023-03-16,33.82941436767578
2023-03-17,33.571163177490234
2023-03-20,33.44204330444336
2023-03-21,34.35396194458008
2023-03-22,33.87782669067383
2023-03-23,33.546958923339844
2023-03-24,33.78099060058594
2023-03-27,34.41045379638672
2023-03-28,34.7493896484375
2023-03-29,34.99955749511719
2023-03-30,35.257789611816406
2023-03-31,35.4192008972168
2023-04-03,36.113216400146484
2023-04-04,35.596736907958984
2023-04-05,35.854976654052734
2023-04-06,35.548316955566406
2023-04-10,35.45954513549805
2023-04-11,35.95181655883789
2023-04-12,36.46022415161133
2023-04-13,36.60548782348633
2023-04-14,36.83951950073242
2023-04-17,37.057403564453125
2023-04-18,36.74267578125
2023-04-19,36.242332458496094
2023-04-20,36.25040054321289
2023-04-21,36.53285217285156
2023-04-24,36.72653579711914
2023-04-25,36.323036193847656
2023-04-26,35.86305236816406
2023-04-27,36.29075622558594
2023-04-28,36.6700439453125
2023-05-01,37.146175384521484
2023-05-02,37.13003158569336
2023-05-03,36.137420654296875
2023-05-04,35.66130065917969
2023-05-05,35.99201202392578
2023-05-08,35.90151596069336
2023-05-09,35.90974426269531
2023-05-10,35.63826370239258
2023-05-11,35.81101608276367
2023-05-12,35.97555160522461
2023-05-15,36.419803619384766
2023-05-16,35.53954315185547
2023-05-17,35.78634262084961
2023-05-18,36.378665924072266
2023-05-19,36.26350021362305
2023-05-22,36.534976959228516
2023-05-23,36.45270919799805
2023-05-24,36.0660514831543
2023-05-25,35.42436599731445
2023-05-26,35.128204345703125
2023-05-30,35.243377685546875
2023-05-31,35.366783142089844
2023-06-01,35.32564163208008
2023-06-02,36.230594635009766
2023-06-05,36.07427978515625
2023-06-06,36.230594635009766
2023-06-07,36.46915817260742
2023-06-08,36.29639434814453
2023-06-09,36.39512634277344
2023-06-12,36.71596908569336
2023-06-13,36.72419357299805
2023-06-14,37.18488693237305
2023-06-15,37.14375686645508
2023-06-16,37.00389862060547
2023-06-20,36.47739028930664
2023-06-21,36.03314208984375
2023-06-22,35.704071044921875
2023-06-23,35.555992126464844
2023-06-26,35.76988983154297
2023-06-27,35.6053466796875
2023-06-28,35.802799224853516
2023-06-29,35.917972564697266
2023-06-30,35.83570861816406
2023-07-03,36.00846481323242
2023-07-05,35.76165771484375
2023-07-06,35.78634262084961
2023-07-07,35.63003158569336
2023-07-10,35.81101608276367
2023-07-11,36.10718536376953
2023-07-12,36.485618591308594
2023-07-13,36.74886703491211
2023-07-14,36.625465393066406
2023-07-17,36.460933685302734
2023-07-18,36.460933685302734
2023-07-19,36.74064636230469
2023-07-20,36.99567413330078
2023-07-21,36.839359283447266
2023-07-24,36.96276092529297
2023-07-25,37.11907196044922
2023-07-26,37.25070571899414
2023-07-27,37.20956802368164
2023-07-28,37.35764694213867
2023-07-31,37.71140670776367
2023-08-01,37.68672561645508
2023-08-02,37.587989807128906
2023-08-03,36.97099685668945
2023-08-04,37.01213073730469
2023-08-07,37.44814682006836
2023-08-08,37.90061569213867
2023-08-09,37.612674713134766
2023-08-10,37.71962356567383
2023-08-11,37.8134880065918
2023-08-14,37.42798614501953
2023-08-15,37.10951614379883
2023-08-16,36.883235931396484
2023-08-17,37.2855110168457
2023-08-18,37.66263961791992
2023-08-21,37.6710205078125
2023-08-22,37.31903076171875
2023-08-23,37.33579635620117
2023-08-24,37.2855110168457
2023-08-25,37.50341033935547
2023-08-28,37.57046127319336
2023-08-29,38.064903259277344
2023-08-30,38.416900634765625
2023-08-31,38.51746368408203
2023-09-01,39.08734893798828
2023-09-05,38.777259826660156
2023-09-06,38.42527770996094
2023-09-07,37.9643440246582
2023-09-08,37.66263961791992
2023-09-11,37.302268981933594
2023-09-12,37.86377716064453
2023-09-13,38.0313835144043
2023-09-14,38.80241012573242
2023-09-15,38.62641143798828
2023-09-18,38.94487762451172
2023-09-19,39.73265838623047
2023-09-20,40.076263427734375
2023-09-21,39.774566650390625
2023-09-22,39.55666732788086
2023-09-25,39.74103927612305
2023-09-26,38.94487762451172
2023-09-27,39.64885711669922
2023-09-28,42.925689697265625
2023-09-29,41.023284912109375
2023-10-02,40.084651947021484
2023-10-03,40.17683029174805
2023-10-04,39.41419219970703
2023-10-05,39.85836410522461
2023-10-06,40.54558563232422
2023-10-09,41.66858673095703
2023-10-10,42.62398147583008
2023-10-11,42.163055419921875
2023-10-12,42.34741973876953
2023-10-13,42.35580062866211
2023-10-16,42.25523376464844
2023-10-17,42.6407470703125
2023-10-18,42.950828552246094
2023-10-19,42.67426300048828
2023-10-20,42.4228515625
2023-10-23,42.3222770690918
2023-10-24,42.72454833984375
2023-10-25,42.97596740722656
2023-10-26,42.98435592651367
2023-10-27,41.929508209228516
2023-10-30,42.38962173461914
2023-10-31,42.76451873779297
2023-11-01,43.59101486206055
2023-11-02,45.00541687011719
2023-11-03,45.71262741088867
2023-11-06,45.36328125
2023-11-07,45.68705368041992
2023-11-08,45.03950500488281
2023-11-09,45.30363845825195
2023-11-10,45.36328125
2023-11-13,45.661502838134766
2023-11-14,45.951194763183594
2023-11-15,46.079002380371094
2023-11-16,45.80635070800781
2023-11-17,46.820289611816406
2023-11-20,45.661502838134766
2023-11-21,45.17582702636719
2023-11-22,45.28660202026367
2023-11-24,45.46552658081055
2023-11-27,45.80635070800781
2023-11-28,46.21533203125
2023-11-29,46.63283920288086
2023-11-30,46.57319259643555
2023-12-01,45.883033752441406
2023-12-04,45.34624099731445
2023-12-05,45.14174270629883
2023-12-06,44.69868087768555
2023-12-07,44.79240417480469
2023-12-08,45.76374816894531
2023-12-11,45.50812911987305
2023-12-12,45.312156677246094
2023-12-13,45.883033752441406
2023-12-14,46.56468200683594
2023-12-15,48.08985137939453
2023-12-18,48.32843017578125
2023-12-19,49.776912689208984
2023-12-20,50.44151306152344
2023-12-21,50.586360931396484
2023-12-22,50.74825668334961
2023-12-26,51.50658416748047
2023-12-27,52.793182373046875
2023-12-28,53.21068572998047
2023-12-29,51.06351089477539
2024-01-02,48.49031066894531
2024-01-03,49.597984313964844
2024-01-04,49.052669525146484
2024-01-05,49.9728889465332
2024-01-08,49.137882232666016
2024-01-09,49.85360336303711
2024-01-10,49.436092376708984
2024-01-11,50.6460075378418
2024-01-12,51.8814811706543
2024-01-16,52.98915100097656
2024-01-17,52.04336929321289
2024-01-18,51.5406608581543
2024-01-19,50.66304397583008
2024-01-22,48.34546661376953
2024-01-23,47.61270523071289
2024-01-24,46.73509216308594
2024-01-25,48.08985137939453
2024-01-26,49.63206100463867
2024-01-29,51.00387954711914
2024-01-30,49.9728889465332
2024-01-31,50.67156982421875
2024-02-01,50.75677490234375
2024-02-02,51.3361701965332
2024-02-05,52.103023529052734
2024-02-06,51.6468505859375
2024-02-07,52.02699279785156
2024-02-08,52.398494720458984
2024-02-09,52.493526458740234
2024-02-12,52.8390998840332
2024-02-13,52.27753829956055
2024-02-14,52.830467224121094
2024-02-15,53.70305252075195
2024-02-16,54.022708892822266
2024-02-20,54.6015625
2024-02-21,54.23869323730469
2024-02-22,53.65985870361328
2024-02-23,52.76134490966797
2024-02-26,52.346649169921875
2024-02-27,53.16740798950195
2024-02-28,51.94923782348633
2024-02-29,53.029170989990234
2024-03-01,53.39202880859375
2024-03-04,53.16740798950195
2024-03-05,53.96223449707031
2024-03-06,55.45686721801758
2024-03-07,54.86074447631836
2024-03-08,54.54971694946289
2024-03-11,54.541080474853516
2024-03-12,54.33373260498047
2024-03-13,53.97950744628906
2024-03-14,52.38984680175781
2024-03-15,52.709510803222656
2024-03-18,53.03780746459961
2024-03-19,53.14148712158203
2024-03-20,53.3315544128418
2024-03-21,53.86720657348633
2024-03-22,53.34020233154297
2024-03-25,52.752716064453125
2024-03-26,52.28617477416992
2024-03-27,51.96651840209961
2024-03-28,52.087467193603516
2024-04-01,51.828277587890625
2024-04-02,51.94923782348633
2024-04-03,51.61228942871094
2024-04-04,50.96433639526367
2024-04-05,50.20405960083008
2024-04-08,49.78072738647461
2024-04-09,48.951332092285156
2024-04-10,47.111122131347656
2024-04-11,46.74826431274414
2024-04-12,46.0916633605957
2024-04-15,44.735260009765625
2024-04-16,44.17369842529297
2024-04-17,46.65323257446289
2024-04-18,46.97288513183594
2024-04-19,47.949153900146484
2024-04-22,48.294734954833984
2024-04-23,48.93405532836914
2024-04-24,48.70943069458008
2024-04-25,48.657588958740234
2024-04-26,48.93405532836914
2024-04-29,49.42650604248047
2024-04-30,48.640316009521484
2024-05-01,48.398406982421875
2024-05-02,47.776363372802734
2024-05-03,48.30337142944336
2024-05-06,47.724525451660156
2024-05-07,48.026912689208984
2024-05-08,49.27099609375
2024-05-09,48.24289321899414
2024-05-10,48.309608459472656
2024-05-13,46.34351348876953
2024-05-14,47.15101623535156
2024-05-15,47.08957290649414
2024-05-16,46.738487243652344
2024-05-17,47.23878860473633
2024-05-20,47.388004302978516
2024-05-21,45.922218322753906
2024-05-22,44.816287994384766
2024-05-23,43.77179718017578
2024-05-24,43.86834716796875
2024-05-28,44.20188903808594
2024-05-29,44.184329986572266
2024-05-30,43.648921966552734
2024-05-31,44.76362228393555
2024-06-03,44.64952087402344
2024-06-04,44.500301361083984
2024-06-05,45.966094970703125
2024-06-06,47.835636138916016
2024-06-07,46.99302673339844
2024-06-10,47.08079528808594
2024-06-11,45.966094970703125
2024-06-12,46.13286590576172
2024-06-13,45.404361724853516
2024-06-14,45.62378692626953
2024-06-17,47.95851516723633
2024-06-18,47.81808090209961
2024-06-20,48.62558364868164
2024-06-21,49.26631546020508
2024-06-24,49.37165069580078
2024-06-25,49.65251159667969
2024-06-26,49.81049728393555
2024-06-27,50.003604888916016
2024-06-28,49.626182556152344
2024-07-01,49.45941162109375
2024-07-02,49.27509307861328
2024-07-03,49.3277587890625
2024-07-05,48.739688873291016
2024-07-08,49.3277587890625
2024-07-09,49.80172348022461
2024-07-10,49.34531784057617
2024-07-11,49.775394439697266
2024-07-12,50.161590576171875
2024-07-15,50.7672119140625
2024-07-16,51.37283706665039
2024-07-17,51.27629089355469
2024-07-18,50.819881439208984
2024-07-19,50.67066192626953
2024-07-22,50.30202865600586
2024-07-23,49.915828704833984
2024-07-24,48.37104797363281
2024-07-25,47.84441375732422
2024-07-26,48.12528991699219
2024-07-29,47.95851516723633
2024-07-30,48.38860321044922
2024-07-31,48.20427322387695
2024-08-01,48.467594146728516
2024-08-02,47.28267288208008
2024-08-05,46.47517395019531
2024-08-06,47.045692443847656
2024-08-07,47.15979766845703
2024-08-08,46.431297302246094
2024-08-09,45.3299446105957
2024-08-12,44.830142974853516
2024-08-13,44.85691452026367
2024-08-14,45.026493072509766
2024-08-15,46.49911117553711
2024-08-16,48.06991195678711
2024-08-19,47.605812072753906
2024-08-20,46.927513122558594
2024-08-21,47.51655960083008
2024-08-22,47.882484436035156
2024-08-23,48.53400802612305
2024-08-26,48.221641540527344
2024-08-27,47.98958206176758
2024-08-28,47.33806228637695
2024-08-29,48.92671203613281
2024-08-30,48.346588134765625
2024-09-03,47.400543212890625
2024-09-04,46.87397003173828
2024-09-05,46.829341888427734
2024-09-06,46.29384231567383
2024-09-09,46.650840759277344
2024-09-10,47.043540954589844
2024-09-11,46.48126983642578
2024-09-12,47.579036712646484
2024-09-13,47.74861145019531
2024-09-16,48.721435546875
2024-09-17,48.40013122558594
2024-09-18,48.15916442871094
2024-09-19,47.75753402709961
2024-09-20,47.03461456298828
2024-09-23,48.29303741455078
2024-09-24,47.98958206176758
2024-09-25,47.632591247558594
2024-09-26,47.3826904296875
2024-09-27,47.418392181396484
2024-09-30,47.909263610839844
2024-10-01,47.98958206176758
2024-10-02,47.489784240722656
2024-10-03,47.3737678527832
2024-10-04,47.677215576171875
2024-10-07,47.436241149902344
2024-10-08,46.52589416503906
2024-10-09,47.409461975097656
2024-10-10,48.14130783081055
2024-10-11,47.98066329956055
2024-10-14,47.93604278564453
2024-10-15,46.811492919921875
2024-10-16,47.03461456298828
2024-10-17,46.29384231567383
2024-10-18,46.49019241333008
2024-10-21,45.64231872558594
2024-10-22,46.151039123535156
2024-10-23,46.142120361328125
2024-10-24,46.632999420166016
2024-10-25,46.5972900390625
2024-10-28,46.267066955566406
2024-10-29,46.106414794921875
2024-10-30,45.499515533447266
2024-10-31,45.3388671875
2024-11-01,45.437042236328125
2024-11-04,45.8922119140625
2024-11-05,47.53440856933594
2024-11-06,48.51616668701172
2024-11-07,47.62366485595703
2024-11-08,47.710777282714844
2024-11-11,46.72171401977539
2024-11-12,46.88504409790039
2024-11-13,46.70356369018555
2024-11-14,46.83967590332031
2024-11-15,47.32966995239258
2024-11-18,48.89038848876953
2024-11-19,48.835941314697266
2024-11-20,48.48206329345703
2024-11-21,49.01742172241211
2024-11-22,49.298709869384766
2024-11-25,49.33501052856445
2024-11-26,49.17167663574219
2024-11-27,49.57093048095703
2024-11-29,51.23146438598633
2024-12-02,51.440162658691406
2024-12-03,51.55812072753906
2024-12-04,49.67074966430664
2024-12-05,50.15166091918945
2024-12-06,49.126304626464844
2024-12-09,49.14445495605469
2024-12-10,48.46390914916992
2024-12-11,48.57279968261719
2024-12-12,48.70890426635742
2024-12-13,48.418540954589844
2024-12-16,48.11002731323242
2024-12-17,47.157264709472656
2024-12-18,46.15005874633789
2024-12-19,46.34061050415039
2024-12-20,46.34968185424805
2024-12-23,46.71263885498047
2024-12-24,47.17540740966797
2024-12-26,46.34968185424805
2024-12-27,46.67634201049805
2024-12-30,46.21357345581055
2024-12-31,46.67634201049805
2025-01-02,46.97578811645508
2025-01-03,47.04837417602539
2025-01-06,47.456703186035156
2025-01-07,46.966712951660156
2025-01-08,47.60187911987305
2025-01-10,46.54023742675781
2025-01-13,46.966712951660156
2025-01-14,48.091880798339844
2025-01-15,48.44575500488281
2025-01-16,49.643524169921875
2025-01-17,49.534637451171875
2025-01-21,49.66167449951172
2025-01-22,50.0337028503418
2025-01-23,50.587215423583984
2025-01-24,50.64165496826172
2025-01-27,50.65073013305664
2025-01-28,50.95924758911133
2025-01-29,51.44923400878906
2025-01-30,52.62884521484375
2025-01-31,51.113502502441406
2025-02-03,52.34755325317383
2025-02-04,53.6723518371582
2025-02-05,53.763092041015625
2025-02-06,52.51995849609375
2025-02-07,52.00114822387695
2025-02-10,52.213096618652344
2025-02-11,52.83051681518555
2025-02-12,51.96428680419922
2025-02-13,52.84893798828125
2025-02-14,52.600135803222656
2025-02-18,53.42949676513672
2025-02-19,53.72438430786133
2025-02-20,53.355777740478516
2025-02-21,53.40185546875
2025-02-24,53.162254333496094
2025-02-25,53.180686950683594
2025-02-26,53.162254333496094
2025-02-27,53.48478698730469
2025-02-28,54.19435501098633
2025-03-03,54.09299087524414
2025-03-04,53.31891632080078
2025-03-05,52.90423583984375
2025-03-06,52.43426513671875
2025-03-07,52.3513298034668
2025-03-10,53.50321960449219
2025-03-11,53.66909408569336
2025-03-12,53.10696792602539
2025-03-13,52.922664642333984
2025-03-14,53.31891632080078
2025-03-17,54.06534957885742
2025-03-18,53.86260986328125
2025-03-19,53.927120208740234
2025-03-20,53.31891632080078
2025-03-21,52.28681945800781
2025-03-24,52.52641296386719
2025-03-25,52.885807037353516
2025-03-26,53.328128814697266
2025-03-27,54.00083923339844
2025-03-28,54.55374526977539
2025-03-31,53.50321960449219
2025-04-01,54.166709899902344
2025-04-02,54.4892463684082
2025-04-03,52.52641296386719
2025-04-04,48.69290542602539
2025-04-07,47.955692291259766
2025-04-08,46.42597579956055
2025-04-09,48.766624450683594
2025-04-10,47.946475982666016
2025-04-11,49.64207077026367
2025-04-14,50.57279968261719
2025-04-15,51.94585418701172
2025-04-16,52.30524444580078
2025-04-17,52.729148864746094
2025-04-21,52.30524444580078
2025-04-22,53.9639778137207
2025-04-23,54.526100158691406
2025-04-24,54.15749740600586
2025-04-25,54.295719146728516
2025-04-28,54.120635986328125
2025-04-29,54.48002624511719
2025-04-30,53.58616256713867
2025-05-01,52.55406188964844
2025-05-02,53.392635345458984
2025-05-05,50.287132263183594
2025-05-06,49.52227020263672
2025-05-07,52.111732482910156
2025-05-08,52.06565856933594
2025-05-09,51.80158996582031
2025-05-12,51.998233795166016
2025-05-13,53.805484771728516
2025-05-14,53.42155838012695
2025-05-15,53.683753967285156
2025-05-16,52.80353546142578
2025-05-19,53.42155838012695
2025-05-20,52.419612884521484
2025-05-21,51.67985534667969
2025-05-22,51.40829849243164
2025-05-23,51.67985534667969
2025-05-27,52.588165283203125
2025-05-28,51.69858932495117
2025-05-29,51.62367248535156
2025-05-30,50.509361267089844
2025-06-02,50.23780822753906
2025-06-03,50.90264892578125
2025-06-04,49.86324691772461
2025-06-05,50.499996185302734
2025-06-06,50.387630462646484
2025-06-09,49.11412811279297
2025-06-10,49.8819694519043
2025-06-11,50.10670852661133
2025-06-12,50.62173080444336
2025-06-13,49.83515548706055
2025-06-16,49.572959899902344
2025-06-17,49.11412811279297
2025-06-18,49.82578659057617
2025-06-20,50.10670852661133
2025-06-23,49.79769515991211
2025-06-24,49.44186782836914
2025-06-25,48.17772674560547
2025-06-26,49.83515548706055
2025-06-27,50.85582733154297
2025-06-30,50.18162536621094
2025-07-01,49.69469451904297
2025-07-02,50.98692321777344
2025-07-03,51.530033111572266
2025-07-07,49.928794860839844
2025-07-08,49.348228454589844
2025-07-09,49.69469451904297
2025-07-10,49.376319885253906
2025-07-11,50.12543487548828
2025-07-14,50.20970916748047
2025-07-15,49.70405960083008
2025-07-16,48.65528869628906
2025-07-17,48.692745208740234
2025-07-18,49.94751739501953
2025-07-21,49.142215728759766
2025-07-22,49.36695861816406
2025-07-23,49.22649002075195
2025-07-24,50.078617095947266
2025-07-25,50.10670852661133
2025-07-28,50.16289138793945
2025-07-29,51.586219787597656
2025-07-30,51.258480072021484
2025-07-31,51.79222869873047
2025-08-01,50.256534576416016
2025-08-04,50.780914306640625
2025-08-05,50.097347259521484
2025-08-06,49.51677703857422
2025-08-07,48.9830322265625
2025-08-08,49.677738189697266
2025-08-11,48.21970748901367
2025-08-12,49.01066970825195
2025-08-13,49.91598129272461
2025-08-14,49.811153411865234
2025-08-15,49.963626861572266
2025-08-18,50.71646499633789
2025-08-19,49.37279510498047
2025-08-20,49.63962173461914
2025-08-21,49.43949890136719
2025-08-22,49.46808624267578
2025-08-25,49.36326217651367
2025-08-26,49.37279510498047
2025-08-27,49.42996597290039
2025-08-28,49.61103057861328
2025-08-29,49.83974075317383
2025-09-02,49.17266845703125
2025-09-03,49.17266845703125
2025-09-04,48.79148864746094
2025-09-05,48.457950592041016
2025-09-08,48.73430633544922
2025-09-09,48.696189880371094
2025-09-10,48.14347839355469
2025-09-11,48.12441635131836
2025-09-12,47.75276184082031
2025-09-15,47.63840866088867
2025-09-16,47.705116271972656
2025-09-17,47.58123016357422
2025-09-18,47.87664794921875
2025-09-19,46.80933380126953
2025-09-22,46.14226150512695
2025-09-23,46.46626663208008
2025-09-24,47.17145538330078
2025-09-25,47.409698486328125
2025-09-26,48.14347839355469
2025-09-29,47.32392883300781
2025-09-30,47.65746307373047
2025-10-01,48.210182189941406
2025-10-02,47.50498962402344
2025-10-03,48.32453536987305
2025-10-06,48.315006256103516
2025-10-07,48.33406448364258
2025-10-08,47.619346618652344
2025-10-09,46.62826919555664
2025-10-10,47.1047477722168
2025-10-13,47.886173248291016
2025-10-14,48.42936706542969
2025-10-15,49.963626861572266
2025-10-16,50.55445861816406
2025-10-17,51.49789047241211
2025-10-20,51.393062591552734
2025-10-21,50.897525787353516
2025-10-22,51.936248779296875
2025-10-23,51.659889221191406
2025-10-24,51.183414459228516
2025-10-27,51.507415771484375
2025-10-28,50.94517135620117
2025-10-29,50.87846374511719
2025-10-30,51.566932678222656
2025-10-31,50.636051177978516
2025-11-03,50.02516174316406
2025-11-04,50.8008918762207
2025-11-05,50.95603942871094
2025-11-06,50.65544509887695
2025-11-07,49.25912094116211
2025-11-10,49.72456359863281
2025-11-11,48.63853454589844
2025-11-12,49.51123809814453
2025-11-13,49.637290954589844
2025-11-14,50.907554626464844
2025-11-17,51.6735954284668
2025-11-18,52.7208366394043
2025-11-19,52.856590270996094
2025-11-20,52.9438591003418
2025-11-21,53.81656265258789
2025-11-24,53.603233337402344
2025-11-25,53.81656265258789
2025-11-26,54.25291061401367
2025-11-28,54.524417877197266
2025-12-01,54.02989196777344
2025-12-02,52.662654876708984
2025-12-03,53.234764099121094
2025-12-04,52.93416213989258
2025-12-05,52.77901840209961
2025-12-08,52.15842819213867
2025-12-09,51.499053955078125
2025-12-10,52.21660614013672
2025-12-11,52.21660614013672
2025-12-12,52.16812515258789
2025-12-15,51.79964828491211
2025-12-16,50.723323822021484
2025-12-17,51.07239532470703
2025-12-18,50.723323822021484
2025-12-19,50.54878234863281
2025-12-22,51.062705993652344
2025-12-23,50.91725158691406
2025-12-24,50.92695236206055
2025-12-26,51.421478271484375
2025-12-29,50.781497955322266
2025-12-30,50.92695236206055
2025-12-31,50.82028579711914
2026-01-02,51.13058090209961
2026-01-05,51.81904602050781
2026-01-06,51.03361511230469
2026-01-07,52.16812515258789
2026-01-08,53.80686569213867
2026-01-09,54.408058166503906
2026-01-12,55.53287124633789
2026-01-13,56.23103713989258
2026-01-14,55.881954193115234
2026-01-15,55.85286331176758
2026-01-16,55.911041259765625
2026-01-20,56.0855827331543
2026-01-21,55.55226516723633
2026-01-22,55.280757904052734
2026-01-23,55.271060943603516
2026-01-26,55.881954193115234
2026-01-27,56.841922760009766
2026-01-28,56.667381286621094
2026-01-29,57.27827453613281
2026-01-30,55.83346939086914
2026-02-02,55.19348907470703
2026-02-03,55.920738220214844
2026-02-04,56.01770782470703
2026-02-05,56.551021575927734
2026-02-06,56.75992965698242
2026-02-09,57.34132385253906
2026-02-10,58.23805236816406
2026-02-11,58.89828109741211
2026-02-12,58.04097366333008
2026-02-13,58.64207077026367
2026-02-17,59.607784271240234
2026-02-18,60.50450897216797
2026-02-19,61.154884338378906
2026-02-20,61.62788391113281
2026-02-23,60.86911392211914
2026-02-24,60.81984329223633
2026-02-25,60.681884765625
2026-02-26,62.19942092895508
2026-02-27,62.85965347290039
2026-03-02,63.076446533203125
2026-03-03,62.12059020996094
2026-03-04,62.13044357299805
2026-03-05,63.460758209228516
2026-03-06,63.08629608154297
2026-03-09,62.366947174072266
2026-03-10,63.06658935546875
2026-03-11,62.87936019897461
2026-03-12,61.9333610534668
2026-03-13,63.372066497802734
2026-03-16,64.052001953125
2026-03-17,63.79579544067383
2026-03-18,65.16551971435547
2026-03-19,66.27904510498047
2026-03-20,63.785945892333984
2026-03-23,64.00273132324219
2026-03-24,64.53485870361328
2026-03-25,64.54471588134766
2026-03-26,65.60896301269531
2026-03-27,66.0326919555664
2026-03-30,65.35275268554688
2026-03-31,64.02244567871094
2026-04-01,63.12571334838867
2026-04-02,63.79579544067383
2026-04-06,63.51002502441406
2026-04-07,65.35275268554688
2026-04-08,64.41661071777344
2026-04-09,64.79106903076172
2026-04-10,64.11112976074219
2026-04-13,64.70238494873047
2026-04-14,63.6184196472168
2026-04-15,62.3275260925293
2026-04-16,63.59871292114258
2026-04-17,62.13044357299805
2026-04-20,62.780818939208984
2026-04-21,63.6972541809082
2026-04-22,65.1359634399414
2026-04-23,65.22465515136719
2026-04-24,64.94873809814453
2026-04-27,65.03742218017578
2026-04-28,65.91443634033203
2026-04-29,67.42212677001953
2026-04-30,68.63418579101562
2026-05-01,67.35314178466797
2026-05-04,67.26445770263672
2026-05-05,68.69331359863281
2026-05-06,65.93415069580078
2026-05-07,66.88999938964844
2026-05-08,66.95999908447266
2026-05-11,66.5
2026-05-12,69.30000305175781
2026-05-13,69.98999786376953
2026-05-14,70.08000183105469
2026-05-15,71.16000366210938
2026-05-18,70.80999755859375
2026-05-19,72.19999694824219
2026-05-20,71.9800033569336
2026-05-21,70.31999969482422
2026-05-22,70.30999755859375
2026-05-26,67.93000030517578
2026-05-27,66.2300033569336
2026-05-28,66.44999694824219
2026-05-29,64.94000244140625
2026-06-01,66.08999633789062
2026-06-02,66.95999908447266
2026-06-03,66.05000305175781
2026-06-04,67.2699966430664
2026-06-05,66.25
2026-06-08,65.48999786376953
2026-06-09,64.22000122070312
2026-06-10,65.80000305175781
2026-06-11,64.30999755859375
2026-06-12,65.31999969482422
2026-06-15,64.91000366210938
2026-06-16,63.540000915527344
2026-06-17,62.81999969482422
2026-06-18,63.5
2026-06-22,62.75
2026-06-23,65.25
2026-06-24,62.119998931884766
2026-06-25,64.72000122070312
2026-06-26,66.5
2026-06-29,68.55999755859375
2026-06-30,67.5
2026-07-01,67.79000091552734
2026-07-02,68.27999877929688
2026-07-06,67.55999755859375
2026-07-07,68.81999969482422
2026-07-08,69.58000183105469
2026-07-09,68.58000183105469
2026-07-10,68.69999694824219
2026-07-13,70.80000305175781
2026-07-14,72.33000183105469
2026-07-15,70.9800033569336
2026-07-16,72.06999969482422
2026-07-17,74.0
2026-07-20,74.87999725341797
2026-07-21,74.98999786376953
2026-07-22,75.94999694824219
2026-07-23,74.58999633789062
2026-07-24,75.20999908447266
2026-07-27,74.51000213623047
2026-07-28,76.5
2026-07-29,76.47000122070312
2026-07-30,75.97000122070312
2026-07-31,76.69000244140625
2026-08-03,75.98999786376953
