Date,Close
1986-12-16,1.4194287061691284
1986-12-17,1.6387951374053955
1986-12-18,1.935584545135498
1986-12-19,1.8323535919189453
1986-12-22,1.8581609725952148
1986-12-23,1.8710650205612183
1986-12-24,1.8452569246292114
1986-12-26,1.8710650205612183
1986-12-29,1.8710650205612183
1986-12-30,1.935584545135498
1986-12-31,1.9613924026489258
1987-01-02,1.9742964506149292
1987-01-05,1.935584545135498
1987-01-06,1.9097764492034912
1987-01-07,1.9097764492034912
1987-01-08,1.8839688301086426
1987-01-09,1.9226806163787842
1987-01-12,1.8839688301086426
1987-01-13,1.819449782371521
1987-01-14,1.9484883546829224
1987-01-15,1.935584545135498
1987-01-16,1.9484883546829224
1987-01-19,1.9484883546829224
1987-01-20,1.935584545135498
1987-01-21,1.8323535919189453
1987-01-22,1.9097764492034912
1987-01-23,1.896872878074646
1987-01-26,1.9484883546829224
1987-01-27,1.9613924026489258
1987-01-28,1.9742964506149292
1987-01-29,1.9742964506149292
1987-01-30,1.9742964506149292
1987-02-02,2.0001039505004883
1987-02-03,2.025912046432495
1987-02-04,2.387221097946167
1987-02-05,2.658203125
1987-02-06,2.9162802696228027
1987-02-09,3.0066070556640625
1987-02-10,2.7485299110412598
1987-02-11,2.800144910812378
1987-02-12,2.9937045574188232
1987-02-13,2.9549920558929443
1987-02-17,3.277590274810791
1987-02-18,3.3808207511901855
1987-02-19,3.7421300411224365
1987-02-20,4.05182409286499
1987-02-23,3.5872843265533447
1987-02-24,3.2259743213653564
1987-02-25,3.3550124168395996
1987-02-26,3.5098607540130615
1987-02-27,3.419532299041748
1987-03-02,3.1743595600128174
1987-03-03,3.277590274810791
1987-03-04,3.406628131866455
1987-03-05,3.458244562149048
1987-03-06,3.3679165840148926
1987-03-09,3.3292055130004883
1987-03-10,3.419532299041748
1987-03-11,3.3292055130004883
1987-03-12,3.1743595600128174
1987-03-13,3.1872622966766357
1987-03-16,3.3292055130004883
1987-03-17,3.264685869216919
1987-03-18,3.3292055130004883
1987-03-19,3.3937253952026367
1987-03-20,3.43243670463562
1987-03-23,3.458244562149048
1987-03-24,3.5227625370025635
1987-03-25,3.496955156326294
1987-03-26,3.3550124168395996
1987-03-27,3.419532299041748
1987-03-30,3.3937253952026367
1987-03-31,3.251781702041626
1987-04-01,3.2259743213653564
1987-04-02,3.316301107406616
1987-04-03,3.3292055130004883
1987-04-06,3.5614755153656006
1987-04-07,3.43243670463562
1987-04-08,3.43243670463562
1987-04-09,3.419532299041748
1987-04-10,3.3937253952026367
1987-04-13,3.3292055130004883
1987-04-14,3.238878011703491
1987-04-15,3.3033978939056396
1987-04-16,3.419532299041748
1987-04-20,3.43243670463562
1987-04-21,3.535667896270752
1987-04-22,3.445340871810913
1987-04-23,3.445340871810913
1987-04-24,3.4840521812438965
1987-04-27,3.43243670463562
1987-04-28,3.5227625370025635
1987-04-29,3.496955156326294
1987-04-30,3.43243670463562
1987-05-01,3.3550124168395996
1987-05-04,3.3033978939056396
1987-05-05,3.3550124168395996
1987-05-06,3.3808207511901855
1987-05-07,3.3679165840148926
1987-05-08,3.3679165840148926
1987-05-11,3.3292055130004883
1987-05-12,3.342108726501465
1987-05-13,3.3808207511901855
1987-05-14,3.342108726501465
1987-05-15,3.3679165840148926
1987-05-18,3.2904932498931885
1987-05-19,3.2259743213653564
1987-05-20,3.2259743213653564
1987-05-21,3.251781702041626
1987-05-22,3.251781702041626
1987-05-26,3.277590274810791
1987-05-27,3.251781702041626
1987-05-28,3.251781702041626
1987-05-29,3.2259743213653564
1987-06-01,3.264685869216919
1987-06-02,3.251781702041626
1987-06-03,3.238878011703491
1987-06-04,3.238878011703491
1987-06-05,3.238878011703491
1987-06-08,3.238878011703491
1987-06-09,3.406628131866455
1987-06-10,3.419532299041748
1987-06-11,3.3679165840148926
1987-06-12,3.471148729324341
1987-06-15,3.458244562149048
1987-06-16,3.3808207511901855
1987-06-17,3.3033978939056396
1987-06-18,3.316301107406616
1987-06-19,3.316301107406616
1987-06-22,3.3550124168395996
1987-06-23,3.316301107406616
1987-06-24,3.2904932498931885
1987-06-25,3.277590274810791
1987-06-26,3.251781702041626
1987-06-29,3.3033978939056396
1987-06-30,3.3292055130004883
1987-07-01,3.2904932498931885
1987-07-02,3.277590274810791
1987-07-06,3.3292055130004883
1987-07-07,3.3808207511901855
1987-07-08,3.3679165840148926
1987-07-09,3.3550124168395996
1987-07-10,3.251781702041626
1987-07-13,3.264685869216919
1987-07-14,3.3808207511901855
1987-07-15,3.767937660217285
1987-07-16,4.516363620758057
1987-07-17,5.058327674865723
1987-07-20,4.438941478729248
1987-07-21,4.851864814758301
1987-07-22,4.735728740692139
1987-07-23,4.580883026123047
1987-07-24,4.619594573974609
1987-07-27,4.645401954650879
1987-07-28,4.735728740692139
1987-07-29,4.735728740692139
1987-07-30,4.671210289001465
1987-07-31,4.542171478271484
1987-08-03,4.413132190704346
1987-08-04,4.619594573974609
1987-08-05,4.516363620758057
1987-08-06,4.593785762786865
1987-08-07,4.593785762786865
1987-08-10,4.593785762786865
1987-08-11,4.593785762786865
1987-08-12,4.593785762786865
1987-08-13,4.761537075042725
1987-08-14,4.464747905731201
1987-08-17,4.567980766296387
1987-08-18,4.464747905731201
1987-08-19,4.490555286407471
1987-08-20,4.748633861541748
1987-08-21,4.748633861541748
1987-08-24,4.800249099731445
1987-08-25,4.748633861541748
1987-08-26,4.748633861541748
1987-08-27,4.684114456176758
1987-08-28,4.800249099731445
1987-08-31,5.31640625
1987-09-01,5.47125244140625
1987-09-02,5.342212677001953
1987-09-03,5.393827438354492
1987-09-04,5.445444107055664
1987-09-08,5.161558628082275
1987-09-09,5.213173866271973
1987-09-10,5.5099639892578125
1987-09-11,5.277693271636963
1987-09-14,5.342212677001953
1987-09-15,5.484156608581543
1987-09-16,5.329308986663818
1987-09-17,5.277693271636963
1987-09-18,5.31640625
1987-09-21,5.264789581298828
1987-09-22,5.264789581298828
1987-09-23,5.31640625
1987-09-24,5.213173866271973
1987-09-25,5.47125244140625
1987-09-28,5.742233753204346
1987-09-29,5.31640625
1987-09-30,5.342212677001953
1987-10-01,5.329308986663818
1987-10-02,5.368020534515381
1987-10-05,5.148654937744141
1987-10-06,5.200270652770996
1987-10-07,5.148654937744141
1987-10-08,5.006711006164551
1987-10-09,4.787344932556152
1987-10-12,4.851864814758301
1987-10-13,5.109943866729736
1987-10-14,4.95509672164917
1987-10-15,4.761537075042725
1987-10-16,4.52926778793335
1987-10-19,3.406628131866455
1987-10-20,3.406628131866455
1987-10-21,3.638899564743042
1987-10-22,3.316301107406616
1987-10-23,3.1872622966766357
1987-10-26,3.1872622966766357
1987-10-27,2.632394790649414
1987-10-28,2.3227009773254395
1987-10-29,2.6711063385009766
1987-10-30,3.6647071838378906
1987-11-02,3.251781702041626
1987-11-03,3.084030866622925
1987-11-04,2.9549920558929443
1987-11-05,3.019512176513672
1987-11-06,2.9937045574188232
1987-11-09,2.838857412338257
1987-11-10,2.7614340782165527
1987-11-11,2.735626220703125
1987-11-12,2.9420883655548096
1987-11-13,2.903376340866089
1987-11-16,2.9808003902435303
1987-11-17,3.0453193187713623
1987-11-18,3.1614532470703125
1987-11-19,3.1227428913116455
1987-11-20,2.9937045574188232
1987-11-23,2.9420883655548096
1987-11-24,2.9420883655548096
1987-11-25,2.967895984649658
1987-11-27,2.890472173690796
1987-11-30,2.6840102672576904
1987-12-01,2.7485299110412598
1987-12-02,2.7485299110412598
1987-12-03,2.6065869331359863
1987-12-04,2.4517405033111572
1987-12-07,2.4388365745544434
1987-12-08,2.9420883655548096
1987-12-09,3.0453193187713623
1987-12-10,2.838857412338257
1987-12-11,2.7614340782165527
1987-12-14,2.9420883655548096
1987-12-15,2.890472173690796
1987-12-16,3.1485514640808105
1987-12-17,3.07112717628479
1987-12-18,3.1872622966766357
1987-12-21,3.43243670463562
1987-12-22,3.3937253952026367
1987-12-23,3.458244562149048
1987-12-24,3.3292055130004883
1987-12-28,3.251781702041626
1987-12-29,3.251781702041626
1987-12-30,3.3033978939056396
1987-12-31,3.238878011703491
1988-01-04,3.3033978939056396
1988-01-05,3.2904932498931885
1988-01-06,3.3937253952026367
1988-01-07,3.3679165840148926
1988-01-08,3.251781702041626
1988-01-11,3.2259743213653564
1988-01-12,3.1614532470703125
1988-01-13,2.877568006515503
1988-01-14,3.058223247528076
1988-01-15,3.406628131866455
1988-01-18,3.458244562149048
1988-01-19,3.238878011703491
1988-01-20,3.264685869216919
1988-01-21,3.2130696773529053
1988-01-22,3.277590274810791
1988-01-25,3.277590274810791
1988-01-26,3.3550124168395996
1988-01-27,3.1390469074249268
1988-01-28,3.1250951290130615
1988-01-29,3.0134849548339844
1988-02-01,3.194851875305176
1988-02-02,3.306462287902832
1988-02-03,3.878467559814453
1988-02-04,3.878467559814453
1988-02-05,3.934272527694702
1988-02-08,3.962174654006958
1988-02-09,4.492323398590088
1988-02-10,4.910863876342773
1988-02-11,4.896912574768066
1988-02-12,4.980621337890625
1988-02-16,5.203840255737305
1988-02-17,4.910863876342773
1988-02-18,4.673691272735596
1988-02-19,4.966669082641602
1988-02-22,4.980621337890625
1988-02-23,4.8411078453063965
1988-02-24,4.896912574768066
1988-02-25,5.036426067352295
1988-02-26,4.827156066894531
1988-02-29,4.729497909545898
1988-03-01,4.715545654296875
1988-03-02,4.78530216217041
1988-03-03,4.910863876342773
1988-03-04,4.938767910003662
1988-03-07,4.910863876342773
1988-03-08,4.9248151779174805
1988-03-09,4.995894432067871
1988-03-10,4.966763973236084
1988-03-11,4.8939385414123535
1988-03-14,4.8356757164001465
1988-03-15,4.777414321899414
1988-03-16,4.588066101074219
1988-03-17,4.952198028564453
1988-03-18,4.981328964233398
1988-03-21,4.981328964233398
1988-03-22,4.995894432067871
1988-03-23,4.995894432067871
1988-03-24,4.821110248565674
1988-03-25,4.733717441558838
1988-03-28,4.660892009735107
1988-03-29,4.8939385414123535
1988-03-30,4.791979789733887
1988-03-31,4.806546688079834
1988-04-04,4.719152927398682
1988-04-05,4.660892009735107
1988-04-06,4.733717441558838
1988-04-07,4.8356757164001465
1988-04-08,4.879370212554932
1988-04-11,5.389157772064209
1988-04-12,5.228939056396484
1988-04-13,5.301765441894531
1988-04-14,4.952198028564453
1988-04-15,4.8939385414123535
1988-04-18,4.879370212554932
1988-04-19,5.039590358734131
1988-04-20,5.010460376739502
1988-04-21,4.966763973236084
1988-04-22,4.966763973236084
1988-04-25,5.010460376739502
1988-04-26,4.8939385414123535
1988-04-27,4.908501148223877
1988-04-28,4.908501148223877
1988-04-29,4.8939385414123535
1988-05-02,4.923068523406982
1988-05-03,4.8939385414123535
1988-05-04,4.937633514404297
1988-05-05,4.937633514404297
1988-05-06,4.923068523406982
1988-05-09,4.8939385414123535
1988-05-10,4.937633514404297
1988-05-11,4.908501148223877
1988-05-12,4.908501148223877
1988-05-13,4.981328964233398
1988-05-16,5.039590358734131
1988-05-17,5.068720817565918
1988-05-18,5.010460376739502
1988-05-19,4.821110248565674
1988-05-20,4.8356757164001465
1988-05-23,4.791979789733887
1988-05-24,4.806546688079834
1988-05-25,4.791979789733887
1988-05-26,4.791979789733887
1988-05-27,4.719152927398682
1988-05-31,4.8356757164001465
1988-06-01,4.879370212554932
1988-06-02,4.8356757164001465
1988-06-03,4.937633514404297
1988-06-06,4.966763973236084
1988-06-07,4.966763973236084
1988-06-08,4.952198028564453
1988-06-09,4.86480712890625
1988-06-10,4.8939385414123535
1988-06-13,4.908501148223877
1988-06-14,4.923068523406982
1988-06-15,4.908501148223877
1988-06-16,4.879370212554932
1988-06-17,4.8939385414123535
1988-06-20,4.879370212554932
1988-06-21,4.8939385414123535
1988-06-22,4.8939385414123535
1988-06-23,4.777414321899414
1988-06-24,4.617197036743164
1988-06-27,4.55893611907959
1988-06-28,4.486109733581543
1988-06-29,4.456979274749756
1988-06-30,4.369586944580078
1988-07-01,4.456979274749756
1988-07-05,4.398717403411865
1988-07-06,4.369586944580078
1988-07-07,4.296760559082031
1988-07-08,4.311324596405029
1988-07-11,4.296760559082031
1988-07-12,4.296760559082031
1988-07-13,4.369586944580078
1988-07-14,4.515239715576172
1988-07-15,4.6317620277404785
1988-07-18,4.60263204574585
1988-07-19,4.544370651245117
1988-07-20,4.573502063751221
1988-07-21,4.544370651245117
1988-07-22,4.806546688079834
1988-07-25,4.7628493309021
1988-07-26,4.719152927398682
1988-07-27,4.690021991729736
1988-07-28,4.675457954406738
1988-07-29,4.748284816741943
1988-08-01,4.7628493309021
1988-08-02,4.748284816741943
1988-08-03,4.646328926086426
1988-08-04,4.646328926086426
1988-08-05,4.60263204574585
1988-08-08,4.6317620277404785
1988-08-09,4.515239715576172
1988-08-10,4.4715447425842285
1988-08-11,4.442412376403809
1988-08-12,4.456979274749756
1988-08-15,4.413282871246338
1988-08-16,4.4715447425842285
1988-08-17,4.456979274749756
1988-08-18,4.32589054107666
1988-08-19,4.311324596405029
1988-08-22,4.2676286697387695
1988-08-23,4.1511077880859375
1988-08-24,3.976323127746582
1988-08-25,3.8743672370910645
1988-08-26,3.932628631591797
1988-08-29,4.078281402587891
1988-08-30,3.976323127746582
1988-08-31,3.888932228088379
1988-09-01,3.772408962249756
1988-09-02,3.845235824584961
1988-09-06,4.0491509437561035
1988-09-07,4.282195091247559
1988-09-08,4.282195091247559
1988-09-09,4.194803714752197
1988-09-12,4.078281402587891
1988-09-13,4.107412338256836
1988-09-14,4.107412338256836
1988-09-15,4.12197732925415
1988-09-16,4.1511077880859375
1988-09-19,4.253063201904297
1988-09-20,4.355020046234131
1988-09-21,4.296760559082031
1988-09-22,4.32589054107666
1988-09-23,4.340456008911133
1988-09-26,4.078281402587891
1988-09-27,3.9617600440979004
1988-09-28,3.918063163757324
1988-09-29,3.990889310836792
1988-09-30,3.8015410900115967
1988-10-03,3.7869749069213867
1988-10-04,3.6995837688446045
1988-10-05,3.6850180625915527
1988-10-06,3.670452833175659
1988-10-07,3.714148759841919
1988-10-10,3.612191915512085
1988-10-11,3.539365768432617
1988-10-12,3.3063201904296875
1988-10-13,3.044145107269287
1988-10-14,3.0587105751037598
1988-10-17,3.350015640258789
1988-10-18,3.2771902084350586
1988-10-19,3.2626242637634277
1988-10-20,3.218928575515747
1988-10-21,3.539365768432617
1988-10-24,3.72871470451355
1988-10-25,3.72871470451355
1988-10-26,3.6267566680908203
1988-10-27,3.8743672370910645
1988-10-28,3.816106081008911
1988-10-31,3.7578442096710205
1988-11-01,3.670452833175659
1988-11-02,3.524799346923828
1988-11-03,3.583061933517456
1988-11-04,3.539365768432617
1988-11-07,3.4956700801849365
1988-11-08,3.5684947967529297
1988-11-09,3.6558876037597656
1988-11-10,3.6850180625915527
1988-11-11,3.6995837688446045
1988-11-14,3.72871470451355
1988-11-15,3.7578442096710205
1988-11-16,3.72871470451355
1988-11-17,3.7578442096710205
1988-11-18,3.7869749069213867
1988-11-21,3.845235824584961
1988-11-22,3.8743672370910645
1988-11-23,3.8743672370910645
1988-11-25,3.7869749069213867
1988-11-28,3.8306710720062256
1988-11-29,3.816106081008911
1988-11-30,3.816106081008911
1988-12-01,3.8306710720062256
1988-12-02,3.888932228088379
1988-12-05,4.107412338256836
1988-12-06,4.12197732925415
1988-12-07,4.136542320251465
1988-12-08,4.020020008087158
1988-12-09,4.034585475921631
1988-12-12,4.136542320251465
1988-12-13,4.194803714752197
1988-12-14,4.165672302246094
1988-12-15,4.1511077880859375
1988-12-16,4.107412338256836
1988-12-19,4.107412338256836
1988-12-20,4.078281402587891
1988-12-21,4.092846393585205
1988-12-22,4.092846393585205
1988-12-23,4.0491509437561035
1988-12-27,4.020020008087158
1988-12-28,4.078281402587891
1988-12-29,4.0491509437561035
1988-12-30,4.0491509437561035
1989-01-03,3.9617600440979004
1989-01-04,4.034585475921631
1989-01-05,3.990889310836792
1989-01-06,4.020020008087158
1989-01-09,4.034585475921631
1989-01-10,4.194803714752197
1989-01-11,4.486109733581543
1989-01-12,4.529804706573486
1989-01-13,4.60263204574585
1989-01-16,4.617197036743164
1989-01-17,4.529804706573486
1989-01-18,4.427847385406494
1989-01-19,4.369586944580078
1989-01-20,4.311324596405029
1989-01-23,4.355020046234131
1989-01-24,4.515239715576172
1989-01-25,4.544370651245117
1989-01-26,4.786488056182861
1989-01-27,4.916860103607178
1989-01-30,5.028607368469238
1989-01-31,5.084479808807373
1989-02-01,5.028607368469238
1989-02-02,5.028607368469238
1989-02-03,4.767863750457764
1989-02-06,4.879610061645508
1989-02-07,4.991357326507568
1989-02-08,5.047231197357178
1989-02-09,5.028607368469238
1989-02-10,4.86098575592041
1989-02-13,4.898235321044922
1989-02-14,5.028607368469238
1989-02-15,5.047231197357178
1989-02-16,5.103104591369629
1989-02-17,5.084479808807373
1989-02-21,5.177601337432861
1989-02-22,5.121728420257568
1989-02-23,5.177601337432861
1989-02-24,5.1589765548706055
1989-02-27,5.121728420257568
1989-02-28,5.121728420257568
1989-03-01,5.140353679656982
1989-03-02,5.028607368469238
1989-03-03,5.177601337432861
1989-03-06,5.177601337432861
1989-03-07,5.177601337432861
1989-03-08,5.326597690582275
1989-03-09,5.661838531494141
1989-03-10,5.643213748931885
1989-03-13,5.68046236038208
1989-03-14,5.8294572830200195
1989-03-15,5.922582626342773
1989-03-16,5.922582626342773
1989-03-17,5.736335754394531
1989-03-20,5.587340831756592
1989-03-21,5.717710971832275
1989-03-22,5.68046236038208
1989-03-23,5.699087619781494
1989-03-27,5.587340831756592
1989-03-28,5.643213748931885
1989-03-29,5.68046236038208
1989-03-30,5.717710971832275
1989-03-31,5.792209625244141
1989-04-03,5.792209625244141
1989-04-04,5.754960536956787
1989-04-05,5.792209625244141
1989-04-06,5.754960536956787
1989-04-07,5.754960536956787
1989-04-10,5.792209625244141
1989-04-11,5.754960536956787
1989-04-12,5.699087619781494
1989-04-13,5.699087619781494
1989-04-14,5.643213748931885
1989-04-17,5.661838531494141
1989-04-18,5.736335754394531
1989-04-19,5.736335754394531
1989-04-20,5.717710971832275
1989-04-21,5.717710971832275
1989-04-24,5.736335754394531
1989-04-25,5.699087619781494
1989-04-26,5.587340831756592
1989-04-27,5.438345432281494
1989-04-28,5.382472515106201
1989-05-01,5.382472515106201
1989-05-02,5.512843608856201
1989-05-03,5.475594520568848
1989-05-04,5.512843608856201
1989-05-05,5.475594520568848
1989-05-08,5.531467437744141
1989-05-09,5.550091743469238
1989-05-10,5.531467437744141
1989-05-11,5.550091743469238
1989-05-12,5.512843608856201
1989-05-15,5.885333061218262
1989-05-16,5.8294572830200195
1989-05-17,5.792209625244141
1989-05-18,6.257822513580322
1989-05-19,6.350943088531494
1989-05-22,6.350943088531494
1989-05-23,6.183323383331299
1989-05-24,6.0157036781311035
1989-05-25,6.0157036781311035
1989-05-26,6.090201377868652
1989-05-30,6.295070648193359
1989-05-31,6.164699077606201
1989-06-01,5.959831714630127
1989-06-02,5.959831714630127
1989-06-05,5.456968784332275
1989-06-06,5.363846778869629
1989-06-07,5.68046236038208
1989-06-08,5.792209625244141
1989-06-09,5.848082542419434
1989-06-12,5.959831714630127
1989-06-13,5.848082542419434
1989-06-14,5.773584365844727
1989-06-15,5.699087619781494
1989-06-16,5.810835838317871
1989-06-19,5.810835838317871
1989-06-20,5.773584365844727
1989-06-21,5.922582626342773
1989-06-22,5.922582626342773
1989-06-23,5.848082542419434
1989-06-26,5.661838531494141
1989-06-27,5.587340831756592
1989-06-28,5.605965614318848
1989-06-29,5.587340831756592
1989-06-30,5.568715572357178
1989-07-03,5.512843608856201
1989-07-05,5.494218826293945
1989-07-06,5.456968784332275
1989-07-07,5.456968784332275
1989-07-10,5.401094436645508
1989-07-11,5.177601337432861
1989-07-12,5.28934907913208
1989-07-13,5.233475208282471
1989-07-14,5.121728420257568
1989-07-17,5.363846778869629
1989-07-18,5.475594520568848
1989-07-19,5.456968784332275
1989-07-20,5.475594520568848
1989-07-21,5.512843608856201
1989-07-24,5.512843608856201
1989-07-25,5.531467437744141
1989-07-26,5.494218826293945
1989-07-27,5.512843608856201
1989-07-28,5.494218826293945
1989-07-31,5.568715572357178
1989-08-01,5.568715572357178
1989-08-02,5.568715572357178
1989-08-03,5.699087619781494
1989-08-04,5.643213748931885
1989-08-07,5.810835838317871
1989-08-08,5.885333061218262
1989-08-09,5.8294572830200195
1989-08-10,5.699087619781494
1989-08-11,5.661838531494141
1989-08-14,5.68046236038208
1989-08-15,5.699087619781494
1989-08-16,5.661838531494141
1989-08-17,5.717710971832275
1989-08-18,5.717710971832275
1989-08-21,5.736335754394531
1989-08-22,5.717710971832275
1989-08-23,5.587340831756592
1989-08-24,5.736335754394531
1989-08-25,5.773584365844727
1989-08-28,5.754960536956787
1989-08-29,5.661838531494141
1989-08-30,5.550091743469238
1989-08-31,5.475594520568848
1989-09-01,5.456968784332275
1989-09-05,5.456968784332275
1989-09-06,5.587340831756592
1989-09-07,5.773584365844727
1989-09-08,5.922582626342773
1989-09-11,5.903957843780518
1989-09-12,6.034327507019043
1989-09-13,6.164699077606201
1989-09-14,5.959831714630127
1989-09-15,6.052951812744141
1989-09-18,5.9970784187316895
1989-09-19,5.9970784187316895
1989-09-20,6.034327507019043
1989-09-21,6.071577548980713
1989-09-22,6.052951812744141
1989-09-25,6.034327507019043
1989-09-26,6.071577548980713
1989-09-27,6.071577548980713
1989-09-28,6.071577548980713
1989-09-29,6.1274495124816895
1989-10-02,6.1274495124816895
1989-10-03,6.239198684692383
1989-10-04,5.9970784187316895
1989-10-05,5.773584365844727
1989-10-06,5.903957843780518
1989-10-09,5.922582626342773
1989-10-10,5.9970784187316895
1989-10-11,5.959831714630127
1989-10-12,5.885333061218262
1989-10-13,5.587340831756592
1989-10-16,5.624588966369629
1989-10-17,5.736335754394531
1989-10-18,5.717710971832275
1989-10-19,5.866709232330322
1989-10-20,5.885333061218262
1989-10-23,5.885333061218262
1989-10-24,5.810835838317871
1989-10-25,5.773584365844727
1989-10-26,5.773584365844727
1989-10-27,5.661838531494141
1989-10-30,5.717710971832275
1989-10-31,5.699087619781494
1989-11-01,5.773584365844727
1989-11-02,6.034327507019043
1989-11-03,6.108826160430908
1989-11-06,6.220572471618652
1989-11-07,6.462690353393555
1989-11-08,6.257822513580322
1989-11-09,6.369568824768066
1989-11-10,6.350943088531494
1989-11-13,6.3323211669921875
1989-11-14,6.295070648193359
1989-11-15,6.295070648193359
1989-11-16,6.295070648193359
1989-11-17,6.257822513580322
1989-11-20,6.239198684692383
1989-11-21,6.239198684692383
1989-11-22,6.220572471618652
1989-11-24,6.108826160430908
1989-11-27,6.1274495124816895
1989-11-28,6.704806327819824
1989-11-29,6.853802680969238
1989-11-30,7.15179443359375
1989-12-01,7.002800941467285
1989-12-04,6.909677505493164
1989-12-05,6.779305934906006
1989-12-06,6.518563747406006
1989-12-07,6.425443172454834
1989-12-08,6.611685276031494
1989-12-11,6.481314182281494
1989-12-12,6.444066524505615
1989-12-13,6.574436664581299
1989-12-14,6.574436664581299
1989-12-15,6.555812358856201
1989-12-18,6.7420573234558105
1989-12-19,6.797929763793945
1989-12-20,6.928302764892578
1989-12-21,6.928302764892578
1989-12-22,7.077297210693359
1989-12-26,7.393912315368652
1989-12-27,7.3007917404174805
1989-12-28,7.1890459060668945
1989-12-29,7.412539005279541
1990-01-02,7.1890459060668945
1990-01-03,7.114546298980713
1990-01-04,7.002800941467285
1990-01-05,7.040050029754639
1990-01-08,7.077297210693359
1990-01-09,6.835178852081299
1990-01-10,6.779305934906006
1990-01-11,6.76068115234375
1990-01-12,6.686185359954834
1990-01-15,6.611685276031494
1990-01-16,6.816555023193359
1990-01-17,7.15179443359375
1990-01-18,7.3007917404174805
1990-01-19,7.15179443359375
1990-01-22,7.319417476654053
1990-01-23,7.375290393829346
1990-01-24,7.338040351867676
1990-01-25,7.468411922454834
1990-01-26,7.785028457641602
1990-01-29,7.94072961807251
1990-01-30,7.94072961807251
1990-01-31,7.966679096221924
1990-02-01,7.369826316833496
1990-02-02,7.47362756729126
1990-02-05,7.421725749969482
1990-02-06,7.47362756729126
1990-02-07,7.369826316833496
1990-02-08,7.110324859619141
1990-02-09,7.240077495574951
1990-02-12,7.136275291442871
1990-02-13,7.006524085998535
1990-02-14,7.240077495574951
1990-02-15,7.240077495574951
1990-02-16,7.240077495574951
1990-02-20,7.240077495574951
1990-02-21,7.006524085998535
1990-02-22,6.954625129699707
1990-02-23,6.747023105621338
1990-02-26,6.383723735809326
1990-02-27,5.968521595001221
1990-02-28,5.579270839691162
1990-03-01,5.631170749664307
1990-03-02,5.968521595001221
1990-03-05,5.864720344543457
1990-03-06,5.812821865081787
1990-03-07,5.734969139099121
1990-03-08,5.709021091461182
1990-03-09,5.709021091461182
1990-03-12,5.760920524597168
1990-03-13,5.734969139099121
1990-03-14,5.605221271514893
1990-03-15,5.683069705963135
1990-03-16,5.579270839691162
1990-03-19,5.449519157409668
1990-03-20,5.475470066070557
1990-03-21,5.4235687255859375
1990-03-22,5.319769382476807
1990-03-23,5.371669292449951
1990-03-26,5.527370452880859
1990-03-27,5.39762020111084
1990-03-28,5.39762020111084
1990-03-29,5.39762020111084
1990-03-30,5.39762020111084
1990-04-02,5.371669292449951
1990-04-03,5.345719337463379
1990-04-04,5.293818473815918
1990-04-05,5.345719337463379
1990-04-06,5.319769382476807
1990-04-09,5.164068222045898
1990-04-10,5.08621883392334
1990-04-11,4.748867034912109
1990-04-12,4.878617763519287
1990-04-16,4.77481746673584
1990-04-17,4.77481746673584
1990-04-18,4.593166351318359
1990-04-19,4.515316486358643
1990-04-20,4.489366054534912
1990-04-23,4.489366054534912
1990-04-24,4.281765460968018
1990-04-25,4.126064777374268
1990-04-26,3.762763261795044
1990-04-27,3.9444143772125244
1990-04-30,4.333665370941162
1990-05-01,4.203914642333984
1990-05-02,4.904567718505859
1990-05-03,5.060266971588135
1990-05-04,5.060266971588135
1990-05-07,5.008368015289307
1990-05-08,4.930517196655273
1990-05-09,4.645066738128662
1990-05-10,4.567216873168945
1990-05-11,4.722917079925537
1990-05-14,4.800767421722412
1990-05-15,4.904567718505859
1990-05-16,4.722917079925537
1990-05-17,4.696967124938965
1990-05-18,4.541265964508057
1990-05-21,4.46341609954834
1990-05-22,4.77481746673584
1990-05-23,5.138118267059326
1990-05-24,4.878617763519287
1990-05-25,4.878617763519287
1990-05-29,5.164068222045898
1990-05-30,5.501419544219971
1990-05-31,5.683069705963135
1990-06-01,5.78687047958374
1990-06-04,5.501419544219971
1990-06-05,5.475470066070557
1990-06-06,5.579270839691162
1990-06-07,5.2613725662231445
1990-06-08,5.427521705627441
1990-06-11,5.289063453674316
1990-06-12,5.621362209320068
1990-06-13,5.538285732269287
1990-06-14,5.372138977050781
1990-06-15,5.2613725662231445
1990-06-18,5.289063453674316
1990-06-19,5.3167548179626465
1990-06-20,5.095223903656006
1990-06-21,5.0398406982421875
1990-06-22,5.178297519683838
1990-06-25,5.233680725097656
1990-06-26,5.372138977050781
1990-06-27,5.3167548179626465
1990-06-28,5.150606155395508
1990-06-29,5.3167548179626465
1990-07-02,5.289063453674316
1990-07-03,5.2613725662231445
1990-07-05,5.2613725662231445
1990-07-06,5.399828910827637
1990-07-09,5.427521705627441
1990-07-10,5.759819507598877
1990-07-11,5.621362209320068
1990-07-12,5.510594844818115
1990-07-13,5.870584011077881
1990-07-16,6.202881813049316
1990-07-17,6.175189971923828
1990-07-18,5.870584011077881
1990-07-19,6.036734104156494
1990-07-20,6.036734104156494
1990-07-23,5.7044358253479
1990-07-24,5.870584011077881
1990-07-25,5.981350421905518
1990-07-26,5.9536590576171875
1990-07-27,6.009041786193848
1990-07-30,5.842893123626709
1990-07-31,5.842893123626709
1990-08-01,5.67674446105957
1990-08-02,5.427521705627441
1990-08-03,5.205990314483643
1990-08-06,5.067532062530518
1990-08-07,5.233680725097656
1990-08-08,5.510594844818115
1990-08-09,5.372138977050781
1990-08-10,5.2613725662231445
1990-08-13,5.150606155395508
1990-08-14,5.344447135925293
1990-08-15,5.372138977050781
1990-08-16,5.233680725097656
1990-08-17,5.012149810791016
1990-08-20,5.0398406982421875
1990-08-21,4.956766605377197
1990-08-22,4.790618419647217
1990-08-23,4.486011981964111
1990-08-24,4.402937412261963
1990-08-27,5.0398406982421875
1990-08-28,5.2613725662231445
1990-08-29,5.095223903656006
1990-08-30,4.984457015991211
1990-08-31,5.095223903656006
1990-09-04,4.929075241088867
1990-09-05,4.929075241088867
1990-09-06,4.818310260772705
1990-09-07,4.790618419647217
1990-09-10,5.0398406982421875
1990-09-11,4.984457015991211
1990-09-12,4.873692989349365
1990-09-13,4.956766605377197
1990-09-14,4.735235214233398
1990-09-17,4.56908655166626
1990-09-18,4.486011981964111
1990-09-19,4.402937412261963
1990-09-20,4.292172431945801
1990-09-21,4.236789703369141
1990-09-24,3.932183265686035
1990-09-25,3.876800537109375
1990-09-26,3.572194814682007
1990-09-27,3.2122063636779785
1990-09-28,3.4337379932403564
1990-10-01,3.8214175701141357
1990-10-02,3.9875669479370117
1990-10-03,3.849109172821045
1990-10-04,3.8214175701141357
1990-10-05,3.9598748683929443
1990-10-08,3.9875669479370117
1990-10-09,3.849109172821045
1990-10-10,3.7383432388305664
1990-10-11,3.7106523513793945
1990-10-12,3.8214175701141357
1990-10-15,3.8214175701141357
1990-10-16,3.7937259674072266
1990-10-17,3.8214175701141357
1990-10-18,3.9875669479370117
1990-10-19,3.9598748683929443
1990-10-22,4.2090983390808105
1990-10-23,4.292172431945801
1990-10-24,4.707543849945068
1990-10-25,4.513704299926758
1990-10-26,4.430628776550293
1990-10-29,4.430628776550293
1990-10-30,4.3475542068481445
1990-10-31,4.319864273071289
1990-11-01,4.292172431945801
1990-11-02,4.3475542068481445
1990-11-05,4.541395664215088
1990-11-06,4.486011981964111
1990-11-07,4.541395664215088
1990-11-08,4.458320140838623
1990-11-09,4.59677791595459
1990-11-12,4.652161121368408
1990-11-13,4.873692989349365
1990-11-14,5.122915267944336
1990-11-15,5.344447135925293
1990-11-16,5.150606155395508
1990-11-19,5.45521354675293
1990-11-20,5.621362209320068
1990-11-21,5.565978527069092
1990-11-23,5.7044358253479
1990-11-26,5.3167548179626465
1990-11-27,5.095223903656006
1990-11-28,5.012149810791016
1990-11-29,4.901384353637695
1990-11-30,5.427521705627441
1990-12-03,5.538285732269287
1990-12-04,5.3167548179626465
1990-12-05,4.59677791595459
1990-12-06,4.901384353637695
1990-12-07,5.095223903656006
1990-12-10,5.012149810791016
1990-12-11,4.956766605377197
1990-12-12,4.956766605377197
1990-12-13,4.929075241088867
1990-12-14,4.873692989349365
1990-12-17,4.62446928024292
1990-12-18,4.735235214233398
1990-12-19,4.707543849945068
1990-12-20,4.679852485656738
1990-12-21,4.59677791595459
1990-12-24,4.59677791595459
1990-12-26,4.707543849945068
1990-12-27,4.790618419647217
1990-12-28,4.679852485656738
1990-12-31,4.541395664215088
1991-01-02,4.62446928024292
1991-01-03,4.541395664215088
1991-01-04,4.513704299926758
1991-01-07,4.2090983390808105
1991-01-08,4.015258312225342
1991-01-09,4.126022815704346
1991-01-10,4.236789703369141
1991-01-11,4.126022815704346
1991-01-14,4.098332405090332
1991-01-15,4.098332405090332
1991-01-16,4.098332405090332
1991-01-17,4.929075241088867
1991-01-18,4.790618419647217
1991-01-21,4.59677791595459
1991-01-22,4.402937412261963
1991-01-23,4.430628776550293
1991-01-24,4.62446928024292
1991-01-25,4.59677791595459
1991-01-28,4.652161121368408
1991-01-29,4.513704299926758
1991-01-30,4.818310260772705
1991-01-31,4.735235214233398
1991-02-01,4.735235214233398
1991-02-04,4.7629265785217285
1991-02-05,4.846000671386719
1991-02-06,4.7629265785217285
1991-02-07,4.818310260772705
1991-02-08,4.790618419647217
1991-02-11,5.122915267944336
1991-02-12,5.012149810791016
1991-02-13,5.012149810791016
1991-02-14,5.0398406982421875
1991-02-15,5.178297519683838
1991-02-19,5.3167548179626465
1991-02-20,5.095223903656006
1991-02-21,5.122915267944336
1991-02-22,5.0398406982421875
1991-02-25,5.150606155395508
1991-02-26,4.956766605377197
1991-02-27,5.095223903656006
1991-02-28,5.067532062530518
1991-03-01,5.0398406982421875
1991-03-04,4.901384353637695
1991-03-05,5.012149810791016
1991-03-06,5.095223903656006
1991-03-07,5.178297519683838
1991-03-08,5.067532062530518
1991-03-11,5.0398406982421875
1991-03-12,4.984457015991211
1991-03-13,4.873692989349365
1991-03-14,4.846000671386719
1991-03-15,4.7629265785217285
1991-03-18,4.652161121368408
1991-03-19,4.652161121368408
1991-03-20,4.652161121368408
1991-03-21,4.56908655166626
1991-03-22,4.7629265785217285
1991-03-25,4.984457015991211
1991-03-26,5.178297519683838
1991-03-27,5.0398406982421875
1991-03-28,4.929075241088867
1991-04-01,4.984457015991211
1991-04-02,4.984457015991211
1991-04-03,5.122915267944336
1991-04-04,5.0398406982421875
1991-04-05,5.0398406982421875
1991-04-08,5.178297519683838
1991-04-09,5.122915267944336
1991-04-10,5.095223903656006
1991-04-11,5.150606155395508
1991-04-12,5.289063453674316
1991-04-15,5.427521705627441
1991-04-16,5.205990314483643
1991-04-17,5.205990314483643
1991-04-18,5.427521705627441
1991-04-19,5.3167548179626465
1991-04-22,5.122915267944336
1991-04-23,5.2613725662231445
1991-04-24,5.289063453674316
1991-04-25,5.289063453674316
1991-04-26,5.289063453674316
1991-04-29,5.205990314483643
1991-04-30,5.205990314483643
1991-05-01,5.344447135925293
1991-05-02,5.2613725662231445
1991-05-03,5.205990314483643
1991-05-06,5.150606155395508
1991-05-07,5.2613725662231445
1991-05-08,5.3167548179626465
1991-05-09,5.3167548179626465
1991-05-10,5.289063453674316
1991-05-13,5.3167548179626465
1991-05-14,5.2613725662231445
1991-05-15,5.0398406982421875
1991-05-16,5.067532062530518
1991-05-17,5.095223903656006
1991-05-20,5.150606155395508
1991-05-21,5.095223903656006
1991-05-22,5.289063453674316
1991-05-23,5.3167548179626465
1991-05-24,5.427521705627441
1991-05-28,5.427521705627441
1991-05-29,5.427521705627441
1991-05-30,5.372138977050781
1991-05-31,5.399828910827637
1991-06-03,5.427521705627441
1991-06-04,5.399828910827637
1991-06-05,5.3167548179626465
1991-06-06,5.289063453674316
1991-06-07,5.289063453674316
1991-06-10,5.289063453674316
1991-06-11,5.289063453674316
1991-06-12,5.122915267944336
1991-06-13,5.150606155395508
1991-06-14,5.205990314483643
1991-06-17,5.095223903656006
1991-06-18,5.150606155395508
1991-06-19,5.0398406982421875
1991-06-20,4.984457015991211
1991-06-21,5.150606155395508
1991-06-24,5.067532062530518
1991-06-25,5.122915267944336
1991-06-26,5.095223903656006
1991-06-27,5.095223903656006
1991-06-28,5.067532062530518
1991-07-01,5.067532062530518
1991-07-02,5.012149810791016
1991-07-03,4.984457015991211
1991-07-05,5.012149810791016
1991-07-08,5.0398406982421875
1991-07-09,5.0398406982421875
1991-07-10,5.095223903656006
1991-07-11,5.178297519683838
1991-07-12,5.593669414520264
1991-07-15,5.565978527069092
1991-07-16,5.538285732269287
1991-07-17,5.649052619934082
1991-07-18,5.565978527069092
1991-07-19,5.538285732269287
1991-07-22,5.45521354675293
1991-07-23,5.372138977050781
1991-07-24,5.427521705627441
1991-07-25,5.3167548179626465
1991-07-26,5.427521705627441
1991-07-29,5.372138977050781
1991-07-30,5.482904434204102
1991-07-31,5.538285732269287
1991-08-01,5.7044358253479
1991-08-02,5.67674446105957
1991-08-05,5.649052619934082
1991-08-06,5.649052619934082
1991-08-07,5.621362209320068
1991-08-08,5.621362209320068
1991-08-09,5.621362209320068
1991-08-12,5.621362209320068
1991-08-13,5.649052619934082
1991-08-14,5.649052619934082
1991-08-15,5.649052619934082
1991-08-16,5.67674446105957
1991-08-19,5.399828910827637
1991-08-20,5.399828910827637
1991-08-21,5.538285732269287
1991-08-22,5.538285732269287
1991-08-23,5.45521354675293
1991-08-26,5.399828910827637
1991-08-27,5.399828910827637
1991-08-28,5.399828910827637
1991-08-29,5.344447135925293
1991-08-30,5.344447135925293
1991-09-03,5.372138977050781
1991-09-04,5.3167548179626465
1991-09-05,5.2613725662231445
1991-09-06,5.3167548179626465
1991-09-09,5.3167548179626465
1991-09-10,5.344447135925293
1991-09-11,5.289063453674316
1991-09-12,5.205990314483643
1991-09-13,5.122915267944336
1991-09-16,5.067532062530518
1991-09-17,5.0398406982421875
1991-09-18,5.012149810791016
1991-09-19,4.984457015991211
1991-09-20,4.929075241088867
1991-09-23,5.0398406982421875
1991-09-24,4.956766605377197
1991-09-25,4.984457015991211
1991-09-26,5.012149810791016
1991-09-27,5.178297519683838
1991-09-30,5.399828910827637
1991-10-01,5.45521354675293
1991-10-02,5.538285732269287
1991-10-03,5.510594844818115
1991-10-04,5.482904434204102
1991-10-07,5.344447135925293
1991-10-08,5.344447135925293
1991-10-09,5.233680725097656
1991-10-10,5.344447135925293
1991-10-11,5.427521705627441
1991-10-14,5.344447135925293
1991-10-15,5.482904434204102
1991-10-16,5.427521705627441
1991-10-17,5.399828910827637
1991-10-18,5.233680725097656
1991-10-21,5.205990314483643
1991-10-22,5.122915267944336
1991-10-23,5.067532062530518
1991-10-24,5.205990314483643
1991-10-25,5.178297519683838
1991-10-28,5.150606155395508
1991-10-29,5.095223903656006
1991-10-30,4.984457015991211
1991-10-31,5.0398406982421875
1991-11-01,4.956766605377197
1991-11-04,4.956766605377197
1991-11-05,4.956766605377197
1991-11-06,4.901384353637695
1991-11-07,4.956766605377197
1991-11-08,4.984457015991211
1991-11-11,4.956766605377197
1991-11-12,4.929075241088867
1991-11-13,4.929075241088867
1991-11-14,4.929075241088867
1991-11-15,4.929075241088867
1991-11-18,4.901384353637695
1991-11-19,4.901384353637695
1991-11-20,4.873692989349365
1991-11-21,5.0398406982421875
1991-11-22,5.205990314483643
1991-11-25,5.3167548179626465
1991-11-26,5.427521705627441
1991-11-27,5.344447135925293
1991-11-29,5.3167548179626465
1991-12-02,5.2613725662231445
1991-12-03,5.2613725662231445
1991-12-04,5.178297519683838
1991-12-05,4.984457015991211
1991-12-06,4.901384353637695
1991-12-09,4.956766605377197
1991-12-10,5.012149810791016
1991-12-11,4.956766605377197
1991-12-12,4.956766605377197
1991-12-13,4.984457015991211
1991-12-16,4.956766605377197
1991-12-17,4.929075241088867
1991-12-18,4.929075241088867
1991-12-19,4.956766605377197
1991-12-20,4.956766605377197
1991-12-23,5.012149810791016
1991-12-24,5.012149810791016
1991-12-26,5.150606155395508
1991-12-27,5.372138977050781
1991-12-30,5.427521705627441
1991-12-31,5.45521354675293
1992-01-02,5.45521354675293
1992-01-03,5.621362209320068
1992-01-06,5.732126712799072
1992-01-07,5.870584011077881
1992-01-08,6.14749813079834
1992-01-09,6.72901725769043
1992-01-10,6.479795455932617
1992-01-13,6.119805335998535
1992-01-14,6.092115879058838
1992-01-15,6.202881813049316
1992-01-16,6.479795455932617
1992-01-17,6.369030952453613
1992-01-20,6.341338157653809
1992-01-21,6.424412727355957
1992-01-22,6.452105522155762
1992-01-23,6.562870979309082
1992-01-24,6.618252277374268
1992-01-27,6.756710529327393
1992-01-28,6.618252277374268
1992-01-29,6.590561866760254
1992-01-30,6.590561866760254
1992-01-31,6.590561866760254
1992-02-03,6.618252277374268
1992-02-04,6.618252277374268
1992-02-05,6.562870979309082
1992-02-06,6.452105522155762
1992-02-07,6.5074872970581055
1992-02-10,6.590561866760254
1992-02-11,6.5074872970581055
1992-02-12,6.479795455932617
1992-02-13,6.5074872970581055
1992-02-14,6.452105522155762
1992-02-18,6.175189971923828
1992-02-19,6.25826358795166
1992-02-20,6.369030952453613
1992-02-21,6.230571746826172
1992-02-24,6.202881813049316
1992-02-25,6.14749813079834
1992-02-26,6.175189971923828
1992-02-27,6.119805335998535
1992-02-28,6.064423561096191
1992-03-02,6.036734104156494
1992-03-03,6.202881813049316
1992-03-04,6.341338157653809
1992-03-05,6.341338157653809
1992-03-06,6.3136467933654785
1992-03-09,6.202881813049316
1992-03-10,6.202881813049316
1992-03-11,6.28595495223999
1992-03-12,6.202881813049316
1992-03-13,6.202881813049316
1992-03-16,6.230571746826172
1992-03-17,6.119805335998535
1992-03-18,6.036734104156494
1992-03-19,6.009041786193848
1992-03-20,6.064423561096191
1992-03-23,6.092115879058838
1992-03-24,6.036734104156494
1992-03-25,6.092115879058838
1992-03-26,5.9536590576171875
1992-03-27,5.870584011077881
1992-03-30,5.842893123626709
1992-03-31,5.815200328826904
1992-04-01,5.815200328826904
1992-04-02,5.732126712799072
1992-04-03,5.732126712799072
1992-04-06,5.815200328826904
1992-04-07,5.759819507598877
1992-04-08,5.649052619934082
1992-04-09,5.732126712799072
1992-04-10,5.759819507598877
1992-04-13,5.732126712799072
1992-04-14,5.787509441375732
1992-04-15,5.538285732269287
1992-04-16,5.67674446105957
1992-04-20,5.732126712799072
1992-04-21,5.7044358253479
1992-04-22,5.67674446105957
1992-04-23,5.759819507598877
1992-04-24,5.7044358253479
1992-04-27,5.67674446105957
1992-04-28,5.7044358253479
1992-04-29,5.593669414520264
1992-04-30,5.538285732269287
1992-05-01,5.510594844818115
1992-05-04,5.565978527069092
1992-05-05,5.538285732269287
1992-05-06,5.538285732269287
1992-05-07,5.510594844818115
1992-05-08,5.510594844818115
1992-05-11,5.45521354675293
1992-05-12,5.399828910827637
1992-05-13,5.289063453674316
1992-05-14,5.205990314483643
1992-05-15,5.095223903656006
1992-05-18,5.095223903656006
1992-05-19,5.095223903656006
1992-05-20,5.0398406982421875
1992-05-21,5.0398406982421875
1992-05-22,5.150606155395508
1992-05-26,4.873692989349365
1992-05-27,4.873692989349365
1992-05-28,4.818310260772705
1992-05-29,4.818310260772705
1992-06-01,4.818310260772705
1992-06-02,4.846000671386719
1992-06-03,4.818310260772705
1992-06-04,4.901384353637695
1992-06-05,4.901384353637695
1992-06-08,4.873692989349365
1992-06-09,4.846000671386719
1992-06-10,4.846000671386719
1992-06-11,4.818310260772705
1992-06-12,4.873692989349365
1992-06-15,4.846000671386719
1992-06-16,4.818310260772705
1992-06-17,4.790618419647217
1992-06-18,4.7629265785217285
1992-06-19,4.7629265785217285
1992-06-22,4.735235214233398
1992-06-23,4.707543849945068
1992-06-24,4.652161121368408
1992-06-25,4.541395664215088
1992-06-26,4.2644805908203125
1992-06-29,4.375247478485107
1992-06-30,4.375247478485107
1992-07-01,4.375247478485107
1992-07-02,4.402937412261963
1992-07-06,4.292172431945801
1992-07-07,4.292172431945801
1992-07-08,4.2090983390808105
1992-07-09,4.2090983390808105
1992-07-10,4.098332405090332
1992-07-13,4.098332405090332
1992-07-14,4.098332405090332
1992-07-15,4.098332405090332
1992-07-16,4.292172431945801
1992-07-17,4.2644805908203125
1992-07-20,4.2090983390808105
1992-07-21,4.236789703369141
1992-07-22,4.236789703369141
1992-07-23,4.181406497955322
1992-07-24,4.2090983390808105
1992-07-27,4.098332405090332
1992-07-28,4.015258312225342
1992-07-29,4.126022815704346
1992-07-30,4.042949199676514
1992-07-31,4.181406497955322
1992-08-03,4.126022815704346
1992-08-04,4.098332405090332
1992-08-05,4.098332405090332
1992-08-06,4.098332405090332
1992-08-07,4.098332405090332
1992-08-10,4.042949199676514
1992-08-11,4.098332405090332
1992-08-12,4.015258312225342
1992-08-13,4.070641040802002
1992-08-14,4.070641040802002
1992-08-17,3.9875669479370117
1992-08-18,3.876800537109375
1992-08-19,3.876800537109375
1992-08-20,3.7106523513793945
1992-08-21,3.627577304840088
1992-08-24,3.4337379932403564
1992-08-25,3.4614293575286865
1992-08-26,3.4891204833984375
1992-08-27,3.5998857021331787
1992-08-28,3.7106523513793945
1992-08-31,3.9598748683929443
1992-09-01,3.9875669479370117
1992-09-02,4.042949199676514
1992-09-03,4.070641040802002
1992-09-04,4.126022815704346
1992-09-08,4.015258312225342
1992-09-09,3.9598748683929443
1992-09-10,3.9598748683929443
1992-09-11,3.876800537109375
1992-09-14,3.932183265686035
1992-09-15,3.9044923782348633
1992-09-16,3.8214175701141357
1992-09-17,3.5445034503936768
1992-09-18,3.7383432388305664
1992-09-21,3.7383432388305664
1992-09-22,3.7660350799560547
1992-09-23,3.7660350799560547
1992-09-24,3.9044923782348633
1992-09-25,3.7383432388305664
1992-09-28,3.7660350799560547
1992-09-29,3.7383432388305664
1992-09-30,3.8214175701141357
1992-10-01,3.9598748683929443
1992-10-02,4.070641040802002
1992-10-05,4.015258312225342
1992-10-06,3.932183265686035
1992-10-07,3.9598748683929443
1992-10-08,4.126022815704346
1992-10-09,4.15371561050415
1992-10-12,4.126022815704346
1992-10-13,4.236789703369141
1992-10-14,4.3475542068481445
1992-10-15,4.375247478485107
1992-10-16,4.319864273071289
1992-10-19,4.2644805908203125
1992-10-20,4.292172431945801
1992-10-21,4.236789703369141
1992-10-22,4.2090983390808105
1992-10-23,4.2090983390808105
1992-10-26,4.070641040802002
1992-10-27,4.098332405090332
1992-10-28,4.126022815704346
1992-10-29,4.181406497955322
1992-10-30,4.2644805908203125
1992-11-02,4.2644805908203125
1992-11-03,4.236789703369141
1992-11-04,4.236789703369141
1992-11-05,4.15371561050415
1992-11-06,4.15371561050415
1992-11-09,4.181406497955322
1992-11-10,4.181406497955322
1992-11-11,4.2090983390808105
1992-11-12,4.181406497955322
1992-11-13,4.126022815704346
1992-11-16,4.098332405090332
1992-11-17,4.042949199676514
1992-11-18,4.015258312225342
1992-11-19,4.126022815704346
1992-11-20,4.070641040802002
1992-11-23,3.9875669479370117
1992-11-24,3.9875669479370117
1992-11-25,3.9875669479370117
1992-11-27,4.042949199676514
1992-11-30,4.15371561050415
1992-12-01,4.098332405090332
1992-12-02,4.098332405090332
1992-12-03,3.9875669479370117
1992-12-04,3.9875669479370117
1992-12-07,3.9875669479370117
1992-12-08,4.042949199676514
1992-12-09,4.181406497955322
1992-12-10,4.181406497955322
1992-12-11,4.236789703369141
1992-12-14,4.15371561050415
1992-12-15,4.2090983390808105
1992-12-16,4.2644805908203125
1992-12-17,4.2090983390808105
1992-12-18,4.2644805908203125
1992-12-21,4.2644805908203125
1992-12-22,4.26336669921875
1992-12-23,4.124040603637695
1992-12-24,4.235501289367676
1992-12-28,4.235501289367676
1992-12-29,4.291231155395508
1992-12-30,4.26336669921875
1992-12-31,4.179771423339844
1993-01-04,4.207635879516602
1993-01-05,4.207635879516602
1993-01-06,4.151904582977295
1993-01-07,4.068310260772705
1993-01-08,3.9011192321777344
1993-01-11,3.8732540607452393
1993-01-12,4.068310260772705
1993-01-13,4.040445327758789
1993-01-14,4.151904582977295
1993-01-15,4.402692794799805
1993-01-18,4.374825954437256
1993-01-19,4.402692794799805
1993-01-20,4.5141520500183105
1993-01-21,4.542017936706543
1993-01-22,4.597747802734375
1993-01-25,4.764938831329346
1993-01-26,4.876399040222168
1993-01-27,4.569883346557617
1993-01-28,4.45842170715332
1993-01-29,4.430556297302246
1993-02-01,4.625612735748291
1993-02-02,4.6813435554504395
1993-02-03,4.653478145599365
1993-02-04,4.653478145599365
1993-02-05,4.597747802734375
1993-02-08,4.45842170715332
1993-02-09,4.319096565246582
1993-02-10,4.26336669921875
1993-02-11,4.542017936706543
1993-02-12,4.597747802734375
1993-02-16,4.625612735748291
1993-02-17,4.7370734214782715
1993-02-18,4.486286640167236
1993-02-19,4.5141520500183105
1993-02-22,4.625612735748291
1993-02-23,4.542017936706543
1993-02-24,4.542017936706543
1993-02-25,4.597747802734375
1993-02-26,4.7092084884643555
1993-03-01,4.876399040222168
1993-03-02,4.9042649269104
1993-03-03,5.182915210723877
1993-03-04,5.155050754547119
1993-03-05,5.099319934844971
1993-03-08,5.127185344696045
1993-03-09,5.043590068817139
1993-03-10,5.043590068817139
1993-03-11,5.071455001831055
1993-03-12,5.015723705291748
1993-03-15,4.987859725952148
1993-03-16,4.987859725952148
1993-03-17,5.099319934844971
1993-03-18,5.210780143737793
1993-03-19,5.182915210723877
1993-03-22,5.238646507263184
1993-03-23,5.182915210723877
1993-03-24,5.182915210723877
1993-03-25,5.210780143737793
1993-03-26,5.210780143737793
1993-03-29,5.210780143737793
1993-03-30,5.182915210723877
1993-03-31,5.210780143737793
1993-04-01,5.322240829467773
1993-04-02,5.294376373291016
1993-04-05,5.182915210723877
1993-04-06,5.182915210723877
1993-04-07,5.238646507263184
1993-04-08,5.238646507263184
1993-04-12,5.099319934844971
1993-04-13,5.071455001831055
1993-04-14,5.043590068817139
1993-04-15,5.071455001831055
1993-04-16,4.959994792938232
1993-04-19,4.792803764343262
1993-04-20,4.653478145599365
1993-04-21,4.7370734214782715
1993-04-22,4.7092084884643555
1993-04-23,4.7092084884643555
1993-04-26,4.6813435554504395
1993-04-27,4.6813435554504395
1993-04-28,4.876399040222168
1993-04-29,4.9042649269104
1993-04-30,4.876399040222168
1993-05-03,4.7370734214782715
1993-05-04,4.764938831329346
1993-05-05,4.7370734214782715
1993-05-06,4.7370734214782715
1993-05-07,4.7370734214782715
1993-05-10,4.764938831329346
1993-05-11,4.792803764343262
1993-05-12,4.792803764343262
1993-05-13,4.7092084884643555
1993-05-14,4.653478145599365
1993-05-17,4.653478145599365
1993-05-18,4.625612735748291
1993-05-19,4.5141520500183105
1993-05-20,4.542017936706543
1993-05-21,4.542017936706543
1993-05-24,4.542017936706543
1993-05-25,4.542017936706543
1993-05-26,4.653478145599365
1993-05-27,4.7370734214782715
1993-05-28,4.7092084884643555
1993-06-01,4.653478145599365
1993-06-02,4.653478145599365
1993-06-03,4.597747802734375
1993-06-04,4.597747802734375
1993-06-07,4.6813435554504395
1993-06-08,4.569883346557617
1993-06-09,4.597747802734375
1993-06-10,4.569883346557617
1993-06-11,4.542017936706543
1993-06-14,4.45842170715332
1993-06-15,4.45842170715332
1993-06-16,4.374825954437256
1993-06-17,4.430556297302246
1993-06-18,4.430556297302246
1993-06-21,4.5141520500183105
1993-06-22,4.569883346557617
1993-06-23,4.45842170715332
1993-06-24,4.402692794799805
1993-06-25,4.430556297302246
1993-06-28,4.291231155395508
1993-06-29,4.26336669921875
1993-06-30,4.207635879516602
1993-07-01,4.402692794799805
1993-07-02,4.430556297302246
1993-07-06,4.542017936706543
1993-07-07,4.625612735748291
1993-07-08,4.764938831329346
1993-07-09,4.597747802734375
1993-07-12,4.5141520500183105
1993-07-13,4.5141520500183105
1993-07-14,4.542017936706543
1993-07-15,4.486286640167236
1993-07-16,4.45842170715332
1993-07-19,4.45842170715332
1993-07-20,4.430556297302246
1993-07-21,4.45842170715332
1993-07-22,4.430556297302246
1993-07-23,4.430556297302246
1993-07-26,4.45842170715332
1993-07-27,4.625612735748291
1993-07-28,4.569883346557617
1993-07-29,4.653478145599365
1993-07-30,4.569883346557617
1993-08-02,4.486286640167236
1993-08-03,4.5141520500183105
1993-08-04,4.45842170715332
1993-08-05,4.45842170715332
1993-08-06,4.45842170715332
1993-08-09,4.5141520500183105
1993-08-10,4.542017936706543
1993-08-11,4.542017936706543
1993-08-12,4.597747802734375
1993-08-13,4.542017936706543
1993-08-16,4.569883346557617
1993-08-17,4.542017936706543
1993-08-18,4.542017936706543
1993-08-19,4.597747802734375
1993-08-20,4.542017936706543
1993-08-23,4.5141520500183105
1993-08-24,4.486286640167236
1993-08-25,4.5141520500183105
1993-08-26,4.486286640167236
1993-08-27,4.486286640167236
1993-08-30,4.45842170715332
1993-08-31,4.486286640167236
1993-09-01,4.542017936706543
1993-09-02,4.542017936706543
1993-09-03,4.5141520500183105
1993-09-07,4.625612735748291
1993-09-08,4.7370734214782715
1993-09-09,4.7092084884643555
1993-09-10,4.84853458404541
1993-09-13,4.876399040222168
1993-09-14,4.764938831329346
1993-09-15,4.792803764343262
1993-09-16,5.015723705291748
1993-09-17,4.987859725952148
1993-09-20,4.792803764343262
1993-09-21,4.7370734214782715
1993-09-22,4.7092084884643555
1993-09-23,4.764938831329346
1993-09-24,4.764938831329346
1993-09-27,4.7092084884643555
1993-09-28,4.7092084884643555
1993-09-29,4.7370734214782715
1993-09-30,4.7370734214782715
1993-10-01,4.7092084884643555
1993-10-04,4.764938831329346
1993-10-05,4.932129859924316
1993-10-06,4.876399040222168
1993-10-07,5.127185344696045
1993-10-08,5.127185344696045
1993-10-11,5.433701038360596
1993-10-12,5.9910054206848145
1993-10-13,5.628757476806641
1993-10-14,5.489433288574219
1993-10-15,5.573026657104492
1993-10-18,5.545162200927734
1993-10-19,5.433701038360596
1993-10-20,5.489433288574219
1993-10-21,5.573026657104492
1993-10-22,5.517297744750977
1993-10-25,5.37797212600708
1993-10-26,5.37797212600708
1993-10-27,5.489433288574219
1993-10-28,5.628757476806641
1993-10-29,5.628757476806641
1993-11-01,5.684488296508789
1993-11-02,5.935274600982666
1993-11-03,6.3532514572143555
1993-11-04,6.3532514572143555
1993-11-05,5.795949935913086
1993-11-08,5.628757476806641
1993-11-09,5.37797212600708
1993-11-10,5.768083572387695
1993-11-11,5.907409191131592
1993-11-12,5.963140487670898
1993-11-15,5.907409191131592
1993-11-16,5.907409191131592
1993-11-17,5.907409191131592
1993-11-18,5.907409191131592
1993-11-19,5.907409191131592
1993-11-22,5.573026657104492
1993-11-23,5.517297744750977
1993-11-24,5.545162200927734
1993-11-26,5.573026657104492
1993-11-29,6.050332069396973
1993-11-30,6.022322177886963
1993-12-01,5.938287734985352
1993-12-02,6.190384387969971
1993-12-03,5.994311332702637
1993-12-06,6.246407985687256
1993-12-07,6.218396186828613
1993-12-08,6.246407985687256
1993-12-09,6.162375450134277
1993-12-10,6.050332069396973
1993-12-13,6.470494747161865
1993-12-14,6.862644195556641
1993-12-15,7.254794120788574
1993-12-16,7.674957752227783
1993-12-17,7.226784706115723
1993-12-20,6.918665409088135
1993-12-21,7.562914848327637
1993-12-22,8.067110061645508
1993-12-23,7.871033191680908
1993-12-27,8.291194915771484
1993-12-28,8.459259033203125
1993-12-29,8.12313175201416
1993-12-30,8.487271308898926
1993-12-31,8.767378807067871
1994-01-03,8.515280723571777
1994-01-04,8.347216606140137
1994-01-05,8.73936939239502
1994-01-06,8.235174179077148
1994-01-07,8.039098739624023
1994-01-10,7.983077526092529
1994-01-11,7.702968120574951
1994-01-12,7.3388285636901855
1994-01-13,7.114740371704102
1994-01-14,7.3668389320373535
1994-01-17,7.3948493003845215
1994-01-18,7.5349040031433105
1994-01-19,7.787001132965088
1994-01-20,7.450870990753174
1994-01-21,7.646945953369141
1994-01-24,7.646945953369141
1994-01-25,7.646945953369141
1994-01-26,7.730978965759277
1994-01-27,7.730978965759277
1994-01-28,7.758990287780762
1994-01-31,7.815012454986572
1994-02-01,7.674957752227783
1994-02-02,7.674957752227783
1994-02-03,7.787001132965088
1994-02-04,7.3388285636901855
1994-02-07,7.254794120788574
1994-02-08,7.226784706115723
1994-02-09,7.1987738609313965
1994-02-10,7.282806396484375
1994-02-11,7.114740371704102
1994-02-14,6.9466776847839355
1994-02-15,7.00269889831543
1994-02-16,6.890656471252441
1994-02-17,7.030709743499756
1994-02-18,6.890656471252441
1994-02-22,6.582535743713379
1994-02-23,6.638558387756348
1994-02-24,6.386460304260254
1994-02-25,6.078342914581299
1994-02-28,5.882266044616699
1994-03-01,5.602158546447754
1994-03-02,5.518126487731934
1994-03-03,5.658179759979248
1994-03-04,5.910277843475342
1994-03-07,6.302428722381592
1994-03-08,6.022322177886963
1994-03-09,5.770223140716553
1994-03-10,5.546137809753418
1994-03-11,5.546137809753418
1994-03-14,5.602158546447754
1994-03-15,5.602158546447754
1994-03-16,5.686191082000732
1994-03-17,6.106353759765625
1994-03-18,5.8262457847595215
1994-03-21,5.714202404022217
1994-03-22,5.770223140716553
1994-03-23,5.714202404022217
1994-03-24,5.658179759979248
1994-03-25,5.602158546447754
1994-03-28,5.546137809753418
1994-03-29,5.518126487731934
1994-03-30,5.434094429016113
1994-03-31,5.434094429016113
1994-04-04,5.3780717849731445
1994-04-05,5.910277843475342
1994-04-06,5.770223140716553
1994-04-07,5.8262457847595215
1994-04-08,5.966299057006836
1994-04-11,6.022322177886963
1994-04-12,6.022322177886963
1994-04-13,6.106353759765625
1994-04-14,6.190384387969971
1994-04-15,6.638558387756348
1994-04-18,6.358449459075928
1994-04-19,6.470494747161865
1994-04-20,6.358449459075928
1994-04-21,6.246407985687256
1994-04-22,6.330438613891602
1994-04-25,6.386460304260254
1994-04-26,6.414471626281738
1994-04-28,6.274417877197266
1994-04-29,6.330438613891602
1994-05-02,6.330438613891602
1994-05-03,6.134363651275635
1994-05-04,6.246407985687256
1994-05-05,6.246407985687256
1994-05-06,6.218396186828613
1994-05-09,6.336681365966797
1994-05-10,6.308518409729004
1994-05-11,6.364843845367432
1994-05-12,6.364843845367432
1994-05-13,6.730964660644531
1994-05-16,6.843615531921387
1994-05-17,6.759126663208008
1994-05-18,6.787289142608643
1994-05-19,6.815452575683594
1994-05-20,6.815452575683594
1994-05-23,6.843615531921387
1994-05-24,6.759126663208008
1994-05-25,6.618311405181885
1994-05-26,6.759126663208008
1994-05-27,6.787289142608643
1994-05-31,6.730964660644531
1994-06-01,6.787289142608643
1994-06-02,6.787289142608643
1994-06-03,6.730964660644531
1994-06-06,6.759126663208008
1994-06-07,6.815452575683594
1994-06-08,6.759126663208008
1994-06-09,6.590148448944092
1994-06-10,6.618311405181885
1994-06-13,6.561984539031982
1994-06-14,6.561984539031982
1994-06-15,6.533822536468506
1994-06-16,6.47749662399292
1994-06-17,6.421169281005859
1994-06-20,6.364843845367432
1994-06-21,6.083214282989502
1994-06-22,6.167703151702881
1994-06-23,6.111377239227295
1994-06-24,6.026889801025391
1994-06-27,6.055052280426025
1994-06-28,6.026889801025391
1994-06-29,6.055052280426025
1994-06-30,6.055052280426025
1994-07-01,6.055052280426025
1994-07-05,6.195866584777832
1994-07-06,6.421169281005859
1994-07-07,6.421169281005859
1994-07-08,6.590148448944092
1994-07-11,6.674637794494629
1994-07-12,6.759126663208008
1994-07-13,6.87177848815918
1994-07-14,6.674637794494629
1994-07-15,6.8999409675598145
1994-07-18,6.8999409675598145
1994-07-19,6.759126663208008
1994-07-20,6.561984539031982
1994-07-21,6.702800750732422
1994-07-22,6.674637794494629
1994-07-25,6.759126663208008
1994-07-26,6.87177848815918
1994-07-27,6.843615531921387
1994-07-28,6.92810583114624
1994-07-29,7.294223308563232
1994-08-01,7.435038089752197
1994-08-02,7.153407096862793
1994-08-03,6.815452575683594
1994-08-04,6.87177848815918
1994-08-05,7.125246047973633
1994-08-08,7.4068756103515625
1994-08-09,7.378713607788086
1994-08-10,7.097084045410156
1994-08-11,6.87177848815918
1994-08-12,6.702800750732422
1994-08-15,6.730964660644531
1994-08-16,6.87177848815918
1994-08-17,7.040757179260254
1994-08-18,6.8999409675598145
1994-08-19,7.097084045410156
1994-08-22,7.266062259674072
1994-08-23,7.153407096862793
1994-08-24,7.266062259674072
1994-08-25,7.1815714836120605
1994-08-26,7.1815714836120605
1994-08-29,7.153407096862793
1994-08-30,7.125246047973633
1994-08-31,7.1815714836120605
1994-09-01,7.097084045410156
1994-09-02,7.040757179260254
1994-09-06,6.8999409675598145
1994-09-07,6.843615531921387
1994-09-08,6.843615531921387
1994-09-09,6.87177848815918
1994-09-12,6.6464738845825195
1994-09-13,6.674637794494629
1994-09-14,6.702800750732422
1994-09-15,6.618311405181885
1994-09-16,6.561984539031982
1994-09-19,6.590148448944092
1994-09-20,6.561984539031982
1994-09-21,6.590148448944092
1994-09-22,6.393006324768066
1994-09-23,6.47749662399292
1994-09-26,6.47749662399292
1994-09-27,6.505660533905029
1994-09-28,6.561984539031982
1994-09-29,6.92810583114624
1994-09-30,6.87177848815918
1994-10-03,6.956267356872559
1994-10-04,6.6464738845825195
1994-10-05,6.336681365966797
1994-10-06,6.195866584777832
1994-10-07,6.505660533905029
1994-10-10,6.421169281005859
1994-10-11,6.505660533905029
1994-10-12,6.421169281005859
1994-10-13,6.4493327140808105
1994-10-14,6.47749662399292
1994-10-17,6.336681365966797
1994-10-18,6.505660533905029
1994-10-19,6.4493327140808105
1994-10-20,6.336681365966797
1994-10-21,6.336681365966797
1994-10-24,6.393006324768066
1994-10-25,6.336681365966797
1994-10-26,6.252192974090576
1994-10-27,6.195866584777832
1994-10-28,6.280355930328369
1994-10-31,6.195866584777832
1994-11-01,6.026889801025391
1994-11-02,6.026889801025391
1994-11-03,6.026889801025391
1994-11-04,5.942399501800537
1994-11-07,5.914235591888428
1994-11-08,5.886073589324951
1994-11-09,6.055052280426025
1994-11-10,6.026889801025391
1994-11-11,6.083214282989502
1994-11-14,6.167703151702881
1994-11-15,6.139540672302246
1994-11-16,5.998724460601807
1994-11-17,5.942399501800537
1994-11-18,5.970561504364014
1994-11-21,5.914235591888428
1994-11-22,5.74525785446167
1994-11-23,5.74525785446167
1994-11-25,5.886073589324951
1994-11-28,5.74525785446167
1994-11-29,5.717095375061035
1994-11-30,5.688930988311768
1994-12-01,5.829746246337891
1994-12-02,6.083214282989502
1994-12-05,6.47749662399292
1994-12-06,6.224027633666992
1994-12-07,6.224027633666992
1994-12-08,5.942399501800537
1994-12-09,6.195866584777832
1994-12-12,6.139540672302246
1994-12-13,6.167703151702881
1994-12-14,6.139540672302246
1994-12-15,6.252192974090576
1994-12-16,6.4493327140808105
1994-12-19,6.505660533905029
1994-12-20,6.533822536468506
1994-12-21,6.533822536468506
1994-12-22,6.590148448944092
1994-12-23,6.533822536468506
1994-12-27,6.533822536468506
1994-12-28,6.47749662399292
1994-12-29,6.47749662399292
1994-12-30,6.505660533905029
1995-01-03,6.336681365966797
1995-01-04,6.167703151702881
1995-01-05,6.393006324768066
1995-01-06,6.364843845367432
1995-01-09,6.336681365966797
1995-01-10,6.055052280426025
1995-01-11,6.055052280426025
1995-01-12,5.801583766937256
1995-01-13,5.942399501800537
1995-01-16,5.914235591888428
1995-01-17,5.914235591888428
1995-01-18,6.139540672302246
1995-01-19,6.280355930328369
1995-01-20,5.998724460601807
1995-01-23,5.857909679412842
1995-01-24,5.857909679412842
1995-01-25,5.942399501800537
1995-01-26,5.970561504364014
1995-01-27,6.252192974090576
1995-01-30,6.421169281005859
1995-01-31,5.21381950378418
1995-02-01,5.157453536987305
1995-02-02,5.21381950378418
1995-02-03,5.382915019989014
1995-02-06,5.326550006866455
1995-02-07,5.270184516906738
1995-02-08,5.298367500305176
1995-02-09,5.242002010345459
1995-02-10,5.21381950378418
1995-02-13,5.242002010345459
1995-02-14,5.157453536987305
1995-02-15,5.242002010345459
1995-02-16,5.242002010345459
1995-02-17,5.270184516906738
1995-02-21,5.326550006866455
1995-02-22,5.298367500305176
1995-02-23,5.354732513427734
1995-02-24,5.326550006866455
1995-02-27,5.298367500305176
1995-02-28,5.354732513427734
1995-03-01,5.298367500305176
1995-03-02,5.185636520385742
1995-03-03,5.185636520385742
1995-03-06,5.016539096832275
1995-03-07,4.734711647033691
1995-03-08,4.537431240081787
1995-03-09,4.565614700317383
1995-03-10,4.79107666015625
1995-03-13,4.734711647033691
1995-03-14,4.734711647033691
1995-03-15,4.988356113433838
1995-03-16,5.016539096832275
1995-03-17,4.960174083709717
1995-03-20,4.9319915771484375
1995-03-21,4.847443580627441
1995-03-22,4.734711647033691
1995-03-23,4.762894153594971
1995-03-24,4.678345203399658
1995-03-27,4.8192596435546875
1995-03-28,4.734711647033691
1995-03-29,4.734711647033691
1995-03-30,4.734711647033691
1995-03-31,4.734711647033691
1995-04-03,4.762894153594971
1995-04-04,4.678345203399658
1995-04-05,4.621979713439941
1995-04-06,4.565614700317383
1995-04-07,4.650163173675537
1995-04-10,4.875624656677246
1995-04-11,4.762894153594971
1995-04-12,4.79107666015625
1995-04-13,4.8192596435546875
1995-04-17,4.79107666015625
1995-04-18,4.875624656677246
1995-04-19,4.875624656677246
1995-04-20,4.875624656677246
1995-04-21,4.875624656677246
1995-04-24,4.90380859375
1995-04-25,4.847443580627441
1995-04-26,4.79107666015625
1995-04-27,4.9319915771484375
1995-04-28,4.847443580627441
1995-05-01,4.79107666015625
1995-05-02,4.79107666015625
1995-05-03,4.875624656677246
1995-05-04,4.9319915771484375
1995-05-05,4.762894153594971
1995-05-08,4.762894153594971
1995-05-09,4.8192596435546875
1995-05-10,4.8192596435546875
1995-05-11,4.90380859375
1995-05-12,4.988356113433838
1995-05-15,5.101088047027588
1995-05-16,5.072903633117676
1995-05-17,5.072903633117676
1995-05-18,5.044722557067871
1995-05-19,5.072903633117676
1995-05-22,5.101088047027588
1995-05-23,5.157453536987305
1995-05-24,5.101088047027588
1995-05-25,4.988356113433838
1995-05-26,5.016539096832275
1995-05-30,5.072903633117676
1995-05-31,5.072903633117676
1995-06-01,5.242002010345459
1995-06-02,5.185636520385742
1995-06-05,5.270184516906738
1995-06-06,5.298367500305176
1995-06-07,5.354732513427734
1995-06-08,5.326550006866455
1995-06-09,5.298367500305176
1995-06-12,5.298367500305176
1995-06-13,5.157453536987305
1995-06-14,5.044722557067871
1995-06-15,4.988356113433838
1995-06-16,5.101088047027588
1995-06-19,4.988356113433838
1995-06-20,4.988356113433838
1995-06-21,5.044722557067871
1995-06-22,4.678345203399658
1995-06-23,4.762894153594971
1995-06-26,4.762894153594971
1995-06-27,4.847443580627441
1995-06-28,4.8192596435546875
1995-06-29,4.90380859375
1995-06-30,4.9319915771484375
1995-07-03,4.875624656677246
1995-07-05,4.988356113433838
1995-07-06,5.044722557067871
1995-07-07,5.242002010345459
1995-07-10,5.326550006866455
1995-07-11,5.354732513427734
1995-07-12,5.411097526550293
1995-07-13,5.552012920379639
1995-07-14,5.467464923858643
1995-07-17,5.129270553588867
1995-07-18,4.847443580627441
1995-07-19,4.678345203399658
1995-07-20,4.706529140472412
1995-07-21,4.875624656677246
1995-07-24,4.847443580627441
1995-07-25,4.875624656677246
1995-07-26,4.90380859375
1995-07-27,5.270184516906738
1995-07-28,4.734711647033691
1995-07-31,4.565614700317383
1995-08-01,4.734711647033691
1995-08-02,4.678345203399658
1995-08-03,4.734711647033691
1995-08-04,4.678345203399658
1995-08-07,4.678345203399658
1995-08-08,4.706529140472412
1995-08-09,4.678345203399658
1995-08-10,4.621979713439941
1995-08-11,4.706529140472412
1995-08-14,4.706529140472412
1995-08-15,4.734711647033691
1995-08-16,4.988356113433838
1995-08-17,5.072903633117676
1995-08-18,4.988356113433838
1995-08-21,4.960174083709717
1995-08-22,4.960174083709717
1995-08-23,4.9319915771484375
1995-08-24,4.8192596435546875
1995-08-25,4.847443580627441
1995-08-28,4.8192596435546875
1995-08-29,4.875624656677246
1995-08-30,4.875624656677246
1995-08-31,4.875624656677246
1995-09-01,4.875624656677246
1995-09-05,4.90380859375
1995-09-06,4.988356113433838
1995-09-07,4.988356113433838
1995-09-08,5.016539096832275
1995-09-11,4.988356113433838
1995-09-12,4.988356113433838
1995-09-13,4.988356113433838
1995-09-14,4.988356113433838
1995-09-15,5.016539096832275
1995-09-18,5.044722557067871
1995-09-19,5.072903633117676
1995-09-20,5.129270553588867
1995-09-21,5.101088047027588
1995-09-22,5.101088047027588
1995-09-25,5.101088047027588
1995-09-26,5.129270553588867
1995-09-27,5.044722557067871
1995-09-28,5.044722557067871
1995-09-29,5.044722557067871
1995-10-02,5.044722557067871
1995-10-03,5.044722557067871
1995-10-04,5.044722557067871
1995-10-05,5.157453536987305
1995-10-06,5.298367500305176
1995-10-09,5.270184516906738
1995-10-10,5.072903633117676
1995-10-11,5.129270553588867
1995-10-12,5.242002010345459
1995-10-13,5.157453536987305
1995-10-16,5.044722557067871
1995-10-17,5.016539096832275
1995-10-18,4.960174083709717
1995-10-19,4.9319915771484375
1995-10-20,4.90380859375
1995-10-23,4.847443580627441
1995-10-24,4.847443580627441
1995-10-25,4.875624656677246
1995-10-26,4.79107666015625
1995-10-27,4.960174083709717
1995-10-30,4.875624656677246
1995-10-31,4.9319915771484375
1995-11-01,4.875624656677246
1995-11-02,4.90380859375
1995-11-03,4.875624656677246
1995-11-06,4.762894153594971
1995-11-07,4.734711647033691
1995-11-08,4.621979713439941
1995-11-09,4.48106575012207
1995-11-10,4.48106575012207
1995-11-13,4.48106575012207
1995-11-14,4.59379768371582
1995-11-15,4.678345203399658
1995-11-16,4.706529140472412
1995-11-17,4.621979713439941
1995-11-20,4.50924825668335
1995-11-21,4.50924825668335
1995-11-22,4.537431240081787
1995-11-24,4.537431240081787
1995-11-27,4.678345203399658
1995-11-28,4.621979713439941
1995-11-29,4.565614700317383
1995-11-30,4.621979713439941
1995-12-01,4.734711647033691
1995-12-04,4.79107666015625
1995-12-05,4.621979713439941
1995-12-06,4.650163173675537
1995-12-07,4.537431240081787
1995-12-08,4.59379768371582
1995-12-11,4.50924825668335
1995-12-12,4.565614700317383
1995-12-13,4.650163173675537
1995-12-14,4.706529140472412
1995-12-15,4.621979713439941
1995-12-18,4.565614700317383
1995-12-19,4.50924825668335
1995-12-20,4.565614700317383
1995-12-21,4.678345203399658
1995-12-22,4.650163173675537
1995-12-26,4.59379768371582
1995-12-27,4.678345203399658
1995-12-28,4.650163173675537
1995-12-29,4.621979713439941
1996-01-02,4.711124420166016
1996-01-03,5.331751823425293
1996-01-04,4.823965549468994
1996-01-05,4.795755863189697
1996-01-08,4.8803863525390625
1996-01-09,4.823965549468994
1996-01-10,4.795755863189697
1996-01-11,5.021437644958496
1996-01-12,5.077857971191406
1996-01-15,5.077857971191406
1996-01-16,4.8803863525390625
1996-01-17,4.795755863189697
1996-01-18,4.6829142570495605
1996-01-19,4.767545700073242
1996-01-22,4.739335536956787
1996-01-23,4.767545700073242
1996-01-24,4.711124420166016
1996-01-25,4.6829142570495605
1996-01-26,4.6547040939331055
1996-01-29,4.541862487792969
1996-01-30,4.598283767700195
1996-01-31,4.5136518478393555
1996-02-01,4.570072650909424
1996-02-02,4.541862487792969
1996-02-05,4.62649393081665
1996-02-06,4.598283767700195
1996-02-07,4.598283767700195
1996-02-08,4.5136518478393555
1996-02-09,4.570072650909424
1996-02-12,4.795755863189697
1996-02-13,4.993227481842041
1996-02-14,4.965017795562744
1996-02-15,4.965017795562744
1996-02-16,4.993227481842041
1996-02-20,4.908597469329834
1996-02-21,4.908597469329834
1996-02-22,4.965017795562744
1996-02-23,4.965017795562744
1996-02-26,4.965017795562744
1996-02-27,4.795755863189697
1996-02-28,4.852176666259766
1996-02-29,4.767545700073242
1996-03-01,4.908597469329834
1996-03-04,4.8803863525390625
1996-03-05,4.711124420166016
1996-03-06,4.62649393081665
1996-03-07,4.739335536956787
1996-03-08,4.541862487792969
1996-03-11,4.5136518478393555
1996-03-12,4.485442161560059
1996-03-13,4.739335536956787
1996-03-14,4.8803863525390625
1996-03-15,4.936808109283447
1996-03-18,4.908597469329834
1996-03-19,4.852176666259766
1996-03-20,4.965017795562744
1996-03-21,4.993227481842041
1996-03-22,5.021437644958496
1996-03-25,5.077857971191406
1996-03-26,5.077857971191406
1996-03-27,5.077857971191406
1996-03-28,5.106069087982178
1996-03-29,5.134279727935791
1996-04-01,5.162489414215088
1996-04-02,5.2471208572387695
1996-04-03,5.30354118347168
1996-04-04,5.30354118347168
1996-04-08,5.472803592681885
1996-04-09,5.501013278961182
1996-04-10,5.5856451988220215
1996-04-11,5.501013278961182
1996-04-12,5.642065525054932
1996-04-15,5.642065525054932
1996-04-16,5.529224872589111
1996-04-17,5.55743408203125
1996-04-18,5.44459342956543
1996-04-19,5.416382789611816
1996-04-22,5.472803592681885
1996-04-23,5.416382789611816
1996-04-24,5.501013278961182
1996-04-25,5.416382789611816
1996-04-26,5.416382789611816
1996-04-29,5.30354118347168
1996-04-30,5.2189106941223145
1996-05-01,5.162489414215088
1996-05-02,5.134279727935791
1996-05-03,5.2471208572387695
1996-05-06,5.190700531005859
1996-05-07,5.2189106941223145
1996-05-08,5.134279727935791
1996-05-09,5.134279727935791
1996-05-10,5.30354118347168
1996-05-13,5.30354118347168
1996-05-14,5.331751823425293
1996-05-15,5.275331020355225
1996-05-16,5.162489414215088
1996-05-17,5.077857971191406
1996-05-20,5.049648761749268
1996-05-21,5.077857971191406
1996-05-22,5.077857971191406
1996-05-23,5.134279727935791
1996-05-24,5.134279727935791
1996-05-28,5.049648761749268
1996-05-29,4.936808109283447
1996-05-30,4.936808109283447
1996-05-31,5.049648761749268
1996-06-03,4.993227481842041
1996-06-04,4.908597469329834
1996-06-05,4.936808109283447
1996-06-06,4.965017795562744
1996-06-07,4.965017795562744
1996-06-10,5.190700531005859
1996-06-11,5.275331020355225
1996-06-12,5.359962463378906
1996-06-13,5.44459342956543
1996-06-14,5.388171672821045
1996-06-17,5.416382789611816
1996-06-18,5.30354118347168
1996-06-19,5.359962463378906
1996-06-20,5.331751823425293
1996-06-21,5.331751823425293
1996-06-24,5.359962463378906
1996-06-25,5.30354118347168
1996-06-26,5.275331020355225
1996-06-27,5.416382789611816
1996-06-28,5.416382789611816
1996-07-01,5.388171672821045
1996-07-02,5.359962463378906
1996-07-03,5.331751823425293
1996-07-05,5.30354118347168
1996-07-08,5.2471208572387695
1996-07-09,5.331751823425293
1996-07-10,5.2189106941223145
1996-07-11,5.162489414215088
1996-07-12,5.2471208572387695
1996-07-15,5.021437644958496
1996-07-16,4.965017795562744
1996-07-17,5.106069087982178
1996-07-18,5.134279727935791
1996-07-19,5.162489414215088
1996-07-22,5.106069087982178
1996-07-23,4.852176666259766
1996-07-24,4.852176666259766
1996-07-25,4.908597469329834
1996-07-26,4.8803863525390625
1996-07-29,4.908597469329834
1996-07-30,4.936808109283447
1996-07-31,4.965017795562744
1996-08-01,5.021437644958496
1996-08-02,5.162489414215088
1996-08-05,5.134279727935791
1996-08-06,5.275331020355225
1996-08-07,5.134279727935791
1996-08-08,5.134279727935791
1996-08-09,5.162489414215088
1996-08-12,5.190700531005859
1996-08-13,5.2189106941223145
1996-08-14,5.30354118347168
1996-08-15,5.275331020355225
1996-08-16,5.2471208572387695
1996-08-19,5.162489414215088
1996-08-20,5.275331020355225
1996-08-21,5.331751823425293
1996-08-22,5.359962463378906
1996-08-23,5.388171672821045
1996-08-26,5.30354118347168
1996-08-27,5.275331020355225
1996-08-28,5.331751823425293
1996-08-29,5.359962463378906
1996-08-30,5.30354118347168
1996-09-03,5.2189106941223145
1996-09-04,5.162489414215088
1996-09-05,5.275331020355225
1996-09-06,5.30354118347168
1996-09-09,5.30354118347168
1996-09-10,5.275331020355225
1996-09-11,5.30354118347168
1996-09-12,5.2471208572387695
1996-09-13,5.2471208572387695
1996-09-16,5.275331020355225
1996-09-17,5.275331020355225
1996-09-18,5.2189106941223145
1996-09-19,5.106069087982178
1996-09-20,5.134279727935791
1996-09-23,5.162489414215088
1996-09-24,5.2471208572387695
1996-09-25,5.190700531005859
1996-09-26,5.2189106941223145
1996-09-27,5.2189106941223145
1996-09-30,5.2189106941223145
1996-10-01,5.2189106941223145
1996-10-02,5.2471208572387695
1996-10-03,5.275331020355225
1996-10-04,5.2471208572387695
1996-10-07,5.2471208572387695
1996-10-08,5.190700531005859
1996-10-09,5.275331020355225
1996-10-10,5.30354118347168
1996-10-11,5.2189106941223145
1996-10-14,5.2189106941223145
1996-10-15,5.162489414215088
1996-10-16,5.021437644958496
1996-10-17,4.993227481842041
1996-10-18,5.021437644958496
1996-10-21,4.965017795562744
1996-10-22,4.908597469329834
1996-10-23,4.908597469329834
1996-10-24,4.936808109283447
1996-10-25,4.8803863525390625
1996-10-28,4.823965549468994
1996-10-29,4.767545700073242
1996-10-30,4.795755863189697
1996-10-31,4.823965549468994
1996-11-01,4.767545700073242
1996-11-04,4.852176666259766
1996-11-05,4.823965549468994
1996-11-06,4.739335536956787
1996-11-07,4.795755863189697
1996-11-08,4.795755863189697
1996-11-11,4.795755863189697
1996-11-12,4.823965549468994
1996-11-13,4.823965549468994
1996-11-14,4.8803863525390625
1996-11-15,4.8803863525390625
1996-11-18,4.936808109283447
1996-11-19,5.049648761749268
1996-11-20,5.077857971191406
1996-11-21,5.077857971191406
1996-11-22,5.190700531005859
1996-11-25,5.2471208572387695
1996-11-26,5.2471208572387695
1996-11-27,5.388171672821045
1996-11-29,5.190700531005859
1996-12-02,5.30354118347168
1996-12-03,5.2471208572387695
1996-12-04,5.134279727935791
1996-12-05,5.077857971191406
1996-12-06,5.021437644958496
1996-12-09,4.936808109283447
1996-12-10,4.965017795562744
1996-12-11,4.852176666259766
1996-12-12,4.936808109283447
1996-12-13,4.993227481842041
1996-12-16,5.077857971191406
1996-12-17,5.049648761749268
1996-12-18,5.049648761749268
1996-12-19,5.049648761749268
1996-12-20,5.134279727935791
1996-12-23,5.162489414215088
1996-12-24,5.1358513832092285
1996-12-26,5.07941198348999
1996-12-27,4.99475622177124
1996-12-30,5.022974967956543
1996-12-31,5.022974967956543
1997-01-02,4.99475622177124
1997-01-03,5.1358513832092285
1997-01-06,5.276946067810059
1997-01-07,5.248727321624756
1997-01-08,5.276946067810059
1997-01-09,5.361602783203125
1997-01-10,5.361602783203125
1997-01-13,5.44625997543335
1997-01-14,5.3898210525512695
1997-01-15,5.276946067810059
1997-01-16,5.276946067810059
1997-01-17,5.305164813995361
1997-01-20,5.361602783203125
1997-01-21,5.333383560180664
1997-01-22,5.305164813995361
1997-01-23,5.1358513832092285
1997-01-24,5.1358513832092285
1997-01-27,5.1358513832092285
1997-01-28,5.192289352416992
1997-01-29,5.1358513832092285
1997-01-30,5.164069652557373
1997-01-31,5.276946067810059
1997-02-03,5.276946067810059
1997-02-04,5.192289352416992
1997-02-05,5.220508098602295
1997-02-06,5.220508098602295
1997-02-07,5.276946067810059
1997-02-10,5.276946067810059
1997-02-11,5.248727321624756
1997-02-12,5.333383560180664
1997-02-13,5.474478721618652
1997-02-14,5.474478721618652
1997-02-18,5.44625997543335
1997-02-19,5.474478721618652
1997-02-20,5.530917167663574
1997-02-21,5.728448867797852
1997-02-24,5.841324806213379
1997-02-25,5.86954402923584
1997-02-26,5.700229644775391
1997-02-27,5.643792629241943
1997-02-28,5.643792629241943
1997-03-03,5.643792629241943
1997-03-04,5.615574359893799
1997-03-05,5.643792629241943
1997-03-06,5.643792629241943
1997-03-07,5.615574359893799
1997-03-10,5.530917167663574
1997-03-11,5.530917167663574
1997-03-12,5.615574359893799
1997-03-13,5.530917167663574
1997-03-14,5.672011375427246
1997-03-17,5.841324806213379
1997-03-18,5.841324806213379
1997-03-19,5.700229644775391
1997-03-20,5.643792629241943
1997-03-21,5.474478721618652
1997-03-24,5.333383560180664
1997-03-25,5.44625997543335
1997-03-26,5.530917167663574
1997-03-27,5.530917167663574
1997-03-31,5.559135437011719
1997-04-01,5.559135437011719
1997-04-02,5.615574359893799
1997-04-03,5.672011375427246
1997-04-04,5.700229644775391
1997-04-07,5.897763729095459
1997-04-08,5.841324806213379
1997-04-09,5.982419013977051
1997-04-10,5.954202175140381
1997-04-11,5.841324806213379
1997-04-14,5.841324806213379
1997-04-15,5.841324806213379
1997-04-16,5.813106060028076
1997-04-17,5.756668567657471
1997-04-18,5.587355136871338
1997-04-21,5.643792629241943
1997-04-22,5.672011375427246
1997-04-23,5.813106060028076
1997-04-24,5.841324806213379
1997-04-25,5.841324806213379
1997-04-28,5.756668567657471
1997-04-29,5.728448867797852
1997-04-30,5.672011375427246
1997-05-01,5.643792629241943
1997-05-02,5.418040752410889
1997-05-05,5.502697467803955
1997-05-06,5.474478721618652
1997-05-07,5.502697467803955
1997-05-08,5.44625997543335
1997-05-09,5.3898210525512695
1997-05-12,5.276946067810059
1997-05-13,5.192289352416992
1997-05-14,5.305164813995361
1997-05-15,5.276946067810059
1997-05-16,5.361602783203125
1997-05-19,5.305164813995361
1997-05-20,5.333383560180664
1997-05-21,5.361602783203125
1997-05-22,5.44625997543335
1997-05-23,5.44625997543335
1997-05-27,5.333383560180664
1997-05-28,5.248727321624756
1997-05-29,5.248727321624756
1997-05-30,5.333383560180664
1997-06-02,5.3898210525512695
1997-06-03,5.361602783203125
1997-06-04,5.361602783203125
1997-06-05,5.305164813995361
1997-06-06,5.361602783203125
1997-06-09,5.418040752410889
1997-06-10,5.3898210525512695
1997-06-11,5.333383560180664
1997-06-12,5.305164813995361
1997-06-13,5.361602783203125
1997-06-16,5.502697467803955
1997-06-17,5.643792629241943
1997-06-18,5.643792629241943
1997-06-19,5.530917167663574
1997-06-20,5.700229644775391
1997-06-23,5.643792629241943
1997-06-24,5.643792629241943
1997-06-25,5.672011375427246
1997-06-26,5.601463794708252
1997-06-27,5.728448867797852
1997-06-30,5.700229644775391
1997-07-01,5.714338779449463
1997-07-02,5.700229644775391
1997-07-03,5.742557048797607
1997-07-07,5.855435848236084
1997-07-08,5.841324806213379
1997-07-09,5.78488826751709
1997-07-10,5.86954402923584
1997-07-11,5.728448867797852
1997-07-14,5.756668567657471
1997-07-15,5.672011375427246
1997-07-16,5.686121940612793
1997-07-17,5.65790319442749
1997-07-18,5.672011375427246
1997-07-21,5.686121940612793
1997-07-22,5.615574359893799
1997-07-23,5.502697467803955
1997-07-24,5.559135437011719
1997-07-25,5.65790319442749
1997-07-28,5.686121940612793
1997-07-29,5.672011375427246
1997-07-30,5.65790319442749
1997-07-31,5.559135437011719
1997-08-01,5.559135437011719
1997-08-04,5.686121940612793
1997-08-05,5.686121940612793
1997-08-06,5.672011375427246
1997-08-07,5.629683017730713
1997-08-08,5.65790319442749
1997-08-11,5.672011375427246
1997-08-12,5.728448867797852
1997-08-13,5.615574359893799
1997-08-14,5.65790319442749
1997-08-15,5.714338779449463
1997-08-18,5.742557048797607
1997-08-19,5.770778179168701
1997-08-20,6.095296859741211
1997-08-21,6.123515605926514
1997-08-22,6.137622356414795
1997-08-25,6.2646098136901855
1997-08-26,6.4198150634765625
1997-08-27,6.391594409942627
1997-08-28,6.109405517578125
1997-08-29,5.770778179168701
1997-09-02,5.897763729095459
1997-09-03,5.954202175140381
1997-09-04,5.770778179168701
1997-09-05,5.86954402923584
1997-09-08,5.883654594421387
1997-09-09,5.954202175140381
1997-09-10,5.86954402923584
1997-09-11,5.855435848236084
1997-09-12,5.925981521606445
1997-09-15,5.86954402923584
1997-09-16,5.925981521606445
1997-09-17,5.9683098793029785
1997-09-18,6.06707763671875
1997-09-19,6.095296859741211
1997-09-22,6.151733875274658
1997-09-23,6.0811872482299805
1997-09-24,6.179952144622803
1997-09-25,6.0811872482299805
1997-09-26,6.0388593673706055
1997-09-29,5.940091609954834
1997-09-30,5.728448867797852
1997-10-01,5.672011375427246
1997-10-02,5.643792629241943
1997-10-03,5.573245048522949
1997-10-06,5.573245048522949
1997-10-07,5.488588809967041
1997-10-08,5.44625997543335
1997-10-09,5.488588809967041
1997-10-10,5.502697467803955
1997-10-13,5.530917167663574
1997-10-14,5.516807556152344
1997-10-15,5.474478721618652
1997-10-16,5.3898210525512695
1997-10-17,4.966537952423096
1997-10-20,4.670238494873047
1997-10-21,4.910099983215332
1997-10-22,4.656128883361816
1997-10-23,4.6279096603393555
1997-10-24,4.656128883361816
1997-10-27,4.373939037322998
1997-10-28,4.275172710418701
1997-10-29,3.992982864379883
1997-10-30,3.992982864379883
1997-10-31,4.119968891143799
1997-11-03,4.289281845092773
1997-11-04,4.4303765296936035
1997-11-05,4.599691390991211
1997-11-06,4.726676940917969
1997-11-07,4.458596229553223
1997-11-10,4.571471691131592
1997-11-11,4.486814975738525
1997-11-12,4.246953964233398
1997-11-13,4.275172710418701
1997-11-14,4.345720291137695
1997-11-17,4.4727067947387695
1997-11-18,4.44448709487915
1997-11-19,4.38804817199707
1997-11-20,4.331610202789307
1997-11-21,4.373939037322998
1997-11-24,4.289281845092773
1997-11-25,4.148187637329102
1997-11-26,4.218734264373779
1997-11-28,4.317501544952393
1997-12-01,4.261063575744629
1997-12-02,4.359830379486084
1997-12-03,4.543252468109131
1997-12-04,4.726676940917969
1997-12-05,4.7972235679626465
1997-12-08,4.7972235679626465
1997-12-09,4.825442314147949
1997-12-10,4.754894733428955
1997-12-11,4.557362079620361
1997-12-12,4.585580348968506
1997-12-15,4.51503324508667
1997-12-16,4.529143810272217
1997-12-17,4.684347629547119
1997-12-18,4.543252468109131
1997-12-19,4.557362079620361
1997-12-22,4.599691390991211
1997-12-23,4.500925064086914
1997-12-24,4.656128883361816
1997-12-26,4.685184001922607
1997-12-29,4.703343868255615
1997-12-30,4.812302112579346
1997-12-31,4.794142246246338
1998-01-02,4.812302112579346
1998-01-05,4.848621368408203
1998-01-06,4.77598237991333
1998-01-07,4.521748065948486
1998-01-08,4.303832054138184
1998-01-09,4.267512321472168
1998-01-12,4.249353408813477
1998-01-13,4.340151309967041
1998-01-14,4.449108123779297
1998-01-15,4.449108123779297
1998-01-16,4.648865699768066
1998-01-20,4.812302112579346
1998-01-21,4.812302112579346
1998-01-22,4.812302112579346
1998-01-23,4.77598237991333
1998-01-26,4.830461025238037
1998-01-27,4.812302112579346
1998-01-28,5.048376560211182
1998-01-29,5.102856636047363
1998-01-30,5.4478888511657715
1998-02-02,5.665804386138916
1998-02-03,5.629485607147217
1998-02-04,5.538686752319336
1998-02-05,5.593164920806885
1998-02-06,5.4660491943359375
1998-02-09,5.5023674964904785
1998-02-10,5.484207630157471
1998-02-11,5.484207630157471
1998-02-12,5.5023674964904785
1998-02-13,5.4478888511657715
1998-02-17,5.484207630157471
1998-02-18,5.520528316497803
1998-02-19,5.593164920806885
1998-02-20,5.55684757232666
1998-02-23,5.593164920806885
1998-02-24,5.484207630157471
1998-02-25,5.55684757232666
1998-02-26,5.665804386138916
1998-02-27,5.647645473480225
1998-03-02,5.629485607147217
1998-03-03,5.593164920806885
1998-03-04,5.411568641662598
1998-03-05,5.1936540603637695
1998-03-06,5.302610874176025
1998-03-09,5.284453392028809
1998-03-10,5.24813175201416
1998-03-11,5.338930606842041
1998-03-12,5.266292572021484
1998-03-13,5.229973793029785
1998-03-16,5.284453392028809
1998-03-17,5.338930606842041
1998-03-18,5.266292572021484
1998-03-19,5.266292572021484
1998-03-20,5.266292572021484
1998-03-23,5.24813175201416
1998-03-24,5.24813175201416
1998-03-25,5.211812973022461
1998-03-26,5.139174461364746
1998-03-27,5.229973793029785
1998-03-30,5.24813175201416
1998-03-31,5.1936540603637695
1998-04-01,5.084695816040039
1998-04-02,4.975738525390625
1998-04-03,5.084695816040039
1998-04-06,5.157334327697754
1998-04-07,5.0665364265441895
1998-04-08,5.102856636047363
1998-04-09,5.157334327697754
1998-04-13,5.139174461364746
1998-04-14,5.048376560211182
1998-04-15,5.012057781219482
1998-04-16,4.939420223236084
1998-04-17,4.884939670562744
1998-04-20,4.77598237991333
1998-04-21,4.794142246246338
1998-04-22,4.77598237991333
1998-04-23,4.77598237991333
1998-04-24,4.794142246246338
1998-04-27,4.757822513580322
1998-04-28,4.7062177658081055
1998-04-29,4.760730266571045
1998-04-30,4.833413124084473
1998-05-01,4.833413124084473
1998-05-04,4.79707145690918
1998-05-05,4.7062177658081055
1998-05-06,4.542681694030762
1998-05-07,4.397315502166748
1998-05-08,4.397315502166748
1998-05-11,4.542681694030762
1998-05-12,4.469998359680176
1998-05-13,4.433657646179199
1998-05-14,4.451827049255371
1998-05-15,4.433657646179199
1998-05-18,4.415486812591553
1998-05-19,4.397315502166748
1998-05-20,4.433657646179199
1998-05-21,4.451827049255371
1998-05-22,4.433657646179199
1998-05-26,4.342803478240967
1998-05-27,4.251949787139893
1998-05-28,4.197437763214111
1998-05-29,4.088413238525391
1998-06-01,3.924877166748047
1998-06-02,3.797682046890259
1998-06-03,3.870364189147949
1998-06-04,3.7068278789520264
1998-06-05,3.815851926803589
1998-06-08,3.7431695461273193
1998-06-09,3.6704869270324707
1998-06-10,3.488778591156006
1998-06-11,3.470608711242676
1998-06-12,3.488778591156006
1998-06-15,3.3615846633911133
1998-06-16,3.4524381160736084
1998-06-17,3.9067068099975586
1998-06-18,3.852194309234619
1998-06-19,3.852194309234619
1998-06-22,3.870364189147949
1998-06-23,3.9430482387542725
1998-06-24,3.9612183570861816
1998-06-25,3.97938871383667
1998-06-26,3.9612183570861816
1998-06-29,3.888535737991333
1998-06-30,3.9067068099975586
1998-07-01,4.033900737762451
1998-07-02,4.052072525024414
1998-07-06,4.052072525024414
1998-07-07,4.088413238525391
1998-07-08,4.088413238525391
1998-07-09,4.142925262451172
1998-07-10,4.052072525024414
1998-07-13,4.052072525024414
1998-07-14,4.070242404937744
1998-07-15,4.179266929626465
1998-07-16,4.251949787139893
1998-07-17,4.233779430389404
1998-07-20,4.360973358154297
1998-07-21,4.288290977478027
1998-07-22,4.306462287902832
1998-07-23,4.251949787139893
1998-07-24,4.251949787139893
1998-07-27,4.179266929626465
1998-07-28,4.124754428863525
1998-07-29,4.106584072113037
1998-07-30,4.033900737762451
1998-07-31,3.9975602626800537
1998-08-03,3.888535737991333
1998-08-04,3.815851926803589
1998-08-05,3.9067068099975586
1998-08-06,3.9430482387542725
1998-08-07,4.015729904174805
1998-08-10,3.852194309234619
1998-08-11,3.597804546356201
1998-08-12,3.688657522201538
1998-08-13,3.688657522201538
1998-08-14,3.761340379714966
1998-08-17,3.6704869270324707
1998-08-18,3.7431695461273193
1998-08-19,3.9612183570861816
1998-08-20,3.761340379714966
1998-08-21,3.7068278789520264
1998-08-24,3.6159751415252686
1998-08-25,3.5796332359313965
1998-08-26,3.5432913303375244
1998-08-27,3.5069501399993896
1998-08-28,3.4160969257354736
1998-08-31,3.1980481147766113
1998-09-01,3.270730495452881
1998-09-02,3.216218948364258
1998-09-03,3.1617066860198975
1998-09-04,3.216218948364258
1998-09-08,3.4342668056488037
1998-09-09,3.3615846633911133
1998-09-10,3.2525603771209717
1998-09-11,3.4160969257354736
1998-09-14,3.525120735168457
1998-09-15,3.5069501399993896
1998-09-16,3.56146240234375
1998-09-17,3.525120735168457
1998-09-18,3.56146240234375
1998-09-21,3.634145498275757
1998-09-22,3.634145498275757
1998-09-23,3.688657522201538
1998-09-24,3.6523165702819824
1998-09-25,3.597804546356201
1998-09-28,3.5432913303375244
1998-09-29,3.5796332359313965
1998-09-30,3.56146240234375
1998-10-01,3.3797552585601807
1998-10-02,3.325242519378662
1998-10-05,3.307072639465332
1998-10-06,3.3797552585601807
1998-10-07,3.4342668056488037
1998-10-08,3.634145498275757
1998-10-09,3.6159751415252686
1998-10-12,3.815851926803589
1998-10-13,3.7795114517211914
1998-10-14,3.7068278789520264
1998-10-15,3.815851926803589
1998-10-16,3.97938871383667
1998-10-19,3.852194309234619
1998-10-20,3.870364189147949
1998-10-21,3.870364189147949
1998-10-22,3.870364189147949
1998-10-23,3.870364189147949
1998-10-26,3.9430482387542725
1998-10-27,3.870364189147949
1998-10-28,3.870364189147949
1998-10-29,3.9612183570861816
1998-10-30,4.033900737762451
1998-11-02,4.052072525024414
1998-11-03,3.9975602626800537
1998-11-04,3.9430482387542725
1998-11-05,3.9430482387542725
1998-11-06,3.9067068099975586
1998-11-09,3.888535737991333
1998-11-10,3.7795114517211914
1998-11-11,3.7068278789520264
1998-11-12,3.7431695461273193
1998-11-13,3.852194309234619
1998-11-16,4.070242404937744
1998-11-17,4.088413238525391
1998-11-18,4.142925262451172
1998-11-19,4.288290977478027
1998-11-20,4.270120143890381
1998-11-23,4.306462287902832
1998-11-24,4.360973358154297
1998-11-25,4.197437763214111
1998-11-27,4.215609073638916
1998-11-30,4.179266929626465
1998-12-01,4.197437763214111
1998-12-02,4.288290977478027
1998-12-03,4.161096096038818
1998-12-04,4.161096096038818
1998-12-07,4.306462287902832
1998-12-08,4.088413238525391
1998-12-09,4.197437763214111
1998-12-10,4.233779430389404
1998-12-11,4.124754428863525
1998-12-14,4.106584072113037
1998-12-15,4.106584072113037
1998-12-16,4.070242404937744
1998-12-17,4.088413238525391
1998-12-18,4.088413238525391
1998-12-21,4.071969032287598
1998-12-22,4.150276184082031
1998-12-23,4.013238430023193
1998-12-24,4.013238430023193
1998-12-28,3.8174703121185303
1998-12-29,3.8762013912200928
1998-12-30,3.8370473384857178
1998-12-31,3.9153544902801514
1999-01-04,3.9740850925445557
1999-01-05,3.895777940750122
1999-01-06,3.9545085430145264
1999-01-07,3.8762013912200928
1999-01-08,3.9545085430145264
1999-01-11,3.9545085430145264
1999-01-12,3.8566243648529053
1999-01-13,3.7783169746398926
1999-01-14,3.7195868492126465
1999-01-15,4.013238430023193
1999-01-19,3.895777940750122
1999-01-20,3.9153544902801514
1999-01-21,3.895777940750122
1999-01-22,3.8370473384857178
1999-01-25,3.7195868492126465
1999-01-26,3.758739948272705
1999-01-27,3.700010299682617
1999-01-28,3.680433750152588
1999-01-29,3.641279697418213
1999-02-01,3.680433750152588
1999-02-02,3.504242420196533
1999-02-03,3.602125644683838
1999-02-04,3.484665632247925
1999-02-05,3.504242420196533
1999-02-08,3.602125644683838
1999-02-09,3.562972068786621
1999-02-10,3.602125644683838
1999-02-11,3.680433750152588
1999-02-12,3.641279697418213
1999-02-16,3.641279697418213
1999-02-17,3.680433750152588
1999-02-18,3.660856246948242
1999-02-19,3.758739948272705
1999-02-22,4.032815456390381
1999-02-23,3.9545085430145264
1999-02-24,3.9153544902801514
1999-02-25,4.013238430023193
1999-02-26,3.993662118911743
1999-03-01,3.895777940750122
1999-03-02,3.8762013912200928
1999-03-03,3.8762013912200928
1999-03-04,3.895777940750122
1999-03-05,3.993662118911743
1999-03-08,3.9153544902801514
1999-03-09,3.9153544902801514
1999-03-10,4.071969032287598
1999-03-11,4.091545104980469
1999-03-12,4.150276184082031
1999-03-15,4.169852256774902
1999-03-16,4.032815456390381
1999-03-17,4.1111226081848145
1999-03-18,4.169852256774902
1999-03-19,4.209005832672119
1999-03-22,4.169852256774902
1999-03-23,4.169852256774902
1999-03-24,4.18942928314209
1999-03-25,4.346043586730957
1999-03-26,4.326467037200928
1999-03-29,4.346043586730957
1999-03-30,4.267736911773682
1999-03-31,4.287313938140869
1999-04-01,4.326467037200928
1999-04-05,4.424350738525391
1999-04-06,4.483081340789795
1999-04-07,4.600541591644287
1999-04-08,4.757155895233154
1999-04-09,4.894193649291992
1999-04-12,4.95292329788208
1999-04-13,4.815885543823242
1999-04-14,4.7767333984375
1999-04-15,4.698425769805908
1999-04-16,4.835463047027588
1999-04-19,5.324883460998535
1999-04-20,5.324883460998535
1999-04-21,5.246575832366943
1999-04-22,5.285729885101318
1999-04-23,5.305306434631348
1999-04-26,5.403189659118652
1999-04-27,5.3444600105285645
1999-04-28,5.207421779632568
1999-04-29,5.187845706939697
1999-04-30,5.089962005615234
1999-05-03,5.207421779632568
1999-05-04,5.364036560058594
1999-05-05,5.305306434631348
1999-05-06,5.266152381896973
1999-05-07,5.266152381896973
1999-05-10,5.285729885101318
1999-05-11,5.305306434631348
1999-05-12,5.226998329162598
1999-05-13,5.324883460998535
1999-05-14,5.285729885101318
1999-05-17,5.226998329162598
1999-05-18,5.168267726898193
1999-05-19,5.266152381896973
1999-05-20,5.207421779632568
1999-05-21,5.011653900146484
1999-05-24,4.737579345703125
1999-05-25,4.56138801574707
1999-05-26,4.600541591644287
1999-05-27,4.639695644378662
1999-05-28,4.639695644378662
1999-06-01,4.7180023193359375
1999-06-02,4.7180023193359375
1999-06-03,4.992077350616455
1999-06-04,4.8746161460876465
1999-06-07,4.972500801086426
1999-06-08,5.109537601470947
1999-06-09,5.168267726898193
1999-06-10,5.187845706939697
1999-06-11,5.285729885101318
1999-06-14,5.305306434631348
1999-06-15,5.403189659118652
1999-06-16,5.696841716766357
1999-06-17,5.951339244842529
1999-06-18,5.970915794372559
1999-06-21,5.970915794372559
1999-06-22,6.127531051635742
1999-06-23,6.088377952575684
1999-06-24,6.088377952575684
1999-06-25,5.990492820739746
1999-06-28,5.990492820739746
1999-06-29,6.225415229797363
1999-06-30,6.4994893074035645
1999-07-01,6.656101703643799
1999-07-02,6.616950035095215
1999-07-06,6.303721904754639
1999-07-07,6.264567852020264
1999-07-08,6.244990825653076
1999-07-09,6.147107124328613
1999-07-12,6.147107124328613
1999-07-13,5.775146961212158
1999-07-14,5.853456020355225
1999-07-15,5.833878517150879
1999-07-16,5.657688140869141
1999-07-19,5.579380512237549
1999-07-20,5.696841716766357
1999-07-21,5.657688140869141
1999-07-22,5.520650863647461
1999-07-23,5.540226936340332
1999-07-26,5.324883460998535
1999-07-27,5.305306434631348
1999-07-28,5.403189659118652
1999-07-29,5.187845706939697
1999-07-30,5.3444600105285645
1999-08-02,5.207421779632568
1999-08-03,5.226998329162598
1999-08-04,5.266152381896973
1999-08-05,5.050807476043701
1999-08-06,4.992077350616455
1999-08-09,5.070384979248047
1999-08-10,5.070384979248047
1999-08-11,5.148691177368164
1999-08-12,5.677264213562012
1999-08-13,5.716418266296387
1999-08-16,5.990492820739746
1999-08-17,5.970915794372559
1999-08-18,5.873031139373779
1999-08-19,5.775146961212158
1999-08-20,5.833878517150879
1999-08-23,5.794724941253662
1999-08-24,5.677264213562012
1999-08-25,5.794724941253662
1999-08-26,5.9121856689453125
1999-08-27,5.814301490783691
1999-08-30,5.833878517150879
1999-08-31,5.7359938621521
1999-09-01,5.814301490783691
1999-09-02,5.833878517150879
1999-09-03,5.873031139373779
1999-09-07,5.892608165740967
1999-09-08,5.843667984008789
1999-09-09,5.853456020355225
1999-09-10,5.873031139373779
1999-09-13,5.833878517150879
1999-09-14,5.716418266296387
1999-09-15,5.696841716766357
1999-09-16,5.696841716766357
1999-09-17,5.63810920715332
1999-09-20,5.461921215057373
1999-09-21,5.324883460998535
1999-09-22,5.324883460998535
1999-09-23,5.3444600105285645
1999-09-24,5.207421779632568
1999-09-27,5.207421779632568
1999-09-28,5.246575832366943
1999-09-29,5.520650863647461
1999-09-30,5.677264213562012
1999-10-01,5.598957061767578
1999-10-04,5.794724941253662
1999-10-05,5.618534088134766
1999-10-06,5.63810920715332
1999-10-07,5.696841716766357
1999-10-08,5.618534088134766
1999-10-11,5.618534088134766
1999-10-12,5.63810920715332
1999-10-13,5.63810920715332
1999-10-14,5.63810920715332
1999-10-15,5.501072406768799
1999-10-18,5.461921215057373
1999-10-19,5.364036560058594
1999-10-20,5.403189659118652
1999-10-21,5.422766208648682
1999-10-22,5.442342281341553
1999-10-25,5.422766208648682
1999-10-26,5.461921215057373
1999-10-27,5.598957061767578
1999-10-28,5.63810920715332
1999-10-29,5.598957061767578
1999-11-01,5.598957061767578
1999-11-02,5.716418266296387
1999-11-03,5.657688140869141
1999-11-04,5.520650863647461
1999-11-05,5.520650863647461
1999-11-08,5.481496810913086
1999-11-09,5.559803485870361
1999-11-10,5.403189659118652
1999-11-11,5.755572319030762
1999-11-12,5.696841716766357
1999-11-15,5.7359938621521
1999-11-16,5.833878517150879
1999-11-17,5.833878517150879
1999-11-18,5.853456020355225
1999-11-19,5.951339244842529
1999-11-22,6.264567852020264
1999-11-23,6.244990825653076
1999-11-24,5.990492820739746
1999-11-26,5.873031139373779
1999-11-29,5.873031139373779
1999-11-30,5.775146961212158
1999-12-01,5.9121856689453125
1999-12-02,5.873031139373779
1999-12-03,6.049221992492676
1999-12-06,6.0687994956970215
1999-12-07,6.029647350311279
1999-12-08,5.951339244842529
1999-12-09,5.9317626953125
1999-12-10,5.833878517150879
1999-12-13,5.9317626953125
1999-12-14,5.833878517150879
1999-12-15,5.833878517150879
1999-12-16,5.9317626953125
1999-12-17,5.9317626953125
1999-12-20,5.990492820739746
1999-12-21,6.032801628112793
1999-12-22,6.150322437286377
1999-12-23,6.2678446769714355
1999-12-27,6.2874321937561035
1999-12-28,6.228672027587891
1999-12-29,6.307019233703613
1999-12-30,6.307019233703613
1999-12-31,6.385367393493652
2000-01-03,6.483301639556885
2000-01-04,6.698758602142334
2000-01-05,6.972977638244629
2000-01-06,6.875041484832764
2000-01-07,6.796694278717041
2000-01-10,7.031740188598633
2000-01-11,6.953391075134277
2000-01-12,6.953391075134277
2000-01-13,7.149260520935059
2000-01-14,7.286368370056152
2000-01-18,7.20802116394043
2000-01-19,7.149260520935059
2000-01-20,7.129672527313232
2000-01-21,7.20802116394043
2000-01-24,7.443065643310547
2000-01-25,7.46265172958374
2000-01-26,7.541000843048096
2000-01-27,7.580175399780273
2000-01-28,7.364716529846191
2000-01-31,7.32554292678833
2000-02-01,7.32554292678833
2000-02-02,7.32554292678833
2000-02-03,7.834805488586426
2000-02-04,7.776043891906738
2000-02-07,7.776043891906738
2000-02-08,8.030675888061523
2000-02-09,7.834805488586426
2000-02-10,7.893566608428955
2000-02-11,7.952328205108643
2000-02-14,7.913153648376465
2000-02-15,7.8739800453186035
2000-02-16,7.85439395904541
2000-02-17,7.99150276184082
2000-02-18,7.99150276184082
2000-02-22,7.521412372589111
2000-02-23,7.247197151184082
2000-02-24,7.110085487365723
2000-02-25,7.129672527313232
2000-02-28,7.149260520935059
2000-02-29,7.247197151184082
2000-03-01,7.364716529846191
2000-03-02,7.266783237457275
2000-03-03,7.443065643310547
2000-03-06,7.34512996673584
2000-03-07,7.129672527313232
2000-03-08,6.894628524780273
2000-03-09,6.757519721984863
2000-03-10,6.894628524780273
2000-03-13,6.60082483291626
2000-03-14,6.816282272338867
2000-03-15,6.777107238769531
2000-03-16,6.953391075134277
2000-03-17,7.149260520935059
2000-03-20,6.639998435974121
2000-03-21,6.777107238769531
2000-03-22,6.933802604675293
2000-03-23,7.305956840515137
2000-03-24,7.5605878829956055
2000-03-27,7.658522129058838
2000-03-28,7.619349002838135
2000-03-29,7.619349002838135
2000-03-30,7.5605878829956055
2000-03-31,7.619349002838135
2000-04-03,7.658522129058838
2000-04-04,7.423478126525879
2000-04-05,7.423478126525879
2000-04-06,7.364716529846191
2000-04-07,7.364716529846191
2000-04-10,7.5605878829956055
2000-04-11,7.6389360427856445
2000-04-12,7.5605878829956055
2000-04-13,7.443065643310547
2000-04-14,7.090498447418213
2000-04-17,6.679172992706299
2000-04-18,6.933802604675293
2000-04-19,6.7183451652526855
2000-04-20,6.620412349700928
2000-04-24,6.46371603012085
2000-04-25,6.639998435974121
2000-04-26,6.522474765777588
2000-04-27,6.502890110015869
2000-04-28,6.365781307220459
2000-05-01,6.659584045410156
2000-05-02,6.581237316131592
2000-05-03,6.502890110015869
2000-05-04,6.346192836761475
2000-05-05,6.385367393493652
2000-05-08,6.346192836761475
2000-05-09,6.5420637130737305
2000-05-10,6.365781307220459
2000-05-11,6.326604843139648
2000-05-12,6.307019233703613
2000-05-15,5.934865474700928
2000-05-16,6.150322437286377
2000-05-17,6.189496994018555
2000-05-18,6.307019233703613
2000-05-19,6.326604843139648
2000-05-22,6.032801628112793
2000-05-23,5.7585835456848145
2000-05-24,5.523538589477539
2000-05-25,5.582299709320068
2000-05-26,5.641059398651123
2000-05-30,5.778168678283691
2000-05-31,5.974039077758789
2000-06-01,6.07197380065918
2000-06-02,6.248257637023926
2000-06-05,6.2874321937561035
2000-06-06,6.2678446769714355
2000-06-07,6.404954433441162
2000-06-08,6.46371603012085
2000-06-09,6.444128036499023
2000-06-12,6.424540996551514
2000-06-13,6.307019233703613
2000-06-14,6.404954433441162
2000-06-15,6.444128036499023
2000-06-16,6.444128036499023
2000-06-19,6.424540996551514
2000-06-20,6.385367393493652
2000-06-21,6.385367393493652
2000-06-22,6.2678446769714355
2000-06-23,6.209083557128906
2000-06-26,6.0915632247924805
2000-06-27,6.0915632247924805
2000-06-28,6.0915632247924805
2000-06-29,5.954452037811279
2000-06-30,5.993626117706299
2000-07-03,5.993626117706299
2000-07-05,5.7194085121154785
2000-07-06,5.680234432220459
2000-07-07,5.7585835456848145
2000-07-10,5.797756671905518
2000-07-11,5.856518268585205
2000-07-12,5.856518268585205
2000-07-13,5.895690441131592
2000-07-14,5.993626117706299
2000-07-17,6.032801628112793
2000-07-18,5.974039077758789
2000-07-19,5.915278434753418
2000-07-20,5.7194085121154785
2000-07-21,5.738994598388672
2000-07-24,5.680234432220459
2000-07-25,5.62147331237793
2000-07-26,5.582299709320068
2000-07-27,5.582299709320068
2000-07-28,5.60188627243042
2000-07-31,5.641059398651123
2000-08-01,5.4843645095825195
2000-08-02,5.4843645095825195
2000-08-03,5.406015872955322
2000-08-04,5.4843645095825195
2000-08-07,5.406015872955322
2000-08-08,5.445189476013184
2000-08-09,5.543125152587891
2000-08-10,5.4843645095825195
2000-08-11,5.406015872955322
2000-08-14,5.327669143676758
2000-08-15,5.406015872955322
2000-08-16,5.543125152587891
2000-08-17,5.641059398651123
2000-08-18,5.660647392272949
2000-08-21,5.7194085121154785
2000-08-22,5.7194085121154785
2000-08-23,5.778168678283691
2000-08-24,5.974039077758789
2000-08-25,5.954452037811279
2000-08-28,5.856518268585205
2000-08-29,5.7194085121154785
2000-08-30,5.503950119018555
2000-08-31,5.523538589477539
2000-09-01,5.445189476013184
2000-09-05,5.562712669372559
2000-09-06,5.523538589477539
2000-09-07,5.464778423309326
2000-09-08,5.268907070159912
2000-09-11,5.210145950317383
2000-09-12,5.170971870422363
2000-09-13,5.170971870422363
2000-09-14,5.053449630737305
2000-09-15,4.994688510894775
2000-09-18,4.8379926681518555
2000-09-19,4.779232025146484
2000-09-20,4.798818588256836
2000-09-21,4.798818588256836
2000-09-22,4.700883865356445
2000-09-25,4.700883865356445
2000-09-26,4.700883865356445
2000-09-27,4.6812968254089355
2000-09-28,4.6029486656188965
2000-09-29,4.524600505828857
2000-10-02,4.2699689865112305
2000-10-03,4.289556980133057
2000-10-04,4.230795860290527
2000-10-05,4.387491703033447
2000-10-06,4.407078266143799
2000-10-09,4.367904186248779
2000-10-10,4.328731060028076
2000-10-11,4.211207866668701
2000-10-12,4.093685626983643
2000-10-13,4.19162130355835
2000-10-16,3.8586416244506836
2000-10-17,3.7802939414978027
2000-10-18,3.643184185028076
2000-10-19,3.8586416244506836
2000-10-20,3.9369900226593018
2000-10-23,3.9761641025543213
2000-10-24,4.172033786773682
2000-10-25,4.015337944030762
2000-10-26,4.093685626983643
2000-10-27,4.074099540710449
2000-10-30,3.9761641025543213
2000-10-31,4.03492546081543
2000-11-01,3.8586416244506836
2000-11-02,3.917402744293213
2000-11-03,3.9761641025543213
2000-11-06,4.093685626983643
2000-11-07,4.250381946563721
2000-11-08,4.3483171463012695
2000-11-09,4.3483171463012695
2000-11-10,4.250381946563721
2000-11-13,4.03492546081543
2000-11-14,4.19162130355835
2000-11-15,4.074099540710449
2000-11-16,3.99575138092041
2000-11-17,3.8782289028167725
2000-11-20,3.662771463394165
2000-11-21,3.7607061862945557
2000-11-22,3.7019460201263428
2000-11-24,3.8194680213928223
2000-11-27,3.9369900226593018
2000-11-28,3.9565768241882324
2000-11-29,3.8194680213928223
2000-11-30,3.7215328216552734
2000-12-01,3.799880266189575
2000-12-04,3.799880266189575
2000-12-05,3.8978159427642822
2000-12-06,3.7019460201263428
2000-12-07,3.7019460201263428
2000-12-08,3.7607061862945557
2000-12-11,3.8390543460845947
2000-12-12,3.8782289028167725
2000-12-13,3.8782289028167725
2000-12-14,3.8978159427642822
2000-12-15,3.7802939414978027
2000-12-18,3.7215328216552734
2000-12-19,3.623598575592041
2000-12-20,3.310206174850464
2000-12-21,3.212270498275757
2000-12-22,3.2710318565368652
2000-12-26,3.2514450550079346
2000-12-27,3.295382261276245
2000-12-28,3.3752713203430176
2000-12-29,3.255439043045044
2001-01-02,3.395242691040039
2001-01-03,3.9544594287872314
2001-01-04,3.9544594287872314
2001-01-05,3.914515256881714
2001-01-08,3.93448805809021
2001-01-09,4.074291706085205
2001-01-10,4.194124221801758
2001-01-11,4.114235877990723
2001-01-12,4.114235877990723
2001-01-16,4.234067440032959
2001-01-17,4.473731994628906
2001-01-18,4.633507251739502
2001-01-19,4.513676643371582
2001-01-22,4.473731994628906
2001-01-23,4.533647537231445
2001-01-24,4.693423271179199
2001-01-25,4.673451900482178
2001-01-26,4.593564033508301
2001-01-29,4.499295711517334
2001-01-30,4.537642478942871
2001-01-31,4.601552486419678
2001-02-01,4.5695977210998535
2001-02-02,4.5695977210998535
2001-02-05,4.377865791320801
2001-02-06,4.361888885498047
2001-02-07,4.182939529418945
2001-02-08,4.192525386810303
2001-02-09,4.2500457763671875
2001-02-12,4.285195350646973
2001-02-13,4.409821510314941
2001-02-14,4.352302074432373
2001-02-15,4.537642478942871
2001-02-16,4.409821510314941
2001-02-20,4.381062030792236
2001-02-21,4.355497360229492
2001-02-22,4.243654251098633
2001-02-23,4.202112197875977
2001-02-26,4.2500457763671875
2001-02-27,4.202112197875977
2001-02-28,4.1286163330078125
2001-03-01,3.8665826320648193
2001-03-02,3.834627389907837
2001-03-05,3.9464709758758545
2001-03-06,4.099855899810791
2001-03-07,4.125420093536377
2001-03-08,4.058313846588135
2001-03-09,4.007185935974121
2001-03-12,3.8985376358032227
2001-03-13,3.802672863006592
2001-03-14,3.690829277038574
2001-03-15,3.8665826320648193
2001-03-16,3.796280860900879
2001-03-19,3.7547385692596436
2001-03-20,3.722783327102661
2001-03-21,3.7195889949798584
2001-03-22,3.7195889949798584
2001-03-23,3.802672863006592
2001-03-26,3.8857555389404297
2001-03-27,3.9081246852874756
2001-03-28,3.8729729652404785
2001-03-29,3.8665826320648193
2001-03-30,3.834627389907837
2001-04-02,3.7515435218811035
2001-04-03,3.6301140785217285
2001-04-04,3.633310079574585
2001-04-05,3.7419564723968506
2001-04-06,3.7866947650909424
2001-04-09,3.674851179122925
2001-04-10,3.7547385692596436
2001-04-11,3.9496662616729736
2001-04-12,3.930492877960205
2001-04-16,3.8665826320648193
2001-04-17,3.7866947650909424
2001-04-18,4.058313846588135
2001-04-19,3.978425979614258
2001-04-20,3.834627389907837
2001-04-23,3.802672863006592
2001-04-24,3.802672863006592
2001-04-25,3.783499240875244
2001-04-26,3.7387616634368896
2001-04-27,3.7419564723968506
2001-04-30,3.7387616634368896
2001-05-01,3.7707176208496094
2001-05-02,3.7930850982666016
2001-05-03,3.8538005352020264
2001-05-04,3.7771077156066895
2001-05-07,3.7387616634368896
2001-05-08,3.7483484745025635
2001-05-09,3.703610897064209
2001-05-10,3.6269185543060303
2001-05-11,3.6588737964630127
2001-05-14,3.5949630737304688
2001-05-15,3.6269185543060303
2001-05-16,3.7068068981170654
2001-05-17,3.7387616634368896
2001-05-18,3.7898898124694824
2001-05-21,3.6588737964630127
2001-05-22,3.610940933227539
2001-05-23,3.652482748031616
2001-05-24,3.6460909843444824
2001-05-25,3.6460909843444824
2001-05-29,3.6428956985473633
2001-05-30,3.6428956985473633
2001-05-31,3.6588737964630127
2001-06-01,3.6588737964630127
2001-06-04,3.649287700653076
2001-06-05,3.690829277038574
2001-06-06,3.7259793281555176
2001-06-07,3.7547385692596436
2001-06-08,3.7866947650909424
2001-06-11,3.7547385692596436
2001-06-12,3.7611305713653564
2001-06-13,3.7004153728485107
2001-06-14,3.674851179122925
2001-06-15,3.6812427043914795
2001-06-18,3.6397006511688232
2001-06-19,3.6301140785217285
2001-06-20,3.6173315048217773
2001-06-21,3.623723030090332
2001-06-22,3.5630078315734863
2001-06-25,3.5438342094421387
2001-06-26,3.4192087650299072
2001-06-27,3.467142343521118
2001-06-28,3.476728916168213
2001-06-29,3.5630078315734863
2001-07-02,3.5789852142333984
2001-07-03,3.5502254962921143
2001-07-05,3.5534207820892334
2001-07-06,3.4831197261810303
2001-07-09,3.441577911376953
2001-07-10,3.403231143951416
2001-07-11,3.284996509552002
2001-07-12,3.3393216133117676
2001-07-13,3.2594332695007324
2001-07-16,3.1955227851867676
2001-07-17,3.1635677814483643
2001-07-18,2.9814224243164062
2001-07-19,3.02935528755188
2001-07-20,3.051724672317505
2001-07-23,2.9782276153564453
2001-07-24,2.9558589458465576
2001-07-25,3.099656820297241
2001-07-26,3.1507856845855713
2001-07-27,3.160371780395508
2001-07-30,3.067702054977417
2001-07-31,3.131612539291382
2001-08-01,3.1955227851867676
2001-08-02,3.3073666095733643
2001-08-03,3.3265392780303955
2001-08-06,3.294584035873413
2001-08-07,3.243455410003662
2001-08-08,3.1955227851867676
2001-08-09,3.1955227851867676
2001-08-10,3.198718547821045
2001-08-13,3.22747802734375
2001-08-14,3.291388750076294
2001-08-15,3.4064273834228516
2001-08-16,3.447969675064087
2001-08-17,3.3233437538146973
2001-08-20,3.272214889526367
2001-08-21,3.265824317932129
2001-08-22,3.211500406265259
2001-08-23,3.2210865020751953
2001-08-24,3.1156346797943115
2001-08-27,3.0804836750030518
2001-08-28,3.0772886276245117
2001-08-29,3.2083051204681396
2001-08-30,3.131612539291382
2001-08-31,3.1571767330169678
2001-09-04,3.1827409267425537
2001-09-05,3.160371780395508
2001-09-06,2.8759701251983643
2001-09-07,2.882361650466919
2001-09-10,2.898338556289673
2001-09-17,2.668261766433716
2001-09-18,2.498899221420288
2001-09-19,2.4957032203674316
2001-09-20,2.3231446743011475
2001-09-21,2.3487093448638916
2001-09-24,2.422206163406372
2001-09-25,2.3838601112365723
2001-09-26,2.3646867275238037
2001-09-27,2.3774688243865967
2001-09-28,2.4254021644592285
2001-10-01,2.367882251739502
2001-10-02,2.355100631713867
2001-10-03,2.476530075073242
2001-10-04,2.566004753112793
2001-10-05,2.540440797805786
2001-10-08,2.470139503479004
2001-10-09,2.4829213619232178
2001-10-10,2.5564184188842773
2001-10-11,2.859992742538452
2001-10-12,2.7864956855773926
2001-10-15,2.748150110244751
2001-10-16,2.7833003997802734
2001-10-17,2.748150110244751
2001-10-18,2.7321724891662598
2001-10-19,2.7289767265319824
2001-10-22,2.7992780208587646
2001-10-23,2.8216469287872314
2001-10-24,2.872774600982666
2001-10-25,2.859992742538452
2001-10-26,2.9558589458465576
2001-10-29,2.933490037918091
2001-10-30,2.7066080570220947
2001-10-31,2.764127254486084
2001-11-01,2.7992780208587646
2001-11-02,2.764127254486084
2001-11-05,2.8472108840942383
2001-11-06,3.000595808029175
2001-11-07,3.003791570663452
2001-11-08,3.016573190689087
2001-11-09,3.003791570663452
2001-11-12,3.1411993503570557
2001-11-13,3.118830442428589
2001-11-14,3.1955227851867676
2001-11-15,3.214695692062378
2001-11-16,3.2754108905792236
2001-11-19,3.3393216133117676
2001-11-20,3.2754108905792236
2001-11-21,3.3073666095733643
2001-11-23,3.467142343521118
2001-11-26,3.5118792057037354
2001-11-27,3.4511642456054688
2001-11-28,3.329735040664673
2001-11-29,3.332930564880371
2001-11-30,3.387254238128662
2001-12-03,3.4831197261810303
2001-12-04,3.5885720252990723
2001-12-05,3.7643251419067383
2001-12-06,3.834627389907837
2001-12-07,3.8921473026275635
2001-12-10,3.8282363414764404
2001-12-11,3.84421443939209
2001-12-12,3.994403123855591
2001-12-13,3.7707176208496094
2001-12-14,3.7898898124694824
2001-12-17,3.8569960594177246
2001-12-18,3.834627389907837
2001-12-19,3.7387616634368896
2001-12-20,3.722783327102661
2001-12-21,3.476728916168213
2001-12-24,3.5150747299194336
2001-12-26,3.6397006511688232
2001-12-27,3.598159074783325
2001-12-28,3.6588737964630127
2001-12-31,3.7547385692596436
2002-01-02,3.850605010986328
2002-01-03,3.991208076477051
2002-01-04,4.042336463928223
2002-01-07,4.026358604431152
2002-01-08,4.010381698608398
2002-01-09,4.058313846588135
2002-01-10,4.090269565582275
2002-01-11,3.825040817260742
2002-01-14,3.834627389907837
2002-01-15,3.8825602531433105
2002-01-16,3.7419564723968506
2002-01-17,3.802672863006592
2002-01-18,3.773912191390991
2002-01-22,3.965643882751465
2002-01-23,4.010381698608398
2002-01-24,4.007185935974121
2002-01-25,4.058313846588135
2002-01-28,4.096660614013672
2002-01-29,3.9752299785614014
2002-01-30,3.943274974822998
2002-01-31,3.9496662616729736
2002-02-01,3.9177112579345703
2002-02-04,3.7866947650909424
2002-02-05,3.869778633117676
2002-02-06,3.8665826320648193
2002-02-07,3.8665826320648193
2002-02-08,3.8729729652404785
2002-02-11,3.9241018295288086
2002-02-12,3.930492877960205
2002-02-13,3.994403123855591
2002-02-14,4.112637996673584
2002-02-15,4.150983810424805
2002-02-19,4.074291706085205
2002-02-20,3.994403123855591
2002-02-21,3.9848170280456543
2002-02-22,3.9528608322143555
2002-02-25,3.8825602531433105
2002-02-26,3.8282363414764404
2002-02-27,3.895341634750366
2002-02-28,3.943274974822998
2002-03-01,3.994403123855591
2002-03-04,4.202112197875977
2002-03-05,4.0295538902282715
2002-03-06,4.266022682189941
2002-03-07,4.2500457763671875
2002-03-08,4.189330101013184
2002-03-11,4.186133861541748
2002-03-12,4.135005474090576
2002-03-13,4.061509132385254
2002-03-14,4.042336463928223
2002-03-15,4.016772270202637
2002-03-18,4.074291706085205
2002-03-19,4.090269565582275
2002-03-20,4.2500457763671875
2002-03-21,4.28200101852417
2002-03-22,4.214894771575928
2002-03-25,4.211698532104492
2002-03-26,4.313956260681152
2002-03-27,4.227676868438721
2002-03-28,4.269218444824219
2002-04-01,4.202112197875977
2002-04-02,4.170157432556152
2002-04-03,4.170157432556152
2002-04-04,4.13820219039917
2002-04-05,4.17974328994751
2002-04-08,4.1286163330078125
2002-04-09,4.106246471405029
2002-04-10,4.13820219039917
2002-04-11,4.17974328994751
2002-04-12,4.147789001464844
2002-04-15,4.163766384124756
2002-04-16,4.17974328994751
2002-04-17,4.288392066955566
2002-04-18,4.275609493255615
2002-04-19,4.275609493255615
2002-04-22,4.259631633758545
2002-04-23,4.058313846588135
2002-04-24,4.119029521942139
2002-04-25,4.090269565582275
2002-04-26,3.9017326831817627
2002-04-29,3.8825602531433105
2002-04-30,3.863386631011963
2002-05-01,3.904928684234619
2002-05-02,3.7866947650909424
2002-05-03,3.8569960594177246
2002-05-06,3.6972193717956543
2002-05-07,3.7707176208496094
2002-05-08,3.8825602531433105
2002-05-09,3.7387616634368896
2002-05-10,3.7707176208496094
2002-05-13,3.7707176208496094
2002-05-14,3.831432342529297
2002-05-15,3.9017326831817627
2002-05-16,3.869778633117676
2002-05-17,3.850605010986328
2002-05-20,3.722783327102661
2002-05-21,3.636505126953125
2002-05-22,3.674851179122925
2002-05-23,3.6844377517700195
2002-05-24,3.7643251419067383
2002-05-28,3.7068068981170654
2002-05-29,3.7387616634368896
2002-05-30,3.757935047149658
2002-05-31,3.834627389907837
2002-06-03,3.757935047149658
2002-06-04,3.7004153728485107
2002-06-05,3.7547385692596436
2002-06-06,3.722783327102661
2002-06-07,3.6269185543060303
2002-06-10,3.674851179122925
2002-06-11,3.636505126953125
2002-06-12,3.6397006511688232
2002-06-13,3.6812427043914795
2002-06-14,3.6045494079589844
2002-06-17,3.6588737964630127
2002-06-18,3.6428956985473633
2002-06-19,3.518270492553711
2002-06-20,3.4990973472595215
2002-06-21,3.521466016769409
2002-06-24,3.502293586730957
2002-06-25,3.5278570652008057
2002-06-26,3.4831197261810303
2002-06-27,3.5470309257507324
2002-06-28,3.5470309257507324
2002-07-01,3.403231143951416
2002-07-02,3.3137569427490234
2002-07-03,3.3521034717559814
2002-07-05,3.4224050045013428
2002-07-08,3.5470309257507324
2002-07-09,3.42879581451416
2002-07-10,3.3936452865600586
2002-07-11,3.3393216133117676
2002-07-12,3.569399118423462
2002-07-15,3.607745409011841
2002-07-16,3.6940243244171143
2002-07-17,3.6972193717956543
2002-07-18,3.6620688438415527
2002-07-19,3.534248113632202
2002-07-22,3.3393216133117676
2002-07-23,3.348907947540283
2002-07-24,3.3552985191345215
2002-07-25,3.1156346797943115
2002-07-26,3.0868752002716064
2002-07-29,3.1827409267425537
2002-07-30,3.201914072036743
2002-07-31,3.144394636154175
2002-08-01,3.1028525829315186
2002-08-02,3.074092388153076
2002-08-05,2.9143171310424805
2002-08-06,3.02935528755188
2002-08-07,3.0389420986175537
2002-08-08,3.067702054977417
2002-08-09,3.2338685989379883
2002-08-12,3.2498466968536377
2002-08-13,3.2338685989379883
2002-08-14,3.3233437538146973
2002-08-15,3.3393216133117676
2002-08-16,3.2338685989379883
2002-08-19,3.2306735515594482
2002-08-20,3.18913197517395
2002-08-21,3.1923274993896484
2002-08-22,3.1923274993896484
2002-08-23,3.1955227851867676
2002-08-26,3.160371780395508
2002-08-27,3.160371780395508
2002-08-28,3.093266487121582
2002-08-29,3.054920196533203
2002-08-30,2.962249517440796
2002-09-03,2.840819835662842
2002-09-04,2.828037977218628
2002-09-05,2.741758108139038
2002-09-06,2.859992742538452
2002-09-09,2.869579553604126
2002-09-10,2.898338556289673
2002-09-11,2.859992742538452
2002-09-12,2.831233263015747
2002-09-13,2.869579553604126
2002-09-16,2.7960824966430664
2002-09-17,2.8759701251983643
2002-09-18,2.738562822341919
2002-09-19,2.700216770172119
2002-09-20,2.7066080570220947
2002-09-23,2.6299149990081787
2002-09-24,2.6139376163482666
2002-09-25,2.620328903198242
2002-09-26,2.6043505668640137
2002-09-27,2.5723958015441895
2002-09-30,2.5468313694000244
2002-10-01,2.524462938308716
2002-10-02,2.527658462524414
2002-10-03,2.470139503479004
2002-10-04,2.5180718898773193
2002-10-07,2.4285974502563477
2002-10-08,2.4957032203674316
2002-10-09,2.4285974502563477
2002-10-10,2.40622878074646
2002-10-11,2.380664587020874
2002-10-14,2.35190486907959
2002-10-15,2.5468313694000244
2002-10-16,2.4925076961517334
2002-10-17,2.655479907989502
2002-10-18,2.767322301864624
2002-10-21,2.8344287872314453
2002-10-22,2.7609314918518066
2002-10-23,2.898338556289673
2002-10-24,2.8855574131011963
2002-10-25,2.9047303199768066
2002-10-28,2.895143985748291
2002-10-29,2.8887524604797363
2002-10-30,2.917512893676758
2002-10-31,2.9302947521209717
2002-11-01,2.9207077026367188
2002-11-04,2.9974000453948975
2002-11-05,2.9526634216308594
2002-11-06,3.0325510501861572
2002-11-07,3.0229647159576416
2002-11-08,3.04533314704895
2002-11-11,2.9590537548065186
2002-11-12,3.0133776664733887
2002-11-13,3.0133776664733887
2002-11-14,3.042137384414673
2002-11-15,3.0613112449645996
2002-11-18,3.058115005493164
2002-11-19,3.003791570663452
2002-11-20,2.9718360900878906
2002-11-21,2.9814224243164062
2002-11-22,3.0101823806762695
2002-11-25,3.0197691917419434
2002-11-26,2.9782276153564453
2002-11-27,2.9718360900878906
2002-11-29,2.936685085296631
2002-12-02,2.923903226852417
2002-12-03,3.0197691917419434
2002-12-04,2.911120891571045
2002-12-05,2.907925844192505
2002-12-06,2.9047303199768066
2002-12-09,2.933490037918091
2002-12-10,2.9398813247680664
2002-12-11,2.9143171310424805
2002-12-12,2.8663840293884277
2002-12-13,2.748150110244751
2002-12-16,2.8056693077087402
2002-12-17,2.792886734008789
2002-12-18,2.792886734008789
2002-12-19,2.789691209793091
2002-12-20,2.8248422145843506
2002-12-23,2.8472108840942383
2002-12-24,2.8120598793029785
2002-12-26,2.7960824966430664
2002-12-27,2.7545406818389893
2002-12-30,2.7321724891662598
2002-12-31,2.8120598793029785
2003-01-02,2.907925844192505
2003-01-03,2.9430761337280273
2003-01-06,3.02935528755188
2003-01-07,3.02935528755188
2003-01-08,3.08367919921875
2003-01-09,3.099656820297241
2003-01-10,3.0964608192443848
2003-01-13,3.0868752002716064
2003-01-14,3.099656820297241
2003-01-15,3.08367919921875
2003-01-16,3.074092388153076
2003-01-17,3.0357468128204346
2003-01-21,3.02935528755188
2003-01-22,3.0325510501861572
2003-01-23,3.106048107147217
2003-01-24,3.0197691917419434
2003-01-27,3.0133776664733887
2003-01-28,3.0101823806762695
2003-01-29,2.965445041656494
2003-01-30,2.9942052364349365
2003-01-31,2.9750311374664307
2003-02-03,3.006986618041992
2003-02-04,2.9750311374664307
2003-02-05,2.9718360900878906
2003-02-06,2.8855574131011963
2003-02-07,2.7992780208587646
2003-02-10,2.7737135887145996
2003-02-11,2.764127254486084
2003-02-12,2.7737135887145996
2003-02-13,2.7321724891662598
2003-02-14,2.7098028659820557
2003-02-18,2.818450689315796
2003-02-19,2.7769088745117188
2003-02-20,2.7577357292175293
2003-02-21,2.7769088745117188
2003-02-24,2.7705180644989014
2003-02-25,2.725780725479126
2003-02-26,2.6906301975250244
2003-02-27,2.697021245956421
2003-02-28,2.6778478622436523
2003-03-03,2.712998628616333
2003-03-04,2.668261766433716
2003-03-05,2.620328903198242
2003-03-06,2.5979597568511963
2003-03-07,2.575591564178467
2003-03-10,2.537245035171509
2003-03-11,2.5436360836029053
2003-03-12,2.591568946838379
2003-03-13,2.712998628616333
2003-03-14,2.7193899154663086
2003-03-17,2.7193899154663086
2003-03-18,2.815255641937256
2003-03-19,2.8056693077087402
2003-03-20,2.8504066467285156
2003-03-21,2.9302947521209717
2003-03-24,2.815255641937256
2003-03-25,2.8120598793029785
2003-03-26,2.7801055908203125
2003-03-27,2.767322301864624
2003-03-28,2.767322301864624
2003-03-31,2.6395020484924316
2003-04-01,2.6522839069366455
2003-04-02,2.6906301975250244
2003-04-03,2.687434434890747
2003-04-04,2.684239149093628
2003-04-07,2.7577357292175293
2003-04-08,2.6778478622436523
2003-04-09,2.658675193786621
2003-04-10,2.6490886211395264
2003-04-11,2.6458933353424072
2003-04-14,2.668261766433716
2003-04-15,2.6458933353424072
2003-04-16,2.6746530532836914
2003-04-17,2.700216770172119
2003-04-21,2.725780725479126
2003-04-22,2.7161946296691895
2003-04-23,2.7034120559692383
2003-04-24,2.607546806335449
2003-04-25,2.5212671756744385
2003-04-28,2.537245035171509
2003-04-29,2.581982374191284
2003-04-30,2.5340495109558105
2003-05-01,2.5212671756744385
2003-05-02,2.5692005157470703
2003-05-05,2.5436360836029053
2003-05-06,2.5947647094726562
2003-05-07,2.6011557579040527
2003-05-08,2.5468313694000244
2003-05-09,2.620328903198242
2003-05-12,2.655479907989502
2003-05-13,2.684239149093628
2003-05-14,2.684239149093628
2003-05-15,2.668261766433716
2003-05-16,2.6235241889953613
2003-05-19,2.578787088394165
2003-05-20,2.6235241889953613
2003-05-21,2.6107418537139893
2003-05-22,2.658675193786621
2003-05-23,2.6906301975250244
2003-05-27,2.7449538707733154
2003-05-28,2.767322301864624
2003-05-29,2.764127254486084
2003-05-30,2.828037977218628
2003-06-02,2.898338556289673
2003-06-03,2.895143985748291
2003-06-04,2.936685085296631
2003-06-05,2.9302947521209717
2003-06-06,2.9398813247680664
2003-06-09,2.949467182159424
2003-06-10,2.9718360900878906
2003-06-11,2.9782276153564453
2003-06-12,3.003791570663452
2003-06-13,2.9750311374664307
2003-06-16,3.042137384414673
2003-06-17,3.099656820297241
2003-06-18,3.109243631362915
2003-06-19,3.1156346797943115
2003-06-20,3.099656820297241
2003-06-23,2.9718360900878906
2003-06-24,2.9750311374664307
2003-06-25,3.003791570663452
2003-06-26,3.042137384414673
2003-06-27,2.9398813247680664
2003-06-30,2.9270987510681152
2003-07-01,3.000595808029175
2003-07-02,3.067702054977417
2003-07-03,3.067702054977417
2003-07-07,3.1635677814483643
2003-07-08,3.1955227851867676
2003-07-09,3.1539812088012695
2003-07-10,3.051724672317505
2003-07-11,3.1348085403442383
2003-07-14,3.2306735515594482
2003-07-15,3.278606653213501
2003-07-16,3.2754108905792236
2003-07-17,3.201914072036743
2003-07-18,3.2881929874420166
2003-07-21,3.1411993503570557
2003-07-22,3.2594332695007324
2003-07-23,3.243455410003662
2003-07-24,3.348907947540283
2003-07-25,3.400036573410034
2003-07-28,3.4351863861083984
2003-07-29,3.3680810928344727
2003-07-30,3.358494520187378
2003-07-31,3.400036573410034
2003-08-01,3.4192087650299072
2003-08-04,3.3521034717559814
2003-08-05,3.22747802734375
2003-08-06,3.201914072036743
2003-08-07,3.2306735515594482
2003-08-08,3.1955227851867676
2003-08-11,3.1955227851867676
2003-08-12,3.3265392780303955
2003-08-13,3.409623146057129
2003-08-14,3.4511642456054688
2003-08-15,3.4831197261810303
2003-08-18,3.505488872528076
2003-08-19,3.5150747299194336
2003-08-20,3.5150747299194336
2003-08-21,3.575789451599121
2003-08-22,3.610940933227539
2003-08-25,3.652482748031616
2003-08-26,3.5534207820892334
2003-08-27,3.4959018230438232
2003-08-28,3.508683919906616
2003-08-29,3.5438342094421387
2003-09-02,3.582181215286255
2003-09-03,3.6141364574432373
2003-09-04,3.5534207820892334
2003-09-05,3.5853769779205322
2003-09-08,3.636505126953125
2003-09-09,3.5150747299194336
2003-09-10,3.4831197261810303
2003-09-11,3.4831197261810303
2003-09-12,3.5150747299194336
2003-09-15,3.4959018230438232
2003-09-16,3.5949630737304688
2003-09-17,3.5566165447235107
2003-09-18,3.5470309257507324
2003-09-19,3.5534207820892334
2003-09-22,3.4799246788024902
2003-09-23,3.5278570652008057
2003-09-24,3.5150747299194336
2003-09-25,3.521466016769409
2003-09-26,3.4959018230438232
2003-09-29,3.4990973472595215
2003-09-30,3.454360008239746
2003-10-01,3.531052589416504
2003-10-02,3.6876332759857178
2003-10-03,3.7068068981170654
2003-10-06,3.722783327102661
2003-10-07,3.7771077156066895
2003-10-08,3.7387616634368896
2003-10-09,3.7994768619537354
2003-10-10,3.802672863006592
2003-10-13,3.818650007247925
2003-10-14,3.7675223350524902
2003-10-15,3.802672863006592
2003-10-16,3.8378233909606934
2003-10-17,3.818650007247925
2003-10-20,3.8665826320648193
2003-10-21,3.8985376358032227
2003-10-22,3.80906343460083
2003-10-23,3.7355661392211914
2003-10-24,3.7163925170898438
2003-10-27,3.7483484745025635
2003-10-28,3.8857555389404297
2003-10-29,3.8825602531433105
2003-10-30,3.8410189151763916
2003-10-31,3.834627389907837
2003-11-03,3.9368844032287598
2003-11-04,3.9209067821502686
2003-11-05,3.930492877960205
2003-11-06,3.834627389907837
2003-11-07,3.8985376358032227
2003-11-10,3.8985376358032227
2003-11-11,3.8378233909606934
2003-11-12,3.914515256881714
2003-11-13,3.9496662616729736
2003-11-14,3.9464709758758545
2003-11-17,3.802672863006592
2003-11-18,3.802672863006592
2003-11-19,3.7611305713653564
2003-11-20,3.6173315048217773
2003-11-21,3.6684601306915283
2003-11-24,3.713197946548462
2003-11-25,3.7355661392211914
2003-11-26,3.729175090789795
2003-11-28,3.7004153728485107
2003-12-01,3.7163925170898438
2003-12-02,3.7355661392211914
2003-12-03,3.7068068981170654
2003-12-04,3.7547385692596436
2003-12-05,3.703610897064209
2003-12-08,3.690829277038574
2003-12-09,3.6940243244171143
2003-12-10,3.6269185543060303
2003-12-11,3.7004153728485107
2003-12-12,3.8058676719665527
2003-12-15,3.7483484745025635
2003-12-16,3.7355661392211914
2003-12-17,3.6876332759857178
2003-12-18,3.783499240875244
2003-12-19,3.757935047149658
2003-12-22,3.796280860900879
2003-12-23,3.7387616634368896
2003-12-24,3.834627389907837
2003-12-26,3.802672863006592
2003-12-29,3.825040817260742
2003-12-30,3.818650007247925
2003-12-31,3.802672863006592
2004-01-02,3.956056833267212
2004-01-05,4.13820219039917
2004-01-06,4.135005474090576
2004-01-07,4.106246471405029
2004-01-08,4.163766384124756
2004-01-09,4.243654251098633
2004-01-12,4.230871677398682
2004-01-13,4.170157432556152
2004-01-14,4.157375335693359
2004-01-15,4.154179573059082
2004-01-16,4.166961669921875
2004-01-20,4.202112197875977
2004-01-21,4.208503723144531
2004-01-22,4.205307483673096
2004-01-23,4.208503723144531
2004-01-26,4.192525386810303
2004-01-27,4.103050708770752
2004-01-28,4.077487468719482
2004-01-29,4.067900657653809
2004-01-30,4.144593715667725
2004-02-02,4.099855899810791
2004-02-03,4.131811618804932
2004-02-04,4.0647053718566895
2004-02-05,4.074291706085205
2004-02-06,4.160571098327637
2004-02-09,4.275609493255615
2004-02-10,4.214894771575928
2004-02-11,4.278805732727051
2004-02-12,4.214894771575928
2004-02-13,4.224481105804443
2004-02-17,4.313956260681152
2004-02-18,4.288392066955566
2004-02-19,4.297978401184082
2004-02-20,4.234067440032959
2004-02-23,4.202112197875977
2004-02-24,4.147789001464844
2004-02-25,4.211698532104492
2004-02-26,4.3299336433410645
2004-02-27,4.349106311798096
2004-03-01,4.444971084594727
2004-03-02,4.470536231994629
2004-03-03,4.441776752471924
2004-03-04,4.633507251739502
2004-03-05,4.518468379974365
2004-03-08,4.460949897766113
2004-03-09,4.483318328857422
2004-03-10,4.464145183563232
2004-03-11,4.342715740203857
2004-03-12,4.377865791320801
2004-03-15,4.170157432556152
2004-03-16,4.154179573059082
2004-03-17,4.208503723144531
2004-03-18,4.400234699249268
2004-03-19,4.313956260681152
2004-03-22,3.9113197326660156
2004-03-23,4.08068323135376
2004-03-24,4.119029521942139
2004-03-25,4.141397476196289
2004-03-26,4.074291706085205
2004-03-29,4.291586875915527
2004-03-30,4.266022682189941
2004-03-31,4.345911026000977
2004-04-01,4.489710330963135
2004-04-02,4.441776752471924
2004-04-05,4.483318328857422
2004-04-06,4.333128929138184
2004-04-07,4.339520454406738
2004-04-08,4.310759544372559
2004-04-12,4.390648365020752
2004-04-13,4.377865791320801
2004-04-14,4.381062030792236
2004-04-15,4.326738357543945
2004-04-16,4.333128929138184
2004-04-19,4.3075642585754395
2004-04-20,4.301173686981201
2004-04-21,4.368278980255127
2004-04-22,4.342715740203857
2004-04-23,4.304368495941162
2004-04-26,4.28200101852417
2004-04-27,4.224481105804443
2004-04-28,4.109442234039307
2004-04-29,3.981621503829956
2004-04-30,3.860192060470581
2004-05-03,3.8665826320648193
2004-05-04,3.914515256881714
2004-05-05,3.831432342529297
2004-05-06,3.745151996612549
2004-05-07,3.6460909843444824
2004-05-10,3.3712761402130127
2004-05-11,3.5630078315734863
2004-05-12,3.610940933227539
2004-05-13,3.5725951194763184
2004-05-14,3.5118792057037354
2004-05-17,3.3233437538146973
2004-05-18,3.400036573410034
2004-05-19,3.5502254962921143
2004-05-20,3.4990973472595215
2004-05-21,3.5789852142333984
2004-05-24,3.5885720252990723
2004-05-25,3.6428956985473633
2004-05-26,3.6620688438415527
2004-05-27,3.7068068981170654
2004-05-28,3.745151996612549
2004-06-01,3.674851179122925
2004-06-02,3.610940933227539
2004-06-03,3.505488872528076
2004-06-04,3.559812307357788
2004-06-07,3.722783327102661
2004-06-08,3.6972193717956543
2004-06-09,3.610940933227539
2004-06-10,3.607745409011841
2004-06-14,3.396841049194336
2004-06-15,3.4319915771484375
2004-06-16,3.4192087650299072
2004-06-17,3.4351863861083984
2004-06-18,3.3808627128601074
2004-06-21,3.3521034717559814
2004-06-22,3.377667188644409
2004-06-23,3.4863152503967285
2004-06-24,3.502293586730957
2004-06-25,3.5438342094421387
2004-06-28,3.508683919906616
2004-06-29,3.531052589416504
2004-06-30,3.610940933227539
2004-07-01,3.534248113632202
2004-07-02,3.518270492553711
2004-07-06,3.4799246788024902
2004-07-07,3.5502254962921143
2004-07-08,3.4831197261810303
2004-07-09,3.521466016769409
2004-07-12,3.4831197261810303
2004-07-13,3.4703378677368164
2004-07-14,3.4319915771484375
2004-07-15,3.3521034717559814
2004-07-16,3.320148229598999
2004-07-19,3.294584035873413
2004-07-20,3.262629270553589
2004-07-21,3.22747802734375
2004-07-22,3.243455410003662
2004-07-23,3.198718547821045
2004-07-26,3.198718547821045
2004-07-27,3.269019365310669
2004-07-28,3.2083051204681396
2004-07-29,3.22747802734375
2004-07-30,3.272214889526367
2004-08-02,3.2530417442321777
2004-08-03,3.22747802734375
2004-08-04,3.22747802734375
2004-08-05,3.265824317932129
2004-08-06,3.1955227851867676
2004-08-09,3.2306735515594482
2004-08-10,3.281801462173462
2004-08-11,3.198718547821045
2004-08-12,3.1955227851867676
2004-08-13,3.2306735515594482
2004-08-16,3.22747802734375
2004-08-17,3.2466509342193604
2004-08-18,3.3073666095733643
2004-08-19,3.3712761402130127
2004-08-20,3.4511642456054688
2004-08-23,3.4447734355926514
2004-08-24,3.5406386852264404
2004-08-25,3.575789451599121
2004-08-26,3.5725951194763184
2004-08-27,3.5885720252990723
2004-08-30,3.5246613025665283
2004-08-31,3.5118792057037354
2004-09-01,3.598159074783325
2004-09-02,3.607745409011841
2004-09-03,3.5662026405334473
2004-09-07,3.6173315048217773
2004-09-08,3.6013545989990234
2004-09-09,3.633310079574585
2004-09-10,3.649287700653076
2004-09-13,3.7100014686584473
2004-09-14,3.6812427043914795
2004-09-15,3.649287700653076
2004-09-16,3.6428956985473633
2004-09-17,3.610940933227539
2004-09-20,3.6013545989990234
2004-09-21,3.636505126953125
2004-09-22,3.6013545989990234
2004-09-23,3.6269185543060303
2004-09-24,3.5949630737304688
2004-09-27,3.5406386852264404
2004-09-28,3.5470309257507324
2004-09-29,3.5534207820892334
2004-09-30,3.5725951194763184
2004-10-01,3.6397006511688232
2004-10-04,3.713197946548462
2004-10-05,3.7387616634368896
2004-10-06,3.7068068981170654
2004-10-07,3.722783327102661
2004-10-08,3.6812427043914795
2004-10-11,3.6972193717956543
2004-10-12,3.623723030090332
2004-10-13,3.598159074783325
2004-10-14,3.5278570652008057
2004-10-15,3.5406386852264404
2004-10-18,3.521466016769409
2004-10-19,3.5374438762664795
2004-10-20,3.5246613025665283
2004-10-21,3.521466016769409
2004-10-22,3.4799246788024902
2004-10-25,3.46394681930542
2004-10-26,3.4447734355926514
2004-10-27,3.502293586730957
2004-10-28,3.492706298828125
2004-10-29,3.4990973472595215
2004-11-01,3.4990973472595215
2004-11-02,3.5630078315734863
2004-11-03,3.649287700653076
2004-11-04,3.6684601306915283
2004-11-05,3.7387616634368896
2004-11-08,3.722783327102661
2004-11-09,3.745151996612549
2004-11-10,3.7068068981170654
2004-11-11,3.7355661392211914
2004-11-12,3.7675223350524902
2004-11-15,3.8378233909606934
2004-11-16,3.8378233909606934
2004-11-17,3.9528608322143555
2004-11-18,3.9528608322143555
2004-11-19,3.9017326831817627
2004-11-22,3.8569960594177246
2004-11-23,3.860192060470581
2004-11-24,3.9688398838043213
2004-11-26,3.914515256881714
2004-11-29,3.9113197326660156
2004-11-30,3.9752299785614014
2004-12-01,4.0295538902282715
2004-12-02,3.978425979614258
2004-12-03,3.9113197326660156
2004-12-06,3.9177112579345703
2004-12-07,3.9272968769073486
2004-12-08,3.9177112579345703
2004-12-09,3.9177112579345703
2004-12-10,3.914515256881714
2004-12-13,3.9848170280456543
2004-12-14,4.042336463928223
2004-12-15,4.141397476196289
2004-12-16,4.160571098327637
2004-12-17,4.147789001464844
2004-12-20,4.0838775634765625
2004-12-21,4.058313846588135
2004-12-22,4.109442234039307
2004-12-23,4.106246471405029
2004-12-27,4.13820219039917
2004-12-28,4.160571098327637
2004-12-29,4.214894771575928
2004-12-30,4.170157432556152
2004-12-31,4.234067440032959
2005-01-03,4.202112197875977
2005-01-04,4.125420093536377
2005-01-05,4.032749652862549
2005-01-06,3.994403123855591
2005-01-07,3.9624478816986084
2005-01-10,3.9720354080200195
2005-01-11,3.9336884021759033
2005-01-12,3.930492877960205
2005-01-13,3.9209067821502686
2005-01-14,3.9464709758758545
2005-01-18,3.978425979614258
2005-01-19,3.8985376358032227
2005-01-20,3.904928684234619
2005-01-21,3.9081246852874756
2005-01-24,3.8665826320648193
2005-01-25,3.8793647289276123
2005-01-26,3.9528608322143555
2005-01-27,3.9209067821502686
2005-01-28,3.9496662616729736
2005-01-31,4.071094989776611
2005-02-01,4.103050708770752
2005-02-02,4.125420093536377
2005-02-03,4.150983810424805
2005-02-04,4.154179573059082
2005-02-07,4.17974328994751
2005-02-08,4.272413730621338
2005-02-09,4.297978401184082
2005-02-10,4.3075642585754395
2005-02-11,4.266022682189941
2005-02-14,4.301173686981201
2005-02-15,4.317151069641113
2005-02-16,4.313956260681152
2005-02-17,4.28200101852417
2005-02-18,4.310759544372559
2005-02-22,4.28200101852417
2005-02-23,4.275609493255615
2005-02-24,4.345911026000977
2005-02-25,4.42579984664917
2005-02-28,4.441776752471924
2005-03-01,4.476927280426025
2005-03-02,4.444971084594727
2005-03-03,4.4385809898376465
2005-03-04,4.441776752471924
2005-03-07,4.4513630867004395
2005-03-08,4.349106311798096
2005-03-09,4.3299336433410645
2005-03-10,4.285195350646973
2005-03-11,4.317151069641113
2005-03-14,4.256436347961426
2005-03-15,4.189330101013184
2005-03-16,4.192525386810303
2005-03-17,4.189330101013184
2005-03-18,4.163766384124756
2005-03-21,4.150983810424805
2005-03-22,4.058313846588135
2005-03-23,4.077487468719482
2005-03-24,4.0934648513793945
2005-03-28,4.090269565582275
2005-03-29,4.026358604431152
2005-03-30,4.042336463928223
2005-03-31,4.0838775634765625
2005-04-01,4.115833282470703
2005-04-04,4.090269565582275
2005-04-05,4.099855899810791
2005-04-06,4.115833282470703
2005-04-07,4.090269565582275
2005-04-08,4.071094989776611
2005-04-11,3.9528608322143555
2005-04-12,4.03594446182251
2005-04-13,3.991208076477051
2005-04-14,3.9081246852874756
2005-04-15,3.904928684234619
2005-04-18,3.895341634750366
2005-04-19,3.9528608322143555
2005-04-20,3.9209067821502686
2005-04-21,3.9624478816986084
2005-04-22,3.9752299785614014
2005-04-25,4.010381698608398
2005-04-26,4.016772270202637
2005-04-27,3.9752299785614014
2005-04-28,4.039140224456787
2005-04-29,4.0295538902282715
2005-05-02,4.051922798156738
2005-05-03,4.013576984405518
2005-05-04,4.061509132385254
2005-05-05,4.234067440032959
2005-05-06,4.211698532104492
2005-05-09,4.189330101013184
2005-05-10,4.195721626281738
2005-05-11,4.186133861541748
2005-05-12,4.170157432556152
2005-05-13,4.208503723144531
2005-05-16,4.17335319519043
2005-05-17,4.131811618804932
2005-05-18,4.147789001464844
2005-05-19,4.17335319519043
2005-05-20,4.214894771575928
2005-05-23,4.154179573059082
2005-05-24,4.186133861541748
2005-05-25,4.099855899810791
2005-05-26,4.119029521942139
2005-05-27,4.160571098327637
2005-05-31,4.144593715667725
2005-06-01,4.170157432556152
2005-06-02,4.154179573059082
2005-06-03,4.208503723144531
2005-06-06,4.237262725830078
2005-06-07,4.266022682189941
2005-06-08,4.2500457763671875
2005-06-09,4.24685001373291
2005-06-10,4.218090534210205
2005-06-13,4.234067440032959
2005-06-14,4.218090534210205
2005-06-15,4.275609493255615
2005-06-16,4.2500457763671875
2005-06-17,4.310759544372559
2005-06-20,4.2500457763671875
2005-06-21,4.304368495941162
2005-06-22,4.3714752197265625
2005-06-23,4.3714752197265625
2005-06-24,4.374670505523682
2005-06-27,4.3299336433410645
2005-06-28,4.333128929138184
2005-06-29,4.326738357543945
2005-06-30,4.326738357543945
2005-07-01,4.342715740203857
2005-07-05,4.352302074432373
2005-07-06,4.345911026000977
2005-07-07,4.3075642585754395
2005-07-08,4.266022682189941
2005-07-11,4.304368495941162
2005-07-12,4.361888885498047
2005-07-13,4.3299336433410645
2005-07-14,4.3842573165893555
2005-07-15,4.409821510314941
2005-07-18,4.4130167961120605
2005-07-19,4.4513630867004395
2005-07-20,4.467341423034668
2005-07-21,4.486513614654541
2005-07-22,4.492905616760254
2005-07-25,4.444971084594727
2005-07-26,4.419407844543457
2005-07-27,4.3299336433410645
2005-07-28,4.393843650817871
2005-07-29,4.36508321762085
2005-08-01,4.406625747680664
2005-08-02,4.473731994628906
2005-08-03,4.464145183563232
2005-08-04,4.422603607177734
2005-08-05,4.441776752471924
2005-08-08,4.444971084594727
2005-08-09,4.508882522583008
2005-08-10,4.563206195831299
2005-08-11,4.6143341064453125
2005-08-12,4.58237886428833
2005-08-15,4.492905616760254
2005-08-16,4.435385704040527
2005-08-17,4.441776752471924
2005-08-18,4.4130167961120605
2005-08-19,4.42579984664917
2005-08-22,4.480123043060303
2005-08-23,4.454559326171875
2005-08-24,4.416212558746338
2005-08-25,4.397039890289307
2005-08-26,4.349106311798096
2005-08-29,4.345911026000977
2005-08-30,4.269218444824219
2005-08-31,4.262827396392822
2005-09-01,4.262827396392822
2005-09-02,4.262827396392822
2005-09-06,4.294782638549805
2005-09-07,4.230871677398682
2005-09-08,4.243654251098633
2005-09-09,4.291586875915527
2005-09-12,4.3075642585754395
2005-09-13,4.333128929138184
2005-09-14,4.313956260681152
2005-09-15,4.304368495941162
2005-09-16,4.262827396392822
2005-09-19,4.243654251098633
2005-09-20,4.218090534210205
2005-09-21,4.214894771575928
2005-09-22,4.17335319519043
2005-09-23,4.163766384124756
2005-09-26,4.17335319519043
2005-09-27,4.163766384124756
2005-09-28,4.150983810424805
2005-09-29,4.2500457763671875
2005-09-30,4.320347785949707
2005-10-03,4.320347785949707
2005-10-04,4.336324214935303
2005-10-05,4.313956260681152
2005-10-06,4.266022682189941
2005-10-07,4.301173686981201
2005-10-10,4.3075642585754395
2005-10-11,4.262827396392822
2005-10-12,4.115833282470703
2005-10-13,4.051922798156738
2005-10-14,3.978425979614258
2005-10-17,3.9528608322143555
2005-10-18,3.9688398838043213
2005-10-19,3.9241018295288086
2005-10-20,3.8378233909606934
2005-10-21,3.9017326831817627
2005-10-24,3.9464709758758545
2005-10-25,3.9272968769073486
2005-10-26,3.930492877960205
2005-10-27,3.869778633117676
2005-10-28,3.8729729652404785
2005-10-31,3.9624478816986084
2005-11-01,3.9752299785614014
2005-11-02,4.115833282470703
2005-11-03,4.090269565582275
2005-11-04,4.119029521942139
2005-11-07,4.0934648513793945
2005-11-08,4.087073802947998
2005-11-09,4.17974328994751
2005-11-10,4.24685001373291
2005-11-11,4.288392066955566
2005-11-14,4.272413730621338
2005-11-15,4.256436347961426
2005-11-16,4.28200101852417
2005-11-17,4.297978401184082
2005-11-18,4.339520454406738
2005-11-21,4.390648365020752
2005-11-22,4.377865791320801
2005-11-23,4.473731994628906
2005-11-25,4.508882522583008
2005-11-28,4.473731994628906
2005-11-29,4.476927280426025
2005-11-30,4.464145183563232
2005-12-01,4.489710330963135
2005-12-02,4.521665096282959
2005-12-05,4.617530345916748
2005-12-06,4.6590728759765625
2005-12-07,4.630312919616699
2005-12-08,4.544033050537109
2005-12-09,4.585575580596924
2005-12-12,4.598357677459717
2005-12-13,4.5951619148254395
2005-12-14,4.537642478942871
2005-12-15,4.585575580596924
2005-12-16,4.601552486419678
2005-12-19,4.607943534851074
2005-12-20,4.646289348602295
2005-12-21,4.697418689727783
2005-12-22,4.652681350708008
2005-12-23,4.722983360290527
2005-12-27,4.739658832550049
2005-12-28,4.7460713386535645
2005-12-29,4.790966510772705
2005-12-30,4.80700159072876
2006-01-03,4.96734094619751
2006-01-04,5.10202693939209
2006-01-05,5.2142653465271
2006-01-06,5.307261943817139
2006-01-09,5.451569080352783
2006-01-10,5.364985942840576
2006-01-11,5.3585710525512695
2006-01-12,5.323297500610352
2006-01-13,5.284815311431885
2006-01-17,5.284815311431885
2006-01-18,5.159749507904053
2006-01-19,5.239920139312744
2006-01-20,5.050717830657959
2006-01-23,5.050717830657959
2006-01-24,5.060338973999023
2006-01-25,5.201437473297119
2006-01-26,5.371398448944092
2006-01-27,5.493257999420166
2006-01-30,5.53173828125
2006-01-31,5.557393550872803
2006-02-01,5.550980091094971
2006-02-02,5.451569080352783
2006-02-03,5.425914764404297
2006-02-06,5.316883087158203
2006-02-07,5.336123943328857
2006-02-08,5.329710483551025
2006-02-09,5.268781661987305
2006-02-10,5.111648082733154
2006-02-13,4.944893836975098
2006-02-14,5.140508651733398
2006-02-15,5.127682685852051
2006-02-16,5.27519416809082
2006-02-17,5.24954080581665
2006-02-21,5.227092266082764
2006-02-22,5.166164398193359
2006-02-23,5.12447452545166
2006-02-24,5.143716335296631
2006-02-27,5.153336524963379
2006-02-28,5.159749507904053
2006-03-01,5.227092266082764
2006-03-02,5.227092266082764
2006-03-03,5.156543254852295
2006-03-06,5.095614433288574
2006-03-07,4.932065963745117
2006-03-08,4.925652503967285
2006-03-09,5.025063991546631
2006-03-10,5.047512054443359
2006-03-13,5.140508651733398
2006-03-14,5.230299472808838
2006-03-15,5.195024490356445
2006-03-16,5.114854335784912
2006-03-17,5.1469221115112305
2006-03-20,5.140508651733398
2006-03-21,5.1469221115112305
2006-03-22,5.0667524337768555
2006-03-23,5.037890911102295
2006-03-24,5.041097640991211
2006-03-27,5.0667524337768555
2006-03-28,5.050717830657959
2006-03-29,5.114854335784912
2006-03-30,5.134095191955566
2006-03-31,5.162957668304443
2006-04-03,5.406673908233643
2006-04-04,5.432328224182129
2006-04-05,5.49967098236084
2006-04-06,5.509291172027588
2006-04-07,5.483636856079102
2006-04-10,5.547772407531738
2006-04-11,5.493257999420166
2006-04-12,5.525325298309326
2006-04-13,5.701700210571289
2006-04-17,5.804317474365234
2006-04-18,5.858833312988281
2006-04-19,5.862039566040039
2006-04-20,5.8748674392700195
2006-04-21,5.8203511238098145
2006-04-24,5.772249221801758
2006-04-25,5.7979044914245605
2006-04-26,5.92938232421875
2006-04-27,5.932590007781982
2006-04-28,5.971070766448975
2006-05-01,6.019174098968506
2006-05-02,6.060862064361572
2006-05-03,6.060862064361572
2006-05-04,6.285337924957275
2006-05-05,6.394369125366211
2006-05-08,6.484160423278809
2006-05-09,6.400783538818359
2006-05-10,6.333442211151123
2006-05-11,6.221202373504639
2006-05-12,6.012758731842041
2006-05-15,5.759421348571777
2006-05-16,5.7530083656311035
2006-05-17,5.685665607452393
2006-05-18,5.602288246154785
2006-05-19,5.6375627517700195
2006-05-22,5.374605655670166
2006-05-23,5.419501304626465
2006-05-24,5.425914764404297
2006-05-25,5.515705108642578
2006-05-26,5.589460849761963
2006-05-30,5.483636856079102
2006-05-31,5.470810413360596
2006-06-01,5.579841613769531
2006-06-02,5.669631481170654
2006-06-05,5.454776287078857
2006-06-06,5.406673908233643
2006-06-07,5.304056644439697
2006-06-08,5.041097640991211
2006-06-09,5.031476974487305
2006-06-12,4.871136665344238
2006-06-13,4.755692481994629
2006-06-14,4.938479900360107
2006-06-15,5.034684181213379
2006-06-16,5.021857261657715
2006-06-19,4.9609270095825195
2006-06-20,4.842276573181152
2006-06-21,4.864722728729248
2006-06-22,4.829448223114014
2006-06-23,4.758899211883545
2006-06-26,4.842276573181152
2006-06-27,4.810207366943359
2006-06-28,4.835862636566162
2006-06-29,5.018650054931641
2006-06-30,5.009029865264893
2006-07-03,5.12447452545166
2006-07-05,4.970547676086426
2006-07-06,4.986581802368164
2006-07-07,4.9224467277526855
2006-07-10,4.941686630249023
2006-07-11,4.957720756530762
2006-07-12,4.8775506019592285
2006-07-13,4.7460713386535645
2006-07-14,4.685142517089844
2006-07-17,4.521595478057861
2006-07-18,4.473493576049805
2006-07-19,4.601766109466553
2006-07-20,4.604971885681152
2006-07-21,4.608178615570068
2006-07-24,4.723623752593994
2006-07-25,4.726830959320068
2006-07-26,4.730038166046143
2006-07-27,4.794173717498779
2006-07-28,4.813414573669434
2006-07-31,4.790966510772705
2006-08-01,4.762105464935303
2006-08-02,4.800588130950928
2006-08-03,4.768519401550293
2006-08-04,4.739658832550049
2006-08-07,4.710797309875488
2006-08-08,4.797380447387695
2006-08-09,4.890378475189209
2006-08-10,4.9609270095825195
2006-08-11,4.9513068199157715
2006-08-14,5.015443801879883
2006-08-15,5.098820686340332
2006-08-16,5.195024490356445
2006-08-17,5.211057186126709
2006-08-18,5.2142653465271
2006-08-21,5.092406749725342
2006-08-22,5.034684181213379
2006-08-23,5.021857261657715
2006-08-24,5.060338973999023
2006-08-25,5.009029865264893
2006-08-28,4.957720756530762
2006-08-29,5.025063991546631
2006-08-30,5.098820686340332
2006-08-31,5.0763726234436035
2006-09-01,5.1469221115112305
2006-09-05,5.195024490356445
2006-09-06,5.060338973999023
2006-09-07,5.105233669281006
2006-09-08,5.118061542510986
2006-09-11,5.159749507904053
2006-09-12,5.159749507904053
2006-09-13,5.153336524963379
2006-09-14,5.137302875518799
2006-09-15,5.178990364074707
2006-09-18,5.448362350463867
2006-09-19,5.339331150054932
2006-09-20,5.451569080352783
2006-09-21,5.49967098236084
2006-09-22,5.397052764892578
2006-09-25,5.419501304626465
2006-09-26,5.445156097412109
2006-09-27,5.451569080352783
2006-09-28,5.4098801612854
2006-09-29,5.400259494781494
2006-10-02,5.3874335289001465
2006-10-03,5.364985942840576
2006-10-04,5.364985942840576
2006-10-05,5.483636856079102
2006-10-06,5.451569080352783
2006-10-09,5.406673908233643
2006-10-10,5.470810413360596
2006-10-11,5.374605655670166
2006-10-12,5.3810200691223145
2006-10-13,5.4772233963012695
2006-10-16,5.512498378753662
2006-10-17,5.445156097412109
2006-10-18,5.3585710525512695
2006-10-19,5.281608581542969
2006-10-20,5.300849437713623
2006-10-23,5.24954080581665
2006-10-24,5.27519416809082
2006-10-25,5.278400421142578
2006-10-26,5.2719879150390625
2006-10-27,5.166164398193359
2006-10-30,5.105233669281006
2006-10-31,5.1982316970825195
2006-11-01,5.150129318237305
2006-11-02,5.24954080581665
2006-11-03,5.297642230987549
2006-11-06,5.336123943328857
2006-11-07,5.384225368499756
2006-11-08,5.3810200691223145
2006-11-09,5.3617777824401855
2006-11-10,5.397052764892578
2006-11-13,5.3617777824401855
2006-11-14,5.429121494293213
2006-11-15,5.384225368499756
2006-11-16,5.4387431144714355
2006-11-17,5.400259494781494
2006-11-20,5.37781286239624
2006-11-21,5.483636856079102
2006-11-22,5.53173828125
2006-11-24,5.579841613769531
2006-11-27,5.534946441650391
2006-11-28,5.5541863441467285
2006-11-29,5.624736785888672
2006-11-30,5.647183895111084
2006-12-01,5.631148338317871
2006-12-04,5.708112716674805
2006-12-05,5.708112716674805
2006-12-06,5.759421348571777
2006-12-07,5.762629985809326
2006-12-08,5.7433881759643555
2006-12-11,5.714526653289795
2006-12-12,5.579841613769531
2006-12-13,5.602288246154785
2006-12-14,5.650391101837158
2006-12-15,5.704906463623047
2006-12-18,5.7433881759643555
2006-12-19,5.698493003845215
2006-12-20,5.724148273468018
2006-12-21,5.772249221801758
2006-12-22,5.833178520202637
2006-12-26,5.858833312988281
2006-12-27,5.852419853210449
2006-12-28,5.810730934143066
2006-12-29,5.932590007781982
2007-01-03,6.041621208190918
2007-01-04,6.051241397857666
2007-01-05,5.916554927825928
2007-01-08,5.939002513885498
2007-01-09,5.92938232421875
2007-01-10,5.906935214996338
2007-01-11,5.900521278381348
2007-01-12,5.993518352508545
2007-01-16,5.996726036071777
2007-01-17,6.019174098968506
2007-01-18,6.067275047302246
2007-01-19,6.051241397857666
2007-01-22,6.006346225738525
2007-01-23,6.099344253540039
2007-01-24,6.131413459777832
2007-01-25,6.048033714294434
2007-01-26,5.93579626083374
2007-01-29,5.89731502532959
2007-01-30,5.90372896194458
2007-01-31,5.804317474365234
2007-02-01,5.817144870758057
2007-02-02,5.807524681091309
2007-02-05,5.8267645835876465
2007-02-06,5.849212169647217
2007-02-07,5.852419853210449
2007-02-08,5.8203511238098145
2007-02-09,5.8203511238098145
2007-02-12,5.7530083656311035
2007-02-13,5.733767986297607
2007-02-14,5.855627059936523
2007-02-15,5.865246772766113
2007-02-16,5.849212169647217
2007-02-20,5.836385726928711
2007-02-21,5.8203511238098145
2007-02-22,5.846005916595459
2007-02-23,5.852419853210449
2007-02-26,5.810730934143066
2007-02-27,5.615115165710449
2007-02-28,5.643978118896484
2007-03-01,5.49967098236084
2007-03-02,5.474017143249512
2007-03-05,5.246333599090576
2007-03-06,5.490050792694092
2007-03-07,5.403467655181885
2007-03-08,5.502877235412598
2007-03-09,5.454776287078857
2007-03-12,5.611908912658691
2007-03-13,5.486844062805176
2007-03-14,5.445156097412109
2007-03-15,5.640771389007568
2007-03-16,5.595875263214111
2007-03-19,5.67604398727417
2007-03-20,5.688872337341309
2007-03-21,5.862039566040039
2007-03-22,5.890902042388916
2007-03-23,5.906935214996338
2007-03-26,5.88128137588501
2007-03-27,5.775455951690674
2007-03-28,5.6664252281188965
2007-03-29,5.740181922912598
2007-03-30,5.772249221801758
2007-04-02,5.804317474365234
2007-04-03,5.8748674392700195
2007-04-04,5.836385726928711
2007-04-05,5.945417404174805
2007-04-09,6.009552001953125
2007-04-10,6.009552001953125
2007-04-11,6.0320000648498535
2007-04-12,6.073688507080078
2007-04-13,6.025588035583496
2007-04-16,6.044828414916992
2007-04-17,5.983898162841797
2007-04-18,5.932590007781982
2007-04-19,5.855627059936523
2007-04-20,5.88128137588501
2007-04-23,5.958244323730469
2007-04-24,5.987105369567871
2007-04-25,5.9678635597229
2007-04-26,5.961451053619385
2007-04-27,5.8684539794921875
2007-04-30,5.772249221801758
2007-05-01,5.7850775718688965
2007-05-02,5.852419853210449
2007-05-03,5.8684539794921875
2007-05-04,5.961451053619385
2007-05-07,5.999931812286377
2007-05-08,5.9678635597229
2007-05-09,5.958244323730469
2007-05-10,5.955038070678711
2007-05-11,6.012758731842041
2007-05-14,5.894106864929199
2007-05-15,5.92938232421875
2007-05-16,5.939002513885498
2007-05-17,5.922969818115234
2007-05-18,5.964657783508301
2007-05-21,6.019174098968506
2007-05-22,6.038414001464844
2007-05-23,5.996726036071777
2007-05-24,5.8716607093811035
2007-05-25,5.955038070678711
2007-05-29,5.977484703063965
2007-05-30,5.980691432952881
2007-05-31,6.028793811798096
2007-06-01,6.124997615814209
2007-06-04,6.137825012207031
2007-06-05,6.096137046813965
2007-06-06,6.0768961906433105
2007-06-07,6.06406831741333
2007-06-08,6.134618759155273
2007-06-11,6.141031742095947
2007-06-12,6.108964920043945
2007-06-13,6.141031742095947
2007-06-14,6.176307678222656
2007-06-15,6.253270626068115
2007-06-18,6.253270626068115
2007-06-19,6.2693047523498535
2007-06-20,6.27892541885376
2007-06-21,6.436058044433594
2007-06-22,6.343061447143555
2007-06-25,6.413610935211182
2007-06-26,6.39757776260376
2007-06-27,6.420024394989014
2007-06-28,6.477746486663818
2007-06-29,6.46171236038208
2007-07-02,6.638087272644043
2007-07-03,6.692602634429932
2007-07-05,6.8048415184021
2007-07-06,6.782393932342529
2007-07-09,6.913871765136719
2007-07-10,6.840116024017334
2007-07-11,6.875389575958252
2007-07-12,7.038938522338867
2007-07-13,7.106280326843262
2007-07-16,7.035729885101318
2007-07-17,7.087039470672607
2007-07-18,7.0004563331604
2007-07-19,7.0998663902282715
2007-07-20,7.074211597442627
2007-07-23,7.231345176696777
2007-07-24,7.189657211303711
2007-07-25,7.292273998260498
2007-07-26,7.013283729553223
2007-07-27,6.830494403839111
2007-07-30,6.9491472244262695
2007-07-31,6.955559730529785
2007-08-01,6.820875644683838
2007-08-02,6.888219833374023
2007-08-03,6.663741588592529
2007-08-06,6.878596305847168
2007-08-07,6.840116024017334
2007-08-08,6.990835189819336
2007-08-09,6.750325679779053
2007-08-10,6.766359806060791
2007-08-13,6.759946346282959
2007-08-14,6.58677864074707
2007-08-15,6.291752815246582
2007-08-16,6.217996120452881
2007-08-17,6.557917594909668
2007-08-20,6.564330577850342
2007-08-21,6.538675308227539
2007-08-22,6.6605353355407715
2007-08-23,6.727876663208008
2007-08-24,6.8240814208984375
2007-08-27,6.734291076660156
2007-08-28,6.525849342346191
2007-08-29,6.792013168334961
2007-08-30,6.663741588592529
2007-08-31,6.8721842765808105
2007-09-04,6.849737644195557
2007-09-05,6.74070405960083
2007-09-06,6.885011196136475
2007-09-07,6.695809364318848
2007-09-10,6.673360824584961
2007-09-11,6.779185771942139
2007-09-12,6.731085300445557
2007-09-13,6.7022223472595215
2007-09-14,6.692602634429932
2007-09-17,6.522642135620117
2007-09-18,6.699015140533447
2007-09-19,6.670156002044678
2007-09-20,6.638087272644043
2007-09-21,6.766359806060791
2007-09-24,6.769565582275391
2007-09-25,6.727876663208008
2007-09-26,6.926699638366699
2007-09-27,7.051764965057373
2007-09-28,7.01007604598999
2007-10-01,7.170417308807373
2007-10-02,7.247381210327148
2007-10-03,7.199277877807617
2007-10-04,7.27623987197876
2007-10-05,7.478268623352051
2007-10-08,7.487890243530273
2007-10-09,7.532785892486572
2007-10-10,7.558439254760742
2007-10-11,7.468648910522461
2007-10-12,7.410926818847656
2007-10-15,7.4237542152404785
2007-10-16,7.4237542152404785
2007-10-17,7.5776801109313965
2007-10-18,7.879121780395508
2007-10-19,7.725192546844482
2007-10-22,7.872705936431885
2007-10-23,7.888739585876465
2007-10-24,7.747641563415527
2007-10-25,7.7765021324157715
2007-10-26,7.920809745788574
2007-10-29,7.975325107574463
2007-10-30,7.911189079284668
2007-10-31,7.856673240661621
2007-11-01,7.353203773498535
2007-11-02,7.285861492156982
2007-11-05,7.311514854431152
2007-11-06,7.4237542152404785
2007-11-07,7.20248556137085
2007-11-08,6.939526081085205
2007-11-09,6.897837162017822
2007-11-12,6.487367153167725
2007-11-13,6.885011196136475
2007-11-14,6.750325679779053
2007-11-15,6.615639686584473
2007-11-16,6.54188346862793
2007-11-19,6.407197952270508
2007-11-20,6.525849342346191
2007-11-21,6.291752815246582
2007-11-23,6.381541728973389
2007-11-26,6.355888366699219
2007-11-27,6.314199447631836
2007-11-28,6.4456787109375
2007-11-29,6.490575313568115
2007-11-30,6.602813243865967
2007-12-03,6.647707939147949
2007-12-04,6.638087272644043
2007-12-05,6.958767414093018
2007-12-06,7.022902488708496
2007-12-07,7.022902488708496
2007-12-10,6.885011196136475
2007-12-11,6.522642135620117
2007-12-12,6.74070405960083
2007-12-13,6.429644584655762
2007-12-14,6.343061447143555
2007-12-17,5.842799186706543
2007-12-18,5.993518352508545
2007-12-19,6.163480281829834
2007-12-20,6.553784370422363
2007-12-21,6.605138301849365
2007-12-24,6.723653316497803
2007-12-26,6.857967853546143
2007-12-27,6.814511775970459
2007-12-28,6.93302583694458
2007-12-31,6.992280960083008
2008-01-02,6.7908101081848145
2008-01-03,6.755256175994873
2008-01-04,6.439219951629639
2008-01-07,6.372062683105469
2008-01-08,6.312806129455566
2008-01-09,6.557734966278076
2008-01-10,6.581437110900879
2008-01-11,6.585387706756592
2008-01-14,6.854018211364746
2008-01-15,6.893521785736084
2008-01-16,6.688098430633545
2008-01-17,6.458972930908203
2008-01-18,6.537980556488037
2008-01-22,6.182441711425781
2008-01-23,6.233798027038574
2008-01-24,6.245649814605713
2008-01-25,6.142936706542969
2008-01-28,6.0678791999816895
2008-01-29,5.984920501708984
2008-01-30,5.905910968780518
2008-01-31,6.008622169494629
2008-02-01,6.154788970947266
2008-02-04,6.162688732147217
2008-02-05,6.135036468505859
2008-02-06,6.146888256072998
2008-02-07,6.2891035079956055
2008-02-08,6.300955295562744
2008-02-11,6.348360538482666
2008-02-12,6.447120189666748
2008-02-13,6.403666973114014
2008-02-14,6.5024261474609375
2008-02-15,6.4945268630981445
2008-02-19,6.573535919189453
2008-02-20,6.589337348937988
2008-02-21,6.632791519165039
2008-02-22,6.73155403137207
2008-02-25,6.944876194000244
2008-02-26,7.051540374755859
2008-02-27,7.158200740814209
2008-02-28,7.102894306182861
2008-02-29,6.944876194000244
2008-03-03,6.9172234535217285
2008-03-04,6.952779293060303
2008-03-05,6.9883317947387695
2008-03-06,6.913273334503174
2008-03-07,6.834264278411865
2008-03-10,6.561684608459473
2008-03-11,6.88167142868042
2008-03-12,6.688098430633545
2008-03-13,6.541932582855225
2008-03-14,6.344410419464111
2008-03-17,6.344410419464111
2008-03-18,6.644643306732178
2008-03-19,6.514278888702393
2008-03-20,6.873770236968994
2008-03-24,7.521641254425049
2008-03-25,7.517690181732178
2008-03-26,7.513741970062256
2008-03-27,7.324120044708252
2008-03-28,7.225358486175537
2008-03-31,7.347822666168213
2008-04-01,7.5848493576049805
2008-04-02,7.434731483459473
2008-04-03,7.50584077835083
2008-04-04,7.553246974945068
2008-04-07,7.770520210266113
2008-04-08,7.699411869049072
2008-04-09,7.513741970062256
2008-04-10,7.742866516113281
2008-04-11,7.62435245513916
2008-04-14,7.746817588806152
2008-04-15,8.03915023803711
2008-04-16,8.284076690673828
2008-04-17,8.07470417022705
2008-04-18,8.094457626342773
2008-04-21,8.035200119018555
2008-04-22,7.861378192901611
2008-04-23,7.82187557220459
2008-04-24,7.719165325164795
2008-04-25,7.667807102203369
2008-04-28,7.6085524559021
2008-04-29,7.450532913208008
2008-04-30,7.403128147125244
2008-05-01,7.565096855163574
2008-05-02,7.497938632965088
2008-05-05,7.474236488342285
2008-05-06,7.545343399047852
2008-05-07,7.371523857116699
2008-05-08,7.347822666168213
2008-05-09,7.308318138122559
2008-05-12,7.47818660736084
2008-05-13,7.553246974945068
2008-05-14,7.636205673217773
2008-05-15,7.703361988067627
2008-05-16,7.683610916137695
2008-05-19,7.727065086364746
2008-05-20,7.470285415649414
2008-05-21,7.31621789932251
2008-05-22,7.387327194213867
2008-05-23,7.229309558868408
2008-05-27,7.363624572753906
2008-05-28,7.308318138122559
2008-05-29,7.367574691772461
2008-05-30,7.268813133239746
2008-06-02,7.264863014221191
2008-06-03,7.110795021057129
2008-06-04,7.000184059143066
2008-06-05,7.197705268859863
2008-06-06,7.039687156677246
2008-06-09,6.834264278411865
2008-06-10,6.664395809173584
2008-06-11,6.628842353820801
2008-06-12,6.518229961395264
2008-06-13,6.624892234802246
2008-06-16,6.656495571136475
2008-06-17,6.727603912353516
2008-06-18,6.6959991455078125
2008-06-19,6.735503196716309
2008-06-20,6.537980556488037
2008-06-23,6.597237586975098
2008-06-24,6.4945268630981445
2008-06-25,6.692049026489258
2008-06-26,6.285152912139893
2008-06-27,6.131086349487305
2008-06-30,6.142936706542969
2008-07-01,6.028375148773193
2008-07-02,6.040225505828857
2008-07-03,6.206144332885742
2008-07-07,6.15873908996582
2008-07-08,6.138986587524414
2008-07-09,5.965168476104736
2008-07-10,6.024424076080322
2008-07-11,6.040225505828857
2008-07-14,5.996771335601807
2008-07-15,5.803199291229248
2008-07-16,5.977018356323242
2008-07-17,6.135036468505859
2008-07-18,6.032325267791748
2008-07-21,6.162688732147217
2008-07-22,6.178492069244385
2008-07-23,6.399716377258301
2008-07-24,6.229846954345703
2008-07-25,6.253550052642822
2008-07-28,6.071829795837402
2008-07-29,6.0441765785217285
2008-07-30,6.135036468505859
2008-07-31,5.9809699058532715
2008-08-01,5.953315734863281
2008-08-04,5.890109539031982
2008-08-05,5.953315734863281
2008-08-06,5.961217403411865
2008-08-07,5.815051078796387
2008-08-08,6.12713623046875
2008-08-11,6.115283966064453
2008-08-12,5.965168476104736
2008-08-13,5.9296135902404785
2008-08-14,6.020473957061768
2008-08-15,5.9019598960876465
2008-08-18,5.629379749298096
2008-08-19,5.526668548583984
2008-08-20,5.664933681488037
2008-08-21,5.558272361755371
2008-08-22,5.60172700881958
2008-08-25,5.5661725997924805
2008-08-26,5.609627723693848
2008-08-27,5.759744644165039
2008-08-28,5.795297622680664
2008-08-29,5.657033443450928
2008-09-02,5.431858062744141
2008-09-03,5.301492691040039
2008-09-04,5.036814212799072
2008-09-05,5.103970527648926
2008-09-08,5.392353534698486
2008-09-09,5.111871719360352
2008-09-10,5.182980060577393
2008-09-11,4.985457897186279
2008-09-12,5.052614688873291
2008-09-15,4.76028299331665
2008-09-16,4.673372745513916
2008-09-17,4.618066310882568
2008-09-18,4.878796577453613
2008-09-19,5.352848529815674
2008-09-22,5.155326843261719
2008-09-23,5.096069812774658
2008-09-24,5.167177677154541
2008-09-25,5.167177677154541
2008-09-26,4.807687282562256
2008-09-29,4.345486164093018
2008-09-30,4.602264404296875
2008-10-01,4.5272064208984375
2008-10-02,4.349436283111572
2008-10-03,4.369189262390137
2008-10-06,4.302031517028809
2008-10-07,4.203269958496094
2008-10-08,4.029451370239258
2008-10-09,4.049204349517822
2008-10-10,3.7884740829467773
2008-10-13,4.286229133605957
2008-10-14,4.246726036071777
2008-10-15,3.9030368328094482
2008-10-16,3.8319287300109863
2008-10-17,3.9464924335479736
2008-10-20,4.001798629760742
2008-10-21,3.855631113052368
2008-10-22,3.618605375289917
2008-10-23,3.6067538261413574
2008-10-24,3.3183720111846924
2008-10-27,3.1524529457092285
2008-10-28,3.5514471530914307
2008-10-29,3.500092029571533
2008-10-30,3.729217052459717
2008-10-31,3.9425413608551025
2008-11-03,3.768721580505371
2008-11-04,3.954392910003662
2008-11-05,3.7924246788024902
2008-11-06,3.5277442932128906
2008-11-07,3.6225554943084717
2008-11-10,3.6541590690612793
2008-11-11,3.4289839267730713
2008-11-12,3.36972713470459
2008-11-13,3.3499755859375
2008-11-14,3.2393627166748047
2008-11-17,3.2196099758148193
2008-11-18,3.1050474643707275
2008-11-19,3.120849132537842
2008-11-20,2.943079710006714
2008-11-21,3.1050474643707275
2008-11-24,3.1327006816864014
2008-11-25,3.156403064727783
2008-11-26,3.1919572353363037
2008-11-28,3.2156600952148438
2008-12-01,3.1761558055877686
2008-12-02,3.278867483139038
2008-12-03,3.3065197467803955
2008-12-04,3.227511405944824
2008-12-05,3.3065197467803955
2008-12-08,3.4013309478759766
2008-12-09,3.3183720111846924
2008-12-10,3.5514471530914307
2008-12-11,3.4171321392059326
2008-12-12,3.342074155807495
2008-12-15,3.4645378589630127
2008-12-16,3.614654779434204
2008-12-17,3.5988526344299316
2008-12-18,3.705514669418335
2008-12-19,3.6897130012512207
2008-12-22,3.5277442932128906
2008-12-23,3.4052810668945312
2008-12-24,3.436885118484497
2008-12-26,3.4973225593566895
2008-12-29,3.461059808731079
2008-12-30,3.714897394180298
2008-12-31,3.6866934299468994
2009-01-02,3.795480489730835
2009-01-05,3.7874224185943604
2009-01-06,3.827714204788208
2009-01-07,3.7551889419555664
2009-01-08,3.650430679321289
2009-01-09,3.5214974880218506
2009-01-12,3.5094101428985596
2009-01-13,3.6141679286956787
2009-01-14,3.594022274017334
2009-01-15,3.4771766662597656
2009-01-16,3.513439178466797
2009-01-20,3.344214677810669
2009-01-21,3.424797296524048
2009-01-22,3.4167394638061523
2009-01-23,3.4288268089294434
2009-01-26,3.424797296524048
2009-01-27,3.4127097129821777
2009-01-28,3.4973225593566895
2009-01-29,3.3965930938720703
2009-01-30,3.4167394638061523
2009-02-02,3.4771766662597656
2009-02-03,3.569847583770752
2009-02-04,3.6020803451538086
2009-02-05,3.6262552738189697
2009-02-06,3.759218692779541
2009-02-09,3.618196725845337
2009-02-10,3.537613868713379
2009-02-11,3.6665472984313965
2009-02-12,3.5779054164886475
2009-02-13,3.6464016437530518
2009-02-17,3.4207682609558105
2009-02-18,3.5335850715637207
2009-02-19,3.529555559158325
2009-02-20,3.448972463607788
2009-02-23,3.3200392723083496
2009-02-24,3.4288268089294434
2009-02-25,3.424797296524048
2009-02-26,3.424797296524048
2009-02-27,3.364359140396118
2009-03-02,3.303922176361084
2009-03-03,3.4086806774139404
2009-03-04,3.529555559158325
2009-03-05,3.5094101428985596
2009-03-06,3.5658178329467773
2009-03-09,3.424797296524048
2009-03-10,3.5980515480041504
2009-03-11,3.6061103343963623
2009-03-12,3.6383438110351562
2009-03-13,3.6665472984313965
2009-03-16,3.658489227294922
2009-03-17,3.783393621444702
2009-03-18,3.771306037902832
2009-03-19,3.735043525695801
2009-03-20,3.7229559421539307
2009-03-23,3.9888813495635986
2009-03-24,3.9324727058410645
2009-03-25,3.9888813495635986
2009-03-26,4.0734944343566895
2009-03-27,3.9405317306518555
2009-03-30,3.759218692779541
2009-03-31,3.8720357418060303
2009-04-01,3.948589324951172
2009-04-02,4.117815017700195
2009-04-03,4.133931636810303
2009-04-06,4.069464683532715
2009-04-07,4.009026527404785
2009-04-08,3.9848525524139404
2009-04-09,4.0734944343566895
2009-04-13,4.129903316497803
2009-04-14,4.137961387634277
2009-04-15,4.125874042510986
2009-04-16,4.226602554321289
2009-04-17,4.093639373779297
2009-04-20,3.9405317306518555
2009-04-21,4.141989707946777
2009-04-22,4.109756946563721
2009-04-23,4.170194149017334
2009-04-24,4.2306318283081055
2009-04-27,4.069464683532715
2009-04-28,4.077523708343506
2009-04-29,4.395827293395996
2009-04-30,4.851124286651611
2009-05-01,4.778599739074707
2009-05-04,5.044524669647217
2009-05-05,4.7987446784973145
2009-05-06,4.782628059387207
2009-05-07,4.689957618713379
2009-05-08,4.935736656188965
2009-05-11,4.79068660736084
2009-05-12,4.6617536544799805
2009-05-13,4.633549213409424
2009-05-14,4.6134033203125
2009-05-15,4.669811725616455
2009-05-18,4.895444393157959
2009-05-19,4.8632121086120605
2009-05-20,4.87932825088501
2009-05-21,4.83903694152832
2009-05-22,4.92767858505249
2009-05-26,4.971999168395996
2009-05-27,4.976028919219971
2009-05-28,5.157341003417969
2009-05-29,5.193604469299316
2009-06-01,5.237924575805664
2009-06-02,5.096904277801514
2009-06-03,5.020349025726318
2009-06-04,5.012290954589844
2009-06-05,5.012290954589844
2009-06-08,4.8632121086120605
2009-06-09,4.7665114402771
2009-06-10,4.810832500457764
2009-06-11,4.87932825088501
2009-06-12,4.818890571594238
2009-06-15,4.629520416259766
2009-06-16,4.569081783294678
2009-06-17,4.5328192710876465
2009-06-18,4.5328192710876465
2009-06-19,4.617432117462158
2009-06-22,4.593256950378418
2009-06-23,4.58922815322876
2009-06-24,4.746365070343018
2009-06-25,4.794715404510498
2009-06-26,4.794715404510498
2009-06-29,4.726219654083252
2009-06-30,4.822920322418213
2009-07-01,4.935736656188965
2009-07-02,4.875299453735352
2009-07-06,4.855154037475586
2009-07-07,4.794715404510498
2009-07-08,4.822920322418213
2009-07-09,4.907533168792725
2009-07-10,4.895444393157959
2009-07-13,4.7987446784973145
2009-07-14,4.822920322418213
2009-07-15,4.99214506149292
2009-07-16,4.971999168395996
2009-07-17,5.004231929779053
2009-07-20,5.100933074951172
2009-07-21,5.100933074951172
2009-07-22,5.08078670501709
2009-07-23,5.157341003417969
2009-07-24,5.12913703918457
2009-07-27,5.137196063995361
2009-07-28,5.173457622528076
2009-07-29,5.117049694061279
2009-07-30,5.181516170501709
2009-07-31,5.165399551391602
2009-08-03,5.258070945739746
2009-08-04,5.153311729431152
2009-08-05,5.036466121673584
2009-08-06,5.028407573699951
2009-08-07,5.100933074951172
2009-08-10,5.020349025726318
2009-08-11,4.976028919219971
2009-08-12,5.020349025726318
2009-08-13,5.088845729827881
2009-08-14,5.032437324523926
2009-08-17,4.855154037475586
2009-08-18,4.895444393157959
2009-08-19,4.851124286651611
2009-08-20,4.83903694152832
2009-08-21,4.8632121086120605
2009-08-24,4.915590763092041
2009-08-25,4.891416549682617
2009-08-26,4.822920322418213
2009-08-27,4.855154037475586
2009-08-28,4.9397664070129395
2009-08-31,4.891416549682617
2009-09-01,4.947824478149414
2009-09-02,5.044524669647217
2009-09-03,5.149283409118652
2009-09-04,5.1895751953125
2009-09-08,5.2943339347839355
2009-09-09,5.278216361999512
2009-09-10,5.382975101470947
2009-09-11,5.358799934387207
2009-09-14,5.334624767303467
2009-09-15,5.443413257598877
2009-09-16,5.552199840545654
2009-09-17,5.483705043792725
2009-09-18,5.5280256271362305
2009-09-21,5.511908531188965
2009-09-22,5.568317413330078
2009-09-23,5.499821662902832
2009-09-24,5.382975101470947
2009-09-25,5.431324481964111
2009-09-28,5.467588424682617
2009-09-29,5.499821662902832
2009-09-30,5.600550651550293
2009-10-01,5.487733364105225
2009-10-02,5.47967529296875
2009-10-05,5.5280256271362305
2009-10-06,5.628755569458008
2009-10-07,5.628755569458008
2009-10-08,5.604579448699951
2009-10-09,5.6609883308410645
2009-10-12,5.624725341796875
2009-10-13,5.612637996673584
2009-10-14,5.757688522338867
2009-10-15,5.7173967361450195
2009-10-16,5.665018081665039
2009-10-19,5.733512878417969
2009-10-20,5.7053093910217285
2009-10-21,5.640842914581299
2009-10-22,5.600550651550293
2009-10-23,5.5602593421936035
2009-10-26,5.552199840545654
2009-10-27,5.5602593421936035
2009-10-28,5.39103364944458
2009-10-29,5.523996829986572
2009-10-30,5.250011920928955
2009-11-02,5.350740909576416
2009-11-03,5.322537422180176
2009-11-04,5.411179542541504
2009-11-05,5.499821662902832
2009-11-06,5.443413257598877
2009-11-09,5.612637996673584
2009-11-10,5.56428861618042
2009-11-11,5.652929782867432
2009-11-12,5.612637996673584
2009-11-13,5.648900508880615
2009-11-16,5.83424186706543
2009-11-17,5.640842914581299
2009-11-18,5.636812686920166
2009-11-19,5.608608722686768
2009-11-20,5.640842914581299
2009-11-23,5.656959533691406
2009-11-24,5.665018081665039
2009-11-25,5.640842914581299
2009-11-27,5.515937805175781
2009-11-30,5.507879257202148
2009-12-01,5.612637996673584
2009-12-02,5.604579448699951
2009-12-03,5.56428861618042
2009-12-04,5.5884623527526855
2009-12-07,5.612637996673584
2009-12-08,5.5481719970703125
2009-12-09,5.5884623527526855
2009-12-10,5.556230068206787
2009-12-11,5.5844340324401855
2009-12-14,5.59249210357666
2009-12-15,5.5481719970703125
2009-12-16,5.54011344909668
2009-12-17,5.511908531188965
2009-12-18,5.519967079162598
2009-12-21,5.5804057121276855
2009-12-22,5.600550651550293
2009-12-23,5.624725341796875
2009-12-24,5.6730756759643555
2009-12-28,5.7173967361450195
2009-12-29,5.709702968597412
2009-12-30,5.729949474334717
2009-12-31,5.790690898895264
2010-01-04,5.952669143676758
2010-01-05,5.952669143676758
2010-01-06,6.02150821685791
2010-01-07,5.928372383117676
2010-01-08,5.932421684265137
2010-01-11,5.952669143676758
2010-01-12,5.891927242279053
2010-01-13,5.920273780822754
2010-01-14,5.932421684265137
2010-01-15,5.928372383117676
2010-01-19,5.932421684265137
2010-01-20,5.843334197998047
2010-01-21,5.758295059204102
2010-01-22,5.6084675788879395
2010-01-25,5.624664783477783
2010-01-26,5.454588413238525
2010-01-27,5.414093971252441
2010-01-28,5.438390254974365
2010-01-29,5.438390254974365
2010-02-01,5.466736316680908
2010-02-02,5.426242351531982
2010-02-03,5.414093971252441
2010-02-04,5.239968299865723
2010-02-05,5.21972131729126
2010-02-08,5.195424556732178
2010-02-09,5.2521162033081055
2010-02-10,5.2926106452941895
2010-02-11,5.385746955871582
2010-02-12,5.30880880355835
2010-02-16,5.381698131561279
2010-02-17,5.422192573547363
2010-02-18,5.462686538696289
2010-02-19,5.405994415283203
2010-02-22,5.389797687530518
2010-02-23,5.389797687530518
2010-02-24,5.401944637298584
2010-02-25,5.337154865264893
2010-02-26,5.3533525466918945
2010-03-01,5.442440032958984
2010-03-02,5.470787048339844
2010-03-03,5.482934474945068
2010-03-04,5.442440032958984
2010-03-05,5.567972660064697
2010-03-08,5.576071262359619
2010-03-09,5.584170341491699
2010-03-10,5.6084675788879395
2010-03-11,5.6084675788879395
2010-03-12,5.6084675788879395
2010-03-15,5.495082855224609
2010-03-16,5.572021961212158
2010-03-17,5.644911766052246
2010-03-18,5.66110897064209
2010-03-19,5.653010845184326
2010-03-22,5.624664783477783
2010-03-23,5.624664783477783
2010-03-24,5.567972660064697
2010-03-25,5.58012056350708
2010-03-26,5.600367546081543
2010-03-29,5.640862941741943
2010-03-30,5.669208526611328
2010-03-31,5.66110897064209
2010-04-01,5.782592296600342
2010-04-05,5.786642074584961
2010-04-06,5.806888580322266
2010-04-07,5.794740200042725
2010-04-08,5.806888580322266
2010-04-09,5.827136516571045
2010-04-12,5.819037437438965
2010-04-13,5.782592296600342
2010-04-14,5.855482578277588
2010-04-15,5.843334197998047
2010-04-16,5.802839279174805
2010-04-19,5.717800617218018
2010-04-20,5.742098331451416
2010-04-21,5.75019645690918
2010-04-22,5.758295059204102
2010-04-23,5.794740200042725
2010-04-26,5.867630481719971
2010-04-27,5.786642074584961
2010-04-28,5.831185817718506
2010-04-29,5.875729560852051
2010-04-30,5.810938358306885
2010-05-03,5.84738302230835
2010-05-04,5.628714084625244
2010-05-05,5.511280059814453
2010-05-06,5.2602152824401855
2010-05-07,5.365500450134277
2010-05-10,5.612516403198242
2010-05-11,5.515329837799072
2010-05-12,5.5558247566223145
2010-05-13,5.547725200653076
2010-05-14,5.470787048339844
2010-05-17,5.482934474945068
2010-05-18,5.365500450134277
2010-05-19,5.3047590255737305
2010-05-20,5.11443567276001
2010-05-21,5.138731956481934
2010-05-24,5.171128273010254
2010-05-25,5.021298408508301
2010-05-26,5.013199329376221
2010-05-27,5.1994733810424805
2010-05-28,5.175177097320557
2010-06-01,5.086090564727783
2010-06-02,5.171128273010254
2010-06-03,5.187325954437256
2010-06-04,5.061793327331543
2010-06-07,4.936260223388672
2010-06-08,4.980803966522217
2010-06-09,4.9767537117004395
2010-06-10,5.118485450744629
2010-06-11,5.118485450744629
2010-06-14,5.138731956481934
2010-06-15,5.284512042999268
2010-06-16,5.284512042999268
2010-06-17,5.244017124176025
2010-06-18,5.23591947555542
2010-06-21,5.284512042999268
2010-06-22,5.30880880355835
2010-06-23,5.3695502281188965
2010-06-24,5.3533525466918945
2010-06-25,5.361450672149658
2010-06-28,5.3695502281188965
2010-06-29,5.2642645835876465
2010-06-30,5.325006008148193
2010-07-01,5.280462265014648
2010-07-02,5.320957183837891
2010-07-06,5.434340953826904
2010-07-07,5.531527519226074
2010-07-08,5.531527519226074
2010-07-09,5.567972660064697
2010-07-12,5.531527519226074
2010-07-13,5.543675422668457
2010-07-14,5.576071262359619
2010-07-15,5.572021961212158
2010-07-16,5.507230758666992
2010-07-19,5.567972660064697
2010-07-20,5.657060623168945
2010-07-21,5.567972660064697
2010-07-22,5.681356430053711
2010-07-23,5.68540620803833
2010-07-26,5.746147632598877
2010-07-27,5.713751792907715
2010-07-28,5.697554588317871
2010-07-29,5.725901126861572
2010-07-30,5.742098331451416
2010-08-02,5.912174701690674
2010-08-03,5.8838276863098145
2010-08-04,5.956718921661377
2010-08-05,5.981015682220459
2010-08-06,6.001262187957764
2010-08-09,6.1186957359313965
2010-08-10,6.0943989753723145
2010-08-11,5.972916126251221
2010-08-12,5.993163585662842
2010-08-13,6.05795431137085
2010-08-16,6.074151515960693
2010-08-17,6.082250595092773
2010-08-18,6.1065473556518555
2010-08-19,6.0943989753723145
2010-08-20,6.1308441162109375
2010-08-23,6.12679386138916
2010-08-24,6.074151515960693
2010-08-25,6.033657550811768
2010-08-26,5.952669143676758
2010-08-27,6.017458915710449
2010-08-30,6.033657550811768
2010-08-31,5.940520763397217
2010-09-01,6.009361267089844
2010-09-02,6.029609203338623
2010-09-03,6.138942718505859
2010-09-07,6.1065473556518555
2010-09-08,6.167288303375244
2010-09-09,6.171337604522705
2010-09-10,6.195634365081787
2010-09-13,6.365710735321045
2010-09-14,6.369759559631348
2010-09-15,6.373810291290283
2010-09-16,6.325216293334961
2010-09-17,6.373810291290283
2010-09-20,6.479094982147217
2010-09-21,6.466947555541992
2010-09-22,6.527688026428223
2010-09-23,6.499341011047363
2010-09-24,6.584380149841309
2010-09-27,6.568182468414307
2010-09-28,6.556035041809082
2010-09-29,6.697765827178955
2010-09-30,6.774704456329346
2010-10-01,6.839494705200195
2010-10-04,6.742309093475342
2010-10-05,6.896186828613281
2010-10-06,6.948829174041748
2010-10-07,6.965027809143066
2010-10-08,6.973126411437988
2010-10-11,6.969076633453369
2010-10-12,6.884038925170898
2010-10-13,7.0014729499816895
2010-10-14,7.058164119720459
2010-10-15,7.033867835998535
2010-10-18,6.916433811187744
2010-10-19,6.681567192077637
2010-10-20,6.900237560272217
2010-10-21,6.875940322875977
2010-10-22,6.888087749481201
2010-10-25,7.02577018737793
2010-10-26,7.005521774291992
2010-10-27,6.896186828613281
2010-10-28,6.936680793762207
2010-10-29,6.932631492614746
2010-11-01,7.02577018737793
2010-11-02,7.066263198852539
2010-11-03,7.062213897705078
2010-11-04,7.163449764251709
2010-11-05,7.212042331695557
2010-11-08,7.16749906539917
2010-11-09,7.139153003692627
2010-11-10,7.15939998626709
2010-11-11,7.163449764251709
2010-11-12,6.965027809143066
2010-11-15,6.965027809143066
2010-11-16,6.766604423522949
2010-11-17,6.8556928634643555
2010-11-18,6.916433811187744
2010-11-19,6.884038925170898
2010-11-22,6.936680793762207
2010-11-23,6.803049087524414
2010-11-24,6.900237560272217
2010-11-26,6.8637919425964355
2010-11-29,6.794951438903809
2010-11-30,6.835444927215576
2010-12-01,7.066263198852539
2010-12-02,7.191794395446777
2010-12-03,7.199894905090332
2010-12-06,7.248487949371338
2010-12-07,7.288981914520264
2010-12-08,7.252537250518799
2010-12-09,7.309229373931885
2010-12-10,7.32542610168457
2010-12-13,7.333526134490967
2010-12-14,7.3497233390808105
2010-12-15,7.365921497344971
2010-12-16,7.402368068695068
2010-12-17,7.463107109069824
2010-12-20,7.450959205627441
2010-12-21,7.552194118499756
2010-12-22,7.556243419647217
2010-12-23,7.564344882965088
2010-12-27,7.531947612762451
2010-12-28,7.560824394226074
2010-12-29,7.650301933288574
2010-12-30,7.7479143142700195
2010-12-31,7.825189590454102
2011-01-03,7.987874984741211
2011-01-04,7.959404945373535
2011-01-05,7.902466297149658
2011-01-06,8.008212089538574
2011-01-07,7.853659629821777
2011-01-10,7.711309432983398
2011-01-11,7.8170552253723145
2011-01-12,7.821122646331787
2011-01-13,7.812987804412842
2011-01-14,7.808922290802002
2011-01-18,7.788586139678955
2011-01-19,7.7641825675964355
2011-01-20,7.7031755447387695
2011-01-21,7.804854393005371
2011-01-24,7.833324432373047
2011-01-25,7.780450820922852
2011-01-26,7.9228010177612305
2011-01-27,7.94720458984375
2011-01-28,7.821122646331787
2011-01-31,7.959404945373535
2011-02-01,8.15869426727295
2011-02-02,8.122091293334961
2011-02-03,8.061083793640137
2011-02-04,8.057016372680664
2011-02-07,8.10988998413086
2011-02-08,8.000077247619629
2011-02-09,7.751980304718018
2011-02-10,7.568959712982178
2011-02-11,7.479482173919678
2011-02-14,7.426610469818115
2011-02-15,7.357466697692871
2011-02-16,7.3411993980407715
2011-02-17,7.381870269775391
2011-02-18,7.520153522491455
2011-02-22,7.2354536056518555
2011-02-23,7.231386184692383
2011-02-24,7.19478178024292
2011-02-25,7.292393684387207
2011-02-28,7.276123523712158
2011-03-01,7.292393684387207
2011-03-02,7.276123523712158
2011-03-03,7.459146976470947
2011-03-04,7.499817848205566
2011-03-07,7.324930191040039
2011-03-08,7.38593864440918
2011-03-09,7.402205944061279
2011-03-10,7.280191898345947
2011-03-11,7.353400230407715
2011-03-14,7.353400230407715
2011-03-15,7.101238250732422
2011-03-16,6.995492458343506
2011-03-17,7.150042533874512
2011-03-18,7.259857177734375
2011-03-21,7.4306769371032715
2011-03-22,7.41847562789917
2011-03-23,7.491683483123779
2011-03-24,7.528286933898926
2011-03-25,7.507951736450195
2011-03-28,7.451012134552002
2011-03-29,7.520153522491455
2011-03-30,7.536421775817871
2011-03-31,7.593361854553223
2011-04-01,7.711309432983398
2011-04-04,7.878063678741455
2011-04-05,7.833324432373047
2011-04-06,7.9390692710876465
2011-04-07,7.979741096496582
2011-04-08,7.971606731414795
2011-04-11,7.873996257781982
2011-04-12,7.735712051391602
2011-04-13,7.841457843780518
2011-04-14,7.825189590454102
2011-04-15,7.76824951171875
2011-04-18,7.617763996124268
2011-04-19,7.6584367752075195
2011-04-20,7.829257965087891
2011-04-21,7.955338954925537
2011-04-25,7.914666652679443
2011-04-26,7.951271057128906
2011-04-27,8.048883438110352
2011-04-28,8.024479866027832
2011-04-29,8.03668212890625
2011-05-02,7.93500280380249
2011-05-03,7.898398399353027
2011-05-04,7.878063678741455
2011-05-05,7.902466297149658
2011-05-06,7.971606731414795
2011-05-09,8.044816017150879
2011-05-10,8.150561332702637
2011-05-11,8.126158714294434
2011-05-12,8.118024826049805
2011-05-13,7.971606731414795
2011-05-16,7.914666652679443
2011-05-17,7.886195659637451
2011-05-18,7.983808517456055
2011-05-19,7.943137168884277
2011-05-20,7.878063678741455
2011-05-23,7.67877197265625
2011-05-24,7.699107646942139
2011-05-25,7.7031755447387695
2011-05-26,7.7194437980651855
2011-05-27,7.76824951171875
2011-05-31,7.94720458984375
2011-06-01,7.902466297149658
2011-06-02,7.9390692710876465
2011-06-03,7.930934906005859
2011-06-06,7.865861892700195
2011-06-07,7.926867485046387
2011-06-08,7.886195659637451
2011-06-09,7.894330978393555
2011-06-10,7.654369354248047
2011-06-13,7.5526909828186035
2011-06-14,7.711309432983398
2011-06-15,7.605564594268799
2011-06-16,7.507951736450195
2011-06-17,7.503885269165039
2011-06-20,7.479482173919678
2011-06-21,7.577093601226807
2011-06-22,7.516086101531982
2011-06-23,7.475414276123047
2011-06-24,7.463213920593262
2011-06-27,7.544555187225342
2011-06-28,7.60149621963501
2011-06-29,7.686906814575195
2011-06-30,7.788586139678955
2011-07-01,7.8495917320251465
2011-07-05,7.845526218414307
2011-07-06,7.857728004455566
2011-07-07,7.890263557434082
2011-07-08,7.841457843780518
2011-07-11,7.784517765045166
2011-07-12,7.670637607574463
2011-07-13,7.739779472351074
2011-07-14,7.682839393615723
2011-07-15,7.751980304718018
2011-07-18,7.662502765655518
2011-07-19,7.788586139678955
2011-07-20,7.9228010177612305
2011-07-21,8.032613754272461
2011-07-22,8.032613754272461
2011-07-25,8.032613754272461
2011-07-26,8.048883438110352
2011-07-27,7.975673675537109
2011-07-28,8.01227855682373
2011-07-29,7.930934906005859
2011-08-01,8.057016372680664
2011-08-02,7.918733596801758
2011-08-03,7.926867485046387
2011-08-04,7.634032726287842
2011-08-05,7.438810348510742
2011-08-08,6.950754642486572
2011-08-09,7.255789279937744
2011-08-10,7.089035987854004
2011-08-11,7.422542095184326
2011-08-12,7.324930191040039
2011-08-15,7.507951736450195
2011-08-16,7.41033935546875
2011-08-17,7.438810348510742
2011-08-18,7.22731876373291
2011-08-19,7.255789279937744
2011-08-22,7.211050510406494
2011-08-23,7.288326263427734
2011-08-24,7.19478178024292
2011-08-25,7.011760234832764
2011-08-26,7.1459760665893555
2011-08-29,7.219184398651123
2011-08-30,7.296460151672363
2011-08-31,7.357466697692871
2011-09-01,7.337131977081299
2011-09-02,7.1663126945495605
2011-09-06,7.048365116119385
2011-09-07,7.154111385345459
2011-09-08,7.080902576446533
2011-09-09,6.901947498321533
2011-09-12,6.8206048011779785
2011-09-13,6.8531413078308105
2011-09-14,6.783999919891357
2011-09-15,6.910081386566162
2011-09-16,6.938551425933838
2011-09-19,6.767730236053467
2011-09-20,6.779932975769043
2011-09-21,6.60911226272583
2011-09-22,6.287808418273926
2011-09-23,6.324412822723389
2011-09-26,6.234935283660889
2011-09-27,6.401688575744629
2011-09-28,6.247136116027832
2011-09-29,6.287808418273926
2011-09-30,6.108853816986084
2011-10-03,6.019376754760742
2011-10-04,6.100719451904297
2011-10-05,6.202397346496582
2011-10-06,6.3081440925598145
2011-10-07,6.3081440925598145
2011-10-10,6.507433891296387
2011-10-11,6.552173137664795
2011-10-12,6.670120716094971
2011-10-13,6.735193729400635
2011-10-14,6.751463890075684
2011-10-17,6.633515357971191
2011-10-18,6.674187660217285
2011-10-19,6.588776588439941
2011-10-20,6.42609167098999
2011-10-21,6.417956829071045
2011-10-24,6.552173137664795
2011-10-25,6.483030319213867
2011-10-26,6.653851509094238
2011-10-27,6.87754487991333
2011-10-28,6.714858531951904
2011-10-31,6.605045318603516
2011-11-01,6.5806427001953125
2011-11-02,6.653851509094238
2011-11-03,6.637582778930664
2011-11-04,6.588776588439941
2011-11-07,6.633515357971191
2011-11-08,6.645716667175293
2011-11-09,6.42609167098999
2011-11-10,6.422023773193359
2011-11-11,6.462696552276611
2011-11-14,6.413890361785889
2011-11-15,6.39762020111084
2011-11-16,6.312211513519287
2011-11-17,6.275606632232666
2011-11-18,6.214599132537842
2011-11-21,6.019376754760742
2011-11-22,5.9990410804748535
2011-11-23,5.8038177490234375
2011-11-25,5.771280765533447
2011-11-28,5.889226913452148
2011-11-29,5.816019058227539
2011-11-30,5.9990410804748535
2011-12-01,6.047845840454102
2011-12-02,6.0153093338012695
2011-12-05,6.023444175720215
2011-12-06,5.982773303985596
2011-12-07,5.966504096984863
2011-12-08,5.848556995391846
2011-12-09,5.925832748413086
2011-12-12,5.8038177490234375
2011-12-13,5.763145923614502
2011-12-14,5.722475051879883
2011-12-15,5.71840763092041
2011-12-16,5.7306084632873535
2011-12-19,5.60859489440918
2011-12-20,5.734676361083984
2011-12-21,5.795682907104492
2011-12-22,5.881093502044678
2011-12-23,5.958369255065918
2011-12-27,6.047845840454102
2011-12-28,6.065176010131836
2011-12-29,6.06940221786499
2011-12-30,6.124347686767578
2012-01-03,6.153934001922607
2012-01-04,6.086308002471924
2012-01-05,6.086308002471924
2012-01-06,6.132801055908203
2012-01-09,6.1835198402404785
2012-01-10,6.230012893676758
2012-01-11,6.234239101409912
2012-01-12,6.21310567855835
2012-01-13,6.2004265785217285
2012-01-17,6.230012893676758
2012-01-18,6.263825416564941
2012-01-19,6.339905261993408
2012-01-20,6.284958362579346
2012-01-23,6.390623092651367
2012-01-24,6.348357677459717
2012-01-25,6.403304100036621
2012-01-26,6.390623092651367
2012-01-27,6.403304100036621
2012-01-30,6.361037731170654
2012-01-31,6.500514507293701
2012-02-01,6.7710185050964355
2012-02-02,6.999255657196045
2012-02-03,7.0922417640686035
2012-02-06,7.028840065002441
2012-02-07,7.037293910980225
2012-02-08,7.1006927490234375
2012-02-09,7.2274909019470215
2012-02-10,7.13873291015625
2012-02-13,7.278210163116455
2012-02-14,7.202132225036621
2012-02-15,7.25285005569458
2012-02-16,7.2148118019104
2012-02-17,7.185225009918213
2012-02-21,7.147185325622559
2012-02-22,7.193678379058838
2012-02-23,7.164093017578125
2012-02-24,7.202132225036621
2012-02-27,7.121825695037842
2012-02-28,7.2105841636657715
2012-02-29,7.261303424835205
2012-03-01,7.405008316040039
2012-03-02,7.39232873916626
2012-03-05,7.290890216827393
2012-03-06,7.0753326416015625
2012-03-07,7.117600440979004
2012-03-08,7.235944747924805
2012-03-09,7.261303424835205
2012-03-12,7.164093017578125
2012-03-13,7.328929901123047
2012-03-14,7.320476531982422
2012-03-15,7.362743377685547
2012-03-16,7.324702739715576
2012-03-19,7.286664009094238
2012-03-20,7.159865856170654
2012-03-21,7.202132225036621
2012-03-22,7.164093017578125
2012-03-23,7.244396686553955
2012-03-26,7.265531063079834
2012-03-27,7.295117378234863
2012-03-28,7.2148118019104
2012-03-29,7.054201602935791
2012-03-30,7.113372325897217
2012-04-02,7.066879749298096
2012-04-03,6.889362812042236
2012-04-04,6.7583394050598145
2012-04-05,6.83441686630249
2012-04-09,6.779472351074219
2012-04-10,6.7329792976379395
2012-04-11,6.864002704620361
2012-04-12,6.897816181182861
2012-04-13,6.910497188568115
2012-04-16,6.889362812042236
2012-04-17,6.923174858093262
2012-04-18,6.81751012802124
2012-04-19,6.796377182006836
2012-04-20,6.783698081970215
2012-04-23,6.639993190765381
2012-04-24,6.678032398223877
2012-04-25,6.7414326667785645
2012-04-26,6.800604820251465
2012-04-27,6.7541117668151855
2012-04-30,6.8048319816589355
2012-05-01,6.813284397125244
2012-05-02,6.880910396575928
2012-05-03,6.885136604309082
2012-05-04,6.8386430740356445
2012-05-07,6.83441686630249
2012-05-08,6.779472351074219
2012-05-09,6.7414326667785645
2012-05-10,6.728751182556152
2012-05-11,6.678032398223877
2012-05-14,6.555461406707764
2012-05-15,6.7456583976745605
2012-05-16,6.623086929321289
2012-05-17,6.648446559906006
2012-05-18,6.542781829833984
2012-05-21,6.652673721313477
2012-05-22,6.665353298187256
2012-05-23,6.585047245025635
2012-05-24,6.551234722137451
2012-05-25,6.428663730621338
2012-05-29,6.682260513305664
2012-05-30,6.59350061416626
2012-05-31,6.563914775848389
2012-06-01,6.373716831207275
2012-06-04,6.314544677734375
2012-06-05,6.297638416290283
2012-06-06,6.428663730621338
2012-06-07,6.428663730621338
2012-06-08,6.339905261993408
2012-06-11,6.335677623748779
2012-06-12,6.365264892578125
2012-06-13,6.382171154022217
2012-06-14,6.03558874130249
2012-06-15,6.120121002197266
2012-06-18,6.149707317352295
2012-06-19,6.196199893951416
2012-06-20,6.242692947387695
2012-06-21,6.044042110443115
2012-06-22,6.128574371337891
2012-06-25,6.065176010131836
2012-06-26,6.170841217041016
2012-06-27,6.225785732269287
2012-06-28,6.187747001647949
2012-06-29,6.339905261993408
2012-07-02,6.361037731170654
2012-07-03,6.432889938354492
2012-07-05,6.386396884918213
2012-07-06,6.335677623748779
2012-07-09,6.356811046600342
2012-07-10,6.284958362579346
2012-07-11,6.3272247314453125
2012-07-12,6.2680535316467285
2012-07-13,6.297638416290283
2012-07-16,6.2004265785217285
2012-07-17,6.2004265785217285
2012-07-18,6.2088799476623535
2012-07-19,6.230012893676758
2012-07-20,6.2088799476623535
2012-07-23,6.086308002471924
2012-07-24,6.060948848724365
2012-07-25,6.060948848724365
2012-07-26,6.128574371337891
2012-07-27,6.297638416290283
2012-07-30,6.28073263168335
2012-07-31,6.352583885192871
2012-08-01,6.428663730621338
2012-08-02,6.390623092651367
2012-08-03,6.500514507293701
2012-08-06,6.475156307220459
2012-08-07,6.508968353271484
2012-08-08,6.504742622375488
2012-08-09,6.5470075607299805
2012-08-10,6.551234722137451
2012-08-13,6.530102252960205
2012-08-14,6.563914775848389
2012-08-15,6.580821514129639
2012-08-16,6.601953983306885
2012-08-17,6.597726345062256
2012-08-20,6.6061811447143555
2012-08-21,6.610408306121826
2012-08-22,6.6061811447143555
2012-08-23,6.585047245025635
2012-08-24,6.644220352172852
2012-08-27,6.59350061416626
2012-08-28,6.563914775848389
2012-08-29,6.538555145263672
2012-08-30,6.513195514678955
2012-08-31,6.585047245025635
2012-09-04,6.585047245025635
2012-09-05,6.538555145263672
2012-09-06,6.59350061416626
2012-09-07,6.63576602935791
2012-09-10,6.648446559906006
2012-09-11,6.694939136505127
2012-09-12,6.7456583976745605
2012-09-13,6.825963497161865
2012-09-14,6.910497188568115
2012-09-17,6.948536396026611
2012-09-18,6.931629180908203
2012-09-19,6.935856342315674
2012-09-20,6.94008207321167
2012-09-21,6.923174858093262
2012-09-24,6.965442180633545
2012-09-25,6.927402019500732
2012-09-26,6.893589973449707
2012-09-27,6.986575603485107
2012-09-28,6.9738945960998535
2012-10-01,7.041521072387695
2012-10-02,7.058426856994629
2012-10-03,6.999255657196045
2012-10-04,7.00770902633667
2012-10-05,7.003481388092041
2012-10-08,6.927402019500732
2012-10-09,6.847097396850586
2012-10-10,6.783698081970215
2012-10-11,6.813284397125244
2012-10-12,6.81751012802124
2012-10-15,6.813284397125244
2012-10-16,6.830191135406494
2012-10-17,6.864002704620361
2012-10-18,6.847097396850586
2012-10-19,6.7245259284973145
2012-10-22,6.766791343688965
2012-10-23,6.631539821624756
2012-10-24,6.656899929046631
2012-10-25,6.656899929046631
2012-10-26,6.5470075607299805
2012-10-31,6.470930576324463
2012-11-01,6.479382514953613
2012-11-02,6.403304100036621
2012-11-05,6.411756992340088
2012-11-06,6.415983200073242
2012-11-07,6.377943992614746
2012-11-08,6.394850730895996
2012-11-09,6.517422676086426
2012-11-12,6.580821514129639
2012-11-13,6.496289253234863
2012-11-14,6.314544677734375
2012-11-15,6.322998046875
2012-11-16,6.344130992889404
2012-11-19,6.411756992340088
2012-11-20,6.373716831207275
2012-11-21,6.28073263168335
2012-11-23,6.483608722686768
2012-11-26,6.496289253234863
2012-11-27,6.483608722686768
2012-11-28,6.504742622375488
2012-11-29,6.52164888381958
2012-11-30,6.597726345062256
2012-12-03,6.563914775848389
2012-12-04,6.589273929595947
2012-12-05,6.656899929046631
2012-12-06,6.7329792976379395
2012-12-07,6.7329792976379395
2012-12-10,6.682260513305664
2012-12-11,6.716073513031006
2012-12-12,6.694939136505127
2012-12-13,6.694939136505127
2012-12-14,6.7541117668151855
2012-12-17,6.7245259284973145
2012-12-18,6.7456583976745605
2012-12-19,6.783698081970215
2012-12-20,6.81751012802124
2012-12-21,6.669579982757568
2012-12-24,6.7245259284973145
2012-12-26,6.7625651359558105
2012-12-27,6.825963497161865
2012-12-28,6.864002704620361
2012-12-31,6.906269073486328
2013-01-02,7.01193380355835
2013-01-03,6.978121757507324
2013-01-04,6.982348918914795
2013-01-07,6.948536396026611
2013-01-08,7.00770902633667
2013-01-09,7.058426856994629
2013-01-10,7.066879749298096
2013-01-11,7.066879749298096
2013-01-14,7.083786487579346
2013-01-15,7.037293910980225
2013-01-16,7.0246148109436035
2013-01-17,6.990801811218262
2013-01-18,6.969669342041016
2013-01-22,6.9738945960998535
2013-01-23,6.982348918914795
2013-01-24,6.969669342041016
2013-01-25,6.944309234619141
2013-01-28,6.9569878578186035
2013-01-29,7.037293910980225
2013-01-30,7.033067226409912
2013-01-31,7.054201602935791
2013-02-01,7.083786487579346
2013-02-04,7.088013648986816
2013-02-05,7.134505748748779
2013-02-06,7.13873291015625
2013-02-07,7.1260528564453125
2013-02-08,7.079560279846191
2013-02-11,7.083786487579346
2013-02-12,7.0753326416015625
2013-02-13,7.088013648986816
2013-02-14,7.079560279846191
2013-02-15,7.033067226409912
2013-02-19,7.041521072387695
2013-02-20,7.003481388092041
2013-02-21,6.935856342315674
2013-02-22,7.033067226409912
2013-02-25,6.986575603485107
2013-02-26,6.906269073486328
2013-02-27,6.990801811218262
2013-02-28,6.978121757507324
2013-03-01,7.003481388092041
2013-03-04,6.9738945960998535
2013-03-05,7.01616096496582
2013-03-06,6.9950270652771
2013-03-07,6.999255657196045
2013-03-08,6.9950270652771
2013-03-11,7.020387649536133
2013-03-12,7.01616096496582
2013-03-13,7.01616096496582
2013-03-14,6.952761650085449
2013-03-15,6.868229866027832
2013-03-18,6.842871189117432
2013-03-19,6.8386430740356445
2013-03-20,6.847097396850586
2013-03-21,6.7456583976745605
2013-03-22,6.77524471282959
2013-03-25,6.8048319816589355
2013-03-26,6.889362812042236
2013-03-27,6.918949604034424
2013-03-28,6.923174858093262
2013-04-01,6.927402019500732
2013-04-02,6.965442180633545
2013-04-03,6.94008207321167
2013-04-04,6.969669342041016
2013-04-05,6.944309234619141
2013-04-08,6.889362812042236
2013-04-09,6.859776496887207
2013-04-10,6.851322650909424
2013-04-11,6.914723873138428
2013-04-12,6.81751012802124
2013-04-15,6.7625651359558105
2013-04-16,6.842871189117432
2013-04-17,6.809057235717773
2013-04-18,6.885136604309082
2013-04-19,7.00770902633667
2013-04-22,6.9738945960998535
2013-04-23,6.9950270652771
2013-04-24,7.0753326416015625
2013-04-25,7.104919910430908
2013-04-26,7.083786487579346
2013-04-29,7.113372325897217
2013-04-30,7.164093017578125
2013-05-01,7.1091461181640625
2013-05-02,7.13873291015625
2013-05-03,7.168318271636963
2013-05-06,7.180998802185059
2013-05-07,7.1767730712890625
2013-05-08,7.219038963317871
2013-05-09,7.189451217651367
2013-05-10,7.159865856170654
2013-05-13,7.083786487579346
2013-05-14,7.0753326416015625
2013-05-15,7.049973487854004
2013-05-16,7.0922417640686035
2013-05-17,7.088013648986816
2013-05-20,7.113372325897217
2013-05-21,7.130280017852783
2013-05-22,7.117600440979004
2013-05-23,7.058426856994629
2013-05-24,6.9950270652771
2013-05-28,7.066879749298096
2013-05-29,7.045748233795166
2013-05-30,7.037293910980225
2013-05-31,7.041521072387695
2013-06-03,7.0922417640686035
2013-06-04,7.062653541564941
2013-06-05,6.969669342041016
2013-06-06,7.049973487854004
2013-06-07,7.104919910430908
2013-06-10,7.096466541290283
2013-06-11,6.999255657196045
2013-06-12,6.914723873138428
2013-06-13,6.906269073486328
2013-06-14,6.821737766265869
2013-06-17,6.859776496887207
2013-06-18,6.889362812042236
2013-06-19,6.81751012802124
2013-06-20,6.631539821624756
2013-06-21,6.656899929046631
2013-06-24,6.534328460693359
2013-06-25,6.631539821624756
2013-06-26,6.673806190490723
2013-06-27,6.7710185050964355
2013-06-28,6.868229866027832
2013-07-01,6.923174858093262
2013-07-02,6.94008207321167
2013-07-03,6.893589973449707
2013-07-05,7.003481388092041
2013-07-08,7.003481388092041
2013-07-09,7.033067226409912
2013-07-10,7.045748233795166
2013-07-11,7.240170955657959
2013-07-12,7.193678379058838
2013-07-15,7.219038963317871
2013-07-16,7.219038963317871
2013-07-17,7.248624324798584
2013-07-18,7.180998802185059
2013-07-19,7.121825695037842
2013-07-22,7.235944747924805
2013-07-23,7.316249370574951
2013-07-24,7.282436847686768
2013-07-25,7.299342632293701
2013-07-26,7.299342632293701
2013-07-29,7.248624324798584
2013-07-30,7.324702739715576
2013-07-31,7.273983478546143
2013-08-01,7.278210163116455
2013-08-02,7.3373823165893555
2013-08-05,7.383874416351318
2013-08-06,7.3711957931518555
2013-08-07,7.269758224487305
2013-08-08,7.303570747375488
2013-08-09,7.261303424835205
2013-08-12,7.269758224487305
2013-08-13,7.282436847686768
2013-08-14,7.328929901123047
2013-08-15,7.244396686553955
2013-08-16,7.3373823165893555
2013-08-19,7.307797908782959
2013-08-20,7.290890216827393
2013-08-21,7.278210163116455
2013-08-22,7.278210163116455
2013-08-23,7.350062847137451
2013-08-26,7.324702739715576
2013-08-27,7.362743377685547
2013-08-28,7.358516216278076
2013-08-29,7.438821792602539
2013-08-30,7.324702739715576
2013-09-03,7.438821792602539
2013-09-04,7.510673522949219
2013-09-05,7.5149006843566895
2013-09-06,7.523353099822998
2013-09-09,7.6881914138793945
2013-09-10,7.650150775909424
2013-09-11,7.624792575836182
2013-09-12,7.722002983093262
2013-09-13,7.696643829345703
2013-09-16,7.603659629821777
2013-09-17,7.582525730133057
2013-09-18,7.6712846755981445
2013-09-19,7.6881914138793945
2013-09-20,7.6459245681762695
2013-09-23,7.650150775909424
2013-09-24,7.637472152709961
2013-09-25,7.641698360443115
2013-09-26,7.590979099273682
2013-09-27,7.586752891540527
2013-09-30,7.569846153259277
2013-10-01,7.637472152709961
2013-10-02,7.6797380447387695
2013-10-03,7.760043144226074
2013-10-04,7.827669143676758
2013-10-07,7.831894397735596
2013-10-08,7.857255458831787
2013-10-09,7.8234429359436035
2013-10-10,7.958693504333496
2013-10-11,7.857255458831787
2013-10-14,7.789628505706787
2013-10-15,7.895295143127441
2013-10-16,7.962919235229492
2013-10-17,7.954466819763184
2013-10-18,8.072813034057617
2013-10-21,8.047451972961426
2013-10-22,8.02209186553955
2013-10-23,7.929107666015625
2013-10-24,7.967146396636963
2013-10-25,7.984052658081055
2013-10-28,8.05590534210205
2013-10-29,8.089717864990234
2013-10-30,8.089717864990234
2013-10-31,8.038999557495117
2013-11-01,7.988278865814209
2013-11-04,7.954466819763184
2013-11-05,7.836123466491699
2013-11-06,7.903748989105225
2013-11-07,7.874160289764404
2013-11-08,7.844575881958008
2013-11-11,7.8234429359436035
2013-11-12,7.7811760902404785
2013-11-13,7.722002983093262
2013-11-14,7.802308082580566
2013-11-15,7.907975196838379
2013-11-18,7.9417877197265625
2013-11-19,7.929107666015625
2013-11-20,7.869935035705566
2013-11-21,7.844575881958008
2013-11-22,7.8868408203125
2013-11-25,7.907975196838379
2013-11-26,7.916427135467529
2013-11-27,7.962919235229492
2013-11-29,8.034772872924805
2013-12-02,8.017865180969238
2013-12-03,8.043225288391113
2013-12-04,8.000959396362305
2013-12-05,7.967146396636963
2013-12-06,8.047451972961426
2013-12-09,8.140437126159668
2013-12-10,8.098170280456543
2013-12-11,8.05590534210205
2013-12-12,7.950239658355713
2013-12-13,7.988278865814209
2013-12-16,7.874160289764404
2013-12-17,7.874160289764404
2013-12-18,7.9417877197265625
2013-12-19,7.946013450622559
2013-12-20,7.9417877197265625
2013-12-23,7.937560081481934
2013-12-24,8.005186080932617
2013-12-26,7.971373081207275
2013-12-27,8.000959396362305
2013-12-30,8.081266403198242
2013-12-31,8.165797233581543
2014-01-02,8.051678657531738
2014-01-03,8.043225288391113
2014-01-06,7.950239658355713
2014-01-07,8.017865180969238
2014-01-08,8.051678657531738
2014-01-09,8.047451972961426
2014-01-10,8.000959396362305
2014-01-13,7.806535243988037
2014-01-14,8.047451972961426
2014-01-15,8.02209186553955
2014-01-16,7.962919235229492
2014-01-17,7.946013450622559
2014-01-21,7.975600242614746
2014-01-22,8.02209186553955
2014-01-23,7.992506980895996
2014-01-24,7.9417877197265625
2014-01-27,7.865708827972412
2014-01-28,7.878387451171875
2014-01-29,7.8234429359436035
2014-01-30,7.844575881958008
2014-01-31,7.878387451171875
2014-02-03,7.696643829345703
2014-02-04,7.814988613128662
2014-02-05,7.760043144226074
2014-02-06,7.802308082580566
2014-02-07,7.903748989105225
2014-02-10,7.874160289764404
2014-02-11,7.9248809814453125
2014-02-12,7.954466819763184
2014-02-13,7.907975196838379
2014-02-14,8.005186080932617
2014-02-18,7.992506980895996
2014-02-19,7.954466819763184
2014-02-20,7.9248809814453125
2014-02-21,8.072813034057617
2014-02-24,7.975600242614746
2014-02-25,7.912199974060059
2014-02-26,8.009411811828613
2014-02-27,8.034772872924805
2014-02-28,7.992506980895996
2014-03-03,7.8868408203125
2014-03-04,7.971373081207275
2014-03-05,7.958693504333496
2014-03-06,8.038999557495117
2014-03-07,8.034772872924805
2014-03-10,7.954466819763184
2014-03-11,7.967146396636963
2014-03-12,7.9248809814453125
2014-03-13,7.907975196838379
2014-03-14,7.8868408203125
2014-03-17,7.903748989105225
2014-03-18,7.916427135467529
2014-03-19,7.882614612579346
2014-03-20,7.8234429359436035
2014-03-21,7.819215774536133
2014-03-24,7.810761451721191
2014-03-25,7.869935035705566
2014-03-26,7.933333873748779
2014-03-27,7.933333873748779
2014-03-28,7.933333873748779
2014-03-31,7.979827404022217
2014-04-01,7.996734142303467
2014-04-02,8.038999557495117
2014-04-03,8.047451972961426
2014-04-04,8.077037811279297
2014-04-07,8.013640403747559
2014-04-08,8.098170280456543
2014-04-09,8.102396965026855
2014-04-10,8.043225288391113
2014-04-11,8.026318550109863
2014-04-14,8.000959396362305
2014-04-15,7.958693504333496
2014-04-16,7.971373081207275
2014-04-17,7.984052658081055
2014-04-21,7.979827404022217
2014-04-22,8.000959396362305
2014-04-23,8.02209186553955
2014-04-24,8.005186080932617
2014-04-25,7.878387451171875
2014-04-28,7.891067981719971
2014-04-29,7.9417877197265625
2014-04-30,7.929107666015625
2014-05-01,7.882614612579346
2014-05-02,8.009411811828613
2014-05-05,8.081266403198242
2014-05-06,8.165797233581543
2014-05-07,8.250328063964844
2014-05-08,8.448979377746582
2014-05-09,8.339086532592773
2014-05-12,8.229196548461914
2014-05-13,8.153119087219238
2014-05-14,8.182703971862793
2014-05-15,8.009411811828613
2014-05-16,8.102396965026855
2014-05-19,8.038999557495117
2014-05-20,8.043225288391113
2014-05-21,8.05590534210205
2014-05-22,8.093944549560547
2014-05-23,8.144665718078613
2014-05-27,8.19960880279541
2014-05-28,8.267234802246094
2014-05-29,8.296822547912598
2014-05-30,8.351768493652344
2014-06-02,8.35599422454834
2014-06-03,8.37290096282959
2014-06-04,8.351768493652344
2014-06-05,8.343315124511719
2014-06-06,8.347541809082031
2014-06-09,8.347541809082031
2014-06-10,8.42784595489502
2014-06-11,8.389808654785156
2014-06-12,8.322182655334473
2014-06-13,8.305274963378906
2014-06-16,8.347541809082031
2014-06-17,8.398260116577148
2014-06-18,8.448979377746582
2014-06-19,8.453207015991211
2014-06-20,8.410940170288086
2014-06-23,8.368675231933594
2014-06-24,8.305274963378906
2014-06-25,8.347541809082031
2014-06-26,8.415166854858398
2014-06-27,8.529285430908203
2014-06-30,8.660310745239258
2014-07-01,8.875866889953613
2014-07-02,8.880093574523926
2014-07-03,8.9392671585083
2014-07-07,8.918133735656738
2014-07-08,8.842053413391113
2014-07-09,8.799788475036621
2014-07-10,8.782880783081055
2014-07-11,8.770200729370117
2014-07-14,8.740615844726562
2014-07-15,8.749068260192871
2014-07-16,8.723709106445312
2014-07-17,8.618043899536133
2014-07-18,8.618043899536133
2014-07-21,8.59691047668457
2014-07-22,8.660310745239258
2014-07-23,8.660310745239258
2014-07-24,8.68144416809082
2014-07-25,8.626496315002441
2014-07-28,8.605363845825195
2014-07-29,8.482792854309082
2014-07-30,8.42784595489502
2014-07-31,8.267234802246094
2014-08-01,8.271461486816406
2014-08-04,8.330634117126465
2014-08-05,8.241876602172852
2014-08-06,8.186929702758789
2014-08-07,8.165797233581543
2014-08-08,8.148890495300293
2014-08-11,8.216517448425293
2014-08-12,8.216517448425293
2014-08-13,8.309501647949219
2014-08-14,8.305274963378906
2014-08-15,8.322182655334473
2014-08-18,8.360220909118652
2014-08-19,8.360220909118652
2014-08-20,8.377127647399902
2014-08-21,8.347541809082031
2014-08-22,8.398260116577148
2014-08-25,8.453207015991211
2014-08-26,8.432073593139648
2014-08-27,8.546192169189453
2014-08-28,8.512378692626953
2014-08-29,8.554643630981445
2014-09-02,8.482792854309082
2014-09-03,8.525059700012207
2014-09-04,8.563097953796387
2014-09-05,8.491247177124023
2014-09-08,8.432073593139648
2014-09-09,8.453207015991211
2014-09-10,8.482792854309082
2014-09-11,8.448979377746582
2014-09-12,8.377127647399902
2014-09-15,8.326408386230469
2014-09-16,8.309501647949219
2014-09-17,8.343315124511719
2014-09-18,8.339086532592773
2014-09-19,8.322182655334473
2014-09-22,8.140437126159668
2014-09-23,8.136211395263672
2014-09-24,8.127758026123047
2014-09-25,7.946013450622559
2014-09-26,7.958693504333496
2014-09-29,7.882614612579346
2014-09-30,7.979827404022217
2014-10-01,7.9248809814453125
2014-10-02,7.950239658355713
2014-10-03,8.081266403198242
2014-10-06,8.148890495300293
2014-10-07,8.165797233581543
2014-10-08,8.110851287841797
2014-10-09,7.992506980895996
2014-10-10,7.907975196838379
2014-10-13,7.802308082580566
2014-10-14,7.760043144226074
2014-10-15,7.6543779373168945
2014-10-16,7.616339206695557
2014-10-17,7.590979099273682
2014-10-20,7.63324499130249
2014-10-21,7.6881914138793945
2014-10-22,7.700870037078857
2014-10-23,7.734683036804199
2014-10-24,7.641698360443115
2014-10-27,7.59943151473999
2014-10-28,7.730456829071045
2014-10-29,7.836123466491699
2014-10-30,7.848801136016846
2014-10-31,7.869935035705566
2014-11-03,7.891067981719971
2014-11-04,7.865708827972412
2014-11-05,7.831894397735596
2014-11-06,7.751590728759766
2014-11-07,7.751590728759766
2014-11-10,7.937560081481934
2014-11-11,7.912199974060059
2014-11-12,7.810761451721191
2014-11-13,7.895295143127441
2014-11-14,7.848801136016846
2014-11-17,7.760043144226074
2014-11-18,7.738909721374512
2014-11-19,7.764270305633545
2014-11-20,7.878387451171875
2014-11-21,7.929107666015625
2014-11-24,7.967146396636963
2014-11-25,7.903748989105225
2014-11-26,7.962919235229492
2014-11-28,8.009411811828613
2014-12-01,7.869935035705566
2014-12-02,7.857255458831787
2014-12-03,8.013640403747559
2014-12-04,8.026318550109863
2014-12-05,8.05590534210205
2014-12-08,8.051678657531738
2014-12-09,7.958693504333496
2014-12-10,7.937560081481934
2014-12-11,7.984052658081055
2014-12-12,7.853028297424316
2014-12-15,7.853028297424316
2014-12-16,7.844575881958008
2014-12-17,7.891067981719971
2014-12-18,7.895295143127441
2014-12-19,7.9417877197265625
2014-12-22,7.967146396636963
2014-12-23,7.958693504333496
2014-12-24,7.984052658081055
2014-12-26,8.000260353088379
2014-12-29,7.951148986816406
2014-12-30,7.931503772735596
2014-12-31,8.0297269821167
2015-01-02,7.887303352355957
2015-01-05,7.838191509246826
2015-01-06,7.715413570404053
2015-01-07,7.720324516296387
2015-01-08,7.882392406463623
2015-01-09,7.764523983001709
2015-01-12,7.784170150756836
2015-01-13,7.808725833892822
2015-01-14,7.720324516296387
2015-01-15,7.867660045623779
2015-01-16,7.872570514678955
2015-01-20,7.867660045623779
2015-01-21,7.941326141357422
2015-01-22,8.03955078125
2015-01-23,8.231084823608398
2015-01-26,8.157416343688965
2015-01-27,8.186882972717285
2015-01-28,8.132862091064453
2015-01-29,8.078838348388672
2015-01-30,7.91185998916626
2015-02-02,8.118127822875977
2015-02-03,8.152506828308105
2015-02-04,8.118127822875977
2015-02-05,8.14759349822998
2015-02-06,8.024815559387207
2015-02-09,8.014993667602539
2015-02-10,8.014993667602539
2015-02-11,8.019904136657715
2015-02-12,8.157416343688965
2015-02-13,8.14759349822998
2015-02-17,8.06901741027832
2015-02-18,8.034637451171875
2015-02-19,7.931503772735596
2015-02-20,7.970792293548584
2015-02-23,7.960970401763916
2015-02-24,8.098483085632324
2015-02-25,8.21143913269043
2015-02-26,8.226173400878906
2015-02-27,8.285107612609863
2015-03-02,8.245818138122559
2015-03-03,8.285107612609863
2015-03-04,8.23599624633789
2015-03-05,8.250727653503418
2015-03-06,8.172149658203125
2015-03-09,8.245818138122559
2015-03-10,8.152506828308105
2015-03-11,8.221261978149414
2015-03-12,8.275283813476562
2015-03-13,8.231084823608398
2015-03-16,8.324396133422852
2015-03-17,8.339129447937012
2015-03-18,8.383329391479492
2015-03-19,8.299839973449707
2015-03-20,8.417706489562988
2015-03-23,8.535573959350586
2015-03-24,8.589597702026367
2015-03-25,8.501197814941406
2015-03-26,8.363685607910156
2015-03-27,8.216350555419922
2015-03-30,8.21143913269043
2015-03-31,8.25563907623291
2015-04-01,8.201617240905762
2015-04-02,8.363685607910156
2015-04-06,8.417706489562988
2015-04-07,8.378418922424316
2015-04-08,8.407885551452637
2015-04-09,8.407885551452637
2015-04-10,8.412796974182129
2015-04-13,8.388240814208984
2015-04-14,8.378418922424316
2015-04-15,8.309662818908691
2015-04-16,8.427528381347656
2015-04-17,8.3047513961792
2015-04-20,8.348952293395996
2015-04-21,8.407885551452637
2015-04-22,8.432440757751465
2015-04-23,8.663265228271484
2015-04-24,8.844978332519531
2015-04-27,8.894089698791504
2015-04-28,8.8548002243042
2015-04-29,8.766399383544922
2015-04-30,8.673087120056152
2015-05-01,8.736931800842285
2015-05-04,8.756576538085938
2015-05-05,8.707466125488281
2015-05-06,8.707466125488281
2015-05-07,8.64853286743164
2015-05-08,8.722198486328125
2015-05-11,8.953023910522461
2015-05-12,8.79095458984375
2015-05-13,8.830244064331055
2015-05-14,8.786043167114258
2015-05-15,8.786043167114258
2015-05-18,8.64853286743164
2015-05-19,8.800776481628418
2015-05-20,8.74675464630127
2015-05-21,8.682910919189453
2015-05-22,8.727110862731934
2015-05-26,8.732022285461426
2015-05-27,8.766399383544922
2015-05-28,8.736931800842285
2015-05-29,8.727110862731934
2015-06-01,8.903910636901855
2015-06-02,8.884265899658203
2015-06-03,8.86953353881836
2015-06-04,8.677998542785645
2015-06-05,8.466819763183594
2015-06-08,8.476640701293945
2015-06-09,8.378418922424316
2015-06-10,8.663265228271484
2015-06-11,8.579774856567383
2015-06-12,8.584686279296875
2015-06-15,8.584686279296875
2015-06-16,8.653443336486816
2015-06-17,8.476640701293945
2015-06-18,8.535573959350586
2015-06-19,8.776222229003906
2015-06-22,8.825332641601562
2015-06-23,8.844978332519531
2015-06-24,8.751666069030762
2015-06-25,8.874444007873535
2015-06-26,8.795865058898926
2015-06-29,8.623974800109863
2015-06-30,8.736931800842285
2015-07-01,8.8548002243042
2015-07-02,8.810599327087402
2015-07-06,8.800776481628418
2015-07-07,8.628886222839355
2015-07-08,8.47173023223877
2015-07-09,8.3047513961792
2015-07-10,8.324396133422852
2015-07-13,8.383329391479492
2015-07-14,8.32930850982666
2015-07-15,8.481552124023438
2015-07-16,8.545397758483887
2015-07-17,8.476640701293945
2015-07-20,8.417706489562988
2015-07-21,8.398063659667969
2015-07-22,8.275283813476562
2015-07-23,8.157416343688965
2015-07-24,7.857837200164795
2015-07-27,7.681035995483398
2015-07-28,7.656479358673096
2015-07-29,7.666302680969238
2015-07-30,7.676124572753906
2015-07-31,7.739969253540039
2015-08-03,7.597546100616455
2015-08-04,7.636834621429443
2015-08-05,7.66139030456543
2015-08-06,7.587723731994629
2015-08-07,7.553345680236816
2015-08-10,7.636834621429443
2015-08-11,7.445301532745361
2015-08-12,7.391276836395264
2015-08-13,7.455122470855713
2015-08-14,7.455122470855713
2015-08-17,7.406011581420898
2015-08-18,7.332344055175781
2015-08-19,7.1850104331970215
2015-08-20,7.057319164276123
2015-08-21,6.929628849029541
2015-08-24,6.502359867095947
2015-08-25,6.801940441131592
2015-08-26,6.94927453994751
2015-08-27,7.243942737579346
2015-08-28,7.204654693603516
2015-08-31,7.229211330413818
2015-09-01,7.155541896820068
2015-09-02,7.194831371307373
2015-09-03,7.194831371307373
2015-09-04,7.234121322631836
2015-09-08,7.312700271606445
2015-09-09,7.406011581420898
2015-09-10,7.415833950042725
2015-09-11,7.479678153991699
2015-09-14,7.460032939910889
2015-09-15,7.484589099884033
2015-09-16,7.553345680236816
2015-09-17,7.685946941375732
2015-09-18,7.558257102966309
2015-09-21,7.489501476287842
2015-09-22,7.420744895935059
2015-09-23,7.401100158691406
2015-09-24,7.189920425415039
2015-09-25,7.239031791687012
2015-09-28,7.008209228515625
2015-09-29,6.9885640144348145
2015-09-30,7.106431007385254
2015-10-01,7.194831371307373
2015-10-02,7.293055057525635
2015-10-05,7.445301532745361
2015-10-06,7.464944839477539
2015-10-07,7.685946941375732
2015-10-08,7.568078994750977
2015-10-09,7.627012729644775
2015-10-12,7.602457046508789
2015-10-13,7.494412422180176
2015-10-14,7.5189690589904785
2015-10-15,7.636834621429443
2015-10-16,7.592635631561279
2015-10-19,7.568078994750977
2015-10-20,7.568078994750977
2015-10-21,7.499322891235352
2015-10-22,7.582812786102295
2015-10-23,7.651568412780762
2015-10-26,7.646657943725586
2015-10-27,7.622101783752441
2015-10-28,7.479678153991699
2015-10-29,7.460032939910889
2015-10-30,7.5386128425598145
2015-11-02,7.631924629211426
2015-11-03,7.735058307647705
2015-11-04,7.838191509246826
2015-11-05,7.838191509246826
2015-11-06,7.627012729644775
2015-11-09,7.5042338371276855
2015-11-10,7.410922527313232
2015-11-11,7.283231735229492
2015-11-12,7.293055057525635
2015-11-13,7.214476108551025
2015-11-16,7.258677005767822
2015-11-17,7.322521686553955
2015-11-18,7.351989269256592
2015-11-19,7.5189690589904785
2015-11-20,7.514056205749512
2015-11-23,7.5189690589904785
2015-11-24,7.401100158691406
2015-11-25,7.317610263824463
2015-11-27,7.312700271606445
2015-11-30,7.312700271606445
2015-12-01,7.401100158691406
2015-12-02,7.415833950042725
2015-12-03,7.361811637878418
2015-12-04,7.381454944610596
2015-12-07,7.391276836395264
2015-12-08,7.3667216300964355
2015-12-09,7.425655841827393
2015-12-10,7.327432632446289
2015-12-11,7.121164798736572
2015-12-14,7.067142486572266
2015-12-15,7.067142486572266
2015-12-16,7.145719528198242
2015-12-17,7.180098056793213
2015-12-18,7.1850104331970215
2015-12-21,7.189920425415039
2015-12-22,7.268499374389648
2015-12-23,7.297966003417969
2015-12-24,7.268499374389648
2015-12-28,7.268499374389648
2015-12-29,7.224298477172852
2015-12-30,7.121164798736572
2015-12-31,7.1850104331970215
2016-01-04,7.091698169708252
2016-01-05,7.234121322631836
2016-01-06,6.9885640144348145
2016-01-07,6.81667423248291
2016-01-08,6.762650966644287
2016-01-11,6.762650966644287
2016-01-12,6.68898344039917
2016-01-13,6.654606342315674
2016-01-14,6.6300506591796875
2016-01-15,6.497448444366455
2016-01-19,6.56620454788208
2016-01-20,6.580939292907715
2016-01-21,6.684072017669678
2016-01-22,6.762650966644287
2016-01-25,6.7970290184021
2016-01-26,6.8706955909729
2016-01-27,6.875607490539551
2016-01-28,6.964008331298828
2016-01-29,7.111342430114746
2016-02-01,7.160454750061035
2016-02-02,7.072052955627441
2016-02-03,7.150631427764893
2016-02-04,7.111342430114746
2016-02-05,7.022942066192627
2016-02-08,6.968918323516846
2016-02-09,6.934540271759033
2016-02-10,7.037674903869629
2016-02-11,6.929628849029541
2016-02-12,6.929628849029541
2016-02-16,7.11625337600708
2016-02-17,7.347076892852783
2016-02-18,7.263587951660156
2016-02-19,7.253765106201172
2016-02-22,7.253765106201172
2016-02-23,7.219388008117676
2016-02-24,7.194831371307373
2016-02-25,7.258677005767822
2016-02-26,7.268499374389648
2016-02-29,7.278321266174316
2016-03-01,7.440388202667236
2016-03-02,7.440388202667236
2016-03-03,7.489501476287842
2016-03-04,7.484589099884033
2016-03-07,7.401100158691406
2016-03-08,7.401100158691406
2016-03-09,7.401100158691406
2016-03-10,7.430566787719727
2016-03-11,7.52387809753418
2016-03-14,7.558257102966309
2016-03-15,7.410922527313232
2016-03-16,7.5189690589904785
2016-03-17,7.597546100616455
2016-03-18,7.631924629211426
2016-03-21,7.641746997833252
2016-03-22,7.617190361022949
2016-03-23,7.572990417480469
2016-03-24,7.543522834777832
2016-03-28,7.587723731994629
2016-03-29,7.509145736694336
2016-03-30,7.671213626861572
2016-03-31,7.631924629211426
2016-04-01,7.568078994750977
2016-04-04,7.5042338371276855
2016-04-05,7.420744895935059
2016-04-06,7.425655841827393
2016-04-07,7.332344055175781
2016-04-08,7.460032939910889
2016-04-11,7.5189690589904785
2016-04-12,7.592635631561279
2016-04-13,7.627012729644775
2016-04-14,7.641746997833252
2016-04-15,7.641746997833252
2016-04-18,7.636834621429443
2016-04-19,7.622101783752441
2016-04-20,7.445301532745361
2016-04-21,7.479678153991699
2016-04-22,7.474768161773682
2016-04-25,7.494412422180176
2016-04-26,7.528789520263672
2016-04-27,7.509145736694336
2016-04-28,7.474768161773682
2016-04-29,7.371634006500244
2016-05-02,7.391276836395264
2016-05-03,7.268499374389648
2016-05-04,7.160454750061035
2016-05-05,7.150631427764893
2016-05-06,7.111342430114746
2016-05-09,7.101520538330078
2016-05-10,7.126075744628906
2016-05-11,7.052408695220947
2016-05-12,6.983652114868164
2016-05-13,6.841229438781738
2016-05-16,6.9001641273498535
2016-05-17,6.855963230133057
2016-05-18,6.924719333648682
2016-05-19,6.924719333648682
2016-05-20,6.880517959594727
2016-05-23,7.022942066192627
2016-05-24,7.018029689788818
2016-05-25,7.096608638763428
2016-05-26,7.091698169708252
2016-05-27,7.121164798736572
2016-05-31,7.234121322631836
2016-06-01,7.297966003417969
2016-06-02,7.263587951660156
2016-06-03,7.263587951660156
2016-06-06,7.342165946960449
2016-06-07,7.469856262207031
2016-06-08,7.514056205749512
2016-06-09,7.455122470855713
2016-06-10,7.406011581420898
2016-06-13,7.376543998718262
2016-06-14,7.406011581420898
2016-06-15,7.494412422180176
2016-06-16,7.376543998718262
2016-06-17,7.381454944610596
2016-06-20,7.381454944610596
2016-06-21,7.464944839477539
2016-06-22,7.464944839477539
2016-06-23,7.489501476287842
2016-06-24,7.268499374389648
2016-06-27,7.214476108551025
2016-06-28,7.3667216300964355
2016-06-29,7.440388202667236
2016-06-30,7.489501476287842
2016-07-01,7.558257102966309
2016-07-05,7.3667216300964355
2016-07-06,7.381454944610596
2016-07-07,7.440388202667236
2016-07-08,7.460032939910889
2016-07-11,7.489501476287842
2016-07-12,7.627012729644775
2016-07-13,7.582812786102295
2016-07-14,7.656479358673096
2016-07-15,7.730146884918213
2016-07-18,7.867660045623779
2016-07-19,7.798903465270996
2016-07-20,7.838191509246826
2016-07-21,7.902037143707275
2016-07-22,7.867660045623779
2016-07-25,7.857837200164795
2016-07-26,7.931503772735596
2016-07-27,7.941326141357422
2016-07-28,7.970792293548584
2016-07-29,7.985526084899902
2016-08-01,8.103394508361816
2016-08-02,8.049371719360352
2016-08-03,8.078838348388672
2016-08-04,8.103394508361816
2016-08-05,8.226173400878906
2016-08-08,8.270373344421387
2016-08-09,8.33421802520752
2016-08-10,8.358774185180664
2016-08-11,8.339129447937012
2016-08-12,8.309662818908691
2016-08-15,8.309662818908691
2016-08-16,8.32930850982666
2016-08-17,8.344039916992188
2016-08-18,8.348952293395996
2016-08-19,8.265461921691895
2016-08-22,8.157416343688965
2016-08-23,8.240907669067383
2016-08-24,8.275283813476562
2016-08-25,8.353862762451172
2016-08-26,8.348952293395996
2016-08-29,8.388240814208984
2016-08-30,8.339129447937012
2016-08-31,8.32930850982666
2016-09-01,8.33421802520752
2016-09-02,8.402974128723145
2016-09-06,8.614152908325195
2016-09-07,8.604331016540527
2016-09-08,8.545397758483887
2016-09-09,8.348952293395996
2016-09-12,8.3047513961792
2016-09-13,8.177062034606934
2016-09-14,8.191795349121094
2016-09-15,8.285107612609863
2016-09-16,8.294928550720215
2016-09-19,8.422619819641113
2016-09-20,8.447174072265625
2016-09-21,8.59450912475586
2016-09-22,8.609244346618652
2016-09-23,8.579774856567383
2016-09-26,8.520841598510742
2016-09-27,8.51593017578125
2016-09-28,8.614152908325195
2016-09-29,8.49628734588623
2016-09-30,8.501197814941406
2016-10-03,8.447174072265625
2016-10-04,8.481552124023438
2016-10-05,8.560131072998047
2016-10-06,8.520841598510742
2016-10-07,8.520841598510742
2016-10-10,8.560131072998047
2016-10-11,8.299839973449707
2016-10-12,8.314574241638184
2016-10-13,8.25563907623291
2016-10-14,8.245818138122559
2016-10-17,8.206527709960938
2016-10-18,8.31948471069336
2016-10-19,8.368597030639648
2016-10-20,8.388240814208984
2016-10-21,8.344039916992188
2016-10-24,8.378418922424316
2016-10-25,8.427528381347656
2016-10-26,8.373507499694824
2016-10-27,8.270373344421387
2016-10-28,8.3047513961792
2016-10-31,8.314574241638184
2016-11-01,8.270373344421387
2016-11-02,8.177062034606934
2016-11-03,8.019904136657715
2016-11-04,7.965882301330566
2016-11-07,8.127949714660645
2016-11-08,8.123039245605469
2016-11-09,7.897124767303467
2016-11-10,7.769435882568359
2016-11-11,7.739969253540039
2016-11-14,7.666302680969238
2016-11-15,7.764523983001709
2016-11-16,7.730146884918213
2016-11-17,7.798903465270996
2016-11-18,7.75961446762085
2016-11-21,7.798903465270996
2016-11-22,7.862748146057129
2016-11-23,7.872570514678955
2016-11-25,7.838191509246826
2016-11-28,7.921680450439453
2016-11-29,7.882392406463623
2016-11-30,7.877481460571289
2016-12-01,7.872570514678955
2016-12-02,7.852925777435303
2016-12-05,7.852925777435303
2016-12-06,7.936415672302246
2016-12-07,8.005170822143555
2016-12-08,8.093571662902832
2016-12-09,8.083749771118164
2016-12-12,8.000260353088379
2016-12-13,8.049371719360352
2016-12-14,7.946238040924072
2016-12-15,7.970792293548584
2016-12-16,7.936415672302246
2016-12-19,7.956060409545898
2016-12-20,7.975704669952393
2016-12-21,7.936415672302246
2016-12-22,7.9167704582214355
2016-12-23,7.867660045623779
2016-12-27,7.877481460571289
2016-12-28,7.833280563354492
2016-12-29,7.921680450439453
2016-12-30,7.906948089599609
2017-01-03,7.965882301330566
2017-01-04,8.04446029663086
2017-01-05,8.088661193847656
2017-01-06,8.019904136657715
2017-01-09,8.019904136657715
2017-01-10,8.093571662902832
2017-01-11,8.073925971984863
2017-01-12,8.123039245605469
2017-01-13,8.118127822875977
2017-01-17,8.103394508361816
2017-01-18,8.064105033874512
2017-01-19,8.054283142089844
2017-01-20,8.123039245605469
2017-01-23,8.240907669067383
2017-01-24,8.31948471069336
2017-01-25,8.368597030639648
2017-01-26,8.33421802520752
2017-01-27,8.299839973449707
2017-01-30,8.250727653503418
2017-01-31,8.196706771850586
2017-02-01,8.172149658203125
2017-02-02,8.14759349822998
2017-02-03,8.285107612609863
2017-02-06,8.33421802520752
2017-02-07,8.393152236938477
2017-02-08,8.456995964050293
2017-02-09,8.491374969482422
2017-02-10,8.609244346618652
2017-02-13,8.638710021972656
2017-02-14,8.677998542785645
2017-02-15,8.761488914489746
2017-02-16,8.69764232635498
2017-02-17,8.702553749084473
2017-02-21,8.623974800109863
2017-02-22,8.59450912475586
2017-02-23,8.579774856567383
2017-02-24,8.545397758483887
2017-02-27,8.540486335754395
2017-02-28,8.535573959350586
2017-03-01,8.643619537353516
2017-03-02,8.520841598510742
2017-03-03,8.614152908325195
2017-03-06,8.49628734588623
2017-03-07,8.550308227539062
2017-03-08,8.481552124023438
2017-03-09,8.25563907623291
2017-03-10,8.427528381347656
2017-03-13,8.476640701293945
2017-03-14,8.461907386779785
2017-03-15,8.579774856567383
2017-03-16,8.609244346618652
2017-03-17,8.692732810974121
2017-03-20,8.751666069030762
2017-03-21,8.761488914489746
2017-03-22,8.830244064331055
2017-03-23,8.805688858032227
2017-03-24,8.859711647033691
2017-03-27,8.840065956115723
2017-03-28,8.933378219604492
2017-03-29,9.011957168579102
2017-03-30,8.982490539550781
2017-03-31,8.95793342590332
2017-04-03,9.095446586608887
2017-04-04,9.06106948852539
2017-04-05,9.18875789642334
2017-04-06,9.14455795288086
2017-04-07,9.149468421936035
2017-04-10,9.11017894744873
2017-04-11,9.095446586608887
2017-04-12,9.105270385742188
2017-04-13,9.085623741149902
2017-04-17,9.08071231842041
2017-04-18,8.997223854064941
2017-04-19,8.918644905090332
2017-04-20,8.972668647766113
2017-04-21,8.982490539550781
2017-04-24,9.06597900390625
2017-04-25,9.164201736450195
2017-04-26,9.18875789642334
2017-04-27,9.2034912109375
2017-04-28,9.228048324584961
2017-05-01,9.321358680725098
2017-05-02,9.44904899597168
2017-05-03,9.419581413269043
2017-05-04,9.444137573242188
2017-05-05,9.380293846130371
2017-05-08,9.404848098754883
2017-05-09,9.439227104187012
2017-05-10,9.434313774108887
2017-05-11,9.444137573242188
2017-05-12,9.453960418701172
2017-05-15,9.532538414001465
2017-05-16,9.49324893951416
2017-05-17,9.390115737915039
2017-05-18,9.37047004699707
2017-05-19,9.527626991271973
2017-05-22,9.49324893951416
2017-05-23,9.453960418701172
2017-05-24,9.473604202270508
2017-05-25,9.527626991271973
2017-05-26,9.532538414001465
2017-05-30,9.576739311218262
2017-05-31,9.473604202270508
2017-06-01,9.522716522216797
2017-06-02,9.562005043029785
2017-06-05,9.630760192871094
2017-06-06,9.576739311218262
2017-06-07,9.616028785705566
2017-06-08,9.616028785705566
2017-06-09,9.527626991271973
2017-06-12,9.444137573242188
2017-06-13,9.453960418701172
2017-06-14,9.458871841430664
2017-06-15,9.331180572509766
2017-06-16,9.390115737915039
2017-06-19,9.557092666625977
2017-06-20,9.566915512084961
2017-06-21,9.616028785705566
2017-06-22,9.616028785705566
2017-06-23,9.670051574707031
2017-06-26,9.846851348876953
2017-06-27,9.812474250793457
2017-06-28,9.7535400390625
2017-06-29,9.694605827331543
2017-06-30,9.719162940979004
2017-07-03,9.704428672790527
2017-07-05,9.714250564575195
2017-07-06,9.625850677490234
2017-07-07,9.596384048461914
2017-07-10,9.625850677490234
2017-07-11,9.802651405334473
2017-07-12,9.866497039794922
2017-07-13,9.86158561706543
2017-07-14,9.930341720581055
2017-07-17,9.886140823364258
2017-07-18,9.900874137878418
2017-07-19,10.004009246826172
2017-07-20,9.984362602233887
2017-07-21,9.974540710449219
2017-07-24,10.112053871154785
2017-07-25,10.170987129211426
2017-07-26,10.220099449157715
2017-07-27,10.328144073486328
2017-07-28,10.249566078186035
2017-07-31,10.215188026428223
2017-08-01,10.23974323272705
2017-08-02,10.333056449890137
2017-08-03,10.333056449890137
2017-08-04,10.323233604431152
2017-08-07,10.387078285217285
2017-08-08,10.421455383300781
2017-08-09,10.308499336242676
2017-08-10,10.107141494750977
2017-08-11,10.08749771118164
2017-08-14,10.303587913513184
2017-08-15,10.293766021728516
2017-08-16,10.244654655456543
2017-08-17,10.234833717346191
2017-08-18,10.28885555267334
2017-08-21,10.303587913513184
2017-08-22,10.411633491516113
2017-08-23,10.298677444458008
2017-08-24,10.406723022460938
2017-08-25,10.490212440490723
2017-08-28,10.460744857788086
2017-08-29,10.347787857055664
2017-08-30,10.504944801330566
2017-08-31,10.495124816894531
2017-09-01,10.514766693115234
2017-09-05,10.50003433227539
2017-09-06,10.44110107421875
2017-09-07,10.509857177734375
2017-09-08,10.549145698547363
2017-09-11,10.568791389465332
2017-09-12,10.490212440490723
2017-09-13,10.367433547973633
2017-09-14,10.3772554397583
2017-09-15,10.431280136108398
2017-09-18,10.460744857788086
2017-09-19,10.416544914245605
2017-09-20,10.328144073486328
2017-09-21,10.431280136108398
2017-09-22,10.391987800598145
2017-09-25,10.190631866455078
2017-09-26,10.146432876586914
2017-09-27,10.175897598266602
2017-09-28,10.131698608398438
2017-09-29,10.107141494750977
2017-10-02,10.210277557373047
2017-10-03,10.254476547241211
2017-10-04,10.23974323272705
2017-10-05,10.298677444458008
2017-10-06,10.342879295349121
2017-10-09,10.328144073486328
2017-10-10,10.357611656188965
2017-10-11,10.396899223327637
2017-10-12,10.431280136108398
2017-10-13,10.554057121276855
2017-10-16,10.524589538574219
2017-10-17,10.485301971435547
2017-10-18,10.416544914245605
2017-10-19,10.485301971435547
2017-10-20,10.495124816894531
2017-10-23,10.475479125976562
2017-10-24,10.45583438873291
2017-10-25,10.495124816894531
2017-10-26,10.450923919677734
2017-10-27,10.480389595031738
2017-10-30,10.485301971435547
2017-10-31,10.539325714111328
2017-11-01,10.627724647521973
2017-11-02,10.612991333007812
2017-11-03,10.62281322479248
2017-11-06,10.667013168334961
2017-11-07,10.721036911010742
2017-11-08,10.76032543182373
2017-11-09,10.573700904846191
2017-11-10,10.563879013061523
2017-11-13,10.544235229492188
2017-11-14,10.436189651489258
2017-11-15,10.411633491516113
2017-11-16,10.47056770324707
2017-11-17,10.42636775970459
2017-11-20,10.44110107421875
2017-11-21,10.583524703979492
2017-11-22,10.608078956604004
2017-11-24,10.539325714111328
2017-11-27,10.450923919677734
2017-11-28,10.465656280517578
2017-11-29,10.44110107421875
2017-11-30,10.391987800598145
2017-12-01,10.313409805297852
2017-12-04,10.3772554397583
2017-12-05,10.31832218170166
2017-12-06,10.107141494750977
2017-12-07,10.053120613098145
2017-12-08,10.141521453857422
2017-12-11,10.220099449157715
2017-12-12,10.1022310256958
2017-12-13,10.220099449157715
2017-12-14,10.254476547241211
2017-12-15,10.229921340942383
2017-12-18,10.279033660888672
2017-12-19,10.190631866455078
2017-12-20,10.249566078186035
2017-12-21,10.254476547241211
2017-12-22,10.431280136108398
2017-12-26,10.337965965270996
2017-12-27,10.396899223327637
2017-12-28,10.523629188537598
2017-12-29,10.579392433166504
2018-01-02,10.635151863098145
2018-01-03,10.70105266571045
2018-01-04,10.746675491333008
2018-01-05,10.898749351501465
2018-01-08,10.954511642456055
2018-01-09,10.898749351501465
2018-01-10,10.81257438659668
2018-01-11,10.863265991210938
2018-01-12,10.92409610748291
2018-01-16,10.90888786315918
2018-01-17,10.92916488647461
2018-01-18,10.949442863464355
2018-01-19,11.096447944641113
2018-01-22,11.182623863220215
2018-01-23,11.21303939819336
2018-01-24,11.172486305236816
2018-01-25,11.278939247131348
2018-01-26,11.253593444824219
2018-01-29,11.197832107543945
2018-01-30,10.979856491088867
2018-01-31,11.116724967956543
2018-02-01,11.03561782836914
2018-02-02,10.822712898254395
2018-02-05,10.695982933044434
2018-02-06,10.619946479797363
2018-02-07,10.442523002624512
2018-02-08,10.158649444580078
2018-02-09,10.143441200256348
2018-02-12,10.143441200256348
2018-02-13,10.22961711883545
2018-02-14,10.407037734985352
2018-02-15,10.5084228515625
2018-02-16,10.523629188537598
2018-02-20,10.346208572387695
2018-02-21,10.442523002624512
2018-02-22,10.54390811920166
2018-02-23,10.690914154052734
2018-02-26,10.77708911895752
2018-02-27,10.650360107421875
2018-02-28,10.635151863098145
2018-03-01,10.706121444702148
2018-03-02,10.609807014465332
2018-03-05,10.5996675491333
2018-03-06,10.564184188842773
2018-03-07,10.493216514587402
2018-03-08,10.523629188537598
2018-03-09,10.670636177062988
2018-03-12,10.766950607299805
2018-03-13,10.711189270019531
2018-03-14,10.726397514343262
2018-03-15,10.79736614227295
2018-03-16,10.79736614227295
2018-03-19,10.675705909729004
2018-03-20,10.721327781677246
2018-03-21,10.766950607299805
2018-03-22,10.70105266571045
2018-03-23,10.518561363220215
2018-03-26,10.66049861907959
2018-03-27,10.579392433166504
2018-03-28,10.579392433166504
2018-03-29,10.721327781677246
2018-04-02,10.564184188842773
2018-04-03,10.68077564239502
2018-04-04,10.741606712341309
2018-04-05,10.741606712341309
2018-04-06,10.594597816467285
2018-04-09,10.675705909729004
2018-04-10,10.71625804901123
2018-04-11,10.721327781677246
2018-04-12,10.711189270019531
2018-04-13,10.68077564239502
2018-04-16,10.726397514343262
2018-04-17,10.66049861907959
2018-04-18,10.635151863098145
2018-04-19,10.584460258483887
2018-04-20,10.46786880493164
2018-04-23,10.376623153686523
2018-04-24,10.204270362854004
2018-04-25,10.143441200256348
2018-04-26,10.07754135131836
2018-04-27,9.986297607421875
2018-04-30,10.092748641967773
2018-05-01,10.163717269897461
2018-05-02,10.143441200256348
2018-05-03,9.991365432739258
2018-05-04,10.05219554901123
2018-05-07,9.96095085144043
2018-05-08,10.123164176940918
2018-05-09,10.143441200256348
2018-05-10,10.341139793395996
2018-05-11,10.569252967834473
2018-05-14,10.579392433166504
2018-05-15,10.5084228515625
2018-05-16,10.630082130432129
2018-05-17,10.432385444641113
2018-05-18,10.412108421325684
2018-05-21,10.5996675491333
2018-05-22,10.589529037475586
2018-05-23,10.54390811920166
2018-05-24,10.589529037475586
2018-05-25,10.625014305114746
2018-05-29,10.498285293579102
2018-05-30,10.54897689819336
2018-05-31,10.483076095581055
2018-06-01,10.619946479797363
2018-06-04,10.842988967895508
2018-06-05,10.84805679321289
2018-06-06,10.974787712097168
2018-06-07,11.045758247375488
2018-06-08,10.964648246765137
2018-06-11,10.974787712097168
2018-06-12,10.898749351501465
2018-06-13,10.89367961883545
2018-06-14,10.721327781677246
2018-06-15,10.5996675491333
2018-06-18,10.498285293579102
2018-06-19,10.442523002624512
2018-06-20,10.574322700500488
2018-06-21,10.36141586303711
2018-06-22,10.381692886352539
2018-06-25,10.16878604888916
2018-06-26,10.194132804870605
2018-06-27,10.199202537536621
2018-06-28,10.011642456054688
2018-06-29,10.204270362854004
2018-07-02,10.133301734924316
2018-07-03,10.067404747009277
2018-07-05,9.945743560791016
2018-07-06,9.869704246520996
2018-07-09,10.006572723388672
2018-07-10,10.07754135131836
2018-07-11,10.026850700378418
2018-07-12,10.133301734924316
2018-07-13,10.254963874816895
2018-07-16,10.280309677124023
2018-07-17,10.234686851501465
2018-07-18,10.199202537536621
2018-07-19,10.214408874511719
2018-07-20,10.290446281433105
2018-07-23,10.194132804870605
2018-07-24,10.234686851501465
2018-07-25,10.36141586303711
2018-07-26,10.336071014404297
2018-07-27,10.407037734985352
2018-07-30,10.336071014404297
2018-07-31,10.346208572387695
2018-08-01,10.366484642028809
2018-08-02,10.22961711883545
2018-08-03,10.376623153686523
2018-08-06,10.356346130371094
2018-08-07,10.396899223327637
2018-08-08,10.36141586303711
2018-08-09,10.31579303741455
2018-08-10,10.18399429321289
2018-08-13,9.976157188415527
2018-08-14,9.991365432739258
2018-08-15,9.813943862915039
2018-08-16,9.895051002502441
2018-08-17,9.864636421203613
2018-08-20,9.748044967651367
2018-08-21,9.925466537475586
2018-08-22,9.839290618896484
2018-08-23,9.82915210723877
2018-08-24,9.874774932861328
2018-08-27,9.864636421203613
2018-08-28,9.940672874450684
2018-08-29,10.072473526000977
2018-08-30,10.011642456054688
2018-08-31,10.062334060668945
2018-09-04,10.05219554901123
2018-09-05,10.031920433044434
2018-09-06,10.05219554901123
2018-09-07,9.950812339782715
2018-09-10,9.884913444519043
2018-09-11,9.737906455993652
2018-09-12,9.672008514404297
2018-09-13,9.611175537109375
2018-09-14,9.773390769958496
2018-09-17,9.712560653686523
2018-09-18,9.717630386352539
2018-09-19,9.65173053741455
2018-09-20,9.737906455993652
2018-09-21,9.80380630493164
2018-09-24,9.773390769958496
2018-09-25,9.82408332824707
2018-09-26,9.732837677001953
2018-09-27,9.768322944641113
2018-09-28,9.717630386352539
2018-10-01,9.727768898010254
2018-10-02,9.585829734802246
2018-10-03,9.550346374511719
2018-10-04,9.296887397766113
2018-10-05,9.10425853729248
2018-10-08,9.048498153686523
2018-10-09,9.038358688354492
2018-10-10,8.78489875793457
2018-10-11,8.40471076965332
2018-10-12,8.582132339477539
2018-10-15,8.53650951385498
2018-10-16,8.627755165100098
2018-10-17,8.648031234741211
2018-10-18,8.53650951385498
2018-10-19,8.69365406036377
2018-10-22,8.622685432434082
2018-10-23,8.465540885925293
2018-10-24,8.2323579788208
2018-10-25,8.27798080444336
2018-10-26,8.130974769592285
2018-10-29,8.222219467163086
2018-10-30,8.313465118408203
2018-10-31,8.495956420898438
2018-11-01,8.658169746398926
2018-11-02,8.69365406036377
2018-11-05,8.744346618652344
2018-11-06,8.678447723388672
2018-11-07,8.764622688293457
2018-11-08,8.622685432434082
2018-11-09,8.531440734863281
2018-11-12,8.501026153564453
2018-11-13,8.57199478149414
2018-11-14,8.582132339477539
2018-11-15,8.582132339477539
2018-11-16,8.440194129943848
2018-11-19,8.399641036987305
2018-11-20,8.364156723022461
2018-11-21,8.445263862609863
2018-11-23,8.328672409057617
2018-11-26,8.430055618286133
2018-11-27,8.450333595275879
2018-11-28,8.653100967407227
2018-11-29,8.653100967407227
2018-11-30,8.698723793029785
2018-12-03,8.987667083740234
2018-12-04,8.830521583557129
2018-12-06,8.48074722290039
2018-12-07,8.46047306060791
2018-12-10,8.440194129943848
2018-12-11,8.490887641906738
2018-12-12,8.648031234741211
2018-12-13,8.658169746398926
2018-12-14,8.587202072143555
2018-12-17,8.642961502075195
2018-12-18,8.612547874450684
2018-12-19,8.526371002197266
2018-12-20,8.46882152557373
2018-12-21,8.451895713806152
2018-12-24,8.389832496643066
2018-12-26,8.570379257202148
2018-12-27,8.542169570922852
2018-12-28,8.615516662597656
2018-12-31,8.55345344543457
2019-01-02,8.491390228271484
2019-01-03,8.327768325805664
2019-01-04,8.485748291015625
2019-01-07,8.643726348876953
2019-01-08,8.55345344543457
2019-01-09,8.80170726776123
2019-01-10,8.80170726776123
2019-01-11,8.80170726776123
2019-01-14,8.767854690551758
2019-01-15,8.85812759399414
2019-01-16,8.886338233947754
2019-01-17,8.875053405761719
2019-01-18,8.94840145111084
2019-01-22,8.846844673156738
2019-01-23,8.875053405761719
2019-01-24,8.914548873901367
2019-01-25,9.010464668273926
2019-01-28,8.920190811157227
2019-01-29,8.937118530273438
2019-01-30,9.061244010925293
2019-01-31,9.20229721069336
2019-02-01,9.140233993530273
2019-02-04,9.140233993530273
2019-02-05,9.281288146972656
2019-02-06,9.320782661437988
2019-02-07,9.174086570739746
2019-02-08,9.055601119995117
2019-02-11,9.072528839111328
2019-02-12,9.213581085205078
2019-02-13,9.298213005065918
2019-02-14,9.332067489624023
2019-02-15,9.281288146972656
2019-02-19,9.332067489624023
2019-02-20,9.405413627624512
2019-02-21,9.405413627624512
2019-02-22,9.478759765625
2019-02-25,9.5690336227417
2019-02-26,9.535181999206543
2019-02-27,9.535181999206543
2019-02-28,9.50132942199707
2019-03-01,9.557750701904297
2019-03-04,9.591604232788086
2019-03-05,9.653666496276855
2019-03-06,9.597245216369629
2019-03-07,9.529540061950684
2019-03-08,9.416699409484863
2019-03-11,9.490044593811035
2019-03-12,9.518256187438965
2019-03-13,9.563392639160156
2019-03-14,9.563392639160156
2019-03-15,9.602888107299805
2019-03-18,9.67623519897461
2019-03-19,9.738298416137695
2019-03-20,9.738298416137695
2019-03-21,9.896278381347656
2019-03-22,9.608529090881348
2019-03-25,9.704446792602539
2019-03-26,9.839856147766113
2019-03-27,9.89063549041748
2019-03-28,10.00347900390625
2019-03-29,10.105035781860352
2019-04-01,10.042972564697266
2019-04-02,10.031689643859863
2019-04-03,10.116320610046387
2019-04-04,10.127604484558105
2019-04-05,10.088109970092773
2019-04-08,10.110679626464844
2019-04-09,10.155816078186035
2019-04-10,10.246088981628418
2019-04-11,10.161457061767578
2019-04-12,10.274299621582031
2019-04-15,10.257372856140137
2019-04-16,10.342005729675293
2019-04-17,10.364574432373047
2019-04-18,10.347647666931152
2019-04-22,10.296868324279785
2019-04-23,10.358931541442871
2019-04-24,10.30815315246582
2019-04-25,10.347647666931152
2019-04-26,10.29122543334961
2019-04-29,10.319437980651855
2019-04-30,10.200952529907227
2019-05-01,10.178385734558105
2019-05-02,10.200952529907227
2019-05-03,10.398426055908203
2019-05-06,10.155816078186035
2019-05-07,10.05989933013916
2019-05-08,10.042972564697266
2019-05-09,9.856782913208008
2019-05-10,9.896278381347656
2019-05-13,9.529540061950684
2019-05-14,9.664950370788574
2019-05-15,9.693161964416504
2019-05-16,9.478759765625
2019-05-17,9.213581085205078
2019-05-20,9.281288146972656
2019-05-21,9.25871753692627
2019-05-22,9.224864959716797
2019-05-23,9.021749496459961
2019-05-24,9.044318199157715
2019-05-28,8.987896919250488
2019-05-29,8.970970153808594
2019-05-30,8.914548873901367
2019-05-31,9.021749496459961
2019-06-03,9.066886901855469
2019-06-04,9.1063814163208
2019-06-05,9.134591102600098
2019-06-06,9.11202335357666
2019-06-07,9.140233993530273
2019-06-10,9.247434616088867
2019-06-11,9.27564525604248
2019-06-12,9.303854942321777
2019-06-13,9.303854942321777
2019-06-14,9.20229721069336
2019-06-17,9.27564525604248
2019-06-18,9.388486862182617
2019-06-19,9.563392639160156
2019-06-20,9.64238166809082
2019-06-21,9.58596134185791
2019-06-24,9.591604232788086
2019-06-25,9.518256187438965
2019-06-26,9.495688438415527
2019-06-27,9.602888107299805
2019-06-28,9.563392639160156
2019-07-01,9.760866165161133
2019-07-02,9.727014541625977
2019-07-03,9.828571319580078
2019-07-05,9.89063549041748
2019-07-08,9.845499038696289
2019-07-09,9.91884708404541
2019-07-10,9.980911254882812
2019-07-11,10.0542573928833
2019-07-12,10.099393844604492
2019-07-15,10.200952529907227
2019-07-16,10.15017318725586
2019-07-17,10.127604484558105
2019-07-18,10.116320610046387
2019-07-19,10.105035781860352
2019-07-22,10.212237358093262
2019-07-23,10.285584449768066
2019-07-24,10.217879295349121
2019-07-25,10.240447998046875
2019-07-26,10.240447998046875
2019-07-29,10.251731872558594
2019-07-30,10.082468032836914
2019-07-31,10.05989933013916
2019-08-01,9.91884708404541
2019-08-02,9.91884708404541
2019-08-05,9.388486862182617
2019-08-06,9.608529090881348
2019-08-07,9.552108764648438
2019-08-08,9.597245216369629
2019-08-09,9.5690336227417
2019-08-12,9.619812965393066
2019-08-13,9.777792930603027
2019-08-14,9.506972312927246
2019-08-15,9.743940353393555
2019-08-16,9.901920318603516
2019-08-19,10.00347900390625
2019-08-20,9.986552238464355
2019-08-21,10.076827049255371
2019-08-22,9.986552238464355
2019-08-23,9.930130958557129
2019-08-26,9.8116455078125
2019-08-27,9.873708724975586
2019-08-28,9.89063549041748
2019-08-29,10.065542221069336
2019-08-30,10.065542221069336
2019-09-03,10.082468032836914
2019-09-04,10.167099952697754
2019-09-05,10.246088981628418
2019-09-06,10.285584449768066
2019-09-09,10.330720901489258
2019-09-10,10.325078010559082
2019-09-11,10.325078010559082
2019-09-12,10.381499290466309
2019-09-13,10.398426055908203
2019-09-16,10.42099380493164
2019-09-17,10.409710884094238
2019-09-18,10.381499290466309
2019-09-19,10.392784118652344
2019-09-20,10.505627632141113
2019-09-23,10.522552490234375
2019-09-24,10.48305892944336
2019-09-25,10.443563461303711
2019-09-26,10.488699913024902
2019-09-27,10.342005729675293
2019-09-30,10.42099380493164
2019-10-01,10.3871431350708
2019-10-02,10.449206352233887
2019-10-03,10.567688941955566
2019-10-04,10.821585655212402
2019-10-07,10.889290809631348
2019-10-08,10.996491432189941
2019-10-09,10.889290809631348
2019-10-10,11.019059181213379
2019-10-11,11.120617866516113
2019-10-14,11.109333992004395
2019-10-15,11.199607849121094
2019-10-16,11.244745254516602
2019-10-17,11.335018157958984
2019-10-18,11.25602912902832
2019-10-21,11.301165580749512
2019-10-22,11.335018157958984
2019-10-23,11.357584953308105
2019-10-24,11.385797500610352
2019-10-25,11.329377174377441
2019-10-28,11.53813362121582
2019-10-29,11.459144592285156
2019-10-30,11.566344261169434
2019-10-31,11.464786529541016
2019-11-01,11.594555854797363
2019-11-04,11.741251945495605
2019-11-05,11.820241928100586
2019-11-06,11.763819694519043
2019-11-07,11.79202938079834
2019-11-08,11.53813362121582
2019-11-11,11.414008140563965
2019-11-12,11.509923934936523
2019-11-13,11.521207809448242
2019-11-14,11.521207809448242
2019-11-15,11.583270072937012
2019-11-18,11.577629089355469
2019-11-19,11.65097713470459
2019-11-20,11.566344261169434
2019-11-21,11.566344261169434
2019-11-22,11.532491683959961
2019-11-25,11.588913917541504
2019-11-26,11.617125511169434
2019-11-27,11.7976713180542
2019-11-29,11.577629089355469
2019-12-02,11.492998123168945
2019-12-03,11.521207809448242
2019-12-04,11.617125511169434
2019-12-05,11.577629089355469
2019-12-06,11.713040351867676
2019-12-09,11.729968070983887
2019-12-10,11.639693260192871
2019-12-11,11.842808723449707
2019-12-12,12.040283203125
2019-12-13,12.107988357543945
2019-12-16,12.215188980102539
2019-12-17,12.356242179870605
2019-12-18,12.621421813964844
2019-12-19,12.40701961517334
2019-12-20,12.390092849731445
2019-12-23,12.339316368103027
2019-12-24,12.384452819824219
2019-12-26,12.531147956848145
2019-12-27,12.499988555908203
2019-12-30,12.304485321044922
2019-12-31,12.57330322265625
2020-01-02,12.982637405395508
2020-01-03,12.829901695251465
2020-01-06,12.781024932861328
2020-01-07,12.58552360534668
2020-01-08,12.52442741394043
2020-01-09,12.713822364807129
2020-01-10,12.811572074890137
2020-01-13,12.909323692321777
2020-01-14,12.952092170715332
2020-01-15,13.007076263427734
2020-01-16,13.098718643188477
2020-01-17,13.227017402648926
2020-01-21,13.08650016784668
2020-01-22,13.196470260620117
2020-01-23,13.031514167785645
2020-01-24,12.8848876953125
2020-01-27,12.469442367553711
2020-01-28,12.554973602294922
2020-01-29,12.640509605407715
2020-01-30,12.22506332397461
2020-01-31,11.882933616638184
2020-02-03,12.035670280456543
2020-02-04,12.335034370422363
2020-02-05,12.402236938476562
2020-02-06,12.469442367553711
2020-02-07,12.420565605163574
2020-02-10,12.52442741394043
2020-02-11,12.695493698120117
2020-02-12,12.78713607788086
2020-02-13,12.799354553222656
2020-02-14,12.762697219848633
2020-02-18,12.701603889465332
2020-02-19,12.878778457641602
2020-02-20,12.506096839904785
2020-02-21,12.463332176208496
2020-02-24,11.9501371383667
2020-02-25,12.078435897827148
2020-02-26,12.176187515258789
2020-02-27,12.017340660095215
2020-02-28,11.577458381652832
2020-03-02,11.882933616638184
2020-03-03,12.151748657226562
2020-03-04,12.286158561706543
2020-03-05,12.121201515197754
2020-03-06,11.907370567321777
2020-03-09,11.265875816345215
2020-03-10,11.736305236816406
2020-03-11,11.443049430847168
2020-03-12,10.080636978149414
2020-03-13,10.300578117370605
2020-03-16,9.500235557556152
2020-03-17,9.62242603302002
2020-03-18,9.0725736618042
2020-03-19,8.95649242401123
2020-03-20,8.797646522521973
2020-03-23,8.431077003479004
2020-03-24,9.127558708190918
2020-03-25,9.909570693969727
2020-03-26,10.263920783996582
2020-03-27,9.897353172302246
2020-03-30,9.87291431427002
2020-03-31,10.050089836120605
2020-04-01,9.836257934570312
2020-04-02,10.025650978088379
2020-04-03,9.95844554901123
2020-04-06,10.434986114501953
2020-04-07,10.618268966674805
2020-04-08,10.679365158081055
2020-04-09,10.73435115814209
2020-04-13,10.60605239868164
2020-04-14,10.722132682800293
2020-04-15,10.630489349365234
2020-04-16,10.887086868286133
2020-04-17,11.082592010498047
2020-04-20,10.807665824890137
2020-04-21,10.758790016174316
2020-04-22,10.874868392944336
2020-04-23,10.850431442260742
2020-04-24,10.807665824890137
2020-04-27,11.070371627807617
2020-04-28,11.180341720581055
2020-04-29,11.485814094543457
2020-04-30,11.375846862792969
2020-05-01,11.094809532165527
2020-05-04,11.35751724243164
2020-05-05,11.192560195922852
2020-05-06,11.192560195922852
2020-05-07,11.485814094543457
2020-05-08,11.632444381713867
2020-05-11,11.6996488571167
2020-05-12,11.650773048400879
2020-05-13,11.60800552368164
2020-05-14,11.41250228881836
2020-05-15,11.247547149658203
2020-05-18,11.589676856994629
2020-05-19,11.430830001831055
2020-05-20,11.577458381652832
2020-05-21,11.669100761413574
2020-05-22,11.51025390625
2020-05-26,11.736305236816406
2020-05-27,11.614114761352539
2020-05-28,11.687429428100586
2020-05-29,11.760744094848633
2020-06-01,11.962355613708496
2020-06-02,12.102873802185059
2020-06-03,12.273938179016113
2020-06-04,12.292267799377441
2020-06-05,12.640509605407715
2020-06-08,12.634398460388184
2020-06-09,12.487770080566406
2020-06-10,12.738259315490723
2020-06-11,12.292267799377441
2020-06-12,12.353361129760742
2020-06-15,12.237281799316406
2020-06-16,12.469442367553711
2020-06-17,12.530535697937012
2020-06-18,12.658836364746094
2020-06-19,12.664945602416992
2020-06-22,12.799354553222656
2020-06-23,12.878778457641602
2020-06-24,12.903215408325195
2020-06-25,12.921542167663574
2020-06-26,12.878778457641602
2020-06-29,12.933762550354004
2020-06-30,12.958199501037598
2020-07-01,13.000967025756836
2020-07-02,13.330877304077148
2020-07-06,13.70966625213623
2020-07-07,13.746322631835938
2020-07-08,13.941824913024902
2020-07-09,13.954044342041016
2020-07-10,13.837965965270996
2020-07-13,14.143438339233398
2020-07-14,14.21064281463623
2020-07-15,13.990701675415039
2020-07-16,13.966263771057129
2020-07-17,13.850184440612793
2020-07-20,13.929606437683105
2020-07-21,14.051796913146973
2020-07-22,14.167875289916992
2020-07-23,14.027358055114746
2020-07-24,14.173986434936523
2020-07-27,14.742167472839355
2020-07-28,14.271738052368164
2020-07-29,14.662745475769043
2020-07-30,14.418364524841309
2020-07-31,14.363380432128906
2020-08-03,14.461132049560547
2020-08-04,14.943778991699219
2020-08-05,15.120955467224121
2020-08-06,15.108735084533691
2020-08-07,15.206486701965332
2020-08-10,15.273691177368164
2020-08-11,14.87657642364502
2020-08-12,15.041532516479492
2020-08-13,14.937670707702637
2020-08-14,14.937670707702637
2020-08-17,15.249253273010254
2020-08-18,14.97432804107666
2020-08-19,15.004873275756836
2020-08-20,14.510008811950684
2020-08-21,14.571101188659668
2020-08-24,14.442802429199219
2020-08-25,14.571101188659668
2020-08-26,14.711620330810547
2020-08-27,14.546663284301758
2020-08-28,14.607760429382324
2020-08-31,14.448911666870117
2020-09-01,14.656636238098145
2020-09-02,14.711620330810547
2020-09-03,14.49778938293457
2020-09-04,14.577211380004883
2020-09-08,14.338940620422363
2020-09-09,14.308393478393555
2020-09-10,14.082343101501465
2020-09-11,14.357271194458008
2020-09-14,14.35116195678711
2020-09-15,14.552773475646973
2020-09-16,14.803261756896973
2020-09-17,14.589431762695312
2020-09-18,14.632198333740234
2020-09-21,14.455022811889648
2020-09-22,14.510008811950684
2020-09-23,13.984591484069824
2020-09-24,14.143438339233398
2020-09-25,13.929606437683105
2020-09-28,14.357271194458008
2020-09-29,14.296175956726074
2020-09-30,14.070125579833984
2020-10-01,14.381709098815918
2020-10-02,14.228972434997559
2020-10-05,14.326723098754883
2020-10-06,14.516118049621582
2020-10-07,14.852136611938477
2020-10-08,14.839920997619629
2020-10-09,15.059859275817871
2020-10-12,15.017094612121582
2020-10-13,15.017094612121582
2020-10-14,14.94989013671875
2020-10-15,14.894904136657715
2020-10-16,14.858247756958008
2020-10-19,14.894904136657715
2020-10-20,14.962109565734863
2020-10-21,15.194270133972168
2020-10-22,15.243145942687988
2020-10-23,15.169830322265625
2020-10-26,14.907123565673828
2020-10-27,14.943778991699219
2020-10-28,14.674962997436523
2020-10-29,14.369489669799805
2020-10-30,14.296175956726074
2020-11-02,14.155657768249512
2020-11-03,14.528337478637695
2020-11-04,14.510008811950684
2020-11-05,15.224815368652344
2020-11-06,15.139284133911133
2020-11-09,15.285909652709961
2020-11-10,14.913232803344727
2020-11-11,14.992656707763672
2020-11-12,15.004873275756836
2020-11-13,15.114846229553223
2020-11-16,15.487524032592773
2020-11-17,15.395881652832031
2020-11-18,15.658587455749512
2020-11-19,15.713574409484863
2020-11-20,15.676918029785156
2020-11-23,16.477258682250977
2020-11-24,16.489477157592773
2020-11-25,16.36117935180664
2020-11-27,16.684980392456055
2020-11-30,16.61166763305664
2020-12-01,16.87437629699707
2020-12-02,16.94157600402832
2020-12-03,17.02100372314453
2020-12-04,17.045438766479492
2020-12-07,17.027111053466797
2020-12-08,17.045438766479492
2020-12-09,17.057659149169922
2020-12-10,17.045438766479492
2020-12-11,17.039329528808594
2020-12-14,17.112646102905273
2020-12-15,17.234834671020508
2020-12-16,17.185956954956055
2020-12-17,17.253162384033203
2020-12-18,17.234834671020508
2020-12-21,17.106536865234375
2020-12-22,16.97823715209961
2020-12-23,17.09431266784668
2020-12-24,17.717483520507812
2020-12-28,17.642993927001953
2020-12-29,17.74645233154297
2020-12-30,17.83611488342285
2020-12-31,17.691272735595703
2021-01-04,17.974058151245117
2021-01-05,18.608598709106445
2021-01-06,18.415477752685547
2021-01-07,18.601699829101562
2021-01-08,18.760337829589844
2021-01-11,18.781028747558594
2021-01-12,18.89828109741211
2021-01-13,18.794822692871094
2021-01-14,19.215551376342773
2021-01-15,18.836206436157227
2021-01-19,19.229345321655273
2021-01-20,19.656972885131836
2021-01-21,19.58799934387207
2021-01-22,19.58110237121582
2021-01-25,19.712148666381836
2021-01-26,19.58799934387207
2021-01-27,19.250036239624023
2021-01-28,19.105195999145508
2021-01-29,18.518936157226562
2021-02-01,18.70516014099121
2021-02-02,19.070709228515625
2021-02-03,19.38797950744629
2021-02-04,19.37418556213379
2021-02-05,19.76732635498047
2021-02-08,19.87078285217285
2021-02-09,19.988035202026367
2021-02-10,20.06390380859375
2021-02-11,20.1949520111084
2021-02-12,20.146671295166016
2021-02-16,20.112184524536133
2021-02-17,20.077701568603516
2021-02-18,20.20184898376465
2021-02-19,20.38117218017578
2021-02-22,20.31909942626953
2021-02-23,20.160465240478516
2021-02-24,20.153568267822266
2021-02-25,19.932857513427734
2021-02-26,19.670766830444336
2021-03-01,19.988035202026367
2021-03-02,19.732839584350586
2021-03-03,19.670766830444336
2021-03-04,19.036222457885742
2021-03-05,19.305213928222656
2021-03-08,18.974149703979492
2021-03-09,19.036222457885742
2021-03-10,18.92586898803711
2021-03-11,19.291418075561523
2021-03-12,19.270729064941406
2021-03-15,19.38797950744629
2021-03-16,19.38797950744629
2021-03-17,19.38797950744629
2021-03-18,19.305213928222656
2021-03-19,19.112092971801758
2021-03-22,19.236242294311523
2021-03-23,19.105195999145508
2021-03-24,18.581010818481445
2021-03-25,18.739646911621094
2021-03-26,18.94655990600586
2021-03-29,19.091402053833008
2021-03-30,19.353492736816406
2021-03-31,19.484542846679688
2021-04-01,19.663869857788086
2021-04-05,19.79491424560547
2021-04-06,19.79491424560547
2021-04-07,19.684560775756836
2021-04-08,19.705251693725586
2021-04-09,19.79491424560547
2021-04-12,19.82940101623535
2021-04-13,19.932857513427734
2021-04-14,20.215641021728516
2021-04-15,20.33289337158203
2021-04-16,20.33289337158203
2021-04-19,20.560501098632812
2021-04-20,20.760520935058594
2021-04-21,20.960538864135742
2021-04-22,20.801902770996094
2021-04-23,21.243322372436523
2021-04-26,22.0640869140625
2021-04-27,22.0089111328125
2021-04-28,22.105470657348633
2021-04-29,22.29169273376465
2021-04-30,22.13995361328125
2021-05-03,22.04339599609375
2021-05-04,21.664051055908203
2021-05-05,21.664051055908203
2021-05-06,22.07098388671875
2021-05-07,22.30548858642578
2021-05-10,21.981321334838867
2021-05-11,21.533004760742188
2021-05-12,20.30530548095703
2021-05-13,20.746726989746094
2021-05-14,20.422557830810547
2021-05-17,19.229345321655273
2021-05-18,19.932857513427734
2021-05-19,19.919063568115234
2021-05-20,20.27081871032715
2021-05-21,20.084598541259766
2021-05-24,20.746726989746094
2021-05-25,20.960538864135742
2021-05-26,21.167455673217773
2021-05-27,21.38816261291504
2021-05-28,21.760610580444336
2021-06-01,22.388254165649414
2021-06-02,22.215824127197266
2021-06-03,22.195133209228516
2021-06-04,22.539993286132812
2021-06-07,22.326181411743164
2021-06-08,22.243412017822266
2021-06-09,22.27100372314453
2021-06-10,22.519302368164062
2021-06-11,22.519302368164062
2021-06-14,22.484813690185547
2021-06-15,22.657243728637695
2021-06-16,22.588274002075195
2021-06-17,22.815881729125977
2021-06-18,22.629655838012695
2021-06-21,22.753807067871094
2021-06-22,22.967618942260742
2021-06-23,23.684925079345703
2021-06-24,23.73320770263672
2021-06-25,23.953916549682617
2021-06-28,24.036680221557617
2021-06-29,24.00909423828125
2021-06-30,24.374645233154297
2021-07-01,24.53327751159668
2021-07-02,24.967802047729492
2021-07-06,25.119539260864258
2021-07-07,25.57475471496582
2021-07-08,25.264379501342773
2021-07-09,25.698902130126953
2021-07-12,25.7471866607666
2021-07-13,25.836843490600586
2021-07-14,25.94719886779785
2021-07-15,25.705801010131836
2021-07-16,25.588546752929688
2021-07-19,25.043670654296875
2021-07-20,25.236793518066406
2021-07-21,25.112642288208008
2021-07-22,25.31955909729004
2021-07-23,25.457500457763672
2021-07-26,24.954008102416992
2021-07-27,24.491893768310547
2021-07-28,24.553970336914062
2021-07-29,24.712608337402344
2021-07-30,24.664325714111328
2021-08-02,24.70570945739746
2021-08-03,24.94021224975586
2021-08-04,25.354042053222656
2021-08-05,25.236793518066406
2021-08-06,24.967802047729492
2021-08-09,25.133333206176758
2021-08-10,24.616044998168945
2021-08-11,24.41602897644043
2021-08-12,24.45051383972168
2021-08-13,24.0711669921875
2021-08-16,23.595260620117188
2021-08-17,22.74690818786621
2021-08-18,23.29178810119629
2021-08-19,22.684833526611328
2021-08-20,22.877954483032227
2021-08-23,23.560773849487305
2021-08-24,23.63664436340332
2021-08-25,24.015989303588867
2021-08-26,23.871150970458984
2021-08-27,24.24359893798828
2021-08-30,24.38844108581543
2021-08-31,24.712608337402344
2021-09-01,25.043670654296875
2021-09-02,25.105745315551758
2021-09-03,25.39542579650879
2021-09-07,25.34714698791504
2021-09-08,24.898828506469727
2021-09-09,24.912622451782227
2021-09-10,25.36094093322754
2021-09-13,25.34714698791504
2021-09-14,25.091951370239258
2021-09-15,25.15402603149414
2021-09-16,24.967802047729492
2021-09-17,24.864341735839844
2021-09-20,24.181522369384766
2021-09-21,24.526382446289062
2021-09-22,24.678119659423828
2021-09-23,24.919519424438477
2021-09-24,24.871240615844727
2021-09-27,24.974695205688477
2021-09-28,24.45051383972168
2021-09-29,24.291881561279297
2021-09-30,24.28498077392578
2021-10-01,24.2091121673584
2021-10-04,23.581464767456055
2021-10-05,23.684925079345703
2021-10-06,23.498699188232422
2021-10-07,23.78148651123047
2021-10-08,23.753896713256836
2021-10-11,23.74700164794922
2021-10-12,23.450420379638672
2021-10-13,23.381450653076172
2021-10-14,23.726308822631836
2021-10-15,24.10565185546875
2021-10-18,24.002195358276367
2021-10-19,24.18842124938965
2021-10-20,24.32636260986328
2021-10-21,24.278085708618164
2021-10-22,24.31946563720703
2021-10-25,24.47120475769043
2021-10-26,24.622943878173828
2021-10-27,24.622943878173828
2021-10-28,24.795372009277344
2021-10-29,24.622943878173828
2021-11-01,25.071256637573242
2021-11-02,25.00918197631836
2021-11-03,25.354042053222656
2021-11-04,25.34714698791504
2021-11-05,25.478191375732422
2021-11-08,25.760976791381836
2021-11-09,26.050661087036133
2021-11-10,25.926509857177734
2021-11-11,26.009275436401367
2021-11-12,26.16790771484375
2021-11-15,26.45759391784668
2021-11-16,26.49897575378418
2021-11-17,26.76106834411621
2021-11-18,27.01626205444336
2021-11-19,26.885217666625977
2021-11-22,26.967985153198242
2021-11-23,26.616228103637695
2021-11-24,26.2437801361084
2021-11-26,25.498886108398438
2021-11-29,25.823049545288086
2021-11-30,25.87822914123535
2021-12-01,26.25067710876465
2021-12-02,26.540359497070312
2021-12-03,26.2713680267334
2021-12-06,26.671403884887695
2021-12-07,26.72658348083496
2021-12-08,26.547256469726562
2021-12-09,26.588638305664062
2021-12-10,26.636920928955078
2021-12-13,26.174808502197266
2021-12-14,25.8023624420166
2021-12-15,26.036865234375
2021-12-16,26.036865234375
2021-12-17,26.3403377532959
2021-12-20,26.298959732055664
2021-12-21,26.636920928955078
2021-12-22,27.06454849243164
2021-12-23,27.312841415405273
2021-12-27,27.538482666015625
2021-12-28,27.948060989379883
2021-12-29,27.90338134765625
2021-12-30,27.84380531311035
2021-12-31,27.977848052978516
2022-01-03,28.834238052368164
2022-01-04,28.461896896362305
2022-01-05,27.895931243896484
2022-01-06,27.85125160217285
2022-01-07,27.270397186279297
2022-01-10,27.0469913482666
2022-01-11,27.0395450592041
2022-01-12,27.158695220947266
2022-01-13,27.240610122680664
2022-01-14,27.0395450592041
2022-01-18,26.615074157714844
2022-01-19,26.615074157714844
2022-01-20,26.43634796142578
2022-01-21,25.550172805786133
2022-01-24,25.155488967895508
2022-01-25,25.073572158813477
2022-01-26,25.23740577697754
2022-01-27,24.753358840942383
2022-01-28,24.604421615600586
2022-01-31,25.274639129638672
2022-02-01,25.095914840698242
2022-02-02,25.35655403137207
2022-02-03,25.192726135253906
2022-02-04,25.304426193237305
2022-02-07,25.378894805908203
2022-02-08,25.64698028564453
2022-02-09,26.302305221557617
2022-02-10,26.562944412231445
2022-02-11,26.31719970703125
2022-02-14,25.97464370727539
2022-02-15,26.287412643432617
2022-02-16,26.32464599609375
2022-02-17,26.190601348876953
2022-02-18,26.131027221679688
2022-02-22,25.862939834594727
2022-02-23,25.833152770996094
2022-02-24,25.066125869750977
2022-02-25,25.43846893310547
2022-02-28,25.192726135253906
2022-03-01,25.021446228027344
2022-03-02,25.512937545776367
2022-03-03,25.31187629699707
2022-03-04,24.946975708007812
2022-03-07,23.66611671447754
2022-03-08,23.889524459838867
2022-03-09,24.0235652923584
2022-03-10,24.001224517822266
2022-03-11,23.971437454223633
2022-03-14,23.807607650756836
2022-03-15,23.44270896911621
2022-03-16,23.532073974609375
2022-03-17,24.060802459716797
2022-03-18,24.403356552124023
2022-03-21,24.313995361328125
2022-03-22,24.55229377746582
2022-03-23,24.38846206665039
2022-03-24,24.66399574279785
2022-03-25,24.47037696838379
2022-03-28,24.24697494506836
2022-03-29,24.403356552124023
2022-03-30,24.529951095581055
2022-03-31,24.500165939331055
2022-04-01,24.351226806640625
2022-04-04,24.90229606628418
2022-04-05,24.142715454101562
2022-04-06,24.001224517822266
2022-04-07,23.59164810180664
2022-04-08,23.24164581298828
2022-04-11,22.489513397216797
2022-04-12,22.400150299072266
2022-04-13,22.653343200683594
2022-04-14,22.266109466552734
2022-04-18,21.923553466796875
2022-04-19,21.782060623168945
2022-04-20,21.953340530395508
2022-04-21,21.573549270629883
2022-04-22,21.156526565551758
2022-04-25,20.776735305786133
2022-04-26,20.240562438964844
2022-04-27,20.255456924438477
2022-04-28,20.635244369506836
2022-04-29,20.575668334960938
2022-05-02,20.58311653137207
2022-05-03,20.895885467529297
2022-05-04,21.141632080078125
2022-05-05,20.367158889770508
2022-05-06,20.262903213500977
2022-05-09,19.67460060119629
2022-05-10,19.85332489013672
2022-05-11,19.622472763061523
2022-05-12,19.473535537719727
2022-05-13,19.920347213745117
2022-05-16,19.555450439453125
2022-05-17,20.076730728149414
2022-05-18,19.95758056640625
2022-05-19,20.180988311767578
2022-05-20,20.337371826171875
2022-05-23,20.538434982299805
2022-05-24,20.002262115478516
2022-05-25,20.054391860961914
2022-05-26,20.091625213623047
2022-05-27,20.374605178833008
2022-05-31,21.10439682006836
2022-06-01,21.17886734008789
2022-06-02,21.26822853088379
2022-06-03,20.866098403930664
2022-06-06,20.895885467529297
2022-06-07,20.92567253112793
2022-06-08,20.7618408203125
2022-06-09,20.49375343322754
2022-06-10,20.62779998779297
2022-06-13,19.950136184692383
2022-06-14,19.898006439208984
2022-06-15,20.29269027709961
2022-06-16,19.168214797973633
2022-06-17,19.093746185302734
2022-06-21,19.451194763183594
2022-06-22,18.915019989013672
2022-06-23,18.691614151000977
2022-06-24,19.101192474365234
2022-06-27,19.60757827758789
2022-06-28,19.257577896118164
2022-06-29,19.24268341064453
2022-06-30,18.706510543823242
2022-07-01,18.06608009338379
2022-07-05,17.775651931762695
2022-07-06,17.71607780456543
2022-07-07,18.44586944580078
2022-07-08,18.43097496032715
2022-07-11,17.99161148071289
2022-07-12,18.155441284179688
2022-07-13,18.192676544189453
2022-07-14,18.25969886779785
2022-07-15,18.289485931396484
2022-07-18,18.52033805847168
2022-07-19,18.86289405822754
2022-07-20,18.691614151000977
2022-07-21,19.183109283447266
2022-07-22,18.952255249023438
2022-07-25,18.952255249023438
2022-07-26,18.736295700073242
2022-07-27,19.2128963470459
2022-07-28,19.175661087036133
2022-07-29,19.354387283325195
2022-08-01,18.758636474609375
2022-08-02,18.855445861816406
2022-08-03,18.915019989013672
2022-08-04,18.915019989013672
2022-08-05,19.138427734375
2022-08-08,19.026723861694336
2022-08-09,18.892681121826172
2022-08-10,19.138427734375
2022-08-11,19.1533203125
2022-08-12,19.488428115844727
2022-08-15,19.60013198852539
2022-08-16,19.60757827758789
2022-08-17,19.592683792114258
2022-08-18,19.615026473999023
2022-08-19,19.287364959716797
2022-08-22,19.004384994506836
2022-08-23,18.959701538085938
2022-08-24,18.840551376342773
2022-08-25,19.034170150756836
2022-08-26,18.773529052734375
2022-08-29,18.579912185668945
2022-08-30,18.416080474853516
2022-08-31,18.766084671020508
2022-09-01,18.296932220458984
2022-09-02,18.17778205871582
2022-09-06,17.976716995239258
2022-09-07,17.954378128051758
2022-09-08,17.90224838256836
2022-09-09,18.17033576965332
2022-09-12,18.08097267150879
2022-09-13,17.403308868408203
2022-09-14,17.574586868286133
2022-09-15,17.500118255615234
2022-09-16,17.46288299560547
2022-09-19,17.29160499572754
2022-09-20,17.150115966796875
2022-09-21,16.85968780517578
2022-09-22,16.69585609436035
2022-09-23,16.323514938354492
2022-09-26,15.951171875
2022-09-27,15.99585247039795
2022-09-28,15.951171875
2022-09-29,15.474573135375977
2022-09-30,15.64585018157959
2022-10-03,16.010746002197266
2022-10-04,16.42032241821289
2022-10-05,16.75543212890625
2022-10-06,16.606494903564453
2022-10-07,16.05542755126953
2022-10-10,15.82457447052002
2022-10-11,15.273508071899414
2022-10-12,15.1915922164917
2022-10-13,15.362870216369629
2022-10-14,14.878822326660156
2022-10-17,15.005419731140137
2022-10-18,14.655417442321777
2022-10-19,14.595843315124512
2022-10-20,14.588396072387695
2022-10-21,14.402225494384766
2022-10-24,13.977754592895508
2022-10-25,13.99264907836914
2022-10-26,13.925625801086426
2022-10-27,13.947965621948242
2022-10-28,13.977754592895508
2022-10-31,13.977754592895508
2022-11-01,14.24583911895752
2022-11-02,14.32775592803955
2022-11-03,14.484140396118164
2022-11-04,14.990527153015137
2022-11-07,15.042655944824219
2022-11-08,15.117122650146484
2022-11-09,15.146910667419434
2022-11-10,16.0256404876709
2022-11-11,16.68840980529785
2022-11-14,16.75543212890625
2022-11-15,17.351181030273438
2022-11-16,17.10543441772461
2022-11-17,17.165010452270508
2022-11-18,17.217138290405273
2022-11-21,17.053306579589844
2022-11-22,17.35862922668457
2022-11-23,17.41075325012207
2022-11-25,17.447988510131836
2022-11-28,17.46288299560547
2022-11-29,17.582033157348633
2022-11-30,18.24480438232422
2022-12-01,18.371402740478516
2022-12-02,18.423526763916016
2022-12-05,18.401185989379883
2022-12-06,18.25969886779785
2022-12-07,18.24480438232422
2022-12-08,18.24480438232422
2022-12-09,18.296932220458984
2022-12-12,18.32672119140625
2022-12-13,18.304380416870117
2022-12-14,18.14799690246582
2022-12-15,17.872461318969727
2022-12-16,18.036293029785156
2022-12-19,17.84267234802246
2022-12-20,17.738418579101562
2022-12-21,17.805438995361328
2022-12-22,17.313947677612305
2022-12-23,17.522459030151367
2022-12-27,17.425647735595703
2022-12-28,17.172456741333008
2022-12-29,17.29160499572754
2022-12-30,17.19479751586914
2023-01-03,17.202245712280273
2023-01-04,17.574586868286133
2023-01-05,17.425647735595703
2023-01-06,17.753311157226562
2023-01-09,17.879907608032227
2023-01-10,18.25969886779785
2023-01-11,18.27459144592285
2023-01-12,18.483102798461914
2023-01-13,18.602252960205078
2023-01-17,18.565019607543945
2023-01-18,18.505443572998047
2023-01-19,18.33416748046875
2023-01-20,18.594804763793945
2023-01-23,18.79587173461914
2023-01-24,18.96714973449707
2023-01-25,18.94481086730957
2023-01-26,19.175661087036133
2023-01-27,19.101192474365234
2023-01-30,19.101192474365234
2023-01-31,19.33204460144043
2023-02-01,19.592683792114258
2023-02-02,19.972475051879883
2023-02-03,19.965028762817383
2023-02-06,19.838430404663086
2023-02-07,19.994815826416016
2023-02-08,20.002262115478516
2023-02-09,20.367158889770508
2023-02-10,20.076730728149414
2023-02-13,20.002262115478516
2023-02-14,20.04694366455078
2023-02-15,19.838430404663086
2023-02-16,19.838430404663086
2023-02-17,19.875667572021484
2023-02-21,19.883113861083984
2023-02-22,19.78630256652832
2023-02-23,19.93524169921875
2023-02-24,19.77140998840332
2023-02-27,19.994815826416016
2023-02-28,19.890560150146484
2023-03-01,19.95758056640625
2023-03-02,19.95758056640625
2023-03-03,19.965028762817383
2023-03-06,19.93524169921875
2023-03-07,19.890560150146484
2023-03-08,19.965028762817383
2023-03-09,19.890560150146484
2023-03-10,19.95758056640625
2023-03-13,19.749069213867188
2023-03-14,19.75651741027832
2023-03-15,19.0862979888916
2023-03-16,19.808645248413086
2023-03-17,19.689495086669922
2023-03-20,19.816091537475586
2023-03-21,19.94268798828125
2023-03-22,20.069286346435547
2023-03-23,20.456520080566406
2023-03-24,20.352264404296875
2023-03-27,20.29269027709961
2023-03-28,20.151201248168945
2023-03-29,20.166093826293945
2023-03-30,20.03205108642578
2023-03-31,20.076730728149414
2023-04-03,20.151201248168945
2023-04-04,20.054391860961914
2023-04-05,19.808645248413086
2023-04-06,19.84587860107422
2023-04-10,19.84587860107422
2023-04-11,20.195880889892578
2023-04-12,20.158645629882812
2023-04-13,20.12141227722168
2023-04-14,20.195880889892578
2023-04-17,20.248010635375977
2023-04-18,20.180988311767578
2023-04-19,19.793750762939453
2023-04-20,19.84587860107422
2023-04-21,19.60757827758789
2023-04-24,19.451194763183594
2023-04-25,18.97459602355957
2023-04-26,18.780977249145508
2023-04-27,18.959701538085938
2023-04-28,19.12353515625
2023-05-01,19.24268341064453
2023-05-02,19.034170150756836
2023-05-03,19.25012969970703
2023-05-04,19.33204460144043
2023-05-05,19.629919052124023
2023-05-08,19.585237503051758
2023-05-09,19.592683792114258
2023-05-10,19.51076889038086
2023-05-11,19.2203426361084
2023-05-12,19.116086959838867
2023-05-15,19.615026473999023
2023-05-16,19.592683792114258
2023-05-17,19.898006439208984
2023-05-18,20.002262115478516
2023-05-19,20.225669860839844
2023-05-22,20.277795791625977
2023-05-23,20.054391860961914
2023-05-24,20.173540115356445
2023-05-25,20.739501953125
2023-05-26,21.26822853088379
2023-05-30,21.55120849609375
2023-05-31,21.35014533996582
2023-06-01,21.61078453063965
2023-06-02,22.102277755737305
2023-06-05,22.102277755737305
2023-06-06,22.22142791748047
2023-06-07,22.213979721069336
2023-06-08,22.154403686523438
2023-06-09,22.295896530151367
2023-06-12,22.563982009887695
2023-06-13,22.995899200439453
2023-06-14,23.11505126953125
2023-06-15,23.524625778198242
2023-06-16,23.472497940063477
2023-06-20,23.613988876342773
2023-06-21,23.472497940063477
2023-06-22,23.390583038330078
2023-06-23,23.390583038330078
2023-06-26,23.532073974609375
2023-06-27,23.688457489013672
2023-06-28,23.234201431274414
2023-06-29,23.42781639099121
2023-06-30,23.338457107543945
2023-07-03,23.807607650756836
2023-07-05,23.695905685424805
2023-07-06,23.360795974731445
2023-07-07,23.718244552612305
2023-07-10,23.457605361938477
2023-07-11,23.785266876220703
2023-07-12,24.172502517700195
2023-07-13,24.701229095458984
2023-07-14,24.820383071899414
2023-07-17,25.16293716430664
2023-07-18,24.85016632080078
2023-07-19,25.319318771362305
2023-07-20,24.522506713867188
2023-07-21,24.872509002685547
2023-07-24,25.118255615234375
2023-07-25,25.445913314819336
2023-07-26,25.274639129638672
2023-07-27,25.043787002563477
2023-07-28,25.304426193237305
2023-07-31,24.81293296813965
2023-08-01,24.44803810119629
2023-08-02,23.8671817779541
2023-08-03,23.457605361938477
2023-08-04,23.517179489135742
2023-08-07,23.457605361938477
2023-08-08,23.21185874938965
2023-08-09,23.509733200073242
2023-08-10,22.846961975097656
2023-08-11,22.712919235229492
2023-08-14,22.60121726989746
2023-08-15,22.60121726989746
2023-08-16,22.571426391601562
2023-08-17,22.899091720581055
2023-08-18,22.69802474975586
2023-08-21,22.62355613708496
2023-08-22,22.586322784423828
2023-08-23,23.11505126953125
2023-08-24,23.278881072998047
2023-08-25,23.085262298583984
2023-08-28,23.100156784057617
2023-08-29,23.189517974853516
2023-08-30,23.278881072998047
2023-08-31,23.159732818603516
2023-09-01,23.182071685791016
2023-09-05,23.13739013671875
2023-09-06,22.951217651367188
2023-09-07,22.79483413696289
2023-09-08,22.884197235107422
2023-09-11,22.556535720825195
2023-09-12,22.415042877197266
2023-09-13,22.504405975341797
2023-09-14,22.757598876953125
2023-09-15,22.67568588256836
2023-09-18,22.62355613708496
2023-09-19,22.385255813598633
2023-09-20,22.2512149810791
2023-09-21,21.700145721435547
2023-09-22,22.035255432128906
2023-09-25,22.184194564819336
2023-09-26,21.789508819580078
2023-09-27,22.027809143066406
2023-09-28,22.32568359375
2023-09-29,22.32568359375
2023-10-02,22.482067108154297
2023-10-03,22.310789108276367
2023-10-04,22.310789108276367
2023-10-05,22.467172622680664
2023-10-06,22.913984298706055
2023-10-09,22.772493362426758
2023-10-10,23.01824188232422
2023-10-11,23.05547523498535
2023-10-12,23.003347396850586
2023-10-13,22.802282333374023
2023-10-16,22.712919235229492
2023-10-17,22.370363235473633
2023-10-18,21.98312759399414
2023-10-19,21.998022079467773
2023-10-20,21.737380981445312
2023-10-23,21.62567710876465
2023-10-24,21.685253143310547
2023-10-25,21.327802658081055
2023-10-26,21.074609756469727
2023-10-27,21.00014305114746
2023-10-30,21.513973236083984
2023-10-31,21.09695053100586
2023-11-01,21.216100692749023
2023-11-02,21.81184959411621
2023-11-03,22.32568359375
2023-11-06,22.377809524536133
2023-11-07,22.690576553344727
2023-11-08,22.683130264282227
2023-11-09,22.705472946166992
2023-11-10,23.085262298583984
2023-11-13,22.861858367919922
2023-11-14,23.383134841918945
2023-11-15,23.65122413635254
2023-11-16,23.532073974609375
2023-11-17,23.613988876342773
2023-11-20,23.978885650634766
2023-11-21,24.351226806640625
2023-11-22,24.299100875854492
2023-11-24,24.26186752319336
2023-11-27,24.11292839050293
2023-11-28,24.060802459716797
2023-11-29,24.649099349975586
2023-11-30,24.515056610107422
2023-12-01,24.783145904541016
2023-12-04,24.49271583557129
2023-12-05,24.507612228393555
2023-12-06,24.76824951171875
2023-12-07,25.133148193359375
2023-12-08,25.274639129638672
2023-12-11,25.498044967651367
2023-12-12,25.24485206604004
2023-12-13,25.6023006439209
2023-12-14,25.833152770996094
2023-12-15,25.818256378173828
2023-12-18,25.721450805664062
2023-12-19,25.654428482055664
2023-12-20,24.939531326293945
2023-12-21,25.25229835510254
2023-12-22,25.289531707763672
2023-12-26,25.63953399658203
2023-12-27,25.931432723999023
2023-12-28,26.02948570251465
2023-12-29,26.089826583862305
2024-01-02,25.65989875793457
2024-01-03,25.365739822387695
2024-01-04,25.426076889038086
2024-01-05,25.493961334228516
2024-01-08,25.750410079956055
2024-01-09,25.290311813354492
2024-01-10,25.524133682250977
2024-01-11,25.6221866607666
2024-01-12,26.119997024536133
2024-01-16,25.65989875793457
2024-01-17,25.35065269470215
2024-01-18,25.69761085510254
2024-01-19,25.991771697998047
2024-01-22,26.2633056640625
2024-01-23,26.647979736328125
2024-01-24,27.032649993896484
2024-01-25,26.874256134033203
2024-01-26,26.972309112548828
2024-01-29,27.07790756225586
2024-01-30,27.326810836791992
2024-01-31,27.27401351928711
2024-02-01,27.43240737915039
2024-02-02,27.794450759887695
2024-02-05,27.967933654785156
2024-02-06,28.14141273498535
2024-02-07,28.36014747619629
2024-02-08,28.541170120239258
2024-02-09,28.81270408630371
2024-02-12,28.910757064819336
2024-02-13,28.48082733154297
2024-02-14,28.948471069335938
2024-02-15,29.18983268737793
2024-02-16,29.34822654724121
2024-02-20,29.325599670410156
2024-02-21,28.956010818481445
2024-02-22,29.42365264892578
2024-02-23,29.34822654724121
2024-02-26,29.52170753479004
2024-02-27,29.4085693359375
2024-02-28,29.15966033935547
2024-02-29,29.280344009399414
2024-03-01,29.717815399169922
2024-03-04,30.110027313232422
2024-03-05,29.989343643188477
2024-03-06,30.66817855834961
2024-03-07,30.902000427246094
2024-03-08,30.570125579833984
2024-03-11,30.253337860107422
2024-03-12,30.653095245361328
2024-03-13,30.41927719116211
2024-03-14,30.027061462402344
2024-03-15,29.981801986694336
2024-03-18,29.815866470336914
2024-03-19,29.846036911010742
2024-03-20,29.483993530273438
2024-03-21,29.582048416137695
2024-03-22,29.95163345336914
2024-03-25,30.07231330871582
2024-03-26,30.07231330871582
2024-03-27,29.974260330200195
2024-03-28,29.883750915527344
2024-04-01,29.981801986694336
2024-04-02,30.011974334716797
2024-04-03,30.39664649963379
2024-04-04,30.48715591430664
2024-04-05,30.472074508666992
2024-04-08,30.32876205444336
2024-04-09,30.48715591430664
2024-04-10,30.12511444091797
2024-04-11,30.2985897064209
2024-04-12,29.619760513305664
2024-04-15,29.393482208251953
2024-04-16,28.5487117767334
2024-04-17,28.639223098754883
2024-04-18,28.81270408630371
2024-04-19,28.458200454711914
2024-04-22,28.03581428527832
2024-04-23,27.930217742919922
2024-04-24,28.164039611816406
2024-04-25,28.458200454711914
2024-04-26,28.93338394165039
2024-04-29,29.491535186767578
2024-04-30,29.2275447845459
2024-05-01,29.250171661376953
2024-05-02,29.589590072631836
2024-05-03,29.755525588989258
2024-05-06,29.54433250427246
2024-05-07,29.3708553314209
2024-05-08,29.604673385620117
2024-05-09,29.46890640258789
2024-05-10,29.589590072631836
2024-05-13,29.302968978881836
2024-05-14,29.79323959350586
2024-05-15,30.24579429626465
2024-05-16,29.959178924560547
2024-05-17,30.16282844543457
2024-05-20,30.06477165222168
2024-05-21,30.004430770874023
2024-05-22,30.336307525634766
2024-05-23,30.32876205444336
2024-05-24,30.607839584350586
2024-05-28,30.886917114257812
2024-05-29,30.464529037475586
2024-05-30,30.57767105102539
2024-05-31,30.0496883392334
2024-06-03,30.10248565673828
2024-06-04,30.004430770874023
2024-06-05,30.404190063476562
2024-06-06,30.44190216064453
2024-06-07,30.472074508666992
2024-06-10,30.713438034057617
2024-06-11,30.645553588867188
2024-06-12,30.992511749267578
2024-06-13,31.279129028320312
2024-06-14,31.77694320678711
2024-06-17,32.071102142333984
2024-06-18,32.77256393432617
2024-06-20,33.0139274597168
2024-06-21,32.81781768798828
2024-06-24,32.4784049987793
2024-06-25,32.659423828125
2024-06-26,32.84798812866211
2024-06-27,33.07426452636719
2024-06-28,33.142147064208984
2024-07-01,33.081809997558594
2024-07-02,32.96866989135742
2024-07-03,33.11198043823242
2024-07-05,33.51927947998047
2024-07-08,33.94166564941406
2024-07-09,34.13777160644531
2024-07-10,34.4847297668457
2024-07-11,34.3715934753418
2024-07-12,34.416847229003906
2024-07-15,33.9492073059082
2024-07-16,34.35650634765625
2024-07-17,33.3382568359375
2024-07-18,33.21757507324219
2024-07-19,32.71976852416992
2024-07-22,31.8372802734375
2024-07-23,31.920249938964844
2024-07-24,31.520492553710938
2024-07-25,31.543121337890625
2024-07-26,31.51294708251953
2024-07-29,30.736064910888672
2024-07-30,31.007596969604492
2024-07-31,31.799570083618164
2024-08-01,30.909542083740234
2024-08-02,30.12511444091797
2024-08-05,28.56379508972168
2024-08-06,28.37523078918457
2024-08-07,29.212461471557617
2024-08-08,30.17790985107422
2024-08-09,30.38910484313965
2024-08-12,30.82657241821289
2024-08-13,31.218788146972656
2024-08-14,30.886917114257812
2024-08-15,31.17353630065918
2024-08-16,31.93533706665039
2024-08-19,32.81027603149414
2024-08-20,32.606624603271484
2024-08-21,32.28983688354492
2024-08-22,32.06355667114258
2024-08-23,33.368431091308594
2024-08-26,33.28546142578125
2024-08-27,33.47402572631836
2024-08-28,33.428768157958984
2024-08-29,34.213199615478516
2024-08-30,33.738014221191406
2024-09-03,32.68205261230469
2024-09-04,32.28983688354492
2024-09-05,31.68642807006836
2024-09-06,29.883750915527344
2024-09-09,30.781320571899414
2024-09-10,30.592754364013672
2024-09-11,31.15090560913086
2024-09-12,31.46015167236328
2024-09-13,32.39543533325195
2024-09-16,32.229496002197266
2024-09-17,32.078643798828125
2024-09-18,32.4482307434082
2024-09-19,33.60224914550781
2024-09-20,32.96112823486328
2024-09-23,33.081809997558594
2024-09-24,33.6248779296875
2024-09-25,33.47402572631836
2024-09-26,34.220741271972656
2024-09-27,33.9492073059082
2024-09-30,33.13460922241211
2024-10-01,33.21757507324219
2024-10-02,33.4136848449707
2024-10-03,32.99884033203125
2024-10-04,32.83290100097656
2024-10-07,32.65188217163086
2024-10-08,32.915870666503906
2024-10-09,32.7348518371582
2024-10-10,32.99884033203125
2024-10-11,33.564537048339844
2024-10-14,33.8360710144043
2024-10-15,33.46648025512695
2024-10-16,33.69275665283203
2024-10-17,34.258453369140625
2024-10-18,34.19057083129883
2024-10-21,34.3791389465332
2024-10-22,34.58278274536133
2024-10-23,34.560157775878906
2024-10-24,34.220741271972656
2024-10-25,34.394222259521484
2024-10-28,33.67013168334961
2024-10-29,33.572078704833984
2024-10-30,33.036556243896484
2024-10-31,32.69713592529297
2024-11-01,33.38351058959961
2024-11-04,33.70030212402344
2024-11-05,34.13777160644531
2024-11-06,33.51927947998047
2024-11-07,34.3715934753418
2024-11-08,34.31125259399414
2024-11-11,33.64750289916992
2024-11-12,32.69713592529297
2024-11-13,32.493492126464844
2024-11-14,32.50857162475586
2024-11-15,32.4406852722168
2024-11-18,32.46331787109375
2024-11-19,32.57645797729492
2024-11-20,32.46331787109375
2024-11-21,31.905162811279297
2024-11-22,32.56891632080078
2024-11-25,32.14652633666992
2024-11-26,32.06355667114258
2024-11-27,31.950422286987305
2024-11-29,32.15407180786133
2024-12-02,32.77256393432617
2024-12-03,33.26283264160156
2024-12-04,33.17232131958008
2024-12-05,33.88132095336914
2024-12-06,34.00954818725586
2024-12-09,34.273536682128906
2024-12-10,33.89640808105469
2024-12-11,34.213199615478516
2024-12-12,34.03971862792969
2024-12-13,34.50735855102539
2024-12-16,34.560157775878906
2024-12-17,35.03533935546875
2024-12-18,34.439476013183594
2024-12-19,34.87694549560547
2024-12-20,34.61295700073242
2024-12-23,35.39738845825195
2024-12-24,35.276702880859375
2024-12-26,35.23899459838867
2024-12-27,34.493385314941406
2024-12-30,34.14387512207031
2024-12-31,34.63676834106445
2025-01-02,34.65468978881836
2025-01-03,34.816001892089844
2025-01-06,35.326812744140625
2025-01-07,35.03108215332031
2025-01-08,34.75326919555664
2025-01-10,34.95938491821289
2025-01-13,34.23349380493164
2025-01-14,34.000492095947266
2025-01-15,34.11699295043945
2025-01-16,33.92879867553711
2025-01-17,33.96464538574219
2025-01-21,34.37688064575195
2025-01-22,35.040042877197266
2025-01-23,35.29096984863281
2025-01-24,34.995235443115234
2025-01-27,33.426944732666016
2025-01-28,34.3231086730957
2025-01-29,34.161800384521484
2025-01-30,34.83392333984375
2025-01-31,34.645729064941406
2025-02-03,33.041595458984375
2025-02-04,33.54344940185547
2025-02-05,33.49864196777344
2025-02-06,33.44486999511719
2025-02-07,33.63306427001953
2025-02-10,34.23349380493164
2025-02-11,34.12595748901367
2025-02-12,34.3231086730957
2025-02-13,34.349998474121094
2025-02-14,34.466495513916016
2025-02-18,34.98627471923828
2025-02-19,35.00419616699219
2025-02-20,34.69053649902344
2025-02-21,34.1707649230957
2025-02-24,34.14387512207031
2025-02-25,34.07218551635742
2025-02-26,34.14387512207031
2025-02-27,33.62410354614258
2025-02-28,33.37317657470703
2025-03-03,32.360511779785156
2025-03-04,32.647281646728516
2025-03-05,32.862361907958984
2025-03-06,32.35154724121094
2025-03-07,32.45012664794922
2025-03-10,31.580848693847656
2025-03-11,31.661502838134766
2025-03-12,31.643579483032227
2025-03-13,30.79222297668457
2025-03-14,31.222381591796875
2025-03-17,31.455381393432617
2025-03-18,31.222381591796875
2025-03-19,31.0969181060791
2025-03-20,31.688386917114258
2025-03-21,31.53603744506836
2025-03-24,32.03789138793945
2025-03-25,31.383689880371094
2025-03-26,31.078994750976562
2025-03-27,31.267189025878906
2025-03-28,30.344139099121094
2025-03-31,29.76163101196289
2025-04-01,29.77059555053711
2025-04-02,29.689939498901367
2025-04-03,28.453231811523438
2025-04-04,26.248666763305664
2025-04-07,25.137420654296875
2025-04-08,24.787918090820312
2025-04-09,26.490631103515625
2025-04-10,26.176971435546875
2025-04-11,27.091060638427734
2025-04-14,27.252370834350586
2025-04-15,27.646682739257812
2025-04-16,27.243408203125
2025-04-17,27.11794662475586
2025-04-21,26.750518798828125
2025-04-22,26.82221221923828
2025-04-23,27.144832611083984
2025-04-24,28.327768325805664
2025-04-25,28.13957405090332
2025-04-28,28.59661865234375
2025-04-29,28.865467071533203
2025-04-30,28.85650634765625
2025-05-01,29.179126739501953
2025-05-02,30.69364356994629
2025-05-05,31.79592514038086
2025-05-06,31.070030212402344
2025-05-07,30.9893798828125
2025-05-08,31.087955474853516
2025-05-09,31.500192642211914
2025-05-12,31.921388626098633
2025-05-13,32.29777908325195
2025-05-14,32.75482177734375
2025-05-15,32.93405532836914
2025-05-16,33.09536361694336
2025-05-19,32.88924789428711
2025-05-20,32.61143493652344
2025-05-21,32.88924789428711
2025-05-22,33.29252243041992
2025-05-23,33.07744216918945
2025-05-27,33.10432434082031
2025-05-28,33.18498229980469
2025-05-29,33.5882568359375
2025-05-30,33.84814453125
2025-06-02,34.269344329833984
2025-06-03,33.91983413696289
2025-06-04,34.93250274658203
2025-06-05,34.92354202270508
2025-06-06,35.219276428222656
2025-06-09,35.75697708129883
2025-06-10,36.420135498046875
2025-06-11,37.06537628173828
2025-06-12,37.9436149597168
2025-06-13,37.334224700927734
2025-06-16,38.13180923461914
2025-06-17,37.558265686035156
2025-06-18,38.51716232299805
2025-06-20,38.320003509521484
2025-06-23,38.12284851074219
2025-06-24,39.11759567260742
2025-06-25,39.386444091796875
2025-06-26,39.511905670166016
2025-06-27,39.74490737915039
2025-06-30,40.15714645385742
2025-07-01,40.4080696105957
2025-07-02,40.78445816040039
2025-07-03,40.891998291015625
2025-07-07,39.852447509765625
2025-07-08,40.1481819152832
2025-07-09,40.17506790161133
2025-07-10,40.70380401611328
2025-07-11,40.59626388549805
2025-07-14,39.79867935180664
2025-07-15,39.90621566772461
2025-07-16,40.417030334472656
2025-07-17,40.578338623046875
2025-07-18,40.64107131958008
2025-07-21,41.39384841918945
2025-07-22,40.44391632080078
2025-07-23,41.40281295776367
2025-07-24,40.74861526489258
2025-07-25,40.94576644897461
2025-07-28,40.605228424072266
2025-07-29,40.8023796081543
2025-07-30,40.9099235534668
2025-07-31,41.03538513183594
2025-08-01,41.331119537353516
2025-08-04,41.40281295776367
2025-08-05,41.3848876953125
2025-08-06,41.420738220214844
2025-08-07,42.38859176635742
2025-08-08,42.630558013916016
2025-08-11,43.00695037841797
2025-08-12,43.60737609863281
2025-08-13,43.11448669433594
2025-08-14,42.971099853515625
2025-08-15,43.284759521484375
2025-08-18,43.94792175292969
2025-08-19,43.929996490478516
2025-08-20,43.419185638427734
2025-08-21,43.60737609863281
2025-08-22,43.82246017456055
2025-08-25,44.52146530151367
2025-08-26,44.942665100097656
2025-08-27,45.00539779663086
2025-08-28,45.0681266784668
2025-08-29,45.03227996826172
2025-09-02,45.48036193847656
2025-09-03,45.82090759277344
2025-09-04,45.24736022949219
2025-09-05,45.79401779174805
2025-09-08,46.690181732177734
2025-09-09,46.914222717285156
2025-09-10,47.962738037109375
2025-09-11,47.6849250793457
2025-09-12,48.05235290527344
2025-09-15,48.39289855957031
2025-09-16,48.72447967529297
2025-09-17,47.90896987915039
2025-09-18,48.697593688964844
2025-09-19,49.15463638305664
2025-09-22,49.181522369384766
2025-09-23,49.047096252441406
2025-09-24,48.76032638549805
2025-09-25,47.9896240234375
2025-09-26,47.40711975097656
2025-09-29,48.27639389038086
2025-09-30,48.50043487548828
2025-10-01,49.09190368652344
2025-10-02,48.751365661621094
2025-10-03,49.02021408081055
2025-10-06,49.6116828918457
2025-10-07,49.2890625
2025-10-08,49.98807144165039
2025-10-09,49.48622131347656
2025-10-10,48.581092834472656
2025-10-13,49.620643615722656
2025-10-14,48.9664421081543
2025-10-15,49.880531311035156
2025-10-16,49.656490325927734
2025-10-17,49.14567565917969
2025-10-20,50.3913459777832
2025-10-21,50.70500564575195
2025-10-22,50.2658805847168
2025-10-23,50.929046630859375
2025-10-24,51.0455436706543
2025-10-27,51.27854919433594
2025-10-28,51.52051544189453
2025-10-29,52.06717300415039
2025-10-30,51.59220504760742
2025-10-31,51.556358337402344
2025-11-03,51.54739761352539
2025-11-04,50.31068801879883
2025-11-05,50.54369354248047
2025-11-06,50.41822814941406
2025-11-07,50.014957427978516
2025-11-10,50.88423538208008
2025-11-11,50.50784683227539
2025-11-12,49.7461051940918
2025-11-13,49.2263298034668
2025-11-14,49.25321578979492
2025-11-17,48.03443145751953
2025-11-18,47.711814880371094
2025-11-19,47.33542251586914
2025-11-20,47.631160736083984
2025-11-21,48.016510009765625
2025-11-24,47.40711975097656
2025-11-25,47.649078369140625
2025-11-26,48.751365661621094
2025-11-28,49.42348861694336
2025-12-01,49.92533874511719
2025-12-02,50.75877380371094
2025-12-03,49.97014617919922
2025-12-04,50.041839599609375
2025-12-05,50.24795913696289
2025-12-08,51.054508209228516
2025-12-09,52.11198425292969
2025-12-10,52.748260498046875
2025-12-11,52.28225326538086
2025-12-12,51.23373794555664
2025-12-15,52.30017852783203
2025-12-16,51.56532287597656
2025-12-17,50.830467224121094
2025-12-18,51.708709716796875
2025-12-19,51.97755813598633
2025-12-22,52.63175582885742
2025-12-23,52.613834381103516
2025-12-24,52.52421951293945
2025-12-26,53.5099983215332
2025-12-29,52.900001525878906
2025-12-30,52.63999938964844
2025-12-31,53.380001068115234
2026-01-02,54.54999923706055
2026-01-05,55.40999984741211
2026-01-06,55.119998931884766
2026-01-07,55.029998779296875
2026-01-08,54.47999954223633
2026-01-09,54.959999084472656
2026-01-12,54.47999954223633
2026-01-13,54.25
2026-01-14,54.31999969482422
2026-01-15,55.33000183105469
2026-01-16,54.86000061035156
2026-01-20,54.560001373291016
2026-01-21,54.79999923706055
2026-01-22,55.29999923706055
2026-01-23,55.810001373291016
2026-01-26,55.72999954223633
2026-01-27,57.709999084472656
2026-01-28,58.52000045776367
2026-01-29,58.279998779296875
2026-01-30,57.61000061035156
2026-02-02,58.29999923706055
2026-02-03,57.869998931884766
2026-02-04,58.68000030517578
2026-02-05,59.279998779296875
2026-02-06,60.38999938964844
2026-02-09,60.86000061035156
2026-02-10,60.45000076293945
2026-02-11,60.54999923706055
2026-02-12,62.06999969482422
2026-02-13,63.08000183105469
2026-02-17,62.470001220703125
2026-02-18,61.86000061035156
2026-02-19,61.04999923706055
2026-02-20,61.79999923706055
2026-02-23,60.06999969482422
2026-02-24,62.7400016784668
2026-02-25,63.97999954223633
2026-02-26,63.939998626708984
2026-02-27,65.9800033569336
2026-03-02,65.75
2026-03-03,62.720001220703125
2026-03-04,63.47999954223633
2026-03-05,60.65999984741211
2026-03-06,60.59000015258789
2026-03-09,60.70000076293945
2026-03-10,60.29999923706055
2026-03-11,61.54999923706055
2026-03-12,61.310001373291016
2026-03-13,61.81999969482422
2026-03-16,63.13999938964844
2026-03-17,63.70000076293945
2026-03-18,65.13999938964844
2026-03-19,65.91000366210938
2026-03-20,63.0
2026-03-23,66.02999877929688
2026-03-24,63.959999084472656
2026-03-25,65.56999969482422
2026-03-26,64.86000061035156
2026-03-27,64.83000183105469
2026-03-30,65.08999633789062
2026-03-31,65.73999786376953
2026-04-01,65.22000122070312
2026-04-02,63.58000183105469
2026-04-06,64.87999725341797
2026-04-07,66.01000213623047
2026-04-08,69.0
2026-04-09,72.05999755859375
2026-04-10,73.91999816894531
2026-04-13,74.87000274658203
2026-04-14,76.3499984741211
2026-04-15,76.7699966430664
2026-04-16,78.44999694824219
2026-04-17,79.38999938964844
2026-04-20,81.31999969482422
2026-04-21,83.0
2026-04-22,87.5999984741211
2026-04-23,86.54000091552734
2026-04-24,91.06999969482422
2026-04-27,89.02999877929688
2026-04-28,89.12999725341797
2026-04-29,90.5
2026-04-30,94.4000015258789
2026-05-01,93.44000244140625
2026-05-04,93.61000061035156
2026-05-05,96.54000091552734
2026-05-06,97.79000091552734
2026-05-07,95.41999816894531
2026-05-08,96.63999938964844
2026-05-11,96.6500015258789
2026-05-12,92.44000244140625
2026-05-13,94.94999694824219
2026-05-14,94.79000091552734
2026-05-15,90.79000091552734
2026-05-18,90.7699966430664
2026-05-19,88.93000030517578
2026-05-20,89.0
2026-05-21,90.23999786376953
2026-05-22,93.93000030517578
2026-05-26,100.27999877929688
2026-05-27,100.9000015258789
2026-05-28,100.08000183105469
2026-05-29,99.1500015258789
2026-06-01,101.52999877929688
2026-06-02,101.41999816894531
2026-06-03,99.44999694824219
2026-06-04,98.20999908447266
2026-06-05,92.0999984741211
2026-06-08,94.13999938964844
2026-06-09,94.69000244140625
2026-06-10,92.83000183105469
2026-06-11,96.43000030517578
2026-06-12,94.79000091552734
2026-06-15,97.29000091552734
2026-06-16,97.3499984741211
2026-06-17,97.55999755859375
2026-06-18,100.83000183105469
2026-06-22,101.0199966430664
2026-06-23,95.30999755859375
2026-06-24,96.12000274658203
2026-06-25,95.91999816894531
2026-06-26,92.7699966430664
2026-06-29,93.91999816894531
2026-06-30,96.16999816894531
2026-07-01,94.23999786376953
2026-07-02,93.88999938964844
2026-07-06,97.3499984741211
2026-07-07,91.9000015258789
2026-07-08,92.80000305175781
2026-07-09,94.25
2026-07-10,94.86000061035156
2026-07-13,93.9000015258789
2026-07-14,91.6500015258789
2026-07-15,91.41999816894531
2026-07-16,90.30999755859375
2026-07-17,86.16999816894531
2026-07-20,83.58999633789062
2026-07-21,87.55000305175781
2026-07-22,88.41999816894531
2026-07-23,86.19999694824219
2026-07-24,85.80000305175781
2026-07-27,85.0199966430664
2026-07-28,81.88999938964844
2026-07-29,77.58999633789062
2026-07-30,80.4000015258789
2026-07-31,82.11000061035156
2026-08-03,83.31009674072266
