Date,Close
1980-03-17,0.26085174083709717
1980-03-18,0.26085174083709717
1980-03-19,0.26085174083709717
1980-03-20,0.26085174083709717
1980-03-21,0.26085174083709717
1980-03-24,0.26085174083709717
1980-03-25,0.26085174083709717
1980-03-26,0.26085174083709717
1980-03-27,0.26085174083709717
1980-03-28,0.26085174083709717
1980-03-31,0.26085174083709717
1980-04-01,0.26085174083709717
1980-04-02,0.26085174083709717
1980-04-03,0.26085174083709717
1980-04-07,0.26085174083709717
1980-04-08,0.26085174083709717
1980-04-09,0.26085174083709717
1980-04-10,0.26085174083709717
1980-04-11,0.26085174083709717
1980-04-14,0.26085174083709717
1980-04-15,0.26085174083709717
1980-04-16,0.255930095911026
1980-04-17,0.255930095911026
1980-04-18,0.255930095911026
1980-04-21,0.255930095911026
1980-04-22,0.255930095911026
1980-04-23,0.255930095911026
1980-04-24,0.255930095911026
1980-04-25,0.255930095911026
1980-04-28,0.255930095911026
1980-04-29,0.255930095911026
1980-04-30,0.255930095911026
1980-05-01,0.255930095911026
1980-05-02,0.2510082721710205
1980-05-05,0.2510082721710205
1980-05-06,0.2510082721710205
1980-05-07,0.2510082721710205
1980-05-08,0.2510082721710205
1980-05-09,0.2510082721710205
1980-05-12,0.2510082721710205
1980-05-13,0.2510082721710205
1980-05-14,0.2510082721710205
1980-05-15,0.2510082721710205
1980-05-16,0.2510082721710205
1980-05-19,0.2510082721710205
1980-05-20,0.2510082721710205
1980-05-21,0.2510082721710205
1980-05-22,0.2510082721710205
1980-05-23,0.2510082721710205
1980-05-27,0.27069514989852905
1980-05-28,0.27069514989852905
1980-05-29,0.27069514989852905
1980-05-30,0.27069514989852905
1980-06-02,0.27069514989852905
1980-06-03,0.27069514989852905
1980-06-04,0.27069514989852905
1980-06-05,0.27069514989852905
1980-06-06,0.27069514989852905
1980-06-09,0.27069514989852905
1980-06-10,0.27069514989852905
1980-06-11,0.27069514989852905
1980-06-12,0.27069514989852905
1980-06-13,0.27069514989852905
1980-06-16,0.27069514989852905
1980-06-17,0.27561673521995544
1980-06-18,0.27561673521995544
1980-06-19,0.27561673521995544
1980-06-20,0.2805387079715729
1980-06-23,0.2805387079715729
1980-06-24,0.2805387079715729
1980-06-25,0.2805387079715729
1980-06-26,0.2805387079715729
1980-06-27,0.2805387079715729
1980-06-30,0.2805387079715729
1980-07-01,0.2805387079715729
1980-07-02,0.28546032309532166
1980-07-03,0.28546032309532166
1980-07-07,0.29038217663764954
1980-07-08,0.29038217663764954
1980-07-09,0.29038217663764954
1980-07-10,0.29038217663764954
1980-07-11,0.29038217663764954
1980-07-14,0.29038217663764954
1980-07-15,0.29038217663764954
1980-07-16,0.29038217663764954
1980-07-17,0.29038217663764954
1980-07-18,0.29038217663764954
1980-07-21,0.29038217663764954
1980-07-22,0.29038217663764954
1980-07-23,0.29038217663764954
1980-07-24,0.29038217663764954
1980-07-25,0.29038217663764954
1980-07-28,0.29038217663764954
1980-07-29,0.29038217663764954
1980-07-30,0.29038217663764954
1980-07-31,0.29038217663764954
1980-08-01,0.29038217663764954
1980-08-04,0.29038217663764954
1980-08-05,0.29038217663764954
1980-08-06,0.29038217663764954
1980-08-07,0.29038217663764954
1980-08-08,0.29038217663764954
1980-08-11,0.29038217663764954
1980-08-12,0.29038217663764954
1980-08-13,0.29038217663764954
1980-08-14,0.29038217663764954
1980-08-15,0.29038217663764954
1980-08-18,0.29038217663764954
1980-08-19,0.29038217663764954
1980-08-20,0.29038217663764954
1980-08-21,0.29038217663764954
1980-08-22,0.29038217663764954
1980-08-25,0.29038217663764954
1980-08-26,0.29038217663764954
1980-08-27,0.29038217663764954
1980-08-28,0.29038217663764954
1980-08-29,0.29038217663764954
1980-09-02,0.29038217663764954
1980-09-03,0.29038217663764954
1980-09-04,0.29038217663764954
1980-09-05,0.29530394077301025
1980-09-08,0.29530394077301025
1980-09-09,0.29530394077301025
1980-09-10,0.29530394077301025
1980-09-11,0.29530394077301025
1980-09-12,0.29530394077301025
1980-09-15,0.29530394077301025
1980-09-16,0.29530394077301025
1980-09-17,0.29530394077301025
1980-09-18,0.29530394077301025
1980-09-19,0.3002256155014038
1980-09-22,0.3002256155014038
1980-09-23,0.3002256155014038
1980-09-24,0.3002256155014038
1980-09-25,0.3002256155014038
1980-09-26,0.3002256155014038
1980-09-29,0.3002256155014038
1980-09-30,0.3002256155014038
1980-10-01,0.3002256155014038
1980-10-02,0.305147260427475
1980-10-03,0.305147260427475
1980-10-06,0.305147260427475
1980-10-07,0.305147260427475
1980-10-08,0.305147260427475
1980-10-09,0.305147260427475
1980-10-10,0.305147260427475
1980-10-13,0.305147260427475
1980-10-14,0.305147260427475
1980-10-15,0.305147260427475
1980-10-16,0.305147260427475
1980-10-17,0.305147260427475
1980-10-20,0.305147260427475
1980-10-21,0.305147260427475
1980-10-22,0.305147260427475
1980-10-23,0.305147260427475
1980-10-24,0.305147260427475
1980-10-27,0.305147260427475
1980-10-28,0.305147260427475
1980-10-29,0.305147260427475
1980-10-30,0.305147260427475
1980-10-31,0.305147260427475
1980-11-03,0.3149907886981964
1980-11-05,0.305147260427475
1980-11-06,0.305147260427475
1980-11-07,0.305147260427475
1980-11-10,0.305147260427475
1980-11-11,0.305147260427475
1980-11-12,0.305147260427475
1980-11-13,0.31006908416748047
1980-11-14,0.31006908416748047
1980-11-17,0.31006908416748047
1980-11-18,0.31006908416748047
1980-11-19,0.3149907886981964
1980-11-20,0.3149907886981964
1980-11-21,0.3149907886981964
1980-11-24,0.3149907886981964
1980-11-25,0.3149907886981964
1980-11-26,0.3149907886981964
1980-11-28,0.3149907886981964
1980-12-01,0.3149907886981964
1980-12-02,0.3149907886981964
1980-12-03,0.3149907886981964
1980-12-04,0.3149907886981964
1980-12-05,0.3149907886981964
1980-12-08,0.3149907886981964
1980-12-09,0.3149907886981964
1980-12-10,0.3149907886981964
1980-12-11,0.3149907886981964
1980-12-12,0.3149907886981964
1980-12-15,0.3149907886981964
1980-12-16,0.3149907886981964
1980-12-17,0.3149907886981964
1980-12-18,0.31006908416748047
1980-12-19,0.31006908416748047
1980-12-22,0.305147260427475
1980-12-23,0.305147260427475
1980-12-24,0.31006908416748047
1980-12-26,0.31006908416748047
1980-12-29,0.31006908416748047
1980-12-30,0.31006908416748047
1980-12-31,0.31006908416748047
1981-01-02,0.31006908416748047
1981-01-05,0.31006908416748047
1981-01-06,0.31006908416748047
1981-01-07,0.31006908416748047
1981-01-08,0.31006908416748047
1981-01-09,0.31006908416748047
1981-01-12,0.31006908416748047
1981-01-13,0.31006908416748047
1981-01-14,0.31006908416748047
1981-01-15,0.31006908416748047
1981-01-16,0.31006908416748047
1981-01-19,0.31006908416748047
1981-01-20,0.31006908416748047
1981-01-21,0.31006908416748047
1981-01-22,0.31006908416748047
1981-01-23,0.31006908416748047
1981-01-26,0.31006908416748047
1981-01-27,0.31006908416748047
1981-01-28,0.31006908416748047
1981-01-29,0.3149907886981964
1981-01-30,0.3149907886981964
1981-02-02,0.31006908416748047
1981-02-03,0.31006908416748047
1981-02-04,0.31006908416748047
1981-02-05,0.31006908416748047
1981-02-06,0.31006908416748047
1981-02-09,0.31006908416748047
1981-02-10,0.31006908416748047
1981-02-11,0.31006908416748047
1981-02-12,0.31006908416748047
1981-02-13,0.31006908416748047
1981-02-17,0.31006908416748047
1981-02-18,0.31006908416748047
1981-02-19,0.31006908416748047
1981-02-20,0.31006908416748047
1981-02-23,0.31006908416748047
1981-02-24,0.31006908416748047
1981-02-25,0.31006908416748047
1981-02-26,0.31006908416748047
1981-02-27,0.31006908416748047
1981-03-02,0.305147260427475
1981-03-03,0.3002256155014038
1981-03-04,0.3002256155014038
1981-03-05,0.3002256155014038
1981-03-06,0.3002256155014038
1981-03-09,0.3002256155014038
1981-03-10,0.3002256155014038
1981-03-11,0.3002256155014038
1981-03-12,0.3002256155014038
1981-03-13,0.3002256155014038
1981-03-16,0.3002256155014038
1981-03-17,0.3002256155014038
1981-03-18,0.3002256155014038
1981-03-19,0.3002256155014038
1981-03-20,0.3002256155014038
1981-03-23,0.3002256155014038
1981-03-24,0.3002256155014038
1981-03-25,0.3002256155014038
1981-03-26,0.3002256155014038
1981-03-27,0.3002256155014038
1981-03-30,0.3002256155014038
1981-03-31,0.3002256155014038
1981-04-01,0.305147260427475
1981-04-02,0.305147260427475
1981-04-03,0.3002256155014038
1981-04-06,0.3002256155014038
1981-04-07,0.3002256155014038
1981-04-08,0.3002256155014038
1981-04-09,0.3002256155014038
1981-04-10,0.3002256155014038
1981-04-13,0.3002256155014038
1981-04-14,0.3002256155014038
1981-04-15,0.3002256155014038
1981-04-16,0.3002256155014038
1981-04-20,0.3002256155014038
1981-04-21,0.3002256155014038
1981-04-22,0.3002256155014038
1981-04-23,0.305147260427475
1981-04-24,0.305147260427475
1981-04-27,0.305147260427475
1981-04-28,0.305147260427475
1981-04-29,0.305147260427475
1981-04-30,0.305147260427475
1981-05-01,0.305147260427475
1981-05-04,0.305147260427475
1981-05-05,0.305147260427475
1981-05-06,0.305147260427475
1981-05-07,0.305147260427475
1981-05-08,0.31006908416748047
1981-05-11,0.31006908416748047
1981-05-12,0.31006908416748047
1981-05-13,0.31006908416748047
1981-05-14,0.3149907886981964
1981-05-15,0.3149907886981964
1981-05-18,0.3149907886981964
1981-05-19,0.3149907886981964
1981-05-20,0.3149907886981964
1981-05-21,0.3149907886981964
1981-05-22,0.3149907886981964
1981-05-26,0.3149907886981964
1981-05-27,0.31006908416748047
1981-05-28,0.31006908416748047
1981-05-29,0.31006908416748047
1981-06-01,0.31006908416748047
1981-06-02,0.31006908416748047
1981-06-03,0.31006908416748047
1981-06-04,0.3149907886981964
1981-06-05,0.3149907886981964
1981-06-08,0.3149907886981964
1981-06-09,0.3149907886981964
1981-06-10,0.3149907886981964
1981-06-11,0.3149907886981964
1981-06-12,0.3149907886981964
1981-06-15,0.3149907886981964
1981-06-16,0.3149907886981964
1981-06-17,0.3149907886981964
1981-06-18,0.3149907886981964
1981-06-19,0.3149907886981964
1981-06-22,0.3149907886981964
1981-06-23,0.3149907886981964
1981-06-24,0.3149907886981964
1981-06-25,0.3149907886981964
1981-06-26,0.3149907886981964
1981-06-29,0.3199125826358795
1981-06-30,0.3199125826358795
1981-07-01,0.3199125826358795
1981-07-02,0.3199125826358795
1981-07-06,0.3199125826358795
1981-07-07,0.3199125826358795
1981-07-08,0.3199125826358795
1981-07-09,0.3199125826358795
1981-07-10,0.3199125826358795
1981-07-13,0.3199125826358795
1981-07-14,0.3199125826358795
1981-07-15,0.3199125826358795
1981-07-16,0.32483431696891785
1981-07-17,0.3199125826358795
1981-07-20,0.3199125826358795
1981-07-21,0.3199125826358795
1981-07-22,0.3199125826358795
1981-07-23,0.3199125826358795
1981-07-24,0.3199125826358795
1981-07-27,0.3199125826358795
1981-07-28,0.3199125826358795
1981-07-29,0.3199125826358795
1981-07-30,0.3199125826358795
1981-07-31,0.3199125826358795
1981-08-03,0.3199125826358795
1981-08-04,0.3199125826358795
1981-08-05,0.3199125826358795
1981-08-06,0.3199125826358795
1981-08-07,0.3199125826358795
1981-08-10,0.3199125826358795
1981-08-11,0.3199125826358795
1981-08-12,0.3199125826358795
1981-08-13,0.3199125826358795
1981-08-14,0.3199125826358795
1981-08-17,0.3199125826358795
1981-08-18,0.3199125826358795
1981-08-19,0.3199125826358795
1981-08-20,0.32483431696891785
1981-08-21,0.32483431696891785
1981-08-24,0.32483431696891785
1981-08-25,0.32483431696891785
1981-08-26,0.3297559916973114
1981-08-27,0.3297559916973114
1981-08-28,0.3297559916973114
1981-08-31,0.3297559916973114
1981-09-01,0.3297559916973114
1981-09-02,0.3297559916973114
1981-09-03,0.3297559916973114
1981-09-04,0.3297559916973114
1981-09-08,0.3297559916973114
1981-09-09,0.3297559916973114
1981-09-10,0.3297559916973114
1981-09-11,0.3297559916973114
1981-09-14,0.3297559916973114
1981-09-15,0.3297559916973114
1981-09-16,0.3297559916973114
1981-09-17,0.3297559916973114
1981-09-18,0.3297559916973114
1981-09-21,0.3297559916973114
1981-09-22,0.3297559916973114
1981-09-23,0.33467763662338257
1981-09-24,0.33467763662338257
1981-09-25,0.33467763662338257
1981-09-28,0.33467763662338257
1981-09-29,0.33467763662338257
1981-09-30,0.33467763662338257
1981-10-01,0.33467763662338257
1981-10-02,0.33467763662338257
1981-10-05,0.33467763662338257
1981-10-06,0.33467763662338257
1981-10-07,0.33467763662338257
1981-10-08,0.33467763662338257
1981-10-09,0.33467763662338257
1981-10-12,0.33467763662338257
1981-10-13,0.33467763662338257
1981-10-14,0.33959949016571045
1981-10-15,0.33959949016571045
1981-10-16,0.33959949016571045
1981-10-19,0.344521164894104
1981-10-20,0.344521164894104
1981-10-21,0.349442720413208
1981-10-22,0.349442720413208
1981-10-23,0.349442720413208
1981-10-26,0.349442720413208
1981-10-27,0.349442720413208
1981-10-28,0.349442720413208
1981-10-29,0.349442720413208
1981-10-30,0.35436445474624634
1981-11-02,0.35436445474624634
1981-11-03,0.35436445474624634
1981-11-04,0.35436445474624634
1981-11-05,0.35436445474624634
1981-11-06,0.35436445474624634
1981-11-09,0.35436445474624634
1981-11-10,0.35928645730018616
1981-11-11,0.35928645730018616
1981-11-12,0.35928645730018616
1981-11-13,0.35928645730018616
1981-11-16,0.35928645730018616
1981-11-17,0.35928645730018616
1981-11-18,0.35928645730018616
1981-11-19,0.35928645730018616
1981-11-20,0.35928645730018616
1981-11-23,0.3642081916332245
1981-11-24,0.3642081916332245
1981-11-25,0.3642081916332245
1981-11-27,0.3642081916332245
1981-11-30,0.3642081916332245
1981-12-01,0.3642081916332245
1981-12-02,0.3642081916332245
1981-12-03,0.3642081916332245
1981-12-04,0.3642081916332245
1981-12-07,0.3642081916332245
1981-12-08,0.374051570892334
1981-12-09,0.374051570892334
1981-12-10,0.374051570892334
1981-12-11,0.374051570892334
1981-12-14,0.374051570892334
1981-12-15,0.374051570892334
1981-12-16,0.374051570892334
1981-12-17,0.37897300720214844
1981-12-18,0.37897300720214844
1981-12-21,0.37897300720214844
1981-12-22,0.37897300720214844
1981-12-23,0.37897300720214844
1981-12-24,0.37897300720214844
1981-12-28,0.37897300720214844
1981-12-29,0.37897300720214844
1981-12-30,0.37897300720214844
1981-12-31,0.37897300720214844
1982-01-04,0.38389480113983154
1982-01-05,0.38389480113983154
1982-01-06,0.38389480113983154
1982-01-07,0.38389480113983154
1982-01-08,0.38389480113983154
1982-01-11,0.38389480113983154
1982-01-12,0.38389480113983154
1982-01-13,0.38389480113983154
1982-01-14,0.38389480113983154
1982-01-15,0.38389480113983154
1982-01-18,0.38389480113983154
1982-01-19,0.38389480113983154
1982-01-20,0.38389480113983154
1982-01-21,0.38389480113983154
1982-01-22,0.38389480113983154
1982-01-25,0.38389480113983154
1982-01-26,0.38389480113983154
1982-01-27,0.38389480113983154
1982-01-28,0.38389480113983154
1982-01-29,0.38881662487983704
1982-02-01,0.38881662487983704
1982-02-02,0.38881662487983704
1982-02-03,0.38881662487983704
1982-02-04,0.38881662487983704
1982-02-05,0.38881662487983704
1982-02-08,0.38881662487983704
1982-02-09,0.38881662487983704
1982-02-10,0.38881662487983704
1982-02-11,0.38881662487983704
1982-02-12,0.38881662487983704
1982-02-16,0.38881662487983704
1982-02-17,0.39373868703842163
1982-02-18,0.39373868703842163
1982-02-19,0.39373868703842163
1982-02-22,0.39373868703842163
1982-02-23,0.39373868703842163
1982-02-24,0.39373868703842163
1982-02-25,0.39373868703842163
1982-02-26,0.39373868703842163
1982-03-01,0.39373868703842163
1982-03-02,0.39373868703842163
1982-03-03,0.39373868703842163
1982-03-04,0.39373868703842163
1982-03-05,0.39373868703842163
1982-03-08,0.39373868703842163
1982-03-09,0.39373868703842163
1982-03-10,0.39373868703842163
1982-03-11,0.39373868703842163
1982-03-12,0.39373868703842163
1982-03-15,0.39373868703842163
1982-03-16,0.39373868703842163
1982-03-17,0.39373868703842163
1982-03-18,0.39373868703842163
1982-03-19,0.39373868703842163
1982-03-22,0.39373868703842163
1982-03-23,0.3986600637435913
1982-03-24,0.3986600637435913
1982-03-25,0.3986600637435913
1982-03-26,0.3986600637435913
1982-03-29,0.3986600637435913
1982-03-30,0.39373868703842163
1982-03-31,0.39373868703842163
1982-04-01,0.39373868703842163
1982-04-02,0.39373868703842163
1982-04-05,0.39373868703842163
1982-04-06,0.39373868703842163
1982-04-07,0.39373868703842163
1982-04-08,0.39373868703842163
1982-04-12,0.39373868703842163
1982-04-13,0.39373868703842163
1982-04-14,0.39373868703842163
1982-04-15,0.39373868703842163
1982-04-16,0.39373868703842163
1982-04-19,0.39373868703842163
1982-04-20,0.39373868703842163
1982-04-21,0.39373868703842163
1982-04-22,0.39373868703842163
1982-04-23,0.39373868703842163
1982-04-26,0.39373868703842163
1982-04-27,0.39373868703842163
1982-04-28,0.39373868703842163
1982-04-29,0.39373868703842163
1982-04-30,0.39373868703842163
1982-05-03,0.39373868703842163
1982-05-04,0.39373868703842163
1982-05-05,0.39373868703842163
1982-05-06,0.39373868703842163
1982-05-07,0.39373868703842163
1982-05-10,0.39373868703842163
1982-05-11,0.39373868703842163
1982-05-12,0.39373868703842163
1982-05-13,0.39373868703842163
1982-05-14,0.39373868703842163
1982-05-17,0.39373868703842163
1982-05-18,0.39373868703842163
1982-05-19,0.39373868703842163
1982-05-20,0.39373868703842163
1982-05-21,0.39373868703842163
1982-05-24,0.39373868703842163
1982-05-25,0.39373868703842163
1982-05-26,0.39373868703842163
1982-05-27,0.39373868703842163
1982-05-28,0.39373868703842163
1982-06-01,0.39373868703842163
1982-06-02,0.39373868703842163
1982-06-03,0.39373868703842163
1982-06-04,0.39373868703842163
1982-06-07,0.39373868703842163
1982-06-08,0.39373868703842163
1982-06-09,0.39373868703842163
1982-06-10,0.39373868703842163
1982-06-11,0.39373868703842163
1982-06-14,0.39373868703842163
1982-06-15,0.39373868703842163
1982-06-16,0.39373868703842163
1982-06-17,0.39373868703842163
1982-06-18,0.39373868703842163
1982-06-21,0.39373868703842163
1982-06-22,0.39373868703842163
1982-06-23,0.39373868703842163
1982-06-24,0.39373868703842163
1982-06-25,0.39373868703842163
1982-06-28,0.39373868703842163
1982-06-29,0.39373868703842163
1982-06-30,0.39373868703842163
1982-07-01,0.39373868703842163
1982-07-02,0.39373868703842163
1982-07-06,0.39373868703842163
1982-07-07,0.39373868703842163
1982-07-08,0.39373868703842163
1982-07-09,0.39373868703842163
1982-07-12,0.3986600637435913
1982-07-13,0.4134254455566406
1982-07-14,0.4134254455566406
1982-07-15,0.4134254455566406
1982-07-16,0.4134254455566406
1982-07-19,0.4134254455566406
1982-07-20,0.4085034728050232
1982-07-21,0.4085034728050232
1982-07-22,0.4085034728050232
1982-07-23,0.3986600637435913
1982-07-26,0.3986600637435913
1982-07-27,0.3986600637435913
1982-07-28,0.3986600637435913
1982-07-29,0.3986600637435913
1982-07-30,0.3986600637435913
1982-08-02,0.3986600637435913
1982-08-03,0.3986600637435913
1982-08-04,0.3986600637435913
1982-08-05,0.3986600637435913
1982-08-06,0.3986600637435913
1982-08-09,0.3986600637435913
1982-08-10,0.3986600637435913
1982-08-11,0.3986600637435913
1982-08-12,0.3986600637435913
1982-08-13,0.3986600637435913
1982-08-16,0.3986600637435913
1982-08-17,0.3986600637435913
1982-08-18,0.3986600637435913
1982-08-19,0.3986600637435913
1982-08-20,0.3986600637435913
1982-08-23,0.3986600637435913
1982-08-24,0.3986600637435913
1982-08-25,0.3986600637435913
1982-08-26,0.3986600637435913
1982-08-27,0.3986600637435913
1982-08-30,0.3986600637435913
1982-08-31,0.3986600637435913
1982-09-01,0.3986600637435913
1982-09-02,0.3986600637435913
1982-09-03,0.3986600637435913
1982-09-07,0.3986600637435913
1982-09-08,0.3986600637435913
1982-09-09,0.3986600637435913
1982-09-10,0.3986600637435913
1982-09-13,0.4035819172859192
1982-09-14,0.4035819172859192
1982-09-15,0.4035819172859192
1982-09-16,0.4035819172859192
1982-09-17,0.4035819172859192
1982-09-20,0.4035819172859192
1982-09-21,0.4035819172859192
1982-09-22,0.4035819172859192
1982-09-23,0.4035819172859192
1982-09-24,0.4035819172859192
1982-09-27,0.4085034728050232
1982-09-28,0.4085034728050232
1982-09-29,0.4134254455566406
1982-09-30,0.4134254455566406
1982-10-01,0.4134254455566406
1982-10-04,0.4134254455566406
1982-10-05,0.4134254455566406
1982-10-06,0.4134254455566406
1982-10-07,0.4134254455566406
1982-10-08,0.42326879501342773
1982-10-11,0.42326879501342773
1982-10-12,0.42326879501342773
1982-10-13,0.42326879501342773
1982-10-14,0.42326879501342773
1982-10-15,0.43311214447021484
1982-10-18,0.43311214447021484
1982-10-19,0.42326879501342773
1982-10-20,0.42326879501342773
1982-10-21,0.42326879501342773
1982-10-22,0.42326879501342773
1982-10-25,0.42326879501342773
1982-10-26,0.42326879501342773
1982-10-27,0.42326879501342773
1982-10-28,0.42326879501342773
1982-10-29,0.42326879501342773
1982-11-01,0.42326879501342773
1982-11-02,0.42326879501342773
1982-11-03,0.42326879501342773
1982-11-04,0.4281904101371765
1982-11-05,0.4281904101371765
1982-11-08,0.42326879501342773
1982-11-09,0.42326879501342773
1982-11-10,0.42326879501342773
1982-11-11,0.42326879501342773
1982-11-12,0.42326879501342773
1982-11-15,0.42326879501342773
1982-11-16,0.42326879501342773
1982-11-17,0.42326879501342773
1982-11-18,0.4183473587036133
1982-11-19,0.4183473587036133
1982-11-22,0.4183473587036133
1982-11-23,0.4183473587036133
1982-11-24,0.4183473587036133
1982-11-26,0.4183473587036133
1982-11-29,0.4183473587036133
1982-11-30,0.4183473587036133
1982-12-01,0.4183473587036133
1982-12-02,0.4183473587036133
1982-12-03,0.4183473587036133
1982-12-06,0.4183473587036133
1982-12-07,0.42326879501342773
1982-12-08,0.42326879501342773
1982-12-09,0.42326879501342773
1982-12-10,0.42326879501342773
1982-12-13,0.42326879501342773
1982-12-14,0.4281904101371765
1982-12-15,0.43311214447021484
1982-12-16,0.43311214447021484
1982-12-17,0.43311214447021484
1982-12-20,0.43803393840789795
1982-12-21,0.43803393840789795
1982-12-22,0.43803393840789795
1982-12-23,0.43803393840789795
1982-12-27,0.43803393840789795
1982-12-28,0.43803393840789795
1982-12-29,0.43803393840789795
1982-12-30,0.43803393840789795
1982-12-31,0.43803393840789795
1983-01-03,0.43803393840789795
1983-01-04,0.43803393840789795
1983-01-05,0.43803393840789795
1983-01-06,0.43803393840789795
1983-01-07,0.43803393840789795
1983-01-10,0.43803393840789795
1983-01-11,0.43803393840789795
1983-01-12,0.43803393840789795
1983-01-13,0.43803393840789795
1983-01-14,0.43803393840789795
1983-01-17,0.43803393840789795
1983-01-18,0.43803393840789795
1983-01-19,0.43803393840789795
1983-01-20,0.43803393840789795
1983-01-21,0.43803393840789795
1983-01-24,0.43803393840789795
1983-01-25,0.43803393840789795
1983-01-26,0.43803393840789795
1983-01-27,0.43803393840789795
1983-01-28,0.43803393840789795
1983-01-31,0.43803393840789795
1983-02-01,0.43803393840789795
1983-02-02,0.43803393840789795
1983-02-03,0.43803393840789795
1983-02-04,0.43803393840789795
1983-02-07,0.43803393840789795
1983-02-08,0.43803393840789795
1983-02-09,0.43803393840789795
1983-02-10,0.43803393840789795
1983-02-11,0.43803393840789795
1983-02-14,0.43803393840789795
1983-02-15,0.43803393840789795
1983-02-16,0.43803393840789795
1983-02-17,0.43803393840789795
1983-02-18,0.43803393840789795
1983-02-22,0.43803393840789795
1983-02-23,0.43803393840789795
1983-02-24,0.43803393840789795
1983-02-25,0.43311214447021484
1983-02-28,0.43311214447021484
1983-03-01,0.43311214447021484
1983-03-02,0.43311214447021484
1983-03-03,0.43311214447021484
1983-03-04,0.43311214447021484
1983-03-07,0.43311214447021484
1983-03-08,0.43311214447021484
1983-03-09,0.43311214447021484
1983-03-10,0.43311214447021484
1983-03-11,0.43311214447021484
1983-03-14,0.43311214447021484
1983-03-15,0.43311214447021484
1983-03-16,0.43311214447021484
1983-03-17,0.43311214447021484
1983-03-18,0.43311214447021484
1983-03-21,0.43311214447021484
1983-03-22,0.43311214447021484
1983-03-23,0.43311214447021484
1983-03-24,0.43311214447021484
1983-03-25,0.43311214447021484
1983-03-28,0.43311214447021484
1983-03-29,0.43311214447021484
1983-03-30,0.43311214447021484
1983-03-31,0.43311214447021484
1983-04-04,0.43311214447021484
1983-04-05,0.43311214447021484
1983-04-06,0.43311214447021484
1983-04-07,0.43311214447021484
1983-04-08,0.43311214447021484
1983-04-11,0.43311214447021484
1983-04-12,0.43803393840789795
1983-04-13,0.43803393840789795
1983-04-14,0.45279911160469055
1983-04-15,0.45279911160469055
1983-04-18,0.462642639875412
1983-04-19,0.462642639875412
1983-04-20,0.462642639875412
1983-04-21,0.462642639875412
1983-04-22,0.462642639875412
1983-04-25,0.462642639875412
1983-04-26,0.462642639875412
1983-04-27,0.462642639875412
1983-04-28,0.462642639875412
1983-04-29,0.462642639875412
1983-05-02,0.462642639875412
1983-05-03,0.462642639875412
1983-05-04,0.462642639875412
1983-05-05,0.462642639875412
1983-05-06,0.462642639875412
1983-05-09,0.462642639875412
1983-05-10,0.462642639875412
1983-05-11,0.462642639875412
1983-05-12,0.462642639875412
1983-05-13,0.462642639875412
1983-05-16,0.462642639875412
1983-05-17,0.462642639875412
1983-05-18,0.462642639875412
1983-05-19,0.462642639875412
1983-05-20,0.462642639875412
1983-05-23,0.462642639875412
1983-05-24,0.462642639875412
1983-05-25,0.462642639875412
1983-05-26,0.462642639875412
1983-05-27,0.462642639875412
1983-05-31,0.462642639875412
1983-06-01,0.462642639875412
1983-06-02,0.46756455302238464
1983-06-03,0.4823298156261444
1983-06-06,0.502016544342041
1983-06-07,0.5118598937988281
1983-06-08,0.5118598937988281
1983-06-09,0.5118598937988281
1983-06-10,0.5217035412788391
1983-06-13,0.5315468907356262
1983-06-14,0.5315468907356262
1983-06-15,0.5315468907356262
1983-06-16,0.5315468907356262
1983-06-17,0.5315468907356262
1983-06-20,0.5315468907356262
1983-06-21,0.5315468907356262
1983-06-22,0.5217035412788391
1983-06-23,0.5315468907356262
1983-06-24,0.5217035412788391
1983-06-27,0.5217035412788391
1983-06-28,0.5217035412788391
1983-06-29,0.5217035412788391
1983-06-30,0.5217035412788391
1983-07-01,0.5217035412788391
1983-07-05,0.5217035412788391
1983-07-06,0.5217035412788391
1983-07-07,0.5217035412788391
1983-07-08,0.5217035412788391
1983-07-11,0.5217035412788391
1983-07-12,0.5118598937988281
1983-07-13,0.5118598937988281
1983-07-14,0.502016544342041
1983-07-15,0.4921727776527405
1983-07-18,0.4921727776527405
1983-07-19,0.4921727776527405
1983-07-20,0.4921727776527405
1983-07-21,0.4921727776527405
1983-07-22,0.502016544342041
1983-07-25,0.502016544342041
1983-07-26,0.502016544342041
1983-07-27,0.502016544342041
1983-07-28,0.502016544342041
1983-07-29,0.502016544342041
1983-08-01,0.502016544342041
1983-08-02,0.516781747341156
1983-08-03,0.516781747341156
1983-08-04,0.516781747341156
1983-08-05,0.516781747341156
1983-08-08,0.516781747341156
1983-08-09,0.516781747341156
1983-08-10,0.516781747341156
1983-08-11,0.5315468907356262
1983-08-12,0.5315468907356262
1983-08-15,0.5315468907356262
1983-08-16,0.5315468907356262
1983-08-17,0.5315468907356262
1983-08-18,0.5315468907356262
1983-08-19,0.516781747341156
1983-08-22,0.516781747341156
1983-08-23,0.516781747341156
1983-08-24,0.516781747341156
1983-08-25,0.516781747341156
1983-08-26,0.516781747341156
1983-08-29,0.516781747341156
1983-08-30,0.516781747341156
1983-08-31,0.516781747341156
1983-09-01,0.516781747341156
1983-09-02,0.516781747341156
1983-09-06,0.516781747341156
1983-09-07,0.516781747341156
1983-09-08,0.516781747341156
1983-09-09,0.516781747341156
1983-09-12,0.516781747341156
1983-09-13,0.516781747341156
1983-09-14,0.516781747341156
1983-09-15,0.516781747341156
1983-09-16,0.502016544342041
1983-09-19,0.502016544342041
1983-09-20,0.502016544342041
1983-09-21,0.502016544342041
1983-09-22,0.502016544342041
1983-09-23,0.502016544342041
1983-09-26,0.516781747341156
1983-09-27,0.516781747341156
1983-09-28,0.516781747341156
1983-09-29,0.516781747341156
1983-09-30,0.516781747341156
1983-10-03,0.516781747341156
1983-10-04,0.516781747341156
1983-10-05,0.516781747341156
1983-10-06,0.516781747341156
1983-10-07,0.516781747341156
1983-10-10,0.516781747341156
1983-10-11,0.516781747341156
1983-10-12,0.516781747341156
1983-10-13,0.516781747341156
1983-10-14,0.516781747341156
1983-10-17,0.516781747341156
1983-10-18,0.516781747341156
1983-10-19,0.516781747341156
1983-10-20,0.516781747341156
1983-10-21,0.516781747341156
1983-10-24,0.516781747341156
1983-10-25,0.516781747341156
1983-10-26,0.516781747341156
1983-10-27,0.516781747341156
1983-10-28,0.516781747341156
1983-10-31,0.516781747341156
1983-11-01,0.516781747341156
1983-11-02,0.516781747341156
1983-11-03,0.516781747341156
1983-11-04,0.516781747341156
1983-11-07,0.516781747341156
1983-11-08,0.516781747341156
1983-11-09,0.516781747341156
1983-11-10,0.5315468907356262
1983-11-11,0.5315468907356262
1983-11-14,0.5315468907356262
1983-11-15,0.5315468907356262
1983-11-16,0.5315468907356262
1983-11-17,0.5610774159431458
1983-11-18,0.5610774159431458
1983-11-21,0.5610774159431458
1983-11-22,0.5610774159431458
1983-11-23,0.5758422613143921
1983-11-25,0.6053723692893982
1983-11-28,0.6053723692893982
1983-11-29,0.6053723692893982
1983-11-30,0.6053723692893982
1983-12-01,0.6053723692893982
1983-12-02,0.5906078815460205
1983-12-05,0.5906078815460205
1983-12-06,0.6053723692893982
1983-12-07,0.6053723692893982
1983-12-08,0.6053723692893982
1983-12-09,0.6053723692893982
1983-12-12,0.6053723692893982
1983-12-13,0.5906078815460205
1983-12-14,0.5906078815460205
1983-12-15,0.5906078815460205
1983-12-16,0.5906078815460205
1983-12-19,0.5906078815460205
1983-12-20,0.5906078815460205
1983-12-21,0.6053723692893982
1983-12-22,0.6053723692893982
1983-12-23,0.6053723692893982
1983-12-27,0.5906078815460205
1983-12-28,0.5906078815460205
1983-12-29,0.5906078815460205
1983-12-30,0.5906078815460205
1984-01-03,0.6053723692893982
1984-01-04,0.6053723692893982
1984-01-05,0.6053723692893982
1984-01-06,0.6053723692893982
1984-01-09,0.6053723692893982
1984-01-10,0.6053723692893982
1984-01-11,0.6053723692893982
1984-01-12,0.6053723692893982
1984-01-13,0.6053723692893982
1984-01-16,0.6053723692893982
1984-01-17,0.6053723692893982
1984-01-18,0.6053723692893982
1984-01-19,0.6053723692893982
1984-01-20,0.6201381683349609
1984-01-23,0.6201381683349609
1984-01-24,0.6201381683349609
1984-01-25,0.6201381683349609
1984-01-26,0.6201381683349609
1984-01-27,0.6201381683349609
1984-01-30,0.6201381683349609
1984-01-31,0.6201381683349609
1984-02-01,0.6349034905433655
1984-02-02,0.6349034905433655
1984-02-03,0.6349034905433655
1984-02-06,0.6349034905433655
1984-02-07,0.6349034905433655
1984-02-08,0.6349034905433655
1984-02-09,0.6201381683349609
1984-02-10,0.6201381683349609
1984-02-13,0.6201381683349609
1984-02-14,0.6201381683349609
1984-02-15,0.6201381683349609
1984-02-16,0.6201381683349609
1984-02-17,0.6201381683349609
1984-02-21,0.6201381683349609
1984-02-22,0.6201381683349609
1984-02-23,0.6201381683349609
1984-02-24,0.6201381683349609
1984-02-27,0.6201381683349609
1984-02-28,0.6201381683349609
1984-02-29,0.6201381683349609
1984-03-01,0.6349034905433655
1984-03-02,0.6201381683349609
1984-03-05,0.6201381683349609
1984-03-06,0.6201381683349609
1984-03-07,0.6201381683349609
1984-03-08,0.6201381683349609
1984-03-09,0.6053723692893982
1984-03-12,0.6053723692893982
1984-03-13,0.5906078815460205
1984-03-14,0.5906078815460205
1984-03-15,0.5906078815460205
1984-03-16,0.5463120341300964
1984-03-19,0.5610774159431458
1984-03-20,0.5610774159431458
1984-03-21,0.5610774159431458
1984-03-22,0.5684601664543152
1984-03-23,0.5684601664543152
1984-03-26,0.5758422613143921
1984-03-27,0.5758422613143921
1984-03-28,0.5758422613143921
1984-03-29,0.5758422613143921
1984-03-30,0.5758422613143921
1984-04-02,0.5906078815460205
1984-04-03,0.5906078815460205
1984-04-04,0.5906078815460205
1984-04-05,0.5906078815460205
1984-04-06,0.5906078815460205
1984-04-09,0.5758422613143921
1984-04-10,0.5758422613143921
1984-04-11,0.5758422613143921
1984-04-12,0.5758422613143921
1984-04-13,0.5758422613143921
1984-04-16,0.5758422613143921
1984-04-17,0.5758422613143921
1984-04-18,0.5906078815460205
1984-04-19,0.5906078815460205
1984-04-23,0.5906078815460205
1984-04-24,0.5906078815460205
1984-04-25,0.5758422613143921
1984-04-26,0.5758422613143921
1984-04-27,0.5758422613143921
1984-04-30,0.5758422613143921
1984-05-01,0.5758422613143921
1984-05-02,0.5758422613143921
1984-05-03,0.5758422613143921
1984-05-04,0.5758422613143921
1984-05-07,0.5758422613143921
1984-05-08,0.5758422613143921
1984-05-09,0.5906078815460205
1984-05-10,0.6053723692893982
1984-05-11,0.6053723692893982
1984-05-14,0.6053723692893982
1984-05-15,0.6053723692893982
1984-05-16,0.6201381683349609
1984-05-17,0.6201381683349609
1984-05-18,0.6201381683349609
1984-05-21,0.6201381683349609
1984-05-22,0.6349034905433655
1984-05-23,0.6349034905433655
1984-05-24,0.6349034905433655
1984-05-25,0.6349034905433655
1984-05-29,0.6349034905433655
1984-05-30,0.6349034905433655
1984-05-31,0.6349034905433655
1984-06-01,0.6349034905433655
1984-06-04,0.6349034905433655
1984-06-05,0.6349034905433655
1984-06-06,0.6349034905433655
1984-06-07,0.6349034905433655
1984-06-08,0.6349034905433655
1984-06-11,0.6349034905433655
1984-06-12,0.6349034905433655
1984-06-13,0.6349034905433655
1984-06-14,0.6349034905433655
1984-06-15,0.6349034905433655
1984-06-18,0.6349034905433655
1984-06-19,0.6201381683349609
1984-06-20,0.6349034905433655
1984-06-21,0.6349034905433655
1984-06-22,0.6349034905433655
1984-06-25,0.6349034905433655
1984-06-26,0.6349034905433655
1984-06-27,0.6349034905433655
1984-06-28,0.6496686339378357
1984-06-29,0.6496686339378357
1984-07-02,0.6496686339378357
1984-07-03,0.6644333600997925
1984-07-05,0.6644333600997925
1984-07-06,0.6644333600997925
1984-07-09,0.6644333600997925
1984-07-10,0.6644333600997925
1984-07-11,0.6791989803314209
1984-07-12,0.6791989803314209
1984-07-13,0.6791989803314209
1984-07-16,0.6791989803314209
1984-07-17,0.6791989803314209
1984-07-18,0.6791989803314209
1984-07-19,0.6791989803314209
1984-07-20,0.6791989803314209
1984-07-23,0.6939641237258911
1984-07-24,0.6939641237258911
1984-07-25,0.6939641237258911
1984-07-26,0.6939641237258911
1984-07-27,0.6791989803314209
1984-07-30,0.6201381683349609
1984-07-31,0.5906078815460205
1984-08-01,0.5906078815460205
1984-08-02,0.6201381683349609
1984-08-03,0.6201381683349609
1984-08-06,0.6201381683349609
1984-08-07,0.6201381683349609
1984-08-08,0.6201381683349609
1984-08-09,0.6201381683349609
1984-08-10,0.6201381683349609
1984-08-13,0.6053723692893982
1984-08-14,0.6053723692893982
1984-08-15,0.6053723692893982
1984-08-16,0.5906078815460205
1984-08-17,0.6053723692893982
1984-08-20,0.6053723692893982
1984-08-21,0.6053723692893982
1984-08-22,0.6053723692893982
1984-08-23,0.6053723692893982
1984-08-24,0.6053723692893982
1984-08-27,0.6053723692893982
1984-08-28,0.6053723692893982
1984-08-29,0.6053723692893982
1984-08-30,0.6053723692893982
1984-08-31,0.6053723692893982
1984-09-04,0.6053723692893982
1984-09-05,0.6053723692893982
1984-09-06,0.6053723692893982
1984-09-07,0.5906078815460205
1984-09-10,0.5906078815460205
1984-09-11,0.5906078815460205
1984-09-12,0.5906078815460205
1984-09-13,0.5906078815460205
1984-09-14,0.5758422613143921
1984-09-17,0.5758422613143921
1984-09-18,0.5758422613143921
1984-09-19,0.5758422613143921
1984-09-20,0.5758422613143921
1984-09-21,0.5758422613143921
1984-09-24,0.5758422613143921
1984-09-25,0.5758422613143921
1984-09-26,0.5758422613143921
1984-09-27,0.5758422613143921
1984-09-28,0.5906078815460205
1984-10-01,0.5906078815460205
1984-10-02,0.5906078815460205
1984-10-03,0.5906078815460205
1984-10-04,0.5906078815460205
1984-10-05,0.5906078815460205
1984-10-08,0.6053723692893982
1984-10-09,0.6053723692893982
1984-10-10,0.6053723692893982
1984-10-11,0.597990095615387
1984-10-12,0.6053723692893982
1984-10-15,0.6053723692893982
1984-10-16,0.597990095615387
1984-10-17,0.5906078815460205
1984-10-18,0.6053723692893982
1984-10-19,0.6053723692893982
1984-10-22,0.6053723692893982
1984-10-23,0.6053723692893982
1984-10-24,0.6053723692893982
1984-10-25,0.6053723692893982
1984-10-26,0.6053723692893982
1984-10-29,0.6053723692893982
1984-10-30,0.6053723692893982
1984-10-31,0.6053723692893982
1984-11-01,0.6053723692893982
1984-11-02,0.6053723692893982
1984-11-05,0.6201381683349609
1984-11-06,0.6201381683349609
1984-11-07,0.6201381683349609
1984-11-08,0.6349034905433655
1984-11-09,0.6349034905433655
1984-11-12,0.6349034905433655
1984-11-13,0.6349034905433655
1984-11-14,0.6349034905433655
1984-11-15,0.6349034905433655
1984-11-16,0.6349034905433655
1984-11-19,0.6349034905433655
1984-11-20,0.6349034905433655
1984-11-21,0.6349034905433655
1984-11-23,0.6349034905433655
1984-11-26,0.6349034905433655
1984-11-27,0.6349034905433655
1984-11-28,0.6349034905433655
1984-11-29,0.6349034905433655
1984-11-30,0.6201381683349609
1984-12-03,0.6053723692893982
1984-12-04,0.6053723692893982
1984-12-05,0.6053723692893982
1984-12-06,0.6053723692893982
1984-12-07,0.6053723692893982
1984-12-10,0.6053723692893982
1984-12-11,0.6053723692893982
1984-12-12,0.6053723692893982
1984-12-13,0.6053723692893982
1984-12-14,0.6053723692893982
1984-12-17,0.6053723692893982
1984-12-18,0.6053723692893982
1984-12-19,0.6053723692893982
1984-12-20,0.6127553582191467
1984-12-21,0.6127553582191467
1984-12-24,0.6053723692893982
1984-12-26,0.6053723692893982
1984-12-27,0.6053723692893982
1984-12-28,0.6053723692893982
1984-12-31,0.6053723692893982
1985-01-02,0.6053723692893982
1985-01-03,0.6127553582191467
1985-01-04,0.6127553582191467
1985-01-07,0.6201381683349609
1985-01-08,0.6349034905433655
1985-01-09,0.6349034905433655
1985-01-10,0.6496686339378357
1985-01-11,0.6496686339378357
1985-01-14,0.6496686339378357
1985-01-15,0.6644333600997925
1985-01-16,0.6644333600997925
1985-01-17,0.6644333600997925
1985-01-18,0.6644333600997925
1985-01-21,0.6644333600997925
1985-01-22,0.6644333600997925
1985-01-23,0.6939641237258911
1985-01-24,0.6939641237258911
1985-01-25,0.6939641237258911
1985-01-28,0.6791989803314209
1985-01-29,0.6939641237258911
1985-01-30,0.6939641237258911
1985-01-31,0.7087289094924927
1985-02-01,0.6939641237258911
1985-02-04,0.6939641237258911
1985-02-05,0.6939641237258911
1985-02-06,0.7087289094924927
1985-02-07,0.6939641237258911
1985-02-08,0.7087289094924927
1985-02-11,0.6791989803314209
1985-02-12,0.738259494304657
1985-02-13,0.738259494304657
1985-02-14,0.7530245184898376
1985-02-15,0.7456424832344055
1985-02-19,0.7530245184898376
1985-02-20,0.738259494304657
1985-02-21,0.7530245184898376
1985-02-22,0.7677896022796631
1985-02-25,0.7677896022796631
1985-02-26,0.7677896022796631
1985-02-27,0.7677896022796631
1985-02-28,0.7677896022796631
1985-03-01,0.782555341720581
1985-03-04,0.782555341720581
1985-03-05,0.7677896022796631
1985-03-06,0.782555341720581
1985-03-07,0.7677896022796631
1985-03-08,0.7677896022796631
1985-03-11,0.7604073286056519
1985-03-12,0.7677896022796631
1985-03-13,0.7530245184898376
1985-03-14,0.7677896022796631
1985-03-15,0.7530245184898376
1985-03-18,0.7677896022796631
1985-03-19,0.7677896022796631
1985-03-20,0.7677896022796631
1985-03-21,0.7604073286056519
1985-03-22,0.7677896022796631
1985-03-25,0.7677896022796631
1985-03-26,0.7677896022796631
1985-03-27,0.782555341720581
1985-03-28,0.782555341720581
1985-03-29,0.782555341720581
1985-04-01,0.782555341720581
1985-04-02,0.7973201274871826
1985-04-03,0.782555341720581
1985-04-04,0.7899381518363953
1985-04-08,0.7973201274871826
1985-04-09,0.7973201274871826
1985-04-10,0.812085747718811
1985-04-11,0.8268508911132812
1985-04-12,0.7973201274871826
1985-04-15,0.812085747718811
1985-04-16,0.8268508911132812
1985-04-17,0.812085747718811
1985-04-18,0.812085747718811
1985-04-19,0.8268508911132812
1985-04-22,0.8268508911132812
1985-04-23,0.7973201274871826
1985-04-24,0.7973201274871826
1985-04-25,0.8268508911132812
1985-04-26,0.7973201274871826
1985-04-29,0.8194679617881775
1985-04-30,0.8194679617881775
1985-05-01,0.8194679617881775
1985-05-02,0.8194679617881775
1985-05-03,0.8194679617881775
1985-05-06,0.7973201274871826
1985-05-07,0.8194679617881775
1985-05-08,0.8194679617881775
1985-05-09,0.8047025799751282
1985-05-10,0.8194679617881775
1985-05-13,0.782555341720581
1985-05-14,0.812085747718811
1985-05-15,0.812085747718811
1985-05-16,0.8047025799751282
1985-05-17,0.8047025799751282
1985-05-20,0.7899381518363953
1985-05-21,0.8047025799751282
1985-05-22,0.8047025799751282
1985-05-23,0.8047025799751282
1985-05-24,0.7973201274871826
1985-05-28,0.782555341720581
1985-05-29,0.782555341720581
1985-05-30,0.7899381518363953
1985-05-31,0.782555341720581
1985-06-03,0.7973201274871826
1985-06-04,0.7973201274871826
1985-06-05,0.7973201274871826
1985-06-06,0.782555341720581
1985-06-07,0.7899381518363953
1985-06-10,0.7899381518363953
1985-06-11,0.782555341720581
1985-06-12,0.782555341720581
1985-06-13,0.7973201274871826
1985-06-14,0.7899381518363953
1985-06-17,0.782555341720581
1985-06-18,0.782555341720581
1985-06-19,0.782555341720581
1985-06-20,0.7677896022796631
1985-06-21,0.7677896022796631
1985-06-24,0.7677896022796631
1985-06-25,0.7677896022796631
1985-06-26,0.7677896022796631
1985-06-27,0.782555341720581
1985-06-28,0.782555341720581
1985-07-01,0.7973201274871826
1985-07-02,0.7973201274871826
1985-07-03,0.7973201274871826
1985-07-05,0.7973201274871826
1985-07-08,0.7973201274871826
1985-07-09,0.812085747718811
1985-07-10,0.8268508911132812
1985-07-11,0.7973201274871826
1985-07-12,0.8416154980659485
1985-07-15,0.812085747718811
1985-07-16,0.812085747718811
1985-07-17,0.8268508911132812
1985-07-18,0.8416154980659485
1985-07-19,0.8268508911132812
1985-07-22,0.8416154980659485
1985-07-23,0.8416154980659485
1985-07-24,0.856380820274353
1985-07-25,0.856380820274353
1985-07-26,0.856380820274353
1985-07-29,0.8342336416244507
1985-07-30,0.8268508911132812
1985-07-31,0.8268508911132812
1985-08-01,0.8268508911132812
1985-08-02,0.856380820274353
1985-08-05,0.8268508911132812
1985-08-06,0.8268508911132812
1985-08-07,0.8268508911132812
1985-08-08,0.8416154980659485
1985-08-09,0.8342336416244507
1985-08-12,0.8268508911132812
1985-08-13,0.8268508911132812
1985-08-14,0.8416154980659485
1985-08-15,0.8416154980659485
1985-08-16,0.856380820274353
1985-08-19,0.8268508911132812
1985-08-20,0.8268508911132812
1985-08-21,0.8268508911132812
1985-08-22,0.8416154980659485
1985-08-23,0.8416154980659485
1985-08-26,0.8416154980659485
1985-08-27,0.8268508911132812
1985-08-28,0.8268508911132812
1985-08-29,0.8342336416244507
1985-08-30,0.8342336416244507
1985-09-03,0.8268508911132812
1985-09-04,0.8342336416244507
1985-09-05,0.8342336416244507
1985-09-06,0.8268508911132812
1985-09-09,0.8268508911132812
1985-09-10,0.8342336416244507
1985-09-11,0.8268508911132812
1985-09-12,0.7973201274871826
1985-09-13,0.782555341720581
1985-09-16,0.7677896022796631
1985-09-17,0.782555341720581
1985-09-18,0.782555341720581
1985-09-19,0.782555341720581
1985-09-20,0.7677896022796631
1985-09-23,0.782555341720581
1985-09-24,0.782555341720581
1985-09-25,0.782555341720581
1985-09-26,0.782555341720581
1985-09-30,0.7751725912094116
1985-10-01,0.7751725912094116
1985-10-02,0.782555341720581
1985-10-03,0.782555341720581
1985-10-04,0.7751725912094116
1985-10-07,0.7751725912094116
1985-10-08,0.782555341720581
1985-10-09,0.7677896022796631
1985-10-10,0.7677896022796631
1985-10-11,0.7677896022796631
1985-10-14,0.7751725912094116
1985-10-15,0.7677896022796631
1985-10-16,0.7751725912094116
1985-10-17,0.7751725912094116
1985-10-18,0.7677896022796631
1985-10-21,0.7677896022796631
1985-10-22,0.7751725912094116
1985-10-23,0.7751725912094116
1985-10-24,0.7677896022796631
1985-10-25,0.7751725912094116
1985-10-28,0.7751725912094116
1985-10-29,0.7751725912094116
1985-10-30,0.7751725912094116
1985-10-31,0.7751725912094116
1985-11-01,0.7751725912094116
1985-11-04,0.7751725912094116
1985-11-05,0.7751725912094116
1985-11-06,0.782555341720581
1985-11-07,0.7751725912094116
1985-11-08,0.7751725912094116
1985-11-11,0.782555341720581
1985-11-12,0.7973201274871826
1985-11-13,0.782555341720581
1985-11-14,0.7973201274871826
1985-11-15,0.7973201274871826
1985-11-18,0.8047025799751282
1985-11-19,0.782555341720581
1985-11-20,0.8047025799751282
1985-11-21,0.8047025799751282
1985-11-22,0.8047025799751282
1985-11-25,0.7899381518363953
1985-11-26,0.8047025799751282
1985-11-27,0.7973201274871826
1985-11-29,0.8047025799751282
1985-12-02,0.7899381518363953
1985-12-03,0.7973201274871826
1985-12-04,0.7899381518363953
1985-12-05,0.7973201274871826
1985-12-06,0.7899381518363953
1985-12-09,0.7973201274871826
1985-12-10,0.782555341720581
1985-12-11,0.7973201274871826
1985-12-12,0.7973201274871826
1985-12-13,0.7973201274871826
1985-12-16,0.7899381518363953
1985-12-17,0.782555341720581
1985-12-18,0.7899381518363953
1985-12-19,0.7899381518363953
1985-12-20,0.7899381518363953
1985-12-23,0.7899381518363953
1985-12-24,0.7751725912094116
1985-12-26,0.7751725912094116
1985-12-27,0.7751725912094116
1985-12-30,0.7751725912094116
1985-12-31,0.7899381518363953
1986-01-02,0.7899381518363953
1986-01-03,0.7751725912094116
1986-01-06,0.782555341720581
1986-01-07,0.782555341720581
1986-01-08,0.782555341720581
1986-01-09,0.782555341720581
1986-01-10,0.782555341720581
1986-01-13,0.782555341720581
1986-01-14,0.7899381518363953
1986-01-15,0.7899381518363953
1986-01-16,0.7899381518363953
1986-01-17,0.7899381518363953
1986-01-20,0.7899381518363953
1986-01-21,0.8047025799751282
1986-01-22,0.7899381518363953
1986-01-23,0.812085747718811
1986-01-24,0.7973201274871826
1986-01-27,0.7973201274871826
1986-01-28,0.812085747718811
1986-01-29,0.8194679617881775
1986-01-30,0.8194679617881775
1986-01-31,0.8194679617881775
1986-02-03,0.812085747718811
1986-02-04,0.7973201274871826
1986-02-05,0.7973201274871826
1986-02-06,0.7973201274871826
1986-02-07,0.7973201274871826
1986-02-10,0.8047025799751282
1986-02-11,0.8047025799751282
1986-02-12,0.8047025799751282
1986-02-13,0.8047025799751282
1986-02-14,0.8047025799751282
1986-02-18,0.7973201274871826
1986-02-19,0.8047025799751282
1986-02-20,0.7973201274871826
1986-02-21,0.8047025799751282
1986-02-24,0.7973201274871826
1986-02-25,0.7973201274871826
1986-02-26,0.7973201274871826
1986-02-27,0.8047025799751282
1986-02-28,0.8194679617881775
1986-03-03,0.8047025799751282
1986-03-04,0.8194679617881775
1986-03-05,0.8194679617881775
1986-03-06,0.8047025799751282
1986-03-07,0.8194679617881775
1986-03-10,0.7899381518363953
1986-03-11,0.7899381518363953
1986-03-12,0.7973201274871826
1986-03-13,0.7899381518363953
1986-03-14,0.782555341720581
1986-03-17,0.7751725912094116
1986-03-18,0.7677896022796631
1986-03-19,0.7604073286056519
1986-03-20,0.7456424832344055
1986-03-21,0.7530245184898376
1986-03-24,0.7677896022796631
1986-03-25,0.7677896022796631
1986-03-26,0.7677896022796631
1986-03-27,0.7677896022796631
1986-03-31,0.7751725912094116
1986-04-01,0.782555341720581
1986-04-02,0.782555341720581
1986-04-03,0.782555341720581
1986-04-04,0.7751725912094116
1986-04-07,0.7899381518363953
1986-04-08,0.7751725912094116
1986-04-09,0.782555341720581
1986-04-10,0.7899381518363953
1986-04-11,0.7973201274871826
1986-04-14,0.782555341720581
1986-04-15,0.782555341720581
1986-04-16,0.812085747718811
1986-04-17,0.7973201274871826
1986-04-18,0.8268508911132812
1986-04-21,0.8268508911132812
1986-04-22,0.8047025799751282
1986-04-23,0.812085747718811
1986-04-24,0.8342336416244507
1986-04-25,0.812085747718811
1986-04-28,0.812085747718811
1986-04-29,0.8268508911132812
1986-04-30,0.8268508911132812
1986-05-01,0.812085747718811
1986-05-02,0.8268508911132812
1986-05-05,0.812085747718811
1986-05-06,0.8268508911132812
1986-05-07,0.812085747718811
1986-05-08,0.812085747718811
1986-05-09,0.812085747718811
1986-05-12,0.7973201274871826
1986-05-13,0.7973201274871826
1986-05-14,0.7973201274871826
1986-05-15,0.7973201274871826
1986-05-16,0.7899381518363953
1986-05-19,0.7899381518363953
1986-05-20,0.7973201274871826
1986-05-21,0.7973201274871826
1986-05-22,0.8047025799751282
1986-05-23,0.7973201274871826
1986-05-27,0.8047025799751282
1986-05-28,0.8047025799751282
1986-05-29,0.7899381518363953
1986-05-30,0.7899381518363953
1986-06-02,0.8047025799751282
1986-06-03,0.7973201274871826
1986-06-04,0.8047025799751282
1986-06-05,0.8047025799751282
1986-06-06,0.8047025799751282
1986-06-09,0.7973201274871826
1986-06-10,0.7973201274871826
1986-06-11,0.812085747718811
1986-06-12,0.7973201274871826
1986-06-13,0.7973201274871826
1986-06-16,0.8342336416244507
1986-06-17,0.8342336416244507
1986-06-18,0.8342336416244507
1986-06-19,0.8268508911132812
1986-06-20,0.8268508911132812
1986-06-23,0.8268508911132812
1986-06-24,0.8268508911132812
1986-06-25,0.8268508911132812
1986-06-26,0.8268508911132812
1986-06-27,0.8268508911132812
1986-06-30,0.8268508911132812
1986-07-01,0.8342336416244507
1986-07-02,0.8268508911132812
1986-07-03,0.8268508911132812
1986-07-07,0.8268508911132812
1986-07-08,0.8342336416244507
1986-07-09,0.8416154980659485
1986-07-10,0.8342336416244507
1986-07-11,0.8268508911132812
1986-07-14,0.8342336416244507
1986-07-15,0.812085747718811
1986-07-16,0.8268508911132812
1986-07-17,0.8268508911132812
1986-07-18,0.8342336416244507
1986-07-21,0.8342336416244507
1986-07-22,0.8342336416244507
1986-07-23,0.8268508911132812
1986-07-24,0.8416154980659485
1986-07-25,0.8489984273910522
1986-07-28,0.856380820274353
1986-07-29,0.856380820274353
1986-07-30,0.856380820274353
1986-07-31,0.8637639284133911
1986-08-01,0.856380820274353
1986-08-04,0.8489984273910522
1986-08-05,0.856380820274353
1986-08-06,0.856380820274353
1986-08-07,0.8637639284133911
1986-08-08,0.8711464405059814
1986-08-11,0.878528892993927
1986-08-12,0.8711464405059814
1986-08-13,0.878528892993927
1986-08-14,0.8859118223190308
1986-08-15,0.8932942152023315
1986-08-18,0.878528892993927
1986-08-19,0.8932942152023315
1986-08-20,0.900676965713501
1986-08-21,0.9302067756652832
1986-08-22,0.9302067756652832
1986-08-25,0.9228243827819824
1986-08-26,0.9375894665718079
1986-08-27,0.944972038269043
1986-08-28,0.9818853139877319
1986-08-29,1.0261807441711426
1986-09-02,0.9892673492431641
1986-09-03,1.0114156007766724
1986-09-04,0.9966505169868469
1986-09-05,0.9818853139877319
1986-09-08,0.9818853139877319
1986-09-09,0.9671196937561035
1986-09-10,0.9671196937561035
1986-09-11,0.9080591797828674
1986-09-12,0.900676965713501
1986-09-15,0.9080591797828674
1986-09-16,0.900676965713501
1986-09-17,0.900676965713501
1986-09-18,0.9228243827819824
1986-09-19,0.944972038269043
1986-09-22,0.9523547291755676
1986-09-23,0.9597368836402893
1986-09-24,0.9523547291755676
1986-09-25,0.9154416918754578
1986-09-26,0.9154416918754578
1986-09-29,0.9154416918754578
1986-09-30,0.900676965713501
1986-10-01,0.9228243827819824
1986-10-02,0.944972038269043
1986-10-03,0.9523547291755676
1986-10-06,0.944972038269043
1986-10-07,0.9523547291755676
1986-10-08,0.9523547291755676
1986-10-09,0.9523547291755676
1986-10-10,0.9523547291755676
1986-10-13,0.9375894665718079
1986-10-14,0.9523547291755676
1986-10-15,0.9597368836402893
1986-10-16,0.944972038269043
1986-10-17,0.9523547291755676
1986-10-20,0.9671196937561035
1986-10-21,0.9597368836402893
1986-10-22,0.9671196937561035
1986-10-23,0.9523547291755676
1986-10-24,0.9523547291755676
1986-10-27,0.9523547291755676
1986-10-28,0.9523547291755676
1986-10-29,0.9523547291755676
1986-10-30,0.9523547291755676
1986-10-31,0.944972038269043
1986-11-03,0.9597368836402893
1986-11-04,0.944972038269043
1986-11-05,0.9375894665718079
1986-11-06,0.944972038269043
1986-11-07,0.9228243827819824
1986-11-10,0.9375894665718079
1986-11-11,0.9375894665718079
1986-11-12,0.9375894665718079
1986-11-13,0.9375894665718079
1986-11-14,0.9154416918754578
1986-11-17,0.9302067756652832
1986-11-18,0.9302067756652832
1986-11-19,0.9154416918754578
1986-11-20,0.9154416918754578
1986-11-21,0.9154416918754578
1986-11-24,0.8859118223190308
1986-11-25,0.878528892993927
1986-11-26,0.8932942152023315
1986-11-28,0.8932942152023315
1986-12-01,0.8859118223190308
1986-12-02,0.900676965713501
1986-12-03,0.9154416918754578
1986-12-04,0.9228243827819824
1986-12-05,0.9080591797828674
1986-12-08,0.9154416918754578
1986-12-09,0.900676965713501
1986-12-10,0.900676965713501
1986-12-11,0.9080591797828674
1986-12-12,0.9154416918754578
1986-12-15,0.9154416918754578
1986-12-16,0.900676965713501
1986-12-17,0.9154416918754578
1986-12-18,0.9154416918754578
1986-12-19,0.9228243827819824
1986-12-22,0.9375894665718079
1986-12-23,0.944972038269043
1986-12-24,0.9375894665718079
1986-12-26,0.9597368836402893
1986-12-29,0.9523547291755676
1986-12-30,0.9966505169868469
1986-12-31,0.9966505169868469
1987-01-02,0.9818853139877319
1987-01-05,0.9745026230812073
1987-01-06,0.9818853139877319
1987-01-07,0.9818853139877319
1987-01-08,0.9966505169868469
1987-01-09,0.9892673492431641
1987-01-12,0.9892673492431641
1987-01-13,0.9818853139877319
1987-01-14,0.9818853139877319
1987-01-15,0.9818853139877319
1987-01-16,0.9745026230812073
1987-01-19,0.9597368836402893
1987-01-20,0.9745026230812073
1987-01-21,0.9745026230812073
1987-01-22,0.9745026230812073
1987-01-23,0.9671196937561035
1987-01-26,0.9745026230812073
1987-01-27,0.9597368836402893
1987-01-28,0.9892673492431641
1987-01-29,0.9892673492431641
1987-01-30,1.048327922821045
1987-02-02,1.0409460067749023
1987-02-03,1.0261807441711426
1987-02-04,1.0261807441711426
1987-02-05,1.033563494682312
1987-02-06,1.033563494682312
1987-02-09,1.033563494682312
1987-02-10,1.033563494682312
1987-02-11,1.0261807441711426
1987-02-12,1.048327922821045
1987-02-13,1.048327922821045
1987-02-17,1.0557115077972412
1987-02-18,1.0557115077972412
1987-02-19,1.0409460067749023
1987-02-20,1.0409460067749023
1987-02-23,1.0557115077972412
1987-02-24,1.0630937814712524
1987-02-25,1.048327922821045
1987-02-26,1.0630937814712524
1987-02-27,1.0557115077972412
1987-03-02,1.0630937814712524
1987-03-03,1.0557115077972412
1987-03-04,1.0557115077972412
1987-03-05,1.0704761743545532
1987-03-06,1.0704761743545532
1987-03-09,1.0630937814712524
1987-03-10,1.048327922821045
1987-03-11,1.0630937814712524
1987-03-12,1.0630937814712524
1987-03-13,1.0630937814712524
1987-03-16,1.077858567237854
1987-03-17,1.077858567237854
1987-03-18,1.085241675376892
1987-03-19,1.0704761743545532
1987-03-20,1.0926240682601929
1987-03-23,1.085241675376892
1987-03-24,1.0926240682601929
1987-03-25,1.0926240682601929
1987-03-26,1.0926240682601929
1987-03-27,1.085241675376892
1987-03-30,1.0704761743545532
1987-03-31,1.0630937814712524
1987-04-01,1.0630937814712524
1987-04-02,1.0630937814712524
1987-04-03,1.0704761743545532
1987-04-06,1.085241675376892
1987-04-07,1.085241675376892
1987-04-08,1.0926240682601929
1987-04-09,1.1000062227249146
1987-04-10,1.077858567237854
1987-04-13,1.077858567237854
1987-04-14,1.0926240682601929
1987-04-15,1.0704761743545532
1987-04-16,1.0926240682601929
1987-04-20,1.0704761743545532
1987-04-21,1.085241675376892
1987-04-22,1.085241675376892
1987-04-23,1.0704761743545532
1987-04-24,1.077858567237854
1987-04-27,1.085241675376892
1987-04-28,1.0704761743545532
1987-04-29,1.085241675376892
1987-04-30,1.0704761743545532
1987-05-01,1.077858567237854
1987-05-04,1.0704761743545532
1987-05-05,1.077858567237854
1987-05-06,1.077858567237854
1987-05-07,1.077858567237854
1987-05-08,1.0704761743545532
1987-05-11,1.077858567237854
1987-05-12,1.0704761743545532
1987-05-13,1.077858567237854
1987-05-14,1.077858567237854
1987-05-15,1.0704761743545532
1987-05-18,1.0704761743545532
1987-05-19,1.0557115077972412
1987-05-20,1.0630937814712524
1987-05-21,1.0557115077972412
1987-05-22,1.0409460067749023
1987-05-26,1.0409460067749023
1987-05-27,1.0557115077972412
1987-05-28,1.0557115077972412
1987-05-29,1.048327922821045
1987-06-01,1.0630937814712524
1987-06-02,1.048327922821045
1987-06-03,1.048327922821045
1987-06-04,1.048327922821045
1987-06-05,1.0630937814712524
1987-06-08,1.048327922821045
1987-06-09,1.0409460067749023
1987-06-10,1.048327922821045
1987-06-11,1.048327922821045
1987-06-12,1.048327922821045
1987-06-15,1.0409460067749023
1987-06-16,1.0557115077972412
1987-06-17,1.0409460067749023
1987-06-18,1.0409460067749023
1987-06-19,1.0557115077972412
1987-06-22,1.0557115077972412
1987-06-23,1.0557115077972412
1987-06-24,1.0557115077972412
1987-06-25,1.0557115077972412
1987-06-26,1.048327922821045
1987-06-29,1.048327922821045
1987-06-30,1.048327922821045
1987-07-01,1.0409460067749023
1987-07-02,1.0409460067749023
1987-07-06,1.0409460067749023
1987-07-07,1.0557115077972412
1987-07-08,1.0630937814712524
1987-07-09,1.0630937814712524
1987-07-10,1.0409460067749023
1987-07-13,1.0557115077972412
1987-07-14,1.0557115077972412
1987-07-15,1.0557115077972412
1987-07-16,1.048327922821045
1987-07-17,1.0630937814712524
1987-07-20,1.048327922821045
1987-07-21,1.0630937814712524
1987-07-22,1.048327922821045
1987-07-23,1.0704761743545532
1987-07-24,1.0630937814712524
1987-07-27,1.077858567237854
1987-07-28,1.0704761743545532
1987-07-29,1.0630937814712524
1987-07-30,1.077858567237854
1987-07-31,1.0704761743545532
1987-08-03,1.0704761743545532
1987-08-04,1.085241675376892
1987-08-05,1.085241675376892
1987-08-06,1.085241675376892
1987-08-07,1.0704761743545532
1987-08-10,1.0704761743545532
1987-08-11,1.085241675376892
1987-08-12,1.085241675376892
1987-08-13,1.085241675376892
1987-08-14,1.085241675376892
1987-08-17,1.1000062227249146
1987-08-18,1.0926240682601929
1987-08-19,1.1000062227249146
1987-08-20,1.085241675376892
1987-08-21,1.085241675376892
1987-08-24,1.1073896884918213
1987-08-25,1.1000062227249146
1987-08-26,1.085241675376892
1987-08-27,1.085241675376892
1987-08-28,1.085241675376892
1987-08-31,1.085241675376892
1987-09-01,1.1000062227249146
1987-09-02,1.1000062227249146
1987-09-03,1.1000062227249146
1987-09-04,1.0926240682601929
1987-09-08,1.0926240682601929
1987-09-09,1.077858567237854
1987-09-10,1.0704761743545532
1987-09-11,1.0704761743545532
1987-09-14,1.0704761743545532
1987-09-15,1.0704761743545532
1987-09-16,1.077858567237854
1987-09-17,1.077858567237854
1987-09-18,1.0926240682601929
1987-09-21,1.0926240682601929
1987-09-22,1.0926240682601929
1987-09-23,1.077858567237854
1987-09-24,1.0926240682601929
1987-09-25,1.0704761743545532
1987-09-28,1.0926240682601929
1987-09-29,1.0926240682601929
1987-09-30,1.0926240682601929
1987-10-01,1.077858567237854
1987-10-02,1.0926240682601929
1987-10-05,1.1000062227249146
1987-10-06,1.085241675376892
1987-10-07,1.1000062227249146
1987-10-08,1.077858567237854
1987-10-09,1.1159040927886963
1987-10-12,1.1084153652191162
1987-10-13,1.1009260416030884
1987-10-14,1.1084153652191162
1987-10-15,1.0784580707550049
1987-10-16,1.070968747138977
1987-10-19,1.0110548734664917
1987-10-20,0.9586297273635864
1987-10-21,0.9810969829559326
1987-10-22,0.9586297273635864
1987-10-23,0.9361613392829895
1987-10-26,0.8762474060058594
1987-10-27,0.8837364912033081
1987-10-28,0.8687577843666077
1987-10-29,0.8537794947624207
1987-10-30,0.8762474060058594
1987-11-02,0.8762474060058594
1987-11-03,0.8912255167961121
1987-11-04,0.906204104423523
1987-11-05,0.928671658039093
1987-11-06,0.921183168888092
1987-11-09,0.9361613392829895
1987-11-10,0.928671658039093
1987-11-11,0.9361613392829895
1987-11-12,0.9361613392829895
1987-11-13,0.928671658039093
1987-11-16,0.9436509609222412
1987-11-17,0.928671658039093
1987-11-18,0.928671658039093
1987-11-19,0.928671658039093
1987-11-20,0.9436509609222412
1987-11-23,0.9436509609222412
1987-11-24,0.9511396884918213
1987-11-25,0.9361613392829895
1987-11-27,0.9361613392829895
1987-11-30,0.928671658039093
1987-12-01,0.9436509609222412
1987-12-02,0.9511396884918213
1987-12-03,0.9361613392829895
1987-12-04,0.9361613392829895
1987-12-07,0.928671658039093
1987-12-08,0.9736078977584839
1987-12-09,0.9885867834091187
1987-12-10,1.003564715385437
1987-12-11,1.003564715385437
1987-12-14,0.9960758686065674
1987-12-15,0.9960758686065674
1987-12-16,1.003564715385437
1987-12-17,0.9885867834091187
1987-12-18,0.9885867834091187
1987-12-21,1.0110548734664917
1987-12-22,0.9960758686065674
1987-12-23,1.0260337591171265
1987-12-24,1.048500657081604
1987-12-28,1.0260337591171265
1987-12-29,1.048500657081604
1987-12-30,1.0260337591171265
1987-12-31,1.0260337591171265
1988-01-04,1.0260337591171265
1988-01-05,1.0410116910934448
1988-01-06,1.0260337591171265
1988-01-07,1.0260337591171265
1988-01-08,1.0260337591171265
1988-01-11,1.0494557619094849
1988-01-12,1.0266414880752563
1988-01-13,1.0342458486557007
1988-01-14,1.0038272142410278
1988-01-15,1.0038272142410278
1988-01-18,1.0266414880752563
1988-01-19,1.0342458486557007
1988-01-20,1.0190362930297852
1988-01-21,1.0342458486557007
1988-01-22,1.0266414880752563
1988-01-25,1.0342458486557007
1988-01-26,1.0418514013290405
1988-01-27,1.0266414880752563
1988-01-28,1.0266414880752563
1988-01-29,1.0342458486557007
1988-02-01,1.0570603609085083
1988-02-02,1.0570603609085083
1988-02-03,1.0570603609085083
1988-02-04,1.0646653175354004
1988-02-05,1.0570603609085083
1988-02-08,1.0570603609085083
1988-02-09,1.072270154953003
1988-02-10,1.072270154953003
1988-02-11,1.072270154953003
1988-02-12,1.072270154953003
1988-02-16,1.0570603609085083
1988-02-17,1.072270154953003
1988-02-18,1.0798747539520264
1988-02-19,1.0798747539520264
1988-02-22,1.072270154953003
1988-02-23,1.0874788761138916
1988-02-24,1.072270154953003
1988-02-25,1.0874788761138916
1988-02-26,1.0798747539520264
1988-02-29,1.0798747539520264
1988-03-01,1.0874788761138916
1988-03-02,1.0874788761138916
1988-03-03,1.0798747539520264
1988-03-04,1.0950846672058105
1988-03-07,1.0798747539520264
1988-03-08,1.0798747539520264
1988-03-09,1.0874788761138916
1988-03-10,1.0798747539520264
1988-03-11,1.0874788761138916
1988-03-14,1.0950846672058105
1988-03-15,1.0874788761138916
1988-03-16,1.0874788761138916
1988-03-17,1.072270154953003
1988-03-18,1.0950846672058105
1988-03-21,1.0798747539520264
1988-03-22,1.0798747539520264
1988-03-23,1.0798747539520264
1988-03-24,1.0874788761138916
1988-03-25,1.0950846672058105
1988-03-28,1.0798747539520264
1988-03-29,1.0798747539520264
1988-03-30,1.0798747539520264
1988-03-31,1.0950846672058105
1988-04-04,1.1040396690368652
1988-04-05,1.1040396690368652
1988-04-06,1.1040396690368652
1988-04-07,1.0654376745224
1988-04-08,1.073157787322998
1988-04-11,1.0654376745224
1988-04-12,1.0654376745224
1988-04-13,1.0577170848846436
1988-04-14,1.0499958992004395
1988-04-15,1.0654376745224
1988-04-18,1.0113927125930786
1988-04-19,1.0113927125930786
1988-04-20,1.0191141366958618
1988-04-21,1.0191141366958618
1988-04-22,1.0113927125930786
1988-04-25,1.0113927125930786
1988-04-26,1.0113927125930786
1988-04-27,1.0191141366958618
1988-04-28,1.0036725997924805
1988-04-29,1.0036725997924805
1988-05-02,1.0191141366958618
1988-05-03,1.0191141366958618
1988-05-04,1.0113927125930786
1988-05-05,1.0191141366958618
1988-05-06,1.0036725997924805
1988-05-09,1.0036725997924805
1988-05-10,1.0113927125930786
1988-05-11,1.0113927125930786
1988-05-12,1.0113927125930786
1988-05-13,1.0036725997924805
1988-05-16,1.0036725997924805
1988-05-17,1.0113927125930786
1988-05-18,1.0036725997924805
1988-05-19,0.988231897354126
1988-05-20,0.988231897354126
1988-05-23,0.9727905988693237
1988-05-24,1.0036725997924805
1988-05-25,0.988231897354126
1988-05-26,1.0036725997924805
1988-05-27,1.0036725997924805
1988-05-31,1.0036725997924805
1988-06-01,1.0191141366958618
1988-06-02,1.0191141366958618
1988-06-03,1.0191141366958618
1988-06-06,1.0191141366958618
1988-06-07,1.0191141366958618
1988-06-08,1.0191141366958618
1988-06-09,1.0345549583435059
1988-06-10,1.0345549583435059
1988-06-13,1.0268343687057495
1988-06-14,1.0422754287719727
1988-06-15,1.0654376745224
1988-06-16,1.073157787322998
1988-06-17,1.0577170848846436
1988-06-20,1.0499958992004395
1988-06-21,1.0654376745224
1988-06-22,1.0654376745224
1988-06-23,1.0654376745224
1988-06-24,1.073157787322998
1988-06-27,1.0499958992004395
1988-06-28,1.073157787322998
1988-06-29,1.0577170848846436
1988-06-30,1.080878734588623
1988-07-01,1.0654376745224
1988-07-05,1.080878734588623
1988-07-06,1.080878734588623
1988-07-07,1.1040396690368652
1988-07-08,1.080878734588623
1988-07-11,1.105657696723938
1988-07-12,1.1134992837905884
1988-07-13,1.121340274810791
1988-07-14,1.1291825771331787
1988-07-15,1.121340274810791
1988-07-18,1.121340274810791
1988-07-19,1.121340274810791
1988-07-20,1.121340274810791
1988-07-21,1.1134992837905884
1988-07-22,1.0978164672851562
1988-07-25,1.0978164672851562
1988-07-26,1.0821332931518555
1988-07-27,1.0978164672851562
1988-07-28,1.0821332931518555
1988-07-29,1.0899744033813477
1988-08-01,1.0899744033813477
1988-08-02,1.1134992837905884
1988-08-03,1.0899744033813477
1988-08-04,1.0978164672851562
1988-08-05,1.0899744033813477
1988-08-08,1.0978164672851562
1988-08-09,1.121340274810791
1988-08-10,1.105657696723938
1988-08-11,1.0899744033813477
1988-08-12,1.0899744033813477
1988-08-15,1.0899744033813477
1988-08-16,1.0899744033813477
1988-08-17,1.0978164672851562
1988-08-18,1.0978164672851562
1988-08-19,1.0978164672851562
1988-08-22,1.105657696723938
1988-08-23,1.1134992837905884
1988-08-24,1.1134992837905884
1988-08-25,1.0978164672851562
1988-08-26,1.105657696723938
1988-08-29,1.0978164672851562
1988-08-30,1.105657696723938
1988-08-31,1.121340274810791
1988-09-01,1.1134992837905884
1988-09-02,1.105657696723938
1988-09-06,1.121340274810791
1988-09-07,1.121340274810791
1988-09-08,1.121340274810791
1988-09-09,1.121340274810791
1988-09-12,1.1134992837905884
1988-09-13,1.121340274810791
1988-09-14,1.121340274810791
1988-09-15,1.105657696723938
1988-09-16,1.105657696723938
1988-09-19,1.1134992837905884
1988-09-20,1.1134992837905884
1988-09-21,1.105657696723938
1988-09-22,1.105657696723938
1988-09-23,1.121340274810791
1988-09-26,1.121340274810791
1988-09-27,1.121340274810791
1988-09-28,1.1291825771331787
1988-09-29,1.1134992837905884
1988-09-30,1.1291825771331787
1988-10-03,1.1291825771331787
1988-10-04,1.1134992837905884
1988-10-05,1.121340274810791
1988-10-06,1.1291825771331787
1988-10-07,1.14767324924469
1988-10-10,1.1636124849319458
1988-10-11,1.1636124849319458
1988-10-12,1.14767324924469
1988-10-13,1.1715823411941528
1988-10-14,1.1556428670883179
1988-10-17,1.1636124849319458
1988-10-18,1.1715823411941528
1988-10-19,1.1636124849319458
1988-10-20,1.1636124849319458
1988-10-21,1.1795523166656494
1988-10-24,1.1715823411941528
1988-10-25,1.1715823411941528
1988-10-26,1.1715823411941528
1988-10-27,1.1715823411941528
1988-10-28,1.1556428670883179
1988-10-31,1.1556428670883179
1988-11-01,1.1715823411941528
1988-11-02,1.1636124849319458
1988-11-03,1.1715823411941528
1988-11-04,1.1556428670883179
1988-11-07,1.1715823411941528
1988-11-08,1.1715823411941528
1988-11-09,1.1636124849319458
1988-11-10,1.1556428670883179
1988-11-11,1.1556428670883179
1988-11-14,1.1556428670883179
1988-11-15,1.1556428670883179
1988-11-16,1.14767324924469
1988-11-17,1.1397024393081665
1988-11-18,1.14767324924469
1988-11-21,1.14767324924469
1988-11-22,1.14767324924469
1988-11-23,1.1317328214645386
1988-11-25,1.1317328214645386
1988-11-28,1.123763084411621
1988-11-29,1.14767324924469
1988-11-30,1.1556428670883179
1988-12-01,1.14767324924469
1988-12-02,1.14767324924469
1988-12-05,1.14767324924469
1988-12-06,1.1636124849319458
1988-12-07,1.14767324924469
1988-12-08,1.14767324924469
1988-12-09,1.1636124849319458
1988-12-12,1.14767324924469
1988-12-13,1.1556428670883179
1988-12-14,1.1397024393081665
1988-12-15,1.1397024393081665
1988-12-16,1.1397024393081665
1988-12-19,1.14767324924469
1988-12-20,1.1397024393081665
1988-12-21,1.1556428670883179
1988-12-22,1.1397024393081665
1988-12-23,1.1556428670883179
1988-12-27,1.1397024393081665
1988-12-28,1.1556428670883179
1988-12-29,1.1556428670883179
1988-12-30,1.1556428670883179
1989-01-03,1.14767324924469
1989-01-04,1.1556428670883179
1989-01-05,1.1556428670883179
1989-01-06,1.1556428670883179
1989-01-09,1.174433946609497
1989-01-10,1.166334629058838
1989-01-11,1.166334629058838
1989-01-12,1.1582340002059937
1989-01-13,1.174433946609497
1989-01-16,1.166334629058838
1989-01-17,1.1501349210739136
1989-01-18,1.1501349210739136
1989-01-19,1.1501349210739136
1989-01-20,1.1501349210739136
1989-01-23,1.1501349210739136
1989-01-24,1.1501349210739136
1989-01-25,1.1582340002059937
1989-01-26,1.1582340002059937
1989-01-27,1.1501349210739136
1989-01-30,1.1582340002059937
1989-01-31,1.1582340002059937
1989-02-01,1.1582340002059937
1989-02-02,1.1501349210739136
1989-02-03,1.1501349210739136
1989-02-06,1.1501349210739136
1989-02-07,1.1501349210739136
1989-02-08,1.1501349210739136
1989-02-09,1.1501349210739136
1989-02-10,1.1582340002059937
1989-02-13,1.1420353651046753
1989-02-14,1.1420353651046753
1989-02-15,1.1501349210739136
1989-02-16,1.1420353651046753
1989-02-17,1.1501349210739136
1989-02-21,1.1420353651046753
1989-02-22,1.1501349210739136
1989-02-23,1.1258366107940674
1989-02-24,1.10963773727417
1989-02-27,1.1177366971969604
1989-02-28,1.10963773727417
1989-03-01,1.1258366107940674
1989-03-02,1.10963773727417
1989-03-03,1.10963773727417
1989-03-06,1.1177366971969604
1989-03-07,1.1258366107940674
1989-03-08,1.1258366107940674
1989-03-09,1.10963773727417
1989-03-10,1.1258366107940674
1989-03-13,1.1258366107940674
1989-03-14,1.1258366107940674
1989-03-15,1.1258366107940674
1989-03-16,1.1258366107940674
1989-03-17,1.1177366971969604
1989-03-20,1.133935809135437
1989-03-21,1.1177366971969604
1989-03-22,1.1258366107940674
1989-03-23,1.1177366971969604
1989-03-27,1.1420353651046753
1989-03-28,1.1258366107940674
1989-03-29,1.133935809135437
1989-03-30,1.133935809135437
1989-03-31,1.133935809135437
1989-04-03,1.1501349210739136
1989-04-04,1.1258366107940674
1989-04-05,1.1258366107940674
1989-04-06,1.1420353651046753
1989-04-07,1.1582340002059937
1989-04-10,1.1615296602249146
1989-04-11,1.1780049800872803
1989-04-12,1.1697673797607422
1989-04-13,1.1780049800872803
1989-04-14,1.1780049800872803
1989-04-17,1.1615296602249146
1989-04-18,1.1697673797607422
1989-04-19,1.1697673797607422
1989-04-20,1.1697673797607422
1989-04-21,1.1697673797607422
1989-04-24,1.1697673797607422
1989-04-25,1.1780049800872803
1989-04-26,1.1862436532974243
1989-04-27,1.1862436532974243
1989-04-28,1.1944810152053833
1989-05-01,1.1697673797607422
1989-05-02,1.1697673797607422
1989-05-03,1.1862436532974243
1989-05-04,1.1780049800872803
1989-05-05,1.1944810152053833
1989-05-08,1.1697673797607422
1989-05-09,1.1780049800872803
1989-05-10,1.1780049800872803
1989-05-11,1.1615296602249146
1989-05-12,1.1780049800872803
1989-05-15,1.1780049800872803
1989-05-16,1.1780049800872803
1989-05-17,1.1697673797607422
1989-05-18,1.1697673797607422
1989-05-19,1.1780049800872803
1989-05-22,1.1780049800872803
1989-05-23,1.1780049800872803
1989-05-24,1.1697673797607422
1989-05-25,1.1615296602249146
1989-05-26,1.1780049800872803
1989-05-30,1.1780049800872803
1989-05-31,1.1862436532974243
1989-06-01,1.1780049800872803
1989-06-02,1.1780049800872803
1989-06-05,1.1780049800872803
1989-06-06,1.1697673797607422
1989-06-07,1.1944810152053833
1989-06-08,1.1780049800872803
1989-06-09,1.1862436532974243
1989-06-12,1.1862436532974243
1989-06-13,1.1944810152053833
1989-06-14,1.1944810152053833
1989-06-15,1.2027188539505005
1989-06-16,1.1862436532974243
1989-06-19,1.2027188539505005
1989-06-20,1.1862436532974243
1989-06-21,1.1862436532974243
1989-06-22,1.1944810152053833
1989-06-23,1.2027188539505005
1989-06-26,1.1944810152053833
1989-06-27,1.1944810152053833
1989-06-28,1.1862436532974243
1989-06-29,1.1780049800872803
1989-06-30,1.1780049800872803
1989-07-03,1.1862436532974243
1989-07-05,1.1862436532974243
1989-07-06,1.1862436532974243
1989-07-07,1.2027188539505005
1989-07-10,1.206068992614746
1989-07-11,1.1976929903030396
1989-07-12,1.189318060874939
1989-07-13,1.1809427738189697
1989-07-14,1.189318060874939
1989-07-17,1.1976929903030396
1989-07-18,1.189318060874939
1989-07-19,1.189318060874939
1989-07-20,1.1809427738189697
1989-07-21,1.189318060874939
1989-07-24,1.1976929903030396
1989-07-25,1.1976929903030396
1989-07-26,1.1976929903030396
1989-07-27,1.206068992614746
1989-07-28,1.206068992614746
1989-07-31,1.2228196859359741
1989-08-01,1.2395700216293335
1989-08-02,1.2395700216293335
1989-08-03,1.2730728387832642
1989-08-04,1.2730728387832642
1989-08-07,1.2730728387832642
1989-08-08,1.2730728387832642
1989-08-09,1.2646963596343994
1989-08-10,1.2646963596343994
1989-08-11,1.2646963596343994
1989-08-14,1.2730728387832642
1989-08-15,1.2646963596343994
1989-08-16,1.2646963596343994
1989-08-17,1.2563214302062988
1989-08-18,1.2646963596343994
1989-08-21,1.2646963596343994
1989-08-22,1.2563214302062988
1989-08-23,1.2646963596343994
1989-08-24,1.247945785522461
1989-08-25,1.247945785522461
1989-08-28,1.2646963596343994
1989-08-29,1.2646963596343994
1989-08-30,1.2730728387832642
1989-08-31,1.2563214302062988
1989-09-01,1.2646963596343994
1989-09-05,1.2563214302062988
1989-09-06,1.2646963596343994
1989-09-07,1.2646963596343994
1989-09-08,1.2563214302062988
1989-09-11,1.2730728387832642
1989-09-12,1.2563214302062988
1989-09-13,1.2646963596343994
1989-09-14,1.2563214302062988
1989-09-15,1.247945785522461
1989-09-18,1.2646963596343994
1989-09-19,1.2563214302062988
1989-09-20,1.2563214302062988
1989-09-21,1.2563214302062988
1989-09-22,1.247945785522461
1989-09-25,1.2563214302062988
1989-09-26,1.2563214302062988
1989-09-27,1.2563214302062988
1989-09-28,1.2395700216293335
1989-09-29,1.2563214302062988
1989-10-02,1.2646963596343994
1989-10-03,1.2395700216293335
1989-10-04,1.2646963596343994
1989-10-05,1.2646963596343994
1989-10-06,1.2687840461730957
1989-10-09,1.294330358505249
1989-10-10,1.2687840461730957
1989-10-11,1.294330358505249
1989-10-12,1.2772997617721558
1989-10-13,1.2687840461730957
1989-10-16,1.2432385683059692
1989-10-17,1.251753568649292
1989-10-18,1.2432385683059692
1989-10-19,1.2432385683059692
1989-10-20,1.251753568649292
1989-10-23,1.2347233295440674
1989-10-24,1.251753568649292
1989-10-25,1.251753568649292
1989-10-26,1.2262077331542969
1989-10-27,1.2432385683059692
1989-10-30,1.2176917791366577
1989-10-31,1.2262077331542969
1989-11-01,1.2347233295440674
1989-11-02,1.2347233295440674
1989-11-03,1.2262077331542969
1989-11-06,1.2176917791366577
1989-11-07,1.2262077331542969
1989-11-08,1.2176917791366577
1989-11-09,1.2176917791366577
1989-11-10,1.2262077331542969
1989-11-13,1.2091766595840454
1989-11-14,1.2176917791366577
1989-11-15,1.2176917791366577
1989-11-16,1.2176917791366577
1989-11-17,1.2176917791366577
1989-11-20,1.2091766595840454
1989-11-21,1.2262077331542969
1989-11-22,1.2091766595840454
1989-11-24,1.2176917791366577
1989-11-27,1.2262077331542969
1989-11-28,1.2262077331542969
1989-11-29,1.2262077331542969
1989-11-30,1.2176917791366577
1989-12-01,1.2262077331542969
1989-12-04,1.2176917791366577
1989-12-05,1.2176917791366577
1989-12-06,1.2347233295440674
1989-12-07,1.2347233295440674
1989-12-08,1.2176917791366577
1989-12-11,1.2347233295440674
1989-12-12,1.2432385683059692
1989-12-13,1.2432385683059692
1989-12-14,1.2347233295440674
1989-12-15,1.2347233295440674
1989-12-18,1.2262077331542969
1989-12-19,1.2262077331542969
1989-12-20,1.2262077331542969
1989-12-21,1.2176917791366577
1989-12-22,1.2262077331542969
1989-12-26,1.2176917791366577
1989-12-27,1.2262077331542969
1989-12-28,1.2262077331542969
1989-12-29,1.2262077331542969
1990-01-02,1.2262077331542969
1990-01-03,1.2176917791366577
1990-01-04,1.2432385683059692
1990-01-05,1.2176917791366577
1990-01-08,1.239182472229004
1990-01-09,1.22185218334198
1990-01-10,1.22185218334198
1990-01-11,1.2131867408752441
1990-01-12,1.2131867408752441
1990-01-15,1.204520583152771
1990-01-16,1.195854902267456
1990-01-17,1.2131867408752441
1990-01-18,1.195854902267456
1990-01-19,1.195854902267456
1990-01-22,1.1871896982192993
1990-01-23,1.195854902267456
1990-01-24,1.1871896982192993
1990-01-25,1.1698580980300903
1990-01-26,1.1785238981246948
1990-01-29,1.1698580980300903
1990-01-30,1.1871896982192993
1990-01-31,1.1871896982192993
1990-02-01,1.1871896982192993
1990-02-02,1.1785238981246948
1990-02-05,1.1611924171447754
1990-02-06,1.1785238981246948
1990-02-07,1.1698580980300903
1990-02-08,1.1525269746780396
1990-02-09,1.1698580980300903
1990-02-12,1.126529574394226
1990-02-13,1.1351953744888306
1990-02-14,1.1525269746780396
1990-02-15,1.1351953744888306
1990-02-16,1.1525269746780396
1990-02-20,1.1525269746780396
1990-02-21,1.126529574394226
1990-02-22,1.126529574394226
1990-02-23,1.1438621282577515
1990-02-26,1.1438621282577515
1990-02-27,1.1438621282577515
1990-02-28,1.1438621282577515
1990-03-01,1.126529574394226
1990-03-02,1.1438621282577515
1990-03-05,1.1438621282577515
1990-03-06,1.1178646087646484
1990-03-07,1.126529574394226
1990-03-08,1.1351953744888306
1990-03-09,1.1091985702514648
1990-03-12,1.1091985702514648
1990-03-13,1.1091985702514648
1990-03-14,1.126529574394226
1990-03-15,1.1091985702514648
1990-03-16,1.0832022428512573
1990-03-19,1.1091985702514648
1990-03-20,1.1091985702514648
1990-03-21,1.1091985702514648
1990-03-22,1.1005332469940186
1990-03-23,1.1178646087646484
1990-03-26,1.126529574394226
1990-03-27,1.126529574394226
1990-03-28,1.126529574394226
1990-03-29,1.1178646087646484
1990-03-30,1.1091985702514648
1990-04-02,1.1178646087646484
1990-04-03,1.1091985702514648
1990-04-04,1.126529574394226
1990-04-05,1.1178646087646484
1990-04-06,1.130940318107605
1990-04-09,1.1132702827453613
1990-04-10,1.1132702827453613
1990-04-11,1.1044344902038574
1990-04-12,1.1221058368682861
1990-04-16,1.1221058368682861
1990-04-17,1.0955984592437744
1990-04-18,1.1221058368682861
1990-04-19,1.0955984592437744
1990-04-20,1.1221058368682861
1990-04-23,1.1044344902038574
1990-04-24,1.1132702827453613
1990-04-25,1.1132702827453613
1990-04-26,1.1044344902038574
1990-04-27,1.0955984592437744
1990-04-30,1.1044344902038574
1990-05-01,1.1044344902038574
1990-05-02,1.0955984592437744
1990-05-03,1.1132702827453613
1990-05-04,1.0955984592437744
1990-05-07,1.077928066253662
1990-05-08,1.069092869758606
1990-05-09,1.069092869758606
1990-05-10,1.0602571964263916
1990-05-11,1.0514211654663086
1990-05-14,1.0514211654663086
1990-05-15,1.042586326599121
1990-05-16,1.033751130104065
1990-05-17,1.042586326599121
1990-05-18,1.0514211654663086
1990-05-21,1.069092869758606
1990-05-22,1.086763858795166
1990-05-23,1.1221058368682861
1990-05-24,1.1132702827453613
1990-05-25,1.1221058368682861
1990-05-29,1.1132702827453613
1990-05-30,1.1221058368682861
1990-05-31,1.1221058368682861
1990-06-01,1.1132702827453613
1990-06-04,1.1397764682769775
1990-06-05,1.1221058368682861
1990-06-06,1.1221058368682861
1990-06-07,1.1221058368682861
1990-06-08,1.1132702827453613
1990-06-11,1.1221058368682861
1990-06-12,1.1132702827453613
1990-06-13,1.086763858795166
1990-06-14,1.086763858795166
1990-06-15,1.0955984592437744
1990-06-18,1.1044344902038574
1990-06-19,1.1044344902038574
1990-06-20,1.130940318107605
1990-06-21,1.1397764682769775
1990-06-22,1.1397764682769775
1990-06-25,1.1397764682769775
1990-06-26,1.130940318107605
1990-06-27,1.1486109495162964
1990-06-28,1.1397764682769775
1990-06-29,1.1486109495162964
1990-07-02,1.1486109495162964
1990-07-03,1.1486109495162964
1990-07-05,1.1397764682769775
1990-07-06,1.1486109495162964
1990-07-09,1.1529353857040405
1990-07-10,1.143928050994873
1990-07-11,1.125913381576538
1990-07-12,1.116905927658081
1990-07-13,1.116905927658081
1990-07-16,1.125913381576538
1990-07-17,1.116905927658081
1990-07-18,1.125913381576538
1990-07-19,1.1078989505767822
1990-07-20,1.125913381576538
1990-07-23,1.1078989505767822
1990-07-24,1.0898841619491577
1990-07-25,1.0988914966583252
1990-07-26,1.0898841619491577
1990-07-27,1.0718696117401123
1990-07-30,1.0808769464492798
1990-07-31,1.116905927658081
1990-08-01,1.1349210739135742
1990-08-02,1.0898841619491577
1990-08-03,1.0988914966583252
1990-08-06,1.0988914966583252
1990-08-07,1.0808769464492798
1990-08-08,1.0898841619491577
1990-08-09,1.0808769464492798
1990-08-10,1.0718696117401123
1990-08-13,1.0358407497406006
1990-08-14,1.0268340110778809
1990-08-15,1.0178258419036865
1990-08-16,1.0088186264038086
1990-08-17,1.0268340110778809
1990-08-20,1.0268340110778809
1990-08-21,1.0268340110778809
1990-08-22,1.0358407497406006
1990-08-23,1.0178258419036865
1990-08-24,0.9817962646484375
1990-08-27,0.9908039569854736
1990-08-28,0.9998111128807068
1990-08-29,1.0448482036590576
1990-08-30,1.0088186264038086
1990-08-31,1.0088186264038086
1990-09-04,1.0088186264038086
1990-09-05,1.0448482036590576
1990-09-06,1.0358407497406006
1990-09-07,1.0358407497406006
1990-09-10,1.0448482036590576
1990-09-11,1.062862753868103
1990-09-12,1.053855061531067
1990-09-13,1.053855061531067
1990-09-14,1.053855061531067
1990-09-17,1.0448482036590576
1990-09-18,1.0178258419036865
1990-09-19,1.0268340110778809
1990-09-20,1.0088186264038086
1990-09-21,1.0268340110778809
1990-09-24,0.9908039569854736
1990-09-25,0.9998111128807068
1990-09-26,0.9998111128807068
1990-09-27,0.9908039569854736
1990-09-28,0.9727894067764282
1990-10-01,0.9817962646484375
1990-10-02,0.9908039569854736
1990-10-03,0.9817962646484375
1990-10-04,0.9817962646484375
1990-10-05,0.9954379200935364
1990-10-08,1.0323060750961304
1990-10-09,1.0323060750961304
1990-10-10,1.0138719081878662
1990-10-11,0.9954379200935364
1990-10-12,0.986221194267273
1990-10-15,0.9677864909172058
1990-10-16,0.9585700035095215
1990-10-17,0.9401354193687439
1990-10-18,0.9493524432182312
1990-10-19,0.9493524432182312
1990-10-22,0.9493524432182312
1990-10-23,0.9677864909172058
1990-10-24,0.9585700035095215
1990-10-25,0.9585700035095215
1990-10-26,0.9493524432182312
1990-10-29,0.9493524432182312
1990-10-30,0.9677864909172058
1990-10-31,0.9677864909172058
1990-11-01,0.9585700035095215
1990-11-02,0.9493524432182312
1990-11-05,0.9585700035095215
1990-11-06,0.9585700035095215
1990-11-07,0.9493524432182312
1990-11-08,0.9217011332511902
1990-11-09,0.9401354193687439
1990-11-12,0.9770041108131409
1990-11-13,1.0046542882919312
1990-11-14,1.0230885744094849
1990-11-15,1.0230885744094849
1990-11-16,1.0230885744094849
1990-11-19,0.9954379200935364
1990-11-20,1.0138719081878662
1990-11-21,1.0230885744094849
1990-11-23,1.0323060750961304
1990-11-26,1.0507407188415527
1990-11-27,1.0599571466445923
1990-11-28,1.0783910751342773
1990-11-29,1.0876083374023438
1990-11-30,1.0783910751342773
1990-12-03,1.0876083374023438
1990-12-04,1.0876083374023438
1990-12-05,1.0783910751342773
1990-12-06,1.0968248844146729
1990-12-07,1.0876083374023438
1990-12-10,1.0968248844146729
1990-12-11,1.0876083374023438
1990-12-12,1.0876083374023438
1990-12-13,1.0968248844146729
1990-12-14,1.0876083374023438
1990-12-17,1.0876083374023438
1990-12-18,1.0783910751342773
1990-12-19,1.0968248844146729
1990-12-20,1.0691744089126587
1990-12-21,1.0691744089126587
1990-12-24,1.0691744089126587
1990-12-26,1.0783910751342773
1990-12-27,1.0691744089126587
1990-12-28,1.0691744089126587
1990-12-31,1.0968248844146729
1991-01-02,1.0876083374023438
1991-01-03,1.0876083374023438
1991-01-04,1.0876083374023438
1991-01-07,1.071213960647583
1991-01-08,1.071213960647583
1991-01-09,1.0805281400680542
1991-01-10,1.0991581678390503
1991-01-11,1.0991581678390503
1991-01-14,1.0805281400680542
1991-01-15,1.0805281400680542
1991-01-16,1.0898427963256836
1991-01-17,1.0991581678390503
1991-01-18,1.0898427963256836
1991-01-21,1.0991581678390503
1991-01-22,1.0991581678390503
1991-01-23,1.1084729433059692
1991-01-24,1.1084729433059692
1991-01-25,1.1177878379821777
1991-01-28,1.1177878379821777
1991-01-29,1.1271028518676758
1991-01-30,1.1829923391342163
1991-01-31,1.192307472229004
1991-02-01,1.1829923391342163
1991-02-04,1.1550475358963013
1991-02-05,1.164361834526062
1991-02-06,1.1271028518676758
1991-02-07,1.0991581678390503
1991-02-08,1.0991581678390503
1991-02-11,1.192307472229004
1991-02-12,1.1736772060394287
1991-02-13,1.1736772060394287
1991-02-14,1.1829923391342163
1991-02-15,1.192307472229004
1991-02-19,1.136418342590332
1991-02-20,1.1457335948944092
1991-02-21,1.1550475358963013
1991-02-22,1.1550475358963013
1991-02-25,1.164361834526062
1991-02-26,1.136418342590332
1991-02-27,1.1457335948944092
1991-02-28,1.1550475358963013
1991-03-01,1.1084729433059692
1991-03-04,1.136418342590332
1991-03-05,1.1271028518676758
1991-03-06,1.136418342590332
1991-03-07,1.136418342590332
1991-03-08,1.1457335948944092
1991-03-11,1.1550475358963013
1991-03-12,1.1457335948944092
1991-03-13,1.164361834526062
1991-03-14,1.1550475358963013
1991-03-15,1.1457335948944092
1991-03-18,1.1550475358963013
1991-03-19,1.164361834526062
1991-03-20,1.1829923391342163
1991-03-21,1.2202510833740234
1991-03-22,1.2388819456100464
1991-03-25,1.2388819456100464
1991-03-26,1.2481968402862549
1991-03-27,1.2761420011520386
1991-03-28,1.2761420011520386
1991-04-01,1.26682710647583
1991-04-02,1.2761420011520386
1991-04-03,1.2761420011520386
1991-04-04,1.285455584526062
1991-04-05,1.294771432876587
1991-04-08,1.2500332593917847
1991-04-09,1.2500332593917847
1991-04-10,1.2500332593917847
1991-04-11,1.2500332593917847
1991-04-12,1.2594319581985474
1991-04-15,1.2970263957977295
1991-04-16,1.3346220254898071
1991-04-17,1.3346220254898071
1991-04-18,1.3252229690551758
1991-04-19,1.3252229690551758
1991-04-22,1.3158248662948608
1991-04-23,1.30642569065094
1991-04-24,1.3158248662948608
1991-04-25,1.3346220254898071
1991-04-26,1.344020128250122
1991-04-29,1.3252229690551758
1991-04-30,1.344020128250122
1991-05-01,1.344020128250122
1991-05-02,1.3346220254898071
1991-05-03,1.3534200191497803
1991-05-06,1.3346220254898071
1991-05-07,1.3628188371658325
1991-05-08,1.3534200191497803
1991-05-09,1.3534200191497803
1991-05-10,1.3534200191497803
1991-05-13,1.344020128250122
1991-05-14,1.3534200191497803
1991-05-15,1.344020128250122
1991-05-16,1.344020128250122
1991-05-17,1.344020128250122
1991-05-20,1.344020128250122
1991-05-21,1.3346220254898071
1991-05-22,1.3534200191497803
1991-05-23,1.344020128250122
1991-05-24,1.3346220254898071
1991-05-28,1.3252229690551758
1991-05-29,1.3252229690551758
1991-05-30,1.344020128250122
1991-05-31,1.344020128250122
1991-06-03,1.344020128250122
1991-06-04,1.344020128250122
1991-06-05,1.344020128250122
1991-06-06,1.344020128250122
1991-06-07,1.3534200191497803
1991-06-10,1.344020128250122
1991-06-11,1.3534200191497803
1991-06-12,1.344020128250122
1991-06-13,1.344020128250122
1991-06-14,1.344020128250122
1991-06-17,1.344020128250122
1991-06-18,1.3346220254898071
1991-06-19,1.3534200191497803
1991-06-20,1.344020128250122
1991-06-21,1.3534200191497803
1991-06-24,1.3346220254898071
1991-06-25,1.3346220254898071
1991-06-26,1.3346220254898071
1991-06-27,1.3346220254898071
1991-06-28,1.3534200191497803
1991-07-01,1.3346220254898071
1991-07-02,1.3346220254898071
1991-07-03,1.3252229690551758
1991-07-05,1.3252229690551758
1991-07-08,1.344020128250122
1991-07-09,1.3346220254898071
1991-07-10,1.3252229690551758
1991-07-11,1.344020128250122
1991-07-12,1.3346220254898071
1991-07-15,1.336897611618042
1991-07-16,1.336897611618042
1991-07-17,1.336897611618042
1991-07-18,1.336897611618042
1991-07-19,1.346379041671753
1991-07-22,1.336897611618042
1991-07-23,1.346379041671753
1991-07-24,1.336897611618042
1991-07-25,1.336897611618042
1991-07-26,1.336897611618042
1991-07-29,1.327416181564331
1991-07-30,1.327416181564331
1991-07-31,1.3558608293533325
1991-08-01,1.346379041671753
1991-08-02,1.346379041671753
1991-08-05,1.336897611618042
1991-08-06,1.346379041671753
1991-08-07,1.336897611618042
1991-08-08,1.327416181564331
1991-08-09,1.346379041671753
1991-08-12,1.336897611618042
1991-08-13,1.3179337978363037
1991-08-14,1.336897611618042
1991-08-15,1.346379041671753
1991-08-16,1.346379041671753
1991-08-19,1.3179337978363037
1991-08-20,1.336897611618042
1991-08-21,1.336897611618042
1991-08-22,1.336897611618042
1991-08-23,1.346379041671753
1991-08-26,1.336897611618042
1991-08-27,1.346379041671753
1991-08-28,1.346379041671753
1991-08-29,1.346379041671753
1991-08-30,1.346379041671753
1991-09-03,1.336897611618042
1991-09-04,1.327416181564331
1991-09-05,1.336897611618042
1991-09-06,1.336897611618042
1991-09-09,1.336897611618042
1991-09-10,1.336897611618042
1991-09-11,1.346379041671753
1991-09-12,1.346379041671753
1991-09-13,1.384305477142334
1991-09-16,1.384305477142334
1991-09-17,1.384305477142334
1991-09-18,1.3937870264053345
1991-09-19,1.3937870264053345
1991-09-20,1.3937870264053345
1991-09-23,1.4032686948776245
1991-09-24,1.4127497673034668
1991-09-25,1.4032686948776245
1991-09-26,1.3937870264053345
1991-09-27,1.4127497673034668
1991-09-30,1.450675129890442
1991-10-01,1.441195011138916
1991-10-02,1.441195011138916
1991-10-03,1.4317131042480469
1991-10-04,1.4317131042480469
1991-10-07,1.434390664100647
1991-10-08,1.434390664100647
1991-10-09,1.4248276948928833
1991-10-10,1.434390664100647
1991-10-11,1.434390664100647
1991-10-14,1.4248276948928833
1991-10-15,1.434390664100647
1991-10-16,1.4535161256790161
1991-10-17,1.4535161256790161
1991-10-18,1.4726407527923584
1991-10-21,1.482203483581543
1991-10-22,1.4726407527923584
1991-10-23,1.4726407527923584
1991-10-24,1.463077425956726
1991-10-25,1.4535161256790161
1991-10-28,1.4439531564712524
1991-10-29,1.463077425956726
1991-10-30,1.4535161256790161
1991-10-31,1.434390664100647
1991-11-01,1.4535161256790161
1991-11-04,1.4439531564712524
1991-11-05,1.4439531564712524
1991-11-06,1.434390664100647
1991-11-07,1.4439531564712524
1991-11-08,1.4248276948928833
1991-11-11,1.434390664100647
1991-11-12,1.434390664100647
1991-11-13,1.434390664100647
1991-11-14,1.4248276948928833
1991-11-15,1.4248276948928833
1991-11-18,1.4152660369873047
1991-11-19,1.4248276948928833
1991-11-20,1.4248276948928833
1991-11-21,1.405702829360962
1991-11-22,1.4152660369873047
1991-11-25,1.405702829360962
1991-11-26,1.3961405754089355
1991-11-27,1.3961405754089355
1991-11-29,1.405702829360962
1991-12-02,1.405702829360962
1991-12-03,1.3961405754089355
1991-12-04,1.3770145177841187
1991-12-05,1.3674523830413818
1991-12-06,1.3674523830413818
1991-12-09,1.3865777254104614
1991-12-10,1.405702829360962
1991-12-11,1.405702829360962
1991-12-12,1.4152660369873047
1991-12-13,1.482203483581543
1991-12-16,1.5108916759490967
1991-12-17,1.501329779624939
1991-12-18,1.4917664527893066
1991-12-19,1.501329779624939
1991-12-20,1.5108916759490967
1991-12-23,1.5204532146453857
1991-12-24,1.5300164222717285
1991-12-26,1.5587040185928345
1991-12-27,1.549141526222229
1991-12-30,1.5587040185928345
1991-12-31,1.5778294801712036
1992-01-02,1.5682672262191772
1992-01-03,1.5778294801712036
1992-01-06,1.5929824113845825
1992-01-07,1.5929824113845825
1992-01-08,1.6026948690414429
1992-01-09,1.6026948690414429
1992-01-10,1.6124094724655151
1992-01-13,1.6026948690414429
1992-01-14,1.6221221685409546
1992-01-15,1.6124094724655151
1992-01-16,1.6026948690414429
1992-01-17,1.6221221685409546
1992-01-20,1.6124094724655151
1992-01-21,1.6124094724655151
1992-01-22,1.5929824113845825
1992-01-23,1.6026948690414429
1992-01-24,1.6026948690414429
1992-01-27,1.6124094724655151
1992-01-28,1.6318352222442627
1992-01-29,1.6221221685409546
1992-01-30,1.6221221685409546
1992-01-31,1.6318352222442627
1992-02-03,1.651261568069458
1992-02-04,1.7192538976669312
1992-02-05,1.7483956813812256
1992-02-06,1.7483956813812256
1992-02-07,1.7483956813812256
1992-02-10,1.7581084966659546
1992-02-11,1.7775352001190186
1992-02-12,1.7386828660964966
1992-02-13,1.7095420360565186
1992-02-14,1.7192538976669312
1992-02-18,1.670688271522522
1992-02-19,1.690114140510559
1992-02-20,1.7192538976669312
1992-02-21,1.6998286247253418
1992-02-24,1.690114140510559
1992-02-25,1.690114140510559
1992-02-26,1.6998286247253418
1992-02-27,1.670688271522522
1992-02-28,1.6026948690414429
1992-03-02,1.5929824113845825
1992-03-03,1.6318352222442627
1992-03-04,1.6124094724655151
1992-03-05,1.6026948690414429
1992-03-06,1.6221221685409546
1992-03-09,1.6318352222442627
1992-03-10,1.6318352222442627
1992-03-11,1.6026948690414429
1992-03-12,1.6124094724655151
1992-03-13,1.6221221685409546
1992-03-16,1.6026948690414429
1992-03-17,1.5929824113845825
1992-03-18,1.5929824113845825
1992-03-19,1.5929824113845825
1992-03-20,1.5735552310943604
1992-03-23,1.5929824113845825
1992-03-24,1.583268404006958
1992-03-25,1.583268404006958
1992-03-26,1.5929824113845825
1992-03-27,1.5929824113845825
1992-03-30,1.583268404006958
1992-03-31,1.5735552310943604
1992-04-01,1.5929824113845825
1992-04-02,1.5929824113845825
1992-04-03,1.583268404006958
1992-04-06,1.5638422966003418
1992-04-07,1.5541292428970337
1992-04-08,1.5735552310943604
1992-04-09,1.5541292428970337
1992-04-10,1.590078592300415
1992-04-13,1.580202579498291
1992-04-14,1.5604500770568848
1992-04-15,1.5604500770568848
1992-04-16,1.5604500770568848
1992-04-20,1.5703258514404297
1992-04-21,1.580202579498291
1992-04-22,1.590078592300415
1992-04-23,1.580202579498291
1992-04-24,1.590078592300415
1992-04-27,1.5999547243118286
1992-04-28,1.609830617904663
1992-04-29,1.5999547243118286
1992-04-30,1.609830617904663
1992-05-01,1.5999547243118286
1992-05-04,1.5999547243118286
1992-05-05,1.5999547243118286
1992-05-06,1.5999547243118286
1992-05-07,1.609830617904663
1992-05-08,1.619707465171814
1992-05-11,1.619707465171814
1992-05-12,1.678964376449585
1992-05-13,1.678964376449585
1992-05-14,1.688841462135315
1992-05-15,1.688841462135315
1992-05-18,1.688841462135315
1992-05-19,1.678964376449585
1992-05-20,1.6592122316360474
1992-05-21,1.6493359804153442
1992-05-22,1.6690893173217773
1992-05-26,1.688841462135315
1992-05-27,1.6592122316360474
1992-05-28,1.6493359804153442
1992-05-29,1.6295831203460693
1992-06-01,1.6690893173217773
1992-06-02,1.678964376449585
1992-06-03,1.688841462135315
1992-06-04,1.678964376449585
1992-06-05,1.678964376449585
1992-06-08,1.688841462135315
1992-06-09,1.688841462135315
1992-06-10,1.688841462135315
1992-06-11,1.678964376449585
1992-06-12,1.688841462135315
1992-06-15,1.6690893173217773
1992-06-16,1.678964376449585
1992-06-17,1.6592122316360474
1992-06-18,1.6592122316360474
1992-06-19,1.6690893173217773
1992-06-22,1.6987169981002808
1992-06-23,1.678964376449585
1992-06-24,1.6493359804153442
1992-06-25,1.6592122316360474
1992-06-26,1.6592122316360474
1992-06-29,1.6493359804153442
1992-06-30,1.6690893173217773
1992-07-01,1.688841462135315
1992-07-02,1.6987169981002808
1992-07-06,1.6987169981002808
1992-07-07,1.7085943222045898
1992-07-08,1.6987169981002808
1992-07-09,1.688841462135315
1992-07-10,1.6987169981002808
1992-07-13,1.7251969575881958
1992-07-14,1.695106863975525
1992-07-15,1.7151669263839722
1992-07-16,1.7151669263839722
1992-07-17,1.7251969575881958
1992-07-20,1.7251969575881958
1992-07-21,1.7352277040481567
1992-07-22,1.7151669263839722
1992-07-23,1.7151669263839722
1992-07-24,1.695106863975525
1992-07-27,1.7051361799240112
1992-07-28,1.7151669263839722
1992-07-29,1.7051361799240112
1992-07-30,1.695106863975525
1992-07-31,1.7051361799240112
1992-08-03,1.7051361799240112
1992-08-04,1.7452576160430908
1992-08-05,1.7452576160430908
1992-08-06,1.7552878856658936
1992-08-07,1.7552878856658936
1992-08-10,1.7452576160430908
1992-08-11,1.7552878856658936
1992-08-12,1.7753478288650513
1992-08-13,1.7853790521621704
1992-08-14,1.7753478288650513
1992-08-17,1.7853790521621704
1992-08-18,1.8054389953613281
1992-08-19,1.825499415397644
1992-08-20,1.8054389953613281
1992-08-21,1.8054389953613281
1992-08-24,1.8054389953613281
1992-08-25,1.815468430519104
1992-08-26,1.8054389953613281
1992-08-27,1.8455599546432495
1992-08-28,1.8756506443023682
1992-08-31,1.8856796026229858
1992-09-01,1.8455599546432495
1992-09-02,1.8355296850204468
1992-09-03,1.825499415397644
1992-09-04,1.815468430519104
1992-09-08,1.8054389953613281
1992-09-09,1.8054389953613281
1992-09-10,1.795409083366394
1992-09-11,1.825499415397644
1992-09-14,1.8054389953613281
1992-09-15,1.7753478288650513
1992-09-16,1.7452576160430908
1992-09-17,1.7251969575881958
1992-09-18,1.7352277040481567
1992-09-21,1.7452576160430908
1992-09-22,1.7753478288650513
1992-09-23,1.815468430519104
1992-09-24,1.8355296850204468
1992-09-25,1.8756506443023682
1992-09-28,1.8756506443023682
1992-09-29,1.915771722793579
1992-09-30,1.915771722793579
1992-10-01,1.8957113027572632
1992-10-02,1.8856796026229858
1992-10-05,1.8555904626846313
1992-10-06,1.8555904626846313
1992-10-07,1.8656208515167236
1992-10-08,1.8455599546432495
1992-10-09,1.7910149097442627
1992-10-12,1.8215445280075073
1992-10-13,1.8317201137542725
1992-10-14,1.8215445280075073
1992-10-15,1.8317201137542725
1992-10-16,1.8113682270050049
1992-10-19,1.8215445280075073
1992-10-20,1.8215445280075073
1992-10-21,1.8215445280075073
1992-10-22,1.8215445280075073
1992-10-23,1.8215445280075073
1992-10-26,1.8113682270050049
1992-10-27,1.8215445280075073
1992-10-28,1.8113682270050049
1992-10-29,1.8215445280075073
1992-10-30,1.8622488975524902
1992-11-02,1.8520729541778564
1992-11-03,1.8622488975524902
1992-11-04,1.8622488975524902
1992-11-05,1.8724254369735718
1992-11-06,1.8724254369735718
1992-11-09,1.8724254369735718
1992-11-10,1.8724254369735718
1992-11-11,1.8724254369735718
1992-11-12,1.8520729541778564
1992-11-13,1.8520729541778564
1992-11-16,1.8622488975524902
1992-11-17,1.8418956995010376
1992-11-18,1.8622488975524902
1992-11-19,1.8520729541778564
1992-11-20,1.8520729541778564
1992-11-23,1.8520729541778564
1992-11-24,1.8622488975524902
1992-11-25,1.8520729541778564
1992-11-27,1.8520729541778564
1992-11-30,1.8622488975524902
1992-12-01,1.8622488975524902
1992-12-02,1.8724254369735718
1992-12-03,1.8622488975524902
1992-12-04,1.8724254369735718
1992-12-07,1.8622488975524902
1992-12-08,1.8724254369735718
1992-12-09,1.8724254369735718
1992-12-10,1.8724254369735718
1992-12-11,1.9029537439346313
1992-12-14,1.9233064651489258
1992-12-15,1.8826016187667847
1992-12-16,1.8927781581878662
1992-12-17,1.9233064651489258
1992-12-18,1.9538345336914062
1992-12-21,1.98436439037323
1992-12-22,1.9945405721664429
1992-12-23,1.9945405721664429
1992-12-24,2.014893054962158
1992-12-28,1.9945405721664429
1992-12-29,1.98436439037323
1992-12-30,2.0555968284606934
1992-12-31,2.0555968284606934
1993-01-04,2.106478691101074
1993-01-05,2.0963022708892822
1993-01-06,2.0963022708892822
1993-01-07,2.1573598384857178
1993-01-08,2.0555968284606934
1993-01-11,2.0793604850769043
1993-01-12,2.099846601486206
1993-01-13,2.1100902557373047
1993-01-14,2.1305782794952393
1993-01-15,2.1305782794952393
1993-01-18,2.1100902557373047
1993-01-19,2.1305782794952393
1993-01-20,2.1305782794952393
1993-01-21,2.1510632038116455
1993-01-22,2.192035436630249
1993-01-25,2.1510632038116455
1993-01-26,2.1100902557373047
1993-01-27,2.0486319065093994
1993-01-28,2.007659673690796
1993-01-29,2.140820264816284
1993-02-01,2.1305782794952393
1993-02-02,2.0793604850769043
1993-02-03,2.0793604850769043
1993-02-04,1.9564439058303833
1993-02-05,1.9769290685653687
1993-02-08,2.099846601486206
1993-02-09,2.140820264816284
1993-02-10,2.1305782794952393
1993-02-11,2.1100902557373047
1993-02-12,2.1305782794952393
1993-02-16,2.099846601486206
1993-02-17,2.1100902557373047
1993-02-18,2.1305782794952393
1993-02-19,2.140820264816284
1993-02-22,2.1305782794952393
1993-02-23,2.1613073348999023
1993-02-24,2.1817924976348877
1993-02-25,2.171550750732422
1993-02-26,2.1613073348999023
1993-03-01,2.1510632038116455
1993-03-02,2.1613073348999023
1993-03-03,2.171550750732422
1993-03-04,2.1613073348999023
1993-03-05,2.171550750732422
1993-03-08,2.192035436630249
1993-03-09,2.192035436630249
1993-03-10,2.2125229835510254
1993-03-11,2.2227659225463867
1993-03-12,2.253495216369629
1993-03-15,2.284224271774292
1993-03-16,2.284224271774292
1993-03-17,2.3149538040161133
1993-03-18,2.345684289932251
1993-03-19,2.3866562843322754
1993-03-22,2.376412868499756
1993-03-23,2.3354403972625732
1993-03-24,2.4071428775787354
1993-03-25,2.32519793510437
1993-03-26,2.376412868499756
1993-03-29,2.32519793510437
1993-03-30,2.3661699295043945
1993-03-31,2.3661699295043945
1993-04-01,2.3559277057647705
1993-04-02,2.3149538040161133
1993-04-05,2.284224271774292
1993-04-06,2.273982048034668
1993-04-07,2.284224271774292
1993-04-08,2.273982048034668
1993-04-12,2.278104543685913
1993-04-13,2.2884135246276855
1993-04-14,2.2987215518951416
1993-04-15,2.350261688232422
1993-04-16,2.350261688232422
1993-04-19,2.350261688232422
1993-04-20,2.350261688232422
1993-04-21,2.339954137802124
1993-04-22,2.2987215518951416
1993-04-23,2.2987215518951416
1993-04-26,2.2987215518951416
1993-04-27,2.2162561416625977
1993-04-28,2.205946445465088
1993-04-29,2.1853322982788086
1993-04-30,2.1956379413604736
1993-05-03,2.205946445465088
1993-05-04,2.267796277999878
1993-05-05,2.267796277999878
1993-05-06,2.3296449184417725
1993-05-07,2.3296449184417725
1993-05-10,2.267796277999878
1993-05-11,2.267796277999878
1993-05-12,2.267796277999878
1993-05-13,2.267796277999878
1993-05-14,2.267796277999878
1993-05-17,2.267796277999878
1993-05-18,2.2471792697906494
1993-05-19,2.226564884185791
1993-05-20,2.2471792697906494
1993-05-21,2.2471792697906494
1993-05-24,2.226564884185791
1993-05-25,2.1853322982788086
1993-05-26,2.205946445465088
1993-05-27,2.205946445465088
1993-05-28,2.1853322982788086
1993-06-01,2.16471529006958
1993-06-02,2.205946445465088
1993-06-03,2.1440987586975098
1993-06-04,2.10286545753479
1993-06-07,2.123481512069702
1993-06-08,2.0616323947906494
1993-06-09,2.0616323947906494
1993-06-10,2.1440987586975098
1993-06-11,2.267796277999878
1993-06-14,2.2471792697906494
1993-06-15,2.3090286254882812
1993-06-16,2.350261688232422
1993-06-17,2.3708784580230713
1993-06-18,2.3090286254882812
1993-06-21,2.2884135246276855
1993-06-22,2.1853322982788086
1993-06-23,2.10286545753479
1993-06-24,2.205946445465088
1993-06-25,2.16471529006958
1993-06-28,2.1440987586975098
1993-06-29,2.226564884185791
1993-06-30,2.226564884185791
1993-07-01,2.267796277999878
1993-07-02,2.3090286254882812
1993-07-06,2.2884135246276855
1993-07-07,2.267796277999878
1993-07-08,2.226564884185791
1993-07-09,2.2471792697906494
1993-07-12,2.2471792697906494
1993-07-13,2.2884135246276855
1993-07-14,2.3090286254882812
1993-07-15,2.3090286254882812
1993-07-16,2.3296449184417725
1993-07-19,2.3379945755004883
1993-07-20,2.3171210289001465
1993-07-21,2.275369882583618
1993-07-22,2.275369882583618
1993-07-23,2.3379945755004883
1993-07-26,2.3379945755004883
1993-07-27,2.3379945755004883
1993-07-28,2.3171210289001465
1993-07-29,2.358869791030884
1993-07-30,2.3379945755004883
1993-08-02,2.358869791030884
1993-08-03,2.400620937347412
1993-08-04,2.4214954376220703
1993-08-05,2.4423701763153076
1993-08-06,2.400620937347412
1993-08-09,2.3797447681427
1993-08-10,2.3379945755004883
1993-08-11,2.3379945755004883
1993-08-12,2.3379945755004883
1993-08-13,2.3797447681427
1993-08-16,2.4214954376220703
1993-08-17,2.3797447681427
1993-08-18,2.4214954376220703
1993-08-19,2.4214954376220703
1993-08-20,2.463245391845703
1993-08-23,2.4841196537017822
1993-08-24,2.4841196537017822
1993-08-25,2.504995107650757
1993-08-26,2.4841196537017822
1993-08-27,2.4214954376220703
1993-08-30,2.4214954376220703
1993-08-31,2.4423701763153076
1993-09-01,2.4423701763153076
1993-09-02,2.4423701763153076
1993-09-03,2.4841196537017822
1993-09-07,2.4841196537017822
1993-09-08,2.4841196537017822
1993-09-09,2.4841196537017822
1993-09-10,2.546743631362915
1993-09-13,2.546743631362915
1993-09-14,2.567620277404785
1993-09-15,2.5884952545166016
1993-09-16,2.5884952545166016
1993-09-17,2.609370470046997
1993-09-20,2.651120901107788
1993-09-21,2.5884952545166016
1993-09-22,2.7137441635131836
1993-09-23,2.567620277404785
1993-09-24,2.630244255065918
1993-09-27,2.630244255065918
1993-09-28,2.7137441635131836
1993-09-29,2.7137441635131836
1993-09-30,2.734619140625
1993-10-01,2.734619140625
1993-10-04,2.77636981010437
1993-10-05,2.77636981010437
1993-10-06,2.755496025085449
1993-10-07,2.734619140625
1993-10-08,2.806361198425293
1993-10-11,2.8274612426757812
1993-10-12,2.806361198425293
1993-10-13,2.8274612426757812
1993-10-14,2.8274612426757812
1993-10-15,2.8274612426757812
1993-10-18,2.848562002182007
1993-10-19,2.8274612426757812
1993-10-20,2.8274612426757812
1993-10-21,2.785262107849121
1993-10-22,2.785262107849121
1993-10-25,2.6797590255737305
1993-10-26,2.7008581161499023
1993-10-27,2.5953569412231445
1993-10-28,2.553156852722168
1993-10-29,2.7008581161499023
1993-11-01,2.6586577892303467
1993-11-02,2.6797590255737305
1993-11-03,2.6586577892303467
1993-11-04,2.5953569412231445
1993-11-05,2.5953569412231445
1993-11-08,2.5109543800354004
1993-11-09,2.5953569412231445
1993-11-10,2.6797590255737305
1993-11-11,2.5320546627044678
1993-11-12,2.5109543800354004
1993-11-15,2.489854097366333
1993-11-16,2.4687530994415283
1993-11-17,2.363250255584717
1993-11-18,2.363250255584717
1993-11-19,2.3210501670837402
1993-11-22,2.363250255584717
1993-11-23,2.363250255584717
1993-11-24,2.3421518802642822
1993-11-26,2.3421518802642822
1993-11-29,2.3210501670837402
1993-11-30,2.3210501670837402
1993-12-01,2.2788498401641846
1993-12-02,2.2788498401641846
1993-12-03,2.299950361251831
1993-12-06,2.363250255584717
1993-12-07,2.3421518802642822
1993-12-08,2.3421518802642822
1993-12-09,2.3210501670837402
1993-12-10,2.299950361251831
1993-12-13,2.3210501670837402
1993-12-14,2.299950361251831
1993-12-15,2.2788498401641846
1993-12-16,2.299950361251831
1993-12-17,2.2788498401641846
1993-12-20,2.2788498401641846
1993-12-21,2.215548515319824
1993-12-22,2.1733474731445312
1993-12-23,2.1944477558135986
1993-12-27,2.2366487979888916
1993-12-28,2.215548515319824
1993-12-29,2.215548515319824
1993-12-30,2.2788498401641846
1993-12-31,2.405452013015747
1994-01-03,2.25774884223938
1994-01-04,2.25774884223938
1994-01-05,2.299950361251831
1994-01-06,2.215548515319824
1994-01-07,2.25774884223938
1994-01-10,2.223541736602783
1994-01-11,2.244922399520874
1994-01-12,2.3090624809265137
1994-01-13,2.2876813411712646
1994-01-14,2.3090624809265137
1994-01-17,2.3304409980773926
1994-01-18,2.3518221378326416
1994-01-19,2.3304409980773926
1994-01-20,2.3304409980773926
1994-01-21,2.373203992843628
1994-01-24,2.3518221378326416
1994-01-25,2.3518221378326416
1994-01-26,2.373203992843628
1994-01-27,2.3945820331573486
1994-01-28,2.4373416900634766
1994-01-31,2.458723306655884
1994-02-01,2.4159622192382812
1994-02-02,2.373203992843628
1994-02-03,2.3945820331573486
1994-02-04,2.373203992843628
1994-02-07,2.3304409980773926
1994-02-08,2.3945820331573486
1994-02-09,2.3304409980773926
1994-02-10,2.3090624809265137
1994-02-11,2.2876813411712646
1994-02-14,2.2663025856018066
1994-02-15,2.2663025856018066
1994-02-16,2.2876813411712646
1994-02-17,2.3518221378326416
1994-02-18,2.3518221378326416
1994-02-22,2.373203992843628
1994-02-23,2.3945820331573486
1994-02-24,2.4159622192382812
1994-02-25,2.4159622192382812
1994-02-28,2.3945820331573486
1994-03-01,2.3945820331573486
1994-03-02,2.3945820331573486
1994-03-03,2.3945820331573486
1994-03-04,2.3518221378326416
1994-03-07,2.3945820331573486
1994-03-08,2.3945820331573486
1994-03-09,2.3945820331573486
1994-03-10,2.4373416900634766
1994-03-11,2.3945820331573486
1994-03-14,2.3304409980773926
1994-03-15,2.3945820331573486
1994-03-16,2.4801037311553955
1994-03-17,2.587005615234375
1994-03-18,2.6511447429656982
1994-03-21,2.62976336479187
1994-03-22,2.62976336479187
1994-03-23,2.608384132385254
1994-03-24,2.608384132385254
1994-03-25,2.608384132385254
1994-03-28,2.565624475479126
1994-03-29,2.565624475479126
1994-03-30,2.5014843940734863
1994-03-31,2.3945820331573486
1994-04-04,2.373203992843628
1994-04-05,2.544243812561035
1994-04-06,2.5014843940734863
1994-04-07,2.5228636264801025
1994-04-08,2.5014843940734863
1994-04-11,2.491948366165161
1994-04-12,2.513617515563965
1994-04-13,2.383603811264038
1994-04-14,2.361934185028076
1994-04-15,2.361934185028076
1994-04-18,2.361934185028076
1994-04-19,2.3402647972106934
1994-04-20,2.470280885696411
1994-04-21,2.470280885696411
1994-04-22,2.44861102104187
1994-04-25,2.513617515563965
1994-04-26,2.6002941131591797
1994-04-28,2.513617515563965
1994-04-29,2.5569570064544678
1994-05-02,2.578624963760376
1994-05-03,2.5569570064544678
1994-05-04,2.5569570064544678
1994-05-05,2.5569570064544678
1994-05-06,2.513617515563965
1994-05-09,2.513617515563965
1994-05-10,2.535287380218506
1994-05-11,2.491948366165161
1994-05-12,2.470280885696411
1994-05-13,2.44861102104187
1994-05-16,2.470280885696411
1994-05-17,2.470280885696411
1994-05-18,2.578624963760376
1994-05-19,2.6002941131591797
1994-05-20,2.5569570064544678
1994-05-23,2.491948366165161
1994-05-24,2.6002941131591797
1994-05-25,2.5569570064544678
1994-05-26,2.535287380218506
1994-05-27,2.513617515563965
1994-05-31,2.535287380218506
1994-06-01,2.5569570064544678
1994-06-02,2.5569570064544678
1994-06-03,2.5569570064544678
1994-06-06,2.5569570064544678
1994-06-07,2.5569570064544678
1994-06-08,2.535287380218506
1994-06-09,2.513617515563965
1994-06-10,2.535287380218506
1994-06-13,2.491948366165161
1994-06-14,2.470280885696411
1994-06-15,2.470280885696411
1994-06-16,2.470280885696411
1994-06-17,2.44861102104187
1994-06-20,2.44861102104187
1994-06-21,2.44861102104187
1994-06-22,2.4269421100616455
1994-06-23,2.4269421100616455
1994-06-24,2.44861102104187
1994-06-27,2.4269421100616455
1994-06-28,2.4052720069885254
1994-06-29,2.4269421100616455
1994-06-30,2.4269421100616455
1994-07-01,2.44861102104187
1994-07-05,2.44861102104187
1994-07-06,2.4052720069885254
1994-07-07,2.4269421100616455
1994-07-08,2.44861102104187
1994-07-11,2.3949978351593018
1994-07-12,2.4389424324035645
1994-07-13,2.3949978351593018
1994-07-14,2.4389424324035645
1994-07-15,2.3949978351593018
1994-07-18,2.4609158039093018
1994-07-19,2.4389424324035645
1994-07-20,2.4389424324035645
1994-07-21,2.3730251789093018
1994-07-22,2.4169704914093018
1994-07-25,2.3730251789093018
1994-07-26,2.3730251789093018
1994-07-27,2.3949978351593018
1994-07-28,2.4169704914093018
1994-07-29,2.4389424324035645
1994-08-01,2.3949978351593018
1994-08-02,2.3290815353393555
1994-08-03,2.3510539531707764
1994-08-04,2.3290815353393555
1994-08-05,2.3730251789093018
1994-08-08,2.3290815353393555
1994-08-09,2.3290815353393555
1994-08-10,2.3730251789093018
1994-08-11,2.3949978351593018
1994-08-12,2.3730251789093018
1994-08-15,2.4169704914093018
1994-08-16,2.3949978351593018
1994-08-17,2.3510539531707764
1994-08-18,2.3730251789093018
1994-08-19,2.3949978351593018
1994-08-22,2.3949978351593018
1994-08-23,2.3730251789093018
1994-08-24,2.3290815353393555
1994-08-25,2.3510539531707764
1994-08-26,2.4169704914093018
1994-08-29,2.4169704914093018
1994-08-30,2.3510539531707764
1994-08-31,2.3290815353393555
1994-09-01,2.3290815353393555
1994-09-02,2.3510539531707764
1994-09-06,2.3730251789093018
1994-09-07,2.3510539531707764
1994-09-08,2.3730251789093018
1994-09-09,2.3510539531707764
1994-09-12,2.3730251789093018
1994-09-13,2.3730251789093018
1994-09-14,2.3510539531707764
1994-09-15,2.3730251789093018
1994-09-16,2.3730251789093018
1994-09-19,2.3510539531707764
1994-09-20,2.3730251789093018
1994-09-21,2.3730251789093018
1994-09-22,2.3730251789093018
1994-09-23,2.3510539531707764
1994-09-26,2.3290815353393555
1994-09-27,2.3071091175079346
1994-09-28,2.3510539531707764
1994-09-29,2.3510539531707764
1994-09-30,2.4169704914093018
1994-10-03,2.3949978351593018
1994-10-04,2.3290815353393555
1994-10-05,2.285135507583618
1994-10-06,2.285135507583618
1994-10-07,2.275320291519165
1994-10-10,2.2530133724212646
1994-10-11,2.275320291519165
1994-10-12,2.2083990573883057
1994-10-13,2.2530133724212646
1994-10-14,2.2530133724212646
1994-10-17,2.275320291519165
1994-10-18,2.275320291519165
1994-10-19,2.275320291519165
1994-10-20,2.319934606552124
1994-10-21,2.297628402709961
1994-10-24,2.297628402709961
1994-10-25,2.297628402709961
1994-10-26,2.297628402709961
1994-10-27,2.297628402709961
1994-10-28,2.275320291519165
1994-10-31,2.2530133724212646
1994-11-01,2.275320291519165
1994-11-02,2.275320291519165
1994-11-03,2.2307064533233643
1994-11-04,2.2530133724212646
1994-11-07,2.2530133724212646
1994-11-08,2.2530133724212646
1994-11-09,2.2530133724212646
1994-11-10,2.275320291519165
1994-11-11,2.275320291519165
1994-11-14,2.319934606552124
1994-11-15,2.364549398422241
1994-11-16,2.297628402709961
1994-11-17,2.297628402709961
1994-11-18,2.319934606552124
1994-11-21,2.297628402709961
1994-11-22,2.319934606552124
1994-11-23,2.297628402709961
1994-11-25,2.319934606552124
1994-11-28,2.319934606552124
1994-11-29,2.297628402709961
1994-11-30,2.342242956161499
1994-12-01,2.319934606552124
1994-12-02,2.319934606552124
1994-12-05,2.297628402709961
1994-12-06,2.297628402709961
1994-12-07,2.275320291519165
1994-12-08,2.275320291519165
1994-12-09,2.297628402709961
1994-12-12,2.297628402709961
1994-12-13,2.342242956161499
1994-12-14,2.4091625213623047
1994-12-15,2.5206995010375977
1994-12-16,2.498392343521118
1994-12-19,2.4537770748138428
1994-12-20,2.4537770748138428
1994-12-21,2.476083993911743
1994-12-22,2.5430052280426025
1994-12-23,2.498392343521118
1994-12-27,2.5206995010375977
1994-12-28,2.5430052280426025
1994-12-29,2.5206995010375977
1994-12-30,2.5653131008148193
1995-01-03,2.5430052280426025
1995-01-04,2.6099259853363037
1995-01-05,2.6099259853363037
1995-01-06,2.5430052280426025
1995-01-09,2.5104382038116455
1995-01-10,2.4652035236358643
1995-01-11,2.5104382038116455
1995-01-12,2.5104382038116455
1995-01-13,2.4878203868865967
1995-01-16,2.5330543518066406
1995-01-17,2.5104382038116455
1995-01-18,2.5330543518066406
1995-01-19,2.5104382038116455
1995-01-20,2.4878203868865967
1995-01-23,2.419971227645874
1995-01-24,2.3747386932373047
1995-01-25,2.397355079650879
1995-01-26,2.397355079650879
1995-01-27,2.419971227645874
1995-01-30,2.419971227645874
1995-01-31,2.4425885677337646
1995-02-01,2.419971227645874
1995-02-02,2.419971227645874
1995-02-03,2.419971227645874
1995-02-06,2.419971227645874
1995-02-07,2.419971227645874
1995-02-08,2.419971227645874
1995-02-09,2.4652035236358643
1995-02-10,2.419971227645874
1995-02-13,2.352121353149414
1995-02-14,2.3747386932373047
1995-02-15,2.419971227645874
1995-02-16,2.397355079650879
1995-02-17,2.397355079650879
1995-02-21,2.397355079650879
1995-02-22,2.4425885677337646
1995-02-23,2.4652035236358643
1995-02-24,2.4878203868865967
1995-02-27,2.5330543518066406
1995-02-28,2.5556700229644775
1995-03-01,2.5104382038116455
1995-03-02,2.5330543518066406
1995-03-03,2.4878203868865967
1995-03-06,2.4878203868865967
1995-03-07,2.4652035236358643
1995-03-08,2.4878203868865967
1995-03-09,2.4878203868865967
1995-03-10,2.5104382038116455
1995-03-13,2.4652035236358643
1995-03-14,2.5104382038116455
1995-03-15,2.5104382038116455
1995-03-16,2.5330543518066406
1995-03-17,2.5104382038116455
1995-03-20,2.5104382038116455
1995-03-21,2.4878203868865967
1995-03-22,2.5104382038116455
1995-03-23,2.4878203868865967
1995-03-24,2.5104382038116455
1995-03-27,2.5104382038116455
1995-03-28,2.4878203868865967
1995-03-29,2.5104382038116455
1995-03-30,2.5330543518066406
1995-03-31,2.5104382038116455
1995-04-03,2.5330543518066406
1995-04-04,2.4878203868865967
1995-04-05,2.4652035236358643
1995-04-06,2.4652035236358643
1995-04-07,2.5065972805023193
1995-04-10,2.5295934677124023
1995-04-11,2.552590847015381
1995-04-12,2.5295934677124023
1995-04-13,2.552590847015381
1995-04-17,2.552590847015381
1995-04-18,2.552590847015381
1995-04-19,2.5295934677124023
1995-04-20,2.5295934677124023
1995-04-21,2.5295934677124023
1995-04-24,2.5295934677124023
1995-04-25,2.5755884647369385
1995-04-26,2.552590847015381
1995-04-27,2.552590847015381
1995-04-28,2.5755884647369385
1995-05-01,2.5755884647369385
1995-05-02,2.5755884647369385
1995-05-03,2.5755884647369385
1995-05-04,2.5985829830169678
1995-05-05,2.667572259902954
1995-05-08,2.7825534343719482
1995-05-09,2.7825534343719482
1995-05-10,2.7825534343719482
1995-05-11,2.759556293487549
1995-05-12,2.713564157485962
1995-05-15,2.667572259902954
1995-05-16,2.759556293487549
1995-05-17,2.7365612983703613
1995-05-18,2.7365612983703613
1995-05-19,2.667572259902954
1995-05-22,2.6445748805999756
1995-05-23,2.6445748805999756
1995-05-24,2.621579170227051
1995-05-25,2.5295934677124023
1995-05-26,2.621579170227051
1995-05-30,2.5755884647369385
1995-05-31,2.5755884647369385
1995-06-01,2.621579170227051
1995-06-02,2.667572259902954
1995-06-05,2.6905677318573
1995-06-06,2.7365612983703613
1995-06-07,2.759556293487549
1995-06-08,2.713564157485962
1995-06-09,2.667572259902954
1995-06-12,2.6905677318573
1995-06-13,2.713564157485962
1995-06-14,2.759556293487549
1995-06-15,2.7825534343719482
1995-06-16,2.7365612983703613
1995-06-19,2.6905677318573
1995-06-20,2.6905677318573
1995-06-21,2.6445748805999756
1995-06-22,2.667572259902954
1995-06-23,2.6905677318573
1995-06-26,2.6905677318573
1995-06-27,2.667572259902954
1995-06-28,2.621579170227051
1995-06-29,2.667572259902954
1995-06-30,2.713564157485962
1995-07-03,2.713564157485962
1995-07-05,2.6905677318573
1995-07-06,2.667572259902954
1995-07-07,2.667572259902954
1995-07-10,2.6905677318573
1995-07-11,2.713564157485962
1995-07-12,2.7322466373443604
1995-07-13,2.778951644897461
1995-07-14,2.708893299102783
1995-07-17,2.7322466373443604
1995-07-18,2.685542106628418
1995-07-19,2.6621899604797363
1995-07-20,2.6154847145080566
1995-07-21,2.6154847145080566
1995-07-24,2.6154847145080566
1995-07-25,2.5687787532806396
1995-07-26,2.545426368713379
1995-07-27,2.6154847145080566
1995-07-28,2.6154847145080566
1995-07-31,2.6621899604797363
1995-08-01,2.685542106628418
1995-08-02,2.685542106628418
1995-08-03,2.6621899604797363
1995-08-04,2.6621899604797363
1995-08-07,2.6621899604797363
1995-08-08,2.6154847145080566
1995-08-09,2.638835906982422
1995-08-10,2.6154847145080566
1995-08-11,2.6154847145080566
1995-08-14,2.592132329940796
1995-08-15,2.580456018447876
1995-08-16,2.5687787532806396
1995-08-17,2.5687787532806396
1995-08-18,2.5687787532806396
1995-08-21,2.6154847145080566
1995-08-22,2.6154847145080566
1995-08-23,2.6154847145080566
1995-08-24,2.6154847145080566
1995-08-25,2.6154847145080566
1995-08-28,2.6621899604797363
1995-08-29,2.638835906982422
1995-08-30,2.6154847145080566
1995-08-31,2.638835906982422
1995-09-01,2.6621899604797363
1995-09-05,2.638835906982422
1995-09-06,2.6154847145080566
1995-09-07,2.6621899604797363
1995-09-08,2.685542106628418
1995-09-11,2.685542106628418
1995-09-12,2.778951644897461
1995-09-13,2.778951644897461
1995-09-14,2.778951644897461
1995-09-15,2.708893299102783
1995-09-18,2.7322466373443604
1995-09-19,2.6621899604797363
1995-09-20,2.685542106628418
1995-09-21,2.685542106628418
1995-09-22,2.685542106628418
1995-09-25,2.6621899604797363
1995-09-26,2.6621899604797363
1995-09-27,2.638835906982422
1995-09-28,2.6621899604797363
1995-09-29,2.6621899604797363
1995-10-02,2.638835906982422
1995-10-03,2.6621899604797363
1995-10-04,2.6621899604797363
1995-10-05,2.6621899604797363
1995-10-06,2.6621899604797363
1995-10-09,2.638835906982422
1995-10-10,2.638835906982422
1995-10-11,2.657820701599121
1995-10-12,2.634091377258301
1995-10-13,2.634091377258301
1995-10-16,2.634091377258301
1995-10-17,2.634091377258301
1995-10-18,2.657820701599121
1995-10-19,2.634091377258301
1995-10-20,2.657820701599121
1995-10-23,2.634091377258301
1995-10-24,2.6103596687316895
1995-10-25,2.634091377258301
1995-10-26,2.5866293907165527
1995-10-27,2.6103596687316895
1995-10-30,2.6103596687316895
1995-10-31,2.6103596687316895
1995-11-01,2.6103596687316895
1995-11-02,2.562898874282837
1995-11-03,2.5866293907165527
1995-11-06,2.6103596687316895
1995-11-07,2.634091377258301
1995-11-08,2.634091377258301
1995-11-09,2.6103596687316895
1995-11-10,2.6103596687316895
1995-11-13,2.657820701599121
1995-11-14,2.634091377258301
1995-11-15,2.634091377258301
1995-11-16,2.6103596687316895
1995-11-17,2.5866293907165527
1995-11-20,2.5866293907165527
1995-11-21,2.562898874282837
1995-11-22,2.5866293907165527
1995-11-24,2.5866293907165527
1995-11-27,2.5866293907165527
1995-11-28,2.6103596687316895
1995-11-29,2.6103596687316895
1995-11-30,2.6815500259399414
1995-12-01,2.6815500259399414
1995-12-04,2.6815500259399414
1995-12-05,2.7290124893188477
1995-12-06,2.6815500259399414
1995-12-07,2.7290124893188477
1995-12-08,2.7290124893188477
1995-12-11,2.7764732837677
1995-12-12,2.7764732837677
1995-12-13,2.7764732837677
1995-12-14,2.752741813659668
1995-12-15,2.7290124893188477
1995-12-18,2.752741813659668
1995-12-19,2.7764732837677
1995-12-20,2.8002049922943115
1995-12-21,2.7764732837677
1995-12-22,2.7764732837677
1995-12-26,2.7764732837677
1995-12-27,2.8002049922943115
1995-12-28,2.8239352703094482
1995-12-29,2.8476641178131104
1996-01-02,2.8951258659362793
1996-01-03,2.8713951110839844
1996-01-04,2.8476641178131104
1996-01-05,2.8476641178131104
1996-01-08,2.8239352703094482
1996-01-09,2.8239352703094482
1996-01-10,2.7950217723846436
1996-01-11,2.72273588180542
1996-01-12,2.7950217723846436
1996-01-15,2.819115161895752
1996-01-16,2.843210220336914
1996-01-17,2.86730694770813
1996-01-18,2.8914008140563965
1996-01-19,2.86730694770813
1996-01-22,2.8914008140563965
1996-01-23,2.86730694770813
1996-01-24,2.86730694770813
1996-01-25,2.86730694770813
1996-01-26,2.843210220336914
1996-01-29,2.843210220336914
1996-01-30,2.86730694770813
1996-01-31,2.8914008140563965
1996-02-01,2.8914008140563965
1996-02-02,2.8914008140563965
1996-02-05,2.915497303009033
1996-02-06,2.939591646194458
1996-02-07,2.963686466217041
1996-02-08,2.963686466217041
1996-02-09,2.963686466217041
1996-02-12,2.963686466217041
1996-02-13,2.963686466217041
1996-02-14,2.987781524658203
1996-02-15,2.939591646194458
1996-02-16,2.939591646194458
1996-02-20,2.987781524658203
1996-02-21,2.987781524658203
1996-02-22,2.987781524658203
1996-02-23,2.939591646194458
1996-02-26,2.915497303009033
1996-02-27,2.915497303009033
1996-02-28,2.915497303009033
1996-02-29,2.963686466217041
1996-03-01,2.963686466217041
1996-03-04,2.939591646194458
1996-03-05,2.963686466217041
1996-03-06,2.987781524658203
1996-03-07,2.963686466217041
1996-03-08,2.8914008140563965
1996-03-11,2.939591646194458
1996-03-12,2.963686466217041
1996-03-13,2.987781524658203
1996-03-14,2.987781524658203
1996-03-15,2.987781524658203
1996-03-18,2.915497303009033
1996-03-19,2.915497303009033
1996-03-20,2.843210220336914
1996-03-21,2.8914008140563965
1996-03-22,2.819115161895752
1996-03-25,2.843210220336914
1996-03-26,2.843210220336914
1996-03-27,2.843210220336914
1996-03-28,2.843210220336914
1996-03-29,2.819115161895752
1996-04-01,2.819115161895752
1996-04-02,2.819115161895752
1996-04-03,2.819115161895752
1996-04-04,2.7950217723846436
1996-04-08,2.7468297481536865
1996-04-09,2.7950217723846436
1996-04-10,2.793060541152954
1996-04-11,2.7685601711273193
1996-04-12,2.793060541152954
1996-04-15,2.8420615196228027
1996-04-16,2.8420615196228027
1996-04-17,2.8420615196228027
1996-04-18,2.8420615196228027
1996-04-19,2.8420615196228027
1996-04-22,2.8420615196228027
1996-04-23,2.793060541152954
1996-04-24,2.7685601711273193
1996-04-25,2.793060541152954
1996-04-26,2.793060541152954
1996-04-29,2.7685601711273193
1996-04-30,2.793060541152954
1996-05-01,2.793060541152954
1996-05-02,2.8420615196228027
1996-05-03,2.8420615196228027
1996-05-06,2.8175618648529053
1996-05-07,2.8420615196228027
1996-05-08,2.8420615196228027
1996-05-09,2.8420615196228027
1996-05-10,2.8420615196228027
1996-05-13,2.8665611743927
1996-05-14,2.8420615196228027
1996-05-15,2.8175618648529053
1996-05-16,2.8420615196228027
1996-05-17,2.8665611743927
1996-05-20,2.940063714981079
1996-05-21,2.9155640602111816
1996-05-22,2.940063714981079
1996-05-23,2.964564561843872
1996-05-24,2.964564561843872
1996-05-28,2.940063714981079
1996-05-29,2.8910627365112305
1996-05-30,2.8665611743927
1996-05-31,2.8665611743927
1996-06-03,2.9155640602111816
1996-06-04,2.9155640602111816
1996-06-05,2.940063714981079
1996-06-06,2.9155640602111816
1996-06-07,2.8910627365112305
1996-06-10,2.9155640602111816
1996-06-11,2.8665611743927
1996-06-12,2.9155640602111816
1996-06-13,2.8910627365112305
1996-06-14,2.9155640602111816
1996-06-17,2.8910627365112305
1996-06-18,2.8665611743927
1996-06-19,2.8665611743927
1996-06-20,2.8665611743927
1996-06-21,2.8420615196228027
1996-06-24,2.8665611743927
1996-06-25,2.8175618648529053
1996-06-26,2.8175618648529053
1996-06-27,2.8420615196228027
1996-06-28,2.8175618648529053
1996-07-01,2.8420615196228027
1996-07-02,2.8420615196228027
1996-07-03,2.8420615196228027
1996-07-05,2.8175618648529053
1996-07-08,2.793060541152954
1996-07-09,2.8175618648529053
1996-07-10,2.86540150642395
1996-07-11,2.86540150642395
1996-07-12,2.815567970275879
1996-07-15,2.815567970275879
1996-07-16,2.790648937225342
1996-07-17,2.765735626220703
1996-07-18,2.7408196926116943
1996-07-19,2.765735626220703
1996-07-22,2.790648937225342
1996-07-23,2.765735626220703
1996-07-24,2.7408196926116943
1996-07-25,2.6411521434783936
1996-07-26,2.715902328491211
1996-07-29,2.715902328491211
1996-07-30,2.715902328491211
1996-07-31,2.715902328491211
1996-08-01,2.7408196926116943
1996-08-02,2.715902328491211
1996-08-05,2.715902328491211
1996-08-06,2.7408196926116943
1996-08-07,2.7408196926116943
1996-08-08,2.7408196926116943
1996-08-09,2.7408196926116943
1996-08-12,2.7408196926116943
1996-08-13,2.690985679626465
1996-08-14,2.690985679626465
1996-08-15,2.690985679626465
1996-08-16,2.690985679626465
1996-08-19,2.6660685539245605
1996-08-20,2.690985679626465
1996-08-21,2.715902328491211
1996-08-22,2.715902328491211
1996-08-23,2.690985679626465
1996-08-26,2.715902328491211
1996-08-27,2.715902328491211
1996-08-28,2.690985679626465
1996-08-29,2.715902328491211
1996-08-30,2.715902328491211
1996-09-03,2.7408196926116943
1996-09-04,2.690985679626465
1996-09-05,2.715902328491211
1996-09-06,2.715902328491211
1996-09-09,2.7408196926116943
1996-09-10,2.7408196926116943
1996-09-11,2.715902328491211
1996-09-12,2.715902328491211
1996-09-13,2.715902328491211
1996-09-16,2.7408196926116943
1996-09-17,2.715902328491211
1996-09-18,2.690985679626465
1996-09-19,2.690985679626465
1996-09-20,2.690985679626465
1996-09-23,2.690985679626465
1996-09-24,2.690985679626465
1996-09-25,2.690985679626465
1996-09-26,2.715902328491211
1996-09-27,2.765735626220703
1996-09-30,2.790648937225342
1996-10-01,2.815567970275879
1996-10-02,2.815567970275879
1996-10-03,2.815567970275879
1996-10-04,2.790648937225342
1996-10-07,2.790648937225342
1996-10-08,2.815567970275879
1996-10-09,2.838885545730591
1996-10-10,2.838885545730591
1996-10-11,2.864234209060669
1996-10-14,2.838885545730591
1996-10-15,2.838885545730591
1996-10-16,2.838885545730591
1996-10-17,2.788194179534912
1996-10-18,2.788194179534912
1996-10-21,2.788194179534912
1996-10-22,2.8135406970977783
1996-10-23,2.8135406970977783
1996-10-24,2.838885545730591
1996-10-25,2.838885545730591
1996-10-28,2.838885545730591
1996-10-29,2.838885545730591
1996-10-30,2.864234209060669
1996-10-31,2.864234209060669
1996-11-01,2.864234209060669
1996-11-04,2.838885545730591
1996-11-05,2.838885545730591
1996-11-06,2.838885545730591
1996-11-07,2.838885545730591
1996-11-08,2.838885545730591
1996-11-11,2.838885545730591
1996-11-12,2.864234209060669
1996-11-13,2.864234209060669
1996-11-14,2.864234209060669
1996-11-15,2.8135406970977783
1996-11-18,2.838885545730591
1996-11-19,2.864234209060669
1996-11-20,2.864234209060669
1996-11-21,2.864234209060669
1996-11-22,2.838885545730591
1996-11-25,2.9909708499908447
1996-11-26,2.965623378753662
1996-11-27,2.9909708499908447
1996-11-29,2.9909708499908447
1996-12-02,2.9909708499908447
1996-12-03,3.0163183212280273
1996-12-04,3.0163183212280273
1996-12-05,3.0163183212280273
1996-12-06,3.0416641235351562
1996-12-09,3.1177072525024414
1996-12-10,3.0923593044281006
1996-12-11,3.067011594772339
1996-12-12,3.0923593044281006
1996-12-13,3.143054723739624
1996-12-16,3.143054723739624
1996-12-17,3.143054723739624
1996-12-18,3.143054723739624
1996-12-19,3.1937482357025146
1996-12-20,3.1684017181396484
1996-12-23,3.1937482357025146
1996-12-24,3.143054723739624
1996-12-26,3.19248628616333
1996-12-27,3.1667397022247314
1996-12-30,3.1667397022247314
1996-12-31,3.19248628616333
1997-01-02,3.1667397022247314
1997-01-03,3.1409928798675537
1997-01-06,3.0895020961761475
1997-01-07,3.0895020961761475
1997-01-08,3.0895020961761475
1997-01-09,3.2182321548461914
1997-01-10,3.19248628616333
1997-01-13,3.19248628616333
1997-01-14,3.2182321548461914
1997-01-15,3.19248628616333
1997-01-16,3.2182321548461914
1997-01-17,3.243978500366211
1997-01-20,3.2697224617004395
1997-01-21,3.2697224617004395
1997-01-22,3.243978500366211
1997-01-23,3.2697224617004395
1997-01-24,3.2182321548461914
1997-01-27,3.243978500366211
1997-01-28,3.2182321548461914
1997-01-29,3.2182321548461914
1997-01-30,3.2182321548461914
1997-01-31,3.19248628616333
1997-02-03,3.1409928798675537
1997-02-04,3.1667397022247314
1997-02-05,3.19248628616333
1997-02-06,3.0895020961761475
1997-02-07,3.1409928798675537
1997-02-10,3.1409928798675537
1997-02-11,3.1409928798675537
1997-02-12,3.1409928798675537
1997-02-13,3.2182321548461914
1997-02-14,3.19248628616333
1997-02-18,3.19248628616333
1997-02-19,3.1152477264404297
1997-02-20,3.0895020961761475
1997-02-21,3.1409928798675537
1997-02-24,3.1409928798675537
1997-02-25,3.1409928798675537
1997-02-26,3.1152477264404297
1997-02-27,3.0895020961761475
1997-02-28,3.0895020961761475
1997-03-03,3.1152477264404297
1997-03-04,3.0895020961761475
1997-03-05,3.1152477264404297
1997-03-06,3.1152477264404297
1997-03-07,3.1152477264404297
1997-03-10,3.0895020961761475
1997-03-11,3.1152477264404297
1997-03-12,3.0895020961761475
1997-03-13,3.0637571811676025
1997-03-14,3.1409928798675537
1997-03-17,3.1409928798675537
1997-03-18,3.1409928798675537
1997-03-19,3.1409928798675537
1997-03-20,3.1152477264404297
1997-03-21,3.0380096435546875
1997-03-24,3.1152477264404297
1997-03-25,3.1409928798675537
1997-03-26,3.1409928798675537
1997-03-27,3.0895020961761475
1997-03-31,3.0380096435546875
1997-04-01,2.986518621444702
1997-04-02,2.9350271224975586
1997-04-03,2.8835365772247314
1997-04-04,2.9350271224975586
1997-04-07,2.960773468017578
1997-04-08,2.9350271224975586
1997-04-09,2.9354476928710938
1997-04-10,2.90923810005188
1997-04-11,2.90923810005188
1997-04-14,2.8306100368499756
1997-04-15,2.9354476928710938
1997-04-16,2.8306100368499756
1997-04-17,2.8306100368499756
1997-04-18,2.90923810005188
1997-04-21,2.9354476928710938
1997-04-22,2.90923810005188
1997-04-23,2.90923810005188
1997-04-24,2.856818437576294
1997-04-25,2.8830277919769287
1997-04-28,2.90923810005188
1997-04-29,2.9354476928710938
1997-04-30,2.8830277919769287
1997-05-01,2.90923810005188
1997-05-02,2.987865447998047
1997-05-05,3.0140748023986816
1997-05-06,3.0140748023986816
1997-05-07,2.987865447998047
1997-05-08,3.0140748023986816
1997-05-09,3.040283679962158
1997-05-12,3.040283679962158
1997-05-13,3.0664937496185303
1997-05-14,3.0140748023986816
1997-05-15,3.040283679962158
1997-05-16,3.040283679962158
1997-05-19,3.0664937496185303
1997-05-20,3.0664937496185303
1997-05-21,3.0664937496185303
1997-05-22,3.040283679962158
1997-05-23,3.0664937496185303
1997-05-27,3.0664937496185303
1997-05-28,3.0927016735076904
1997-05-29,3.0664937496185303
1997-05-30,3.0927016735076904
1997-06-02,3.0927016735076904
1997-06-03,3.040283679962158
1997-06-04,3.0140748023986816
1997-06-05,3.0140748023986816
1997-06-06,3.0140748023986816
1997-06-09,3.040283679962158
1997-06-10,3.0664937496185303
1997-06-11,3.118912696838379
1997-06-12,3.0927016735076904
1997-06-13,3.118912696838379
1997-06-16,3.118912696838379
1997-06-17,3.0664937496185303
1997-06-18,3.0927016735076904
1997-06-19,3.118912696838379
1997-06-20,3.118912696838379
1997-06-23,3.0664937496185303
1997-06-24,3.1058077812194824
1997-06-25,3.0927016735076904
1997-06-26,3.05338978767395
1997-06-27,2.987865447998047
1997-06-30,2.9747612476348877
1997-07-01,3.0664937496185303
1997-07-02,3.118912696838379
1997-07-03,3.118912696838379
1997-07-07,3.0927016735076904
1997-07-08,3.1058077812194824
1997-07-09,3.159560203552246
1997-07-10,3.159560203552246
1997-07-11,3.172891855239868
1997-07-14,3.1862220764160156
1997-07-15,3.199554681777954
1997-07-16,3.212886095046997
1997-07-17,3.2262167930603027
1997-07-18,3.159560203552246
1997-07-21,3.066239595413208
1997-07-22,3.066239595413208
1997-07-23,3.079571008682251
1997-07-24,3.106234550476074
1997-07-25,3.066239595413208
1997-07-28,3.026245594024658
1997-07-29,3.0529072284698486
1997-07-30,3.0529072284698486
1997-07-31,3.066239595413208
1997-08-01,3.0395774841308594
1997-08-04,3.0529072284698486
1997-08-05,3.0395774841308594
1997-08-06,3.066239595413208
1997-08-07,3.0529072284698486
1997-08-08,3.0395774841308594
1997-08-11,3.0529072284698486
1997-08-12,3.0395774841308594
1997-08-13,3.0529072284698486
1997-08-14,3.066239595413208
1997-08-15,3.0529072284698486
1997-08-18,3.0529072284698486
1997-08-19,3.0395774841308594
1997-08-20,3.026245594024658
1997-08-21,3.026245594024658
1997-08-22,3.0129125118255615
1997-08-25,3.0129125118255615
1997-08-26,2.9862520694732666
1997-08-27,2.9862520694732666
1997-08-28,3.0129125118255615
1997-08-29,3.0129125118255615
1997-09-02,2.9995810985565186
1997-09-03,2.9862520694732666
1997-09-04,2.9862520694732666
1997-09-05,2.9995810985565186
1997-09-08,2.9862520694732666
1997-09-09,2.9995810985565186
1997-09-10,3.0529072284698486
1997-09-11,3.079571008682251
1997-09-12,3.1195664405822754
1997-09-15,3.0395774841308594
1997-09-16,3.079571008682251
1997-09-17,3.1195664405822754
1997-09-18,3.199554681777954
1997-09-19,3.159560203552246
1997-09-22,3.212886095046997
1997-09-23,3.2395496368408203
1997-09-24,3.2262167930603027
1997-09-25,3.2395496368408203
1997-09-26,3.2262167930603027
1997-09-29,3.2262167930603027
1997-09-30,3.199554681777954
1997-10-01,3.212886095046997
1997-10-02,3.2262167930603027
1997-10-03,3.199554681777954
1997-10-06,3.212886095046997
1997-10-07,3.2262167930603027
1997-10-08,3.1862220764160156
1997-10-09,3.172891855239868
1997-10-10,3.132896900177002
1997-10-13,3.159560203552246
1997-10-14,3.172891855239868
1997-10-15,3.1868863105773926
1997-10-16,3.1868863105773926
1997-10-17,3.1733241081237793
1997-10-20,3.1733241081237793
1997-10-21,3.1055188179016113
1997-10-22,3.1190805435180664
1997-10-23,3.0783979892730713
1997-10-24,3.091959238052368
1997-10-27,3.0241525173187256
1997-10-28,2.997028112411499
1997-10-29,3.037714719772339
1997-10-30,3.037714719772339
1997-10-31,3.0105926990509033
1997-11-03,3.037714719772339
1997-11-04,3.0241525173187256
1997-11-05,3.0241525173187256
1997-11-06,3.0241525173187256
1997-11-07,3.0241525173187256
1997-11-10,3.037714719772339
1997-11-11,3.051274538040161
1997-11-12,3.037714719772339
1997-11-13,3.037714719772339
1997-11-14,3.0648350715637207
1997-11-17,3.132641315460205
1997-11-18,3.14620304107666
1997-11-19,3.1055188179016113
1997-11-20,3.1055188179016113
1997-11-21,3.1190805435180664
1997-11-24,3.159764528274536
1997-11-25,3.159764528274536
1997-11-26,3.200446605682373
1997-11-28,3.1868863105773926
1997-12-01,3.1190805435180664
1997-12-02,3.14620304107666
1997-12-03,3.14620304107666
1997-12-04,3.14620304107666
1997-12-05,3.1055188179016113
1997-12-08,3.1190805435180664
1997-12-09,3.091959238052368
1997-12-10,3.091959238052368
1997-12-11,3.0783979892730713
1997-12-12,3.0648350715637207
1997-12-15,3.0783979892730713
1997-12-16,3.1055188179016113
1997-12-17,3.0783979892730713
1997-12-18,3.0648350715637207
1997-12-19,3.037714719772339
1997-12-22,2.969906806945801
1997-12-23,3.0105926990509033
1997-12-24,3.0105926990509033
1997-12-26,3.037714719772339
1997-12-29,3.0783979892730713
1997-12-30,3.0783979892730713
1997-12-31,3.0241525173187256
1998-01-02,3.051274538040161
1998-01-05,3.14620304107666
1998-01-06,3.1190805435180664
1998-01-07,3.200446605682373
1998-01-08,3.1868863105773926
1998-01-09,3.1868863105773926
1998-01-12,3.1733241081237793
1998-01-13,3.1733241081237793
1998-01-14,3.1737680435180664
1998-01-15,3.146169662475586
1998-01-16,3.132370710372925
1998-01-20,3.132370710372925
1998-01-21,3.146169662475586
1998-01-22,3.146169662475586
1998-01-23,3.132370710372925
1998-01-26,3.118569850921631
1998-01-27,3.118569850921631
1998-01-28,3.090972900390625
1998-01-29,3.077174425125122
1998-01-30,3.06337571144104
1998-02-02,3.077174425125122
1998-02-03,3.090972900390625
1998-02-04,3.077174425125122
1998-02-05,3.090972900390625
1998-02-06,3.090972900390625
1998-02-09,3.104771614074707
1998-02-10,3.118569850921631
1998-02-11,3.118569850921631
1998-02-12,3.146169662475586
1998-02-13,3.104771614074707
1998-02-17,3.146169662475586
1998-02-18,3.1599667072296143
1998-02-19,3.1599667072296143
1998-02-20,3.132370710372925
1998-02-23,3.146169662475586
1998-02-24,3.104771614074707
1998-02-25,3.146169662475586
1998-02-26,3.132370710372925
1998-02-27,3.090972900390625
1998-03-02,3.090972900390625
1998-03-03,3.104771614074707
1998-03-04,3.090972900390625
1998-03-05,3.090972900390625
1998-03-06,3.090972900390625
1998-03-09,3.077174425125122
1998-03-10,3.090972900390625
1998-03-11,3.077174425125122
1998-03-12,3.077174425125122
1998-03-13,3.077174425125122
1998-03-16,3.06337571144104
1998-03-17,3.0357768535614014
1998-03-18,3.06337571144104
1998-03-19,3.077174425125122
1998-03-20,3.090972900390625
1998-03-23,3.104771614074707
1998-03-24,3.132370710372925
1998-03-25,3.132370710372925
1998-03-26,3.118569850921631
1998-03-27,3.1737680435180664
1998-03-30,3.187565565109253
1998-03-31,3.201364755630493
1998-04-01,3.1599667072296143
1998-04-02,3.1599667072296143
1998-04-03,3.201364755630493
1998-04-06,3.201364755630493
1998-04-07,3.1900107860565186
1998-04-08,3.175957202911377
1998-04-09,3.175957202911377
1998-04-13,3.175957202911377
1998-04-14,3.1619033813476562
1998-04-15,3.1619033813476562
1998-04-16,3.133798837661743
1998-04-17,3.133798837661743
1998-04-20,3.133798837661743
1998-04-21,3.1478519439697266
1998-04-22,3.133798837661743
1998-04-23,3.105692148208618
1998-04-24,3.0775868892669678
1998-04-27,2.993269920349121
1998-04-28,3.0213756561279297
1998-04-29,3.0354278087615967
1998-04-30,3.04948091506958
1998-05-01,3.0354278087615967
1998-05-04,3.063535213470459
1998-05-05,3.063535213470459
1998-05-06,3.0916390419006348
1998-05-07,3.1478519439697266
1998-05-08,3.105692148208618
1998-05-11,3.105692148208618
1998-05-12,3.133798837661743
1998-05-13,3.1197478771209717
1998-05-14,3.105692148208618
1998-05-15,3.105692148208618
1998-05-18,3.063535213470459
1998-05-19,3.0916390419006348
1998-05-20,3.105692148208618
1998-05-21,3.105692148208618
1998-05-22,3.0916390419006348
1998-05-26,3.105692148208618
1998-05-27,3.1478519439697266
1998-05-28,3.1478519439697266
1998-05-29,3.175957202911377
1998-06-01,3.204064130783081
1998-06-02,3.1900107860565186
1998-06-03,3.1900107860565186
1998-06-04,3.133798837661743
1998-06-05,3.1197478771209717
1998-06-08,3.0916390419006348
1998-06-09,3.1619033813476562
1998-06-10,3.1478519439697266
1998-06-11,3.133798837661743
1998-06-12,3.105692148208618
1998-06-15,3.105692148208618
1998-06-16,3.133798837661743
1998-06-17,3.133798837661743
1998-06-18,3.105692148208618
1998-06-19,3.0775868892669678
1998-06-22,3.0775868892669678
1998-06-23,3.133798837661743
1998-06-24,3.0916390419006348
1998-06-25,3.1197478771209717
1998-06-26,3.0916390419006348
1998-06-29,3.0775868892669678
1998-06-30,3.1197478771209717
1998-07-01,3.0775868892669678
1998-07-02,3.0916390419006348
1998-07-06,3.133798837661743
1998-07-07,3.133798837661743
1998-07-08,3.105692148208618
1998-07-09,3.1197478771209717
1998-07-10,3.1197478771209717
1998-07-13,3.133798837661743
1998-07-14,3.105692148208618
1998-07-15,3.1514174938201904
1998-07-16,3.137091636657715
1998-07-17,3.1657395362854004
1998-07-20,3.1657395362854004
1998-07-21,3.137091636657715
1998-07-22,3.1227669715881348
1998-07-23,3.0368194580078125
1998-07-24,3.0081706047058105
1998-07-27,2.965198040008545
1998-07-28,2.9222240447998047
1998-07-29,2.9222240447998047
1998-07-30,2.9222240447998047
1998-07-31,2.8792505264282227
1998-08-03,2.8362739086151123
1998-08-04,2.7503271102905273
1998-08-05,2.736004114151001
1998-08-06,2.7503271102905273
1998-08-07,2.736004114151001
1998-08-10,2.7503271102905273
1998-08-11,2.736004114151001
1998-08-12,2.7789764404296875
1998-08-13,2.807626247406006
1998-08-14,2.7933013439178467
1998-08-17,2.7933013439178467
1998-08-18,2.7789764404296875
1998-08-19,2.807626247406006
1998-08-20,2.7933013439178467
1998-08-21,2.8362739086151123
1998-08-24,2.8219492435455322
1998-08-25,2.8505992889404297
1998-08-26,2.8935742378234863
1998-08-27,2.7503271102905273
1998-08-28,2.707353353500366
1998-08-31,2.664379358291626
1998-09-01,2.7503271102905273
1998-09-02,2.7646515369415283
1998-09-03,2.736004114151001
1998-09-04,2.7216761112213135
1998-09-08,2.7933013439178467
1998-09-09,2.664379358291626
1998-09-10,2.6214053630828857
1998-09-11,2.5068087577819824
1998-09-14,2.5497827529907227
1998-09-15,2.607081413269043
1998-09-16,2.535456418991089
1998-09-17,2.5211329460144043
1998-09-18,2.5211329460144043
1998-09-21,2.7646515369415283
1998-09-22,2.7503271102905273
1998-09-23,2.7646515369415283
1998-09-24,2.664379358291626
1998-09-25,2.7503271102905273
1998-09-28,2.736004114151001
1998-09-29,2.7216761112213135
1998-09-30,2.607081413269043
1998-10-01,2.5927574634552
1998-10-02,2.6214053630828857
1998-10-05,2.607081413269043
1998-10-06,2.6214053630828857
1998-10-07,2.535456418991089
1998-10-08,2.5211329460144043
1998-10-09,2.607081413269043
1998-10-12,2.6357312202453613
1998-10-13,2.535456418991089
1998-10-14,2.4795873165130615
1998-10-15,2.4942591190338135
1998-10-16,2.5236027240753174
1998-10-19,2.5822904109954834
1998-10-20,2.611635446548462
1998-10-21,2.567619562149048
1998-10-22,2.611635446548462
1998-10-23,2.538275718688965
1998-10-26,2.567619562149048
1998-10-27,2.5822904109954834
1998-10-28,2.567619562149048
1998-10-29,2.538275718688965
1998-10-30,2.611635446548462
1998-11-02,2.6703240871429443
1998-11-03,2.7436842918395996
1998-11-04,2.7583587169647217
1998-11-05,2.7583587169647217
1998-11-06,2.7583587169647217
1998-11-09,2.7290120124816895
1998-11-10,2.684995651245117
1998-11-11,2.684995651245117
1998-11-12,2.6703240871429443
1998-11-13,2.611635446548462
1998-11-16,2.567619562149048
1998-11-17,2.5822904109954834
1998-11-18,2.5969622135162354
1998-11-19,2.4649147987365723
1998-11-20,2.5236027240753174
1998-11-23,2.4795873165130615
1998-11-24,2.4649147987365723
1998-11-25,2.4942591190338135
1998-11-27,2.5089309215545654
1998-11-30,2.538275718688965
1998-12-01,2.567619562149048
1998-12-02,2.5236027240753174
1998-12-03,2.4942591190338135
1998-12-04,2.5089309215545654
1998-12-07,2.5236027240753174
1998-12-08,2.5529472827911377
1998-12-09,2.538275718688965
1998-12-10,2.4795873165130615
1998-12-11,2.4795873165130615
1998-12-14,2.450242757797241
1998-12-15,2.4355711936950684
1998-12-16,2.4795873165130615
1998-12-17,2.450242757797241
1998-12-18,2.4208967685699463
1998-12-21,2.4355711936950684
1998-12-22,2.376882553100586
1998-12-23,2.3622100353240967
1998-12-24,2.376882553100586
1998-12-28,2.391554117202759
1998-12-29,2.376882553100586
1998-12-30,2.4355711936950684
1998-12-31,2.4208967685699463
1999-01-04,2.538275718688965
1999-01-05,2.5529472827911377
1999-01-06,2.5529472827911377
1999-01-07,2.538275718688965
1999-01-08,2.5822904109954834
1999-01-11,2.5822904109954834
1999-01-12,2.5822904109954834
1999-01-13,2.5701472759246826
1999-01-14,2.540088176727295
1999-01-15,2.4799652099609375
1999-01-19,2.525057077407837
1999-01-20,2.4799652099609375
1999-01-21,2.4799652099609375
1999-01-22,2.4799652099609375
1999-01-25,2.4799652099609375
1999-01-26,2.5701472759246826
1999-01-27,2.4649360179901123
1999-01-28,2.4048173427581787
1999-01-29,2.374756097793579
1999-02-01,2.4048173427581787
1999-02-02,2.374756097793579
1999-02-03,2.3897855281829834
1999-02-04,2.4198455810546875
1999-02-05,2.4048173427581787
1999-02-08,2.4048173427581787
1999-02-09,2.4048173427581787
1999-02-10,2.344695806503296
1999-02-11,2.344695806503296
1999-02-12,2.3296666145324707
1999-02-16,2.3146352767944336
1999-02-17,2.3296666145324707
1999-02-18,2.4048173427581787
1999-02-19,2.4048173427581787
1999-02-22,2.4348771572113037
1999-02-23,2.4348771572113037
1999-02-24,2.4348771572113037
1999-02-25,2.3897855281829834
1999-02-26,2.374756097793579
1999-03-01,2.4048173427581787
1999-03-02,2.359724998474121
1999-03-03,2.3146352767944336
1999-03-04,2.3146352767944336
1999-03-05,2.344695806503296
1999-03-08,2.3146352767944336
1999-03-09,2.3296666145324707
1999-03-10,2.374756097793579
1999-03-11,2.374756097793579
1999-03-12,2.2845752239227295
1999-03-15,2.2845752239227295
1999-03-16,2.2244553565979004
1999-03-17,2.2394859790802
1999-03-18,2.2996058464050293
1999-03-19,2.2996058464050293
1999-03-22,2.2996058464050293
1999-03-23,2.344695806503296
1999-03-24,2.344695806503296
1999-03-25,2.359724998474121
1999-03-26,2.374756097793579
1999-03-29,2.3897855281829834
1999-03-30,2.4048173427581787
1999-03-31,2.4649360179901123
1999-04-01,2.4649360179901123
1999-04-05,2.4799652099609375
1999-04-06,2.4198455810546875
1999-04-07,2.4048173427581787
1999-04-08,2.4198455810546875
1999-04-09,2.4348771572113037
1999-04-12,2.4649360179901123
1999-04-13,2.494997501373291
1999-04-14,2.5295462608337402
1999-04-15,2.6066675186157227
1999-04-16,2.730058193206787
1999-04-19,2.7146341800689697
1999-04-20,2.699211597442627
1999-04-21,2.6683642864227295
1999-04-22,2.6837878227233887
1999-04-23,2.7146341800689697
1999-04-26,2.699211597442627
1999-04-27,2.699211597442627
1999-04-28,2.6837878227233887
1999-04-29,2.6683642864227295
1999-04-30,2.6837878227233887
1999-05-03,2.7146341800689697
1999-05-04,2.730058193206787
1999-05-05,2.699211597442627
1999-05-06,2.7146341800689697
1999-05-07,2.7146341800689697
1999-05-10,2.7146341800689697
1999-05-11,2.7609076499938965
1999-05-12,2.745483875274658
1999-05-13,2.745483875274658
1999-05-14,2.730058193206787
1999-05-17,2.699211597442627
1999-05-18,2.6837878227233887
1999-05-19,2.6837878227233887
1999-05-20,2.699211597442627
1999-05-21,2.730058193206787
1999-05-24,2.730058193206787
1999-05-25,2.7609076499938965
1999-05-26,2.730058193206787
1999-05-27,2.745483875274658
1999-05-28,2.730058193206787
1999-06-01,2.7146341800689697
1999-06-02,2.730058193206787
1999-06-03,2.730058193206787
1999-06-04,2.745483875274658
1999-06-07,2.730058193206787
1999-06-08,2.7146341800689697
1999-06-09,2.730058193206787
1999-06-10,2.7609076499938965
1999-06-11,2.7146341800689697
1999-06-14,2.730058193206787
1999-06-15,2.7609076499938965
1999-06-16,2.7609076499938965
1999-06-17,2.7609076499938965
1999-06-18,2.7609076499938965
1999-06-21,2.822603225708008
1999-06-22,2.868875741958618
1999-06-23,2.822603225708008
1999-06-24,2.7609076499938965
1999-06-25,2.7609076499938965
1999-06-28,2.853452205657959
1999-06-29,2.8997256755828857
1999-06-30,2.8997256755828857
1999-07-01,2.915146827697754
1999-07-02,2.945998191833496
1999-07-06,2.915146827697754
1999-07-07,2.8071789741516113
1999-07-08,2.853452205657959
1999-07-09,2.915146827697754
1999-07-12,2.945998191833496
1999-07-13,2.915146827697754
1999-07-14,2.9665274620056152
1999-07-15,3.013864755630493
1999-07-16,2.982304334640503
1999-07-19,2.950747013092041
1999-07-20,2.950747013092041
1999-07-21,2.9665274620056152
1999-07-22,2.9191880226135254
1999-07-23,2.8560705184936523
1999-07-26,2.8560705184936523
1999-07-27,2.8718488216400146
1999-07-28,2.8876285552978516
1999-07-29,2.8560705184936523
1999-07-30,2.8876285552978516
1999-08-02,2.8876285552978516
1999-08-03,2.8876285552978516
1999-08-04,2.8560705184936523
1999-08-05,2.840291976928711
1999-08-06,2.7771718502044678
1999-08-09,2.7613940238952637
1999-08-10,2.745614767074585
1999-08-11,2.7771718502044678
1999-08-12,2.824511766433716
1999-08-13,2.8560705184936523
1999-08-16,2.9034087657928467
1999-08-17,2.9034087657928467
1999-08-18,2.9191880226135254
1999-08-19,2.9191880226135254
1999-08-20,2.9191880226135254
1999-08-23,2.8876285552978516
1999-08-24,2.8876285552978516
1999-08-25,2.8560705184936523
1999-08-26,2.824511766433716
1999-08-27,2.9034087657928467
1999-08-30,2.808732032775879
1999-08-31,2.840291976928711
1999-09-01,2.8560705184936523
1999-09-02,2.840291976928711
1999-09-03,2.840291976928711
1999-09-07,2.824511766433716
1999-09-08,2.808732032775879
1999-09-09,2.7929508686065674
1999-09-10,2.7771718502044678
1999-09-13,2.7929508686065674
1999-09-14,2.7771718502044678
1999-09-15,2.7771718502044678
1999-09-16,2.7613940238952637
1999-09-17,2.7771718502044678
1999-09-20,2.7929508686065674
1999-09-21,2.745614767074585
1999-09-22,2.7613940238952637
1999-09-23,2.745614767074585
1999-09-24,2.7771718502044678
1999-09-27,2.7771718502044678
1999-09-28,2.7613940238952637
1999-09-29,2.7613940238952637
1999-09-30,2.824511766433716
1999-10-01,2.7613940238952637
1999-10-04,2.7771718502044678
1999-10-05,2.7929508686065674
1999-10-06,2.824511766433716
1999-10-07,2.7613940238952637
1999-10-08,2.7929508686065674
1999-10-11,2.840291976928711
1999-10-12,2.9034087657928467
1999-10-13,2.810375452041626
1999-10-14,2.826526403427124
1999-10-15,2.7780721187591553
1999-10-18,2.76192045211792
1999-10-19,2.729616403579712
1999-10-20,2.76192045211792
1999-10-21,2.7134666442871094
1999-10-22,2.729616403579712
1999-10-25,2.76192045211792
1999-10-26,2.7780721187591553
1999-10-27,2.7942240238189697
1999-10-28,2.7780721187591553
1999-10-29,2.826526403427124
1999-11-01,2.858829975128174
1999-11-02,2.858829975128174
1999-11-03,2.8426785469055176
1999-11-04,2.8426785469055176
1999-11-05,2.874981164932251
1999-11-08,2.858829975128174
1999-11-09,2.874981164932251
1999-11-10,2.8426785469055176
1999-11-11,2.826526403427124
1999-11-12,2.8426785469055176
1999-11-15,2.8426785469055176
1999-11-16,2.7780721187591553
1999-11-17,2.826526403427124
1999-11-18,2.7942240238189697
1999-11-19,2.810375452041626
1999-11-22,2.7780721187591553
1999-11-23,2.7942240238189697
1999-11-24,2.7780721187591553
1999-11-26,2.76192045211792
1999-11-29,2.7780721187591553
1999-11-30,2.7942240238189697
1999-12-01,2.7457685470581055
1999-12-02,2.76192045211792
1999-12-03,2.729616403579712
1999-12-06,2.665010929107666
1999-12-07,2.6004045009613037
1999-12-08,2.5519490242004395
1999-12-09,2.5681023597717285
1999-12-10,2.5519490242004395
1999-12-13,2.5357985496520996
1999-12-14,2.4227378368377686
1999-12-15,2.50349497795105
1999-12-16,2.47119140625
1999-12-17,2.4873435497283936
1999-12-20,2.50349497795105
1999-12-21,2.4873435497283936
1999-12-22,2.4550395011901855
1999-12-23,2.4227378368377686
1999-12-27,2.4388883113861084
1999-12-28,2.4873435497283936
1999-12-29,2.5681023597717285
1999-12-30,2.5196468830108643
1999-12-31,2.5519490242004395
2000-01-03,2.5681023597717285
2000-01-04,2.4550395011901855
2000-01-05,2.50349497795105
2000-01-06,2.6811630725860596
2000-01-07,2.6327085494995117
2000-01-10,2.6327085494995117
2000-01-11,2.665010929107666
2000-01-12,2.6855664253234863
2000-01-13,2.635833263397217
2000-01-14,2.635833263397217
2000-01-18,2.5695242881774902
2000-01-19,2.635833263397217
2000-01-20,2.635833263397217
2000-01-21,2.7684550285339355
2000-01-24,2.718724250793457
2000-01-25,2.718724250793457
2000-01-26,2.6855664253234863
2000-01-27,2.635833263397217
2000-01-28,2.6192564964294434
2000-01-31,2.5529463291168213
2000-02-01,2.635833263397217
2000-02-02,2.668989658355713
2000-02-03,2.70214581489563
2000-02-04,2.751877546310425
2000-02-07,2.6855664253234863
2000-02-08,2.668989658355713
2000-02-09,2.668989658355713
2000-02-10,2.668989658355713
2000-02-11,2.652411937713623
2000-02-14,2.668989658355713
2000-02-15,2.652411937713623
2000-02-16,2.60267972946167
2000-02-17,2.635833263397217
2000-02-18,2.60267972946167
2000-02-22,2.586101770401001
2000-02-23,2.635833263397217
2000-02-24,2.60267972946167
2000-02-25,2.6192564964294434
2000-02-28,2.652411937713623
2000-02-29,2.652411937713623
2000-03-01,2.586101770401001
2000-03-02,2.6192564964294434
2000-03-03,2.6192564964294434
2000-03-06,2.6192564964294434
2000-03-07,2.536369562149048
2000-03-08,2.60267972946167
2000-03-09,2.6192564964294434
2000-03-10,2.60267972946167
2000-03-13,2.5529463291168213
2000-03-14,2.536369562149048
2000-03-15,2.6192564964294434
2000-03-16,2.60267972946167
2000-03-17,2.635833263397217
2000-03-20,2.586101770401001
2000-03-21,2.6192564964294434
2000-03-22,2.6192564964294434
2000-03-23,2.60267972946167
2000-03-24,2.586101770401001
2000-03-27,2.6192564964294434
2000-03-28,2.60267972946167
2000-03-29,2.60267972946167
2000-03-30,2.635833263397217
2000-03-31,2.668989658355713
2000-04-03,2.635833263397217
2000-04-04,2.652411937713623
2000-04-05,2.6855664253234863
2000-04-06,2.70214581489563
2000-04-07,2.652411937713623
2000-04-10,2.668989658355713
2000-04-11,2.70214581489563
2000-04-12,2.7240734100341797
2000-04-13,2.7240734100341797
2000-04-14,2.7070484161376953
2000-04-17,2.6900219917297363
2000-04-18,2.6900219917297363
2000-04-19,2.6900219917297363
2000-04-20,2.6900219917297363
2000-04-24,2.7070484161376953
2000-04-25,2.758124828338623
2000-04-26,2.7410998344421387
2000-04-27,2.758124828338623
2000-04-28,2.7240734100341797
2000-05-01,2.7751498222351074
2000-05-02,2.8262264728546143
2000-05-03,2.8773033618927
2000-05-04,2.860278367996216
2000-05-05,2.97945499420166
2000-05-08,2.9283788204193115
2000-05-09,2.8943285942077637
2000-05-10,2.860278367996216
2000-05-11,2.8943285942077637
2000-05-12,2.860278367996216
2000-05-15,2.843252658843994
2000-05-16,2.8262264728546143
2000-05-17,2.8092010021209717
2000-05-18,2.792175531387329
2000-05-19,2.8092010021209717
2000-05-22,2.8773033618927
2000-05-23,2.911353588104248
2000-05-24,2.9283788204193115
2000-05-25,2.911353588104248
2000-05-26,2.9283788204193115
2000-05-30,2.962430477142334
2000-05-31,2.9283788204193115
2000-06-01,2.945404529571533
2000-06-02,2.97945499420166
2000-06-05,2.945404529571533
2000-06-06,2.962430477142334
2000-06-07,2.97945499420166
2000-06-08,2.97945499420166
2000-06-09,3.0305299758911133
2000-06-12,3.0305299758911133
2000-06-13,3.0645830631256104
2000-06-14,3.1326849460601807
2000-06-15,3.18376088142395
2000-06-16,3.1156582832336426
2000-06-19,3.149709939956665
2000-06-20,3.149709939956665
2000-06-21,3.149709939956665
2000-06-22,3.0986337661743164
2000-06-23,3.149709939956665
2000-06-26,3.0986337661743164
2000-06-27,3.1156582832336426
2000-06-28,3.1326849460601807
2000-06-29,3.0986337661743164
2000-06-30,3.0007383823394775
2000-07-03,3.0816078186035156
2000-07-05,3.0986337661743164
2000-07-06,3.149709939956665
2000-07-07,3.166734218597412
2000-07-10,3.2007863521575928
2000-07-11,3.166734218597412
2000-07-12,3.189183473587036
2000-07-13,3.171754837036133
2000-07-14,3.154326915740967
2000-07-17,3.154326915740967
2000-07-18,3.154326915740967
2000-07-19,3.136899709701538
2000-07-20,3.2066092491149902
2000-07-21,3.224036693572998
2000-07-24,3.171754837036133
2000-07-25,3.171754837036133
2000-07-26,3.224036693572998
2000-07-27,3.2066092491149902
2000-07-28,3.119474172592163
2000-07-31,3.2066092491149902
2000-08-01,3.2066092491149902
2000-08-02,3.189183473587036
2000-08-03,3.171754837036133
2000-08-04,3.171754837036133
2000-08-07,3.154326915740967
2000-08-08,3.08461856842041
2000-08-09,3.119474172592163
2000-08-10,3.1020445823669434
2000-08-11,3.0671911239624023
2000-08-14,3.0671911239624023
2000-08-15,3.0497632026672363
2000-08-16,3.136899709701538
2000-08-17,3.119474172592163
2000-08-18,3.08461856842041
2000-08-21,3.1020445823669434
2000-08-22,3.1020445823669434
2000-08-23,3.119474172592163
2000-08-24,3.136899709701538
2000-08-25,3.119474172592163
2000-08-28,3.1020445823669434
2000-08-29,3.0671911239624023
2000-08-30,3.0671911239624023
2000-08-31,3.014909505844116
2000-09-01,3.032336711883545
2000-09-05,3.014909505844116
2000-09-06,2.980055570602417
2000-09-07,3.0497632026672363
2000-09-08,3.014909505844116
2000-09-11,3.032336711883545
2000-09-12,3.0497632026672363
2000-09-13,3.0497632026672363
2000-09-14,3.0497632026672363
2000-09-15,3.0497632026672363
2000-09-18,3.014909505844116
2000-09-19,3.0497632026672363
2000-09-20,3.014909505844116
2000-09-21,3.014909505844116
2000-09-22,3.014909505844116
2000-09-25,3.032336711883545
2000-09-26,3.014909505844116
2000-09-27,3.032336711883545
2000-09-28,3.0671911239624023
2000-09-29,3.032336711883545
2000-10-02,3.014909505844116
2000-10-03,2.9974827766418457
2000-10-04,2.910346508026123
2000-10-05,2.8754913806915283
2000-10-06,2.8580644130706787
2000-10-09,2.8580644130706787
2000-10-10,2.8754913806915283
2000-10-11,2.9701061248779297
2000-10-12,2.8985373973846436
2000-10-13,2.8985373973846436
2000-10-16,2.8985373973846436
2000-10-17,2.8806450366973877
2000-10-18,2.8627514839172363
2000-10-19,2.8806450366973877
2000-10-20,2.8985373973846436
2000-10-23,2.8806450366973877
2000-10-24,2.916429281234741
2000-10-25,2.8806450366973877
2000-10-26,2.9522147178649902
2000-10-27,2.9343228340148926
2000-10-30,2.9343228340148926
2000-10-31,3.005889892578125
2000-11-01,2.755399227142334
2000-11-02,2.79118275642395
2000-11-03,2.755399227142334
2000-11-06,2.7732906341552734
2000-11-07,2.755399227142334
2000-11-08,2.755399227142334
2000-11-09,2.755399227142334
2000-11-10,2.73750638961792
2000-11-13,2.755399227142334
2000-11-14,2.755399227142334
2000-11-15,2.7196149826049805
2000-11-16,2.7196149826049805
2000-11-17,2.73750638961792
2000-11-20,2.701721429824829
2000-11-21,2.755399227142334
2000-11-22,2.73750638961792
2000-11-24,2.7732906341552734
2000-11-27,2.755399227142334
2000-11-28,2.73750638961792
2000-11-29,2.755399227142334
2000-11-30,2.701721429824829
2000-12-01,2.755399227142334
2000-12-04,2.73750638961792
2000-12-05,2.8269684314727783
2000-12-06,2.844860315322876
2000-12-07,2.844860315322876
2000-12-08,2.916429281234741
2000-12-11,2.9522147178649902
2000-12-12,2.9522147178649902
2000-12-13,2.9701061248779297
2000-12-14,2.9701061248779297
2000-12-15,2.9701061248779297
2000-12-18,2.987997531890869
2000-12-19,3.005889892578125
2000-12-20,3.023782253265381
2000-12-21,3.023782253265381
2000-12-22,3.023782253265381
2000-12-26,3.041675329208374
2000-12-27,3.131136178970337
2000-12-28,3.184812307357788
2000-12-29,3.095350503921509
2001-01-02,3.095350503921509
2001-01-03,3.202704668045044
2001-01-04,3.2563815116882324
2001-01-05,3.1490275859832764
2001-01-08,3.131136178970337
2001-01-09,3.1490275859832764
2001-01-10,3.2093257904052734
2001-01-11,3.2276668548583984
2001-01-12,3.2276668548583984
2001-01-16,3.2093257904052734
2001-01-17,3.2093257904052734
2001-01-18,3.2093257904052734
2001-01-19,3.1543095111846924
2001-01-22,3.2093257904052734
2001-01-23,3.2276668548583984
2001-01-24,3.2093257904052734
2001-01-25,3.246004819869995
2001-01-26,3.2643423080444336
2001-01-29,3.298088550567627
2001-01-30,3.380246162414551
2001-01-31,3.2335333824157715
2001-02-01,3.3450357913970947
2001-02-02,3.3156919479370117
2001-02-05,3.283416986465454
2001-02-06,3.491746664047241
2001-02-07,3.453601837158203
2001-02-08,3.4037210941314697
2001-02-09,3.3156919479370117
2001-02-12,3.383178949356079
2001-02-13,3.3597066402435303
2001-02-14,3.3685100078582764
2001-02-15,3.3685100078582764
2001-02-16,3.3567726612091064
2001-02-20,3.3303637504577637
2001-02-21,3.383178949356079
2001-02-22,3.3685100078582764
2001-02-23,3.3655753135681152
2001-02-26,3.4477334022521973
2001-02-27,3.5093517303466797
2001-02-28,3.538694381713867
2001-03-01,3.5240230560302734
2001-03-02,3.56510329246521
2001-03-05,3.562168836593628
2001-03-06,3.538694381713867
2001-03-07,3.5563015937805176
2001-03-08,3.570969820022583
2001-03-09,3.5827085971832275
2001-03-12,3.6120519638061523
2001-03-13,3.6443278789520264
2001-03-14,3.562168836593628
2001-03-15,3.550433397293091
2001-03-16,3.5357589721679688
2001-03-19,3.591510057449341
2001-03-20,3.56510329246521
2001-03-21,3.550433397293091
2001-03-22,3.6003146171569824
2001-03-23,3.5797743797302246
2001-03-26,3.5885770320892334
2001-03-27,3.591510057449341
2001-03-28,3.576840400695801
2001-03-29,3.6619341373443604
2001-03-30,3.7264862060546875
2001-04-02,3.6384570598602295
2001-04-03,3.54162859916687
2001-04-04,3.559234857559204
2001-04-05,3.6707351207733154
2001-04-06,3.5827085971832275
2001-04-09,3.6384570598602295
2001-04-10,3.66845703125
2001-04-11,3.644458532333374
2001-04-12,3.5844669342041016
2001-04-16,3.572469711303711
2001-04-17,3.6654558181762695
2001-04-18,3.659456253051758
2001-04-19,3.66845703125
2001-04-20,3.7494423389434814
2001-04-23,3.7344446182250977
2001-04-24,3.7344446182250977
2001-04-25,3.746443748474121
2001-04-26,3.7794382572174072
2001-04-27,3.8184332847595215
2001-04-30,3.8304316997528076
2001-05-01,3.9084179401397705
2001-05-02,3.8964200019836426
2001-05-03,3.872424364089966
2001-05-04,3.917417287826538
2001-05-07,3.854426860809326
2001-05-08,3.917417287826538
2001-05-09,3.9084179401397705
2001-05-10,3.917417287826538
2001-05-11,3.887423038482666
2001-05-14,3.8964200019836426
2001-05-15,3.968412160873413
2001-05-16,3.9594123363494873
2001-05-17,3.977407693862915
2001-05-18,4.019403457641602
2001-05-21,4.034400939941406
2001-05-22,4.04040002822876
2001-05-23,4.034400939941406
2001-05-24,4.052399635314941
2001-05-25,3.9954044818878174
2001-05-29,3.992408037185669
2001-05-30,3.9654085636138916
2001-05-31,3.9474124908447266
2001-06-01,3.971410036087036
2001-06-04,4.016402244567871
2001-06-05,4.076394081115723
2001-06-06,4.055398464202881
2001-06-07,4.09438943862915
2001-06-08,4.076394081115723
2001-06-11,4.06139612197876
2001-06-12,4.16038179397583
2001-06-13,4.169380187988281
2001-06-14,4.187378883361816
2001-06-15,4.2293701171875
2001-06-18,4.196376800537109
2001-06-19,4.187378883361816
2001-06-20,4.268363952636719
2001-06-21,4.244370460510254
2001-06-22,4.172381401062012
2001-06-25,4.127387046813965
2001-06-26,4.226372718811035
2001-06-27,4.226372718811035
2001-06-28,4.247368335723877
2001-06-29,4.304360389709473
2001-07-02,4.244370460510254
2001-07-03,4.2383713722229
2001-07-05,4.277363300323486
2001-07-06,4.283362865447998
2001-07-09,4.241370677947998
2001-07-10,4.205376148223877
2001-07-11,4.21149206161499
2001-07-12,4.24513578414917
2001-07-13,4.278777122497559
2001-07-16,4.269602298736572
2001-07-17,4.300187587738037
2001-07-18,4.31242036819458
2001-07-19,4.336888790130615
2001-07-20,4.287952899932861
2001-07-23,4.309362411499023
2001-07-24,4.2604265213012695
2001-07-25,4.327713489532471
2001-07-26,4.349123477935791
2001-07-27,4.287952899932861
2001-07-30,4.266543865203857
2001-07-31,4.281834602355957
2001-08-01,4.272660732269287
2001-08-02,4.266543865203857
2001-08-03,4.297128200531006
2001-08-06,4.269602298736572
2001-08-07,4.297128200531006
2001-08-08,4.306303977966309
2001-08-09,4.297128200531006
2001-08-10,4.306303977966309
2001-08-13,4.291009902954102
2001-08-14,4.349123477935791
2001-08-15,4.343006134033203
2001-08-16,4.355240345001221
2001-08-17,4.373589515686035
2001-08-20,4.385823726654053
2001-08-21,4.410293102264404
2001-08-22,4.431702613830566
2001-08-23,4.4011149406433105
2001-08-24,4.391940116882324
2001-08-27,4.407234191894531
2001-08-28,4.379707336425781
2001-08-29,4.385823726654053
2001-08-30,4.398056507110596
2001-08-31,4.43475866317749
2001-09-04,4.459228038787842
2001-09-05,4.4408769607543945
2001-09-06,4.376649856567383
2001-09-07,4.3307719230651855
2001-09-10,4.361354827880859
2001-09-17,4.343006134033203
2001-09-18,4.373589515686035
2001-09-19,4.382763385772705
2001-09-20,4.3307719230651855
2001-09-21,4.321596145629883
2001-09-24,4.266543865203857
2001-09-25,4.278777122497559
2001-09-26,4.31242036819458
2001-09-27,4.3246564865112305
2001-09-28,4.367473602294922
2001-10-01,4.385823726654053
2001-10-02,4.364414691925049
2001-10-03,4.31242036819458
2001-10-04,4.336888790130615
2001-10-05,4.31242036819458
2001-10-08,4.339946746826172
2001-10-09,4.373589515686035
2001-10-10,4.423465728759766
2001-10-11,4.473343372344971
2001-10-12,4.479578495025635
2001-10-15,4.492049217224121
2001-10-16,4.551275730133057
2001-10-17,4.535690784454346
2001-10-18,4.520103454589844
2001-10-19,4.442171096801758
2001-10-22,4.379824161529541
2001-10-23,4.364236354827881
2001-10-24,4.3673553466796875
2001-10-25,4.426584243774414
2001-10-26,4.373589515686035
2001-10-29,4.3891777992248535
2001-10-30,4.370474815368652
2001-10-31,4.454639434814453
2001-11-01,4.50139856338501
2001-11-02,4.414116382598877
2001-11-05,4.407881259918213
2001-11-06,4.426584243774414
2001-11-07,4.3673553466796875
2001-11-08,4.382941722869873
2001-11-09,4.410998821258545
2001-11-12,4.4484052658081055
2001-11-13,4.47022819519043
2001-11-14,4.4889302253723145
2001-11-15,4.5045166015625
2001-11-16,4.460878372192383
2001-11-19,4.454639434814453
2001-11-20,4.426584243774414
2001-11-21,4.460878372192383
2001-11-23,4.492049217224121
2001-11-26,4.457756042480469
2001-11-27,4.4390549659729
2001-11-28,4.420351028442383
2001-11-29,4.520103454589844
2001-11-30,4.485812664031982
2001-12-03,4.476460933685303
2001-12-04,4.516988277435303
2001-12-05,4.551275730133057
2001-12-06,4.535690784454346
2001-12-07,4.535690784454346
2001-12-10,4.5045166015625
2001-12-11,4.588685035705566
2001-12-12,4.573096752166748
2001-12-13,4.529454708099365
2001-12-14,4.582451343536377
2001-12-17,4.4484052658081055
2001-12-18,4.5045166015625
2001-12-19,4.4889302253723145
2001-12-20,4.4889302253723145
2001-12-21,4.50139856338501
2001-12-24,4.516988277435303
2001-12-26,4.529454708099365
2001-12-27,4.50763463973999
2001-12-28,4.498283863067627
2001-12-31,4.4889302253723145
2002-01-02,4.523220539093018
2002-01-03,4.523220539093018
2002-01-04,4.529454708099365
2002-01-07,4.520103454589844
2002-01-08,4.495164394378662
2002-01-09,4.4889302253723145
2002-01-10,4.50763463973999
2002-01-11,4.520340442657471
2002-01-14,4.529870986938477
2002-01-15,4.526695728302002
2002-01-16,4.479043960571289
2002-01-17,4.526695728302002
2002-01-18,4.49492883682251
2002-01-22,4.49492883682251
2002-01-23,4.50763463973999
2002-01-24,4.50128173828125
2002-01-25,4.49492883682251
2002-01-28,4.536223888397217
2002-01-29,4.520340442657471
2002-01-30,4.529870986938477
2002-01-31,4.5552849769592285
2002-02-01,4.50128173828125
2002-02-04,4.504458427429199
2002-02-05,4.50763463973999
2002-02-06,4.498105049133301
2002-02-07,4.498105049133301
2002-02-08,4.523517608642578
2002-02-11,4.526695728302002
2002-02-12,4.520340442657471
2002-02-13,4.526695728302002
2002-02-14,4.50128173828125
2002-02-15,4.510810852050781
2002-02-19,4.45363187789917
2002-02-20,4.51716423034668
2002-02-21,4.437750339508057
2002-02-22,4.510810852050781
2002-02-25,4.50763463973999
2002-02-26,4.520340442657471
2002-02-27,4.545754909515381
2002-02-28,4.479043960571289
2002-03-01,4.5584611892700195
2002-03-04,4.602933883666992
2002-03-05,4.634699821472168
2002-03-06,4.691878795623779
2002-03-07,4.695053577423096
2002-03-08,4.691878795623779
2002-03-11,4.669642925262451
2002-03-12,4.660114765167236
2002-03-13,4.736351490020752
2002-03-14,4.790355205535889
2002-03-15,4.799886226654053
2002-03-18,4.841179847717285
2002-03-19,4.88883113861084
2002-03-20,4.866593837738037
2002-03-21,4.955539703369141
2002-03-22,4.958718299865723
2002-03-25,4.952362060546875
2002-03-26,4.984128475189209
2002-03-27,5.054011821746826
2002-03-28,5.031778812408447
2002-04-01,5.054011821746826
2002-04-02,5.038130283355713
2002-04-03,5.034954071044922
2002-04-04,5.079426288604736
2002-04-05,5.117546558380127
2002-04-08,5.193787097930908
2002-04-09,5.196963787078857
2002-04-10,5.296494007110596
2002-04-11,5.248022079467773
2002-04-12,5.396673679351807
2002-04-15,5.30618953704834
2002-04-16,5.206010818481445
2002-04-17,5.096137046813965
2002-04-18,5.1252217292785645
2002-04-19,5.07675313949585
2002-04-22,4.992730617523193
2002-04-23,4.944256782531738
2002-04-24,5.121992111206055
2002-04-25,5.2544846534729
2002-04-26,5.186621189117432
2002-04-29,5.202783107757568
2002-04-30,5.396673679351807
2002-05-01,5.377282619476318
2002-05-02,5.348198413848877
2002-05-03,5.364354610443115
2002-05-06,5.332039833068848
2002-05-07,5.332039833068848
2002-05-08,5.251254081726074
2002-05-09,5.186621189117432
2002-05-10,5.105834484100342
2002-05-13,5.105834484100342
2002-05-14,5.121992111206055
2002-05-15,5.121992111206055
2002-05-16,5.079980373382568
2002-05-17,5.050897598266602
2002-05-20,5.031508445739746
2002-05-21,4.9991936683654785
2002-05-22,4.950721740722656
2002-05-23,5.067055702209473
2002-05-24,5.07675313949585
2002-05-28,5.1122965812683105
2002-05-29,5.225403308868408
2002-05-30,5.228631496429443
2002-05-31,5.121992111206055
2002-06-03,5.057360649108887
2002-06-04,5.1543073654174805
2002-06-05,5.170464515686035
2002-06-06,5.096137046813965
2002-06-07,5.118760108947754
2002-06-10,5.1543073654174805
2002-06-11,5.0735182762146
2002-06-12,5.099371433258057
2002-06-13,5.0735182762146
2002-06-14,5.041203498840332
2002-06-17,5.099371433258057
2002-06-18,5.057360649108887
2002-06-19,5.089674472808838
2002-06-20,5.096137046813965
2002-06-21,5.1543073654174805
2002-06-24,5.083212375640869
2002-06-25,5.1252217292785645
2002-06-26,5.096137046813965
2002-06-27,5.092906951904297
2002-06-28,5.089674472808838
2002-07-01,5.079980373382568
2002-07-02,5.079980373382568
2002-07-03,5.031508445739746
2002-07-05,5.070285797119141
2002-07-08,5.031508445739746
2002-07-09,5.025045394897461
2002-07-10,4.902644157409668
2002-07-11,4.843419075012207
2002-07-12,4.8697381019592285
2002-07-15,4.780900955200195
2002-07-16,4.83025598526001
2002-07-17,4.803931713104248
2002-07-18,4.688771724700928
2002-07-19,4.606508731842041
2002-07-22,4.632833480834961
2002-07-23,4.622961521148682
2002-07-24,4.6558661460876465
2002-07-25,4.846706390380859
2002-07-26,4.975030899047852
2002-07-29,5.1790337562561035
2002-07-30,5.267871856689453
2002-07-31,5.330390453338623
2002-08-01,5.231680393218994
2002-08-02,5.083613872528076
2002-08-05,5.007936000823975
2002-08-06,4.991486549377441
2002-08-07,5.063872337341309
2002-08-08,5.044126987457275
2002-08-09,5.073741436004639
2002-08-12,5.146131992340088
2002-08-13,5.182324409484863
2002-08-14,5.231680393218994
2002-08-15,5.221806526184082
2002-08-16,5.313938617706299
2002-08-19,5.11980676651001
2002-08-20,5.274453639984131
2002-08-21,5.346843719482422
2002-08-22,5.3797478675842285
2002-08-23,5.320522785186768
2002-08-26,5.353425979614258
2002-08-27,5.3797478675842285
2002-08-28,5.402780055999756
2002-08-29,5.3961992263793945
2002-08-30,5.465296745300293
2002-09-03,5.406069755554199
2002-09-04,5.3797478675842285
2002-09-05,5.323809623718262
2002-09-06,5.356714725494385
2002-09-09,5.333679676055908
2002-09-10,5.327102184295654
2002-09-11,5.307357311248779
2002-09-12,5.258001804351807
2002-09-13,5.281035423278809
2002-09-16,5.231680393218994
2002-09-17,5.234967231750488
2002-09-18,5.215229034423828
2002-09-19,5.202066898345947
2002-09-20,5.281035423278809
2002-09-23,5.297490119934082
2002-09-24,5.198777198791504
2002-09-25,5.1230974197387695
2002-09-26,5.264584541320801
2002-09-27,5.248132228851318
2002-09-30,5.234967231750488
2002-10-01,5.215229034423828
2002-10-02,5.063872337341309
2002-10-03,5.067162036895752
2002-10-04,4.984901428222656
2002-10-07,4.8401265144348145
2002-10-08,4.8006415367126465
2002-10-09,4.679215908050537
2002-10-10,4.726177215576172
2002-10-11,4.850286483764648
2002-10-14,4.796616554260254
2002-10-15,4.8838276863098145
2002-10-16,4.95762300491333
2002-10-17,4.991166114807129
2002-10-18,4.997873783111572
2002-10-21,4.947558403015137
2002-10-22,4.863703727722168
2002-10-23,4.843576431274414
2002-10-24,4.897244453430176
2002-10-25,4.991166114807129
2002-10-28,4.981101036071777
2002-10-29,4.960978031158447
2002-10-30,4.85364294052124
2002-10-31,4.84022331237793
2002-11-01,4.8938889503479
2002-11-04,4.950916290283203
2002-11-05,4.95762300491333
2002-11-06,5.0314154624938965
2002-11-07,5.038125991821289
2002-11-08,4.981101036071777
2002-11-11,4.947558403015137
2002-11-12,5.054897308349609
2002-11-13,5.105209827423096
2002-11-14,5.236029148101807
2002-11-15,5.2729268074035645
2002-11-18,5.256153106689453
2002-11-19,5.199131965637207
2002-11-20,5.24944543838501
2002-11-21,5.199131965637207
2002-11-22,5.246091842651367
2002-11-25,5.21589994430542
2002-11-26,5.225966453552246
2002-11-27,5.24944543838501
2002-11-29,5.205839157104492
2002-12-02,5.299759387969971
2002-12-03,5.346718788146973
2002-12-04,5.36684513092041
2002-12-05,5.3735527992248535
2002-12-06,5.38026237487793
2002-12-09,5.376908779144287
2002-12-10,5.343362808227539
2002-12-11,5.3735527992248535
2002-12-12,5.340007781982422
2002-12-13,5.262861728668213
2002-12-16,5.299759387969971
2002-12-17,5.24944543838501
2002-12-18,5.21589994430542
2002-12-19,5.19577693939209
2002-12-20,5.225966453552246
2002-12-23,5.289695739746094
2002-12-24,5.252799987792969
2002-12-26,5.303112030029297
2002-12-27,5.303112030029297
2002-12-30,5.390323638916016
2002-12-31,5.4875993728637695
2003-01-02,5.407095909118652
2003-01-03,5.454057216644287
2003-01-06,5.527847766876221
2003-01-07,5.464118003845215
2003-01-08,5.403743743896484
2003-01-09,5.440639019012451
2003-01-10,5.413803577423096
2003-01-13,5.400388717651367
2003-01-14,5.440639019012451
2003-01-15,5.409241199493408
2003-01-16,5.3580474853515625
2003-01-17,5.282968044281006
2003-01-21,5.30685567855835
2003-01-22,5.282968044281006
2003-01-23,5.262491703033447
2003-01-24,5.340986728668213
2003-01-27,5.375113487243652
2003-01-28,5.354636192321777
2003-01-29,5.419480323791504
2003-01-30,5.385351181030273
2003-01-31,5.457018852233887
2003-02-03,5.392178058624268
2003-02-04,5.409241199493408
2003-02-05,5.388764381408691
2003-02-06,5.409241199493408
2003-02-07,5.3580474853515625
2003-02-10,5.409241199493408
2003-02-11,5.269317150115967
2003-02-12,5.2351908683776855
2003-02-13,5.25225305557251
2003-02-14,5.194235801696777
2003-02-18,5.204474449157715
2003-02-19,5.269317150115967
2003-02-20,5.313684463500977
2003-02-21,5.368288040161133
2003-02-24,5.255665302276611
2003-02-25,5.340986728668213
2003-02-26,5.300034523010254
2003-02-27,5.351225852966309
2003-02-28,5.313684463500977
2003-03-03,5.364877223968506
2003-03-04,5.323923587799072
2003-03-05,5.347811698913574
2003-03-06,5.347811698913574
2003-03-07,5.375113487243652
2003-03-10,5.28638219833374
2003-03-11,5.2351908683776855
2003-03-12,5.22153902053833
2003-03-13,5.282968044281006
2003-03-14,5.347811698913574
2003-03-17,5.388764381408691
2003-03-18,5.388764381408691
2003-03-19,5.494561195373535
2003-03-20,5.5628156661987305
2003-03-21,5.709563732147217
2003-03-24,5.477495193481445
2003-03-25,5.497975826263428
2003-03-26,5.538926124572754
2003-03-27,5.511623859405518
2003-03-28,5.480908393859863
2003-03-31,5.45360803604126
2003-04-01,5.5628156661987305
2003-04-02,5.668610572814941
2003-04-03,5.631070137023926
2003-04-04,5.579878807067871
2003-04-07,5.6822614669799805
2003-04-08,5.64813232421875
2003-04-09,5.70543098449707
2003-04-10,5.667235851287842
2003-04-11,5.5943121910095215
2003-04-14,5.729739189147949
2003-04-15,5.750574111938477
2003-04-16,5.816553592681885
2003-04-17,5.851281642913818
2003-04-21,5.868645191192627
2003-04-22,5.903368949890137
2003-04-23,5.892951488494873
2003-04-24,5.892951488494873
2003-04-25,5.826971054077148
2003-04-28,5.816553592681885
2003-04-29,5.774884223937988
2003-04-30,5.795717716217041
2003-05-01,5.858224868774414
2003-05-02,5.8894782066345215
2003-05-05,5.927675724029541
2003-05-06,5.965876579284668
2003-05-07,5.938095569610596
2003-05-08,5.990184783935547
2003-05-09,6.045743942260742
2003-05-12,6.0700531005859375
2003-05-13,6.045743942260742
2003-05-14,6.028380870819092
2003-05-15,6.073525428771973
2003-05-16,6.13602876663208
2003-05-19,6.073525428771973
2003-05-20,6.090886116027832
2003-05-21,6.024909496307373
2003-05-22,6.042271137237549
2003-05-23,6.0526909828186035
2003-05-27,6.076997756958008
2003-05-28,5.958929538726807
2003-05-29,5.872113227844238
2003-05-30,5.938095569610596
2003-06-02,5.965876579284668
2003-06-03,5.958929538726807
2003-06-04,5.9728193283081055
2003-06-05,5.955455303192139
2003-06-06,6.0005998611450195
2003-06-09,5.9728193283081055
2003-06-10,6.0526909828186035
2003-06-11,6.063107013702393
2003-06-12,5.962403297424316
2003-06-13,5.879061698913574
2003-06-16,6.007546901702881
2003-06-17,5.927675724029541
2003-06-18,5.920731067657471
2003-06-19,5.882532119750977
2003-06-20,5.899898052215576
2003-06-23,5.868645191192627
2003-06-24,5.924205303192139
2003-06-25,5.938095569610596
2003-06-26,5.983238220214844
2003-06-27,5.948509216308594
2003-06-30,5.97976541519165
2003-07-01,6.10825252532959
2003-07-02,6.1672844886779785
2003-07-03,6.219367980957031
2003-07-07,6.250627040863037
2003-07-08,6.212430000305176
2003-07-09,6.243682384490967
2003-07-10,6.104778289794922
2003-07-11,6.188118934631348
2003-07-14,6.2471537590026855
2003-07-15,6.267987251281738
2003-07-16,6.326204776763916
2003-07-17,6.1533203125
2003-07-18,6.2626953125
2003-07-21,6.174488544464111
2003-07-22,6.25563907623291
2003-07-23,6.188600063323975
2003-07-24,6.29797887802124
2003-07-25,6.322678089141846
2003-07-28,6.294450283050537
2003-07-29,6.502617835998535
2003-07-30,6.520262241363525
2003-07-31,6.3614912033081055
2003-08-01,6.386185169219971
2003-08-04,6.393239498138428
2003-08-05,6.389714241027832
2003-08-06,6.386185169219971
2003-08-07,6.382656097412109
2003-08-08,6.368542671203613
2003-08-11,6.400295734405518
2003-08-12,6.403829097747803
2003-08-13,6.350903034210205
2003-08-14,6.312094688415527
2003-08-15,6.23446798324585
2003-08-18,6.312094688415527
2003-08-19,6.315621376037598
2003-08-20,6.3403167724609375
2003-08-21,6.379129886627197
2003-08-22,6.305038928985596
2003-08-25,6.24858283996582
2003-08-26,6.3297319412231445
2003-08-27,6.4214677810668945
2003-08-28,6.407351493835449
2003-08-29,6.463807582855225
2003-09-02,6.611997604370117
2003-09-03,6.664920806884766
2003-09-04,6.608467102050781
2003-09-05,6.502617835998535
2003-09-08,6.495563507080078
2003-09-09,6.456750392913818
2003-09-10,6.350903034210205
2003-09-11,6.386185169219971
2003-09-12,6.432051658630371
2003-09-15,6.372073650360107
2003-09-16,6.343848705291748
2003-09-17,6.305038928985596
2003-09-18,6.3403167724609375
2003-09-19,6.350903034210205
2003-09-22,6.368542671203613
2003-09-23,6.389714241027832
2003-09-24,6.350903034210205
2003-09-25,6.368542671203613
2003-09-26,6.368542671203613
2003-09-29,6.393239498138428
2003-09-30,6.460277557373047
2003-10-01,6.463807582855225
2003-10-02,6.463807582855225
2003-10-03,6.502617835998535
2003-10-06,6.597885608673096
2003-10-07,6.523789882659912
2003-10-08,6.541425704956055
2003-10-09,6.566128253936768
2003-10-10,6.537901878356934
2003-10-13,6.562598705291748
2003-10-14,6.594356060028076
2003-10-15,6.563899517059326
2003-10-16,6.55314826965332
2003-10-17,6.556732654571533
2003-10-20,6.535238742828369
2003-10-21,6.520903587341309
2003-10-22,6.374004364013672
2003-10-23,6.3345947265625
2003-10-24,6.273683547973633
2003-10-27,6.413417339324951
2003-10-28,6.3059282302856445
2003-10-29,6.3130974769592285
2003-10-30,6.320261001586914
2003-10-31,6.252185344696045
2003-11-03,6.431329727172852
2003-11-04,6.377587795257568
2003-11-05,6.384753227233887
2003-11-06,6.395501613616943
2003-11-07,6.438496112823486
2003-11-10,6.442081928253174
2003-11-11,6.442081928253174
2003-11-12,6.535238742828369
2003-11-13,6.528069496154785
2003-11-14,6.499404430389404
2003-11-17,6.549567699432373
2003-11-18,6.538817405700684
2003-11-19,6.549567699432373
2003-11-20,6.467158317565918
2003-11-21,6.499404430389404
2003-11-24,6.556732654571533
2003-11-25,6.592564105987549
2003-11-26,6.628392219543457
2003-11-28,6.610477924346924
2003-12-01,6.771710395812988
2003-12-02,6.735880374908447
2003-12-03,6.793208599090576
2003-12-04,6.703634262084961
2003-12-05,6.717965602874756
2003-12-08,6.782458782196045
2003-12-09,6.80037260055542
2003-12-10,6.803954601287842
2003-12-11,6.911441326141357
2003-12-12,6.915025234222412
2003-12-15,6.796788692474365
2003-12-16,6.900693416595459
2003-12-17,6.818287372589111
2003-12-18,6.793208599090576
2003-12-19,6.879197120666504
2003-12-22,6.911441326141357
2003-12-23,6.872025966644287
2003-12-24,6.8863606452941895
2003-12-26,6.8612823486328125
2003-12-29,6.875610828399658
2003-12-30,6.94010591506958
2003-12-31,6.879197120666504
2004-01-02,6.8971099853515625
2004-01-05,6.915025234222412
2004-01-06,6.807538032531738
2004-01-07,6.771710395812988
2004-01-08,6.746631145477295
2004-01-09,6.771710395812988
2004-01-12,6.685718536376953
2004-01-13,6.635556221008301
2004-01-14,6.7247090339660645
2004-01-15,6.662849426269531
2004-01-16,6.622824668884277
2004-01-20,6.615545272827148
2004-01-21,6.579155445098877
2004-01-22,6.586433410644531
2004-01-23,6.586433410644531
2004-01-26,6.568238735198975
2004-01-27,6.564598083496094
2004-01-28,6.662849426269531
2004-01-29,6.641014099121094
2004-01-30,6.731991291046143
2004-02-02,6.85935115814209
2004-02-03,6.826598167419434
2004-02-04,6.710154056549072
2004-02-05,6.768375873565674
2004-02-06,6.870266437530518
2004-02-09,6.870266437530518
2004-02-10,6.906656265258789
2004-02-11,6.9757981300354
2004-02-12,6.873904228210449
2004-02-13,6.7611002922058105
2004-02-17,6.80476713180542
2004-02-18,6.7611002922058105
2004-02-19,6.753824234008789
2004-02-20,6.782933712005615
2004-02-23,6.78657341003418
2004-02-24,6.793849945068359
2004-02-25,6.822957992553711
2004-02-26,6.8520731925964355
2004-02-27,6.866631031036377
2004-03-01,6.9685163497924805
2004-03-02,6.986710548400879
2004-03-03,7.0594892501831055
2004-03-04,7.048573017120361
2004-03-05,7.1504645347595215
2004-03-08,7.0886006355285645
2004-03-09,7.092242240905762
2004-03-10,7.026740074157715
2004-03-11,6.91757345199585
2004-03-12,6.997629642486572
2004-03-15,6.9685163497924805
2004-03-16,7.001267910003662
2004-03-17,7.106799125671387
2004-03-18,7.146825313568115
2004-03-19,7.1213531494140625
2004-03-22,7.044936180114746
2004-03-23,7.110437393188477
2004-03-24,7.004906177520752
2004-03-25,7.081325531005859
2004-03-26,6.921212196350098
2004-03-29,7.004906177520752
2004-03-30,7.052212238311768
2004-03-31,7.139547824859619
2004-04-01,7.237799644470215
2004-04-02,7.161381721496582
2004-04-05,7.004906177520752
2004-04-06,6.892101764678955
2004-04-07,6.961245536804199
2004-04-08,6.913935661315918
2004-04-12,6.641014099121094
2004-04-13,6.571876049041748
2004-04-14,6.480515003204346
2004-04-15,6.713547229766846
2004-04-16,6.658057689666748
2004-04-19,6.732039451599121
2004-04-20,6.584085941314697
2004-04-21,6.6617608070373535
2004-04-22,6.769029140472412
2004-04-23,6.632167816162109
2004-04-26,6.746834754943848
2004-04-27,6.850406646728516
2004-04-28,6.769029140472412
2004-04-29,6.654364585876465
2004-04-30,6.639567852020264
2004-05-03,6.865201473236084
2004-05-04,6.965073585510254
2004-05-05,6.953973770141602
2004-05-06,7.0279541015625
2004-05-07,6.817113876342773
2004-05-10,6.861503601074219
2004-05-11,6.953973770141602
2004-05-12,6.883697509765625
2004-05-13,6.916986465454102
2004-05-14,7.002061367034912
2004-05-17,7.013155937194824
2004-05-18,7.183308124542236
2004-05-19,6.909590721130371
2004-05-20,7.064943790435791
2004-05-21,6.968772888183594
2004-05-24,6.972469806671143
2004-05-25,7.138923645019531
2004-05-26,7.268383502960205
2004-05-27,7.33866548538208
2004-05-28,7.3756561279296875
2004-06-01,7.272083282470703
2004-06-02,7.383053302764893
2004-06-03,7.268383502960205
2004-06-04,7.342360496520996
2004-06-07,7.297974586486816
2004-06-08,7.3312668800354
2004-06-09,7.286881923675537
2004-06-10,7.224001407623291
2004-06-14,7.079738616943359
2004-06-15,7.187006950378418
2004-06-16,7.294274806976318
2004-06-17,7.357160568237305
2004-06-18,7.342360496520996
2004-06-21,7.360855579376221
2004-06-22,7.33866548538208
2004-06-23,7.33866548538208
2004-06-24,7.297974586486816
2004-06-25,7.323866367340088
2004-06-28,7.334963321685791
2004-06-29,7.172212600708008
2004-06-30,7.316470623016357
2004-07-01,7.297974586486816
2004-07-02,7.353461742401123
2004-07-06,7.294274806976318
2004-07-07,7.323866367340088
2004-07-08,7.323866367340088
2004-07-09,7.238790988922119
2004-07-12,7.349761009216309
2004-07-13,7.286881923675537
2004-07-14,7.318045616149902
2004-07-15,7.411910533905029
2004-07-16,7.404403209686279
2004-07-19,7.46823263168335
2004-07-20,7.509537696838379
2004-07-21,7.479499340057373
2004-07-22,7.30302619934082
2004-07-23,7.246702194213867
2004-07-26,7.171609878540039
2004-07-27,7.164097309112549
2004-07-28,7.201644420623779
2004-07-29,7.190377235412598
2004-07-30,7.280495643615723
2004-08-02,7.449463367462158
2004-08-03,7.441949844360352
2004-08-04,7.543332576751709
2004-08-05,7.415668964385986
2004-08-06,7.419421672821045
2004-08-09,7.4982733726501465
2004-08-10,7.554592132568359
2004-08-11,7.573366165161133
2004-08-12,7.4945197105407715
2004-08-13,7.464480400085449
2004-08-16,7.509537696838379
2004-08-17,7.5996479988098145
2004-08-18,7.689764976501465
2004-08-19,7.547085762023926
2004-08-20,7.734820365905762
2004-08-23,7.746084690093994
2004-08-24,7.877501964569092
2004-08-25,7.836200714111328
2004-08-26,7.80991792678833
2004-08-27,7.888767719268799
2004-08-30,7.960112571716309
2004-08-31,7.971376419067383
2004-09-01,7.9375810623168945
2004-09-02,7.922560691833496
2004-09-03,7.971376419067383
2004-09-07,7.753594875335693
2004-09-08,7.701031684875488
2004-09-09,7.5696120262146
2004-09-10,7.528312683105469
2004-09-13,7.423182010650635
2004-09-14,7.359348773956299
2004-09-15,7.423182010650635
2004-09-16,7.490767955780029
2004-09-17,7.419421672821045
2004-09-20,7.3668532371521
2004-09-21,7.378118515014648
2004-09-22,7.246702194213867
2004-09-23,7.265477180480957
2004-09-24,7.284247398376465
2004-09-27,7.340575218200684
2004-09-28,7.4081597328186035
2004-09-29,7.3668532371521
2004-09-30,7.445704936981201
2004-10-01,7.610915184020996
2004-10-04,7.539577960968018
2004-10-05,7.487009048461914
2004-10-06,7.5057806968688965
2004-10-07,7.4269328117370605
2004-10-08,7.5057806968688965
2004-10-11,7.456974029541016
2004-10-12,7.535820007324219
2004-10-13,7.4721856117248535
2004-10-14,7.5712571144104
2004-10-15,7.590309143066406
2004-10-18,7.658897399902344
2004-10-19,7.582686901092529
2004-10-20,7.60936164855957
2004-10-21,7.66270637512207
2004-10-22,7.632222652435303
2004-10-25,7.5864996910095215
2004-10-26,7.704617977142334
2004-10-27,7.944674968719482
2004-10-28,7.978968620300293
2004-10-29,8.032316207885742
2004-11-01,8.119953155517578
2004-11-02,8.131387710571289
2004-11-03,8.24569320678711
2004-11-04,8.41716480255127
2004-11-05,8.333333969116211
2004-11-08,8.382872581481934
2004-11-09,8.424786567687988
2004-11-10,8.478131294250488
2004-11-11,8.535285949707031
2004-11-12,8.82487964630127
2004-11-15,8.798203468322754
2004-11-16,8.664837837219238
2004-11-17,8.60006046295166
2004-11-18,8.603873252868652
2004-11-19,8.481939315795898
2004-11-22,8.539098739624023
2004-11-23,8.664837837219238
2004-11-24,8.687701225280762
2004-11-26,8.645790100097656
2004-11-29,8.672459602355957
2004-11-30,8.760098457336426
2004-12-01,8.923949241638184
2004-12-02,8.870607376098633
2004-12-03,9.064934730529785
2004-12-06,9.042072296142578
2004-12-07,8.954426765441895
2004-12-08,8.931570053100586
2004-12-09,9.08779239654541
2004-12-10,9.221158027648926
2004-12-13,9.232590675354004
2004-12-14,9.240206718444824
2004-12-15,9.217348098754883
2004-12-16,9.026829719543457
2004-12-17,9.160189628601074
2004-12-20,9.125898361206055
2004-12-21,9.28974437713623
2004-12-22,9.373577117919922
2004-12-23,9.240206718444824
2004-12-27,9.259258270263672
2004-12-28,9.293556213378906
2004-12-29,9.32784652709961
2004-12-30,9.385008811950684
2004-12-31,9.449780464172363
2005-01-03,9.3507080078125
2005-01-04,9.183053016662598
2005-01-05,8.874414443969727
2005-01-06,8.874414443969727
2005-01-07,8.813443183898926
2005-01-10,8.741045951843262
2005-01-11,8.62292194366455
2005-01-12,8.620223999023438
2005-01-13,8.608642578125
2005-01-14,8.689711570739746
2005-01-18,8.797799110412598
2005-01-19,8.809385299682617
2005-01-20,8.755337715148926
2005-01-21,8.840265274047852
2005-01-24,8.6395263671875
2005-01-25,8.415624618530273
2005-01-26,8.512138366699219
2005-01-27,8.38473892211914
2005-01-28,8.519855499267578
2005-01-31,8.57776165008545
2005-02-01,8.705151557922363
2005-02-02,8.778498649597168
2005-02-03,8.58934211730957
2005-02-04,8.763056755065918
2005-02-07,8.643387794494629
2005-02-08,8.658828735351562
2005-02-09,8.620223999023438
2005-02-10,8.755337715148926
2005-02-11,8.716733932495117
2005-02-14,8.6858491897583
2005-02-15,8.724456787109375
2005-02-16,8.72059440612793
2005-02-17,8.705151557922363
2005-02-18,8.6858491897583
2005-02-22,8.407903671264648
2005-02-23,8.442644119262695
2005-02-24,8.396323204040527
2005-02-25,8.492833137512207
2005-02-28,8.5314302444458
2005-03-01,8.627945899963379
2005-03-02,8.585480690002441
2005-03-03,8.6858491897583
2005-03-04,8.82868480682373
2005-03-07,8.89045238494873
2005-03-08,8.801660537719727
2005-03-09,8.512138366699219
2005-03-10,8.570035934448242
2005-03-11,8.473526954650879
2005-03-14,8.674267768859863
2005-03-15,8.6395263671875
2005-03-16,8.500553131103516
2005-03-17,8.5314302444458
2005-03-18,8.473526954650879
2005-03-21,8.38473892211914
2005-03-22,8.187860488891602
2005-03-23,8.091351509094238
2005-03-24,8.060467720031738
2005-03-28,8.033449172973633
2005-03-29,7.979398727416992
2005-03-30,8.029586791992188
2005-03-31,8.05660629272461
2005-04-01,8.048888206481934
2005-04-04,8.048888206481934
2005-04-05,8.018007278442383
2005-04-06,8.04503059387207
2005-04-07,8.187860488891602
2005-04-08,8.095210075378418
2005-04-11,8.156978607177734
2005-04-12,8.2650728225708
2005-04-13,8.2650728225708
2005-04-14,8.120205879211426
2005-04-15,8.081053733825684
2005-04-18,8.1632719039917
2005-04-19,8.268985748291016
2005-04-20,8.241576194763184
2005-04-21,8.288559913635254
2005-04-22,8.468663215637207
2005-04-25,8.652677536010742
2005-04-26,8.633102416992188
2005-04-27,8.715323448181152
2005-04-28,8.668336868286133
2005-04-29,8.67225456237793
2005-05-02,8.723153114318848
2005-05-03,8.6918306350708
2005-05-04,8.762300491333008
2005-05-05,8.875845909118652
2005-05-06,8.840607643127441
2005-05-09,9.005047798156738
2005-05-10,8.954153060913086
2005-05-11,9.036369323730469
2005-05-12,9.012880325317383
2005-05-13,8.99329948425293
2005-05-16,9.13033676147461
2005-05-17,9.134251594543457
2005-05-18,9.22038745880127
2005-05-19,9.380910873413086
2005-05-20,9.302607536315918
2005-05-23,9.286948204040527
2005-05-24,9.134251594543457
2005-05-25,8.99721622467041
2005-05-26,8.926749229431152
2005-05-27,8.965896606445312
2005-05-31,9.024625778198242
2005-06-01,9.063780784606934
2005-06-02,9.020707130432129
2005-06-03,8.99329948425293
2005-06-06,9.126422882080078
2005-06-07,9.200812339782715
2005-06-08,9.18906307220459
2005-06-09,9.142081260681152
2005-06-10,9.142081260681152
2005-06-13,9.200812339782715
2005-06-14,9.200812339782715
2005-06-15,9.251708984375
2005-06-16,9.283036231994629
2005-06-17,9.396576881408691
2005-06-20,9.423978805541992
2005-06-21,9.345678329467773
2005-06-22,9.353507041931152
2005-06-23,9.400485038757324
2005-06-24,9.404406547546387
2005-06-27,9.263456344604492
2005-06-28,9.259543418884277
2005-06-29,9.306524276733398
2005-06-30,9.41615104675293
2005-07-01,9.498367309570312
2005-07-05,9.533607482910156
2005-07-06,9.48270320892334
2005-07-07,9.541436195373535
2005-07-08,9.604081153869629
2005-07-11,9.694130897521973
2005-07-12,9.741116523742676
2005-07-13,9.709410667419434
2005-07-14,9.54296588897705
2005-07-15,9.582596778869629
2005-07-18,9.570704460144043
2005-07-19,9.66185188293457
2005-07-20,9.681669235229492
2005-07-21,9.574670791625977
2005-07-22,9.689596176147461
2005-07-25,9.760931968688965
2005-07-26,9.871892929077148
2005-07-27,9.939263343811035
2005-07-28,10.038342475891113
2005-07-29,10.085898399353027
2005-08-01,10.109676361083984
2005-08-02,10.244417190551758
2005-08-03,10.240455627441406
2005-08-04,10.10174560546875
2005-08-05,9.677704811096191
2005-08-08,9.293292045593262
2005-08-09,9.360660552978516
2005-08-10,9.443888664245605
2005-08-11,9.487480163574219
2005-08-12,9.53107738494873
2005-08-15,9.681669235229492
2005-08-16,9.642032623291016
2005-08-17,9.499366760253906
2005-08-18,9.37255573272705
2005-08-19,9.293292045593262
2005-08-22,9.324994087219238
2005-08-23,9.35273551940918
2005-08-24,9.273477554321289
2005-08-25,9.344812393188477
2005-08-26,9.178361892700195
2005-08-29,9.174402236938477
2005-08-30,9.154589653015137
2005-08-31,9.384443283081055
2005-09-01,9.408222198486328
2005-09-02,9.404253959655762
2005-09-06,9.642032623291016
2005-09-07,9.515218734741211
2005-09-08,9.511261940002441
2005-09-09,9.61825942993164
2005-09-12,9.598442077636719
2005-09-13,9.511261940002441
2005-09-14,9.519187927246094
2005-09-15,9.495405197143555
2005-09-16,9.535041809082031
2005-09-19,9.52314567565918
2005-09-20,9.459739685058594
2005-09-21,9.277438163757324
2005-09-22,9.257631301879883
2005-09-23,9.233843803405762
2005-09-26,9.225926399230957
2005-09-27,9.158550262451172
2005-09-28,9.095144271850586
2005-09-29,9.142698287963867
2005-09-30,9.392372131347656
2005-10-03,9.431998252868652
2005-10-04,9.293292045593262
2005-10-05,8.964363098144531
2005-10-06,8.782062530517578
2005-10-07,8.679023742675781
2005-10-10,8.667137145996094
2005-10-11,8.56013298034668
2005-10-12,8.479753494262695
2005-10-13,8.588269233703613
2005-10-14,8.853510856628418
2005-10-17,8.889677047729492
2005-10-18,8.841451644897461
2005-10-19,8.8735990524292
2005-10-20,8.672661781311035
2005-10-21,8.744997024536133
2005-10-24,8.90173625946045
2005-10-25,8.917813301086426
2005-10-26,8.680699348449707
2005-10-27,8.556116104125977
2005-10-28,8.86556625366211
2005-10-31,8.893697738647461
2005-11-01,8.68471908569336
2005-11-02,8.829397201538086
2005-11-03,8.712850570678711
2005-11-04,8.724905014038086
2005-11-07,8.76107406616211
2005-11-08,8.708830833435059
2005-11-09,8.740979194641113
2005-11-10,8.793225288391113
2005-11-11,8.83742904663086
2005-11-14,8.841451644897461
2005-11-15,8.86556625366211
2005-11-16,8.853510856628418
2005-11-17,8.97407341003418
2005-11-18,9.022302627563477
2005-11-21,9.074549674987793
2005-11-22,9.126786231994629
2005-11-23,9.219223976135254
2005-11-25,9.235300064086914
2005-11-28,9.122770309448242
2005-11-29,9.014261245727539
2005-11-30,8.998186111450195
2005-12-01,9.239315032958984
2005-12-02,9.32371711730957
2005-12-05,9.275486946105957
2005-12-06,9.247356414794922
2005-12-07,9.243335723876953
2005-12-08,9.303618431091309
2005-12-09,9.315675735473633
2005-12-12,9.34782600402832
2005-12-13,9.448297500610352
2005-12-14,9.444280624389648
2005-12-15,9.351839065551758
2005-12-16,9.40408992767334
2005-12-19,9.283525466918945
2005-12-20,9.267449378967285
2005-12-21,9.36791706085205
2005-12-22,9.428201675415039
2005-12-23,9.436239242553711
2005-12-27,9.436239242553711
2005-12-28,9.45231819152832
2005-12-29,9.444280624389648
2005-12-30,9.420164108276367
2006-01-03,9.617087364196777
2006-01-04,9.617087364196777
2006-01-05,9.725605010986328
2006-01-06,9.854202270507812
2006-01-09,9.922523498535156
2006-01-10,10.05112361907959
2006-01-11,10.112139701843262
2006-01-12,10.08773422241211
2006-01-13,9.998242378234863
2006-01-17,10.006377220153809
2006-01-18,10.042988777160645
2006-01-19,10.230095863342285
2006-01-20,10.10806941986084
2006-01-23,10.173149108886719
2006-01-24,10.20976448059082
2006-01-25,10.20976448059082
2006-01-26,10.221965789794922
2006-01-27,10.372467994689941
2006-01-30,10.38060474395752
2006-01-31,10.335857391357422
2006-02-01,10.453816413879395
2006-02-02,10.40093994140625
2006-02-03,10.299245834350586
2006-02-06,10.339925765991211
2006-02-07,10.120275497436523
2006-02-08,10.067395210266113
2006-02-09,10.10806941986084
2006-02-10,10.169084548950195
2006-02-13,10.17722225189209
2006-02-14,10.238232612609863
2006-02-15,10.478226661682129
2006-02-16,10.657198905944824
2006-02-17,10.819905281066895
2006-02-21,10.77923583984375
2006-02-22,11.002952575683594
2006-02-23,10.970410346984863
2006-02-24,10.925665855407715
2006-02-27,10.966339111328125
2006-02-28,10.880924224853516
2006-03-01,10.909396171569824
2006-03-02,10.87685489654541
2006-03-03,10.832109451293945
2006-03-06,11.080238342285156
2006-03-07,10.929730415344238
2006-03-08,10.990748405456543
2006-03-09,11.108709335327148
2006-03-10,11.153450965881348
2006-03-13,11.112774848937988
2006-03-14,11.234807968139648
2006-03-15,11.421914100646973
2006-03-16,11.531744956970215
2006-03-17,11.763599395751953
2006-03-20,11.637502670288086
2006-03-21,11.417847633361816
2006-03-22,11.49106502532959
2006-03-23,11.543943405151367
2006-03-24,11.413776397705078
2006-03-27,11.344632148742676
2006-03-28,11.596831321716309
2006-03-29,11.767664909362793
2006-03-30,11.539880752563477
2006-03-31,11.609025955200195
2006-04-03,11.499199867248535
2006-04-04,11.413776397705078
2006-04-05,11.531744956970215
2006-04-06,11.43411922454834
2006-04-07,11.320226669311523
2006-04-10,11.206331253051758
2006-04-11,11.240480422973633
2006-04-12,11.261055946350098
2006-04-13,11.075902938842773
2006-04-17,11.059447288513184
2006-04-18,11.302194595336914
2006-04-19,11.50379753112793
2006-04-20,11.462655067443848
2006-04-21,11.549057006835938
2006-04-24,11.598432540893555
2006-04-25,11.36391544342041
2006-04-26,11.240480422973633
2006-04-27,11.228140830993652
2006-04-28,11.186995506286621
2006-05-01,11.141733169555664
2006-05-02,10.981279373168945
2006-05-03,10.931901931762695
2006-05-04,11.14996337890625
2006-05-05,11.256940841674805
2006-05-08,11.36391544342041
2006-05-09,11.462655067443848
2006-05-10,11.421512603759766
2006-05-11,11.322770118713379
2006-05-12,11.071792602539062
2006-05-15,11.166423797607422
2006-05-16,11.14996337890625
2006-05-17,10.952472686767578
2006-05-18,10.870187759399414
2006-05-19,10.923670768737793
2006-05-22,10.746756553649902
2006-05-23,10.615095138549805
2006-05-24,10.627437591552734
2006-05-25,10.890762329101562
2006-05-26,11.055335998535156
2006-05-30,11.059447288513184
2006-05-31,11.112936973571777
2006-06-01,11.36391544342041
2006-06-02,11.429743766784668
2006-06-05,11.396821975708008
2006-06-06,11.31453800201416
2006-06-07,11.41328239440918
2006-06-08,11.277512550354004
2006-06-09,11.405052185058594
2006-06-12,11.13762092590332
2006-06-13,11.059447288513184
2006-06-14,11.01007080078125
2006-06-15,11.252825736999512
2006-06-16,11.141733169555664
2006-06-19,11.01418685913086
2006-06-20,10.952472686767578
2006-06-21,11.051219940185547
2006-06-22,10.960702896118164
2006-06-23,10.99361801147461
2006-06-26,11.051219940185547
2006-06-27,11.018305778503418
2006-06-28,11.100591659545898
2006-06-29,11.376259803771973
2006-06-30,11.524374008178711
2006-07-03,11.643689155578613
2006-07-05,11.69306468963623
2006-07-06,11.676606178283691
2006-07-07,11.581979751586914
2006-07-10,11.705404281616211
2006-07-11,11.754780769348145
2006-07-12,11.647869110107422
2006-07-13,11.502267837524414
2006-07-14,11.327552795410156
2006-07-17,11.315073013305664
2006-07-18,11.398269653320312
2006-07-19,11.54387378692627
2006-07-20,11.419074058532715
2006-07-21,11.223552703857422
2006-07-24,11.423226356506348
2006-07-25,11.431543350219727
2006-07-26,11.506424903869629
2006-07-27,11.464827537536621
2006-07-28,11.697783470153809
2006-07-31,11.585467338562012
2006-08-01,11.710270881652832
2006-08-02,11.664507865905762
2006-08-03,11.61875057220459
2006-08-04,11.830904006958008
2006-08-07,11.860023498535156
2006-08-08,11.647869110107422
2006-08-09,11.610426902770996
2006-08-10,11.531386375427246
2006-08-11,11.402432441711426
2006-08-14,11.439867973327637
2006-08-15,11.54387378692627
2006-08-16,11.647869110107422
2006-08-17,11.656189918518066
2006-08-18,11.693624496459961
2006-08-21,11.71442699432373
2006-08-22,11.855868339538574
2006-08-23,11.943222999572754
2006-08-24,12.280180931091309
2006-08-25,12.32177734375
2006-08-28,12.533935546875
2006-08-29,12.608823776245117
2006-08-30,12.771053314208984
2006-08-31,12.692014694213867
2006-09-01,12.463216781616211
2006-09-05,12.575536727905273
2006-09-06,12.517297744750977
2006-09-07,12.442420959472656
2006-09-08,12.617137908935547
2006-09-11,12.675374984741211
2006-09-12,12.75857162475586
2006-09-13,12.800171852111816
2006-09-14,12.687857627868652
2006-09-15,12.74609661102295
2006-09-18,12.617137908935547
2006-09-19,12.675374984741211
2006-09-20,12.604656219482422
2006-09-21,12.421615600585938
2006-09-22,12.475698471069336
2006-09-25,12.421615600585938
2006-09-26,12.533935546875
2006-09-27,12.600492477416992
2006-09-28,12.604656219482422
2006-09-29,12.563058853149414
2006-10-02,12.612974166870117
2006-10-03,12.658736228942871
2006-10-04,12.987380027770996
2006-10-05,13.016491889953613
2006-10-06,12.916655540466309
2006-10-09,13.024808883666992
2006-10-10,13.037291526794434
2006-10-11,13.042753219604492
2006-10-12,13.189820289611816
2006-10-13,13.307474136352539
2006-10-16,13.265451431274414
2006-10-17,13.14360237121582
2006-10-18,13.332691192626953
2006-10-19,13.303274154663086
2006-10-20,13.303274154663086
2006-10-23,13.412522315979004
2006-10-24,13.420926094055176
2006-10-25,13.521773338317871
2006-10-26,13.643630027770996
2006-10-27,13.589010238647461
2006-10-30,13.605813980102539
2006-10-31,13.60161018371582
2006-11-01,13.374707221984863
2006-11-02,13.088980674743652
2006-11-03,12.86207389831543
2006-11-06,13.00493335723877
2006-11-07,12.836859703063965
2006-11-08,12.878881454467773
2006-11-09,12.979727745056152
2006-11-10,12.983925819396973
2006-11-13,12.99653148651123
2006-11-14,13.173011779785156
2006-11-15,13.025946617126465
2006-11-16,13.219229698181152
2006-11-17,13.118399620056152
2006-11-20,13.412522315979004
2006-11-21,13.761282920837402
2006-11-22,13.736065864562988
2006-11-24,13.862130165100098
2006-11-27,13.61842155456543
2006-11-28,13.677244186401367
2006-11-29,13.925155639648438
2006-11-30,14.110038757324219
2006-12-01,14.034409523010254
2006-12-04,14.143653869628906
2006-12-05,14.0260009765625
2006-12-06,13.96297550201416
2006-12-07,13.80330753326416
2006-12-08,13.778090476989746
2006-12-11,13.849523544311523
2006-12-12,13.706657409667969
2006-12-13,13.420926094055176
2006-12-14,13.391512870788574
2006-12-15,13.286462783813477
2006-12-18,13.219229698181152
2006-12-19,13.156204223632812
2006-12-20,13.416726112365723
2006-12-21,13.25705337524414
2006-12-22,13.088980674743652
2006-12-26,13.25705337524414
2006-12-27,13.33688735961914
2006-12-28,13.357900619506836
2006-12-29,13.357900619506836
2007-01-03,13.366303443908691
2007-01-04,13.215038299560547
2007-01-05,13.013336181640625
2007-01-08,12.912491798400879
2007-01-09,13.063762664794922
2007-01-10,13.323959350585938
2007-01-11,13.476766586303711
2007-01-12,13.557413101196289
2007-01-16,13.786623001098633
2007-01-17,13.756917953491211
2007-01-18,13.608355522155762
2007-01-19,13.693243980407715
2007-01-22,13.621089935302734
2007-01-23,13.621089935302734
2007-01-24,13.799361228942871
2007-01-25,13.820587158203125
2007-01-26,13.748428344726562
2007-01-29,13.795119285583496
2007-01-30,13.756917953491211
2007-01-31,13.918210983276367
2007-02-01,13.930946350097656
2007-02-02,13.952173233032227
2007-02-05,13.964905738830566
2007-02-06,14.189871788024902
2007-02-07,14.359658241271973
2007-02-08,14.329946517944336
2007-02-09,14.312966346740723
2007-02-12,14.11771297454834
2007-02-13,14.368145942687988
2007-02-14,14.279007911682129
2007-02-15,14.363901138305664
2007-02-16,14.262027740478516
2007-02-20,14.410590171813965
2007-02-21,14.393614768981934
2007-02-22,14.351171493530273
2007-02-23,14.121954917907715
2007-02-26,14.121954917907715
2007-02-27,13.790877342224121
2007-02-28,13.858786582946777
2007-03-01,13.680505752563477
2007-03-02,13.47252368927002
2007-03-05,12.9589204788208
2007-03-06,13.20511245727539
2007-03-07,12.971651077270508
2007-03-08,13.183883666992188
2007-03-09,13.29000186920166
2007-03-12,13.302736282348633
2007-03-13,12.937702178955078
2007-03-14,13.035326957702637
2007-03-15,13.20511245727539
2007-03-16,13.175396919250488
2007-03-19,13.154173851013184
2007-03-20,13.277266502380371
2007-03-21,13.434317588806152
2007-03-22,13.514966011047363
2007-03-23,13.489500045776367
2007-03-26,13.25180435180664
2007-03-27,13.0141019821167
2007-03-28,12.920722961425781
2007-03-29,12.857049942016602
2007-03-30,12.997124671936035
2007-04-02,13.00561237335205
2007-04-03,13.115976333618164
2007-04-04,13.052302360534668
2007-04-05,13.056548118591309
2007-04-09,13.056548118591309
2007-04-10,13.073525428771973
2007-04-11,12.953389167785645
2007-04-12,12.803217887878418
2007-04-13,12.944808006286621
2007-04-16,12.979129791259766
2007-04-17,13.19366455078125
2007-04-18,13.155046463012695
2007-04-19,13.056366920471191
2007-04-20,13.206534385681152
2007-04-23,13.33096694946289
2007-04-24,13.32667064666748
2007-04-25,13.288057327270508
2007-04-26,13.172212600708008
2007-04-27,13.077821731567383
2007-04-30,12.889033317565918
2007-05-01,12.790340423583984
2007-05-02,12.623008728027344
2007-05-03,12.61872386932373
2007-05-04,12.421346664428711
2007-05-07,12.442804336547852
2007-05-08,12.438512802124023
2007-05-09,12.490001678466797
2007-05-10,12.38702392578125
2007-05-11,12.81609058380127
2007-05-14,12.837545394897461
2007-05-15,12.60584831237793
2007-05-16,12.477126121520996
2007-05-17,12.258305549621582
2007-05-18,12.17249870300293
2007-05-21,12.288338661193848
2007-05-22,12.507161140441895
2007-05-23,12.356992721557617
2007-05-24,12.189657211303711
2007-05-25,12.249732971191406
2007-05-29,12.89760684967041
2007-05-30,13.15933895111084
2007-05-31,13.02632999420166
2007-06-01,12.987710952758789
2007-06-04,12.987710952758789
2007-06-05,12.756023406982422
2007-06-06,12.653044700622559
2007-06-07,12.284051895141602
2007-06-08,12.309794425964355
2007-06-11,12.151044845581055
2007-06-12,12.056646347045898
2007-06-13,12.258305549621582
2007-06-14,11.957965850830078
2007-06-15,12.052359580993652
2007-06-18,11.854991912841797
2007-06-19,11.885025024414062
2007-06-20,11.533188819885254
2007-06-21,11.571807861328125
2007-06-22,11.60612964630127
2007-06-25,11.335823059082031
2007-06-26,11.194234848022461
2007-06-27,11.413053512573242
2007-06-28,11.305790901184082
2007-06-29,11.284337043762207
2007-07-02,11.5074462890625
2007-07-03,11.477413177490234
2007-07-05,11.782047271728516
2007-07-06,11.803500175476074
2007-07-09,11.82066535949707
2007-07-10,11.593260765075684
2007-07-11,11.541135787963867
2007-07-12,11.740947723388672
2007-07-13,11.832162857055664
2007-07-16,11.79741096496582
2007-07-17,11.806102752685547
2007-07-18,11.740947723388672
2007-07-19,11.771352767944336
2007-07-20,11.45860481262207
2007-07-23,11.193642616271973
2007-07-24,10.941707611083984
2007-07-25,10.78533935546875
2007-07-26,10.537748336791992
2007-07-27,10.155509948730469
2007-07-30,10.220663070678711
2007-07-31,10.02953815460205
2007-08-01,10.059943199157715
2007-08-02,10.094695091247559
2007-08-03,9.7689208984375
2007-08-06,9.82538890838623
2007-08-07,9.894887924194336
2007-08-08,10.503000259399414
2007-08-09,10.485624313354492
2007-08-10,10.41612434387207
2007-08-13,10.21197509765625
2007-08-14,9.873170852661133
2007-08-15,9.78629207611084
2007-08-16,9.964386940002441
2007-08-17,9.964386940002441
2007-08-20,10.251067161560059
2007-08-21,10.54209041595459
2007-08-22,10.668061256408691
2007-08-23,10.815742492675781
2007-08-24,10.767962455749512
2007-08-27,10.646339416503906
2007-08-28,10.385720252990723
2007-08-29,10.672402381896973
2007-08-30,10.759273529052734
2007-08-31,10.906962394714355
2007-09-04,10.93736457824707
2007-09-05,10.520368576049805
2007-09-06,10.585529327392578
2007-09-07,10.359658241271973
2007-09-10,10.059943199157715
2007-09-11,10.14681625366211
2007-09-12,10.02953815460205
2007-09-13,10.13813304901123
2007-09-14,10.251067161560059
2007-09-17,10.216316223144531
2007-09-18,10.503000259399414
2007-09-19,10.72452449798584
2007-09-20,10.663712501525879
2007-09-21,10.572501182556152
2007-09-24,10.715840339660645
2007-09-25,10.563807487487793
2007-09-26,10.594212532043457
2007-09-27,10.70280647277832
2007-09-28,10.563807487487793
2007-10-01,10.78533935546875
2007-10-02,11.128491401672363
2007-10-03,11.024236679077148
2007-10-04,11.04595947265625
2007-10-05,11.323955535888672
2007-10-08,11.176268577575684
2007-10-09,11.176268577575684
2007-10-10,11.21586799621582
2007-10-11,11.158673286437988
2007-10-12,10.991464614868164
2007-10-15,10.740655899047852
2007-10-16,10.489853858947754
2007-10-17,10.415055274963379
2007-10-18,10.410650253295898
2007-10-19,9.961840629577637
2007-10-22,9.988239288330078
2007-10-23,10.195045471191406
2007-10-24,10.054243087768555
2007-10-25,10.05864429473877
2007-10-26,10.08944034576416
2007-10-29,9.992643356323242
2007-10-30,10.111442565917969
2007-10-31,10.445852279663086
2007-11-01,10.129042625427246
2007-11-02,9.715435028076172
2007-11-05,9.499825477600098
2007-11-06,9.759434700012207
2007-11-07,9.517426490783691
2007-11-08,9.469024658203125
2007-11-09,9.372218132019043
2007-11-12,9.52623176574707
2007-11-13,9.9750394821167
2007-11-14,9.882638931274414
2007-11-15,9.75063419342041
2007-11-16,9.539427757263184
2007-11-19,9.266622543334961
2007-11-20,9.183018684387207
2007-11-21,9.385420799255371
2007-11-23,9.66702938079834
2007-11-26,9.046614646911621
2007-11-27,9.152220726013184
2007-11-28,9.403031349182129
2007-11-29,9.473427772521973
2007-11-30,9.69343376159668
2007-12-03,9.680235862731934
2007-12-04,9.363424301147461
2007-12-05,9.596632957458496
2007-12-06,9.966238975524902
2007-12-07,9.878236770629883
2007-12-10,10.03223991394043
2007-12-11,9.32382583618164
2007-12-12,9.15661907196045
2007-12-13,9.00261402130127
2007-12-14,8.64180850982666
2007-12-17,8.66821002960205
2007-12-18,8.756211280822754
2007-12-19,8.901416778564453
2007-12-20,8.86181354522705
2007-12-21,9.00261402130127
2007-12-24,9.416227340698242
2007-12-26,9.284225463867188
2007-12-27,8.936619758605957
2007-12-28,8.769412994384766
2007-12-31,8.734211921691895
2008-01-02,8.791413307189941
2008-01-03,8.59340763092041
2008-01-04,8.509806632995605
2008-01-07,8.690214157104492
2008-01-08,8.531805038452148
2008-01-09,8.612380981445312
2008-01-10,8.78695297241211
2008-01-11,8.912291526794434
2008-01-14,8.86752986907959
2008-01-15,8.818285942077637
2008-01-16,9.131633758544922
2008-01-17,9.113723754882812
2008-01-18,9.073441505432129
2008-01-22,9.462874412536621
2008-01-23,10.04926586151123
2008-01-24,9.97317123413086
2008-01-25,9.865737915039062
2008-01-28,10.138792991638184
2008-01-29,10.053743362426758
2008-01-30,10.040310859680176
2008-01-31,10.219366073608398
2008-02-01,10.411844253540039
2008-02-04,10.51032543182373
2008-02-05,10.09403133392334
2008-02-06,10.06717300415039
2008-02-07,10.398415565490723
2008-02-08,10.13431453704834
2008-02-11,9.97764778137207
2008-02-12,10.313372611999512
2008-02-13,10.335746765136719
2008-02-14,9.995553016662598
2008-02-15,10.07612419128418
2008-02-19,9.94631290435791
2008-02-20,10.116413116455078
2008-02-21,9.95974063873291
2008-02-22,10.21041202545166
2008-02-25,10.420801162719727
2008-02-26,10.268608093261719
2008-02-27,10.116413116455078
2008-02-28,10.00450611114502
2008-02-29,10.00450611114502
2008-03-03,10.273080825805664
2008-03-04,10.24622631072998
2008-03-05,10.340229034423828
2008-03-06,9.95974063873291
2008-03-07,10.107461929321289
2008-03-10,9.95974063873291
2008-03-11,10.64013671875
2008-03-12,10.496896743774414
2008-03-13,10.743088722229004
2008-03-14,10.738614082336426
2008-03-17,10.85052490234375
2008-03-18,11.123575210571289
2008-03-19,11.083291053771973
2008-03-20,11.419011116027832
2008-03-24,11.535394668579102
2008-03-25,11.508536338806152
2008-03-26,11.19072151184082
2008-03-27,10.98928451538086
2008-03-28,10.81918716430664
2008-03-31,10.975857734680176
2008-04-01,11.410057067871094
2008-04-02,11.36529541015625
2008-04-03,11.571206092834473
2008-04-04,11.181766510009766
2008-04-07,11.311578750610352
2008-04-08,11.17729377746582
2008-04-09,10.982233047485352
2008-04-10,10.846146583557129
2008-04-11,10.750887870788574
2008-04-14,10.732739448547363
2008-04-15,10.855220794677734
2008-04-16,11.340595245361328
2008-04-17,11.517509460449219
2008-04-18,11.399567604064941
2008-04-21,11.231727600097656
2008-04-22,11.181832313537598
2008-04-23,11.32698917388916
2008-04-24,11.630915641784668
2008-04-25,11.771539688110352
2008-04-28,11.689885139465332
2008-04-29,11.522043228149414
2008-04-30,11.467613220214844
2008-05-01,11.658130645751953
2008-05-02,11.508435249328613
2008-05-05,11.358744621276855
2008-05-06,11.27708911895752
2008-05-07,10.877900123596191
2008-05-08,10.945940017700195
2008-05-09,10.900581359863281
2008-05-12,11.24987506866455
2008-05-13,11.363274574279785
2008-05-14,11.340595245361328
2008-05-15,11.408636093139648
2008-05-16,11.395031929016113
2008-05-19,11.499366760253906
2008-05-20,11.331523895263672
2008-05-21,11.141003608703613
2008-05-22,11.077493667602539
2008-05-23,11.045736312866211
2008-05-27,11.218113899230957
2008-05-28,11.100173950195312
2008-05-29,11.299772262573242
2008-05-30,11.22265338897705
2008-06-02,11.059349060058594
2008-06-03,11.245332717895508
2008-06-04,11.363274574279785
2008-06-05,11.635452270507812
2008-06-06,11.272550582885742
2008-06-09,11.004910469055176
2008-06-10,11.050281524658203
2008-06-11,10.986766815185547
2008-06-12,11.190901756286621
2008-06-13,11.376886367797852
2008-06-16,11.517509460449219
2008-06-17,11.231727600097656
2008-06-18,10.959551811218262
2008-06-19,11.190901756286621
2008-06-20,10.764492988586426
2008-06-23,10.392523765563965
2008-06-24,10.456028938293457
2008-06-25,10.524080276489258
2008-06-26,10.310873985290527
2008-06-27,10.152104377746582
2008-06-30,10.152104377746582
2008-07-01,10.179319381713867
2008-07-02,10.197464942932129
2008-07-03,10.147562026977539
2008-07-07,10.052301406860352
2008-07-08,10.877900123596191
2008-07-09,10.233967781066895
2008-07-10,10.514537811279297
2008-07-11,10.601929664611816
2008-07-14,10.279961585998535
2008-07-15,10.187968254089355
2008-07-16,10.831902503967285
2008-07-17,11.020482063293457
2008-07-18,11.0388822555542
2008-07-21,11.107876777648926
2008-07-22,11.503436088562012
2008-07-23,11.797805786132812
2008-07-24,11.107876777648926
2008-07-25,11.402246475219727
2008-07-28,11.06648063659668
2008-07-29,11.747215270996094
2008-07-30,11.72420883178711
2008-07-31,11.747215270996094
2008-08-01,11.774809837341309
2008-08-04,11.498835563659668
2008-08-05,12.101377487182617
2008-08-06,12.00019359588623
2008-08-07,11.715009689331055
2008-08-08,12.096776962280273
2008-08-11,12.170369148254395
2008-08-12,11.931192398071289
2008-08-13,11.972588539123535
2008-08-14,12.142777442932129
2008-08-15,12.013986587524414
2008-08-18,11.72420883178711
2008-08-19,11.448244094848633
2008-08-20,11.406848907470703
2008-08-21,11.268860816955566
2008-08-22,11.655221939086914
2008-08-25,11.287261009216309
2008-08-26,11.29185676574707
2008-08-27,11.24126148223877
2008-08-28,11.627626419067383
2008-08-29,11.397652626037598
2008-09-02,11.245863914489746
2008-09-03,11.383848190307617
2008-09-04,11.020482063293457
2008-09-05,11.07108211517334
2008-09-08,11.475838661193848
2008-09-09,10.937697410583496
2008-09-10,10.983688354492188
2008-09-11,10.84570026397705
2008-09-12,10.946893692016602
2008-09-15,10.077577590942383
2008-09-16,10.68932056427002
2008-09-17,10.348949432373047
2008-09-18,11.360855102539062
2008-09-19,12.082978248596191
2008-09-22,10.951491355895996
2008-09-23,11.098674774169922
2008-09-24,11.084880828857422
2008-09-25,11.650619506835938
2008-09-26,12.878700256347656
2008-09-29,10.69391918182373
2008-09-30,12.027780532836914
2008-10-01,11.360855102539062
2008-10-02,11.158469200134277
2008-10-03,10.785908699035645
2008-10-06,9.95799732208252
2008-10-07,9.461243629455566
2008-10-08,9.222068786621094
2008-10-09,7.842205047607422
2008-10-10,8.41714859008789
2008-10-13,9.203668594360352
2008-10-14,8.651724815368652
2008-10-15,7.593667030334473
2008-10-16,8.427003860473633
2008-10-17,8.394234657287598
2008-10-20,8.735995292663574
2008-10-21,8.698542594909668
2008-10-22,8.403599739074707
2008-10-23,8.441047668457031
2008-10-24,8.02906322479248
2008-10-27,7.3783111572265625
2008-10-28,8.403599739074707
2008-10-29,8.41296100616455
2008-10-30,8.689178466796875
2008-10-31,9.2509765625
2008-11-03,8.960714340209961
2008-11-04,8.876445770263672
2008-11-05,7.752842903137207
2008-11-06,7.326814651489258
2008-11-07,7.7668890953063965
2008-11-10,7.228499889373779
2008-11-11,7.11613655090332
2008-11-12,6.924190044403076
2008-11-13,7.434490203857422
2008-11-14,6.348344802856445
2008-11-17,6.193849563598633
2008-11-18,6.109578609466553
2008-11-19,5.35114860534668
2008-11-20,5.060883522033691
2008-11-21,5.533735275268555
2008-11-24,6.465385437011719
2008-11-25,6.802464485168457
2008-11-26,7.195724964141846
2008-11-28,7.083366870880127
2008-12-01,5.735045909881592
2008-12-02,6.601153373718262
2008-12-03,6.933557033538818
2008-12-04,6.760329246520996
2008-12-05,7.593162536621094
2008-12-08,7.74224853515625
2008-12-09,6.755191326141357
2008-12-10,7.4440765380859375
2008-12-11,6.703782558441162
2008-12-12,7.665136814117432
2008-12-15,7.284703254699707
2008-12-16,8.359161376953125
2008-12-17,8.045562744140625
2008-12-18,7.33097505569458
2008-12-19,7.53147029876709
2008-12-22,6.852866172790527
2008-12-23,6.554696559906006
2008-12-24,6.755191326141357
2008-12-26,6.883713245391846
2008-12-29,6.472436904907227
2008-12-30,6.806597709655762
2008-12-31,7.089352130889893
2009-01-02,6.847726345062256
2009-01-05,6.431313514709473
2009-01-06,6.9762492179870605
2009-01-07,6.919697284698486
2009-01-08,6.67293643951416
2009-01-09,6.349055767059326
2009-01-12,5.798975467681885
2009-01-13,6.066306114196777
2009-01-14,5.737284183502197
2009-01-15,6.066306114196777
2009-01-16,6.385044097900391
2009-01-20,5.7732720375061035
2009-01-21,6.374759197235107
2009-01-22,5.9326395988464355
2009-01-23,6.092009544372559
2009-01-26,5.917216777801514
2009-01-27,6.107431411743164
2009-01-28,6.693498611450195
2009-01-29,6.282221794128418
2009-01-30,6.03031587600708
2009-02-02,6.056021690368652
2009-02-03,5.9737677574157715
2009-02-04,5.778411865234375
2009-02-05,5.433968544006348
2009-02-06,5.737284183502197
2009-02-09,5.706439018249512
2009-02-10,5.074104309082031
2009-02-11,5.171780586242676
2009-02-12,5.022695064544678
2009-02-13,4.832479953765869
2009-02-17,4.554869651794434
2009-02-18,4.621701240539551
2009-02-19,4.385217666625977
2009-02-20,4.750223636627197
2009-02-23,4.318387985229492
2009-02-24,4.739943027496338
2009-02-25,4.539446830749512
2009-02-26,4.133312702178955
2009-02-27,4.066481590270996
2009-03-02,3.752882719039917
2009-03-03,3.865985155105591
2009-03-04,4.097326278686523
2009-03-05,3.7580244541168213
2009-03-06,3.716895580291748
2009-03-09,3.799152135848999
2009-03-10,4.410923957824707
2009-03-11,4.28754186630249
2009-03-12,4.616560459136963
2009-03-13,4.364654541015625
2009-03-16,3.901970386505127
2009-03-17,4.282400131225586
2009-03-18,4.595996856689453
2009-03-19,4.169299602508545
2009-03-20,3.6500630378723145
2009-03-23,4.28754186630249
2009-03-24,3.958522081375122
2009-03-25,4.040774345397949
2009-03-26,4.230989933013916
2009-03-27,4.051056385040283
2009-03-30,3.9225337505340576
2009-03-31,4.426347255706787
2009-04-01,4.174440383911133
2009-04-02,4.400641441345215
2009-04-03,4.817058086395264
2009-04-06,4.601137161254883
2009-04-07,4.316395282745361
2009-04-08,4.449451446533203
2009-04-09,5.1998982429504395
2009-04-13,5.354243278503418
2009-04-14,4.8699140548706055
2009-04-15,5.247798919677734
2009-04-16,5.343599319458008
2009-04-17,5.354243278503418
2009-04-20,4.635732650756836
2009-04-21,5.269087791442871
2009-04-22,5.189252853393555
2009-04-23,5.301019668579102
2009-04-24,5.689548015594482
2009-04-27,5.1998982429504395
2009-04-28,5.210542678833008
2009-04-29,5.3382792472839355
2009-04-30,5.359567165374756
2009-05-01,5.2158660888671875
2009-05-04,5.838575839996338
2009-05-05,5.428757190704346
2009-05-06,5.7055158615112305
2009-05-07,5.237155437469482
2009-05-08,5.764062404632568
2009-05-11,5.423434734344482
2009-05-12,5.2956976890563965
2009-05-13,4.80072546005249
2009-05-14,5.130709171295166
2009-05-15,4.944425106048584
2009-05-18,5.604394912719727
2009-05-19,5.418112754821777
2009-05-20,5.402145862579346
2009-05-21,5.529880523681641
2009-05-22,5.418112754821777
2009-05-26,5.849217891693115
2009-05-27,5.604394912719727
2009-05-28,5.64164924621582
2009-05-29,5.854543209075928
2009-06-01,6.019532203674316
2009-06-02,5.891797065734863
2009-06-03,5.918412208557129
2009-06-04,5.976955890655518
2009-06-05,5.907764911651611
2009-06-08,5.94502067565918
2009-06-09,5.9716315269470215
2009-06-10,5.737452030181885
2009-06-11,5.620359897613525
2009-06-12,5.976955890655518
2009-06-15,5.64164924621582
2009-06-16,5.593748092651367
2009-06-17,5.508591175079346
2009-06-18,5.6576151847839355
2009-06-19,5.737452030181885
2009-06-22,5.466012477874756
2009-06-23,5.2956976890563965
2009-06-24,5.253121376037598
2009-06-25,5.306344032287598
2009-06-26,5.423434734344482
2009-06-29,5.343599319458008
2009-06-30,5.497946262359619
2009-07-01,5.64697265625
2009-07-02,5.375533103942871
2009-07-06,5.556492328643799
2009-07-07,5.359567165374756
2009-07-08,5.104865074157715
2009-07-09,5.056092262268066
2009-07-10,5.034415245056152
2009-07-13,5.218667030334473
2009-07-14,5.272858142852783
2009-07-15,5.402920722961426
2009-07-16,5.386662483215332
2009-07-17,5.137381553649902
2009-07-20,5.2403459548950195
2009-07-21,5.218667030334473
2009-07-22,5.213250160217285
2009-07-23,5.413759708404541
2009-07-24,5.462531566619873
2009-07-27,5.5167236328125
2009-07-28,5.646781921386719
2009-07-29,5.570915699005127
2009-07-30,5.782264232635498
2009-07-31,5.663039684295654
2009-08-03,5.711813449859619
2009-08-04,6.1453447341918945
2009-08-05,6.936548709869385
2009-08-06,6.914870738983154
2009-08-07,7.424275875091553
2009-08-10,7.19666862487793
2009-08-11,7.0828633308410645
2009-08-12,7.0937042236328125
2009-08-13,7.180412769317627
2009-08-14,7.164155006408691
2009-08-17,6.806488990783691
2009-08-18,6.920291423797607
2009-08-19,6.8010687828063965
2009-08-20,6.9311299324035645
2009-08-21,7.2129225730896
2009-08-24,7.174990653991699
2009-08-25,7.115380764007568
2009-08-26,7.061188697814941
2009-08-27,7.012413501739502
2009-08-28,7.0937042236328125
2009-08-31,6.9311299324035645
2009-09-01,6.654751777648926
2009-09-02,6.470494747161865
2009-09-03,6.719779968261719
2009-09-04,6.752293109893799
2009-09-08,7.039513111114502
2009-09-09,7.2454400062561035
2009-09-10,7.359243392944336
2009-09-11,7.364664554595947
2009-09-14,7.722328186035156
2009-09-15,7.809038162231445
2009-09-16,8.117932319641113
2009-09-17,7.998708724975586
2009-09-18,8.096251487731934
2009-09-21,8.042059898376465
2009-09-22,8.269662857055664
2009-09-23,8.139610290527344
2009-09-24,8.03122329711914
2009-09-25,8.139610290527344
2009-09-28,8.594817161560059
2009-09-29,8.323856353759766
2009-09-30,8.529787063598633
2009-10-01,8.117932319641113
2009-10-02,7.939093112945557
2009-10-05,8.199214935302734
2009-10-06,8.139610290527344
2009-10-07,8.177539825439453
2009-10-08,8.378045082092285
2009-10-09,8.43765926361084
2009-10-12,8.443082809448242
2009-10-13,8.329277992248535
2009-10-14,8.504743576049805
2009-10-15,8.51023006439209
2009-10-16,8.334760665893555
2009-10-19,8.57054328918457
2009-10-20,7.983821392059326
2009-10-21,7.769969940185547
2009-10-22,8.208642959594727
2009-10-23,8.000273704528809
2009-10-26,7.972856521606445
2009-10-27,7.80835485458374
2009-10-28,7.643853664398193
2009-10-29,7.939958095550537
2009-10-30,7.885121822357178
2009-11-02,7.896087169647217
2009-11-03,7.939958095550537
2009-11-04,7.764487266540527
2009-11-05,7.885121822357178
2009-11-06,7.742552280426025
2009-11-09,8.093493461608887
2009-11-10,8.12091064453125
2009-11-11,8.362175941467285
2009-11-12,8.148324012756348
2009-11-13,8.389593124389648
2009-11-16,8.51023006439209
2009-11-17,8.417014122009277
2009-11-18,8.62537956237793
2009-11-19,8.29089069366455
2009-11-20,8.175743103027344
2009-11-23,8.230574607849121
2009-11-24,8.000273704528809
2009-11-25,8.071557998657227
2009-11-27,7.885121822357178
2009-11-30,8.208642959594727
2009-12-01,8.356695175170898
2009-12-02,8.433462142944336
2009-12-03,8.37314510345459
2009-12-04,8.746014595031738
2009-12-07,8.42798137664795
2009-12-08,8.351210594177246
2009-12-09,8.23606014251709
2009-12-10,8.170256614685059
2009-12-11,8.268959999084473
2009-12-14,8.504743576049805
2009-12-15,8.411527633666992
2009-12-16,8.521196365356445
2009-12-17,8.482810974121094
2009-12-18,8.64183235168457
2009-12-21,8.773430824279785
2009-12-22,8.992767333984375
2009-12-23,9.19565200805664
2009-12-24,9.288872718811035
2009-12-28,9.310803413391113
2009-12-29,9.184688568115234
2009-12-30,9.146306037902832
2009-12-31,9.014702796936035
2010-01-04,8.888583183288574
2010-01-05,8.87761402130127
2010-01-06,8.817299842834473
2010-01-07,8.883101463317871
2010-01-08,8.70763111114502
2010-01-11,8.767948150634766
2010-01-12,8.554097175598145
2010-01-13,8.803727149963379
2010-01-14,8.731612205505371
2010-01-15,8.626211166381836
2010-01-19,8.837010383605957
2010-01-20,8.74825382232666
2010-01-21,8.520811080932617
2010-01-22,8.304462432861328
2010-01-25,8.481979370117188
2010-01-26,8.426505088806152
2010-01-27,8.54300308227539
2010-01-28,8.565193176269531
2010-01-29,8.631760597229004
2010-02-01,8.737159729003906
2010-02-02,8.903579711914062
2010-02-03,8.714970588684082
2010-02-04,8.504170417785645
2010-02-05,8.770448684692383
2010-02-08,8.609573364257812
2010-02-09,8.371031761169434
2010-02-10,8.154683113098145
2010-02-11,8.348841667175293
2010-02-12,8.404317855834961
2010-02-16,8.742709159851074
2010-02-17,8.864750862121582
2010-02-18,9.014530181884766
2010-02-19,9.04781436920166
2010-02-22,9.142120361328125
2010-02-23,9.153215408325195
2010-02-24,9.269710540771484
2010-02-25,9.247522354125977
2010-02-26,9.31964111328125
2010-03-01,9.308545112609863
2010-03-02,9.286354064941406
2010-03-03,9.18649673461914
2010-03-04,9.164310455322266
2010-03-05,9.397302627563477
2010-03-08,9.497154235839844
2010-03-09,9.463871955871582
2010-03-10,9.430583953857422
2010-03-11,9.574819564819336
2010-03-12,9.602557182312012
2010-03-15,9.552628517150879
2010-03-16,9.874377250671387
2010-03-17,9.896567344665527
2010-03-18,9.857735633850098
2010-03-19,9.857735633850098
2010-03-22,9.863286018371582
2010-03-23,9.835546493530273
2010-03-24,9.868828773498535
2010-03-25,9.968683242797852
2010-03-26,10.013063430786133
2010-03-29,9.946494102478027
2010-03-30,9.946494102478027
2010-03-31,9.78561782836914
2010-04-01,9.841094970703125
2010-04-05,10.112913131713867
2010-04-06,10.42357063293457
2010-04-07,10.179485321044922
2010-04-08,10.2747220993042
2010-04-09,10.62207317352295
2010-04-12,10.616469383239746
2010-04-13,11.014233589172363
2010-04-14,11.092672348022461
2010-04-15,10.81255054473877
2010-04-16,10.689297676086426
2010-04-19,10.840566635131836
2010-04-20,11.05345344543457
2010-04-21,11.395197868347168
2010-04-22,11.636096000671387
2010-04-23,11.798567771911621
2010-04-26,11.703329086303711
2010-04-27,11.440014839172363
2010-04-28,11.406401634216309
2010-04-29,11.905010223388672
2010-04-30,11.378388404846191
2010-05-03,11.832179069519043
2010-05-04,11.994649887084961
2010-05-05,11.815374374389648
2010-05-06,11.305561065673828
2010-05-07,11.092672348022461
2010-05-10,11.809773445129395
2010-05-11,11.882601737976074
2010-05-12,12.134708404541016
2010-05-13,11.933023452758789
2010-05-14,11.675314903259277
2010-05-17,11.697718620300293
2010-05-18,11.434414863586426
2010-05-19,11.361583709716797
2010-05-20,10.756528854370117
2010-05-21,11.070261001586914
2010-05-24,10.694901466369629
2010-05-25,10.773333549499512
2010-05-26,10.846165657043457
2010-05-27,11.496040344238281
2010-05-28,11.389593124389648
2010-06-01,11.103875160217285
2010-06-02,11.361583709716797
2010-06-03,11.087068557739258
2010-06-04,10.25231647491455
2010-06-07,10.235508918762207
2010-06-08,10.375565528869629
2010-06-09,10.594059944152832
2010-06-10,11.025440216064453
2010-06-11,11.159899711608887
2010-06-14,11.333571434020996
2010-06-15,11.563274383544922
2010-06-16,11.5520658493042
2010-06-17,11.619291305541992
2010-06-18,11.664108276367188
2010-06-21,11.445618629455566
2010-06-22,10.896588325500488
2010-06-23,10.935807228088379
2010-06-24,10.638875961303711
2010-06-25,11.014233589172363
2010-06-28,11.06466007232666
2010-06-29,10.71731185913086
2010-06-30,10.71731185913086
2010-07-01,10.734123229980469
2010-07-02,10.347555160522461
2010-07-06,10.1682767868042
2010-07-07,10.790143013000488
2010-07-08,11.084211349487305
2010-07-09,11.310420036315918
2010-07-12,11.270837783813477
2010-07-13,11.530974388122559
2010-07-14,11.383939743041992
2010-07-15,11.41787052154541
2010-07-16,10.852348327636719
2010-07-19,11.05028247833252
2010-07-20,11.299110412597656
2010-07-21,11.00503921508789
2010-07-22,11.525318145751953
2010-07-23,11.66104507446289
2010-07-26,12.073870658874512
2010-07-27,12.011670112609863
2010-07-28,12.09649658203125
2010-07-29,11.91552448272705
2010-07-30,11.938152313232422
2010-08-02,12.243525505065918
2010-08-03,12.056909561157227
2010-08-04,11.966426849365234
2010-08-05,11.864632606506348
2010-08-06,11.791111946105957
2010-08-09,11.972077369689941
2010-08-10,11.858977317810059
2010-08-11,11.536630630493164
2010-08-12,11.378281593322754
2010-08-13,11.395245552062988
2010-08-16,11.338698387145996
2010-08-17,11.536630630493164
2010-08-18,11.598844528198242
2010-08-19,11.25387191772461
2010-08-20,11.25387191772461
2010-08-23,11.350008964538574
2010-08-24,11.310420036315918
2010-08-25,11.525318145751953
2010-08-26,11.372629165649414
2010-08-27,11.564905166625977
2010-08-30,11.474425315856934
2010-08-31,11.638422966003418
2010-09-01,12.09649658203125
2010-09-02,12.130427360534668
2010-09-03,12.38491153717041
2010-09-07,12.170012474060059
2010-09-08,11.728907585144043
2010-09-09,11.700630187988281
2010-09-10,11.785459518432617
2010-09-13,11.949459075927734
2010-09-14,11.955113410949707
2010-09-15,12.034290313720703
2010-09-16,12.04560375213623
2010-09-17,12.20394229888916
2010-09-20,12.509326934814453
2010-09-21,12.20394229888916
2010-09-22,11.972077369689941
2010-09-23,11.598844528198242
2010-09-24,11.938152313232422
2010-09-27,11.79676628112793
2010-09-28,11.949459075927734
2010-09-29,11.892906188964844
2010-09-30,11.943807601928711
2010-10-01,12.119118690490723
2010-10-04,12.136083602905273
2010-10-05,12.28311538696289
2010-10-06,12.232222557067871
2010-10-07,12.175667762756348
2010-10-08,12.260498046875
2010-10-11,12.243525505065918
2010-10-12,12.311394691467285
2010-10-13,12.47395133972168
2010-10-14,12.399802207946777
2010-10-15,12.399802207946777
2010-10-18,12.690692901611328
2010-10-19,12.508173942565918
2010-10-20,12.75913143157959
2010-10-21,12.742018699645996
2010-10-22,12.987276077270508
2010-10-25,12.930242538452148
2010-10-26,12.867504119873047
2010-10-27,12.821874618530273
2010-10-28,12.75913143157959
2010-10-29,12.821874618530273
2010-11-01,12.924537658691406
2010-11-02,12.838985443115234
2010-11-03,13.061430931091309
2010-11-04,13.449275016784668
2010-11-05,13.717344284057617
2010-11-08,13.50061321258545
2010-11-09,12.810462951660156
2010-11-10,13.055729866027832
2010-11-11,13.004395484924316
2010-11-12,12.667869567871094
2010-11-15,12.639355659484863
2010-11-16,12.240097999572754
2010-11-17,12.33705997467041
2010-11-18,12.50246810913086
2010-11-19,12.61083984375
2010-11-22,12.645059585571289
2010-11-23,12.50246810913086
2010-11-24,12.75913143157959
2010-11-26,12.730616569519043
2010-11-29,12.810462951660156
2010-11-30,12.719204902648926
2010-12-01,12.833281517028809
2010-12-02,13.010092735290527
2010-12-03,12.998686790466309
2010-12-06,12.953059196472168
2010-12-07,13.004395484924316
2010-12-08,12.799057006835938
2010-12-09,12.627946853637695
2010-12-10,13.03861141204834
2010-12-13,13.067131042480469
2010-12-14,12.930242538452148
2010-12-15,12.764833450317383
2010-12-16,12.730616569519043
2010-12-17,12.838985443115234
2010-12-20,13.004395484924316
2010-12-21,13.072833061218262
2010-12-22,13.221132278442383
2010-12-23,13.209722518920898
2010-12-27,13.415056228637695
2010-12-28,13.312390327453613
2010-12-29,13.39223861694336
2010-12-30,13.415056228637695
2010-12-31,13.415056228637695
2011-01-03,13.614691734313965
2011-01-04,13.186909675598145
2011-01-05,13.072833061218262
2011-01-06,12.975873947143555
2011-01-07,12.867504119873047
2011-01-10,12.890317916870117
2011-01-11,12.96446704864502
2011-01-12,13.162857055664062
2011-01-13,13.105353355407715
2011-01-14,13.070850372314453
2011-01-18,13.289371490478516
2011-01-19,13.15710735321045
2011-01-20,13.151352882385254
2011-01-21,13.197361946105957
2011-01-24,13.38137435913086
2011-01-25,13.490631103515625
2011-01-26,13.484883308410645
2011-01-27,13.611396789550781
2011-01-28,13.35837459564209
2011-01-31,13.5021333694458
2011-02-01,13.507882118225098
2011-02-02,13.571141242980957
2011-02-03,13.634397506713867
2011-02-04,13.433134078979492
2011-02-07,13.617149353027344
2011-02-08,13.433134078979492
2011-02-09,13.484883308410645
2011-02-10,13.559635162353516
2011-02-11,13.801154136657715
2011-02-14,13.9276704788208
2011-02-15,13.829907417297363
2011-02-16,13.697650909423828
2011-02-17,13.691901206970215
2011-02-18,13.720656394958496
2011-02-22,13.640141487121582
2011-02-23,13.507882118225098
2011-02-24,13.444633483886719
2011-02-25,13.68614673614502
2011-02-28,13.985175132751465
2011-03-01,13.617149353027344
2011-03-02,13.571141242980957
2011-03-03,13.71490478515625
2011-03-04,13.571141242980957
2011-03-07,13.519386291503906
2011-03-08,13.680399894714355
2011-03-09,13.634397506713867
2011-03-10,13.38137435913086
2011-03-11,13.611396789550781
2011-03-14,13.479132652282715
2011-03-15,13.398627281188965
2011-03-16,13.306619644165039
2011-03-17,13.444633483886719
2011-03-18,13.507882118225098
2011-03-21,13.691901206970215
2011-03-22,13.507882118225098
2011-03-23,13.410128593444824
2011-03-24,13.5021333694458
2011-03-25,13.571141242980957
2011-03-28,13.548136711120605
2011-03-29,13.645896911621094
2011-03-30,13.806906700134277
2011-03-31,14.013919830322266
2011-04-01,14.071439743041992
2011-04-04,14.071439743041992
2011-04-05,14.042677879333496
2011-04-06,13.990921020507812
2011-04-07,13.808399200439453
2011-04-08,13.733070373535156
2011-04-11,13.727275848388672
2011-04-12,13.709893226623535
2011-04-13,13.67512035369873
2011-04-14,13.808399200439453
2011-04-15,13.993824005126953
2011-04-18,13.738862991333008
2011-04-19,13.947465896606445
2011-04-20,14.173456192016602
2011-04-21,14.306732177734375
2011-04-25,14.445793151855469
2011-04-26,14.602251052856445
2011-04-27,14.741321563720703
2011-04-28,15.002079010009766
2011-04-29,15.002079010009766
2011-05-02,14.97889232635498
2011-05-03,14.909366607666016
2011-05-04,14.752912521362305
2011-05-05,14.891982078552246
2011-05-06,14.654400825500488
2011-05-09,14.71235179901123
2011-05-10,14.915156364440918
2011-05-11,14.73552131652832
2011-05-12,14.677576065063477
2011-05-13,14.550102233886719
2011-05-16,14.608038902282715
2011-05-17,14.579068183898926
2011-05-18,14.677576065063477
2011-05-19,14.7239351272583
2011-05-20,14.573275566101074
2011-05-23,14.47476863861084
2011-05-24,14.486361503601074
2011-05-25,14.625426292419434
2011-05-26,14.799264907836914
2011-05-27,14.834031105041504
2011-05-31,15.100580215454102
2011-06-01,14.509532928466797
2011-06-02,14.405234336853027
2011-06-03,14.47476863861084
2011-06-06,14.283549308776855
2011-06-07,14.509532928466797
2011-06-08,14.5443115234375
2011-06-09,14.468976974487305
2011-06-10,14.138690948486328
2011-06-13,14.242987632751465
2011-06-14,14.411027908325195
2011-06-15,14.196633338928223
2011-06-16,14.138690948486328
2011-06-17,14.271963119506836
2011-06-20,14.445793151855469
2011-06-21,14.503743171691895
2011-06-22,14.387845039367676
2011-06-23,13.964845657348633
2011-06-24,13.924293518066406
2011-06-27,13.976442337036133
2011-06-28,14.12709903717041
2011-06-29,14.248785972595215
2011-06-30,14.225600242614746
2011-07-01,14.5443115234375
2011-07-05,14.718140602111816
2011-07-06,14.845620155334473
2011-07-07,15.003305435180664
2011-07-08,14.939066886901855
2011-07-11,14.78721809387207
2011-07-12,14.927380561828613
2011-07-13,15.120111465454102
2011-07-14,14.997464179992676
2011-07-15,15.172670364379883
2011-07-18,15.225228309631348
2011-07-19,15.511393547058105
2011-07-20,15.622354507446289
2011-07-21,15.657394409179688
2011-07-22,15.850125312805176
2011-07-25,15.704119682312012
2011-07-26,15.785883903503418
2011-07-27,15.342034339904785
2011-07-28,15.260270118713379
2011-07-29,15.36539363861084
2011-08-01,15.266112327575684
2011-08-02,14.962427139282227
2011-08-03,14.851469039916992
2011-08-04,14.068879127502441
2011-08-05,13.537429809570312
2011-08-08,12.369400024414062
2011-08-09,13.689270973205566
2011-08-10,13.368064880371094
2011-08-11,14.238245010375977
2011-08-12,14.02216911315918
2011-08-15,14.565288543701172
2011-08-16,14.623701095581055
2011-08-17,14.758023262023926
2011-08-18,14.13312816619873
2011-08-19,13.957925796508789
2011-08-22,14.220726013183594
2011-08-23,14.606173515319824
2011-08-24,15.0617094039917
2011-08-25,14.64706039428711
2011-08-26,15.026665687561035
2011-08-29,15.347867965698242
2011-08-30,15.324514389038086
2011-08-31,15.5989990234375
2011-09-01,15.29531192779541
2011-09-02,15.032508850097656
2011-09-06,15.0617094039917
2011-09-07,15.657394409179688
2011-09-08,15.546433448791504
2011-09-09,15.0617094039917
2011-09-12,15.172670364379883
2011-09-13,15.29531192779541
2011-09-14,15.31282901763916
2011-09-15,15.44715690612793
2011-09-16,15.569795608520508
2011-09-19,15.184345245361328
2011-09-20,14.968266487121582
2011-09-21,14.004638671875
2011-09-22,13.321349143981934
2011-09-23,13.420623779296875
2011-09-26,13.525748252868652
2011-09-27,13.554949760437012
2011-09-28,13.087738037109375
2011-09-29,13.280467987060547
2011-09-30,12.930058479309082
2011-10-03,12.129960060119629
2011-10-04,12.795735359191895
2011-10-05,12.544609069824219
2011-10-06,13.04101848602295
2011-10-07,12.620532035827637
2011-10-10,13.338868141174316
2011-10-11,12.906704902648926
2011-10-12,13.22494888305664
2011-10-13,13.136543273925781
2011-10-14,13.513724327087402
2011-10-17,13.042244911193848
2011-10-18,13.549088478088379
2011-10-19,13.407639503479004
2011-10-20,13.437110900878906
2011-10-21,13.743568420410156
2011-10-24,14.085392951965332
2011-10-25,13.908589363098145
2011-10-26,14.144325256347656
2011-10-27,15.046025276184082
2011-10-28,14.651164054870605
2011-10-31,14.692411422729492
2011-11-01,14.167905807495117
2011-11-02,14.52150821685791
2011-11-03,14.66295051574707
2011-11-04,14.539186477661133
2011-11-07,14.727779388427734
2011-11-08,14.85743236541748
2011-11-09,14.209152221679688
2011-11-10,14.273985862731934
2011-11-11,14.704208374023438
2011-11-14,14.327021598815918
2011-11-15,14.503827095031738
2011-11-16,14.203261375427246
2011-11-17,13.78482437133789
2011-11-18,13.814288139343262
2011-11-21,13.554974555969238
2011-11-22,13.507827758789062
2011-11-23,13.148329734802246
2011-11-25,13.195475578308105
2011-11-28,13.389959335327148
2011-11-29,13.325130462646484
2011-11-30,13.849655151367188
2011-12-01,13.743568420410156
2011-12-02,13.861441612243652
2011-12-05,13.808394432067871
2011-12-06,13.661065101623535
2011-12-07,14.0323486328125
2011-12-08,13.696422576904297
2011-12-09,14.097179412841797
2011-12-12,13.790719032287598
2011-12-13,13.60212516784668
2011-12-14,13.855547904968262
2011-12-15,14.238626480102539
2011-12-16,14.492042541503906
2011-12-19,14.350595474243164
2011-12-20,14.739563941955566
2011-12-21,14.733671188354492
2011-12-22,14.786713600158691
2011-12-23,14.810294151306152
2011-12-27,14.851544380187988
2011-12-28,14.721888542175293
2011-12-29,14.869218826293945
2011-12-30,14.792610168457031
2012-01-03,14.851544380187988
2012-01-04,14.698308944702148
2012-01-05,14.727779388427734
2012-01-06,14.539186477661133
2012-01-09,14.500543594360352
2012-01-10,14.625397682189941
2012-01-11,14.577832221984863
2012-01-12,14.203277587890625
2012-01-13,14.292462348937988
2012-01-17,14.625397682189941
2012-01-18,14.797802925109863
2012-01-19,14.672950744628906
2012-01-20,14.607556343078613
2012-01-23,14.60161304473877
2012-01-24,14.892926216125488
2012-01-25,15.208032608032227
2012-01-26,15.404227256774902
2012-01-27,15.463682174682617
2012-01-30,15.344767570495605
2012-01-31,15.46962833404541
2012-02-01,15.529083251953125
2012-02-02,15.511242866516113
2012-02-03,15.731222152709961
2012-02-06,15.499350547790527
2012-02-07,15.279374122619629
2012-02-08,15.386390686035156
2012-02-09,15.315046310424805
2012-02-10,15.08912181854248
2012-02-13,15.255583763122559
2012-02-14,15.160472869873047
2012-02-15,15.13668155670166
2012-02-16,15.18425178527832
2012-02-17,15.297210693359375
2012-02-21,14.94643783569336
2012-02-22,14.82158374786377
2012-02-23,14.982111930847168
2012-02-24,15.148582458496094
2012-02-27,15.160472869873047
2012-02-28,14.898877143859863
2012-02-29,14.87509536743164
2012-03-01,14.994000434875488
2012-03-02,15.00589370727539
2012-03-05,15.243701934814453
2012-03-06,15.154522895812988
2012-03-07,15.118855476379395
2012-03-08,14.96427059173584
2012-03-09,15.225869178771973
2012-03-12,15.356664657592773
2012-03-13,15.546916007995605
2012-03-14,15.445844650268555
2012-03-15,15.309094429016113
2012-03-16,15.344767570495605
2012-03-19,15.499350547790527
2012-03-20,15.493407249450684
2012-03-21,15.249648094177246
2012-03-22,14.988059043884277
2012-03-23,15.225869178771973
2012-03-26,15.297210693359375
2012-03-27,15.243701934814453
2012-03-28,15.297210693359375
2012-03-29,15.594477653503418
2012-03-30,15.879846572875977
2012-04-02,15.99281120300293
2012-04-03,15.980921745300293
2012-04-04,15.92097282409668
2012-04-05,15.83705997467041
2012-04-09,15.657225608825684
2012-04-10,15.339518547058105
2012-04-11,15.495372772216797
2012-04-12,15.567306518554688
2012-04-13,15.609269142150879
2012-04-16,15.843046188354492
2012-04-17,15.867019653320312
2012-04-18,15.705179214477539
2012-04-19,15.711174011230469
2012-04-20,15.819074630737305
2012-04-23,15.603277206420898
2012-04-24,15.741146087646484
2012-04-25,15.879018783569336
2012-04-26,15.759122848510742
2012-04-27,15.873016357421875
2012-04-30,15.783105850219727
2012-05-01,15.849043846130371
2012-05-02,15.908987045288086
2012-05-03,15.819074630737305
2012-05-04,15.801087379455566
2012-05-07,15.974925994873047
2012-05-08,16.05884552001953
2012-05-09,16.148765563964844
2012-05-10,16.18472671508789
2012-05-11,16.220699310302734
2012-05-14,16.04686737060547
2012-05-15,15.950947761535645
2012-05-16,15.831059455871582
2012-05-17,15.387481689453125
2012-05-18,15.3455171585083
2012-05-21,15.633251190185547
2012-05-22,15.795100212097168
2012-05-23,15.771117210388184
2012-05-24,15.78909683227539
2012-05-25,15.675207138061523
2012-05-29,15.950947761535645
2012-05-30,15.495372772216797
2012-05-31,15.525355339050293
2012-06-01,15.195659637451172
2012-06-04,15.1177339553833
2012-06-05,15.411454200744629
2012-06-06,15.657225608825684
2012-06-07,15.417448997497559
2012-06-08,15.597281455993652
2012-06-11,15.183671951293945
2012-06-12,15.423445701599121
2012-06-13,15.237615585327148
2012-06-14,15.561312675476074
2012-06-15,15.651232719421387
2012-06-18,15.669211387634277
2012-06-19,15.633251190185547
2012-06-20,15.513354301452637
2012-06-21,15.237615585327148
2012-06-22,15.1177339553833
2012-06-25,15.003841400146484
2012-06-26,15.003841400146484
2012-06-27,14.93790340423584
2012-06-28,15.05179500579834
2012-06-29,15.489384651184082
2012-07-02,15.741146087646484
2012-07-03,15.729157447814941
2012-07-05,15.693188667297363
2012-07-06,15.73550796508789
2012-07-09,15.814093589782715
2012-07-10,15.602514266967773
2012-07-11,15.560199737548828
2012-07-12,15.77177619934082
2012-07-13,16.067989349365234
2012-07-16,16.092172622680664
2012-07-17,16.358156204223633
2012-07-18,16.243297576904297
2012-07-19,16.17680549621582
2012-07-20,16.261438369750977
2012-07-23,16.261438369750977
2012-07-24,16.219120025634766
2012-07-25,16.297704696655273
2012-07-26,16.152620315551758
2012-07-27,16.279569625854492
2012-07-30,16.249345779418945
2012-07-31,16.08612823486328
2012-08-01,15.826187133789062
2012-08-02,15.983356475830078
2012-08-03,15.947087287902832
2012-08-06,15.765730857849121
2012-08-07,15.439291000366211
2012-08-08,15.25793743133545
2012-08-09,15.25793743133545
2012-08-10,15.227718353271484
2012-08-13,15.221671104431152
2012-08-14,15.118900299072266
2012-08-15,15.18540096282959
2012-08-16,15.16726303100586
2012-08-17,15.143078804016113
2012-08-20,15.082636833190918
2012-08-21,15.124945640563965
2012-08-22,15.270027160644531
2012-08-23,15.372795104980469
2012-08-24,15.390932083129883
2012-08-27,15.378843307495117
2012-08-28,15.48765754699707
2012-08-29,15.354663848876953
2012-08-30,15.263986587524414
2012-08-31,15.263986587524414
2012-09-04,15.384882926940918
2012-09-05,15.39696979522705
2012-09-06,15.493701934814453
2012-09-07,15.638782501220703
2012-09-10,15.56623649597168
2012-09-11,15.632743835449219
2012-09-12,15.590420722961426
2012-09-13,15.765730857849121
2012-09-14,15.922900199890137
2012-09-17,15.959177017211914
2012-09-18,15.729459762573242
2012-09-19,15.675055503845215
2012-09-20,15.312346458435059
2012-09-21,15.263986587524414
2012-09-24,15.239800453186035
2012-09-25,15.016131401062012
2012-09-26,15.070535659790039
2012-09-27,15.16121768951416
2012-09-28,15.004051208496094
2012-10-01,14.822688102722168
2012-10-02,14.925464630126953
2012-10-03,14.792465209960938
2012-10-04,14.599018096923828
2012-10-05,14.739337921142578
2012-10-08,14.733235359191895
2012-10-09,14.794243812561035
2012-10-10,14.928452491760254
2012-10-11,14.74543571472168
2012-10-12,14.6478271484375
2012-10-15,14.818649291992188
2012-10-16,14.904057502746582
2012-10-17,14.885749816894531
2012-10-18,15.123677253723145
2012-10-19,15.074873924255371
2012-10-22,14.928452491760254
2012-10-23,14.81255054473877
2012-10-24,14.806439399719238
2012-10-25,14.867454528808594
2012-10-26,14.7759370803833
2012-10-31,14.806439399719238
2012-11-01,14.928452491760254
2012-11-02,15.11147689819336
2012-11-05,15.032172203063965
2012-11-06,14.885749816894531
2012-11-07,14.7759370803833
2012-11-08,14.550215721130371
2012-11-09,14.300084114074707
2012-11-12,14.287882804870605
2012-11-13,14.232975006103516
2012-11-14,13.866936683654785
2012-11-15,13.732719421386719
2012-11-16,13.769326210021973
2012-11-19,13.940144538879395
2012-11-20,13.921834945678711
2012-11-21,13.854731559753418
2012-11-23,13.9767427444458
2012-11-26,13.988945960998535
2012-11-27,14.104856491088867
2012-11-28,14.007250785827637
2012-11-29,14.043853759765625
2012-11-30,14.037753105163574
2012-12-03,14.062154769897461
2012-12-04,14.098763465881348
2012-12-05,14.123162269592285
2012-12-06,14.13536262512207
2012-12-07,14.049955368041992
2012-12-10,13.995050430297852
2012-12-11,13.970646858215332
2012-12-12,13.885233879089355
2012-12-13,13.793723106384277
2012-12-14,13.81812858581543
2012-12-17,13.9828462600708
2012-12-18,14.13536262512207
2012-12-19,14.11706256866455
2012-12-20,14.397696495056152
2012-12-21,14.531908988952637
2012-12-24,14.550215721130371
2012-12-26,14.379393577575684
2012-12-27,14.495306968688965
2012-12-28,14.385490417480469
2012-12-31,14.5075101852417
2013-01-02,14.592912673950195
2013-01-03,14.62342357635498
2013-01-04,14.63562297821045
2013-01-07,14.733235359191895
2013-01-08,14.794800758361816
2013-01-09,14.961039543151855
2013-01-10,15.022605895996094
2013-01-11,15.016448020935059
2013-01-14,15.096481323242188
2013-01-15,15.176521301269531
2013-01-16,15.207304954528809
2013-01-17,15.18883991241455
2013-01-18,15.158056259155273
2013-01-22,15.158056259155273
2013-01-23,15.256569862365723
2013-01-24,15.219624519348145
2013-01-25,15.24424934387207
2013-01-28,15.19499397277832
2013-01-29,15.336604118347168
2013-01-30,15.121113777160645
2013-01-31,14.708603858947754
2013-02-01,14.622413635253906
2013-02-04,14.406926155090332
2013-02-05,14.450023651123047
2013-02-06,14.536213874816895
2013-02-07,14.351513862609863
2013-02-08,14.530062675476074
2013-02-11,14.659355163574219
2013-02-12,14.880998611450195
2013-02-13,14.961039543151855
2013-02-14,14.973352432250977
2013-02-15,15.05339241027832
2013-02-19,15.318136215209961
2013-02-20,15.361227035522461
2013-02-21,15.24424934387207
2013-02-22,15.293506622314453
2013-02-25,15.016448020935059
2013-02-26,14.985669136047363
2013-02-27,14.936410903930664
2013-02-28,14.690143585205078
2013-03-01,14.757861137390137
2013-03-04,14.819427490234375
2013-03-05,14.985669136047363
2013-03-06,15.034923553466797
2013-03-07,15.034923553466797
2013-03-08,15.059544563293457
2013-03-11,15.010293006896973
2013-03-12,14.948723793029785
2013-03-13,14.948723793029785
2013-03-14,15.028762817382812
2013-03-15,15.213468551635742
2013-03-18,15.028762817382812
2013-03-19,14.887155532836914
2013-03-20,14.8009614944458
2013-03-21,14.634723663330078
2013-03-22,14.733235359191895
2013-03-25,14.727075576782227
2013-03-26,14.844056129455566
2013-03-27,14.862531661987305
2013-03-28,14.893308639526367
2013-04-01,14.961039543151855
2013-04-02,14.979512214660645
2013-04-03,14.93025016784668
2013-04-04,15.219624519348145
2013-04-05,15.402997970581055
2013-04-08,15.502445220947266
2013-04-09,15.427857398986816
2013-04-10,15.384349822998047
2013-04-11,15.446508407592773
2013-04-12,15.471368789672852
2013-04-15,15.241376876831055
2013-04-16,15.514877319335938
2013-04-17,15.191648483276367
2013-04-18,15.173003196716309
2013-04-19,15.266242027282715
2013-04-22,15.135708808898926
2013-04-23,15.235167503356934
2013-04-24,15.284896850585938
2013-04-25,15.073548316955566
2013-04-26,15.017607688903809
2013-04-29,15.235167503356934
2013-04-30,15.278678894042969
2013-05-01,15.135708808898926
2013-05-02,15.160571098327637
2013-05-03,15.11084270477295
2013-05-06,15.235167503356934
2013-05-07,15.446508407592773
2013-05-08,15.664055824279785
2013-05-09,15.763513565063477
2013-05-10,15.937562942504883
2013-05-13,16.12403678894043
2013-05-14,16.32294464111328
2013-05-15,16.397541046142578
2013-05-16,16.478343963623047
2013-05-17,16.459699630737305
2013-05-20,16.571584701538086
2013-05-21,16.67103385925293
2013-05-22,16.16754722595215
2013-05-23,15.744865417480469
2013-05-24,15.71378231048584
2013-05-28,15.601901054382324
2013-05-29,15.309758186340332
2013-05-30,15.166787147521973
2013-05-31,15.148136138916016
2013-06-03,15.496228218078613
2013-06-04,15.222731590270996
2013-06-05,15.12327766418457
2013-06-06,15.284896850585938
2013-06-07,15.222731590270996
2013-06-10,15.117063522338867
2013-06-11,14.806268692016602
2013-06-12,14.756538391113281
2013-06-13,15.092202186584473
2013-06-14,15.085977554321289
2013-06-17,15.061117172241211
2013-06-18,15.228947639465332
2013-06-19,14.855992317199707
2013-06-20,14.38979721069336
2013-06-21,14.8746337890625
2013-06-24,14.998953819274902
2013-06-25,15.260024070739746
2013-06-26,15.465147972106934
2013-06-27,15.794601440429688
2013-06-28,15.844322204589844
2013-07-01,15.894044876098633
2013-07-02,16.192405700683594
2013-07-03,16.12403678894043
2013-07-05,16.01836395263672
2013-07-08,15.883495330810547
2013-07-09,16.215967178344727
2013-07-10,15.965043067932129
2013-07-11,16.37279510498047
2013-07-12,16.247333526611328
2013-07-15,16.247333526611328
2013-07-16,16.19715118408203
2013-07-17,16.335163116455078
2013-07-18,16.37279510498047
2013-07-19,16.278705596923828
2013-07-22,16.297523498535156
2013-07-23,16.266159057617188
2013-07-24,15.902315139770508
2013-07-25,16.008955001831055
2013-07-26,16.14069175720215
2013-07-29,15.965043067932129
2013-07-30,15.996411323547363
2013-07-31,15.70785140991211
2013-08-01,15.751760482788086
2013-08-02,15.607477188110352
2013-08-05,15.507111549377441
2013-08-06,15.444379806518555
2013-08-07,15.369102478027344
2013-08-08,15.205995559692383
2013-08-09,15.362828254699707
2013-08-12,15.193449020385742
2013-08-13,14.848433494567871
2013-08-14,14.817072868347168
2013-08-15,14.472050666809082
2013-08-16,14.095658302307129
2013-08-19,14.0203857421875
2013-08-20,14.277585983276367
2013-08-21,14.265031814575195
2013-08-22,14.283856391906738
2013-08-23,14.434410095214844
2013-08-26,14.515955924987793
2013-08-27,14.377947807312012
2013-08-28,14.246211051940918
2013-08-29,14.334035873413086
2013-08-30,14.170934677124023
2013-09-03,13.951374053955078
2013-09-04,14.202300071716309
2013-09-05,14.039205551147461
2013-09-06,14.352858543395996
2013-09-09,14.748069763183594
2013-09-10,14.860976219177246
2013-09-11,15.00526237487793
2013-09-12,14.973896980285645
2013-09-13,15.030351638793945
2013-09-16,15.099352836608887
2013-09-17,15.030351638793945
2013-09-18,15.58866024017334
2013-09-19,15.51965618133545
2013-09-20,15.24363899230957
2013-09-23,15.042902946472168
2013-09-24,14.829608917236328
2013-09-25,14.904891014099121
2013-09-26,15.049172401428223
2013-09-27,15.049172401428223
2013-09-30,14.867252349853516
2013-10-01,15.061718940734863
2013-10-02,15.099352836608887
2013-10-03,14.791974067687988
2013-10-04,14.817072868347168
2013-10-07,14.923709869384766
2013-10-08,14.781160354614258
2013-10-09,14.749481201171875
2013-10-10,15.097938537597656
2013-10-11,15.237325668334961
2013-10-14,15.23099422454834
2013-10-15,15.186638832092285
2013-10-16,15.503425598144531
2013-10-17,15.807544708251953
2013-10-18,15.845551490783691
2013-10-21,15.807544708251953
2013-10-22,16.00394630432129
2013-10-23,15.953256607055664
2013-10-24,15.55411148071289
2013-10-25,15.896234512329102
2013-10-28,15.877233505249023
2013-10-29,15.91524887084961
2013-10-30,15.807544708251953
2013-10-31,15.718842506408691
2013-11-01,15.699836730957031
2013-11-04,15.680828094482422
2013-11-05,15.357698440551758
2013-11-06,15.433730125427246
2013-11-07,15.186638832092285
2013-11-08,15.040915489196777
2013-11-11,15.078932762145996
2013-11-12,14.977560043334961
2013-11-13,15.104276657104492
2013-11-14,15.148627281188965
2013-11-15,15.047253608703613
2013-11-18,15.015578269958496
2013-11-19,14.9268798828125
2013-11-20,14.844511985778809
2013-11-21,15.034585952758789
2013-11-22,14.90153980255127
2013-11-25,14.914210319519043
2013-11-26,14.7621488571167
2013-11-27,15.015578269958496
2013-11-29,14.743146896362305
2013-12-02,14.876189231872559
2013-12-03,15.186638832092285
2013-12-04,15.27534008026123
2013-12-05,15.27534008026123
2013-12-06,15.338690757751465
2013-12-09,15.402057647705078
2013-12-10,15.459076881408691
2013-12-11,15.148627281188965
2013-12-12,15.00924301147461
2013-12-13,14.9268798828125
2013-12-16,14.838180541992188
2013-12-17,14.806499481201172
2013-12-18,14.9268798828125
2013-12-19,14.63543701171875
2013-12-20,14.584754943847656
2013-12-23,14.648109436035156
2013-12-24,14.768487930297852
2013-12-26,14.7621488571167
2013-12-27,14.793829917907715
2013-12-30,14.82551097869873
2013-12-31,14.793829917907715
2014-01-02,14.743146896362305
2014-01-03,15.002908706665039
2014-01-06,15.110610961914062
2014-01-07,15.034585952758789
2014-01-08,14.929000854492188
2014-01-09,15.01219367980957
2014-01-10,15.076180458068848
2014-01-13,14.948199272155762
2014-01-14,15.10177230834961
2014-01-15,15.248952865600586
2014-01-16,15.338540077209473
2014-01-17,15.300146102905273
2014-01-21,15.466517448425293
2014-01-22,15.498513221740723
2014-01-23,15.338540077209473
2014-01-24,15.178569793701172
2014-01-27,14.973796844482422
2014-01-28,15.216958045959473
2014-01-29,15.184959411621094
2014-01-30,15.613697052001953
2014-01-31,15.575305938720703
2014-02-03,15.389731407165527
2014-02-04,15.49211311340332
2014-02-05,15.831269264221191
2014-02-06,16.164018630981445
2014-02-07,16.375186920166016
2014-02-10,16.528764724731445
2014-02-11,16.66954231262207
2014-02-12,16.547964096069336
2014-02-13,16.56715965270996
2014-02-14,16.58635902404785
2014-02-18,16.59915542602539
2014-02-19,16.605552673339844
2014-02-20,16.49036979675293
2014-02-21,16.439180374145508
2014-02-24,16.413578033447266
2014-02-25,16.554353713989258
2014-02-26,16.522367477416992
2014-02-27,16.49036979675293
2014-02-28,16.515962600708008
2014-03-03,16.733539581298828
2014-03-04,16.99589729309082
2014-03-05,17.040693283081055
2014-03-06,16.842317581176758
2014-03-07,16.7015380859375
2014-03-10,16.41997528076172
2014-03-11,16.509567260742188
2014-03-12,16.554353713989258
2014-03-13,16.413578033447266
2014-03-14,16.4583740234375
2014-03-17,16.5031681060791
2014-03-18,16.522367477416992
2014-03-19,16.106428146362305
2014-03-20,16.29199981689453
2014-03-21,16.19601058959961
2014-03-24,16.144824981689453
2014-03-25,16.528764724731445
2014-03-26,16.36879539489746
2014-03-27,16.40078353881836
2014-03-28,16.43277931213379
2014-03-31,16.528764724731445
2014-04-01,16.547964096069336
2014-04-02,16.509567260742188
2014-04-03,16.451969146728516
2014-04-04,16.54155921936035
2014-04-07,16.560958862304688
2014-04-08,16.80659294128418
2014-04-09,16.696704864501953
2014-04-10,16.567420959472656
2014-04-11,16.34117889404297
2014-04-14,16.347639083862305
2014-04-15,16.470460891723633
2014-04-16,16.619129180908203
2014-04-17,16.438133239746094
2014-04-21,16.606203079223633
2014-04-22,16.644989013671875
2014-04-23,16.535097122192383
2014-04-24,16.703166961669922
2014-04-25,16.606203079223633
2014-04-28,16.696704864501953
2014-04-29,16.696704864501953
2014-04-30,16.716094970703125
2014-05-01,16.77426528930664
2014-05-02,16.955265045166016
2014-05-05,17.0263671875
2014-05-06,17.04576301574707
2014-05-07,17.323715209960938
2014-05-08,17.440067291259766
2014-05-09,17.498241424560547
2014-05-12,17.71802520751953
2014-05-13,17.653385162353516
2014-05-14,17.621065139770508
2014-05-15,17.692163467407227
2014-05-16,17.847307205200195
2014-05-19,17.931339263916016
2014-05-20,17.860233306884766
2014-05-21,17.78913116455078
2014-05-22,17.750341415405273
2014-05-23,17.814983367919922
2014-05-27,17.8666934967041
2014-05-28,17.756803512573242
2014-05-29,17.782663345336914
2014-05-30,17.78913116455078
2014-06-02,17.840839385986328
2014-06-03,17.905475616455078
2014-06-04,17.937803268432617
2014-06-05,18.254539489746094
2014-06-06,18.11233139038086
2014-06-09,17.750341415405273
2014-06-10,17.666309356689453
2014-06-11,17.679241180419922
2014-06-12,17.743881225585938
2014-06-13,17.814983367919922
2014-06-16,17.776195526123047
2014-06-17,17.78913116455078
2014-06-18,17.931339263916016
2014-06-19,18.1446533203125
2014-06-20,18.280399322509766
2014-06-23,18.215761184692383
2014-06-24,18.22868537902832
2014-06-25,18.35796356201172
2014-06-26,18.403215408325195
2014-06-27,18.513099670410156
2014-06-30,18.506633758544922
2014-07-01,18.57774543762207
2014-07-02,18.500173568725586
2014-07-03,18.403215408325195
2014-07-07,18.41614532470703
2014-07-08,18.566186904907227
2014-07-09,18.50094985961914
2014-07-10,18.55314064025879
2014-07-11,18.592283248901367
2014-07-14,18.69013786315918
2014-07-15,18.794513702392578
2014-07-16,18.794513702392578
2014-07-17,18.664045333862305
2014-07-18,18.78799057006836
2014-07-21,18.624897003173828
2014-07-22,18.696653366088867
2014-07-23,18.68360710144043
2014-07-24,18.807558059692383
2014-07-25,18.670562744140625
2014-07-28,18.898889541625977
2014-07-29,18.885845184326172
2014-07-30,19.120689392089844
2014-07-31,18.970651626586914
2014-08-01,18.859750747680664
2014-08-04,19.029361724853516
2014-08-05,18.91846466064453
2014-08-06,18.91193962097168
2014-08-07,19.009796142578125
2014-08-08,19.10764503479004
2014-08-11,19.192453384399414
2014-08-12,19.192453384399414
2014-08-13,19.401208877563477
2014-08-14,19.25116539001465
2014-08-15,19.225069046020508
2014-08-18,19.453397750854492
2014-08-19,19.446868896484375
2014-08-20,19.53168487548828
2014-08-21,19.5382080078125
2014-08-22,19.381635665893555
2014-08-25,19.36859130859375
2014-08-26,19.4207763671875
2014-08-27,19.4207763671875
2014-08-28,19.41425895690918
2014-08-29,19.518634796142578
2014-09-02,19.557777404785156
2014-09-03,19.714344024658203
2014-09-04,19.603435516357422
2014-09-05,19.75348472595215
2014-09-08,19.76653289794922
2014-09-09,19.675203323364258
2014-09-10,19.120689392089844
2014-09-11,19.13374137878418
2014-09-12,18.474855422973633
2014-09-15,18.337858200073242
2014-09-16,18.50094985961914
2014-09-17,18.357431411743164
2014-09-18,18.17477035522461
2014-09-19,18.161720275878906
2014-09-22,18.031248092651367
2014-09-23,17.874685287475586
2014-09-24,17.789878845214844
2014-09-25,17.731170654296875
2014-09-26,17.907302856445312
2014-09-29,17.829017639160156
2014-09-30,17.77682876586914
2014-10-01,17.789878845214844
2014-10-02,17.848590850830078
2014-10-03,17.874685287475586
2014-10-06,17.959487915039062
2014-10-07,17.9138240814209
2014-10-08,18.30898094177246
2014-10-09,18.39460563659668
2014-10-10,18.374845504760742
2014-10-13,18.473634719848633
2014-10-14,18.993925094604492
2014-10-15,19.198091506958008
2014-10-16,18.98075294494629
2014-10-17,18.783172607421875
2014-10-20,19.184921264648438
2014-10-21,19.211257934570312
2014-10-22,19.2968807220459
2014-10-23,19.494455337524414
2014-10-24,19.316640853881836
2014-10-27,19.461528778076172
2014-10-28,19.48128318786621
2014-10-29,19.45494270324707
2014-10-30,19.533967971801758
2014-10-31,19.909378051757812
2014-11-03,20.22549819946289
2014-11-04,20.27819061279297
2014-11-05,20.08719253540039
2014-11-06,19.92913246154785
2014-11-07,19.87644386291504
2014-11-10,20.15964126586914
2014-11-11,20.106948852539062
2014-11-12,19.86326789855957
2014-11-13,19.92913246154785
2014-11-14,19.672285079956055
2014-11-17,19.79081916809082
2014-11-18,19.810579299926758
2014-11-19,19.533967971801758
2014-11-20,19.527385711669922
2014-11-21,19.751300811767578
2014-11-24,19.90279197692871
2014-11-25,19.896203994750977
2014-11-26,20.212329864501953
2014-11-28,20.271608352661133
2014-12-01,20.22549819946289
2014-12-02,20.3967342376709
2014-12-03,20.238670349121094
2014-12-04,20.265012741088867
2014-12-05,20.1398868560791
2014-12-08,20.383560180664062
2014-12-09,20.482351303100586
2014-12-10,20.59431266784668
2014-12-11,20.74578285217285
2014-12-12,20.46259307861328
2014-12-15,20.05426597595215
2014-12-16,20.060853958129883
2014-12-17,20.436246871948242
2014-12-18,20.46259307861328
2014-12-19,20.46918296813965
2014-12-22,20.903854370117188
2014-12-23,20.80506134033203
2014-12-24,20.719444274902344
2014-12-26,20.791893005371094
2014-12-29,20.798479080200195
2014-12-30,20.75237464904785
2014-12-31,20.29793930053711
2015-01-02,20.660175323486328
2015-01-05,20.87750816345215
2015-01-06,20.996055603027344
2015-01-07,21.14094352722168
2015-01-08,21.180788040161133
2015-01-09,21.253822326660156
2015-01-12,21.499494552612305
2015-01-13,21.30694007873535
2015-01-14,21.51277732849121
2015-01-15,21.745166778564453
2015-01-16,21.990835189819336
2015-01-20,21.785001754760742
2015-01-21,21.745166778564453
2015-01-22,22.329463958740234
2015-01-23,22.34938621520996
2015-01-26,22.608339309692383
2015-01-27,22.827438354492188
2015-01-28,22.741125106811523
2015-01-29,22.555213928222656
2015-01-30,22.083791732788086
2015-02-02,22.097078323364258
2015-02-03,22.16347312927246
2015-02-04,22.02403450012207
2015-02-05,22.229862213134766
2015-02-06,21.51277732849121
2015-02-09,21.346786499023438
2015-02-10,21.453014373779297
2015-02-11,21.3667049407959
2015-02-12,21.692047119140625
2015-02-13,21.545974731445312
2015-02-17,21.52605628967285
2015-02-18,21.692047119140625
2015-02-19,21.13431167602539
2015-02-20,21.37333869934082
2015-02-23,21.619016647338867
2015-02-24,20.994871139526367
2015-02-25,21.114389419555664
2015-02-26,20.908559799194336
2015-02-27,21.207345962524414
2015-03-02,21.472938537597656
2015-03-03,21.393260955810547
2015-03-04,21.379980087280273
2015-03-05,21.413177490234375
2015-03-06,20.98160171508789
2015-03-09,21.174148559570312
2015-03-10,21.08782958984375
2015-03-11,21.213985443115234
2015-03-12,21.745166778564453
2015-03-13,21.91115951538086
2015-03-16,22.369300842285156
2015-03-17,22.342741012573242
2015-03-18,22.800884246826172
2015-03-19,22.741125106811523
2015-03-20,23.34535026550293
2015-03-23,23.385177612304688
2015-03-24,23.0731143951416
2015-03-25,22.535293579101562
2015-03-26,22.42241859436035
2015-03-27,22.515371322631836
2015-03-30,22.840728759765625
2015-03-31,22.595050811767578
2015-04-01,22.395862579345703
2015-04-02,22.56185531616211
2015-04-06,22.68801498413086
2015-04-07,22.336105346679688
2015-04-08,22.495460510253906
2015-04-09,21.851404190063477
2015-04-10,21.904523849487305
2015-04-13,21.745166778564453
2015-04-14,21.911239624023438
2015-04-15,21.670162200927734
2015-04-16,21.82418441772461
2015-04-17,21.817487716674805
2015-04-20,21.80409812927246
2015-04-21,21.91793441772461
2015-04-22,22.225976943969727
2015-04-23,22.326431274414062
2015-04-24,22.440265655517578
2015-04-27,22.53402328491211
2015-04-28,22.667953491210938
2015-04-29,22.386695861816406
2015-04-30,21.94472312927246
2015-05-01,22.065256118774414
2015-05-04,22.232675552368164
2015-05-05,21.616588592529297
2015-05-06,21.609895706176758
2015-05-07,22.105438232421875
2015-05-08,22.46705436706543
2015-05-11,21.97821044921875
2015-05-12,22.132225036621094
2015-05-13,21.79070281982422
2015-05-14,22.159019470214844
2015-05-15,22.339824676513672
2015-05-18,22.159019470214844
2015-05-19,22.051868438720703
2015-05-20,22.105438232421875
2015-05-21,21.97821044921875
2015-05-22,22.03177833557129
2015-05-26,21.83757972717285
2015-05-27,22.225976943969727
2015-05-28,22.179113388061523
2015-05-29,21.80409812927246
2015-06-01,22.179113388061523
2015-06-02,21.770610809326172
2015-06-03,21.27506446838379
2015-06-04,21.241580963134766
2015-06-05,21.234886169433594
2015-06-08,21.248279571533203
2015-06-09,21.17461585998535
2015-06-10,21.375511169433594
2015-06-11,21.69695281982422
2015-06-12,21.797401428222656
2015-06-15,21.82418441772461
2015-06-16,21.958114624023438
2015-06-17,22.105438232421875
2015-06-18,22.527332305908203
2015-06-19,22.279552459716797
2015-06-22,22.051868438720703
2015-06-23,21.83757972717285
2015-06-24,21.797401428222656
2015-06-25,21.676856994628906
2015-06-26,21.82418441772461
2015-06-29,21.542930603027344
2015-06-30,21.449176788330078
2015-07-01,21.877756118774414
2015-07-02,22.00499725341797
2015-07-06,22.07196044921875
2015-07-07,22.35322380065918
2015-07-08,22.351863861083984
2015-07-09,22.277584075927734
2015-07-10,22.304588317871094
2015-07-13,22.2978458404541
2015-07-14,22.466663360595703
2015-07-15,22.507186889648438
2015-07-16,22.62872886657715
2015-07-17,22.513931274414062
2015-07-20,22.669246673583984
2015-07-21,22.561203002929688
2015-07-22,22.730022430419922
2015-07-23,22.561203002929688
2015-07-24,22.601722717285156
2015-07-27,22.58146858215332
2015-07-28,22.540945053100586
2015-07-29,22.534194946289062
2015-07-30,22.567951202392578
2015-07-31,22.83131217956543
2015-08-03,23.10818099975586
2015-08-04,23.02714729309082
2015-08-05,22.92584991455078
2015-08-06,23.04065704345703
2015-08-07,23.195968627929688
2015-08-10,23.195968627929688
2015-08-11,23.486339569091797
2015-08-12,23.547115325927734
2015-08-13,23.52010154724121
2015-08-14,23.5065975189209
2015-08-17,23.932024002075195
2015-08-18,24.087337493896484
2015-08-19,23.68893051147461
2015-08-20,23.56061553955078
2015-08-21,22.878585815429688
2015-08-24,21.66307830810547
2015-08-25,21.028316497802734
2015-08-26,21.6023006439209
2015-08-27,22.1290225982666
2015-08-28,22.156034469604492
2015-08-31,21.8116397857666
2015-09-01,21.2849178314209
2015-09-02,21.446983337402344
2015-09-03,21.460493087768555
2015-09-04,21.04181671142578
2015-09-08,21.345687866210938
2015-09-09,21.062076568603516
2015-09-10,21.18362808227539
2015-09-11,21.798131942749023
2015-09-14,21.723852157592773
2015-09-15,22.176292419433594
2015-09-16,22.453161239624023
2015-09-17,22.642236709594727
2015-09-18,22.757036209106445
2015-09-21,22.986631393432617
2015-09-22,22.763784408569336
2015-09-23,22.89884376525879
2015-09-24,22.7030086517334
2015-09-25,22.817806243896484
2015-09-28,22.601722717285156
2015-09-29,23.094682693481445
2015-09-30,23.283748626708984
2015-10-01,23.4188175201416
2015-10-02,23.655162811279297
2015-10-05,23.830738067626953
2015-10-06,23.61464500427246
2015-10-07,23.899171829223633
2015-10-08,23.987667083740234
2015-10-09,24.096574783325195
2015-10-12,24.3892822265625
2015-10-13,24.11018943786621
2015-10-14,23.790254592895508
2015-10-15,24.21229362487793
2015-10-16,24.355236053466797
2015-10-19,24.78407859802246
2015-10-20,24.491378784179688
2015-10-21,24.525413513183594
2015-10-22,24.348434448242188
2015-10-23,24.21229362487793
2015-10-26,24.273557662963867
2015-10-27,24.103384017944336
2015-10-28,24.014890670776367
2015-10-29,23.94001007080078
2015-10-30,23.456724166870117
2015-11-02,24.089773178100586
2015-11-03,23.78345489501953
2015-11-04,23.817489624023438
2015-11-05,24.008085250854492
2015-11-06,23.198055267333984
2015-11-09,22.987043380737305
2015-11-10,23.272937774658203
2015-11-11,23.531597137451172
2015-11-12,23.477142333984375
2015-11-13,23.50437355041504
2015-11-16,23.865140914916992
2015-11-17,24.164642333984375
2015-11-18,24.157833099365234
2015-11-19,24.38245964050293
2015-11-20,24.82491683959961
2015-11-23,24.995092391967773
2015-11-24,24.838520050048828
2015-11-25,25.28097915649414
2015-11-27,25.6757869720459
2015-11-30,25.124418258666992
2015-12-01,25.39670181274414
2015-12-02,24.940637588500977
2015-12-03,24.5322208404541
2015-12-04,25.00189781188965
2015-12-07,24.790882110595703
2015-12-08,24.71600341796875
2015-12-09,24.436922073364258
2015-12-10,24.30078125
2015-12-11,24.443727493286133
2015-12-14,24.845346450805664
2015-12-15,24.920211791992188
2015-12-16,25.376277923583984
2015-12-17,24.892988204956055
2015-12-18,24.750041961669922
2015-12-21,24.831727981567383
2015-12-22,24.852142333984375
2015-12-23,25.15165138244629
2015-12-24,25.138036727905273
2015-12-28,25.47157859802246
2015-12-29,25.7915096282959
2015-12-30,25.703012466430664
2015-12-31,25.573678970336914
2016-01-04,25.165264129638672
2016-01-05,25.485198974609375
2016-01-06,25.3013973236084
2016-01-07,25.011987686157227
2016-01-08,24.682790756225586
2016-01-11,24.963973999023438
2016-01-12,24.703353881835938
2016-01-13,24.682790756225586
2016-01-14,24.305585861206055
2016-01-15,24.53876304626465
2016-01-19,24.586774826049805
2016-01-20,23.907817840576172
2016-01-21,23.846084594726562
2016-01-22,24.490755081176758
2016-01-25,24.285011291503906
2016-01-26,25.06684684753418
2016-01-27,24.387889862060547
2016-01-28,24.0312557220459
2016-01-29,24.408464431762695
2016-02-01,24.792530059814453
2016-02-02,24.33302116394043
2016-02-03,24.93654441833496
2016-02-04,25.21773910522461
2016-02-05,24.017536163330078
2016-02-08,23.249414443969727
2016-02-09,22.92021942138672
2016-02-10,23.263139724731445
2016-02-11,22.735050201416016
2016-02-12,22.899648666381836
2016-02-16,23.221988677978516
2016-02-17,23.07796859741211
2016-02-18,23.249414443969727
2016-02-19,23.427738189697266
2016-02-22,23.59233283996582
2016-02-23,23.48259735107422
2016-02-24,23.105392456054688
2016-02-25,23.681489944458008
2016-02-26,23.571746826171875
2016-02-29,23.54432487487793
2016-03-01,24.442750930786133
2016-03-02,24.80623435974121
2016-03-03,25.053129196166992
2016-03-04,23.8392333984375
2016-03-07,24.579912185668945
2016-03-08,24.26443862915039
2016-03-09,24.531909942626953
2016-03-10,24.477035522460938
2016-03-11,24.977691650390625
2016-03-14,24.991411209106445
2016-03-15,25.416616439819336
2016-03-16,25.63608169555664
2016-03-17,26.129873275756836
2016-03-18,25.92412567138672
2016-03-21,25.656658172607422
2016-03-22,25.69780921936035
2016-03-23,25.505779266357422
2016-03-24,25.40976333618164
2016-03-28,25.725238800048828
2016-03-29,26.129873275756836
2016-03-30,26.232746124267578
2016-03-31,26.42478370666504
2016-04-01,26.32190704345703
2016-04-04,26.445362091064453
2016-04-05,26.19845962524414
2016-04-06,26.19845962524414
2016-04-07,26.05677032470703
2016-04-08,26.03603172302246
2016-04-11,25.379438400268555
2016-04-12,25.50383949279785
2016-04-13,24.957828521728516
2016-04-14,24.55695343017578
2016-04-15,25.08222770690918
2016-04-18,25.310312271118164
2016-04-19,25.42782211303711
2016-04-20,24.757387161254883
2016-04-21,24.515480041503906
2016-04-22,24.881793975830078
2016-04-25,25.213560104370117
2016-04-26,24.96473503112793
2016-04-27,24.411808013916016
2016-04-28,24.342693328857422
2016-04-29,24.135343551635742
2016-05-02,24.39797592163086
2016-05-03,24.53622055053711
2016-05-04,24.99928855895996
2016-05-05,25.23428726196289
2016-05-06,25.510757446289062
2016-05-09,25.725017547607422
2016-05-10,25.828691482543945
2016-05-11,25.33796501159668
2016-05-12,25.44163703918457
2016-05-13,25.0753231048584
2016-05-16,25.26885223388672
2016-05-17,24.957828521728516
2016-05-18,24.695180892944336
2016-05-19,24.39797592163086
2016-05-20,24.550050735473633
2016-05-23,24.62607192993164
2016-05-24,24.888704299926758
2016-05-25,25.00620460510254
2016-05-26,24.826509475708008
2016-05-27,24.992387771606445
2016-05-31,24.90253257751465
2016-06-01,24.211376190185547
2016-06-02,24.287395477294922
2016-06-03,23.63770866394043
2016-06-06,23.098600387573242
2016-06-07,23.098600387573242
2016-06-08,23.195363998413086
2016-06-09,23.299034118652344
2016-06-10,23.319774627685547
2016-06-13,23.54094696044922
2016-06-14,23.547855377197266
2016-06-15,23.810501098632812
2016-06-16,24.121524810791016
2016-06-17,24.093883514404297
2016-06-20,24.10770034790039
2016-06-21,24.321949005126953
2016-06-22,24.418716430664062
2016-06-23,24.328868865966797
2016-06-24,24.017845153808594
2016-06-27,24.08696174621582
2016-06-28,24.77812385559082
2016-06-29,25.172080993652344
2016-06-30,25.51766586303711
2016-07-01,25.49002456665039
2016-07-05,25.877073287963867
2016-07-06,25.75957489013672
2016-07-07,25.505292892456055
2016-07-08,25.83968734741211
2016-07-11,25.895421981811523
2016-07-12,26.062623977661133
2016-07-13,26.160158157348633
2016-07-14,25.756086349487305
2016-07-15,25.393814086914062
2016-07-18,25.407747268676758
2016-07-19,25.63765525817871
2016-07-20,25.6655216217041
2016-07-21,25.707317352294922
2016-07-22,25.888460159301758
2016-07-25,25.83968734741211
2016-07-26,25.51224708557129
2016-07-27,25.11514663696289
2016-07-28,25.470457077026367
2016-07-29,25.937227249145508
2016-08-01,26.21588897705078
2016-08-02,25.86058807373047
2016-08-03,25.770023345947266
2016-08-04,25.686426162719727
2016-08-05,25.693389892578125
2016-08-08,26.12533187866211
2016-08-09,26.167123794555664
2016-08-10,25.902387619018555
2016-08-11,25.644624710083008
2016-08-12,25.644624710083008
2016-08-15,25.686426162719727
2016-08-16,25.414724349975586
2016-08-17,25.331117630004883
2016-08-18,25.324148178100586
2016-08-19,25.12211799621582
2016-08-22,25.233579635620117
2016-08-23,25.04547882080078
2016-08-24,24.927040100097656
2016-08-25,25.149980545043945
2016-08-26,24.98277473449707
2016-08-29,25.198745727539062
2016-08-30,25.11514663696289
2016-08-31,25.205718994140625
2016-09-01,25.143014907836914
2016-09-02,25.24751853942871
2016-09-06,25.491348266601562
2016-09-07,25.602815628051758
2016-09-08,24.829513549804688
2016-09-09,24.028329849243164
2016-09-12,24.418472290039062
2016-09-13,23.8262939453125
2016-09-14,24.153728485107422
2016-09-15,24.293071746826172
2016-09-16,24.16767120361328
2016-09-19,24.557809829711914
2016-09-20,24.683216094970703
2016-09-21,24.98277473449707
2016-09-22,25.470457077026367
2016-09-23,25.602815628051758
2016-09-26,25.72125244140625
2016-09-27,25.533153533935547
2016-09-28,25.7630558013916
2016-09-29,25.3798885345459
2016-09-30,25.073348999023438
2016-10-03,24.46027946472168
2016-10-04,24.174638748168945
2016-10-05,23.666059494018555
2016-10-06,23.704713821411133
2016-10-07,23.500919342041016
2016-10-10,23.711740493774414
2016-10-11,23.655519485473633
2016-10-12,23.76796531677246
2016-10-13,24.013940811157227
2016-10-14,23.73984718322754
2016-10-17,23.76094627380371
2016-10-18,23.72579574584961
2016-10-19,23.774993896484375
2016-10-20,23.69066047668457
2016-10-21,23.69066047668457
2016-10-24,23.613353729248047
2016-10-25,23.571186065673828
2016-10-26,24.056102752685547
2016-10-27,23.585243225097656
2016-10-28,23.789051055908203
2016-10-31,24.576168060302734
2016-11-01,24.41452407836914
2016-11-02,24.210716247558594
2016-11-03,24.189632415771484
2016-11-04,24.295042037963867
2016-11-07,24.358301162719727
2016-11-08,24.67455291748047
2016-11-09,24.22477912902832
2016-11-10,23.634437561035156
2016-11-11,23.915542602539062
2016-11-14,24.583189010620117
2016-11-15,23.732818603515625
2016-11-16,23.774993896484375
2016-11-17,23.430631637573242
2016-11-18,23.297107696533203
2016-11-21,23.268999099731445
2016-11-22,23.66957664489746
2016-11-23,23.465770721435547
2016-11-25,23.557130813598633
2016-11-28,23.957717895507812
2016-11-29,24.027999877929688
2016-11-30,23.922578811645508
2016-12-01,23.458749771118164
2016-12-02,23.655519485473633
2016-12-05,23.662548065185547
2016-12-06,23.54308319091797
2016-12-07,23.81715965270996
2016-12-08,24.0490779876709
2016-12-09,24.063133239746094
2016-12-12,24.28802490234375
2016-12-13,24.28802490234375
2016-12-14,24.09827423095703
2016-12-15,24.2810001373291
2016-12-16,24.744831085205078
2016-12-19,24.976743698120117
2016-12-20,25.194602966308594
2016-12-21,24.765911102294922
2016-12-22,24.892410278320312
2016-12-23,24.997827529907227
2016-12-27,25.00485610961914
2016-12-28,24.941608428955078
2016-12-29,25.173524856567383
2016-12-30,25.637361526489258
2017-01-03,25.264883041381836
2017-01-04,25.51788330078125
2017-01-05,25.60222053527832
2017-01-06,25.811237335205078
2017-01-09,25.541994094848633
2017-01-10,25.315261840820312
2017-01-11,25.166484832763672
2017-01-12,25.456972122192383
2017-01-13,25.24442481994629
2017-01-17,25.456972122192383
2017-01-18,25.55616569519043
2017-01-19,25.30109977722168
2017-01-20,25.55616569519043
2017-01-23,25.541994094848633
2017-01-24,25.379032135009766
2017-01-25,24.982263565063477
2017-01-26,24.805139541625977
2017-01-27,24.741369247436523
2017-01-30,24.550077438354492
2017-01-31,24.76262664794922
2017-02-01,24.429622650146484
2017-02-02,24.776798248291016
2017-02-03,24.557157516479492
2017-02-06,24.628007888793945
2017-02-07,24.741369247436523
2017-02-08,25.30109977722168
2017-02-09,25.081464767456055
2017-02-10,25.29401206970215
2017-02-13,25.01769256591797
2017-02-14,25.053115844726562
2017-02-15,24.982263565063477
2017-02-16,25.131052017211914
2017-02-17,25.21607208251953
2017-02-21,25.47114372253418
2017-02-22,25.279844284057617
2017-02-23,25.641189575195312
2017-02-24,25.64827537536621
2017-02-27,25.761629104614258
2017-02-28,25.860824584960938
2017-03-01,25.818315505981445
2017-03-02,25.77580451965332
2017-03-03,25.435710906982422
2017-03-06,25.605758666992188
2017-03-07,25.669532775878906
2017-03-08,25.44989776611328
2017-03-09,24.918502807617188
2017-03-10,24.72011947631836
2017-03-13,24.897241592407227
2017-03-14,24.861818313598633
2017-03-15,25.55616569519043
2017-03-16,25.55616569519043
2017-03-17,25.62701988220215
2017-03-20,25.577415466308594
2017-03-21,25.62701988220215
2017-03-22,25.584503173828125
2017-03-23,25.782886505126953
2017-03-24,25.797054290771484
2017-03-27,25.56325340270996
2017-03-28,25.69078254699707
2017-03-29,25.577415466308594
2017-03-30,25.612842559814453
2017-03-31,25.69078254699707
2017-04-03,25.541994094848633
2017-04-04,25.641189575195312
2017-04-05,25.605758666992188
2017-04-06,25.75583267211914
2017-04-07,25.83444595336914
2017-04-10,25.984516143798828
2017-04-11,26.098867416381836
2017-04-12,25.870182037353516
2017-04-13,25.748689651489258
2017-04-17,26.19891357421875
2017-04-18,26.263233184814453
2017-04-19,26.098867416381836
2017-04-20,25.913057327270508
2017-04-21,25.877323150634766
2017-04-24,25.70581817626953
2017-04-25,26.484777450561523
2017-04-26,26.57053565979004
2017-04-27,26.463335037231445
2017-04-28,26.68487548828125
2017-05-01,26.87782859802246
2017-05-02,26.749197006225586
2017-05-03,26.591964721679688
2017-05-04,26.884973526000977
2017-05-05,27.14225196838379
2017-05-08,27.10651397705078
2017-05-09,26.834949493408203
2017-05-10,26.813508987426758
2017-05-11,26.87782859802246
2017-05-12,26.913558959960938
2017-05-15,27.01361846923828
2017-05-16,26.906415939331055
2017-05-17,26.727760314941406
2017-05-18,27.056489944458008
2017-05-19,27.042194366455078
2017-05-22,27.227994918823242
2017-05-23,27.356639862060547
2017-05-24,27.43525505065918
2017-05-25,27.37093162536621
2017-05-26,27.39237403869629
2017-05-30,27.39951515197754
2017-05-31,27.592477798461914
2017-06-01,27.49242401123047
2017-06-02,28.12131690979004
2017-06-05,28.485790252685547
2017-06-06,28.17133903503418
2017-06-07,28.578685760498047
2017-06-08,28.542953491210938
2017-06-09,28.743061065673828
2017-06-12,28.392885208129883
2017-06-13,28.33570098876953
2017-06-14,28.371442794799805
2017-06-15,28.58582878112793
2017-06-16,28.721622467041016
2017-06-19,28.93600845336914
2017-06-20,28.771642684936523
2017-06-21,28.657297134399414
2017-06-22,28.3214111328125
2017-06-23,28.35000228881836
2017-06-26,28.392885208129883
2017-06-27,28.02126121520996
2017-06-28,27.89977264404297
2017-06-29,28.014114379882812
2017-06-30,27.84975242614746
2017-07-03,28.08557891845703
2017-07-05,28.12131690979004
2017-07-06,27.422595977783203
2017-07-07,27.494632720947266
2017-07-10,27.249731063842773
2017-07-11,27.192100524902344
2017-07-12,27.37217903137207
2017-07-13,27.228118896484375
2017-07-14,27.487428665161133
2017-07-17,27.768354415893555
2017-07-18,27.811567306518555
2017-07-19,28.178945541381836
2017-07-20,28.286991119384766
2017-07-21,28.359010696411133
2017-07-24,28.193342208862305
2017-07-25,27.86199951171875
2017-07-26,28.22936248779297
2017-07-27,27.86199951171875
2017-07-28,28.32300567626953
2017-07-31,28.157329559326172
2017-08-01,28.16452980041504
2017-08-02,28.11412239074707
2017-08-03,27.93402671813965
2017-08-04,27.83318519592285
2017-08-07,27.89801025390625
2017-08-08,27.840391159057617
2017-08-09,27.962839126586914
2017-08-10,27.948434829711914
2017-08-11,27.710735321044922
2017-08-14,28.099700927734375
2017-08-15,28.186147689819336
2017-08-16,28.042076110839844
2017-08-17,28.2581729888916
2017-08-18,28.06369972229004
2017-08-21,28.337413787841797
2017-08-22,28.27978515625
2017-08-23,28.337413787841797
2017-08-24,28.193342208862305
2017-08-25,28.121318817138672
2017-08-28,28.042076110839844
2017-08-29,27.890810012817383
2017-08-30,27.905221939086914
2017-08-31,27.962839126586914
2017-09-01,27.977251052856445
2017-09-05,28.142919540405273
2017-09-06,28.135717391967773
2017-09-07,28.402236938476562
2017-09-08,28.48867416381836
2017-09-11,28.66156005859375
2017-09-12,28.22936248779297
2017-09-13,27.883607864379883
2017-09-14,28.056480407714844
2017-09-15,28.042076110839844
2017-09-18,28.034875869750977
2017-09-19,27.703529357910156
2017-09-20,27.681921005249023
2017-09-21,27.480228424072266
2017-09-22,27.37938690185547
2017-09-25,27.458616256713867
2017-09-26,27.4298095703125
2017-09-27,27.25693130493164
2017-09-28,27.408199310302734
2017-09-29,27.393783569335938
2017-10-02,27.350576400756836
2017-10-03,27.343366622924805
2017-10-04,27.65310287475586
2017-10-05,27.768354415893555
2017-10-06,27.710268020629883
2017-10-09,27.855493545532227
2017-10-10,28.058818817138672
2017-10-11,28.037029266357422
2017-10-12,28.269407272338867
2017-10-13,28.32024574279785
2017-10-16,28.145963668823242
2017-10-17,28.153226852416992
2017-10-18,27.99346160888672
2017-10-19,27.9716739654541
2017-10-20,27.89906120300293
2017-10-23,27.99346160888672
2017-10-24,27.615859985351562
2017-10-25,27.746572494506836
2017-10-26,27.775617599487305
2017-10-27,27.96442413330078
2017-10-30,28.000736236572266
2017-10-31,28.16774559020996
2017-11-01,28.392854690551758
2017-11-02,27.68848419189453
2017-11-03,27.935379028320312
2017-11-06,28.2403621673584
2017-11-07,28.530824661254883
2017-11-08,29.08270263671875
2017-11-09,28.922954559326172
2017-11-10,28.857603073120117
2017-11-13,29.00282096862793
2017-11-14,29.03912925720215
2017-11-15,28.610706329345703
2017-11-16,28.69057846069336
2017-11-17,28.443681716918945
2017-11-20,28.60344123840332
2017-11-21,28.864856719970703
2017-11-22,28.799509048461914
2017-11-24,28.806758880615234
2017-11-27,28.683313369750977
2017-11-28,28.63248062133789
2017-11-29,28.581653594970703
2017-11-30,28.559871673583984
2017-12-01,28.47998809814453
2017-12-04,28.530824661254883
2017-12-05,28.174999237060547
2017-12-06,28.225831985473633
2017-12-07,28.19679069519043
2017-12-08,28.342029571533203
2017-12-11,28.48725700378418
2017-12-12,28.588916778564453
2017-12-13,28.342029571533203
2017-12-14,28.392854690551758
2017-12-15,28.581653594970703
2017-12-18,28.588916778564453
2017-12-19,27.69573974609375
2017-12-20,27.615859985351562
2017-12-21,27.361703872680664
2017-12-22,27.710268020629883
2017-12-26,27.833715438842773
2017-12-27,27.855493545532227
2017-12-28,28.044296264648438
2017-12-29,27.9716739654541
2018-01-02,27.637643814086914
2018-01-03,27.840967178344727
2018-01-04,27.274564743041992
2018-01-05,27.238258361816406
2018-01-08,27.310871124267578
2018-01-09,27.047285079956055
2018-01-10,26.659217834472656
2018-01-11,26.4175968170166
2018-01-12,26.139366149902344
2018-01-16,26.410276412963867
2018-01-17,26.4175968170166
2018-01-18,26.271154403686523
2018-01-19,26.337059020996094
2018-01-22,26.622615814208984
2018-01-23,27.113178253173828
2018-01-24,26.95941925048828
2018-01-25,26.893526077270508
2018-01-26,26.73244285583496
2018-01-29,26.395633697509766
2018-01-30,26.278474807739258
2018-01-31,26.747087478637695
2018-02-01,25.85380744934082
2018-02-02,25.773271560668945
2018-02-05,25.026430130004883
2018-02-06,25.12161636352539
2018-02-07,24.748193740844727
2018-02-08,24.103858947753906
2018-02-09,24.740873336791992
2018-02-12,24.69693946838379
2018-02-13,24.894630432128906
2018-02-14,24.740873336791992
2018-02-15,25.187509536743164
2018-02-16,25.341270446777344
2018-02-20,25.070354461669922
2018-02-21,24.323518753051758
2018-02-22,24.484596252441406
2018-02-23,24.99714469909668
2018-02-26,24.99714469909668
2018-02-27,24.58711051940918
2018-02-28,24.61639404296875
2018-03-01,24.67497444152832
2018-03-02,24.440673828125
2018-03-05,24.653005599975586
2018-03-06,24.806774139404297
2018-03-07,25.004467010498047
2018-03-08,25.2460880279541
2018-03-09,25.802553176879883
2018-03-12,25.861127853393555
2018-03-13,25.927026748657227
2018-03-14,26.0222110748291
2018-03-15,26.117393493652344
2018-03-16,26.329730987548828
2018-03-19,26.102758407592773
2018-03-20,25.941667556762695
2018-03-21,25.839162826538086
2018-03-22,25.45842170715332
2018-03-23,24.99714469909668
2018-03-26,25.224117279052734
2018-03-27,25.40717124938965
2018-03-28,26.066139221191406
2018-03-29,26.080793380737305
2018-04-02,25.758630752563477
2018-04-03,26.13204002380371
2018-04-04,26.37367057800293
2018-04-05,26.3809871673584
2018-04-06,26.383211135864258
2018-04-09,26.279766082763672
2018-04-10,26.44231414794922
2018-04-11,26.41275405883789
2018-04-12,26.050737380981445
2018-04-13,26.228052139282227
2018-04-16,26.434919357299805
2018-04-17,26.671337127685547
2018-04-18,26.52358055114746
2018-04-19,26.13939094543457
2018-04-20,25.96946907043457
2018-04-23,25.947294235229492
2018-04-24,25.99162483215332
2018-04-25,26.035964965820312
2018-04-26,26.44231414794922
2018-04-27,26.826499938964844
2018-04-30,26.708282470703125
2018-05-01,26.819107055664062
2018-05-02,26.64179229736328
2018-05-03,26.530967712402344
2018-05-04,26.833881378173828
2018-05-07,26.907764434814453
2018-05-08,26.76000213623047
2018-05-09,26.89299201965332
2018-05-10,27.02597999572754
2018-05-11,26.811721801757812
2018-05-14,26.656570434570312
2018-05-15,26.065515518188477
2018-05-16,25.858646392822266
2018-05-17,25.659156799316406
2018-05-18,25.61483383178711
2018-05-21,25.843862533569336
2018-05-22,25.96946907043457
2018-05-23,26.30193328857422
2018-05-24,26.154170989990234
2018-05-25,26.250215530395508
2018-05-29,26.257604598999023
2018-05-30,26.92254066467285
2018-05-31,26.944711685180664
2018-06-01,27.166351318359375
2018-06-04,27.565317153930664
2018-06-05,27.37321662902832
2018-06-06,27.491432189941406
2018-06-07,27.469268798828125
2018-06-08,27.68352699279785
2018-06-11,27.520992279052734
2018-06-12,27.557931900024414
2018-06-13,27.099863052368164
2018-06-14,27.41016387939453
2018-06-15,27.306730270385742
2018-06-18,26.944711685180664
2018-06-19,26.88559913635254
2018-06-20,27.003807067871094
2018-06-21,27.21807098388672
2018-06-22,27.50620460510254
2018-06-25,27.653976440429688
2018-06-26,27.535770416259766
2018-06-27,27.476648330688477
2018-06-28,27.742624282836914
2018-06-29,27.735239028930664
2018-07-02,27.50620460510254
2018-07-03,27.587478637695312
2018-07-05,27.786964416503906
2018-07-06,27.89039421081543
2018-07-09,27.713777542114258
2018-07-10,27.89263343811035
2018-07-11,27.959699630737305
2018-07-12,28.03421401977539
2018-07-13,27.87027359008789
2018-07-16,27.758501052856445
2018-07-17,27.557287216186523
2018-07-18,27.564754486083984
2018-07-19,27.93733787536621
2018-07-20,27.624366760253906
2018-07-23,27.363544464111328
2018-07-24,27.236852645874023
2018-07-25,27.669071197509766
2018-07-26,27.721240997314453
2018-07-27,27.564754486083984
2018-07-30,27.609451293945312
2018-07-31,28.675090789794922
2018-08-01,28.742155075073242
2018-08-02,28.839027404785156
2018-08-03,29.159460067749023
2018-08-06,29.219079971313477
2018-08-07,29.17436408996582
2018-08-08,28.98806381225586
2018-08-09,29.152002334594727
2018-08-10,28.75705337524414
2018-08-13,28.771955490112305
2018-08-14,29.06258773803711
2018-08-15,29.397926330566406
2018-08-16,29.53951072692871
2018-08-17,29.68110466003418
2018-08-20,29.599130630493164
2018-08-21,29.256338119506836
2018-08-22,29.271242141723633
2018-08-23,29.256338119506836
2018-08-24,29.599130630493164
2018-08-27,29.56186866760254
2018-08-28,29.874845504760742
2018-08-29,29.85994529724121
2018-08-30,29.658740997314453
2018-08-31,29.785444259643555
2018-09-04,29.50970458984375
2018-09-05,29.792875289916992
2018-09-06,29.90465545654297
2018-09-07,29.718351364135742
2018-09-10,30.016441345214844
2018-09-11,30.150571823120117
2018-09-12,30.143110275268555
2018-09-13,30.247453689575195
2018-09-14,29.95682144165039
2018-09-17,30.202733993530273
2018-09-18,30.046239852905273
2018-09-19,29.867403030395508
2018-09-20,30.187829971313477
2018-09-21,30.4039363861084
2018-09-24,29.792875289916992
2018-09-25,29.90465545654297
2018-09-26,29.50970458984375
2018-09-27,29.718351364135742
2018-09-28,30.128219604492188
2018-10-01,29.82268524169922
2018-10-02,29.897207260131836
2018-10-03,29.599130630493164
2018-10-04,29.56186866760254
2018-10-05,29.56186866760254
2018-10-08,29.9270076751709
2018-10-09,30.282358169555664
2018-10-10,29.839120864868164
2018-10-11,28.764846801757812
2018-10-12,28.614601135253906
2018-10-15,28.757339477539062
2018-10-16,29.39588737487793
2018-10-17,29.33578872680664
2018-10-18,29.35080909729004
2018-10-19,29.59121322631836
2018-10-22,29.042797088623047
2018-10-23,29.117935180664062
2018-10-24,29.71891975402832
2018-10-25,29.951801300048828
2018-10-26,29.260662078857422
2018-10-29,29.703893661499023
2018-10-30,30.304874420166016
2018-10-31,29.44095802307129
2018-11-01,29.486034393310547
2018-11-02,29.23812484741211
2018-11-05,29.73394203186035
2018-11-06,30.026945114135742
2018-11-07,30.44761848449707
2018-11-08,30.530261993408203
2018-11-09,30.68050193786621
2018-11-12,30.86079978942871
2018-11-13,30.94342613220215
2018-11-14,30.800691604614258
2018-11-15,30.38751220703125
2018-11-16,30.85328483581543
2018-11-19,31.131242752075195
2018-11-20,31.041093826293945
2018-11-21,30.928407669067383
2018-11-23,30.94342613220215
2018-11-26,31.02607536315918
2018-11-27,31.228906631469727
2018-11-28,31.386659622192383
2018-11-29,31.46929359436035
2018-11-30,32.01770782470703
2018-12-03,32.18297576904297
2018-12-04,31.386659622192383
2018-12-06,32.235572814941406
2018-12-07,31.874963760375977
2018-12-10,31.792325973510742
2018-12-11,31.882488250732422
2018-12-12,30.9359188079834
2018-12-13,31.476810455322266
2018-12-14,31.559444427490234
2018-12-17,30.590354919433594
2018-12-18,30.973480224609375
2018-12-19,30.950944900512695
2018-12-20,30.875818252563477
2018-12-21,30.515228271484375
2018-12-24,28.907588958740234
2018-12-26,29.68886947631836
2018-12-27,29.68886947631836
2018-12-28,29.576183319091797
2018-12-31,29.76399040222168
2019-01-02,28.8399715423584
2019-01-03,28.982715606689453
2019-01-04,28.937631607055664
2019-01-07,28.997726440429688
2019-01-08,29.6588191986084
2019-01-09,29.62321662902832
2019-01-10,30.304912567138672
2019-01-11,30.41094970703125
2019-01-14,30.388229370117188
2019-01-15,30.926008224487305
2019-01-16,31.2668399810791
2019-01-17,31.456212997436523
2019-01-18,31.569814682006836
2019-01-22,31.713729858398438
2019-01-23,31.78190040588379
2019-01-24,31.7364559173584
2019-01-25,32.13032531738281
2019-01-28,32.546905517578125
2019-01-29,32.766563415527344
2019-01-30,33.046810150146484
2019-01-31,33.13771057128906
2019-02-01,32.86503219604492
2019-02-04,33.25890350341797
2019-02-05,33.395240783691406
2019-02-06,33.34221649169922
2019-02-07,33.68305587768555
2019-02-08,33.773948669433594
2019-02-11,33.728515625
2019-02-12,33.501277923583984
2019-02-13,33.819400787353516
2019-02-14,33.81182861328125
2019-02-15,33.773948669433594
2019-02-19,33.872413635253906
2019-02-20,33.5770263671875
2019-02-21,33.887577056884766
2019-02-22,33.99360656738281
2019-02-25,33.728515625
2019-02-26,33.78910446166992
2019-02-27,33.607322692871094
2019-02-28,33.64518737792969
2019-03-01,33.561866760253906
2019-03-04,33.895145416259766
2019-03-05,34.00875473022461
2019-03-06,33.83454132080078
2019-03-07,33.82698440551758
2019-03-08,34.00119400024414
2019-03-11,34.00119400024414
2019-03-12,34.06935119628906
2019-03-13,34.1905403137207
2019-03-14,34.334442138671875
2019-03-15,34.18296432495117
2019-03-18,33.78910446166992
2019-03-19,33.72092819213867
2019-03-20,33.705787658691406
2019-03-21,34.18296432495117
2019-03-22,34.06935119628906
2019-03-25,34.13753128051758
2019-03-26,34.402618408203125
2019-03-27,34.3268928527832
2019-03-28,34.46322250366211
2019-03-29,34.43292236328125
2019-04-01,34.28142547607422
2019-04-02,34.614707946777344
2019-04-03,34.667724609375
2019-04-04,34.410194396972656
2019-04-05,34.55411148071289
2019-04-08,34.411399841308594
2019-04-09,34.44192123413086
2019-04-10,34.617454528808594
2019-04-11,34.70903015136719
2019-04-12,34.953250885009766
2019-04-15,34.89982986450195
2019-04-16,33.945858001708984
2019-04-17,33.35059356689453
2019-04-18,33.75506591796875
2019-04-22,33.20558166503906
2019-04-23,33.65584945678711
2019-04-24,33.93059158325195
2019-04-25,34.10613250732422
2019-04-26,34.36560821533203
2019-04-29,33.87718200683594
2019-04-30,34.30455017089844
2019-05-01,33.96112823486328
2019-05-02,33.7779541015625
2019-05-03,33.93822479248047
2019-05-06,33.86191940307617
2019-05-07,33.236114501953125
2019-05-08,33.27426528930664
2019-05-09,33.35823059082031
2019-05-10,33.88481521606445
2019-05-13,33.869544982910156
2019-05-14,33.85427474975586
2019-05-15,34.05270767211914
2019-05-16,34.22822952270508
2019-05-17,34.243507385253906
2019-05-20,33.831390380859375
2019-05-21,34.04507827758789
2019-05-22,34.266395568847656
2019-05-23,34.44192123413086
2019-05-24,34.57929611206055
2019-05-28,34.289283752441406
2019-05-29,33.67112350463867
2019-05-30,33.74744415283203
2019-05-31,34.1748161315918
2019-06-03,34.35799026489258
2019-06-04,34.05270767211914
2019-06-05,35.00667190551758
2019-06-06,35.18219757080078
2019-06-07,35.212730407714844
2019-06-10,35.17456817626953
2019-06-11,35.13641357421875
2019-06-12,35.18983459472656
2019-06-13,35.37299346923828
2019-06-14,35.441673278808594
2019-06-17,35.670631408691406
2019-06-18,35.35009765625
2019-06-19,35.49510192871094
2019-06-20,35.533260345458984
2019-06-21,34.86167907714844
2019-06-24,34.73192596435547
2019-06-25,34.42666244506836
2019-06-26,33.69401550292969
2019-06-27,34.02217483520508
2019-06-28,34.25876998901367
2019-07-01,34.42666244506836
2019-07-02,34.838783264160156
2019-07-03,35.30430221557617
2019-07-05,35.10588836669922
2019-07-08,35.46458053588867
2019-07-09,35.86668014526367
2019-07-10,36.07426452636719
2019-07-11,35.75135040283203
2019-07-12,35.56682205200195
2019-07-15,35.60527038574219
2019-07-16,35.70521926879883
2019-07-17,35.543766021728516
2019-07-18,35.62065887451172
2019-07-19,34.92869186401367
2019-07-22,34.828731536865234
2019-07-23,35.19778060913086
2019-07-24,35.09783172607422
2019-07-25,35.2977294921875
2019-07-26,35.43612289428711
2019-07-29,35.79749298095703
2019-07-30,35.82822036743164
2019-07-31,35.413063049316406
2019-08-01,35.42074966430664
2019-08-02,35.56682205200195
2019-08-05,34.444313049316406
2019-08-06,35.62065887451172
2019-08-07,35.60527038574219
2019-08-08,35.928184509277344
2019-08-09,36.22035217285156
2019-08-12,36.50481414794922
2019-08-13,35.79749298095703
2019-08-14,35.25929641723633
2019-08-15,35.805179595947266
2019-08-16,36.120391845703125
2019-08-19,36.71240234375
2019-08-20,36.50481414794922
2019-08-21,36.66627883911133
2019-08-22,37.04301452636719
2019-08-23,36.520198822021484
2019-08-26,36.7047233581543
2019-08-27,36.604774475097656
2019-08-28,36.71240234375
2019-08-29,36.98149490356445
2019-08-30,37.04301452636719
2019-09-03,37.289039611816406
2019-09-04,37.442813873291016
2019-09-05,37.1737060546875
2019-09-06,37.61965560913086
2019-09-09,37.23522186279297
2019-09-10,36.78160858154297
2019-09-11,36.75853729248047
2019-09-12,36.92768478393555
2019-09-13,36.597076416015625
2019-09-16,37.03532028198242
2019-09-17,37.296730041503906
2019-09-18,37.142967224121094
2019-09-19,37.08146286010742
2019-09-20,36.83542251586914
2019-09-23,36.973812103271484
2019-09-24,36.94306564331055
2019-09-25,36.95075607299805
2019-09-26,37.2506103515625
2019-09-27,37.15834045410156
2019-09-30,37.27366638183594
2019-10-01,37.135276794433594
2019-10-02,37.03532028198242
2019-10-03,37.373626708984375
2019-10-04,37.696533203125
2019-10-07,37.688846588134766
2019-10-08,37.588890075683594
2019-10-09,37.5525016784668
2019-10-10,37.583473205566406
2019-10-11,37.17311096191406
2019-10-14,37.56024932861328
2019-10-15,37.591217041015625
2019-10-16,38.20289993286133
2019-10-17,38.2570915222168
2019-10-18,38.5590705871582
2019-10-21,38.853294372558594
2019-10-22,38.489376068115234
2019-10-23,38.33452606201172
2019-10-24,38.280330657958984
2019-10-25,38.26483917236328
2019-10-28,37.97834777832031
2019-10-29,38.07901382446289
2019-10-30,38.9926643371582
2019-10-31,38.90748596191406
2019-11-01,38.50487518310547
2019-11-04,38.38873291015625
2019-11-05,37.5525016784668
2019-11-06,37.66865158081055
2019-11-07,36.77048110961914
2019-11-08,36.67756271362305
2019-11-11,36.78596878051758
2019-11-12,36.414302825927734
2019-11-13,36.92534255981445
2019-11-14,37.20408248901367
2019-11-15,37.50605773925781
2019-11-18,37.699615478515625
2019-11-19,37.846736907958984
2019-11-20,37.7692985534668
2019-11-21,37.049232482910156
2019-11-22,36.832427978515625
2019-11-25,36.8092041015625
2019-11-26,37.134395599365234
2019-11-27,37.188594818115234
2019-11-29,37.20408248901367
2019-12-02,36.22074890136719
2019-12-03,36.484004974365234
2019-12-04,36.762733459472656
2019-12-05,37.01824951171875
2019-12-06,37.0801887512207
2019-12-09,37.049232482910156
2019-12-10,36.9563102722168
2019-12-11,36.24397659301758
2019-12-12,35.91102981567383
2019-12-13,35.818119049072266
2019-12-16,35.86457824707031
2019-12-17,35.39227294921875
2019-12-18,35.53163528442383
2019-12-19,35.75617980957031
2019-12-20,35.86457824707031
2019-12-23,35.5084114074707
2019-12-24,35.655521392822266
2019-12-26,35.771671295166016
2019-12-27,35.880062103271484
2019-12-30,35.87232971191406
2019-12-31,36.15880584716797
2020-01-02,35.709712982177734
2020-01-03,35.9962043762207
2020-01-06,35.91877365112305
2020-01-07,35.4774284362793
2020-01-08,35.523895263671875
2020-01-09,35.61984634399414
2020-01-10,35.92408752441406
2020-01-13,36.345359802246094
2020-01-14,36.22053527832031
2020-01-15,36.56378173828125
2020-01-16,36.922637939453125
2020-01-17,37.01625061035156
2020-01-21,37.445308685302734
2020-01-22,37.281490325927734
2020-01-23,37.58573532104492
2020-01-24,37.58573532104492
2020-01-27,37.48431396484375
2020-01-28,37.6013298034668
2020-01-29,37.3516960144043
2020-01-30,37.58573532104492
2020-01-31,37.37509536743164
2020-02-03,37.49211883544922
2020-02-04,37.819759368896484
2020-02-05,37.796356201171875
2020-02-06,37.936771392822266
2020-02-07,38.092803955078125
2020-02-10,38.5374641418457
2020-02-11,38.584266662597656
2020-02-12,38.45165252685547
2020-02-13,38.70128631591797
2020-02-14,39.25516128540039
2020-02-18,39.34097671508789
2020-02-19,39.14595031738281
2020-02-20,39.575008392333984
2020-02-21,39.73103332519531
2020-02-24,39.41118240356445
2020-02-25,38.607666015625
2020-02-26,38.443851470947266
2020-02-27,36.673004150390625
2020-02-28,35.089378356933594
2020-03-02,36.72761154174805
2020-03-03,36.953834533691406
2020-03-04,38.49846267700195
2020-03-05,38.02259063720703
2020-03-06,37.6871452331543
2020-03-09,35.557437896728516
2020-03-10,36.64958953857422
2020-03-11,34.73052978515625
2020-03-12,32.19516372680664
2020-03-13,34.83974075317383
2020-03-16,28.723670959472656
2020-03-17,30.299497604370117
2020-03-18,27.717323303222656
2020-03-19,26.336528778076172
2020-03-20,24.986942291259766
2020-03-23,23.43452262878418
2020-03-24,24.11322021484375
2020-03-25,25.6578369140625
2020-03-26,27.912357330322266
2020-03-27,29.59739112854004
2020-03-30,29.425777435302734
2020-03-31,28.5052433013916
2020-04-01,25.728046417236328
2020-04-02,24.924541473388672
2020-04-03,24.667095184326172
2020-04-06,27.569114685058594
2020-04-07,27.88895034790039
2020-04-08,30.46586036682129
2020-04-09,32.404457092285156
2020-04-13,30.38706398010254
2020-04-14,31.017505645751953
2020-04-15,29.157705307006836
2020-04-16,28.86613655090332
2020-04-17,30.6865177154541
2020-04-20,28.66123390197754
2020-04-21,28.038677215576172
2020-04-22,28.889772415161133
2020-04-23,28.527278900146484
2020-04-24,28.598194122314453
2020-04-27,29.646297454833984
2020-04-28,29.756629943847656
2020-04-29,30.03243637084961
2020-04-30,29.528079986572266
2020-05-01,28.448471069335938
2020-05-04,28.795207977294922
2020-05-05,28.842487335205078
2020-05-06,28.40906524658203
2020-05-07,29.819669723510742
2020-05-08,30.21368408203125
2020-05-11,29.772384643554688
2020-05-12,28.472110748291016
2020-05-13,27.72346305847168
2020-05-14,27.5028133392334
2020-05-15,27.392484664916992
2020-05-18,29.071020126342773
2020-05-19,28.28297233581543
2020-05-20,28.59031105041504
2020-05-21,28.267213821411133
2020-05-22,28.59031105041504
2020-05-26,30.142772674560547
2020-05-27,30.182172775268555
2020-05-28,30.30037498474121
2020-05-29,29.141944885253906
2020-06-01,29.756629943847656
2020-06-02,29.677824020385742
2020-06-03,30.88353157043457
2020-06-04,30.528911590576172
2020-06-05,32.86152648925781
2020-06-08,33.70473861694336
2020-06-09,32.8536376953125
2020-06-10,31.76613426208496
2020-06-11,29.78814697265625
2020-06-12,30.804725646972656
2020-06-15,30.599834442138672
2020-06-16,31.600650787353516
2020-06-17,30.339771270751953
2020-06-18,29.890592575073242
2020-06-19,29.756629943847656
2020-06-22,29.74874496459961
2020-06-23,29.520206451416016
2020-06-24,28.676992416381836
2020-06-25,28.99222183227539
2020-06-26,28.676992416381836
2020-06-29,28.99222183227539
2020-06-30,29.457162857055664
2020-07-01,30.647117614746094
2020-07-02,30.394943237304688
2020-07-06,30.048202514648438
2020-07-07,29.078903198242188
2020-07-08,28.787322998046875
2020-07-09,28.636106491088867
2020-07-10,28.795289993286133
2020-07-13,28.77937126159668
2020-07-14,29.121601104736328
2020-07-15,29.52750587463379
2020-07-16,29.256900787353516
2020-07-17,29.034053802490234
2020-07-20,28.461015701293945
2020-07-21,28.26999855041504
2020-07-22,29.026090621948242
2020-07-23,28.373456954956055
2020-07-24,28.24611473083496
2020-07-27,28.09489631652832
2020-07-28,28.5565185546875
2020-07-29,28.055112838745117
2020-07-30,28.731616973876953
2020-07-31,28.81121063232422
2020-08-03,27.951642990112305
2020-08-04,27.9993953704834
2020-08-05,28.26999855041504
2020-08-06,28.24611473083496
2020-08-07,28.564472198486328
2020-08-10,28.628150939941406
2020-08-11,28.484888076782227
2020-08-12,28.564472198486328
2020-08-13,27.62532615661621
2020-08-14,27.87204933166504
2020-08-17,27.89593505859375
2020-08-18,27.9993953704834
2020-08-19,27.203506469726562
2020-08-20,27.378604888916016
2020-08-21,27.123912811279297
2020-08-24,27.482065200805664
2020-08-25,27.553701400756836
2020-08-26,26.893112182617188
2020-08-27,27.800418853759766
2020-08-28,27.927766799926758
2020-08-31,27.704914093017578
2020-09-01,27.53778076171875
2020-09-02,27.991436004638672
2020-09-03,27.96756362915039
2020-09-04,28.102863311767578
2020-09-08,27.553701400756836
2020-09-09,27.418397903442383
2020-09-10,27.219425201416016
2020-09-11,26.789648056030273
2020-09-14,28.00735855102539
2020-09-15,27.69695472717285
2020-09-16,27.824296951293945
2020-09-17,27.66512107849121
2020-09-18,26.980655670166016
2020-09-21,25.587848663330078
2020-09-22,26.144968032836914
2020-09-23,25.468469619750977
2020-09-24,25.341123580932617
2020-09-25,25.794780731201172
2020-09-28,26.264360427856445
2020-09-29,25.723148345947266
2020-09-30,25.953956604003906
2020-10-01,26.90106773376465
2020-10-02,27.64919662475586
2020-10-05,27.943683624267578
2020-10-06,27.90388298034668
2020-10-07,28.023271560668945
2020-10-08,28.738933563232422
2020-10-09,28.52181625366211
2020-10-12,28.578113555908203
2020-10-13,27.67750358581543
2020-10-14,27.22719955444336
2020-10-15,27.186996459960938
2020-10-16,26.543703079223633
2020-10-19,25.844131469726562
2020-10-20,25.988866806030273
2020-10-21,26.06928062438965
2020-10-22,26.35875701904297
2020-10-23,26.36680793762207
2020-10-26,25.691347122192383
2020-10-27,24.999814987182617
2020-10-28,23.80168914794922
2020-10-29,24.059001922607422
2020-10-30,25.12042999267578
2020-11-02,26.36680793762207
2020-11-03,27.798112869262695
2020-11-04,27.524723052978516
2020-11-05,27.219158172607422
2020-11-06,26.953805923461914
2020-11-09,30.676837921142578
2020-11-10,32.10011291503906
2020-11-11,31.103015899658203
2020-11-12,30.652713775634766
2020-11-13,31.255800247192383
2020-11-16,32.38154983520508
2020-11-17,32.389591217041016
2020-11-18,31.054767608642578
2020-11-19,31.199508666992188
2020-11-20,31.5452823638916
2020-11-23,31.899076461791992
2020-11-24,32.277008056640625
2020-11-25,31.971458435058594
2020-11-27,31.537229537963867
2020-11-30,30.93415069580078
2020-12-01,31.062816619873047
2020-12-02,31.665895462036133
2020-12-03,32.16443634033203
2020-12-04,32.71124267578125
2020-12-07,32.654945373535156
2020-12-08,32.30918502807617
2020-12-09,31.85888671875
2020-12-10,30.821584701538086
2020-12-11,30.668790817260742
2020-12-14,30.226533889770508
2020-12-15,30.86981773376465
2020-12-16,30.54817008972168
2020-12-17,30.86981773376465
2020-12-18,29.760149002075195
2020-12-21,29.703861236572266
2020-12-22,30.04962730407715
2020-12-23,29.776229858398438
2020-12-24,30.009422302246094
2020-12-28,30.572303771972656
2020-12-29,30.13003158569336
2020-12-30,30.5320987701416
2020-12-31,30.9019832611084
2021-01-04,29.631494522094727
2021-01-05,29.583250045776367
2021-01-06,30.68488121032715
2021-01-07,30.202417373657227
2021-01-08,30.348552703857422
2021-01-11,30.080625534057617
2021-01-12,30.470340728759766
2021-01-13,31.05490493774414
2021-01-14,31.444608688354492
2021-01-15,32.00479507446289
2021-01-19,31.404014587402344
2021-01-20,32.045406341552734
2021-01-21,31.88302993774414
2021-01-22,31.75313377380371
2021-01-25,31.671934127807617
2021-01-26,31.834318161010742
2021-01-27,30.98183822631836
2021-01-28,31.59886932373047
2021-01-29,31.2172794342041
2021-02-01,31.468963623046875
2021-02-02,31.550161361694336
2021-02-03,31.891145706176758
2021-02-04,32.26462936401367
2021-02-05,32.53254699707031
2021-02-08,33.25511932373047
2021-02-09,33.42563247680664
2021-02-10,33.880287170410156
2021-02-11,35.17119216918945
2021-02-12,34.67594528198242
2021-02-16,34.505435943603516
2021-02-17,34.34306716918945
2021-02-18,34.067020416259766
2021-02-19,34.27812194824219
2021-02-22,34.45672607421875
2021-02-23,35.30109786987305
2021-02-24,35.2605094909668
2021-02-25,34.40802001953125
2021-02-26,33.42563247680664
2021-03-01,34.172569274902344
2021-03-02,34.18880081176758
2021-03-03,34.65970230102539
2021-03-04,34.37553787231445
2021-03-05,34.54603576660156
2021-03-08,35.2767448425293
2021-03-09,34.84644317626953
2021-03-10,35.18742752075195
2021-03-11,35.39852523803711
2021-03-12,36.656959533691406
2021-03-15,37.02231216430664
2021-03-16,36.307838439941406
2021-03-17,36.69755935668945
2021-03-18,36.53519058227539
2021-03-19,35.18742752075195
2021-03-22,35.34169006347656
2021-03-23,35.47971725463867
2021-03-24,35.31733703613281
2021-03-25,35.966861724853516
2021-03-26,36.34031677246094
2021-03-29,36.05617141723633
2021-03-30,36.048038482666016
2021-03-31,35.609615325927734
2021-04-01,36.015567779541016
2021-04-05,35.569026947021484
2021-04-06,35.763877868652344
2021-04-07,36.22665023803711
2021-04-08,35.991737365722656
2021-04-09,36.06540298461914
2021-04-12,36.14725875854492
2021-04-13,36.351898193359375
2021-04-14,36.16362762451172
2021-04-15,36.728431701660156
2021-04-16,36.85121536254883
2021-04-19,36.94124984741211
2021-04-20,37.50605010986328
2021-04-21,37.9890022277832
2021-04-22,37.77617645263672
2021-04-23,38.29186248779297
2021-04-26,38.31642532348633
2021-04-27,38.30823516845703
2021-04-28,37.48967742919922
2021-04-29,37.66157913208008
2021-04-30,38.0217399597168
2021-05-03,37.75162124633789
2021-05-04,37.301414489746094
2021-05-05,36.843013763427734
2021-05-06,37.555171966552734
2021-05-07,37.890769958496094
2021-05-10,38.19363784790039
2021-05-11,37.75162124633789
2021-05-12,36.703880310058594
2021-05-13,37.54698944091797
2021-05-14,37.97262954711914
2021-05-17,37.980804443359375
2021-05-18,37.8416633605957
2021-05-19,37.48149871826172
2021-05-20,38.02992248535156
2021-05-21,37.95626449584961
2021-05-24,38.44738006591797
2021-05-25,38.512874603271484
2021-05-26,38.52105712890625
2021-05-27,38.45558166503906
2021-05-28,38.98762512207031
2021-06-01,39.8962287902832
2021-06-02,40.47739791870117
2021-06-03,40.14997863769531
2021-06-04,40.13361358642578
2021-06-07,40.42009353637695
2021-06-08,40.58381271362305
2021-06-09,40.65748596191406
2021-06-10,41.08311462402344
2021-06-11,41.16498947143555
2021-06-14,41.02581787109375
2021-06-15,40.60836410522461
2021-06-16,40.280948638916016
2021-06-17,40.280948638916016
2021-06-18,39.47876739501953
2021-06-21,40.55925369262695
2021-06-22,40.485595703125
2021-06-23,40.58381271362305
2021-06-24,40.60836410522461
2021-06-25,40.81300354003906
2021-06-28,40.747520446777344
2021-06-29,40.493778228759766
2021-06-30,40.09267807006836
2021-07-01,40.59199142456055
2021-07-02,40.698402404785156
2021-07-06,41.230464935302734
2021-07-07,41.72978210449219
2021-07-08,41.860748291015625
2021-07-09,42.83601379394531
2021-07-12,43.099822998046875
2021-07-13,42.78656005859375
2021-07-14,43.1328010559082
2021-07-15,43.5037841796875
2021-07-16,43.89950180053711
2021-07-19,43.454315185546875
2021-07-20,44.657958984375
2021-07-21,44.80634689331055
2021-07-22,44.798095703125
2021-07-23,45.28450012207031
2021-07-26,45.399906158447266
2021-07-27,45.51533508300781
2021-07-28,45.408164978027344
2021-07-29,45.82860565185547
2021-07-30,45.33396911621094
2021-08-02,45.33396911621094
2021-08-03,45.44938278198242
2021-08-04,45.2267951965332
2021-08-05,45.56479263305664
2021-08-06,45.2432746887207
2021-08-09,45.012447357177734
2021-08-10,44.31169891357422
2021-08-11,43.94071960449219
2021-08-12,43.88300704956055
2021-08-13,44.09736633300781
2021-08-16,44.06437683105469
2021-08-17,43.693397521972656
2021-08-18,43.380123138427734
2021-08-19,43.693397521972656
2021-08-20,43.76759719848633
2021-08-23,43.38837432861328
2021-08-24,42.976165771484375
2021-08-25,43.01738739013672
2021-08-26,43.27294921875
2021-08-27,43.536773681640625
2021-08-30,44.072628021240234
2021-08-31,44.53429412841797
2021-09-01,45.5812873840332
2021-09-02,45.72142791748047
2021-09-03,45.64722442626953
2021-09-07,44.39414978027344
2021-09-08,44.93000411987305
2021-09-09,44.15507125854492
2021-09-10,43.48729705810547
2021-09-13,43.973697662353516
2021-09-14,44.072628021240234
2021-09-15,44.22926330566406
2021-09-16,44.31169891357422
2021-09-17,43.841800689697266
2021-09-20,43.80881881713867
2021-09-21,43.95720672607422
2021-09-22,44.22101974487305
2021-09-23,44.50130844116211
2021-09-24,44.14682388305664
2021-09-27,43.437835693359375
2021-09-28,43.437835693359375
2021-09-29,44.130332946777344
2021-09-30,43.676902770996094
2021-10-01,44.138572692871094
2021-10-04,44.303466796875
2021-10-05,44.130332946777344
2021-10-06,44.51780319213867
2021-10-07,44.43729019165039
2021-10-08,44.02229309082031
2021-10-11,43.89780044555664
2021-10-12,44.48709487915039
2021-10-13,45.10957717895508
2021-10-14,45.70716857910156
2021-10-15,44.769287109375
2021-10-18,45.142784118652344
2021-10-19,44.769287109375
2021-10-20,45.416683197021484
2021-10-21,45.47477722167969
2021-10-22,45.64078140258789
2021-10-25,45.37517547607422
2021-10-26,45.765262603759766
2021-10-27,46.02256393432617
2021-10-28,46.69484329223633
2021-10-29,46.08896255493164
2021-11-01,45.673973083496094
2021-11-02,45.8150634765625
2021-11-03,45.79016876220703
2021-11-04,44.94358444213867
2021-11-05,45.49136734008789
2021-11-08,45.54947280883789
2021-11-09,45.8316650390625
2021-11-10,46.02256393432617
2021-11-11,46.371150970458984
2021-11-12,46.39605712890625
2021-11-15,47.259239196777344
2021-11-16,46.586952209472656
2021-11-17,46.74464797973633
2021-11-18,47.0517463684082
2021-11-19,46.603546142578125
2021-11-22,46.171958923339844
2021-11-23,47.06834030151367
2021-11-24,47.881717681884766
2021-11-26,46.22175979614258
2021-11-29,47.69912338256836
2021-11-30,47.08493423461914
2021-12-01,45.30047607421875
2021-12-02,47.0185432434082
2021-12-03,46.87744903564453
2021-12-06,47.69912338256836
2021-12-07,48.9524040222168
2021-12-08,49.043697357177734
2021-12-09,48.39630889892578
2021-12-10,48.45440673828125
2021-12-13,49.25949478149414
2021-12-14,48.628700256347656
2021-12-15,49.48359298706055
2021-12-16,48.711700439453125
2021-12-17,48.10581970214844
2021-12-20,47.881717681884766
2021-12-21,48.321624755859375
2021-12-22,48.811309814453125
2021-12-23,48.703407287597656
2021-12-27,49.325889587402344
2021-12-28,49.334190368652344
2021-12-29,49.64958572387695
2021-12-30,49.69938278198242
2021-12-31,49.790679931640625
2022-01-03,49.71599197387695
2022-01-04,50.454673767089844
2022-01-05,49.14330291748047
2022-01-06,49.159889221191406
2022-01-07,48.61123275756836
2022-01-10,48.44420623779297
2022-01-11,48.63628387451172
2022-01-12,49.1958122253418
2022-01-13,49.25426483154297
2022-01-14,48.92022705078125
2022-01-18,48.78660583496094
2022-01-19,47.98491287231445
2022-01-20,47.34188461303711
2022-01-21,47.04124450683594
2022-01-24,46.92433166503906
2022-01-25,46.76566696166992
2022-01-26,46.50679016113281
2022-01-27,45.604881286621094
2022-01-28,47.099700927734375
2022-01-31,47.46714401245117
2022-02-01,47.057945251464844
2022-02-02,48.402469635009766
2022-02-03,48.043373107910156
2022-02-04,47.60076141357422
2022-02-07,47.03289794921875
2022-02-08,46.515140533447266
2022-02-09,47.60911560058594
2022-02-10,46.01407241821289
2022-02-11,46.1476936340332
2022-02-14,45.604881286621094
2022-02-15,45.730133056640625
2022-02-16,45.989017486572266
2022-02-17,45.28752899169922
2022-02-18,45.29589080810547
2022-02-22,45.5798225402832
2022-02-23,44.97019958496094
2022-02-24,45.36268997192383
2022-02-25,46.799068450927734
2022-02-28,45.821998596191406
2022-03-01,45.35434341430664
2022-03-02,46.590293884277344
2022-03-03,46.99949264526367
2022-03-04,48.47761917114258
2022-03-07,48.101829528808594
2022-03-08,47.25002670288086
2022-03-09,47.82624816894531
2022-03-10,47.851295471191406
2022-03-11,47.30012512207031
2022-03-14,46.78237533569336
2022-03-15,47.51725387573242
2022-03-16,47.60076141357422
2022-03-17,47.99325942993164
2022-03-18,47.78448486328125
2022-03-21,47.408687591552734
2022-03-22,46.97444534301758
2022-03-23,46.56524658203125
2022-03-24,47.23332214355469
2022-03-25,47.93480682373047
2022-03-28,48.17698287963867
2022-03-29,49.70521926879883
2022-03-30,48.45256805419922
2022-03-31,47.90975570678711
2022-04-01,49.25426483154297
2022-04-04,48.4859733581543
2022-04-05,48.56948471069336
2022-04-06,49.74698257446289
2022-04-07,49.371177673339844
2022-04-08,49.37118148803711
2022-04-11,48.32894515991211
2022-04-12,48.463436126708984
2022-04-13,48.49705123901367
2022-04-14,48.39619445800781
2022-04-18,48.01797103881836
2022-04-19,48.749202728271484
2022-04-20,49.640140533447266
2022-04-21,49.96794128417969
2022-04-22,48.95932388305664
2022-04-25,48.58110809326172
2022-04-26,47.757408142089844
2022-04-27,47.034576416015625
2022-04-28,47.219486236572266
2022-04-29,44.72319412231445
2022-05-02,43.50445556640625
2022-05-03,43.56330490112305
2022-05-04,43.75661087036133
2022-05-05,42.53788375854492
2022-05-06,42.06720733642578
2022-05-09,40.08361053466797
2022-05-10,39.11703872680664
2022-05-11,39.87348175048828
2022-05-12,40.29373550415039
2022-05-13,40.999755859375
2022-05-16,40.529083251953125
2022-05-17,40.81484603881836
2022-05-18,39.285133361816406
2022-05-19,38.898502349853516
2022-05-20,39.15066146850586
2022-05-23,40.16766357421875
2022-05-24,40.17606735229492
2022-05-25,40.05840301513672
2022-05-26,39.99956512451172
2022-05-27,40.84006881713867
2022-05-31,40.17606735229492
2022-06-01,40.27693176269531
2022-06-02,40.34416961669922
2022-06-03,40.17606735229492
2022-06-06,39.00777053833008
2022-06-07,39.764225006103516
2022-06-08,38.95733642578125
2022-06-09,37.99916076660156
2022-06-10,37.62093734741211
2022-06-13,35.64575958251953
2022-06-14,35.57011413574219
2022-06-15,36.09122085571289
2022-06-16,35.94833755493164
2022-06-17,36.587120056152344
2022-06-21,37.06620407104492
2022-06-22,37.38560104370117
2022-06-23,38.411014556884766
2022-06-24,38.78924560546875
2022-06-27,39.23470687866211
2022-06-28,38.873287200927734
2022-06-29,38.90690612792969
2022-06-30,38.69677734375
2022-07-01,39.0497932434082
2022-07-05,38.50347137451172
2022-07-06,38.511871337890625
2022-07-07,38.36058807373047
2022-07-08,37.97918701171875
2022-07-11,37.74186325073242
2022-07-12,37.99613571166992
2022-07-13,37.61472702026367
2022-07-14,37.30960464477539
2022-07-15,37.826622009277344
2022-07-18,37.80118942260742
2022-07-19,38.50467300415039
2022-07-20,38.49618911743164
2022-07-21,38.725032806396484
2022-07-22,39.131858825683594
2022-07-25,39.03863525390625
2022-07-26,39.11491775512695
2022-07-27,39.411563873291016
2022-07-28,40.903255462646484
2022-07-29,41.02191925048828
2022-08-01,40.030269622802734
2022-08-02,39.284423828125
2022-08-03,39.131858825683594
2022-08-04,39.54716491699219
2022-08-05,39.63191604614258
2022-08-08,39.9285774230957
2022-08-09,40.6744270324707
2022-08-10,41.683021545410156
2022-08-11,41.69150161743164
2022-08-12,42.48820495605469
2022-08-15,42.4034423828125
2022-08-16,42.70856857299805
2022-08-17,42.63228225708008
2022-08-18,41.87796401977539
2022-08-19,41.38637161254883
2022-08-22,40.46253204345703
2022-08-23,39.53868865966797
2022-08-24,40.00484848022461
2022-08-25,40.41168975830078
2022-08-26,39.29289627075195
2022-08-29,38.563995361328125
2022-08-30,38.02156066894531
2022-08-31,38.030033111572266
2022-09-01,38.58942413330078
2022-09-02,38.411441802978516
2022-09-06,39.05558776855469
2022-09-07,39.750579833984375
2022-09-08,39.970951080322266
2022-09-09,40.66594696044922
2022-09-12,40.51338195800781
2022-09-13,39.131858825683594
2022-09-14,38.70808029174805
2022-09-15,38.038516998291016
2022-09-16,37.8350944519043
2022-09-19,37.08076477050781
2022-09-20,35.851806640625
2022-09-21,35.597530364990234
2022-09-22,35.60600662231445
2022-09-23,35.911128997802734
2022-09-26,34.66522216796875
2022-09-27,34.368568420410156
2022-09-28,35.34326934814453
2022-09-29,34.81777572631836
2022-09-30,35.35173797607422
2022-10-03,35.7331428527832
2022-10-04,35.92809295654297
2022-10-05,34.81777572631836
2022-10-06,33.724430084228516
2022-10-07,32.552066802978516
2022-10-10,32.38092803955078
2022-10-11,32.99705505371094
2022-10-12,32.65476608276367
2022-10-13,33.40781784057617
2022-10-14,32.21834182739258
2022-10-17,33.71586608886719
2022-10-18,34.22075653076172
2022-10-19,33.2537727355957
2022-10-20,33.279449462890625
2022-10-21,33.54472732543945
2022-10-24,33.39068603515625
2022-10-25,34.71707534790039
2022-10-26,33.827117919921875
2022-10-27,33.6046257019043
2022-10-28,33.869903564453125
2022-10-31,34.02393341064453
2022-11-01,34.09239196777344
2022-11-02,33.236663818359375
2022-11-03,33.01417541503906
2022-11-04,32.894371032714844
2022-11-07,32.3381462097168
2022-11-08,32.184112548828125
2022-11-09,32.14132308959961
2022-11-10,34.81976318359375
2022-11-11,34.32343673706055
2022-11-14,33.66452407836914
2022-11-15,34.03248977661133
2022-11-16,33.92980194091797
2022-11-17,33.75865936279297
2022-11-18,34.40045166015625
2022-11-21,34.494590759277344
2022-11-22,34.588714599609375
2022-11-23,34.33199691772461
2022-11-25,34.8539924621582
2022-11-28,34.160850524902344
2022-11-29,34.87110900878906
2022-11-30,35.487239837646484
2022-12-01,34.982357025146484
2022-12-02,35.08504104614258
2022-12-05,34.44324493408203
2022-12-06,33.8442268371582
2022-12-07,33.72442626953125
2022-12-08,34.357666015625
2022-12-09,34.13517761230469
2022-12-12,34.48603057861328
2022-12-13,34.99091339111328
2022-12-14,34.72563171386719
2022-12-15,34.54593276977539
2022-12-16,33.47626495361328
2022-12-19,32.90292739868164
2022-12-20,32.526405334472656
2022-12-21,32.7488899230957
2022-12-22,32.87725830078125
2022-12-23,33.15964126586914
2022-12-27,32.96282958984375
2022-12-28,32.46650314331055
2022-12-29,33.29655838012695
2022-12-30,33.14253234863281
2023-01-03,33.02272415161133
2023-01-04,33.5875129699707
2023-01-05,32.20123291015625
2023-01-06,33.45469665527344
2023-01-09,33.25586700439453
2023-01-10,33.35960388183594
2023-01-11,34.811893463134766
2023-01-12,34.97615051269531
2023-01-13,34.708160400390625
2023-01-17,34.98478317260742
2023-01-18,34.578495025634766
2023-01-19,34.241355895996094
2023-01-20,34.561214447021484
2023-01-23,34.51798629760742
2023-01-24,35.123104095458984
2023-01-25,35.09717559814453
2023-01-26,35.46888732910156
2023-01-27,36.28148651123047
2023-01-30,35.7541618347168
2023-01-31,36.81745910644531
2023-02-01,37.024932861328125
2023-02-02,38.390777587890625
2023-02-03,37.50038146972656
2023-02-06,36.90389633178711
2023-02-07,37.92396926879883
2023-02-08,38.69334030151367
2023-02-09,37.967193603515625
2023-02-10,38.1141471862793
2023-02-13,38.43400192260742
2023-02-14,38.59825134277344
2023-02-15,38.91809844970703
2023-02-16,38.874874114990234
2023-02-17,38.684696197509766
2023-02-21,37.90667724609375
2023-02-22,38.10550308227539
2023-02-23,38.209232330322266
2023-02-24,37.716495513916016
2023-02-27,37.223751068115234
2023-02-28,37.0335693359375
2023-03-01,36.00486755371094
2023-03-02,36.40251159667969
2023-03-03,37.15459060668945
2023-03-06,37.06814193725586
2023-03-07,36.151817321777344
2023-03-08,36.385223388671875
2023-03-09,35.65907287597656
2023-03-10,34.50933837890625
2023-03-13,34.80324935913086
2023-03-14,35.13174819946289
2023-03-15,35.06259536743164
2023-03-16,34.53527069091797
2023-03-17,33.636226654052734
2023-03-20,34.059814453125
2023-03-21,33.912864685058594
2023-03-22,33.00517272949219
2023-03-23,32.71125793457031
2023-03-24,33.45469665527344
2023-03-27,33.281803131103516
2023-03-28,33.16941833496094
2023-03-29,34.051170349121094
2023-03-30,34.47475814819336
2023-03-31,35.49482345581055
2023-04-03,35.36516571044922
2023-04-04,35.25278091430664
2023-04-05,35.06259536743164
2023-04-06,35.534297943115234
2023-04-10,35.543025970458984
2023-04-11,35.595436096191406
2023-04-12,35.29844665527344
2023-04-13,35.1150016784668
2023-04-14,35.132476806640625
2023-04-17,36.049659729003906
2023-04-18,35.98851013183594
2023-04-19,36.36411666870117
2023-04-20,36.36411666870117
2023-04-21,36.27677536010742
2023-04-24,35.953575134277344
2023-04-25,35.69152069091797
2023-04-26,35.438201904296875
2023-04-27,35.89242172241211
2023-04-28,36.102073669433594
2023-05-01,36.005985260009766
2023-05-02,35.097537994384766
2023-05-03,35.10627365112305
2023-05-04,35.167415618896484
2023-05-05,36.102073669433594
2023-05-08,36.049659729003906
2023-05-09,35.595436096191406
2023-05-10,35.953575134277344
2023-05-11,36.119537353515625
2023-05-12,36.1457405090332
2023-05-15,36.03219223022461
2023-05-16,35.272239685058594
2023-05-17,35.41200256347656
2023-05-18,35.141212463378906
2023-05-19,35.23729705810547
2023-05-22,35.50808334350586
2023-05-23,35.14994812011719
2023-05-24,34.45113754272461
2023-05-25,34.066802978515625
2023-05-26,34.26770782470703
2023-05-30,34.24150466918945
2023-05-31,34.65204620361328
2023-06-01,35.01891326904297
2023-06-02,35.953575134277344
2023-06-05,35.979774475097656
2023-06-06,36.27677536010742
2023-06-07,36.8969612121582
2023-06-08,36.76593780517578
2023-06-09,37.167747497558594
2023-06-12,37.10660171508789
2023-06-13,37.22889709472656
2023-06-14,37.656917572021484
2023-06-15,37.58702850341797
2023-06-16,37.927703857421875
2023-06-20,37.46474075317383
2023-06-21,37.08040237426758
2023-06-22,35.99725341796875
2023-06-23,35.141212463378906
2023-06-26,36.2418327331543
2023-06-27,36.87075424194336
2023-06-28,36.84455490112305
2023-06-29,37.45600891113281
2023-06-30,37.52588653564453
2023-07-03,38.1373405456543
2023-07-05,37.901493072509766
2023-07-06,37.86655044555664
2023-07-07,37.61957931518555
2023-07-10,37.6724967956543
2023-07-11,38.21055603027344
2023-07-12,38.095890045166016
2023-07-13,38.298763275146484
2023-07-14,38.25465393066406
2023-07-17,37.78717041015625
2023-07-18,37.40788650512695
2023-07-19,37.716609954833984
2023-07-20,37.998863220214844
2023-07-21,38.16645050048828
2023-07-24,38.13116455078125
2023-07-25,37.266754150390625
2023-07-26,37.49608612060547
2023-07-27,35.8201904296875
2023-07-28,35.493831634521484
2023-07-31,36.0583381652832
2023-08-01,35.72316360473633
2023-08-02,35.69668960571289
2023-08-03,35.502655029296875
2023-08-04,35.3086051940918
2023-08-07,35.62613296508789
2023-08-08,35.00870132446289
2023-08-09,34.76172637939453
2023-08-10,34.7970085144043
2023-08-11,35.00870132446289
2023-08-14,34.426544189453125
2023-08-15,33.84439468383789
2023-08-16,33.69443893432617
2023-08-17,33.91495895385742
2023-08-18,33.87967300415039
2023-08-21,33.59741973876953
2023-08-22,33.67679977416992
2023-08-23,34.25895309448242
2023-08-24,34.153114318847656
2023-08-25,34.55002975463867
2023-08-28,34.80582809448242
2023-08-29,35.07044219970703
2023-08-30,35.51146697998047
2023-08-31,35.193931579589844
2023-09-01,35.043983459472656
2023-09-05,34.770545959472656
2023-09-06,34.46182632446289
2023-09-07,34.50592803955078
2023-09-08,34.10017776489258
2023-09-11,33.98552703857422
2023-09-12,34.161930084228516
2023-09-13,33.71208572387695
2023-09-14,33.9061393737793
2023-09-15,33.72090530395508
2023-09-18,33.46510314941406
2023-09-19,33.368080139160156
2023-09-20,33.4562873840332
2023-09-21,32.371360778808594
2023-09-22,31.956785202026367
2023-09-25,31.753925323486328
2023-09-26,31.498130798339844
2023-09-27,31.21587371826172
2023-09-28,31.462846755981445
2023-09-29,31.462846755981445
2023-10-02,30.995361328125
2023-10-03,30.704280853271484
2023-10-04,31.198230743408203
2023-10-05,31.50695037841797
2023-10-06,31.944293975830078
2023-10-09,32.59585952758789
2023-10-10,32.2745361328125
2023-10-11,32.85469436645508
2023-10-12,32.506595611572266
2023-10-13,32.2656135559082
2023-10-16,32.33700942993164
2023-10-17,32.506595611572266
2023-10-18,31.962141036987305
2023-10-19,31.40875816345215
2023-10-20,30.971418380737305
2023-10-23,30.471595764160156
2023-10-24,30.989269256591797
2023-10-25,30.337709426879883
2023-10-26,29.980688095092773
2023-10-27,28.168819427490234
2023-10-30,28.22237205505371
2023-10-31,28.391952514648438
2023-11-01,28.034934997558594
2023-11-02,28.793598175048828
2023-11-03,29.695072174072266
2023-11-06,29.025667190551758
2023-11-07,28.66864585876465
2023-11-08,29.22202491760254
2023-11-09,28.552614212036133
2023-11-10,29.23987579345703
2023-11-13,28.704347610473633
2023-11-14,30.061017990112305
2023-11-15,29.775405883789062
2023-11-16,29.45408821105957
2023-11-17,29.29343032836914
2023-11-20,29.677223205566406
2023-11-21,29.275577545166016
2023-11-22,29.570119857788086
2023-11-24,29.766481399536133
2023-11-27,29.703996658325195
2023-11-28,29.85573387145996
2023-11-29,29.712923049926758
2023-11-30,29.811105728149414
2023-12-01,30.703659057617188
2023-12-04,30.89108657836914
2023-12-05,30.828615188598633
2023-12-06,30.944639205932617
2023-12-07,31.239179611206055
2023-12-08,31.569425582885742
2023-12-11,31.221332550048828
2023-12-12,31.64083480834961
2023-12-13,33.131385803222656
2023-12-14,34.229217529296875
2023-12-15,33.59550857543945
2023-12-18,33.74723815917969
2023-12-19,33.577659606933594
2023-12-20,33.05997848510742
2023-12-21,33.274192810058594
2023-12-22,33.60444259643555
2023-12-26,33.890052795410156
2023-12-27,34.21137237548828
2023-12-28,34.60409164428711
2023-12-29,34.17566680908203
2024-01-02,34.488059997558594
2024-01-03,33.61336135864258
2024-01-04,33.79187774658203
2024-01-05,33.756168365478516
2024-01-08,34.44342803955078
2024-01-09,34.40734100341797
2024-01-10,34.488548278808594
2024-01-11,34.741214752197266
2024-01-12,34.82242202758789
2024-01-16,34.59682846069336
2024-01-17,33.8298225402832
2024-01-18,33.577152252197266
2024-01-19,33.938106536865234
2024-01-22,34.145652770996094
2024-01-23,33.8298225402832
2024-01-24,33.125972747802734
2024-01-25,32.96354293823242
2024-01-26,33.10792541503906
2024-01-29,33.153045654296875
2024-01-30,32.918426513671875
2024-01-31,32.50333786010742
2024-02-01,32.945499420166016
2024-02-02,32.76502990722656
2024-02-05,31.97093391418457
2024-02-06,32.08824920654297
2024-02-07,31.871679306030273
2024-02-08,32.02507781982422
2024-02-09,31.916799545288086
2024-02-12,32.097267150878906
2024-02-13,31.240018844604492
2024-02-14,31.465606689453125
2024-02-15,32.53041076660156
2024-02-16,32.55747985839844
2024-02-20,32.304813385009766
2024-02-21,32.75600051879883
2024-02-22,32.62064743041992
2024-02-23,32.34992599487305
2024-02-26,31.600971221923828
2024-02-27,31.655113220214844
2024-02-28,31.95289421081543
2024-02-29,32.03410339355469
2024-03-01,32.431148529052734
2024-03-04,33.640323638916016
2024-03-05,33.532039642333984
2024-03-06,33.61325454711914
2024-03-07,34.010292053222656
2024-03-08,34.38026428222656
2024-03-11,34.145652770996094
2024-03-12,33.4598503112793
2024-03-13,33.74860763549805
2024-03-14,33.089881896972656
2024-03-15,33.54105758666992
2024-03-18,33.216209411621094
2024-03-19,33.144020080566406
2024-03-20,33.44180679321289
2024-03-21,33.938106536865234
2024-03-22,33.532039642333984
2024-03-25,33.27937698364258
2024-03-26,32.855262756347656
2024-03-27,33.39667892456055
2024-03-28,33.757633209228516
2024-04-01,33.06280517578125
2024-04-02,32.6477165222168
2024-04-03,32.90037536621094
2024-04-04,32.83721160888672
2024-04-05,32.945499420166016
2024-04-08,33.95615768432617
2024-04-09,34.56308364868164
2024-04-10,33.9698486328125
2024-04-11,33.92420959472656
2024-04-12,33.44049072265625
2024-04-15,32.71946716308594
2024-04-16,32.19012451171875
2024-04-17,32.25400924682617
2024-04-18,32.655582427978516
2024-04-19,33.22144317626953
2024-04-22,33.77817916870117
2024-04-23,34.015472412109375
2024-04-24,34.58133316040039
2024-04-25,34.65434646606445
2024-04-26,34.599586486816406
2024-04-29,34.946407318115234
2024-04-30,34.7547492980957
2024-05-01,34.216270446777344
2024-05-02,34.28927993774414
2024-05-03,34.89164733886719
2024-05-06,35.49401092529297
2024-05-07,35.56702423095703
2024-05-08,34.92815399169922
2024-05-09,35.630916595458984
2024-05-10,35.630916595458984
2024-05-13,35.70392608642578
2024-05-14,35.93209457397461
2024-05-15,36.1602668762207
2024-05-16,35.97773361206055
2024-05-17,36.08725357055664
2024-05-20,35.95035171508789
2024-05-21,36.224151611328125
2024-05-22,36.142005920410156
2024-05-23,35.42099380493164
2024-05-24,35.557899475097656
2024-05-28,34.87339401245117
2024-05-29,34.28927993774414
2024-05-30,34.56308364868164
2024-05-31,35.24758529663086
2024-06-03,35.46663284301758
2024-06-04,36.13288116455078
2024-06-05,36.28803634643555
2024-06-06,36.142005920410156
2024-06-07,36.205902099609375
2024-06-10,36.351932525634766
2024-06-11,35.86820602416992
2024-06-12,36.10550308227539
2024-06-13,36.4249382019043
2024-06-14,36.76263427734375
2024-06-17,36.81739807128906
2024-06-18,37.082069396972656
2024-06-20,37.03643035888672
2024-06-21,37.16421127319336
2024-06-24,37.565792083740234
2024-06-25,37.25547790527344
2024-06-26,36.926910400390625
2024-06-27,37.2098388671875
2024-06-28,37.556671142578125
2024-07-01,37.456268310546875
2024-07-02,37.4106330871582
2024-07-03,37.054691314697266
2024-07-05,37.30111312866211
2024-07-08,37.25547790527344
2024-07-09,37.24635314941406
2024-07-10,37.49075698852539
2024-07-11,37.4538688659668
2024-07-12,37.214073181152344
2024-07-15,37.407752990722656
2024-07-16,37.88733673095703
2024-07-17,38.431480407714844
2024-07-18,38.394588470458984
2024-07-19,38.293148040771484
2024-07-22,38.76350402832031
2024-07-23,38.74505615234375
2024-07-24,38.27469253540039
2024-07-25,37.50920486450195
2024-07-26,38.06257629394531
2024-07-29,37.961124420166016
2024-07-30,37.67521667480469
2024-07-31,36.955833435058594
2024-08-01,37.56454086303711
2024-08-02,37.435420989990234
2024-08-05,36.854373931884766
2024-08-06,38.01646041870117
2024-08-07,37.951904296875
2024-08-08,38.14558029174805
2024-08-09,38.615936279296875
2024-08-12,38.33003234863281
2024-08-13,38.449928283691406
2024-08-14,38.532936096191406
2024-08-15,38.38536834716797
2024-08-16,38.468379974365234
2024-08-19,38.68049240112305
2024-08-20,38.828067779541016
2024-08-21,39.08631134033203
2024-08-22,39.252315521240234
2024-08-23,39.93480682373047
2024-08-26,39.86102294921875
2024-08-27,40.24837875366211
2024-08-28,40.75563430786133
2024-08-29,40.681854248046875
2024-08-30,41.05076599121094
2024-09-03,41.428897857666016
2024-09-04,41.12454605102539
2024-09-05,40.96775436401367
2024-09-06,40.62651443481445
2024-09-09,41.05998229980469
2024-09-10,42.04682922363281
2024-09-11,42.406517028808594
2024-09-12,42.93221664428711
2024-09-13,43.46714782714844
2024-09-16,43.319576263427734
2024-09-17,42.766212463378906
2024-09-18,42.60020065307617
2024-09-19,42.56331253051758
2024-09-20,42.07449722290039
2024-09-23,42.74775695800781
2024-09-24,42.44340896606445
2024-09-25,42.12983703613281
2024-09-26,41.69636154174805
2024-09-27,41.49346160888672
2024-09-30,41.81625747680664
2024-10-01,41.410457611083984
2024-10-02,41.60413360595703
2024-10-03,41.22599792480469
2024-10-04,41.12454605102539
2024-10-07,40.774078369140625
2024-10-08,40.67263412475586
2024-10-09,40.70951843261719
2024-10-10,40.42548370361328
2024-10-11,40.714176177978516
2024-10-14,40.91905212402344
2024-10-15,41.44986343383789
2024-10-16,41.75717544555664
2024-10-17,41.27293014526367
2024-10-18,41.691993713378906
2024-10-21,40.77936553955078
2024-10-22,41.22636413574219
2024-10-23,41.636112213134766
2024-10-24,41.44986343383789
2024-10-25,40.853858947753906
2024-10-28,41.06805419921875
2024-10-29,40.61174774169922
2024-10-30,40.55586242675781
2024-10-31,39.28936767578125
2024-11-01,38.46055221557617
2024-11-04,39.177616119384766
2024-11-05,40.248558044433594
2024-11-06,40.29511642456055
2024-11-07,40.54655456542969
2024-11-08,41.42192840576172
2024-11-11,41.57093048095703
2024-11-12,41.22636413574219
2024-11-13,42.08311462402344
2024-11-14,41.487117767333984
2024-11-15,41.26361846923828
2024-11-18,41.384674072265625
2024-11-19,41.440547943115234
2024-11-20,41.29155349731445
2024-11-21,41.72924041748047
2024-11-22,41.989990234375
2024-11-25,42.43698501586914
2024-11-26,42.781551361083984
2024-11-27,43.14473342895508
2024-11-29,42.70705032348633
2024-12-02,42.185546875
2024-12-03,41.71062088012695
2024-12-04,41.8968620300293
2024-12-05,41.65473556518555
2024-12-06,41.75717544555664
2024-12-09,41.80373764038086
2024-12-10,41.440547943115234
2024-12-11,41.26361846923828
2024-12-12,41.738548278808594
2024-12-13,41.41261672973633
2024-12-16,41.6640510559082
2024-12-17,41.35673904418945
2024-12-18,39.99711990356445
2024-12-19,39.50355529785156
2024-12-20,40.4720573425293
2024-12-23,40.4720573425293
2024-12-24,40.658302307128906
2024-12-26,40.86317825317383
2024-12-27,40.42548370361328
2024-12-30,40.108863830566406
2024-12-31,40.42548370361328
2025-01-02,39.605987548828125
2025-01-03,40.11817932128906
2025-01-06,38.63750457763672
2025-01-07,38.246368408203125
2025-01-08,38.38605499267578
2025-01-10,37.72268295288086
2025-01-13,38.56013488769531
2025-01-14,38.75773239135742
2025-01-15,38.61659240722656
2025-01-16,38.9459228515625
2025-01-17,38.76713943481445
2025-01-21,38.87064743041992
2025-01-22,38.10847473144531
2025-01-23,37.93910217285156
2025-01-24,38.240203857421875
2025-01-27,39.21879959106445
2025-01-28,38.851829528808594
2025-01-29,38.38134765625
2025-01-30,38.983558654785156
2025-01-31,39.2752571105957
2025-02-03,39.26585006713867
2025-02-04,39.23761749267578
2025-02-05,39.72691345214844
2025-02-06,40.451446533203125
2025-02-07,40.366756439208984
2025-02-10,40.291481018066406
2025-02-11,40.225616455078125
2025-02-12,40.03742980957031
2025-02-13,40.60199737548828
2025-02-14,40.4138069152832
2025-02-18,40.52671432495117
2025-02-19,40.122108459472656
2025-02-20,40.47025680541992
2025-02-21,40.300899505615234
2025-02-24,40.63963317871094
2025-02-25,41.204200744628906
2025-02-26,41.138336181640625
2025-02-27,41.72172164916992
2025-02-28,42.51212692260742
2025-03-03,43.32134246826172
2025-03-04,42.70972442626953
2025-03-05,42.51212692260742
2025-03-06,41.60881042480469
2025-03-07,41.85346221923828
2025-03-10,41.655860900878906
2025-03-11,41.19478988647461
2025-03-12,40.432621002197266
2025-03-13,40.03742980957031
2025-03-14,40.74313735961914
2025-03-17,41.288883209228516
2025-03-18,40.856048583984375
2025-03-19,40.997196197509766
2025-03-20,41.06306076049805
2025-03-21,40.799598693847656
2025-03-24,41.69349670410156
2025-03-25,41.47707748413086
2025-03-26,41.73113250732422
2025-03-27,41.59939956665039
2025-03-28,41.909912109375
2025-03-31,42.50271224975586
2025-04-01,42.50271224975586
2025-04-02,42.681495666503906
2025-04-03,41.1195182800293
2025-04-04,38.05201721191406
2025-04-07,36.866424560546875
2025-04-08,35.840789794921875
2025-04-09,38.64481735229492
2025-04-10,37.47520065307617
2025-04-11,37.52274703979492
2025-04-14,38.78744888305664
2025-04-15,39.053707122802734
2025-04-16,38.863521575927734
2025-04-17,39.262908935546875
2025-04-21,38.73991394042969
2025-04-22,39.500633239746094
2025-04-23,39.74787139892578
2025-04-24,39.5291633605957
2025-04-25,39.27241134643555
2025-04-28,39.55768585205078
2025-04-29,39.215362548828125
2025-04-30,39.823944091796875
2025-05-01,40.50858688354492
2025-05-02,41.6591911315918
2025-05-05,40.917484283447266
2025-05-06,40.72731018066406
2025-05-07,40.62269973754883
2025-05-08,39.966575622558594
2025-05-09,40.213809967041016
2025-05-12,40.480064392089844
2025-05-13,39.6052360534668
2025-05-14,39.148799896240234
2025-05-15,39.84295654296875
2025-05-16,40.33742904663086
2025-05-19,40.15675735473633
2025-05-20,39.938053131103516
2025-05-21,38.654327392578125
2025-05-22,38.13132858276367
2025-05-23,37.53226089477539
2025-05-27,38.074275970458984
2025-05-28,38.69236373901367
2025-05-29,39.291439056396484
2025-05-30,39.39603042602539
2025-06-02,39.37701416015625
2025-06-03,39.07272720336914
2025-06-04,39.11075973510742
2025-06-05,38.9681282043457
2025-06-06,39.053707122802734
2025-06-09,39.443580627441406
2025-06-10,39.890506744384766
2025-06-11,39.5291633605957
2025-06-12,39.88098907470703
2025-06-13,39.20585250854492
2025-06-16,39.13928985595703
2025-06-17,38.9681282043457
2025-06-18,39.10124969482422
2025-06-20,39.02518081665039
2025-06-23,39.35799789428711
2025-06-24,38.9681282043457
2025-06-25,38.140838623046875
2025-06-26,38.815982818603516
2025-06-27,38.71138000488281
2025-06-30,38.82548904418945
2025-07-01,38.85402297973633
2025-07-02,38.57825469970703
2025-07-03,38.796958923339844
2025-07-07,38.911067962646484
2025-07-08,38.94910430908203
2025-07-09,38.720890045166016
2025-07-10,38.91310119628906
2025-07-11,38.82660675048828
2025-07-14,38.78816604614258
2025-07-15,38.4229621887207
2025-07-16,39.08608627319336
2025-07-17,39.057254791259766
2025-07-18,39.14375305175781
2025-07-21,39.01881408691406
2025-07-22,39.758827209472656
2025-07-23,39.41284942626953
2025-07-24,38.93231964111328
2025-07-25,38.83621597290039
2025-07-28,38.3460807800293
2025-07-29,39.01881408691406
2025-07-30,38.24036407470703
2025-07-31,37.75983810424805
2025-08-01,37.163978576660156
2025-08-04,36.49124526977539
2025-08-05,37.04865646362305
2025-08-06,36.83722686767578
2025-08-07,37.2793083190918
2025-08-08,36.606571197509766
2025-08-11,36.039546966552734
2025-08-12,36.356693267822266
2025-08-13,37.00060272216797
2025-08-14,36.58734893798828
2025-08-15,37.01020812988281
2025-08-18,36.62579345703125
2025-08-19,37.35619354248047
2025-08-20,37.30813980102539
2025-08-21,37.05826950073242
2025-08-22,37.673343658447266
2025-08-25,37.43307876586914
2025-08-26,37.24086380004883
2025-08-27,37.4619026184082
2025-08-28,37.48112869262695
2025-08-29,38.0289306640625
2025-09-02,36.9237174987793
2025-09-03,36.8948860168457
2025-09-04,37.30813980102539
2025-09-05,37.567623138427734
2025-09-08,37.24086380004883
2025-09-09,37.4619026184082
2025-09-10,36.702674865722656
2025-09-11,37.40424346923828
2025-09-12,36.87566375732422
2025-09-15,36.28942108154297
2025-09-16,35.85694885253906
2025-09-17,35.85694885253906
2025-09-18,35.837730407714844
2025-09-19,36.09721374511719
2025-09-22,35.93383026123047
2025-09-23,36.04915237426758
2025-09-24,35.62629318237305
2025-09-25,35.28031539916992
2025-09-26,35.73200988769531
2025-09-29,35.5013542175293
2025-09-30,35.80889129638672
2025-10-01,35.48213577270508
2025-10-02,34.982383728027344
2025-10-03,34.96316909790039
2025-10-06,34.62679672241211
2025-10-07,34.722904205322266
2025-10-08,34.83823013305664
2025-10-09,34.809051513671875
2025-10-10,34.73124313354492
2025-10-13,35.159183502197266
2025-10-14,35.363426208496094
2025-10-15,35.22726821899414
2025-10-16,34.92576217651367
2025-10-17,35.100826263427734
2025-10-20,35.26616668701172
2025-10-21,35.587127685546875
2025-10-22,35.59684753417969
2025-10-23,35.31480026245117
2025-10-24,35.24671936035156
2025-10-27,35.02301788330078
2025-10-28,34.07960891723633
2025-10-29,32.64017105102539
2025-10-30,32.708251953125
2025-10-31,32.76660919189453
2025-11-03,32.863868713378906
2025-11-04,33.33070755004883
2025-11-05,33.42797088623047
2025-11-06,32.844417572021484
2025-11-07,33.525230407714844
2025-11-10,33.62248992919922
2025-11-11,34.099056243896484
2025-11-12,33.894813537597656
2025-11-13,33.57386016845703
2025-11-14,33.72947311401367
2025-11-17,33.53495788574219
2025-11-18,33.525230407714844
2025-11-19,33.60303497314453
2025-11-20,33.72947311401367
2025-11-21,34.614532470703125
2025-11-24,34.653438568115234
2025-11-25,35.091102600097656
2025-11-26,35.100826263427734
2025-11-28,35.421783447265625
2025-12-01,35.100826263427734
2025-12-02,35.29534912109375
2025-12-03,34.77014923095703
2025-12-04,34.25467300415039
2025-12-05,34.235225677490234
2025-12-08,33.9337158203125
2025-12-09,33.943443298339844
2025-12-10,34.25467300415039
2025-12-11,34.643707275390625
2025-12-12,34.55617141723633
2025-12-15,34.809051513671875
2025-12-16,34.488094329833984
2025-12-17,35.41205596923828
2025-12-18,35.130008697509766
2025-12-19,34.672889709472656
2025-12-22,35.12028121948242
2025-12-23,35.06192398071289
2025-12-24,35.43151092529297
2025-12-26,35.509315490722656
2025-12-29,35.65520477294922
2025-12-30,35.976165771484375
2025-12-31,35.67465591430664
2026-01-02,35.684383392333984
2026-01-05,35.130008697509766
2026-01-06,36.09286880493164
2026-01-07,35.810821533203125
2026-01-08,36.297115325927734
2026-01-09,35.810821533203125
2026-01-12,35.62384796142578
2026-01-13,35.55495834350586
2026-01-14,36.145408630371094
2026-01-15,36.48984146118164
2026-01-16,37.040924072265625
2026-01-20,36.568565368652344
2026-01-21,37.0704460144043
2026-01-22,36.952354431152344
2026-01-23,37.11965560913086
2026-01-26,36.411109924316406
2026-01-27,36.509521484375
2026-01-28,35.85018539428711
2026-01-29,36.322547912597656
2026-01-30,36.55872344970703
2026-02-02,36.16509246826172
2026-02-03,36.04700469970703
2026-02-04,37.01140594482422
2026-02-05,36.53904342651367
2026-02-06,36.952354431152344
2026-02-09,37.149173736572266
2026-02-10,38.75323486328125
2026-02-11,39.13702392578125
2026-02-12,37.5624885559082
2026-02-13,37.4837646484375
2026-02-17,37.39519500732422
2026-02-18,37.64122009277344
2026-02-19,37.129493713378906
2026-02-20,36.57840347290039
2026-02-23,36.77522277832031
2026-02-24,36.94252014160156
2026-02-25,37.0704460144043
2026-02-26,37.4837646484375
2026-02-27,36.90315628051758
2026-03-02,36.85395050048828
2026-03-03,36.863792419433594
2026-03-04,37.149173736572266
2026-03-05,37.0704460144043
2026-03-06,36.657135009765625
2026-03-09,36.617767333984375
2026-03-10,36.19461441040039
2026-03-11,35.4860725402832
2026-03-12,35.466392517089844
2026-03-13,34.84642028808594
2026-03-16,35.06291961669922
2026-03-17,35.24005126953125
2026-03-18,34.777530670166016
2026-03-19,34.67912673950195
2026-03-20,33.567108154296875
2026-03-23,33.7147216796875
2026-03-24,33.567108154296875
2026-03-25,33.38997268676758
2026-03-26,33.52774429321289
2026-03-27,33.04554748535156
2026-03-30,33.124271392822266
2026-03-31,33.24235916137695
2026-04-01,33.69504165649414
2026-04-02,34.08867263793945
2026-04-06,34.226444244384766
2026-04-07,34.15755844116211
2026-04-08,34.462623596191406
2026-04-09,34.305171966552734
2026-04-10,34.55119323730469
2026-04-13,34.196922302246094
2026-04-14,34.56103515625
2026-04-15,34.735408782958984
2026-04-16,34.127586364746094
2026-04-17,35.15390396118164
2026-04-20,35.662086486816406
2026-04-21,34.854976654052734
2026-04-22,34.38665771484375
2026-04-23,34.78522872924805
2026-04-24,34.645729064941406
2026-04-27,34.41655349731445
2026-04-28,36.08058166503906
2026-04-29,36.03076171875
2026-04-30,36.21011734008789
2026-05-01,36.25993728637695
2026-05-04,36.23004913330078
2026-05-05,36.8079719543457
2026-05-06,36.907615661621094
2026-05-07,36.79800796508789
2026-05-08,36.778079986572266
2026-05-11,37.0172233581543
2026-05-12,37.23643493652344
2026-05-13,37.425758361816406
2026-05-14,37.20654296875
2026-05-15,36.78804397583008
2026-05-18,37.326114654541016
2026-05-19,37.26633071899414
2026-05-20,37.694793701171875
2026-05-21,37.37593460083008
2026-05-22,37.874149322509766
2026-05-26,37.89407730102539
2026-05-27,37.89407730102539
2026-05-28,37.74461364746094
2026-05-29,36.76811981201172
2026-06-01,36.46918869018555
2026-06-02,36.70833206176758
2026-06-03,37.47557830810547
2026-06-04,38.76097106933594
2026-06-05,39.059898376464844
2026-06-08,38.47200393676758
2026-06-09,39.229286193847656
2026-06-10,39.179466247558594
2026-06-11,38.970218658447266
2026-06-12,39.25918197631836
2026-06-15,38.76097106933594
2026-06-16,38.47200393676758
2026-06-17,37.515438079833984
2026-06-18,37.425758361816406
2026-06-22,37.60511779785156
2026-06-23,38.143184661865234
2026-06-24,38.25279235839844
2026-06-25,38.96025085449219
2026-06-26,39.83710861206055
2026-06-29,39.986572265625
2026-06-30,39.777320861816406
2026-07-01,40.47481918334961
2026-07-02,40.94314193725586
2026-07-06,40.81360626220703
2026-07-07,41.09260559082031
2026-07-08,39.687644958496094
2026-07-09,39.54814529418945
2026-07-10,39.5880012512207
2026-07-13,40.03639221191406
2026-07-14,39.827144622802734
2026-07-15,39.318965911865234
2026-07-16,40.42499923706055
2026-07-17,39.7599983215332
2026-07-20,39.7400016784668
2026-07-21,39.56999969482422
2026-07-22,39.540000915527344
2026-07-23,39.47999954223633
2026-07-24,39.59000015258789
2026-07-27,39.27000045776367
2026-07-28,39.0
2026-07-29,39.720001220703125
2026-07-30,38.29999923706055
2026-07-31,38.15999984741211
2026-08-03,38.52000045776367
