Date,Close
2009-06-25,1.1298487186431885
2009-06-26,1.1239911317825317
2009-06-29,1.155881643295288
2009-06-30,1.1282861232757568
2009-07-01,1.1403921842575073
2009-07-02,1.0462814569473267
2009-07-06,1.0491442680358887
2009-07-07,0.9838007688522339
2009-07-08,0.9849722981452942
2009-07-09,0.9910903573036194
2009-07-10,0.9815881848335266
2009-07-13,1.0533101558685303
2009-07-14,1.0749174356460571
2009-07-15,1.1668156385421753
2009-07-16,1.1980551481246948
2009-07-17,1.19597327709198
2009-07-20,1.232290267944336
2009-07-21,1.2527258396148682
2009-07-22,1.250382900238037
2009-07-23,1.333428978919983
2009-07-24,1.3508718013763428
2009-07-27,1.3623262643814087
2009-07-28,1.3507415056228638
2009-07-29,1.3327782154083252
2009-07-30,1.3744324445724487
2009-07-31,1.3784667253494263
2009-08-03,1.4478459358215332
2009-08-04,1.4617737531661987
2009-08-05,1.4513604640960693
2009-08-06,1.4241551160812378
2009-08-07,1.4806476831436157
2009-08-10,1.4703644514083862
2009-08-11,1.4143933057785034
2009-08-12,1.4635963439941406
2009-08-13,1.4966579675674438
2009-08-14,1.460862636566162
2009-08-17,1.3523036241531372
2009-08-18,1.3894010782241821
2009-08-19,1.4212924242019653
2009-08-20,1.4677616357803345
2009-08-21,1.5497663021087646
2009-08-24,1.5495057106018066
2009-08-25,1.5597898960113525
2009-08-26,1.559398889541626
2009-08-27,1.5738475322723389
2009-08-28,1.568250060081482
2009-08-31,1.5297209024429321
2009-09-01,1.4251967668533325
2009-09-02,1.411659598350525
2009-09-03,1.4428988695144653
2009-09-04,1.5060299634933472
2009-09-08,1.5456013679504395
2009-09-09,1.5819178819656372
2009-09-10,1.630079746246338
2009-09-11,1.6277371644973755
2009-09-14,1.6552016735076904
2009-09-15,1.674075961112976
2009-09-16,1.748401165008545
2009-09-17,1.7400709390640259
2009-09-18,1.745146632194519
2009-09-21,1.7304385900497437
2009-09-22,1.7629801034927368
2009-09-23,1.7157292366027832
2009-09-24,1.6602903604507446
2009-09-25,1.6347655057907104
2009-09-28,1.719936490058899
2009-09-29,1.7101683616638184
2009-09-30,1.6876389980316162
2009-10-01,1.560014247894287
2009-10-02,1.542694091796875
2009-10-05,1.6071572303771973
2009-10-06,1.6778711080551147
2009-10-07,1.69076406955719
2009-10-08,1.731656789779663
2009-10-09,1.7593954801559448
2009-10-12,1.7820556163787842
2009-10-13,1.772548794746399
2009-10-14,1.8626667261123657
2009-10-15,1.8794655799865723
2009-10-16,1.8392258882522583
2009-10-19,1.8846757411956787
2009-10-20,1.856676697731018
2009-10-21,1.8058867454528809
2009-10-22,1.8574573993682861
2009-10-23,1.7957290410995483
2009-10-26,1.732438087463379
2009-10-27,1.7113410234451294
2009-10-28,1.6153619289398193
2009-10-29,1.7178516387939453
2009-10-30,1.5712134838104248
2009-11-02,1.6031198501586914
2009-11-03,1.6188782453536987
2009-11-04,1.6274724006652832
2009-11-05,1.7198055982589722
2009-11-06,1.7366048097610474
2009-11-09,1.85316002368927
2009-11-10,1.851597547531128
2009-11-11,1.8824615478515625
2009-11-12,1.8225561380386353
2009-11-13,1.8557651042938232
2009-11-16,1.9350738525390625
2009-11-17,1.9421066045761108
2009-11-18,1.9395021200180054
2009-11-19,1.8633179664611816
2009-11-20,1.8467788696289062
2009-11-23,1.9152789115905762
2009-11-24,1.9202276468276978
2009-11-25,1.9400235414505005
2009-11-27,1.8462586402893066
2009-11-30,1.8664439916610718
2009-12-01,1.927781343460083
2009-12-02,1.9332512617111206
2009-12-03,1.8871500492095947
2009-12-04,1.9169718027114868
2009-12-07,1.9081170558929443
2009-12-08,1.8479504585266113
2009-12-09,1.8638391494750977
2009-12-10,1.8962657451629639
2009-12-11,1.9242650270462036
2009-12-14,1.9603378772735596
2009-12-15,1.9316883087158203
2009-12-16,1.940413236618042
2009-12-17,1.8726940155029297
2009-12-18,1.9022566080093384
2009-12-21,1.95773446559906
2009-12-22,1.9810450077056885
2009-12-23,1.9947022199630737
2009-12-24,2.02597713470459
2009-12-28,2.0393993854522705
2009-12-29,2.02597713470459
2009-12-30,2.019721746444702
2009-12-31,1.9634270668029785
2010-01-04,2.062203884124756
2010-01-05,2.0799264907836914
2010-01-06,2.0859193801879883
2010-01-07,2.1113321781158447
2010-01-08,2.1319215297698975
2010-01-11,2.1394803524017334
2010-01-12,2.08135986328125
2010-01-13,2.134397268295288
2010-01-14,2.150296688079834
2010-01-15,2.079014301300049
2010-01-19,2.1569416522979736
2010-01-20,2.0916554927825928
2010-01-21,1.9691606760025024
2010-01-22,1.8414534330368042
2010-01-25,1.8641283512115479
2010-01-26,1.840672254562378
2010-01-27,1.8681678771972656
2010-01-28,1.802751064300537
2010-01-29,1.7437187433242798
2010-02-01,1.825295329093933
2010-02-02,1.8929274082183838
2010-02-03,1.8647797107696533
2010-02-04,1.6936789751052856
2010-02-05,1.7034528255462646
2010-02-08,1.6668342351913452
2010-02-09,1.7270382642745972
2010-02-10,1.7175266742706299
2010-02-11,1.7689999341964722
2010-02-12,1.7641781568527222
2010-02-16,1.848490834236145
2010-02-17,1.8742923736572266
2010-02-18,1.9097381830215454
2010-02-19,1.9222475290298462
2010-02-22,1.9191209077835083
2010-02-23,1.8500548601150513
2010-02-24,1.9020488262176514
2010-02-25,1.895663857460022
2010-02-26,1.899572491645813
2010-03-01,1.9567811489105225
2010-03-02,1.9703328609466553
2010-03-03,1.9781523942947388
2010-03-04,1.9956130981445312
2010-03-05,2.082401752471924
2010-03-08,2.082141876220703
2010-03-09,2.092567205429077
2010-03-10,2.1209747791290283
2010-03-11,2.1483404636383057
2010-03-12,2.146777391433716
2010-03-15,2.150296688079834
2010-03-16,2.20163893699646
2010-03-17,2.2394297122955322
2010-03-18,2.237604856491089
2010-03-19,2.201246976852417
2010-03-22,2.2370846271514893
2010-03-23,2.2863433361053467
2010-03-24,2.253413200378418
2010-03-25,2.2401163578033447
2010-03-26,2.2412898540496826
2010-03-29,2.2797460556030273
2010-03-30,2.2837865352630615
2010-03-31,2.258627414703369
2010-04-01,2.306600332260132
2010-04-05,2.360961437225342
2010-04-06,2.378168821334839
2010-04-07,2.3404948711395264
2010-04-08,2.360961437225342
2010-04-09,2.407630681991577
2010-04-12,2.4211864471435547
2010-04-13,2.428748607635498
2010-04-14,2.5065736770629883
2010-04-15,2.5162196159362793
2010-04-16,2.396028518676758
2010-04-19,2.4184505939483643
2010-04-20,2.4842824935913086
2010-04-21,2.470463275909424
2010-04-22,2.493276357650757
2010-04-23,2.5424225330352783
2010-04-26,2.512699604034424
2010-04-27,2.33475923538208
2010-04-28,2.3850772380828857
2010-04-29,2.4764606952667236
2010-04-30,2.3507919311523438
2010-05-03,2.4451746940612793
2010-05-04,2.2686665058135986
2010-05-05,2.230861186981201
2010-05-06,2.008596181869507
2010-05-07,1.920081377029419
2010-05-10,2.169069766998291
2010-05-11,2.150298833847046
2010-05-12,2.2415502071380615
2010-05-13,2.1581199169158936
2010-05-14,2.0415782928466797
2010-05-17,2.0437936782836914
2010-05-18,1.9623169898986816
2010-05-19,1.9273806810379028
2010-05-20,1.7064208984375
2010-05-21,1.7684720754623413
2010-05-24,1.7137199640274048
2010-05-25,1.7194557189941406
2010-05-26,1.6838680505752563
2010-05-27,1.856465458869934
2010-05-28,1.7830718755722046
2010-06-01,1.6971644163131714
2010-06-02,1.8270039558410645
2010-06-03,1.8459064960479736
2010-06-04,1.6604032516479492
2010-06-07,1.5917024612426758
2010-06-08,1.6378508806228638
2010-06-09,1.6130818128585815
2010-06-10,1.7584339380264282
2010-06-11,1.781508445739746
2010-06-14,1.7757717370986938
2010-06-15,1.8938794136047363
2010-06-16,1.8921836614608765
2010-06-17,1.9011794328689575
2010-06-18,1.9070460796356201
2010-06-21,1.8884031772613525
2010-06-22,1.7972365617752075
2010-06-23,1.7802692651748657
2010-06-24,1.6925610303878784
2010-06-25,1.7249304056167603
2010-06-28,1.6949106454849243
2010-06-29,1.5406378507614136
2010-06-30,1.487386703491211
2010-07-01,1.4778590202331543
2010-07-02,1.4521466493606567
2010-07-06,1.479164481163025
2010-07-07,1.6188184022903442
2010-07-08,1.6663267612457275
2010-07-09,1.702350378036499
2010-07-12,1.707310438156128
2010-07-13,1.78470778465271
2010-07-14,1.7840546369552612
2010-07-15,1.7853600978851318
2010-07-16,1.637743353843689
2010-07-19,1.6681545972824097
2010-07-20,1.7212759256362915
2010-07-21,1.6565388441085815
2010-07-22,1.765652060508728
2010-07-23,1.8110718727111816
2010-07-26,1.8700662851333618
2010-07-27,1.866411805152893
2010-07-28,1.8313021659851074
2010-07-29,1.8041541576385498
2010-07-30,1.8023276329040527
2010-08-02,1.9241007566452026
2010-08-03,1.897344946861267
2010-08-04,1.934672474861145
2010-08-05,1.927755355834961
2010-08-06,1.9038703441619873
2010-08-09,1.934149980545044
2010-08-10,1.9062199592590332
2010-08-11,1.7489453554153442
2010-08-12,1.7172292470932007
2010-08-13,1.6983035802841187
2010-08-16,1.6977825164794922
2010-08-17,1.7562543153762817
2010-08-18,1.76852285861969
2010-08-19,1.6776829957962036
2010-08-20,1.6621507406234741
2010-08-23,1.6399626731872559
2010-08-24,1.5698740482330322
2010-08-25,1.5827959775924683
2010-08-26,1.5518624782562256
2010-08-27,1.6249535083770752
2010-08-30,1.5552560091018677
2010-08-31,1.5596940517425537
2010-09-01,1.6945185661315918
2010-09-02,1.7418969869613647
2010-09-03,1.808070182800293
2010-09-07,1.750511884689331
2010-09-08,1.7845771312713623
2010-09-09,1.809635877609253
2010-09-10,1.8378281593322754
2010-09-13,1.8977360725402832
2010-09-14,1.8935598134994507
2010-09-15,1.9182277917861938
2010-09-16,1.914703369140625
2010-09-17,1.9161392450332642
2010-09-20,2.0072407722473145
2010-09-21,1.9909520149230957
2010-09-22,1.9657387733459473
2010-09-23,1.9158377647399902
2010-09-24,2.030663251876831
2010-09-27,2.0051896572113037
2010-09-28,2.0263514518737793
2010-09-29,2.0114593505859375
2010-09-30,1.9955235719680786
2010-10-01,2.0208661556243896
2010-10-04,1.9767124652862549
2010-10-05,2.093888998031616
2010-10-06,2.0953259468078613
2010-10-07,2.086965322494507
2010-10-08,2.119884729385376
2010-10-11,2.1269378662109375
2010-10-12,2.1479697227478027
2010-10-13,2.1946053504943848
2010-10-14,2.180105686187744
2010-10-15,2.1858534812927246
2010-10-18,2.155285358428955
2010-10-19,2.125239610671997
2010-10-20,2.191601276397705
2010-10-21,2.203357696533203
2010-10-22,2.220078706741333
2010-10-25,2.233664035797119
2010-10-26,2.236407995223999
2010-10-27,2.219163417816162
2010-10-28,2.2224299907684326
2010-10-29,2.223865270614624
2010-11-01,2.2258269786834717
2010-11-02,2.2763805389404297
2010-11-03,2.305903196334839
2010-11-04,2.4383633136749268
2010-11-05,2.47049880027771
2010-11-08,2.4556052684783936
2010-11-09,2.4002184867858887
2010-11-10,2.4276514053344727
2010-11-11,2.3979978561401367
2010-11-12,2.3142638206481934
2010-11-15,2.305903196334839
2010-11-16,2.1974785327911377
2010-11-17,2.2008750438690186
2010-11-18,2.297281265258789
2010-11-19,2.314785957336426
2010-11-22,2.311258554458618
2010-11-23,2.207669258117676
2010-11-24,2.303682565689087
2010-11-26,2.2434611320495605
2010-11-29,2.2479028701782227
2010-11-30,2.205578327178955
2010-12-01,2.3484883308410645
2010-12-02,2.4399311542510986
2010-12-03,2.4588730335235596
2010-12-06,2.4509036540985107
2010-12-07,2.4548232555389404
2010-12-08,2.4817323684692383
2010-12-09,2.5138678550720215
2010-12-10,2.556976318359375
2010-12-13,2.562070846557617
2010-12-14,2.5678184032440186
2010-12-15,2.5318949222564697
2010-12-16,2.5760483741760254
2010-12-17,2.5871520042419434
2010-12-20,2.5999553203582764
2010-12-21,2.650247812271118
2010-12-22,2.6770269870758057
2010-12-23,2.664876937866211
2010-12-27,2.664876937866211
2010-12-28,2.6796391010284424
2010-12-29,2.6860406398773193
2010-12-30,2.6754589080810547
2010-12-31,2.676765203475952
2011-01-03,2.7546215057373047
2011-01-04,2.7459988594055176
2011-01-05,2.7925045490264893
2011-01-06,2.776045799255371
2011-01-07,2.760892152786255
2011-01-10,2.75213885307312
2011-01-11,2.778134822845459
2011-01-12,2.8562533855438232
2011-01-13,2.846977949142456
2011-01-14,2.89648699760437
2011-01-18,2.9189558029174805
2011-01-19,2.9155588150024414
2011-01-20,2.821373462677002
2011-01-21,2.8431901931762695
2011-01-24,2.8873419761657715
2011-01-25,2.8911314010620117
2011-01-26,2.926008939743042
2011-01-27,2.9462573528289795
2011-01-28,2.7906758785247803
2011-01-31,2.852463722229004
2011-02-01,2.988581657409668
2011-02-02,2.9721226692199707
2011-02-03,2.990933656692505
2011-02-04,3.021108865737915
2011-02-07,3.075451135635376
2011-02-08,3.117384195327759
2011-02-09,3.095961093902588
2011-02-10,3.100402355194092
2011-02-11,3.1556596755981445
2011-02-14,3.172903060913086
2011-02-15,3.148343563079834
2011-02-16,3.202033281326294
2011-02-17,3.235867500305176
2011-02-18,3.2558538913726807
2011-02-22,3.06186580657959
2011-02-23,3.0111818313598633
2011-02-24,3.000208616256714
2011-02-25,3.0873396396636963
2011-02-28,3.148867130279541
2011-03-01,2.990933656692505
2011-03-02,3.006608724594116
2011-03-03,3.161799430847168
2011-03-04,3.0951764583587646
2011-03-07,3.0164055824279785
2011-03-08,3.0963518619537354
2011-03-09,3.0861639976501465
2011-03-10,2.9133381843566895
2011-03-11,2.974473714828491
2011-03-14,2.9219608306884766
2011-03-15,2.8239872455596924
2011-03-16,2.6640944480895996
2011-03-17,2.762458562850952
2011-03-18,2.8000802993774414
2011-03-21,2.9266631603240967
2011-03-22,2.898447036743164
2011-03-23,2.921567678451538
2011-03-24,3.0038654804229736
2011-03-25,3.0293385982513428
2011-03-28,3.0109200477600098
2011-03-29,3.070096731185913
2011-03-30,3.1331913471221924
2011-03-31,3.1237852573394775
2011-04-01,3.1590561866760254
2011-04-04,3.1684610843658447
2011-04-05,3.1688530445098877
2011-04-06,3.1923668384552
2011-04-07,3.172379970550537
2011-04-08,3.1437718868255615
2011-04-11,3.113595724105835
2011-04-12,3.0446226596832275
2011-04-13,3.0395283699035645
2011-04-14,3.046581983566284
2011-04-15,3.072054862976074
2011-04-18,2.979569435119629
2011-04-19,3.022677183151245
2011-04-20,3.151609182357788
2011-04-21,3.1978533267974854
2011-04-25,3.1860969066619873
2011-04-26,3.269961357116699
2011-04-27,3.3310978412628174
2011-04-28,3.3640170097351074
2011-04-29,3.3965437412261963
2011-05-02,3.37106990814209
2011-05-03,3.3373665809631348
2011-05-04,3.2719216346740723
2011-05-05,3.1868793964385986
2011-05-06,3.220583438873291
2011-05-09,3.265651226043701
2011-05-10,3.347557306289673
2011-05-11,3.2374346256256104
2011-05-12,3.2844619750976562
2011-05-13,3.2049076557159424
2011-05-16,3.147691011428833
2011-05-17,3.147691011428833
2011-05-18,3.2327306270599365
2011-05-19,3.253894090652466
2011-05-20,3.174731969833374
2011-05-23,3.0630414485931396
2011-05-24,3.0587308406829834
2011-05-25,3.0861639976501465
2011-05-26,3.1237852573394775
2011-05-27,3.1637585163116455
2011-05-31,3.2629079818725586
2011-06-01,3.04854154586792
2011-06-02,3.0316898822784424
2011-06-03,2.9446895122528076
2011-06-06,2.8474998474121094
2011-06-07,2.84083890914917
2011-06-08,2.8071351051330566
2011-06-09,2.8663108348846436
2011-06-10,2.751094102859497
2011-06-13,2.755796432495117
2011-06-14,2.8608241081237793
2011-06-15,2.708376884460449
2011-06-16,2.7224855422973633
2011-06-17,2.749526262283325
2011-06-20,2.7949869632720947
2011-06-21,2.9058926105499268
2011-06-22,2.856121778488159
2011-06-23,2.829864740371704
2011-06-24,2.7315008640289307
2011-06-27,2.8028242588043213
2011-06-28,2.9121620655059814
2011-06-29,2.9877982139587402
2011-06-30,3.071272134780884
2011-07-01,3.2092180252075195
2011-07-05,3.1962857246398926
2011-07-06,3.20843505859375
2011-07-07,3.3181655406951904
2011-07-08,3.2448806762695312
2011-07-11,3.0736238956451416
2011-07-12,3.0277719497680664
2011-07-13,3.0610814094543457
2011-07-14,2.9964187145233154
2011-07-15,3.0407044887542725
2011-07-18,2.969770908355713
2011-07-19,3.112420082092285
2011-07-20,3.106933355331421
2011-07-21,3.2350823879241943
2011-07-22,3.2429211139678955
2011-07-25,3.18884015083313
2011-07-26,3.1535696983337402
2011-07-27,2.9638924598693848
2011-07-28,2.93802809715271
2011-07-29,2.8749334812164307
2011-08-01,2.8349597454071045
2011-08-02,2.624904155731201
2011-08-03,2.6621344089508057
2011-08-04,2.285524606704712
2011-08-05,2.2757272720336914
2011-08-08,1.8262252807617188
2011-08-09,2.080172538757324
2011-08-10,1.8070223331451416
2011-08-11,2.04803729057312
2011-08-12,2.093104839324951
2011-08-15,2.2181193828582764
2011-08-16,2.164036512374878
2011-08-17,2.1699161529541016
2011-08-18,1.8869686126708984
2011-08-19,1.7995762825012207
2011-08-22,1.8019274473190308
2011-08-23,1.9747519493103027
2011-08-24,2.0597939491271973
2011-08-25,1.9657387733459473
2011-08-26,2.0519566535949707
2011-08-29,2.2290921211242676
2011-08-30,2.2408483028411865
2011-08-31,2.2686727046966553
2011-09-01,2.205578327178955
2011-09-02,2.035888195037842
2011-09-06,1.9908206462860107
2011-09-07,2.1577677726745605
2011-09-08,2.0899698734283447
2011-09-09,1.9281177520751953
2011-09-12,1.9645638465881348
2011-09-13,2.0135498046875
2011-09-14,2.099766731262207
2011-09-15,2.2098886966705322
2011-09-16,2.2475106716156006
2011-09-19,2.180889129638672
2011-09-20,2.174619436264038
2011-09-21,1.9775326251983643
2011-09-22,1.7900919914245605
2011-09-23,1.8171489238739014
2011-09-26,1.9481221437454224
2011-09-27,2.009688138961792
2011-09-28,1.8885180950164795
2011-09-29,1.9371421337127686
2011-09-30,1.7991114854812622
2011-10-03,1.6395124197006226
2011-10-04,1.7371537685394287
2011-10-05,1.8430302143096924
2011-10-06,1.9426321983337402
2011-10-07,1.9026347398757935
2011-10-10,2.097132921218872
2011-10-11,2.0987014770507812
2011-10-12,2.1583054065704346
2011-10-13,2.142228126525879
2011-10-14,2.252418279647827
2011-10-17,2.1237990856170654
2011-10-18,2.249281406402588
2011-10-19,2.170069694519043
2011-10-20,2.196343183517456
2011-10-21,2.3206491470336914
2011-10-24,2.4116249084472656
2011-10-25,2.268495798110962
2011-10-26,2.3367278575897217
2011-10-27,2.5755374431610107
2011-10-28,2.585339069366455
2011-10-31,2.385744094848633
2011-11-01,2.1939892768859863
2011-11-02,2.2994744777679443
2011-11-03,2.4229965209960938
2011-11-04,2.379861831665039
2011-11-07,2.4229965209960938
2011-11-08,2.516716718673706
2011-11-09,2.2394773960113525
2011-11-10,2.300650119781494
2011-11-11,2.433976411819458
2011-11-14,2.361039876937866
2011-11-15,2.3998608589172363
2011-11-16,2.2822208404541016
2011-11-17,2.173598527908325
2011-11-18,2.1637964248657227
2011-11-21,2.0390968322753906
2011-11-22,2.0171375274658203
2011-11-23,1.8865567445755005
2011-11-25,1.866950273513794
2011-11-28,2.0347843170166016
2011-11-29,2.050861358642578
2011-11-30,2.305748224258423
2011-12-01,2.302220582962036
2011-12-02,2.2986905574798584
2011-12-05,2.3731954097747803
2011-12-06,2.375157356262207
2011-12-07,2.4029977321624756
2011-12-08,2.2449681758880615
2011-12-09,2.3571181297302246
2011-12-12,2.255556106567383
2011-12-13,2.189284563064575
2011-12-14,2.1175241470336914
2011-12-15,2.140268087387085
2011-12-16,2.1524245738983154
2011-12-19,2.0822324752807617
2011-12-20,2.2732012271881104
2011-12-21,2.285749912261963
2011-12-22,2.3520212173461914
2011-12-23,2.407311201095581
2011-12-27,2.4088785648345947
2011-12-28,2.3241782188415527
2011-12-29,2.3900558948516846
2011-12-30,2.358687400817871
2012-01-03,2.4727976322174072
2012-01-04,2.476719379425049
2012-01-05,2.5018153190612793
2012-01-06,2.4833855628967285
2012-01-09,2.495542049407959
2012-01-10,2.5606353282928467
2012-01-11,2.5676934719085693
2012-01-12,2.584162950515747
2012-01-13,2.5567147731781006
2012-01-17,2.571615695953369
2012-01-18,2.6574933528900146
2012-01-19,2.699058771133423
2012-01-20,2.7049407958984375
2012-01-23,2.7072947025299072
2012-01-24,2.6994502544403076
2012-01-25,2.765720844268799
2012-01-26,2.726116418838501
2012-01-27,2.7206268310546875
2012-01-30,2.6927857398986816
2012-01-31,2.686509847640991
2012-02-01,2.7582712173461914
2012-02-02,2.773172616958618
2012-02-03,2.8912038803100586
2012-02-06,2.8845391273498535
2012-02-07,2.9064974784851074
2012-02-08,2.9276721477508545
2012-02-09,2.939829111099243
2012-02-10,2.882185697555542
2012-02-13,2.9410057067871094
2012-02-14,2.9296343326568604
2012-02-15,2.8876748085021973
2012-02-16,2.981004238128662
2012-02-17,3.0092365741729736
2012-02-21,3.0139424800872803
2012-02-22,2.9798264503479004
2012-02-23,3.0249228477478027
2012-02-24,3.0402162075042725
2012-02-27,3.053940534591675
2012-02-28,3.0829577445983887
2012-02-29,3.0421764850616455
2012-03-01,3.0962915420532227
2012-03-02,3.0680577754974365
2012-03-05,3.0280587673187256
2012-03-06,2.893165349960327
2012-03-07,2.955122709274292
2012-03-08,3.043745517730713
2012-03-09,3.0778615474700928
2012-03-12,3.07903790473938
2012-03-13,3.248047113418579
2012-03-14,3.234713554382324
2012-03-15,3.287651538848877
2012-03-16,3.3092193603515625
2012-03-19,3.3449037075042725
2012-03-20,3.3131415843963623
2012-03-21,3.2990245819091797
2012-03-22,3.2253031730651855
2012-03-23,3.257065534591675
2012-03-26,3.3927438259124756
2012-03-27,3.3625504970550537
2012-03-28,3.3131415843963623
2012-03-29,3.2951040267944336
2012-03-30,3.3249056339263916
2012-04-02,3.4072535037994385
2012-04-03,3.3672564029693604
2012-04-04,3.2696144580841064
2012-04-05,3.2621634006500244
2012-04-09,3.155111789703369
2012-04-10,2.993159532546997
2012-04-11,3.05629301071167
2012-04-12,3.1892261505126953
2012-04-13,3.0676653385162354
2012-04-16,3.0590384006500244
2012-04-17,3.1970691680908203
2012-04-18,3.166874647140503
2012-04-19,3.108055353164673
2012-04-20,3.12099552154541
2012-04-23,3.044921636581421
2012-04-24,3.080213785171509
2012-04-25,3.2076570987701416
2012-04-26,3.2711827754974365
2012-04-27,3.2860841751098633
2012-04-30,3.245694160461426
2012-05-01,3.3068668842315674
2012-05-02,3.2809858322143555
2012-05-03,3.2088332176208496
2012-05-04,3.050804376602173
2012-05-07,3.055116891860962
2012-05-08,3.0186479091644287
2012-05-09,2.962574005126953
2012-05-10,2.9817872047424316
2012-05-11,2.954338788986206
2012-05-14,2.8574817180633545
2012-05-15,2.809248685836792
2012-05-16,2.7767021656036377
2012-05-17,2.6476898193359375
2012-05-18,2.5822031497955322
2012-05-21,2.7174901962280273
2012-05-22,2.7206268310546875
2012-05-23,2.7319977283477783
2012-05-24,2.750821352005005
2012-05-25,2.726116418838501
2012-05-29,2.8221893310546875
2012-05-30,2.697883367538452
2012-05-31,2.682589530944824
2012-06-01,2.479071617126465
2012-06-04,2.4782867431640625
2012-06-05,2.5261282920837402
2012-06-06,2.7049407958984375
2012-06-07,2.7037644386291504
2012-06-08,2.769643783569336
2012-06-11,2.6669039726257324
2012-06-12,2.7614078521728516
2012-06-13,2.7041566371917725
2012-06-14,2.7912096977233887
2012-06-15,2.8712055683135986
2012-06-18,2.8888516426086426
2012-06-19,2.974729061126709
2012-06-20,2.959273099899292
2012-06-21,2.7611782550811768
2012-06-22,2.8243331909179688
2012-06-25,2.6862545013427734
2012-06-26,2.7297961711883545
2012-06-27,2.805111885070801
2012-06-28,2.7788302898406982
2012-06-29,2.990262746810913
2012-07-02,3.011838436126709
2012-07-03,3.072638988494873
2012-07-05,3.029489517211914
2012-07-06,2.9435842037200928
2012-07-09,2.9345598220825195
2012-07-10,2.856891632080078
2012-07-11,2.8557138442993164
2012-07-12,2.8188424110412598
2012-07-13,2.9577040672302246
2012-07-16,2.9329919815063477
2012-07-17,2.9961466789245605
2012-07-18,3.064401626586914
2012-07-19,3.085191011428833
2012-07-20,3.001638650894165
2012-07-23,2.9098472595214844
2012-07-24,2.8384549617767334
2012-07-25,2.836101531982422
2012-07-26,2.975356340408325
2012-07-27,3.145601511001587
2012-07-30,3.138540029525757
2012-07-31,3.095391035079956
2012-08-01,3.071854829788208
2012-08-02,3.0036001205444336
2012-08-03,3.1816892623901367
2012-08-06,3.197380542755127
2012-08-07,3.2456297874450684
2012-08-08,3.259751558303833
2012-08-09,3.268772840499878
2012-08-10,3.2832868099212646
2012-08-13,3.278972864151001
2012-08-14,3.2813262939453125
2012-08-15,3.289954423904419
2012-08-16,3.3609564304351807
2012-08-17,3.377431869506836
2012-08-20,3.3786089420318604
2012-08-21,3.3476195335388184
2012-08-22,3.3476195335388184
2012-08-23,3.2695579528808594
2012-08-24,3.329575777053833
2012-08-27,3.329575777053833
2012-08-28,3.319375991821289
2012-08-29,3.3260445594787598
2012-08-30,3.2542595863342285
2012-08-31,3.2974085807800293
2012-09-04,3.2817182540893555
2012-09-05,3.282895088195801
2012-09-06,3.480206251144409
2012-09-07,3.5264930725097656
2012-09-10,3.465299606323242
2012-09-11,3.491974353790283
2012-09-12,3.5253169536590576
2012-09-13,3.694777488708496
2012-09-14,3.740280866622925
2012-09-17,3.706937313079834
2012-09-18,3.6935994625091553
2012-09-19,3.6994845867156982
2012-09-20,3.699092388153076
2012-09-21,3.6912460327148438
2012-09-24,3.6751630306243896
2012-09-25,3.562190294265747
2012-09-26,3.498643159866333
2012-09-27,3.601416826248169
2012-09-28,3.5453226566314697
2012-10-01,3.5688586235046387
2012-10-02,3.5845491886138916
2012-10-03,3.6280903816223145
2012-10-04,3.7096831798553467
2012-10-05,3.7053680419921875
2012-10-08,3.6657490730285645
2012-10-09,3.560229778289795
2012-10-10,3.4966816902160645
2012-10-11,3.5002119541168213
2012-10-12,3.4574551582336426
2012-10-15,3.551206350326538
2012-10-16,3.6567273139953613
2012-10-17,3.7053680419921875
2012-10-18,3.6783015727996826
2012-10-19,3.486090660095215
2012-10-22,3.493543863296509
2012-10-23,3.3507580757141113
2012-10-24,3.3217289447784424
2012-10-25,3.3495819568634033
2012-10-26,3.342911958694458
2012-10-31,3.333890199661255
2012-11-01,3.4480395317077637
2012-11-02,3.35036563873291
2012-11-05,3.3750784397125244
2012-11-06,3.4496095180511475
2012-11-07,3.219346761703491
2012-11-08,3.09852933883667
2012-11-09,3.1048057079315186
2012-11-12,3.1165730953216553
2012-11-13,3.087938070297241
2012-11-14,2.9620189666748047
2012-11-15,2.94476056098938
2012-11-16,2.9871246814727783
2012-11-19,3.1640374660491943
2012-11-20,3.17855167388916
2012-11-21,3.1954193115234375
2012-11-23,3.320551633834839
2012-11-26,3.301332473754883
2012-11-27,3.2550435066223145
2012-11-28,3.3272218704223633
2012-11-29,3.378216028213501
2012-11-30,3.3676249980926514
2012-12-03,3.3236911296844482
2012-12-04,3.307215690612793
2012-12-05,3.3248684406280518
2012-12-06,3.361740827560425
2012-12-07,3.3911609649658203
2012-12-10,3.400967597961426
2012-12-11,3.4668691158294678
2012-12-12,3.474714517593384
2012-12-13,3.4143052101135254
2012-12-14,3.3680179119110107
2012-12-17,3.48687481880188
2012-12-18,3.608870029449463
2012-12-19,3.53316330909729
2012-12-20,3.58651065826416
2012-12-21,3.4927592277526855
2012-12-24,3.4464707374572754
2012-12-26,3.408294677734375
2012-12-27,3.4000558853149414
2012-12-28,3.282745361328125
2012-12-31,3.4624392986297607
2013-01-02,3.719817876815796
2013-01-03,3.689605236053467
2013-01-04,3.744927406311035
2013-01-07,3.717463970184326
2013-01-08,3.6766586303710938
2013-01-09,3.709615707397461
2013-01-10,3.7900469303131104
2013-01-11,3.7982869148254395
2013-01-14,3.7814152240753174
2013-01-15,3.7900469303131104
2013-01-16,3.7896528244018555
2013-01-17,3.8590989112854004
2013-01-18,3.892841100692749
2013-01-22,3.947770595550537
2013-01-23,3.9658188819885254
2013-01-24,3.972093105316162
2013-01-25,4.039578437805176
2013-01-28,4.0246686935424805
2013-01-29,4.071750640869141
2013-01-30,4.028201103210449
2013-01-31,3.995244026184082
2013-02-01,4.1172614097595215
2013-02-04,3.979943037033081
2013-02-05,4.099607944488525
2013-02-06,4.107845783233643
2013-02-07,4.095681190490723
2013-02-08,4.160812854766846
2013-02-11,4.1549272537231445
2013-02-12,4.175328254699707
2013-02-13,4.189845085144043
2013-02-14,4.202793598175049
2013-02-15,4.189454555511475
2013-02-19,4.2726311683654785
2013-02-20,4.114516258239746
2013-02-21,4.042716979980469
2013-02-22,4.160812854766846
2013-02-25,3.9257965087890625
2013-02-26,4.0058369636535645
2013-02-27,4.154144287109375
2013-02-28,4.137662887573242
2013-03-01,4.176507472991943
2013-03-04,4.231433391571045
2013-03-05,4.349136829376221
2013-03-06,4.371501922607422
2013-03-07,4.395827293395996
2013-03-08,4.45114803314209
2013-03-11,4.498227596282959
2013-03-12,4.466447830200195
2013-03-13,4.484103202819824
2013-03-14,4.557473182678223
2013-03-15,4.539816856384277
2013-03-18,4.4613471031188965
2013-03-19,4.432315349578857
2013-03-20,4.5239386558532715
2013-03-21,4.4089674949646
2013-03-22,4.510988235473633
2013-03-25,4.466256618499756
2013-03-26,4.569457530975342
2013-03-27,4.563570976257324
2013-03-28,4.594178199768066
2013-04-01,4.550230503082275
2013-04-02,4.614189147949219
2013-04-03,4.472927093505859
2013-04-04,4.533358573913574
2013-04-05,4.468612194061279
2013-04-08,4.551797866821289
2013-04-09,4.611050605773926
2013-04-10,4.783313274383545
2013-04-11,4.828832149505615
2013-04-12,4.789984703063965
2013-04-15,4.463902950286865
2013-04-16,4.64911413192749
2013-04-17,4.447816371917725
2013-04-18,4.36580228805542
2013-04-19,4.478029727935791
2013-04-22,4.543558597564697
2013-04-23,4.680112361907959
2013-04-24,4.689138889312744
2013-04-25,4.74760627746582
2013-04-26,4.717391014099121
2013-04-29,4.812743663787842
2013-04-30,4.844527244567871
2013-05-01,4.715428352355957
2013-05-02,4.850020885467529
2013-05-03,4.996385097503662
2013-05-06,5.037195205688477
2013-05-07,5.110963821411133
2013-05-08,5.182380199432373
2013-05-09,5.141570568084717
2013-05-10,5.190227508544922
2013-05-13,5.198861598968506
2013-05-14,5.3628830909729
2013-05-15,5.445287227630615
2013-05-16,5.367983818054199
2013-05-17,5.528474807739258
2013-05-20,5.526905059814453
2013-05-21,5.548877239227295
2013-05-22,5.420564651489258
2013-05-23,5.3774027824401855
2013-05-24,5.358173370361328
2013-05-28,5.457841396331787
2013-05-29,5.3864264488220215
2013-05-30,5.411147117614746
2013-05-31,5.174139499664307
2013-06-03,5.257328033447266
2013-06-04,5.187875270843506
2013-06-05,4.955967426300049
2013-06-06,5.096838474273682
2013-06-07,5.293036937713623
2013-06-10,5.293427467346191
2013-06-11,5.135684490203857
2013-06-12,5.0014848709106445
2013-06-13,5.232999801635742
2013-06-14,5.13490104675293
2013-06-17,5.2534027099609375
2013-06-18,5.373477458953857
2013-06-19,5.156874179840088
2013-06-20,4.7684006690979
2013-06-21,4.807642936706543
2013-06-24,4.627139568328857
2013-06-25,4.766047477722168
2013-06-26,4.900694847106934
2013-06-27,4.994123935699463
2013-06-28,4.903836727142334
2013-07-01,5.015321254730225
2013-07-02,4.995694637298584
2013-07-03,5.011397838592529
2013-07-05,5.167635440826416
2013-07-08,5.2547831535339355
2013-07-09,5.36077356338501
2013-07-10,5.371765613555908
2013-07-11,5.598663806915283
2013-07-12,5.60023307800293
2013-07-15,5.673248767852783
2013-07-16,5.604158401489258
2013-07-17,5.642630577087402
2013-07-18,5.734488487243652
2013-07-19,5.772172927856445
2013-07-22,5.802008152008057
2013-07-23,5.767463684082031
2013-07-24,5.703869819641113
2013-07-25,5.739199161529541
2013-07-26,5.758041858673096
2013-07-29,5.700728893280029
2013-07-30,5.707794666290283
2013-07-31,5.708579063415527
2013-08-01,5.911138534545898
2013-08-02,5.9417595863342285
2013-08-05,5.918989658355713
2013-08-06,5.8224196434021
2013-08-07,5.759612083435059
2013-08-08,5.8224196434021
2013-08-09,5.772172927856445
2013-08-12,5.746265411376953
2013-08-13,5.807504653930664
2013-08-14,5.714076042175293
2013-08-15,5.465193748474121
2013-08-16,5.419656753540039
2013-08-19,5.317590713500977
2013-08-20,5.392178058624268
2013-08-21,5.292468547821045
2013-08-22,5.429078102111816
2013-08-23,5.487175941467285
2013-08-26,5.435361385345459
2013-08-27,5.1605682373046875
2013-08-28,5.215525150299072
2013-08-29,5.2461466789245605
2013-08-30,5.182552337646484
2013-09-03,5.261062145233154
2013-09-04,5.393747806549072
2013-09-05,5.40238618850708
2013-09-06,5.4165167808532715
2013-09-09,5.579034328460693
2013-09-10,5.699942588806152
2013-09-11,5.753333568572998
2013-09-12,5.714859485626221
2013-09-13,5.744694709777832
2013-09-16,5.849900722503662
2013-09-17,5.919774055480957
2013-09-18,6.1286163330078125
2013-09-19,6.107419013977051
2013-09-20,5.966098308563232
2013-09-23,5.887585639953613
2013-09-24,5.849114894866943
2013-09-25,5.795463562011719
2013-09-26,5.860660552978516
2013-09-27,5.782111167907715
2013-09-30,5.679994106292725
2013-10-01,5.8237433433532715
2013-10-02,5.800178527832031
2013-10-03,5.6477885246276855
2013-10-04,5.768756866455078
2013-10-07,5.625010967254639
2013-10-08,5.423134803771973
2013-10-09,5.427062511444092
2013-10-10,5.779755592346191
2013-10-11,5.896794319152832
2013-10-14,5.973774433135986
2013-10-15,5.8363118171691895
2013-10-16,6.0813889503479
2013-10-17,6.205498695373535
2013-10-18,6.315469741821289
2013-10-21,6.331180572509766
2013-10-22,6.434867858886719
2013-10-23,6.350031852722168
2013-10-24,6.408158779144287
2013-10-25,6.491422653198242
2013-10-28,6.518916130065918
2013-10-29,6.636740207672119
2013-10-30,6.52991247177124
2013-10-31,6.461575031280518
2013-11-01,6.514204025268555
2013-11-04,6.586468696594238
2013-11-05,6.523628234863281
2013-11-06,6.6163177490234375
2013-11-07,6.366527557373047
2013-11-08,6.621031284332275
2013-11-11,6.621816635131836
2013-11-12,6.594323635101318
2013-11-13,6.739643573760986
2013-11-14,6.848043441772461
2013-11-15,6.937589168548584
2013-11-18,6.873964786529541
2013-11-19,6.822120666503906
2013-11-20,6.7616376876831055
2013-11-21,6.916383266448975
2013-11-22,7.0145697593688965
2013-11-25,7.0114264488220215
2013-11-26,7.000431537628174
2013-11-27,7.050703048706055
2013-11-29,7.034992694854736
2013-12-02,6.984719276428223
2013-12-03,6.905384063720703
2013-12-04,6.882605075836182
2013-12-05,6.804840564727783
2013-12-06,7.021639823913574
2013-12-09,7.074268817901611
2013-12-10,7.005929946899414
2013-12-11,6.7616376876831055
2013-12-12,6.703510761260986
2013-12-13,6.687014579772949
2013-12-16,6.814266681671143
2013-12-17,6.746712684631348
2013-12-18,7.097048759460449
2013-12-19,7.0805535316467285
2013-12-20,7.1983795166015625
2013-12-23,7.307565212249756
2013-12-24,7.362548828125
2013-12-26,7.473305702209473
2013-12-27,7.468592166900635
2013-12-30,7.461523056030273
2013-12-31,7.565211296081543
2014-01-02,7.349196910858154
2014-01-03,7.3366265296936035
2014-01-06,7.28792667388916
2014-01-07,7.41439151763916
2014-01-08,7.422250270843506
2014-01-09,7.427745819091797
2014-01-10,7.491373062133789
2014-01-13,7.199950218200684
2014-01-14,7.424604415893555
2014-01-15,7.547928333282471
2014-01-16,7.51650857925415
2014-01-17,7.419104099273682
2014-01-21,7.4843034744262695
2014-01-22,7.500799179077148
2014-01-23,7.320918083190918
2014-01-24,6.8409743309021
2014-01-27,6.7435712814331055
2014-01-28,6.862182140350342
2014-01-29,6.657166004180908
2014-01-30,6.882605075836182
2014-01-31,6.754568099975586
2014-02-03,6.297402858734131
2014-02-04,6.424655437469482
2014-02-05,6.4026618003845215
2014-02-06,6.650096893310547
2014-02-07,6.912454605102539
2014-02-10,6.943874835968018
2014-02-11,7.167743682861328
2014-02-12,7.187382221221924
2014-02-13,7.296566486358643
2014-02-14,7.407323837280273
2014-02-18,7.4403157234191895
2014-02-19,7.287139415740967
2014-02-20,7.408110618591309
2014-02-21,7.397897243499756
2014-02-24,7.507867813110352
2014-02-25,7.5031538009643555
2014-02-26,7.503941059112549
2014-02-27,7.628047943115234
2014-02-28,7.67675256729126
2014-03-03,7.517293930053711
2014-03-04,7.83621072769165
2014-03-05,7.841710090637207
2014-03-06,7.913974761962891
2014-03-07,7.913189888000488
2014-03-10,7.906907081604004
2014-03-11,7.78908109664917
2014-03-12,7.794579029083252
2014-03-13,7.535360336303711
2014-03-14,7.466235637664795
2014-03-17,7.662613391876221
2014-03-18,7.833065986633301
2014-03-19,7.716028690338135
2014-03-20,7.837780952453613
2014-03-21,7.7505903244018555
2014-03-24,7.650043964385986
2014-03-25,7.763158321380615
2014-03-26,7.589561462402344
2014-03-27,7.544788360595703
2014-03-28,7.650832176208496
2014-03-31,7.841710090637207
2014-04-01,7.998809814453125
2014-04-02,8.081286430358887
2014-04-03,8.042012214660645
2014-04-04,7.762372970581055
2014-04-07,7.4960856437683105
2014-04-08,7.5958452224731445
2014-04-09,7.840137958526611
2014-04-10,7.342911720275879
2014-04-11,7.143393039703369
2014-04-14,7.3099212646484375
2014-04-15,7.460738658905029
2014-04-16,7.695603847503662
2014-04-17,7.725452899932861
2014-04-21,7.8134307861328125
2014-04-22,7.910837650299072
2014-04-23,7.862131118774414
2014-04-24,7.9092631340026855
2014-04-25,7.711310863494873
2014-04-28,7.7835822105407715
2014-04-29,7.892765998840332
2014-04-30,7.971317291259766
2014-05-01,7.967391014099121
2014-05-02,7.935185432434082
2014-05-05,7.9768147468566895
2014-05-06,7.768655776977539
2014-05-07,7.906120300292969
2014-05-08,7.8794121742248535
2014-05-09,7.917118072509766
2014-05-12,8.140201568603516
2014-05-13,8.163764953613281
2014-05-14,8.046725273132324
2014-05-15,7.826782703399658
2014-05-16,7.917118072509766
2014-05-19,8.003521919250488
2014-05-20,7.84799337387085
2014-05-21,8.043580055236816
2014-05-22,8.107992172241211
2014-05-23,8.20304012298584
2014-05-27,8.35778522491455
2014-05-28,8.334219932556152
2014-05-29,8.463831901550293
2014-05-30,8.499176025390625
2014-06-02,8.536882400512695
2014-06-03,8.52352523803711
2014-06-04,8.565160751342773
2014-06-05,8.742683410644531
2014-06-06,8.86679458618164
2014-06-09,8.891144752502441
2014-06-10,8.897427558898926
2014-06-11,8.807880401611328
2014-06-12,8.615431785583496
2014-06-13,8.693978309631348
2014-06-16,8.708909034729004
2014-06-17,8.778814315795898
2014-06-18,8.979121208190918
2014-06-19,9.008973121643066
2014-06-20,9.063957214355469
2014-06-23,9.052958488464355
2014-06-24,8.888788223266602
2014-06-25,9.005513191223145
2014-06-26,8.992152214050293
2014-06-27,9.042459487915039
2014-06-30,9.02830982208252
2014-07-01,9.204377174377441
2014-07-02,9.22874641418457
2014-07-03,9.367873191833496
2014-07-07,9.27511978149414
2014-07-08,9.098261833190918
2014-07-09,9.212237358093262
2014-07-10,9.101405143737793
2014-07-11,9.144638061523438
2014-07-14,9.272762298583984
2014-07-15,9.224813461303711
2014-07-16,9.325429916381836
2014-07-17,9.005513191223145
2014-07-18,9.27983570098877
2014-07-21,9.22324275970459
2014-07-22,9.347434997558594
2014-07-23,9.410317420959473
2014-07-24,9.412673950195312
2014-07-25,9.283764839172363
2014-07-28,9.289268493652344
2014-07-29,9.171364784240723
2014-07-30,9.171364784240723
2014-07-31,8.627436637878418
2014-08-01,8.544116973876953
2014-08-04,8.728043556213379
2014-08-05,8.469442367553711
2014-08-06,8.478086471557617
2014-08-07,8.338959693908691
2014-08-08,8.629793167114258
2014-08-11,8.712322235107422
2014-08-12,8.67066478729248
2014-08-13,8.858528137207031
2014-08-14,8.970142364501953
2014-08-15,8.96621036529541
2014-08-18,9.187085151672363
2014-08-19,9.33171558380127
2014-08-20,9.410317420959473
2014-08-21,9.493634223937988
2014-08-22,9.444117546081543
2014-08-25,9.585598945617676
2014-08-26,9.611538887023926
2014-08-27,9.601322174072266
2014-08-28,9.580883979797363
2014-08-29,9.658700942993164
2014-09-02,9.639046669006348
2014-09-03,9.633546829223633
2014-09-04,9.57931137084961
2014-09-05,9.71529483795166
2014-09-08,9.640623092651367
2014-09-09,9.4590482711792
2014-09-10,9.565953254699707
2014-09-11,9.587174415588379
2014-09-12,9.424466133117676
2014-09-15,9.401668548583984
2014-09-16,9.615471839904785
2014-09-17,9.650842666625977
2014-09-18,9.801759719848633
2014-09-19,9.786039352416992
2014-09-22,9.547086715698242
2014-09-23,9.385163307189941
2014-09-24,9.60782241821289
2014-09-25,9.141427040100098
2014-09-26,9.36479377746582
2014-09-29,9.306593894958496
2014-09-30,9.230303764343262
2014-10-01,8.859079360961914
2014-10-02,8.853571891784668
2014-10-03,9.146934509277344
2014-10-06,9.113119125366211
2014-10-07,8.697062492370605
2014-10-08,9.154014587402344
2014-10-09,8.598749160766602
2014-10-10,8.306172370910645
2014-10-13,7.89640998840332
2014-10-14,7.9373064041137695
2014-10-15,7.743828773498535
2014-10-16,7.739109516143799
2014-10-17,8.030113220214844
2014-10-20,8.257411003112793
2014-10-21,8.745034217834473
2014-10-22,8.562570571899414
2014-10-23,8.863011360168457
2014-10-24,9.050195693969727
2014-10-27,9.0187349319458
2014-10-28,9.31917667388916
2014-10-29,9.294795036315918
2014-10-30,9.474905967712402
2014-10-31,9.787142753601074
2014-11-03,9.802871704101562
2014-11-04,9.708492279052734
2014-11-05,9.88466739654541
2014-11-06,10.00893497467041
2014-11-07,10.035674095153809
2014-11-10,10.119829177856445
2014-11-11,10.149718284606934
2014-11-12,10.120614051818848
2014-11-13,10.15050220489502
2014-11-14,10.161513328552246
2014-11-17,10.18117618560791
2014-11-18,10.354990005493164
2014-11-19,10.302294731140137
2014-11-20,10.355775833129883
2014-11-21,10.530381202697754
2014-11-24,10.61217975616455
2014-11-25,10.602738380432129
2014-11-26,10.673521995544434
2014-11-28,10.603523254394531
2014-12-01,10.387236595153809
2014-12-02,10.572063446044922
2014-12-03,10.707341194152832
2014-12-04,10.665654182434082
2014-12-05,10.712844848632812
2014-12-08,10.504423141479492
2014-12-09,10.472969055175781
2014-12-10,9.977474212646484
2014-12-11,10.1151123046875
2014-12-12,9.634562492370605
2014-12-15,9.419063568115234
2014-12-16,9.209067344665527
2014-12-17,9.766693115234375
2014-12-18,10.462738990783691
2014-12-19,10.598017692565918
2014-12-22,10.739026069641113
2014-12-23,10.798077583312988
2014-12-24,10.79728889465332
2014-12-26,10.893340110778809
2014-12-29,10.932707786560059
2014-12-30,10.765010833740234
2014-12-31,10.440631866455078
2015-01-02,10.412287712097168
2015-01-05,9.85171890258789
2015-01-06,9.584819793701172
2015-01-07,9.938323974609375
2015-01-08,10.462677001953125
2015-01-09,10.206010818481445
2015-01-12,9.959583282470703
2015-01-13,9.87769889831543
2015-01-14,9.704492568969727
2015-01-15,9.439165115356445
2015-01-16,9.791094779968262
2015-01-20,9.869040489196777
2015-01-21,10.013908386230469
2015-01-22,10.465827941894531
2015-01-23,10.283171653747559
2015-01-26,10.368987083435059
2015-01-27,9.955645561218262
2015-01-28,9.550176620483398
2015-01-29,9.833608627319336
2015-01-30,9.451763153076172
2015-02-02,9.797390937805176
2015-02-03,10.225693702697754
2015-02-04,10.109956741333008
2015-02-05,10.424887657165527
2015-02-06,10.332771301269531
2015-02-09,10.191839218139648
2015-02-10,10.520153999328613
2015-02-11,10.537470817565918
2015-02-12,10.838227272033691
2015-02-13,10.978371620178223
2015-02-17,11.035062789916992
2015-02-18,11.024038314819336
2015-02-19,11.002777099609375
2015-02-20,11.202757835388184
2015-02-23,11.194883346557617
2015-02-24,11.289363861083984
2015-02-25,11.252357482910156
2015-02-26,11.215354919433594
2015-02-27,11.104341506958008
2015-03-02,11.312193870544434
2015-03-03,11.172052383422852
2015-03-04,11.024822235107422
2015-03-05,11.063403129577637
2015-03-06,10.588648796081543
2015-03-09,10.728002548217773
2015-03-10,10.20365047454834
2015-03-11,10.128854751586914
2015-03-12,10.51542854309082
2015-03-13,10.321749687194824
2015-03-16,10.742960929870605
2015-03-17,10.639825820922852
2015-03-18,11.013799667358398
2015-03-19,10.86657428741455
2015-03-20,11.153942108154297
2015-03-23,11.094108581542969
2015-03-24,10.898853302001953
2015-03-25,10.419075012207031
2015-03-26,10.35051441192627
2015-03-27,10.413558959960938
2015-03-30,10.798136711120605
2015-03-31,10.517583847045898
2015-04-01,10.407255172729492
2015-04-02,10.501036643981934
2015-04-06,10.724847793579102
2015-04-07,10.635008811950684
2015-04-08,10.747697830200195
2015-04-09,10.893492698669434
2015-04-10,11.06371784210205
2015-04-13,10.919498443603516
2015-04-14,10.977816581726074
2015-04-15,11.122822761535645
2015-04-16,11.112577438354492
2015-04-17,10.72878646850586
2015-04-20,11.02037239074707
2015-04-21,10.983335494995117
2015-04-22,11.143308639526367
2015-04-23,11.227636337280273
2015-04-24,11.30802059173584
2015-04-27,11.159073829650879
2015-04-28,11.26152229309082
2015-04-29,11.12440013885498
2015-04-30,10.79025936126709
2015-05-01,11.135431289672852
2015-05-04,11.24339771270752
2015-05-05,10.843055725097656
2015-05-06,10.713027000427246
2015-05-07,10.843055725097656
2015-05-08,11.264676094055176
2015-05-11,11.109423637390137
2015-05-12,11.003035545349121
2015-05-13,11.015644073486328
2015-05-14,11.360821723937988
2015-05-15,11.394705772399902
2015-05-18,11.500307083129883
2015-05-19,11.48454761505127
2015-05-20,11.463269233703613
2015-05-21,11.560992240905762
2015-05-22,11.480607032775879
2015-05-26,11.116518020629883
2015-05-27,11.414407730102539
2015-05-28,11.384459495544434
2015-05-29,11.160652160644531
2015-06-01,11.233155250549316
2015-06-02,11.201629638671875
2015-06-03,11.288318634033203
2015-06-04,11.026677131652832
2015-06-05,10.955750465393066
2015-06-08,10.7508544921875
2015-06-09,10.733516693115234
2015-06-10,11.129127502441406
2015-06-11,11.229998588562012
2015-06-12,10.96520709991455
2015-06-15,10.82020378112793
2015-06-16,11.010917663574219
2015-06-17,11.06450366973877
2015-06-18,11.390766143798828
2015-06-19,11.193750381469727
2015-06-22,11.422286987304688
2015-06-23,11.447509765625
2015-06-24,11.196062088012695
2015-06-25,11.085710525512695
2015-06-26,11.087285995483398
2015-06-29,10.395215034484863
2015-06-30,10.46773624420166
2015-07-01,10.7010498046875
2015-07-02,10.667945861816406
2015-07-06,10.5812406539917
2015-07-07,10.770416259765625
2015-07-08,10.237568855285645
2015-07-09,10.288016319274902
2015-07-10,10.678979873657227
2015-07-13,11.02737808227539
2015-07-14,11.181873321533203
2015-07-15,11.161377906799316
2015-07-16,11.415189743041992
2015-07-17,11.451447486877441
2015-07-20,11.475095748901367
2015-07-21,11.330060958862305
2015-07-22,11.262275695800781
2015-07-23,11.076251029968262
2015-07-24,10.740462303161621
2015-07-27,10.548136711120605
2015-07-28,10.932788848876953
2015-07-29,11.15822696685791
2015-07-30,11.159801483154297
2015-07-31,11.11408519744873
2015-08-03,10.992698669433594
2015-08-04,10.932788848876953
2015-08-05,11.03999137878418
2015-08-06,10.798792839050293
2015-08-07,10.705780029296875
2015-08-10,11.106203079223633
2015-08-11,10.808253288269043
2015-08-12,10.838200569152832
2015-08-13,10.806675910949707
2015-08-14,10.920177459716797
2015-08-17,11.104625701904297
2015-08-18,11.00846004486084
2015-08-19,10.753074645996094
2015-08-20,10.073617935180664
2015-08-21,9.129312515258789
2015-08-24,8.077813148498535
2015-08-25,7.699461936950684
2015-08-26,8.607504844665527
2015-08-27,9.250699996948242
2015-08-28,9.252278327941895
2015-08-31,9.017386436462402
2015-09-01,8.21653938293457
2015-09-02,8.673715591430664
2015-09-03,8.687901496887207
2015-09-04,8.301671028137207
2015-09-08,8.92752742767334
2015-09-09,8.56494140625
2015-09-10,8.703669548034668
2015-09-11,8.826635360717773
2015-09-14,8.717855453491211
2015-09-15,9.061525344848633
2015-09-16,9.282227516174316
2015-09-17,9.234935760498047
2015-09-18,8.773027420043945
2015-09-21,8.908609390258789
2015-09-22,8.566518783569336
2015-09-23,8.511338233947754
2015-09-24,8.43724536895752
2015-09-25,8.415175437927246
2015-09-28,7.778281211853027
2015-09-29,7.795625686645508
2015-09-30,8.238609313964844
2015-10-01,8.30482292175293
2015-10-02,8.65164566040039
2015-10-05,9.127737045288086
2015-10-06,9.033149719238281
2015-10-07,9.266468048095703
2015-10-08,9.506089210510254
2015-10-09,9.523430824279785
2015-10-12,9.56441879272461
2015-10-13,9.373664855957031
2015-10-14,9.230208396911621
2015-10-15,9.651124954223633
2015-10-16,9.781970024108887
2015-10-19,9.802461624145508
2015-10-20,9.759899139404297
2015-10-21,9.589643478393555
2015-10-22,10.06415843963623
2015-10-23,10.398367881774902
2015-10-26,10.332159042358398
2015-10-27,10.256487846374512
2015-10-28,10.611193656921387
2015-10-29,10.609614372253418
2015-10-30,10.445662498474121
2015-11-02,10.819287300109863
2015-11-03,10.912298202514648
2015-11-04,10.833473205566406
2015-11-05,10.789334297180176
2015-11-06,10.76726245880127
2015-11-09,10.470887184143066
2015-11-10,10.526060104370117
2015-11-11,10.412557601928711
2015-11-12,9.982181549072266
2015-11-13,9.644815444946289
2015-11-16,10.081498146057129
2015-11-17,10.046817779541016
2015-11-18,10.529216766357422
2015-11-19,10.51345157623291
2015-11-20,10.628533363342285
2015-11-23,10.582815170288086
2015-11-24,10.633262634277344
2015-11-25,10.620650291442871
2015-11-27,10.650603294372559
2015-11-30,10.530792236328125
2015-12-01,10.828741073608398
2015-12-02,10.48507308959961
2015-12-03,10.048393249511719
2015-12-04,10.636414527893066
2015-12-07,10.442510604858398
2015-12-08,10.231263160705566
2015-12-09,9.997947692871094
2015-12-10,10.056276321411133
2015-12-11,9.466676712036133
2015-12-14,9.630631446838379
2015-12-15,9.927003860473633
2015-12-16,10.3605318069458
2015-12-17,9.900206565856934
2015-12-18,9.338985443115234
2015-12-21,9.594371795654297
2015-12-22,9.852045059204102
2015-12-23,10.212257385253906
2015-12-24,10.14116096496582
2015-12-28,10.095348358154297
2015-12-29,10.412901878356934
2015-12-30,10.196459770202637
2015-12-31,9.8931245803833
2016-01-04,9.466559410095215
2016-01-05,9.518695831298828
2016-01-06,9.15690803527832
2016-01-07,8.496520042419434
2016-01-08,8.213725090026855
2016-01-11,8.227946281433105
2016-01-12,8.439647674560547
2016-01-13,7.802962303161621
2016-01-14,8.183707237243652
2016-01-15,7.64813232421875
2016-01-19,7.692371368408203
2016-01-20,7.4000959396362305
2016-01-21,7.507525444030762
2016-01-22,7.981483459472656
2016-01-25,7.626014709472656
2016-01-26,7.929349899291992
2016-01-27,7.670252323150635
2016-01-28,7.790321350097656
2016-01-29,8.371713638305664
2016-02-01,8.346436500549316
2016-02-02,7.899333953857422
2016-02-03,8.032039642333984
2016-02-04,8.066797256469727
2016-02-05,7.605477809906006
2016-02-08,7.292662143707275
2016-02-09,7.291084289550781
2016-02-10,7.28318452835083
2016-02-11,7.019347190856934
2016-02-12,7.430111885070801
2016-02-16,7.798220157623291
2016-02-17,8.18528938293457
2016-02-18,8.084178924560547
2016-02-19,8.082597732543945
2016-02-22,8.42226791381836
2016-02-23,8.11577320098877
2016-02-24,8.223204612731934
2016-02-25,8.512320518493652
2016-02-26,8.461766242980957
2016-02-29,8.231106758117676
2016-03-01,8.842510223388672
2016-03-02,8.96416187286377
2016-03-03,9.055795669555664
2016-03-04,9.152164459228516
2016-03-07,9.171124458312988
2016-03-08,8.866209983825684
2016-03-09,9.003658294677734
2016-03-10,9.019457817077637
2016-03-11,9.46024227142334
2016-03-14,9.425482749938965
2016-03-15,9.382826805114746
2016-03-16,9.551873207092285
2016-03-17,9.728816986083984
2016-03-18,9.842569351196289
2016-03-21,9.87890911102295
2016-03-22,9.869425773620605
2016-03-23,9.675104141235352
2016-03-24,9.65140438079834
2016-03-28,9.675104141235352
2016-03-29,9.949999809265137
2016-03-30,10.068488121032715
2016-03-31,10.000555992126465
2016-04-01,10.186979293823242
2016-04-04,10.093769073486328
2016-04-05,9.798335075378418
2016-04-06,10.10324478149414
2016-04-07,9.750936508178711
2016-04-08,9.828347206115723
2016-04-11,9.752514839172363
2016-04-12,10.033732414245605
2016-04-13,10.32758903503418
2016-04-14,10.33548355102539
2016-04-15,10.288092613220215
2016-04-18,10.514012336730957
2016-04-19,10.613542556762695
2016-04-20,10.638822555541992
2016-04-21,10.471354484558105
2016-04-22,10.477677345275879
2016-04-25,10.416059494018555
2016-04-26,10.472936630249023
2016-04-27,10.528229713439941
2016-04-28,10.250173568725586
2016-04-29,10.081127166748047
2016-05-02,10.305468559265137
2016-05-03,10.040053367614746
2016-05-04,9.863105773925781
2016-05-05,9.87100601196289
2016-05-06,9.96738052368164
2016-05-09,10.005295753479004
2016-05-10,10.367084503173828
2016-05-11,10.082707405090332
2016-05-12,10.081127166748047
2016-05-13,9.814131736755371
2016-05-16,10.104825019836426
2016-05-17,9.829930305480957
2016-05-18,9.842569351196289
2016-05-19,9.73829460144043
2016-05-20,9.915242195129395
2016-05-23,9.866265296936035
2016-05-24,10.25649356842041
2016-05-25,10.461877822875977
2016-05-26,10.472936630249023
2016-05-27,10.60090446472168
2016-05-31,10.550348281860352
2016-06-01,10.60880184173584
2016-06-02,10.711495399475098
2016-06-03,10.618282318115234
2016-06-06,10.774688720703125
2016-06-07,10.81418514251709
2016-06-08,10.921616554260254
2016-06-09,10.880539894104004
2016-06-10,10.567727088928223
2016-06-13,10.332326889038086
2016-06-14,10.275452613830566
2016-06-15,10.2201566696167
2016-06-16,10.313369750976562
2016-06-17,10.196459770202637
2016-06-20,10.392361640930176
2016-06-21,10.479252815246582
2016-06-22,10.421201705932617
2016-06-23,10.834063529968262
2016-06-24,9.657167434692383
2016-06-27,9.13515853881836
2016-06-28,9.630276679992676
2016-06-29,10.134883880615234
2016-06-30,10.528765678405762
2016-07-01,10.603109359741211
2016-07-05,10.387979507446289
2016-07-06,10.561985969543457
2016-07-07,10.539839744567871
2016-07-08,11.006484031677246
2016-07-11,11.125120162963867
2016-07-12,11.368727684020996
2016-07-13,11.370306015014648
2016-07-14,11.545892715454102
2016-07-15,11.511092185974121
2016-07-18,11.604422569274902
2016-07-19,11.563291549682617
2016-07-20,11.71198844909668
2016-07-21,11.575946807861328
2016-07-22,11.732550621032715
2016-07-25,11.643970489501953
2016-07-26,11.648712158203125
2016-07-27,11.6202392578125
2016-07-28,11.658202171325684
2016-07-29,11.70091438293457
2016-08-01,11.672438621520996
2016-08-02,11.447819709777832
2016-08-03,11.550638198852539
2016-08-04,11.591768264770508
2016-08-05,11.874917030334473
2016-08-08,11.851192474365234
2016-08-09,11.863845825195312
2016-08-10,11.778424263000488
2016-08-11,11.94767951965332
2016-08-12,11.912883758544922
2016-08-15,12.023608207702637
2016-08-16,11.82588005065918
2016-08-17,11.889152526855469
2016-08-18,11.972991943359375
2016-08-19,11.917628288269043
2016-08-22,11.91446304321289
2016-08-23,11.982481002807617
2016-08-24,11.813225746154785
2016-08-25,11.764188766479492
2016-08-26,11.708821296691895
2016-08-29,11.876497268676758
2016-08-30,11.813225746154785
2016-08-31,11.713568687438965
2016-09-01,11.723058700561523
2016-09-02,11.873332977294922
2016-09-06,11.987228393554688
2016-09-07,11.984065055847168
2016-09-08,11.893900871276855
2016-09-09,11.04603385925293
2016-09-12,11.506346702575684
2016-09-13,11.008065223693848
2016-09-14,10.992247581481934
2016-09-15,11.32601547241211
2016-09-16,11.197885513305664
2016-09-19,11.194722175598145
2016-09-20,11.20896053314209
2016-09-21,11.581236839294434
2016-09-22,11.790077209472656
2016-09-23,11.606553077697754
2016-09-26,11.320182800292969
2016-09-27,11.533772468566895
2016-09-28,11.699894905090332
2016-09-29,11.383471488952637
2016-09-30,11.650850296020508
2016-10-03,11.540098190307617
2016-10-04,11.380302429199219
2016-10-05,11.530607223510742
2016-10-06,11.54959487915039
2016-10-07,11.424603462219238
2016-10-10,11.597058296203613
2016-10-11,11.174627304077148
2016-10-12,11.2157621383667
2016-10-13,11.101848602294922
2016-10-14,11.112922668457031
2016-10-17,11.005338668823242
2016-10-18,11.193612098693848
2016-10-19,11.286959648132324
2016-10-20,11.22525405883789
2016-10-21,11.231585502624512
2016-10-24,11.373973846435547
2016-10-25,11.2774658203125
2016-10-26,11.206270217895508
2016-10-27,11.11134147644043
2016-10-28,11.003756523132324
2016-10-31,10.995847702026367
2016-11-01,10.774345397949219
2016-11-02,10.5686674118042
2016-11-03,10.427858352661133
2016-11-04,10.378813743591309
2016-11-07,11.062294960021973
2016-11-08,11.212597846984863
2016-11-09,11.593894004821777
2016-11-10,11.665087699890137
2016-11-11,11.587563514709473
2016-11-14,11.60971450805664
2016-11-15,11.880258560180664
2016-11-16,11.82013988494873
2016-11-17,11.992589950561523
2016-11-18,11.913483619689941
2016-11-21,12.180869102478027
2016-11-22,12.252062797546387
2016-11-23,12.274212837219238
2016-11-25,12.415020942687988
2016-11-28,12.239404678344727
2016-11-29,12.309017181396484
2016-11-30,12.21092414855957
2016-12-01,12.070116996765137
2016-12-02,12.092266082763672
2016-12-05,12.296360969543457
2016-12-06,12.432424545288086
2016-12-07,12.907065391540527
2016-12-08,13.00516128540039
2016-12-09,13.237732887268066
2016-12-12,13.20134162902832
2016-12-13,13.452903747558594
2016-12-14,13.145967483520508
2016-12-15,13.280448913574219
2016-12-16,13.223494529724121
2016-12-19,13.296273231506348
2016-12-20,13.437079429626465
2016-12-21,13.337407112121582
2016-12-22,13.274120330810547
2016-12-23,13.313674926757812
2016-12-27,13.414934158325195
2016-12-28,13.095341682434082
2016-12-29,13.073187828063965
2016-12-30,12.938709259033203
2017-01-03,13.218748092651367
2017-01-04,13.454485893249512
2017-01-05,13.413348197937012
2017-01-06,13.565235137939453
2017-01-09,13.437079429626465
2017-01-10,13.414934158325195
2017-01-11,13.524101257324219
2017-01-12,13.435498237609863
2017-01-13,13.519354820251465
2017-01-17,13.394363403320312
2017-01-18,13.463974952697754
2017-01-19,13.323165893554688
2017-01-20,13.460813522338867
2017-01-23,13.356391906738281
2017-01-24,13.611117362976074
2017-01-25,13.94178295135498
2017-01-26,13.910138130187988
2017-01-27,13.86109447479248
2017-01-30,13.611117362976074
2017-01-31,13.603208541870117
2017-02-01,13.611117362976074
2017-02-02,13.630101203918457
2017-02-03,13.903813362121582
2017-02-06,13.845273971557617
2017-02-07,13.83578109741211
2017-02-08,13.891153335571289
2017-02-09,14.128475189208984
2017-02-10,14.294596672058105
2017-02-13,14.512933731079102
2017-02-14,14.699625968933105
2017-02-15,14.919544219970703
2017-02-16,14.891064643859863
2017-02-17,14.949607849121094
2017-02-21,15.20749282836914
2017-02-22,15.180597305297852
2017-02-23,15.2185697555542
2017-02-24,15.269195556640625
2017-02-27,15.337227821350098
2017-02-28,15.223315238952637
2017-03-01,15.837181091308594
2017-03-02,15.56822395324707
2017-03-03,15.582462310791016
2017-03-06,15.446394920349121
2017-03-07,15.308749198913574
2017-03-08,15.209076881408691
2017-03-09,15.26286506652832
2017-03-10,15.413168907165527
2017-03-13,15.436898231506348
2017-03-14,15.278690338134766
2017-03-15,15.640999794006348
2017-03-16,15.579293251037598
2017-03-17,15.476457595825195
2017-03-20,15.432154655456543
2017-03-21,14.845183372497559
2017-03-22,14.9353609085083
2017-03-23,14.884737014770508
2017-03-24,14.854671478271484
2017-03-27,14.800885200500488
2017-03-28,15.109399795532227
2017-03-29,15.179014205932617
2017-03-30,15.297673225402832
2017-03-31,15.190086364746094
2017-04-03,15.131548881530762
2017-04-04,15.156864166259766
2017-04-05,15.003396034240723
2017-04-06,15.126805305480957
2017-04-07,15.082500457763672
2017-04-10,15.106236457824707
2017-04-11,15.052443504333496
2017-04-12,14.86258602142334
2017-04-13,14.579383850097656
2017-04-17,14.948022842407227
2017-04-18,14.805631637573242
2017-04-19,14.729686737060547
2017-04-20,15.073013305664062
2017-04-21,14.946441650390625
2017-04-24,15.4210844039917
2017-04-25,15.69162654876709
2017-04-26,15.669475555419922
2017-04-27,15.707448959350586
2017-04-28,15.610936164855957
2017-05-01,15.709027290344238
2017-05-02,15.735929489135742
2017-05-03,15.685295104980469
2017-05-04,15.715356826782227
2017-05-05,15.913124084472656
2017-05-08,15.903632164001465
2017-05-09,15.86091136932373
2017-05-10,15.933691024780273
2017-05-11,15.84666919708252
2017-05-12,15.76756477355957
2017-05-15,16.00172233581543
2017-05-16,15.966917991638184
2017-05-17,15.126805305480957
2017-05-18,15.283434867858887
2017-05-19,15.580877304077148
2017-05-22,15.830850601196289
2017-05-23,15.930522918701172
2017-05-24,16.020709991455078
2017-05-25,16.24695587158203
2017-05-26,16.254871368408203
2017-05-30,16.215314865112305
2017-05-31,16.18841552734375
2017-06-01,16.566547393798828
2017-06-02,16.726346969604492
2017-06-05,16.704193115234375
2017-06-06,16.55389404296875
2017-06-07,16.628250122070312
2017-06-08,16.64881706237793
2017-06-09,16.579200744628906
2017-06-12,16.55705451965332
2017-06-13,16.795957565307617
2017-06-14,16.737417221069336
2017-06-15,16.63141441345215
2017-06-16,16.63141441345215
2017-06-19,17.05225944519043
2017-06-20,16.726346969604492
2017-06-21,16.6915283203125
2017-06-22,16.672550201416016
2017-06-23,16.74374008178711
2017-06-26,16.757986068725586
2017-06-27,16.368776321411133
2017-06-28,16.780139923095703
2017-06-29,16.35612678527832
2017-06-30,16.433650970458984
2017-07-03,16.51433753967285
2017-07-05,16.62192153930664
2017-07-06,16.178926467895508
2017-07-07,16.476364135742188
2017-07-10,16.522245407104492
2017-07-11,16.484272003173828
2017-07-12,16.8560733795166
2017-07-13,16.935184478759766
2017-07-14,17.159852981567383
2017-07-17,17.161434173583984
2017-07-18,17.188322067260742
2017-07-19,17.466777801513672
2017-07-20,17.47943687438965
2017-07-21,17.444629669189453
2017-07-24,17.427228927612305
2017-07-25,17.531652450561523
2017-07-26,17.5458927154541
2017-07-27,17.50475311279297
2017-07-28,17.422483444213867
2017-07-31,17.39875030517578
2017-08-01,17.501590728759766
2017-08-02,17.52215576171875
2017-08-03,17.439882278442383
2017-08-04,17.51424789428711
2017-08-07,17.607587814331055
2017-08-08,17.498424530029297
2017-08-09,17.47153091430664
2017-08-10,16.745328903198242
2017-08-11,16.808612823486328
2017-08-14,17.302236557006836
2017-08-15,17.299072265625
2017-08-16,17.376602172851562
2017-08-17,16.57286834716797
2017-08-18,16.47953224182129
2017-08-21,16.530162811279297
2017-08-22,17.017452239990234
2017-08-23,16.84816551208496
2017-08-24,16.73267364501953
2017-08-25,16.843420028686523
2017-08-28,16.846582412719727
2017-08-29,16.894052505493164
2017-08-30,17.14560890197754
2017-08-31,17.435138702392578
2017-09-01,17.53006935119629
2017-09-05,17.132949829101562
2017-09-06,17.306989669799805
2017-09-07,17.294328689575195
2017-09-08,17.2215576171875
2017-09-11,17.764223098754883
2017-09-12,17.958824157714844
2017-09-13,17.992053985595703
2017-09-14,17.966739654541016
2017-09-15,18.04584503173828
2017-09-18,18.14235496520996
2017-09-19,18.185075759887695
2017-09-20,18.21355438232422
2017-09-21,18.058502197265625
2017-09-22,18.067989349365234
2017-09-25,17.955659866333008
2017-09-26,17.987308502197266
2017-09-27,18.181915283203125
2017-09-28,18.251529693603516
2017-09-29,18.427143096923828
2017-10-02,18.661298751831055
2017-10-03,18.795772552490234
2017-10-04,18.855897903442383
2017-10-05,19.18022918701172
2017-10-06,19.131193161010742
2017-10-09,19.036264419555664
2017-10-10,19.164417266845703
2017-10-11,19.254592895507812
2017-10-12,19.17232322692871
2017-10-13,19.22295570373535
2017-10-16,19.306804656982422
2017-10-17,19.347944259643555
2017-10-18,19.4033203125
2017-10-19,19.42072105407715
2017-10-20,19.699180603027344
2017-10-23,19.484004974365234
2017-10-24,19.575775146484375
2017-10-25,19.303640365600586
2017-10-26,19.343196868896484
2017-10-27,19.83524513244629
2017-10-30,19.615320205688477
2017-10-31,19.686521530151367
2017-11-01,19.78777503967285
2017-11-02,19.80043601989746
2017-11-03,19.979215621948242
2017-11-06,20.059904098510742
2017-11-07,20.042495727539062
2017-11-08,20.140594482421875
2017-11-09,19.90960121154785
2017-11-10,19.88270378112793
2017-11-13,19.934913635253906
2017-11-14,19.80992317199707
2017-11-15,19.502994537353516
2017-11-16,19.969724655151367
2017-11-17,19.821001052856445
2017-11-20,19.90485382080078
2017-11-21,20.290897369384766
2017-11-22,20.230775833129883
2017-11-24,20.36051368713379
2017-11-27,20.347854614257812
2017-11-28,20.95064353942871
2017-11-29,20.912673950195312
2017-11-30,21.433197021484375
2017-12-01,21.316120147705078
2017-12-04,21.233850479125977
2017-12-05,21.010765075683594
2017-12-06,21.010765075683594
2017-12-07,21.20853614807129
2017-12-08,21.548690795898438
2017-12-11,21.755952835083008
2017-12-12,21.861953735351562
2017-12-13,21.84930419921875
2017-12-14,21.581924438476562
2017-12-15,22.107187271118164
2017-12-18,22.529621124267578
2017-12-19,22.271730422973633
2017-12-20,22.232181549072266
2017-12-21,22.347673416137695
2017-12-22,22.327104568481445
2017-12-26,22.24008560180664
2017-12-27,22.287551879882812
2017-12-28,22.39038848876953
2017-12-29,22.17363739013672
2018-01-02,22.627710342407227
2018-01-03,23.0406494140625
2018-01-04,23.33176612854004
2018-01-05,23.787418365478516
2018-01-08,23.906076431274414
2018-01-09,24.075363159179688
2018-01-10,23.963037490844727
2018-01-11,24.458240509033203
2018-01-12,24.940792083740234
2018-01-16,24.68132781982422
2018-01-17,25.390125274658203
2018-01-18,25.274620056152344
2018-01-19,25.58472442626953
2018-01-22,26.212833404541016
2018-01-23,26.396350860595703
2018-01-24,26.347307205200195
2018-01-25,26.382122039794922
2018-01-26,27.282358169555664
2018-01-29,26.72386360168457
2018-01-30,25.89323616027832
2018-01-31,26.212833404541016
2018-02-01,25.845779418945312
2018-02-02,24.175039291381836
2018-02-05,21.202207565307617
2018-02-06,22.426782608032227
2018-02-07,22.00276756286621
2018-02-08,19.552038192749023
2018-02-09,20.458600997924805
2018-02-12,21.260746002197266
2018-02-13,21.447439193725586
2018-02-14,22.328685760498047
2018-02-15,23.145071029663086
2018-02-16,23.162473678588867
2018-02-20,22.7542781829834
2018-02-21,22.39038848876953
2018-02-22,22.482154846191406
2018-02-23,23.553258895874023
2018-02-26,24.371227264404297
2018-02-27,23.429861068725586
2018-02-28,22.66568374633789
2018-03-01,21.74329948425293
2018-03-02,22.078706741333008
2018-03-05,22.82389259338379
2018-03-06,23.004262924194336
2018-03-07,22.978939056396484
2018-03-08,23.285879135131836
2018-03-09,24.497791290283203
2018-03-12,24.41077995300293
2018-03-13,23.94088363647461
2018-03-14,23.55800437927246
2018-03-15,23.474149703979492
2018-03-16,23.554840087890625
2018-03-19,22.594482421875
2018-03-20,22.695737838745117
2018-03-21,22.57890510559082
2018-03-22,21.079662322998047
2018-03-23,19.518674850463867
2018-03-26,21.135072708129883
2018-03-27,20.02528190612793
2018-03-28,19.857471466064453
2018-03-29,20.696542739868164
2018-04-02,19.276451110839844
2018-04-03,20.006284713745117
2018-04-04,20.70128631591797
2018-04-05,21.122406005859375
2018-04-06,19.732397079467773
2018-04-09,19.968290328979492
2018-04-10,20.921344757080078
2018-04-11,20.611045837402344
2018-04-12,21.100236892700195
2018-04-13,20.916597366333008
2018-04-16,21.42003631591797
2018-04-17,22.11504364013672
2018-04-18,22.160951614379883
2018-04-19,21.773082733154297
2018-04-20,21.225313186645508
2018-04-23,21.215816497802734
2018-04-24,20.36566162109375
2018-04-25,20.503387451171875
2018-04-26,21.12874412536621
2018-04-27,21.1635684967041
2018-04-30,20.668039321899414
2018-05-01,20.782033920288086
2018-05-02,20.3435001373291
2018-05-03,20.205759048461914
2018-05-04,20.994173049926758
2018-05-07,21.19997787475586
2018-05-08,21.206315994262695
2018-05-09,21.826906204223633
2018-05-10,22.425338745117188
2018-05-11,22.551992416381836
2018-05-14,22.6485595703125
2018-05-15,22.16411590576172
2018-05-16,22.445920944213867
2018-05-17,22.392093658447266
2018-05-18,22.21794891357422
2018-05-21,22.715057373046875
2018-05-22,22.521909713745117
2018-05-23,22.696062088012695
2018-05-24,22.569408416748047
2018-05-25,22.37942886352539
2018-05-29,21.643264770507812
2018-05-30,22.469667434692383
2018-05-31,22.00422477722168
2018-06-01,22.697643280029297
2018-06-04,23.020605087280273
2018-06-05,23.087100982666016
2018-06-06,23.666534423828125
2018-06-07,23.633285522460938
2018-06-08,23.818517684936523
2018-06-11,23.91825294494629
2018-06-12,24.022741317749023
2018-06-13,23.747278213500977
2018-06-14,23.946744918823242
2018-06-15,23.847007751464844
2018-06-18,23.67603302001953
2018-06-19,23.41480827331543
2018-06-20,23.508943557739258
2018-06-21,23.081071853637695
2018-06-22,23.190412521362305
2018-06-25,22.26812744140625
2018-06-26,22.38697624206543
2018-06-27,21.825998306274414
2018-06-28,22.215831756591797
2018-06-29,22.287139892578125
2018-07-02,22.410755157470703
2018-07-03,22.15403175354004
2018-07-05,22.710254669189453
2018-07-06,23.256973266601562
2018-07-09,23.898773193359375
2018-07-10,24.150747299194336
2018-07-11,23.642057418823242
2018-07-12,24.245819091796875
2018-07-13,24.29336929321289
2018-07-16,24.241065979003906
2018-07-17,24.545326232910156
2018-07-18,24.683198928833008
2018-07-19,24.397953033447266
2018-07-20,24.312379837036133
2018-07-23,24.45500373840332
2018-07-24,24.787792205810547
2018-07-25,25.46286964416504
2018-07-26,25.220409393310547
2018-07-27,24.73073959350586
2018-07-30,24.317134857177734
2018-07-31,24.67844581604004
2018-08-01,24.578609466552734
2018-08-02,24.93992042541504
2018-08-03,25.2774600982666
2018-08-06,25.553197860717773
2018-08-07,25.781387329101562
2018-08-08,25.72434425354004
2018-08-09,25.624509811401367
2018-08-10,25.10630989074707
2018-08-13,24.840078353881836
2018-08-14,25.305978775024414
2018-08-15,24.749757766723633
2018-08-16,25.31073760986328
2018-08-17,25.55794906616211
2018-08-20,25.75286865234375
2018-08-21,25.895490646362305
2018-08-22,25.881229400634766
2018-08-23,25.733850479125977
2018-08-24,26.199750900268555
2018-08-27,26.80827522277832
2018-08-28,26.846303939819336
2018-08-29,27.283681869506836
2018-08-30,26.931882858276367
2018-08-31,26.92237091064453
2018-09-04,26.803518295288086
2018-09-05,26.584829330444336
2018-09-06,26.32811164855957
2018-09-07,26.156965255737305
2018-09-10,26.304346084594727
2018-09-11,26.580074310302734
2018-09-12,26.584829330444336
2018-09-13,27.02220916748047
2018-09-14,27.050731658935547
2018-09-17,26.599092483520508
2018-09-18,27.026960372924805
2018-09-19,27.117286682128906
2018-09-20,27.74958610534668
2018-09-21,27.67351531982422
2018-09-24,27.41679573059082
2018-09-25,27.307451248168945
2018-09-26,27.05436897277832
2018-09-27,27.27320098876953
2018-09-28,27.244661331176758
2018-10-01,27.553878784179688
2018-10-02,27.52533531188965
2018-10-03,27.563390731811523
2018-10-04,26.902132034301758
2018-10-05,26.47398567199707
2018-10-08,26.431177139282227
2018-10-09,26.326513290405273
2018-10-10,23.79090690612793
2018-10-11,22.24956512451172
2018-10-12,23.148683547973633
2018-10-15,22.758586883544922
2018-10-16,24.18575668334961
2018-10-17,24.23809051513672
2018-10-18,23.19624900817871
2018-10-19,23.129657745361328
2018-10-22,22.83946418762207
2018-10-23,22.449369430541992
2018-10-24,20.39424705505371
2018-10-25,21.526470184326172
2018-10-26,20.356182098388672
2018-10-29,20.0041561126709
2018-10-30,20.931814193725586
2018-10-31,21.58355140686035
2018-11-01,22.259078979492188
2018-11-02,21.821414947509766
2018-11-05,22.221025466918945
2018-11-06,22.62062644958496
2018-11-07,24.057313919067383
2018-11-08,23.914596557617188
2018-11-09,23.253341674804688
2018-11-12,21.902280807495117
2018-11-13,21.79287338256836
2018-11-14,21.317150115966797
2018-11-15,21.997432708740234
2018-11-16,22.154417037963867
2018-11-19,21.069772720336914
2018-11-20,19.870946884155273
2018-11-21,20.061237335205078
2018-11-23,19.656877517700195
2018-11-26,20.584535598754883
2018-11-27,20.784339904785156
2018-11-28,22.206754684448242
2018-11-29,22.064035415649414
2018-11-30,22.506450653076172
2018-12-03,23.34372329711914
2018-12-04,21.12685775756836
2018-12-06,20.993656158447266
2018-12-07,19.52367401123047
2018-12-10,19.614059448242188
2018-12-11,19.60930061340332
2018-12-12,19.91852378845215
2018-12-13,19.894733428955078
2018-12-14,18.781543731689453
2018-12-17,17.64456558227539
2018-12-18,17.611263275146484
2018-12-19,16.80253791809082
2018-12-20,15.979537963867188
2018-12-21,14.975762367248535
2018-12-24,13.795969009399414
2018-12-26,15.826979637145996
2018-12-27,16.24712371826172
2018-12-28,16.170730590820312
2018-12-31,16.605199813842773
2019-01-02,16.638614654541016
2019-01-03,15.397286415100098
2019-01-04,16.96327018737793
2019-01-07,17.349994659423828
2019-01-08,17.832204818725586
2019-01-09,18.080472946166992
2019-01-10,18.30008888244629
2019-01-11,18.2857666015625
2019-01-14,17.97543716430664
2019-01-15,18.58177947998047
2019-01-16,18.691591262817383
2019-01-17,19.121280670166016
2019-01-18,19.870851516723633
2019-01-22,19.078311920166016
2019-01-23,19.169025421142578
2019-01-24,19.22154426574707
2019-01-25,19.68942642211914
2019-01-28,19.25497055053711
2019-01-29,19.169025421142578
2019-01-30,20.07137680053711
2019-01-31,20.572683334350586
2019-02-01,20.601329803466797
2019-02-04,21.040571212768555
2019-02-05,21.31270980834961
2019-02-06,21.207672119140625
2019-02-07,20.59654998779297
2019-02-08,20.672945022583008
2019-02-11,20.706363677978516
2019-02-12,21.498903274536133
2019-02-13,21.689884185791016
2019-02-14,21.5418758392334
2019-02-15,22.234153747558594
2019-02-19,22.343969345092773
2019-02-20,22.477651596069336
2019-02-21,22.229385375976562
2019-02-22,22.64952850341797
2019-02-25,22.745010375976562
2019-02-26,22.67340087890625
2019-02-27,22.63520050048828
2019-02-28,22.482425689697266
2019-03-01,22.931211471557617
2019-03-04,22.659076690673828
2019-03-05,22.563587188720703
2019-03-06,22.148223876953125
2019-03-07,21.594392776489258
2019-03-08,21.46071434020996
2019-03-11,22.396484375
2019-03-12,22.62565040588379
2019-03-13,23.074445724487305
2019-03-14,23.026700973510742
2019-03-15,23.360904693603516
2019-03-18,23.62349510192871
2019-03-19,23.637813568115234
2019-03-20,23.390993118286133
2019-03-21,24.161128997802734
2019-03-22,22.78350067138672
2019-03-25,22.726089477539062
2019-03-26,23.204439163208008
2019-03-27,22.879165649414062
2019-03-28,23.12312126159668
2019-03-29,23.572763442993164
2019-04-01,24.39551544189453
2019-04-02,24.390727996826172
2019-04-03,24.534231185913086
2019-04-04,24.692089080810547
2019-04-05,25.012575149536133
2019-04-08,25.108247756958008
2019-04-09,24.706432342529297
2019-04-10,24.95995330810547
2019-04-11,24.931257247924805
2019-04-12,25.43351936340332
2019-04-15,25.366548538208008
2019-04-16,25.438302993774414
2019-04-17,25.218265533447266
2019-04-18,25.352195739746094
2019-04-22,25.43351936340332
2019-04-23,26.084064483642578
2019-04-24,25.930997848510742
2019-04-25,25.84967613220215
2019-04-26,26.2227840423584
2019-04-29,26.313669204711914
2019-04-30,26.356719970703125
2019-05-01,25.763574600219727
2019-05-02,25.60572052001953
2019-05-03,26.328025817871094
2019-05-06,26.01709747314453
2019-05-07,24.716001510620117
2019-05-08,24.6011962890625
2019-05-09,24.352460861206055
2019-05-10,24.696868896484375
2019-05-13,22.869598388671875
2019-05-14,23.443607330322266
2019-05-15,23.850204467773438
2019-05-16,24.495962142944336
2019-05-17,24.03675651550293
2019-05-20,23.572763442993164
2019-05-21,24.180259704589844
2019-05-22,23.97456932067871
2019-05-23,23.113554000854492
2019-05-24,23.204439163208008
2019-05-28,22.58258819580078
2019-05-29,22.132951736450195
2019-05-30,22.290802001953125
2019-05-31,21.37716293334961
2019-06-03,21.204959869384766
2019-06-04,22.58258819580078
2019-06-05,23.151823043823242
2019-06-06,23.591899871826172
2019-06-07,24.304628372192383
2019-06-10,24.639467239379883
2019-06-11,24.620338439941406
2019-06-12,24.48639678955078
2019-06-13,24.806888580322266
2019-06-14,24.68251609802246
2019-06-17,24.72556495666504
2019-06-18,25.457439422607422
2019-06-19,25.667903900146484
2019-06-20,26.38063621520996
2019-06-21,26.280187606811523
2019-06-24,26.17495346069336
2019-06-25,25.412668228149414
2019-06-26,25.30246925354004
2019-06-27,25.585153579711914
2019-06-28,25.944496154785156
2019-07-01,26.620054244995117
2019-07-02,26.87398910522461
2019-07-03,27.468101501464844
2019-07-05,27.34832191467285
2019-07-08,26.941068649291992
2019-07-09,27.032100677490234
2019-07-10,27.415401458740234
2019-07-11,27.583091735839844
2019-07-12,27.9711856842041
2019-07-15,27.975975036621094
2019-07-16,27.698081970214844
2019-07-17,27.147098541259766
2019-07-18,27.424985885620117
2019-07-19,26.955442428588867
2019-07-22,27.15188217163086
2019-07-23,27.707664489746094
2019-07-24,28.090961456298828
2019-07-25,27.67412757873535
2019-07-26,28.239492416381836
2019-07-29,28.095752716064453
2019-07-30,27.89452362060547
2019-07-31,26.931488037109375
2019-08-01,26.251134872436523
2019-08-02,25.68097496032715
2019-08-05,23.39556312561035
2019-08-06,24.291519165039062
2019-08-07,24.344226837158203
2019-08-08,25.74325942993164
2019-08-09,25.216224670410156
2019-08-12,24.286731719970703
2019-08-13,25.407875061035156
2019-08-14,23.17995834350586
2019-08-15,23.352439880371094
2019-08-16,24.372970581054688
2019-08-19,25.249759674072266
2019-08-20,24.66044807434082
2019-08-21,25.259347915649414
2019-08-22,25.225811004638672
2019-08-23,23.266202926635742
2019-08-26,24.027999877929688
2019-08-27,23.76448631286621
2019-08-28,24.257986068725586
2019-08-29,25.17310333251953
2019-08-30,25.149152755737305
2019-09-03,24.703561782836914
2019-09-04,25.51328468322754
2019-09-05,26.50506591796875
2019-09-06,26.572145462036133
2019-09-09,26.591310501098633
2019-09-10,26.591310501098633
2019-09-11,27.156673431396484
2019-09-12,27.386653900146484
2019-09-13,27.324363708496094
2019-09-16,27.089595794677734
2019-09-17,27.3004093170166
2019-09-18,27.343528747558594
2019-09-19,27.3004093170166
2019-09-20,26.89316177368164
2019-09-23,26.9171085357666
2019-09-24,26.255922317504883
2019-09-25,26.715885162353516
2019-09-26,26.552978515625
2019-09-27,26.102603912353516
2019-09-30,26.481109619140625
2019-10-01,25.532445907592773
2019-10-02,24.171735763549805
2019-10-03,24.74668312072754
2019-10-04,25.738475799560547
2019-10-07,25.412668228149414
2019-10-08,24.229228973388672
2019-10-09,24.88562774658203
2019-10-10,25.388713836669922
2019-10-11,26.15530014038086
2019-10-14,26.097816467285156
2019-10-15,26.878782272338867
2019-10-16,26.744626998901367
2019-10-17,26.955442428588867
2019-10-18,26.591310501098633
2019-10-21,27.16146469116211
2019-10-22,26.869197845458984
2019-10-23,27.09917449951172
2019-10-24,27.214168548583984
2019-10-25,27.5687198638916
2019-10-28,28.028676986694336
2019-10-29,27.975975036621094
2019-10-30,28.249073028564453
2019-10-31,27.99034881591797
2019-11-01,28.766529083251953
2019-11-04,29.111488342285156
2019-11-05,29.006093978881836
2019-11-06,29.039630889892578
2019-11-07,29.33668327331543
2019-11-08,29.51875114440918
2019-11-11,29.379798889160156
2019-11-12,29.52353858947754
2019-11-13,29.56186866760254
2019-11-14,29.68164825439453
2019-11-15,30.328468322753906
2019-11-18,30.38117027282715
2019-11-19,30.33804702758789
2019-11-20,30.012243270874023
2019-11-21,29.86371421813965
2019-11-22,30.03620147705078
2019-11-25,30.726133346557617
2019-11-26,30.91779327392578
2019-11-27,31.320247650146484
2019-11-29,30.994449615478516
2019-12-02,30.199100494384766
2019-12-03,29.581031799316406
2019-12-04,30.108068466186523
2019-12-05,30.285341262817383
2019-12-06,31.085481643676758
2019-12-09,30.807592391967773
2019-12-10,30.687807083129883
2019-12-11,30.946531295776367
2019-12-12,31.741878509521484
2019-12-13,31.794584274291992
2019-12-16,32.46056365966797
2019-12-17,32.465354919433594
2019-12-18,32.46056365966797
2019-12-19,32.848655700683594
2019-12-20,33.34693908691406
2019-12-23,33.44276428222656
2019-12-24,33.43363952636719
2019-12-26,33.92306137084961
2019-12-27,33.908660888671875
2019-12-30,33.34727478027344
2019-12-31,33.59199142456055
2020-01-02,34.49884033203125
2020-01-03,33.750328063964844
2020-01-06,34.100589752197266
2020-01-07,33.803104400634766
2020-01-08,34.32610321044922
2020-01-09,35.02663803100586
2020-01-10,34.729156494140625
2020-01-13,35.429683685302734
2020-01-14,35.261756896972656
2020-01-15,35.50645065307617
2020-01-16,36.37012481689453
2020-01-17,36.7108039855957
2020-01-21,36.50447463989258
2020-01-22,36.5236701965332
2020-01-23,36.60044860839844
2020-01-24,35.6168212890625
2020-01-27,33.91347122192383
2020-01-28,34.96426010131836
2020-01-29,34.87308883666992
2020-01-30,35.17538833618164
2020-01-31,33.2849006652832
2020-02-03,34.01422882080078
2020-02-04,35.564029693603516
2020-02-05,36.76837158203125
2020-02-06,37.147430419921875
2020-02-07,36.576446533203125
2020-02-10,37.37773895263672
2020-02-11,37.56966781616211
2020-02-12,38.27499771118164
2020-02-13,38.13106155395508
2020-02-14,38.318180084228516
2020-02-18,38.01589584350586
2020-02-19,38.558082580566406
2020-02-20,38.054283142089844
2020-02-21,36.8835334777832
2020-02-24,33.1937370300293
2020-02-25,30.18528175354004
2020-02-26,29.854211807250977
2020-02-27,25.7901611328125
2020-02-28,25.6174259185791
2020-03-02,28.721847534179688
2020-03-03,26.279573440551758
2020-03-04,29.585512161254883
2020-03-05,26.615446090698242
2020-03-06,25.286348342895508
2020-03-09,19.379806518554688
2020-03-10,22.441041946411133
2020-03-11,19.135101318359375
2020-03-12,13.5836181640625
2020-03-13,17.354978561401367
2020-03-16,11.290092468261719
2020-03-17,13.396490097045898
2020-03-18,11.34287166595459
2020-03-19,11.270902633666992
2020-03-20,9.740283012390137
2020-03-23,8.938989639282227
2020-03-24,11.438834190368652
2020-03-25,11.884692192077637
2020-03-26,13.957659721374512
2020-03-27,12.697525978088379
2020-03-30,13.938420295715332
2020-03-31,13.289114952087402
2020-04-01,11.514347076416016
2020-04-02,12.303132057189941
2020-04-03,11.77407169342041
2020-04-06,14.154857635498047
2020-04-07,14.154857635498047
2020-04-08,15.592947006225586
2020-04-09,16.299968719482422
2020-04-13,15.823813438415527
2020-04-14,17.26190185546875
2020-04-15,16.15087127685547
2020-04-16,16.38654327392578
2020-04-17,17.723630905151367
2020-04-20,16.771312713623047
2020-04-21,15.222603797912598
2020-04-22,16.25187110900879
2020-04-23,16.232629776000977
2020-04-24,16.9204158782959
2020-04-27,17.66591453552246
2020-04-28,17.406192779541016
2020-04-29,18.752901077270508
2020-04-30,18.22864532470703
2020-05-01,16.766504287719727
2020-05-04,16.9444637298584
2020-05-05,17.396570205688477
2020-05-06,17.050277709960938
2020-05-07,17.656295776367188
2020-05-08,18.52203369140625
2020-05-11,18.550893783569336
2020-05-12,17.41100311279297
2020-05-13,16.511594772338867
2020-05-14,17.11280059814453
2020-05-15,17.314809799194336
2020-05-18,18.916431427001953
2020-05-19,18.334455490112305
2020-05-20,19.257911682128906
2020-05-21,18.8394718170166
2020-05-22,18.940475463867188
2020-05-26,19.666738510131836
2020-05-27,20.527667999267578
2020-05-28,20.426666259765625
2020-05-29,20.667150497436523
2020-06-01,20.941301345825195
2020-06-02,21.470359802246094
2020-06-03,22.336101531982422
2020-06-04,22.119672775268555
2020-06-05,23.822290420532227
2020-06-08,24.71689224243164
2020-06-09,24.17820930480957
2020-06-10,23.759767532348633
2020-06-11,19.609024047851562
2020-06-12,20.32566261291504
2020-06-15,20.898014068603516
2020-06-16,22.09562110900879
2020-06-17,21.807037353515625
2020-06-18,21.83589744567871
2020-06-19,21.45111846923828
2020-06-22,21.908042907714844
2020-06-23,22.18700408935547
2020-06-24,20.508426666259766
2020-06-25,21.13368797302246
2020-06-26,19.62344741821289
2020-06-29,20.498807907104492
2020-06-30,21.335693359375
2020-07-01,21.730087280273438
2020-07-02,22.076385498046875
2020-07-06,23.105648040771484
2020-07-07,22.37457847595215
2020-07-08,22.894027709960938
2020-07-09,22.504440307617188
2020-07-10,23.197032928466797
2020-07-13,22.591018676757812
2020-07-14,23.45675277709961
2020-07-15,24.110876083374023
2020-07-16,23.870389938354492
2020-07-17,24.077207565307617
2020-07-20,24.654367446899414
2020-07-21,24.80345916748047
2020-07-22,25.24114418029785
2020-07-23,24.32730484008789
2020-07-24,23.875200271606445
2020-07-27,24.370595932006836
2020-07-28,23.92329216003418
2020-07-29,24.793840408325195
2020-07-30,24.52931785583496
2020-07-31,25.11128044128418
2020-08-03,25.621109008789062
2020-08-04,25.909687042236328
2020-08-05,26.400272369384766
2020-08-06,26.93895149230957
2020-08-07,26.99186134338379
2020-08-10,27.23234748840332
2020-08-11,26.583038330078125
2020-08-12,27.6604061126709
2020-08-13,27.540163040161133
2020-08-14,27.520931243896484
2020-08-17,27.790267944335938
2020-08-18,27.948993682861328
2020-08-19,27.62673568725586
2020-08-20,27.876840591430664
2020-08-21,28.16541862487793
2020-08-24,29.026350021362305
2020-08-25,29.319744110107422
2020-08-26,30.214345932006836
2020-08-27,30.401918411254883
2020-08-28,30.998319625854492
2020-08-31,30.647212982177734
2020-09-01,31.52257537841797
2020-09-02,32.88370895385742
2020-09-03,29.473655700683594
2020-09-04,28.781063079833984
2020-09-08,26.41469955444336
2020-09-09,27.939369201660156
2020-09-10,26.491655349731445
2020-09-11,26.525325775146484
2020-09-14,27.583454132080078
2020-09-15,27.997081756591797
2020-09-16,27.674837112426758
2020-09-17,26.953384399414062
2020-09-18,26.010690689086914
2020-09-21,25.14975929260254
2020-09-22,25.895259857177734
2020-09-23,24.0964412689209
2020-09-24,24.293642044067383
2020-09-25,25.44795799255371
2020-09-28,26.74176025390625
2020-09-29,26.3040828704834
2020-09-30,26.8908634185791
2020-10-01,27.391063690185547
2020-10-02,26.635948181152344
2020-10-05,28.021129608154297
2020-10-06,26.847572326660156
2020-10-07,28.24237632751465
2020-10-08,28.96863555908203
2020-10-09,29.757421493530273
2020-10-12,31.19070053100586
2020-10-13,30.59430694580078
2020-10-14,30.04119110107422
2020-10-15,29.89690589904785
2020-10-16,29.834379196166992
2020-10-19,28.482860565185547
2020-10-20,28.800302505493164
2020-10-21,28.64638900756836
2020-10-22,29.146595001220703
2020-10-23,29.40631675720215
2020-10-26,27.795074462890625
2020-10-27,27.506500244140625
2020-10-28,24.68321990966797
2020-10-29,25.41910171508789
2020-10-30,24.6110782623291
2020-11-02,25.457576751708984
2020-11-03,26.78985595703125
2020-11-04,28.574247360229492
2020-11-05,30.248008728027344
2020-11-06,30.25762367248535
2020-11-09,31.397518157958984
2020-11-10,31.258039474487305
2020-11-11,31.92658805847168
2020-11-12,31.003128051757812
2020-11-13,32.28730773925781
2020-11-16,33.460872650146484
2020-11-17,32.97028350830078
2020-11-18,31.753435134887695
2020-11-19,32.162254333496094
2020-11-20,31.50333595275879
2020-11-23,32.075679779052734
2020-11-24,33.6099739074707
2020-11-25,33.45124816894531
2020-11-27,33.710968017578125
2020-11-30,33.27329635620117
2020-12-01,34.365081787109375
2020-12-02,34.562286376953125
2020-12-03,34.54304504394531
2020-12-04,35.42321014404297
2020-12-07,35.24525451660156
2020-12-08,35.533836364746094
2020-12-09,34.586326599121094
2020-12-10,34.51899337768555
2020-12-11,34.389137268066406
2020-12-14,33.941829681396484
2020-12-15,35.30778503417969
2020-12-16,35.48093032836914
2020-12-17,36.07733917236328
2020-12-18,35.65888595581055
2020-12-21,35.3029670715332
2020-12-22,35.067298889160156
2020-12-23,35.171714782714844
2020-12-24,35.58068084716797
2020-12-28,36.485233306884766
2020-12-29,36.26872253417969
2020-12-30,36.413055419921875
2020-12-31,36.98081588745117
2021-01-04,35.465206146240234
2021-01-05,36.16767883300781
2021-01-06,36.84608459472656
2021-01-07,38.467552185058594
2021-01-08,39.126712799072266
2021-01-11,38.347267150878906
2021-01-12,38.376136779785156
2021-01-13,38.65519332885742
2021-01-14,38.255855560302734
2021-01-15,37.409027099609375
2021-01-19,38.294334411621094
2021-01-20,39.86767578125
2021-01-21,39.95909881591797
2021-01-22,39.554935455322266
2021-01-25,40.031272888183594
2021-01-26,39.84362030029297
2021-01-27,36.908634185791016
2021-01-28,37.83724594116211
2021-01-29,35.60954284667969
2021-02-01,37.3079948425293
2021-02-02,38.90538787841797
2021-02-03,39.02568054199219
2021-02-04,40.33439254760742
2021-02-05,40.80110549926758
2021-02-08,41.72490310668945
2021-02-09,41.609432220458984
2021-02-10,41.58055877685547
2021-02-11,41.75376510620117
2021-02-12,42.38406753540039
2021-02-16,42.25897216796875
2021-02-17,42.2974739074707
2021-02-18,41.763397216796875
2021-02-19,41.532447814941406
2021-02-22,40.58940124511719
2021-02-23,40.71450424194336
2021-02-24,42.0568962097168
2021-02-25,39.04011917114258
2021-02-26,38.36650848388672
2021-03-01,41.14752960205078
2021-03-02,40.20930480957031
2021-03-03,38.6263313293457
2021-03-04,37.16365051269531
2021-03-05,39.22294616699219
2021-03-08,38.64558029174805
2021-03-09,40.28146743774414
2021-03-10,41.01762390136719
2021-03-11,42.28303909301758
2021-03-12,42.45623779296875
2021-03-15,43.22126007080078
2021-03-16,43.06730270385742
2021-03-17,43.46184158325195
2021-03-18,41.57093811035156
2021-03-19,41.349609375
2021-03-22,42.2974739074707
2021-03-23,41.344017028808594
2021-03-24,40.69424057006836
2021-03-25,41.36326217651367
2021-03-26,43.38954162597656
2021-03-29,43.3077278137207
2021-03-30,42.946739196777344
2021-03-31,43.480987548828125
2021-04-01,44.83346939086914
2021-04-05,46.777923583984375
2021-04-06,46.70572280883789
2021-04-07,46.893436431884766
2021-04-08,47.533565521240234
2021-04-09,48.56837463378906
2021-04-12,48.61168670654297
2021-04-13,49.02079772949219
2021-04-14,48.549129486083984
2021-04-15,50.10374450683594
2021-04-16,50.64278793334961
2021-04-19,49.88233947753906
2021-04-20,48.79458236694336
2021-04-21,50.142242431640625
2021-04-22,48.78496170043945
2021-04-23,50.344383239746094
2021-04-26,50.66686248779297
2021-04-27,50.613922119140625
2021-04-28,50.54171371459961
2021-04-29,51.48507308959961
2021-04-30,50.512840270996094
2021-05-03,50.84012222290039
2021-05-04,49.90158462524414
2021-05-05,49.89677047729492
2021-05-06,51.100032806396484
2021-05-07,52.23108673095703
2021-05-10,50.68130111694336
2021-05-11,49.352901458740234
2021-05-12,46.20998764038086
2021-05-13,47.812721252441406
2021-05-14,50.02190399169922
2021-05-17,49.64649963378906
2021-05-18,48.39991760253906
2021-05-19,47.9811897277832
2021-05-20,49.51654052734375
2021-05-21,49.396217346191406
2021-05-24,50.90751266479492
2021-05-25,50.575408935546875
2021-05-26,50.87382125854492
2021-05-27,50.90270233154297
2021-05-28,51.20111083984375
2021-06-01,51.05190658569336
2021-06-02,51.31662368774414
2021-06-03,50.74387741088867
2021-06-04,52.08189392089844
2021-06-07,52.00007247924805
2021-06-08,52.01450729370117
2021-06-09,51.769039154052734
2021-06-10,52.48619079589844
2021-06-11,52.746089935302734
2021-06-14,53.116703033447266
2021-06-15,52.794219970703125
2021-06-16,51.92788314819336
2021-06-17,51.889373779296875
2021-06-18,49.800514221191406
2021-06-21,51.90862274169922
2021-06-22,52.683528900146484
2021-06-23,52.53913116455078
2021-06-24,53.45841979980469
2021-06-25,54.01192092895508
2021-06-28,54.36327362060547
2021-06-29,54.425838470458984
2021-06-30,54.575042724609375
2021-07-01,55.489524841308594
2021-07-02,56.75535202026367
2021-07-06,56.38475036621094
2021-07-07,57.015254974365234
2021-07-08,55.653167724609375
2021-07-09,57.39067459106445
2021-07-12,58.035621643066406
2021-07-13,57.4436149597168
2021-07-14,57.640960693359375
2021-07-15,57.05857849121094
2021-07-16,55.73980712890625
2021-07-19,53.28996276855469
2021-07-20,55.56653594970703
2021-07-21,56.88530731201172
2021-07-22,57.25590896606445
2021-07-23,58.983795166015625
2021-07-26,59.42658996582031
2021-07-27,58.62762451171875
2021-07-28,58.53136444091797
2021-07-29,59.25813674926758
2021-07-30,58.35810470581055
2021-08-02,57.99711990356445
2021-08-03,59.41696548461914
2021-08-04,58.56986999511719
2021-08-05,59.64317321777344
2021-08-06,59.98008728027344
2021-08-09,59.79238510131836
2021-08-10,59.97527313232422
2021-08-11,60.41325378417969
2021-08-12,60.947513580322266
2021-08-13,61.284423828125
2021-08-16,61.74166488647461
2021-08-17,60.548030853271484
2021-08-18,58.560237884521484
2021-08-19,58.767208099365234
2021-08-20,60.23518371582031
2021-08-23,61.775360107421875
2021-08-24,62.083396911621094
2021-08-25,62.444366455078125
2021-08-26,61.37105941772461
2021-08-27,62.94972229003906
2021-08-30,63.787193298339844
2021-08-31,63.59469223022461
2021-09-01,63.70056915283203
2021-09-02,64.23001098632812
2021-09-03,64.15300750732422
2021-09-07,63.49361038208008
2021-09-08,63.26259231567383
2021-09-09,62.40586471557617
2021-09-10,60.95714569091797
2021-09-13,61.37105941772461
2021-09-14,60.4180793762207
2021-09-15,61.934181213378906
2021-09-16,61.587646484375
2021-09-17,59.835697174072266
2021-09-20,56.851619720458984
2021-09-21,56.6879768371582
2021-09-22,58.290714263916016
2021-09-23,60.41325378417969
2021-09-24,60.716495513916016
2021-09-27,60.19668197631836
2021-09-28,56.56283187866211
2021-09-29,56.78904724121094
2021-09-30,54.729068756103516
2021-10-01,56.6783447265625
2021-10-04,54.46434783935547
2021-10-05,56.12003707885742
2021-10-06,56.851619720458984
2021-10-07,58.29552459716797
2021-10-08,57.95861053466797
2021-10-11,56.726470947265625
2021-10-12,56.331809997558594
2021-10-13,56.89011764526367
2021-10-14,59.758689880371094
2021-10-15,61.13521957397461
2021-10-18,61.707969665527344
2021-10-19,63.11338806152344
2021-10-20,63.820899963378906
2021-10-21,64.33588409423828
2021-10-22,64.1192855834961
2021-10-25,65.09151458740234
2021-10-26,65.34180450439453
2021-10-27,64.45140838623047
2021-10-28,66.28998565673828
2021-10-29,66.71353912353516
2021-11-01,67.07450866699219
2021-11-02,67.86384582519531
2021-11-03,69.12967681884766
2021-11-04,70.05857849121094
2021-11-05,70.81904602050781
2021-11-08,71.01638793945312
2021-11-09,70.28480529785156
2021-11-10,68.60504913330078
2021-11-11,68.68206787109375
2021-11-12,70.20777893066406
2021-11-15,70.2366714477539
2021-11-16,71.0789566040039
2021-11-17,70.53990936279297
2021-11-18,71.2474136352539
2021-11-19,70.90570068359375
2021-11-22,70.27518463134766
2021-11-23,70.60729217529297
2021-11-24,71.08377075195312
2021-11-26,66.4536361694336
2021-11-29,68.80719757080078
2021-11-30,64.9038314819336
2021-12-01,62.60801315307617
2021-12-02,65.43325805664062
2021-12-03,63.71019744873047
2021-12-06,65.98677062988281
2021-12-07,70.07302856445312
2021-12-08,70.68909454345703
2021-12-09,69.23074340820312
2021-12-10,71.22816467285156
2021-12-13,69.3270034790039
2021-12-14,67.87345886230469
2021-12-15,71.01155853271484
2021-12-16,69.11041259765625
2021-12-17,66.93974304199219
2021-12-20,64.79312896728516
2021-12-21,68.22482299804688
2021-12-22,70.26075744628906
2021-12-23,71.5468521118164
2021-12-27,74.56108093261719
2021-12-28,74.4262466430664
2021-12-29,74.69589233398438
2021-12-30,74.05548858642578
2021-12-31,73.45842742919922
2022-01-03,74.7440185546875
2022-01-04,74.68144226074219
2022-01-05,70.34307861328125
2022-01-06,70.1504898071289
2022-01-07,69.35597229003906
2022-01-10,69.04302215576172
2022-01-11,70.94013977050781
2022-01-12,71.56608581542969
2022-01-13,68.53743743896484
2022-01-14,68.59522247314453
2022-01-18,64.96466827392578
2022-01-19,62.95198440551758
2022-01-20,60.85261535644531
2022-01-21,57.270225524902344
2022-01-24,57.98284149169922
2022-01-25,55.82569122314453
2022-01-26,55.46938705444336
2022-01-27,54.6123046875
2022-01-28,58.63768768310547
2022-01-31,61.7867431640625
2022-02-01,63.14459991455078
2022-02-02,64.88762664794922
2022-02-03,60.32295608520508
2022-02-04,61.16077423095703
2022-02-07,60.534820556640625
2022-02-08,61.98896789550781
2022-02-09,64.71427917480469
2022-02-10,61.28596496582031
2022-02-11,57.63615417480469
2022-02-14,57.0679817199707
2022-02-15,59.7740364074707
2022-02-16,60.00516128540039
2022-02-17,56.20127868652344
2022-02-18,55.07455062866211
2022-02-22,53.32187271118164
2022-02-23,50.355804443359375
2022-02-24,52.695919036865234
2022-02-25,56.13385772705078
2022-02-28,55.70050811767578
2022-03-01,53.23520278930664
2022-03-02,56.12423324584961
2022-03-03,55.305686950683594
2022-03-04,53.967098236083984
2022-03-07,49.17131042480469
2022-03-08,48.00605773925781
2022-03-09,51.906246185302734
2022-03-10,51.16473388671875
2022-03-11,49.24834060668945
2022-03-14,48.150508880615234
2022-03-15,51.32844161987305
2022-03-16,54.67971420288086
2022-03-17,56.73093032836914
2022-03-18,58.59917068481445
2022-03-21,58.59917068481445
2022-03-22,60.60222625732422
2022-03-23,58.29454040527344
2022-03-24,60.8768424987793
2022-03-25,61.79220962524414
2022-03-28,63.10264587402344
2022-03-29,65.49222564697266
2022-03-30,64.28781127929688
2022-03-31,61.3104362487793
2022-04-01,61.74403381347656
2022-04-04,63.37242126464844
2022-04-05,61.02137756347656
2022-04-06,59.16173553466797
2022-04-07,60.02891540527344
2022-04-08,59.60495376586914
2022-04-11,56.49271011352539
2022-04-12,55.83749771118164
2022-04-13,57.74531555175781
2022-04-14,55.625511169433594
2022-04-18,55.6447868347168
2022-04-19,58.31380844116211
2022-04-20,58.17892074584961
2022-04-21,55.586971282958984
2022-04-22,51.05831527709961
2022-04-25,51.8773193359375
2022-04-26,47.39683151245117
2022-04-27,47.743709564208984
2022-04-28,51.356998443603516
2022-04-29,45.729896545410156
2022-05-02,46.52964401245117
2022-05-03,47.15594482421875
2022-05-04,51.43409729003906
2022-05-05,45.99969482421875
2022-05-06,45.16141128540039
2022-05-09,40.8254508972168
2022-05-10,41.04706573486328
2022-05-11,39.100704193115234
2022-05-12,38.96580505371094
2022-05-13,41.750450134277344
2022-05-16,41.2686882019043
2022-05-17,43.735355377197266
2022-05-18,38.52257537841797
2022-05-19,37.73246765136719
2022-05-20,37.799903869628906
2022-05-23,39.93899154663086
2022-05-24,39.023616790771484
2022-05-25,40.073883056640625
2022-05-26,42.42493438720703
2022-05-27,45.556453704833984
2022-05-31,44.7567253112793
2022-06-01,43.696807861328125
2022-06-02,46.134586334228516
2022-06-03,43.8895149230957
2022-06-06,44.24603271484375
2022-06-07,45.517921447753906
2022-06-08,44.062950134277344
2022-06-09,40.89289474487305
2022-06-10,37.318145751953125
2022-06-13,33.04962921142578
2022-06-14,32.722023010253906
2022-06-15,34.09989547729492
2022-06-16,30.83347511291504
2022-06-17,30.900922775268555
2022-06-21,33.24234390258789
2022-06-22,33.03999328613281
2022-06-23,34.0035400390625
2022-06-24,37.231414794921875
2022-06-27,36.86526870727539
2022-06-28,34.6009407043457
2022-06-29,34.475677490234375
2022-06-30,33.598846435546875
2022-07-01,34.63948059082031
2022-07-05,34.84182357788086
2022-07-06,35.207969665527344
2022-07-07,36.75928497314453
2022-07-08,36.69184112548828
2022-07-11,35.419960021972656
2022-07-12,34.475677490234375
2022-07-13,33.926456451416016
2022-07-14,33.656673431396484
2022-07-15,35.5933952331543
2022-07-18,34.69728469848633
2022-07-19,37.47229766845703
2022-07-20,38.17569351196289
2022-07-21,39.34158706665039
2022-07-22,38.29132843017578
2022-07-25,38.38767623901367
2022-07-26,37.00017547607422
2022-07-27,39.881168365478516
2022-07-28,41.37467956542969
2022-07-29,43.21503829956055
2022-08-01,42.78144836425781
2022-08-02,41.95280075073242
2022-08-03,43.86062240600586
2022-08-04,43.78353500366211
2022-08-05,43.53300857543945
2022-08-08,43.40774917602539
2022-08-09,42.84889221191406
2022-08-10,45.527549743652344
2022-08-11,45.53718566894531
2022-08-12,47.820796966552734
2022-08-15,48.4085578918457
2022-08-16,48.687984466552734
2022-08-17,47.637718200683594
2022-08-18,48.02313995361328
2022-08-19,46.10567855834961
2022-08-22,43.195777893066406
2022-08-23,42.86817169189453
2022-08-24,43.234317779541016
2022-08-25,45.074684143066406
2022-08-26,40.46894073486328
2022-08-29,39.67882537841797
2022-08-30,38.34913635253906
2022-08-31,37.45302963256836
2022-09-01,37.780635833740234
2022-09-02,36.595481872558594
2022-09-06,36.16188049316406
2022-09-07,38.09861755371094
2022-09-08,38.82126998901367
2022-09-09,40.62310028076172
2022-09-12,41.92388916015625
2022-09-13,36.479854583740234
2022-09-14,36.84599304199219
2022-09-15,35.60302734375
2022-09-16,34.78402328491211
2022-09-19,35.54521942138672
2022-09-20,34.36005401611328
2022-09-21,32.52931594848633
2022-09-22,31.691038131713867
2022-09-23,30.062639236450195
2022-09-26,29.17617416381836
2022-09-27,28.964195251464844
2022-09-28,30.621496200561523
2022-09-29,28.69440460205078
2022-09-30,27.374345779418945
2022-10-03,29.532686233520508
2022-10-04,32.2498893737793
2022-10-05,31.999366760253906
2022-10-06,31.006912231445312
2022-10-07,28.41497039794922
2022-10-10,27.788667678833008
2022-10-11,27.200904846191406
2022-10-12,26.950380325317383
2022-10-13,29.041278839111328
2022-10-14,27.05637550354004
2022-10-17,29.108728408813477
2022-10-18,29.975919723510742
2022-10-19,29.51341438293457
2022-10-20,28.732942581176758
2022-10-21,30.8045654296875
2022-10-24,31.92228126525879
2022-10-25,33.463951110839844
2022-10-26,32.722023010253906
2022-10-27,32.15353012084961
2022-10-28,34.408226013183594
2022-10-31,33.68556594848633
2022-11-01,33.24234390258789
2022-11-02,30.71784782409668
2022-11-03,29.715763092041016
2022-11-04,31.006912231445312
2022-11-07,31.90300941467285
2022-11-08,32.384788513183594
2022-11-09,30.361337661743164
2022-11-10,35.352516174316406
2022-11-11,36.40277099609375
2022-11-14,35.47776794433594
2022-11-15,36.373870849609375
2022-11-16,35.52593994140625
2022-11-17,35.14052963256836
2022-11-18,35.6126594543457
2022-11-21,35.207969665527344
2022-11-22,36.6243782043457
2022-11-23,37.269962310791016
2022-11-25,37.231414794921875
2022-11-28,35.47776794433594
2022-11-29,35.246517181396484
2022-11-30,38.53221130371094
2022-12-01,38.474395751953125
2022-12-02,38.31059265136719
2022-12-05,36.219696044921875
2022-12-06,34.66839599609375
2022-12-07,34.475677490234375
2022-12-08,35.26578140258789
2022-12-09,34.45640563964844
2022-12-12,35.94026565551758
2022-12-13,36.72074508666992
2022-12-14,36.046268463134766
2022-12-15,33.36760330200195
2022-12-16,32.15353012084961
2022-12-19,31.334516525268555
2022-12-20,31.430870056152344
2022-12-21,32.847286224365234
2022-12-22,31.43100357055664
2022-12-23,31.905031204223633
2022-12-27,31.547100067138672
2022-12-28,30.366859436035156
2022-12-29,31.914709091186523
2022-12-30,31.701875686645508
2023-01-03,31.285898208618164
2023-01-04,31.97275161743164
2023-01-05,30.869911193847656
2023-01-06,32.95950698852539
2023-01-09,32.920814514160156
2023-01-10,33.58831787109375
2023-01-11,34.83626937866211
2023-01-12,35.19420623779297
2023-01-13,35.590850830078125
2023-01-17,35.397369384765625
2023-01-18,33.7237548828125
2023-01-19,32.94015884399414
2023-01-20,34.729854583740234
2023-01-23,35.997154235839844
2023-01-24,35.871395111083984
2023-01-25,35.910099029541016
2023-01-26,37.02261734008789
2023-01-27,37.29348373413086
2023-01-30,35.900421142578125
2023-01-31,37.44826126098633
2023-02-01,38.60914993286133
2023-02-02,40.27309036254883
2023-02-03,38.986446380615234
2023-02-06,38.299591064453125
2023-02-07,39.76036834716797
2023-02-08,38.45437240600586
2023-02-09,37.419246673583984
2023-02-10,37.622406005859375
2023-02-13,38.938072204589844
2023-02-14,38.880027770996094
2023-02-15,39.23796844482422
2023-02-16,37.59337615966797
2023-02-17,37.283809661865234
2023-02-21,35.049095153808594
2023-02-22,34.89431381225586
2023-02-23,35.378013610839844
2023-02-24,34.236480712890625
2023-02-27,34.565399169921875
2023-02-28,34.17844009399414
2023-03-01,33.78179931640625
2023-03-02,34.517024993896484
2023-03-03,36.151939392089844
2023-03-06,36.25835037231445
2023-03-07,34.584747314453125
2023-03-08,34.73953628540039
2023-03-09,32.785369873046875
2023-03-10,31.363285064697266
2023-03-13,31.15045738220215
2023-03-14,32.737003326416016
2023-03-15,32.117862701416016
2023-03-16,33.75277328491211
2023-03-17,32.61124038696289
2023-03-20,33.50125503540039
2023-03-21,34.787899017333984
2023-03-22,33.04545593261719
2023-03-23,33.25876998901367
2023-03-24,33.90843200683594
2023-03-27,34.073272705078125
2023-03-28,33.850257873535156
2023-03-29,35.2950325012207
2023-03-30,35.89620590209961
2023-03-31,37.39915466308594
2023-04-03,37.78701400756836
2023-04-04,37.17613983154297
2023-04-05,36.836769104003906
2023-04-06,37.244014739990234
2023-04-10,37.35067367553711
2023-04-11,37.35067367553711
2023-04-12,36.92402648925781
2023-04-13,38.31061935424805
2023-04-14,38.0488166809082
2023-04-17,38.42697525024414
2023-04-18,38.504547119140625
2023-04-19,38.46575927734375
2023-04-20,37.78701400756836
2023-04-21,37.87427520751953
2023-04-24,37.99063491821289
2023-04-25,36.15800476074219
2023-04-26,35.69258117675781
2023-04-27,37.757911682128906
2023-04-28,38.7469482421875
2023-05-01,38.611209869384766
2023-05-02,37.311893463134766
2023-05-03,36.51677703857422
2023-05-04,35.71197509765625
2023-05-05,37.64156723022461
2023-05-08,37.690040588378906
2023-05-09,37.17613983154297
2023-05-10,37.68035125732422
2023-05-11,37.45732879638672
2023-05-12,37.311893463134766
2023-05-15,37.65126419067383
2023-05-16,36.89493942260742
2023-05-17,38.20396041870117
2023-05-18,39.30935287475586
2023-05-19,39.11542510986328
2023-05-22,39.11542510986328
2023-05-23,37.82579040527344
2023-05-24,36.982208251953125
2023-05-25,37.85488510131836
2023-05-26,39.348140716552734
2023-05-30,39.36752700805664
2023-05-31,38.688785552978516
2023-06-01,39.76508331298828
2023-06-02,41.491050720214844
2023-06-05,41.20985412597656
2023-06-06,41.481353759765625
2023-06-07,41.05471420288086
2023-06-08,41.76254653930664
2023-06-09,41.946781158447266
2023-06-12,43.08126449584961
2023-06-13,43.94424819946289
2023-06-14,44.060604095458984
2023-06-15,45.65082550048828
2023-06-16,45.204776763916016
2023-06-20,44.496944427490234
2023-06-21,43.77226638793945
2023-06-22,44.1905403137207
2023-06-23,43.198368072509766
2023-06-26,42.643917083740234
2023-06-27,43.99598693847656
2023-06-28,44.0640869140625
2023-06-29,44.54071807861328
2023-06-30,46.08733367919922
2023-07-03,46.29161071777344
2023-07-05,46.01924133300781
2023-07-06,44.910343170166016
2023-07-07,44.52126693725586
2023-07-10,44.85198211669922
2023-07-11,45.71770095825195
2023-07-12,46.758506774902344
2023-07-13,47.838226318359375
2023-07-14,47.721500396728516
2023-07-17,48.20785903930664
2023-07-18,49.287574768066406
2023-07-19,49.56966018676758
2023-07-20,48.56776809692383
2023-07-21,48.548309326171875
2023-07-24,49.18056869506836
2023-07-25,49.5599365234375
2023-07-26,49.54048156738281
2023-07-27,48.5385856628418
2023-07-28,49.92957305908203
2023-07-31,50.2116584777832
2023-08-01,49.73502731323242
2023-08-02,47.67286682128906
2023-08-03,47.20595932006836
2023-08-04,46.54450988769531
2023-08-07,47.721500396728516
2023-08-08,47.07950973510742
2023-08-09,46.1359748840332
2023-08-10,46.12623596191406
2023-08-11,46.038700103759766
2023-08-14,46.748783111572266
2023-08-15,45.17298126220703
2023-08-16,44.102989196777344
2023-08-17,43.07190704345703
2023-08-18,43.091365814208984
2023-08-21,43.94735336303711
2023-08-22,43.5680046081543
2023-08-23,44.958980560302734
2023-08-24,43.101097106933594
2023-08-25,43.98626708984375
2023-08-28,44.793617248535156
2023-08-29,46.709877014160156
2023-08-30,47.3032341003418
2023-08-31,47.01141357421875
2023-09-01,47.24486541748047
2023-09-05,46.651512145996094
2023-09-06,45.678794860839844
2023-09-07,45.21189498901367
2023-09-08,45.367523193359375
2023-09-11,46.27214813232422
2023-09-12,45.474517822265625
2023-09-13,45.64961242675781
2023-09-14,46.76824188232422
2023-09-15,45.05625534057617
2023-09-18,45.12434387207031
2023-09-19,44.842254638671875
2023-09-20,43.56254959106445
2023-09-21,41.39075469970703
2023-09-22,41.049888610839844
2023-09-25,41.58553695678711
2023-09-26,39.705909729003906
2023-09-27,39.77408218383789
2023-09-28,40.41685485839844
2023-09-29,40.0954704284668
2023-10-02,40.05651092529297
2023-10-03,38.42036437988281
2023-10-04,39.23843002319336
2023-10-05,39.14103698730469
2023-10-06,40.51424026489258
2023-10-09,41.26415252685547
2023-10-10,41.897186279296875
2023-10-11,42.432823181152344
2023-10-12,41.62449264526367
2023-10-13,40.991455078125
2023-10-16,42.257530212402344
2023-10-17,42.218563079833984
2023-10-18,40.543460845947266
2023-10-19,39.4332160949707
2023-10-20,37.92366409301758
2023-10-23,37.738624572753906
2023-10-24,38.5761833190918
2023-10-25,36.90107345581055
2023-10-26,35.5376091003418
2023-10-27,35.03118133544922
2023-10-30,36.27777099609375
2023-10-31,36.930294036865234
2023-11-01,38.10871124267578
2023-11-02,40.25129318237305
2023-11-03,41.33231735229492
2023-11-06,41.59526824951172
2023-11-07,41.94587326049805
2023-11-08,42.04326629638672
2023-11-09,41.001190185546875
2023-11-10,42.91004180908203
2023-11-13,42.77368927001953
2023-11-14,45.23765563964844
2023-11-15,45.52982711791992
2023-11-16,45.646697998046875
2023-11-17,45.821998596191406
2023-11-20,46.83485412597656
2023-11-21,46.484256744384766
2023-11-22,47.0198974609375
2023-11-24,47.05885314941406
2023-11-27,46.81538009643555
2023-11-28,46.92251205444336
2023-11-29,46.786163330078125
2023-11-30,47.31207275390625
2023-12-01,48.11066436767578
2023-12-04,47.38024139404297
2023-12-05,47.321807861328125
2023-12-06,46.727725982666016
2023-12-07,47.740577697753906
2023-12-08,48.35414123535156
2023-12-11,48.90926742553711
2023-12-12,49.5617790222168
2023-12-13,51.56801223754883
2023-12-14,52.02574157714844
2023-12-15,51.7920036315918
2023-12-18,52.61981964111328
2023-12-19,53.535282135009766
2023-12-20,51.23092269897461
2023-12-21,52.694942474365234
2023-12-22,52.98774719238281
2023-12-26,53.61239242553711
2023-12-27,53.90520095825195
2023-12-28,53.89543914794922
2023-12-29,53.42695617675781
2024-01-02,52.46070098876953
2024-01-03,51.19188690185547
2024-01-04,50.65507888793945
2024-01-05,50.85028076171875
2024-01-08,52.968223571777344
2024-01-09,52.70470428466797
2024-01-10,53.61239242553711
2024-01-11,53.47575378417969
2024-01-12,53.553836822509766
2024-01-16,52.95846176147461
2024-01-17,52.021488189697266
2024-01-18,53.36838912963867
2024-01-19,55.36921691894531
2024-01-22,55.681541442871094
2024-01-23,56.14026641845703
2024-01-24,56.29643630981445
2024-01-25,57.194358825683594
2024-01-26,56.96011734008789
2024-01-29,58.287498474121094
2024-01-30,58.10205078125
2024-01-31,55.2716178894043
2024-02-01,57.36028289794922
2024-02-02,59.136627197265625
2024-02-05,58.47294235229492
2024-02-06,58.95119094848633
2024-02-07,60.39568328857422
2024-02-08,60.46400451660156
2024-02-09,61.45954132080078
2024-02-12,61.34242248535156
2024-02-13,58.83406066894531
2024-02-14,60.38592529296875
2024-02-15,61.527862548828125
2024-02-16,60.58112716674805
2024-02-20,59.566078186035156
2024-02-21,59.70271301269531
2024-02-22,63.38229751586914
2024-02-23,63.460365295410156
2024-02-26,62.75764465332031
2024-02-27,63.069969177246094
2024-02-28,62.76739501953125
2024-02-29,63.38229751586914
2024-03-01,65.16839599609375
2024-03-04,64.91461944580078
2024-03-05,62.94308090209961
2024-03-06,63.919097900390625
2024-03-07,65.77352142333984
2024-03-08,64.55349731445312
2024-03-11,64.33876037597656
2024-03-12,66.3981704711914
2024-03-13,66.04682159423828
2024-03-14,65.58808135986328
2024-03-15,64.16309356689453
2024-03-18,65.31480407714844
2024-03-19,66.40792083740234
2024-03-20,68.20018768310547
2024-03-21,68.77708435058594
2024-03-22,68.45442199707031
2024-03-25,67.87752532958984
2024-03-26,67.31040954589844
2024-03-27,69.02153778076172
2024-03-28,68.98241424560547
2024-04-01,68.63042449951172
2024-04-02,67.24195861816406
2024-04-03,67.43753814697266
2024-04-04,64.86595916748047
2024-04-05,66.88020324707031
2024-04-08,66.93885803222656
2024-04-09,67.17351531982422
2024-04-10,65.19841003417969
2024-04-11,66.58686065673828
2024-04-12,63.75130844116211
2024-04-15,61.37528610229492
2024-04-16,60.98417282104492
2024-04-17,59.898834228515625
2024-04-18,59.429500579833984
2024-04-19,57.845497131347656
2024-04-22,59.40017318725586
2024-04-23,61.53173065185547
2024-04-24,61.48284912109375
2024-04-25,60.6517333984375
2024-04-26,62.40195083618164
2024-04-29,63.00818634033203
2024-04-30,60.035728454589844
2024-05-01,59.351280212402344
2024-05-02,60.98417282104492
2024-05-03,63.25262451171875
2024-05-06,65.20818328857422
2024-05-07,65.40373992919922
2024-05-08,65.37440490722656
2024-05-09,66.43041229248047
2024-05-10,66.71398162841797
2024-05-13,66.67487335205078
2024-05-14,67.57441711425781
2024-05-15,70.0481948852539
2024-05-16,69.5788803100586
2024-05-17,69.85264587402344
2024-05-20,70.05796813964844
2024-05-21,70.53709411621094
2024-05-22,69.89176177978516
2024-05-23,68.26863098144531
2024-05-24,69.62775421142578
2024-05-28,69.75485229492188
2024-05-29,68.24909210205078
2024-05-30,66.85086059570312
2024-05-31,68.61087036132812
2024-06-03,68.77708435058594
2024-06-04,68.95309448242188
2024-06-05,71.39752960205078
2024-06-06,71.36820983886719
2024-06-07,71.0259780883789
2024-06-10,71.67132568359375
2024-06-11,72.16021728515625
2024-06-12,73.92021942138672
2024-06-13,74.3797607421875
2024-06-14,74.3895492553711
2024-06-17,76.13977813720703
2024-06-18,76.69711303710938
2024-06-20,76.0224380493164
2024-06-21,75.48464965820312
2024-06-24,74.88821411132812
2024-06-25,75.71932983398438
2024-06-26,76.02625274658203
2024-06-27,76.31063842773438
2024-06-28,75.3496322631836
2024-07-01,75.7811050415039
2024-07-02,77.26182556152344
2024-07-03,78.23262023925781
2024-07-05,79.546630859375
2024-07-08,79.79178619384766
2024-07-09,79.98789978027344
2024-07-10,82.29231262207031
2024-07-11,80.1742172241211
2024-07-12,81.60589599609375
2024-07-15,82.272705078125
2024-07-16,83.71420288085938
2024-07-17,80.1447982788086
2024-07-18,78.24241638183594
2024-07-19,76.59500885009766
2024-07-22,78.9778823852539
2024-07-23,78.56603240966797
2024-07-24,73.19231414794922
2024-07-25,71.99596405029297
2024-07-26,74.3690414428711
2024-07-29,74.43769073486328
2024-07-30,73.29037475585938
2024-07-31,76.71268463134766
2024-08-01,73.55513763427734
2024-08-02,69.39736938476562
2024-08-05,63.27840042114258
2024-08-06,65.01407623291016
2024-08-07,63.651039123535156
2024-08-08,68.04414367675781
2024-08-09,68.87765502929688
2024-08-12,68.95610046386719
2024-08-13,72.33918762207031
2024-08-14,73.0354232788086
2024-08-15,76.74209594726562
2024-08-16,77.1441421508789
2024-08-19,79.36031341552734
2024-08-20,78.92884063720703
2024-08-21,79.78197479248047
2024-08-22,77.84037780761719
2024-08-23,80.22323608398438
2024-08-26,79.59565734863281
2024-08-27,79.92906188964844
2024-08-28,78.5169906616211
2024-08-29,78.47777557373047
2024-08-30,80.60567474365234
2024-09-03,75.6438217163086
2024-09-04,75.08487701416016
2024-09-05,74.53573608398438
2024-09-06,70.72119140625
2024-09-09,73.0354232788086
2024-09-10,73.96699523925781
2024-09-11,76.19296264648438
2024-09-12,78.11495208740234
2024-09-13,79.26225280761719
2024-09-16,79.63488006591797
2024-09-17,79.70352172851562
2024-09-18,78.93865966796875
2024-09-19,82.94932556152344
2024-09-20,82.390380859375
2024-09-23,83.02777099609375
2024-09-24,83.73380279541016
2024-09-25,83.124267578125
2024-09-26,84.12705993652344
2024-09-27,83.65515899658203
2024-09-30,84.7365951538086
2024-10-01,82.38691711425781
2024-10-02,82.396728515625
2024-10-03,81.93465423583984
2024-10-04,84.07789611816406
2024-10-07,81.81668853759766
2024-10-08,84.08773040771484
2024-10-09,85.79839324951172
2024-10-10,85.32649993896484
2024-10-11,86.73237609863281
2024-10-14,88.86579132080078
2024-10-15,86.80119323730469
2024-10-16,87.86298370361328
2024-10-17,87.88264465332031
2024-10-18,88.7871322631836
2024-10-21,88.3643798828125
2024-10-22,88.1775894165039
2024-10-23,85.70008850097656
2024-10-24,86.23097229003906
2024-10-25,86.0638427734375
2024-10-28,86.84053039550781
2024-10-29,87.21411895751953
2024-10-30,86.41777801513672
2024-10-31,81.26612854003906
2024-11-01,82.24927520751953
2024-11-04,81.68887329101562
2024-11-05,84.63829040527344
2024-11-06,90.9402084350586
2024-11-07,92.9851303100586
2024-11-08,94.16488647460938
2024-11-11,94.36152648925781
2024-11-12,93.44721221923828
2024-11-13,93.56517791748047
2024-11-14,91.72671508789062
2024-11-15,88.10875701904297
2024-11-18,89.18038940429688
2024-11-19,90.1536865234375
2024-11-20,90.20285034179688
2024-11-21,91.5988998413086
2024-11-22,92.35591888427734
2024-11-25,93.26040649414062
2024-11-26,94.75476837158203
2024-11-27,93.78146362304688
2024-11-29,95.41348266601562
2024-12-02,95.97386932373047
2024-12-03,96.02303314208984
2024-12-04,97.76317596435547
2024-12-05,97.29127502441406
2024-12-06,97.8025131225586
2024-12-09,96.20983123779297
2024-12-10,95.30534362792969
2024-12-11,97.50756072998047
2024-12-12,95.9542007446289
2024-12-13,95.81656646728516
2024-12-16,96.96682739257812
2024-12-17,95.72808074951172
2024-12-18,87.24360656738281
2024-12-19,87.04698181152344
2024-12-20,89.9374008178711
2024-12-23,91.69721221923828
2024-12-24,94.62528991699219
2024-12-26,94.61543273925781
2024-12-27,91.59861755371094
2024-12-30,88.39449310302734
2024-12-31,87.38888549804688
2025-01-02,86.65933990478516
2025-01-03,89.8338851928711
2025-01-06,91.39158630371094
2025-01-07,88.33533477783203
2025-01-08,88.57194519042969
2025-01-10,84.49037170410156
2025-01-13,84.89460754394531
2025-01-14,85.14106750488281
2025-01-15,89.78459930419922
2025-01-16,89.27192687988281
2025-01-17,91.78592681884766
2025-01-21,94.181640625
2025-01-22,95.808349609375
2025-01-23,97.37590026855469
2025-01-24,96.45903778076172
2025-01-27,92.34789276123047
2025-01-28,94.65486907958984
2025-01-29,93.35350036621094
2025-01-30,94.84217834472656
2025-01-31,93.23518371582031
2025-02-03,91.3028564453125
2025-02-04,93.1464614868164
2025-02-05,94.23092651367188
2025-02-06,95.20696258544922
2025-02-07,92.51548767089844
2025-02-10,94.29994201660156
2025-02-11,94.49711608886719
2025-02-12,93.61968994140625
2025-02-13,96.53789520263672
2025-02-14,96.4294662475586
2025-02-18,97.16886901855469
2025-02-19,97.88856506347656
2025-02-20,96.63648986816406
2025-02-21,91.6380386352539
2025-02-24,90.31696319580078
2025-02-25,88.88744354248047
2025-02-26,88.98602294921875
2025-02-27,84.73685455322266
2025-02-28,88.5818099975586
2025-03-03,84.0467300415039
2025-03-04,80.94120025634766
2025-03-05,83.47492218017578
2025-03-06,79.07786560058594
2025-03-07,80.2412109375
2025-03-10,73.90196228027344
2025-03-11,72.04851531982422
2025-03-12,73.10340881347656
2025-03-13,70.18519592285156
2025-03-14,74.41464233398438
2025-03-17,76.09064483642578
2025-03-18,73.67523193359375
2025-03-19,75.97232818603516
2025-03-20,75.42023468017578
2025-03-21,75.42023468017578
2025-03-24,79.3342056274414
2025-03-25,79.85672760009766
2025-03-26,77.08784484863281
2025-03-27,76.3664779663086
2025-03-28,71.78132629394531
2025-03-31,73.02643585205078
2025-04-01,73.73793029785156
2025-04-02,75.13125610351562
2025-04-03,64.360107421875
2025-04-04,53.18379592895508
2025-04-07,52.42290115356445
2025-04-08,50.05126953125
2025-04-09,64.04388427734375
2025-04-10,57.34402847290039
2025-04-11,60.35797882080078
2025-04-14,62.03787612915039
2025-04-15,61.553672790527344
2025-04-16,57.43296813964844
2025-04-17,57.59107208251953
2025-04-21,53.50001525878906
2025-04-22,57.512020111083984
2025-04-23,60.26904296875
2025-04-24,64.00435638427734
2025-04-25,65.35816955566406
2025-04-28,65.49650573730469
2025-04-29,66.603271484375
2025-04-30,66.67243957519531
2025-05-01,68.10530853271484
2025-05-02,71.0599594116211
2025-05-05,69.89391326904297
2025-05-06,68.11518096923828
2025-05-07,68.97489929199219
2025-05-08,70.3188247680664
2025-05-09,70.00259399414062
2025-05-12,76.87045288085938
2025-05-13,78.43177032470703
2025-05-14,78.69857788085938
2025-05-15,79.8250961303711
2025-05-16,81.31724548339844
2025-05-19,81.57418060302734
2025-05-20,80.68482971191406
2025-05-21,76.6431655883789
2025-05-22,76.62340545654297
2025-05-23,75.02254486083984
2025-05-27,79.60769653320312
2025-05-28,78.234130859375
2025-05-29,79.11361694335938
2025-05-30,78.83692169189453
2025-06-02,80.08202362060547
2025-06-03,81.50501251220703
2025-06-04,81.37654113769531
2025-06-05,80.15119934082031
2025-06-06,82.54258728027344
2025-06-09,82.740234375
2025-06-10,84.17308807373047
2025-06-11,83.44184112548828
2025-06-12,84.39049530029297
2025-06-13,81.44571685791016
2025-06-16,83.79757690429688
2025-06-17,81.60382080078125
2025-06-18,81.5445327758789
2025-06-20,80.83305358886719
2025-06-23,83.23432922363281
2025-06-24,85.98146057128906
2025-06-25,86.14889526367188
2025-06-26,88.10074615478516
2025-06-27,89.28970336914062
2025-06-30,90.5975341796875
2025-07-01,90.41919708251953
2025-07-02,91.6180419921875
2025-07-03,93.7284164428711
2025-07-07,91.6279525756836
2025-07-08,91.40007019042969
2025-07-09,93.01505279541016
2025-07-10,93.78787231445312
2025-07-11,92.68810272216797
2025-07-14,93.19338989257812
2025-07-15,91.98463439941406
2025-07-16,92.86643981933594
2025-07-17,94.58049774169922
2025-07-18,94.29316711425781
2025-07-21,94.79846954345703
2025-07-22,94.78855895996094
2025-07-23,97.17636108398438
2025-07-24,97.30516052246094
2025-07-25,98.36530303955078
2025-07-28,98.30585479736328
2025-07-29,97.52313232421875
2025-07-30,97.13672637939453
2025-07-31,95.94778442382812
2025-08-01,91.17219543457031
2025-08-04,95.25423431396484
2025-08-05,93.85722351074219
2025-08-06,95.88833618164062
2025-08-07,95.70999908447266
2025-08-08,97.84017944335938
2025-08-11,97.16644287109375
2025-08-12,100.27751159667969
2025-08-13,101.3178482055664
2025-08-14,101.30793762207031
2025-08-15,100.53512573242188
2025-08-18,100.39642333984375
2025-08-19,98.70217895507812
2025-08-20,97.87982177734375
2025-08-21,96.74041748046875
2025-08-22,101.04043579101562
2025-08-25,99.74250030517578
2025-08-26,100.94134521484375
2025-08-27,101.57544708251953
2025-08-28,102.64549255371094
2025-08-29,100.69364929199219
2025-09-02,98.4643783569336
2025-09-03,99.94066619873047
2025-09-04,102.42752838134766
2025-09-05,101.4367446899414
2025-09-08,102.19964599609375
2025-09-09,102.90310668945312
2025-09-10,103.77499389648438
2025-09-11,106.29159545898438
2025-09-12,106.09344482421875
2025-09-15,107.72824096679688
2025-09-16,107.25265502929688
2025-09-17,106.86624908447266
2025-09-18,108.342529296875
2025-09-19,109.78907775878906
2025-09-22,111.3545150756836
2025-09-23,109.58100891113281
2025-09-24,108.44532775878906
2025-09-25,106.89668273925781
2025-09-26,108.62403106689453
2025-09-29,109.51747131347656
2025-09-30,110.67896270751953
2025-10-01,111.88015747070312
2025-10-02,112.18791198730469
2025-10-03,112.05885314941406
2025-10-06,113.27989959716797
2025-10-07,112.00921630859375
2025-10-08,113.94503021240234
2025-10-09,112.96223449707031
2025-10-10,103.72988891601562
2025-10-13,108.44532775878906
2025-10-14,107.96883392333984
2025-10-15,109.34871673583984
2025-10-16,107.14486694335938
2025-10-17,108.84242248535156
2025-10-20,112.22762298583984
2025-10-21,112.19783020019531
2025-10-22,110.42086791992188
2025-10-23,112.2772445678711
2025-10-24,114.91790008544922
2025-10-27,119.02778625488281
2025-10-28,119.90138244628906
2025-10-29,120.03044128417969
2025-10-30,116.17866516113281
2025-10-31,117.08204650878906
2025-11-03,117.81666564941406
2025-11-04,113.62736511230469
2025-11-05,114.62007904052734
2025-11-06,110.9469985961914
2025-11-07,111.23489379882812
2025-11-10,116.26801300048828
2025-11-11,117.07211303710938
2025-11-12,117.27066040039062
2025-11-13,111.43343353271484
2025-11-14,111.26467895507812
2025-11-17,108.11773681640625
2025-11-18,105.41752624511719
2025-11-19,106.53929901123047
2025-11-20,101.63523864746094
2025-11-21,104.6134033203125
2025-11-24,109.2097396850586
2025-11-25,112.19783020019531
2025-11-26,114.4811019897461
2025-11-28,116.2779312133789
2025-12-01,114.64985656738281
2025-12-02,115.22565460205078
2025-12-03,116.35736083984375
2025-12-04,116.66510009765625
2025-12-05,117.17138671875
2025-12-08,116.0992431640625
2025-12-09,115.76171875
2025-12-10,117.98542785644531
2025-12-11,118.69025421142578
2025-12-12,114.8781967163086
2025-12-15,114.34211730957031
2025-12-16,113.36924743652344
2025-12-17,109.58696746826172
2025-12-18,112.03900146484375
2025-12-19,114.96753692626953
2025-12-22,117.0423355102539
2025-12-23,118.64063262939453
2025-12-24,119.78550720214844
2025-12-26,119.69591522216797
2025-12-29,118.39173126220703
2025-12-30,117.91386413574219
2025-12-31,115.24576568603516
2026-01-02,115.81324005126953
2026-01-05,118.06319427490234
2026-01-06,120.11405181884766
2026-01-07,118.97911834716797
2026-01-08,118.82977294921875
2026-01-09,121.10960388183594
2026-01-12,121.68702697753906
2026-01-13,120.89057922363281
2026-01-14,119.13839721679688
2026-01-15,120.0045394897461
2026-01-16,119.59635162353516
2026-01-20,112.27900695800781
2026-01-21,116.07207489013672
2026-01-22,117.8740463256836
2026-01-23,117.89395141601562
2026-01-26,119.69591522216797
2026-01-27,121.12950897216797
2026-01-28,121.05982971191406
2026-01-29,120.20364379882812
2026-01-30,119.07866668701172
2026-02-02,120.89057922363281
2026-02-03,117.72470092773438
2026-02-04,115.97252655029297
2026-02-05,111.53233337402344
2026-02-06,117.95368957519531
2026-02-09,119.60630798339844
2026-02-10,118.62071228027344
2026-02-11,118.47137451171875
2026-02-12,112.98584747314453
2026-02-13,113.00576782226562
2026-02-17,113.55331420898438
2026-02-18,115.2557144165039
2026-02-19,114.37963104248047
2026-02-20,116.71919250488281
2026-02-23,113.15509796142578
2026-02-24,115.55439758300781
2026-02-25,118.42159271240234
2026-02-26,116.4603500366211
2026-02-27,114.79776763916016
2026-03-02,114.80772399902344
2026-03-03,111.74140167236328
2026-03-04,114.10087585449219
2026-03-05,112.19935607910156
2026-03-06,107.67952728271484
2026-03-09,110.47705078125
2026-03-10,109.81997680664062
2026-03-11,109.45162200927734
2026-03-12,104.42405700683594
2026-03-13,102.55240631103516
2026-03-16,105.6286849975586
2026-03-17,106.44503021240234
2026-03-18,102.01480865478516
2026-03-19,101.17853546142578
2026-03-20,96.65869903564453
2026-03-23,99.76484680175781
2026-03-24,98.72946166992188
2026-03-25,100.29798889160156
2026-03-26,94.96978759765625
2026-03-27,90.0107650756836
2026-03-30,89.0927963256836
2026-03-31,96.76581573486328
2026-04-01,98.95097351074219
2026-04-02,99.16050720214844
2026-04-06,100.51750183105469
2026-04-07,100.62726593017578
2026-04-08,108.220458984375
2026-04-09,110.11626434326172
2026-04-10,109.76703643798828
2026-04-13,112.97992706298828
2026-04-14,117.08084106445312
2026-04-15,119.79483795166016
2026-04-16,120.6928482055664
2026-04-17,124.95342254638672
2026-04-20,124.21504974365234
2026-04-21,121.80039978027344
2026-04-22,125.41240692138672
2026-04-23,123.88578796386719
2026-04-24,126.70952606201172
2026-04-27,127.3082046508789
2026-04-28,125.41240692138672
2026-04-29,125.34255981445312
2026-04-30,128.89468383789062
2026-05-01,130.01222229003906
2026-05-04,128.5654296875
2026-05-05,131.55880737304688
2026-05-06,136.99676513671875
2026-05-07,135.71958923339844
2026-05-08,138.9125213623047
2026-05-11,139.7805938720703
2026-05-12,139.22183227539062
2026-05-13,141.51675415039062
2026-05-14,144.779541015625
2026-05-15,139.42138671875
2026-05-18,139.05221557617188
2026-05-19,136.3382110595703
2026-05-20,140.5189666748047
2026-05-21,141.26730346679688
2026-05-22,142.7639923095703
2026-05-26,145.53785705566406
2026-05-27,145.5178985595703
2026-05-28,147.8627166748047
2026-05-29,148.8505096435547
2026-06-01,149.95806884765625
2026-06-02,150.5367889404297
2026-06-03,147.3937530517578
2026-06-04,149.0001983642578
2026-06-05,137.22625732421875
2026-06-08,138.2639617919922
2026-06-09,136.92691040039062
2026-06-10,130.4013671875
2026-06-11,136.9867706298828
2026-06-12,139.1020965576172
2026-06-15,146.41592407226562
2026-06-16,143.8216552734375
2026-06-17,138.43357849121094
2026-06-18,142.4945831298828
2026-06-22,141.107666015625
2026-06-23,135.0810089111328
2026-06-24,134.6999969482422
2026-06-25,134.72999572753906
2026-06-26,132.0800018310547
2026-06-29,138.75999450683594
2026-06-30,141.7899932861328
2026-07-01,141.38999938964844
2026-07-02,140.77000427246094
2026-07-06,144.41000366210938
2026-07-07,142.2100067138672
2026-07-08,140.8300018310547
2026-07-09,144.38999938964844
2026-07-10,146.16000366210938
2026-07-13,142.72999572753906
2026-07-14,144.27999877929688
2026-07-15,145.8699951171875
2026-07-16,143.61000061035156
2026-07-17,139.0500030517578
2026-07-20,138.47000122070312
2026-07-21,141.88999938964844
2026-07-22,141.27000427246094
2026-07-23,136.1300048828125
2026-07-24,136.27000427246094
2026-07-27,136.36000061035156
2026-07-28,137.3000030517578
2026-07-29,131.00999450683594
2026-07-30,137.57000732421875
2026-07-31,140.27999877929688
2026-08-03,144.94500732421875
